text_it	text_en	hash	text_it_length	text_en_length
John è il figlio di Tom.	John is Tom's son.	adfb9b2d-0d0c-5776-ab69-903c05a399ed	24	18
Il figlio di Tom è John.	Tom's son is John.	a8a8a7e6-91fc-57ef-8d83-afc28b475f1c	24	18
Il figlio di Tom si chiama John.	Tom's son is called John.	0bc87f09-bf64-5dd4-b858-ffd33c9cc25a	32	25
Tom canta piuttosto bene.	Tom sings quite well.	549bf84f-ad96-5da3-a768-536a75549e16	25	21
Non indovinerai mai dove sono.	You'll never guess where I am.	a38edf02-7639-5c04-9822-068b84ba2acb	30	30
Tu non indovinerai mai dove sono.	You'll never guess where I am.	6d251b09-8dd0-56d5-a3a2-c6e45fc46a28	33	30
Non indovinerà mai dove sono.	You'll never guess where I am.	09fa61bb-a022-5ef7-b0f7-b29514b0cf46	29	30
Lei non indovinerà mai dove sono.	You'll never guess where I am.	e0cee835-a4aa-5c4a-a82b-e4c7b8d75ede	33	30
Non indovinerete mai dove sono.	You'll never guess where I am.	98b6fe7b-376a-59e6-a498-365c8f0c11fd	31	30
Voi non indovinerete mai dove sono.	You'll never guess where I am.	411dc972-54ed-5295-80e1-65610c51870f	35	30
Perché non lo spieghi?	Why don't you explain that?	81199816-c3d9-5b8e-801c-d375f51b1d29	22	27
Perché non lo spiega?	Why don't you explain that?	9a1c48ee-c778-5450-af57-3115679c26e6	21	27
Perché non lo spiegate?	Why don't you explain that?	af1d2e8d-4765-5530-9864-2e1ca6aaade7	23	27
Aiutami e basta.	Just help me.	a9ad170b-9be2-5279-a0fa-a40d5a6885ce	16	13
Aiutatemi e basta.	Just help me.	5bd30948-e8f0-5397-bb13-6883357b6782	18	13
Mi aiuti e basta.	Just help me.	3d677514-bf56-5f4b-8d08-c76f8fd046d0	17	13
Dammi una mano e basta.	Just give me a hand.	832dc19f-8d85-50c1-9773-88c37ee338f2	23	20
Mi dia una mano e basta.	Just give me a hand.	6246bfb5-36e6-5831-b914-91d5afa27dba	24	20
Datemi una mano e basta.	Just give me a hand.	0f2cff93-5158-583b-a894-24c870ff9e67	24	20
Era solo quello che voleva Tom.	It was just what Tom wanted.	62c0471d-6adc-521a-884c-7ec08180ef34	31	28
Era solo ciò che voleva Tom.	It was just what Tom wanted.	930eed31-0a81-52cd-99e2-6185d2a49265	28	28
Devi esserti sbagliato.	You must be mistaken.	bcb04aef-c575-5b88-933a-09eddf7e65e4	23	21
Devi esserti sbagliata.	You must be mistaken.	6c610c27-1002-5c19-b30a-3f3f013f675a	23	21
Deve essersi sbagliato.	You must be mistaken.	b5e90e81-bef0-5634-a74f-6cf7cb715847	23	21
Deve essersi sbagliata.	You must be mistaken.	045bae49-ae78-5d0d-b116-3e2d391d3786	23	21
Dovete esservi sbagliati.	You must be mistaken.	f7d03a55-7c35-5b48-a78c-91a20d3bc4ee	25	21
Dovete esservi sbagliate.	You must be mistaken.	38f6fb38-03d2-5514-b41e-78f7adee5c5e	25	21
Ti devi essere sbagliato.	You must be mistaken.	7da76874-c5cc-5373-a298-503692273c75	25	21
Ti devi essere sbagliata.	You must be mistaken.	a89db919-4667-5d92-820d-4dfb65df87d9	25	21
Si deve essere sbagliato.	You must be mistaken.	dcc843c8-9fca-5874-bebc-e5440c70bd8b	25	21
Si deve essere sbagliata.	You must be mistaken.	25e78a89-e05d-585a-8869-92e28d440b29	25	21
Vi dovete essere sbagliati.	You must be mistaken.	ac4fcdfd-75fa-5252-b0c8-7d50b2d2a643	27	21
Vi dovete essere sbagliate.	You must be mistaken.	59b98dd0-cf3d-5c4a-8b38-adac50d404f3	27	21
Aiutiamoli a risolvere i loro problemi.	Let's help them solve their problems.	e4948c67-406f-572e-b522-178284eb1921	39	37
Aiutiamole a risolvere i loro problemi.	Let's help them solve their problems.	f2348e59-838d-57c6-951e-544fe689b8ec	39	37
Vediamo se possiamo aiutarti.	Let's see if we can help you.	c116bcf0-a281-5475-b89c-58120b59c0c3	29	29
Vediamo se possiamo aiutarvi.	Let's see if we can help you.	725358e0-16ef-5961-9baf-fd43f14671ef	29	29
Vediamo se possiamo aiutarla.	Let's see if we can help you.	7c44a0d2-5860-5ab2-9899-458f6e477d0e	29	29
Andiamo a vedere se Tom può aiutarci.	Let's go see if Tom can help us.	43006392-6aa7-50f5-a98c-b42fd91cc6b4	37	32
Andiamo a vedere se Tom ci può aiutare.	Let's go see if Tom can help us.	2dac1432-8058-5b04-a7d9-fdcbe7d5aaa7	39	32
Vediamo cosa possiamo fare per aiutare.	Let's see what we can do to help.	86e1cc64-052b-5298-b757-a260590795a4	39	33
Scopriamo cosa possiamo fare per aiutare.	Let's find out what we can do to help.	7011b80f-5f5c-587c-b228-921de060ebd1	41	38
Cerchiamo di trovare un modo per aiutare Tom.	Let's try to find a way to help Tom.	3af99206-32dc-59d1-a858-a60be396d01b	45	36
Proviamo a trovare un modo per aiutare Tom.	Let's try to find a way to help Tom.	23090977-43c0-55e9-b795-4df137dc4543	43	36
Vediamo se possiamo farcela senza alcun aiuto.	Let's see if we can do it without any help.	a2aec075-4a50-5557-bbe8-f75b6312bae8	46	43
Vediamo se riusciamo a farcela senza alcun aiuto.	Let's see if we can do it without any help.	165ba261-7c52-59ef-b974-bb5525da0d51	49	43
Non posso continuare a mentirgli.	I can't keep lying to him.	e0d9533d-0f6a-5d09-866b-3e5a3f22f16a	33	26
Io non posso continuare a mentirgli.	I can't keep lying to him.	e699e698-b31b-5ed9-a91d-e7400f1fa5c0	36	26
Non posso continuare a mentirle.	I can't keep lying to her.	b4b87f03-b08e-5c21-8451-1e0177ed7f55	32	26
Io non posso continuare a mentirle.	I can't keep lying to her.	4db7068d-7ba0-53fb-a6d9-c5a065eb2863	35	26
Tom è uno stupido.	Tom is a doofus.	9a409d74-ed77-530e-ac15-ff7bed762857	18	16
Tom è una persona stupida.	Tom is a doofus.	a4eebe3f-8cf7-53f2-889f-4f70d6c1bf96	26	16
Tom è uno sciocco.	Tom is a doofus.	9228132b-02df-5930-8768-0c4f5067efbd	18	16
Tom è una persona sciocca.	Tom is a doofus.	f22cea73-7da4-56ef-8b80-7d8201b309ab	26	16
Tom è all'assemblea generale.	Tom is at the general assembly.	07911948-4715-5508-b8b7-c8690d1dc795	29	31
Il male è facile, e ha infinite forme.	Evil is easy, and has infinite forms.	789ad28c-ac20-5085-9de6-8285f1d57721	38	37
Sono molto smemorato.	I'm very forgetful.	5985ca28-6843-5240-b097-b06155134b5e	21	19
Io sono molto smemorato.	I'm very forgetful.	ec76b067-1b54-5b04-879d-6ca9c1fcc36c	24	19
Sono molto smemorata.	I'm very forgetful.	dc7d625e-96ef-5037-8dea-66d4bd2da42b	21	19
Io sono molto smemorata.	I'm very forgetful.	e6a21bc3-4246-5f8e-8304-3048b0e57af1	24	19
Sono molto distratto.	I'm very forgetful.	49a2c70c-d75b-5047-88d7-7d3f929373d1	21	19
Io sono molto distratto.	I'm very forgetful.	f2c6f608-fd31-5f14-91c0-60128f47989f	24	19
Sono molto distratta.	I'm very forgetful.	4c27e7a7-99a6-552c-a3fe-78fc5c9b45b8	21	19
Io sono molto distratta.	I'm very forgetful.	e4323eb6-e208-53e7-a147-f15a83641d04	24	19
Mary è imbranata.	Mary is a klutz.	19e6d289-5cdf-5268-99bb-cfbca9375c47	17	16
Che imbranato!	What a klutz!	905d5c1f-9643-5bdd-8e62-c893732c8cf2	14	13
Che imbranata!	What a klutz!	48eb69b7-a54a-5a10-bb88-abe6418023f3	14	13
Ahia! Questo caffè è caldo!	Ow! This coffee is hot!	6a943e4e-e732-5099-b120-c016d16c3283	27	23
Mary è alta come Tom.	Mary is as tall as Tom is.	9d96bb1f-5b01-5555-825c-9f910222d2b8	21	26
Sono imbranato.	I'm a klutz.	8ab21cd1-372b-515e-8430-b64202620c94	15	12
Io sono imbranato.	I'm a klutz.	fa2590fb-1af8-52d0-957f-18726c149f93	18	12
Sono imbranata.	I'm a klutz.	4f089ed8-f544-5e96-8590-2c31daa009ee	15	12
Io sono imbranata.	I'm a klutz.	74e5eabe-9d60-517c-9ba3-a02aab7b275c	18	12
Tom è alto come Mary.	Tom is as tall as Mary.	e6d75ecc-e8bf-5209-a8c2-eecbfa86c4a9	21	23
Tom è alto il doppio di Mary.	Tom is twice as tall as Mary.	7993b449-f65d-5f7c-97a8-25981cbbb828	29	29
Il flusso non è così forte.	The flow is not that strong.	b748b86d-c1f7-5a65-aeef-60ea1e390ccb	27	28
Aveva un fiore in mano.	She had a flower in her hand.	f75a55a8-0726-54d5-a9d5-b45407d9a1c0	23	29
Lei aveva un fiore in mano.	She had a flower in her hand.	9b40015b-dcfa-5547-a816-e97d7fbf6638	27	29
Teneva in mano un fiore.	She held a flower in her hand.	5ccea71f-7b11-5ec2-ae60-429205883fd2	24	30
Lei teneva in mano un fiore.	She held a flower in her hand.	56208159-6319-5677-8596-ede4b75809da	28	30
L'hai mai vista mangiare?	Have you ever seen her eat?	7d8b5062-7418-5fb5-8b1f-2719c158fdf8	25	27
Tu l'hai mai vista mangiare?	Have you ever seen her eat?	1104ee9f-20b2-5da1-bcb4-d7792517349f	28	27
L'ha mai vista mangiare?	Have you ever seen her eat?	de500186-b175-563d-861c-9d1adebad992	24	27
Lei l'ha mai vista mangiare?	Have you ever seen her eat?	7c847fb8-e122-534d-942b-b6833129e510	28	27
L'avete mai vista mangiare?	Have you ever seen her eat?	71cb6887-faaa-54b8-9cda-807ad12d5aac	27	27
Voi l'avete mai vista mangiare?	Have you ever seen her eat?	d869dad8-3678-5b99-b71b-fb35287d4673	31	27
Sono così imbranato.	I'm such a klutz.	d6c1397d-b5f2-5edf-9985-f1fb74f62285	20	17
Io sono così imbranato.	I'm such a klutz.	c10f44fc-fffc-5b7d-9882-8f8a66714806	23	17
Sono così imbranata.	I'm such a klutz.	b4ebdcf4-694f-5bc6-896f-af1530498af8	20	17
Io sono così imbranata.	I'm such a klutz.	484dcd83-2d5a-5b67-8e67-346cdc343973	23	17
Hai mai visto Tom mangiare?	Have you ever seen Tom eat?	1f3e0773-965b-56fa-8638-416dddac7efc	27	27
Tu hai mai visto Tom mangiare?	Have you ever seen Tom eat?	2302a728-9ad9-589d-8f10-3b8d40475104	30	27
Ha mai visto Tom mangiare?	Have you ever seen Tom eat?	876a2d10-1538-5cee-9962-eabc407d730e	26	27
Lei ha mai visto Tom mangiare?	Have you ever seen Tom eat?	3e91f636-fa1e-5d63-9164-562bd8ef9ad8	30	27
Avete mai visto Tom mangiare?	Have you ever seen Tom eat?	610b126d-6ce0-5fde-90c3-7046d9910487	29	27
Voi avete mai visto Tom mangiare?	Have you ever seen Tom eat?	5f622e5a-d2d2-5bc8-a969-2713fd6d316b	33	27
Li hai mai visti mangiare?	Have you ever seen them eat?	83308b0b-d1c6-538b-adc9-fd4e6ba7e6b8	26	28
Tu li hai mai visti mangiare?	Have you ever seen them eat?	aa83877c-3658-57fc-bf0e-a7898c874a0a	29	28
Le hai mai viste mangiare?	Have you ever seen them eat?	9bc18153-c97e-5b48-9e33-109e234e4fa0	26	28
Tu le hai mai viste mangiare?	Have you ever seen them eat?	afcb435a-73a5-5232-975f-7b360e92e7a8	29	28
Le ha mai viste mangiare?	Have you ever seen them eat?	e935ea61-5b53-54f5-a980-76d21cc78096	25	28
Lei le ha mai viste mangiare?	Have you ever seen them eat?	a6aa907a-dcf8-537c-951d-a840acdb2dac	29	28
Li ha mai visti mangiare?	Have you ever seen them eat?	7cb6b417-d92e-56ff-b6fd-77a2c1fe24d4	25	28
Lei li ha mai visti mangiare?	Have you ever seen them eat?	b48078b3-640d-5f0d-b5f5-2adb8af3a20a	29	28
Li avete mai visti mangiare?	Have you ever seen them eat?	fa238c7f-3516-5532-be92-76f4887d8c8a	28	28
Voi li avete mai visti mangiare?	Have you ever seen them eat?	15877f29-aaf0-529c-8c51-7ef14f837f83	32	28
Le avete mai viste mangiare?	Have you ever seen them eat?	c59c8417-c230-532c-a742-87014ccfb489	28	28
Voi le avete mai viste mangiare?	Have you ever seen them eat?	e566fc71-9ed5-593a-b3b0-ec0afec13c3b	32	28
L'hai mai visto mangiare?	Have you ever seen him eat?	ceecae58-0035-5bef-b3fd-7dc80c8dc7a2	25	27
Tu l'hai mai visto mangiare?	Have you ever seen him eat?	e79c610d-66e5-528f-857f-939072c59440	28	27
L'ha mai visto mangiare?	Have you ever seen him eat?	579088d2-9d9c-5c63-8e81-2b332c156ac5	24	27
Lei l'ha mai visto mangiare?	Have you ever seen him eat?	08460ab4-e0b4-53d1-a2b3-c57e35f07bae	28	27
L'avete mai visto mangiare?	Have you ever seen him eat?	cac34a7e-24de-503c-8016-109d401ca3c8	27	27
Voi l'avete mai visto mangiare?	Have you ever seen him eat?	387655f4-a822-546c-b1cb-d95772fc0c63	31	27
Non vengo pagato molto.	I'm not paid much.	3ad47c37-8482-57ec-82a5-bdfaab3e08e5	23	18
Io non vengo pagato molto.	I'm not paid much.	b7e2002c-16d0-5e3f-b389-49cb611096f5	26	18
Non vengo pagata molto.	I'm not paid much.	d3dd8ea1-bd1e-55bc-b4ca-40536f4720d2	23	18
Io non vengo pagata molto.	I'm not paid much.	35d1fad2-624f-53f4-ad1e-acd1c9be97cf	26	18
Sembra che faccia male.	That looks like it hurts.	59c871ce-4a6c-5cd3-a925-730fa7aa9d6c	23	25
Tom non ha ancora pulito la cucina.	Tom hasn't cleaned the kitchen yet.	f09fa72e-435b-5296-87d5-b092602faef1	35	35
Avrei dovuto dirgli la verità.	I should've told him the truth.	c03de22d-b5ef-5647-83be-253414d11981	30	31
Io avrei dovuto dirgli la verità.	I should've told him the truth.	f673ad9b-f0ec-5853-a494-a20d9b8b89a5	33	31
Avrei dovuto dirle la verità.	I ought to have told her the truth.	11817146-2188-54a7-b055-10786b4c4312	29	35
Io avrei dovuto dirle la verità.	I ought to have told her the truth.	cde91a71-171c-5e67-8abc-bf25ddb016c4	32	35
Io non sono un nazista!	I'm not a Nazi!	3e0fad98-70b6-5f26-98d0-f43e5c8e5f3c	23	15
Non sono una nazista!	I'm not a Nazi!	16a104c4-0fd9-5896-b093-10238a5f879f	21	15
Io non sono una nazista!	I'm not a Nazi!	a453c5b5-46ec-5b80-80f8-3813707e5716	24	15
Non sono nazista!	I'm not a Nazi!	bd2b01ad-626f-5862-8ef9-672a3bed1566	17	15
Io non sono nazista!	I'm not a Nazi!	b6172040-a2a5-5556-93a8-b920be461152	20	15
Vieni, mangia la frutta in cucina.	Come, eat the fruits in the kitchen.	a05f6967-3f58-5978-87c2-8a0758be2970	34	36
Venite, mangiate la frutta in cucina.	Come, eat the fruits in the kitchen.	5f4d6422-968b-58a4-a1dc-94100e3d782f	37	36
Venga, mangi la frutta in cucina.	Come, eat the fruits in the kitchen.	5570ac9b-e9a0-5024-b3a9-3b0707bd021b	33	36
Mi piace sbadigliare.	I like to yawn.	9e3e1a84-31be-5bc5-9b97-aef03f16806e	21	15
A me piace sbadigliare.	I like to yawn.	d8d42c74-b3d0-5490-bb51-d16618ffec56	23	15
La mia città non era ciò che era una volta.	My town is not what it used to be.	34e5315d-c24a-554e-bb13-58e9b25c8c5f	43	34
Nessun ragazzo della classe è alto come Bill.	No boy in the class is as tall as Bill.	9fbc9dd3-c2ce-527a-9902-02a7a4ec1da6	45	39
Mary ha vissuto una vita lunga e felice.	Mary lived a long and happy life.	4b03bd0c-d04b-5894-bec6-66c4f831c584	40	33
Mary visse una vita lunga e felice.	Mary lived a long and happy life.	f158efc5-1bf4-5f28-8c70-9dfc8c1f182f	35	33
Tom è un volontario della Croce Rossa.	Tom is a Red Cross volunteer.	089107b4-5431-5ada-839c-7b9d2f2d253b	38	29
Questa non è la prima volta che vado in bici.	This isn't the first time I've ridden a bicycle.	c24a3260-62d2-5c73-b998-5c22df830b48	45	48
Non sarebbe dovuto succedere.	That should not have happened.	0e736f54-2d65-5686-80fb-f87b1d10be02	29	30
Tom dice che può aiutarmi a scrivere il rapporto.	Tom says he can help me write the report.	b474e3af-bb90-5074-9695-d8f636c4ac51	49	41
Come dovremmo affrontare il problema?	How should we deal with the problem?	f40d984a-b27f-5702-8436-2b010f883ffa	37	36
Perché stai mettendo in ordine?	Why are you packing up?	349d27cf-e8c6-5422-9bdf-5243a9f814b2	31	23
Perché sta mettendo in ordine?	Why are you packing up?	736116d4-5aee-5869-afa5-2cc1533bf068	30	23
Perché state mettendo in ordine?	Why are you packing up?	eeb288ed-2837-5111-aeb5-4328674e314d	32	23
Perché stai facendo ordine?	Why are you packing up?	0bb64fb4-643a-52a7-89c7-5e356fdb749a	27	23
Perché sta facendo ordine?	Why are you packing up?	15ea282a-cc61-5629-9cf4-e240ca3e8b3b	26	23
Perché state facendo ordine?	Why are you packing up?	275a14f4-359d-5411-b718-0c571e011d20	28	23
Perché stai imballando?	Why are you packing up?	96ef6731-9ae9-5527-a98f-d349b60483d7	23	23
Perché sta imballando?	Why are you packing up?	4fb5005d-1ff1-5dc5-b1b2-00708fd80597	22	23
Perché state imballando?	Why are you packing up?	9ca840cb-98dc-5b0e-9e88-a463a150c910	24	23
Perché stai inscatolando?	Why are you packing up?	42517e70-7ad1-5fca-9e98-247caf04b946	25	23
Perché sta inscatolando?	Why are you packing up?	e1880a34-c44e-5c21-a139-2db6a9b3c87c	24	23
Perché state inscatolando?	Why are you packing up?	b48372c9-536a-566d-95ff-a092a39a994c	26	23
Ad alcuni bambini non piacciono le verdure.	Some children do not like vegetables.	b23ad49c-a31e-5448-b10f-801a5a980398	43	37
È un amante degli sport.	He is a lover of sports.	3df6acdc-1c5c-5c3c-a2c4-64668cd19553	24	24
Lui è un amante degli sport.	He is a lover of sports.	30fb04ff-36d2-5af8-9a5c-a32a71bff458	28	24
Quanto è numerosa la tua famiglia?	How large is your family?	41cc177a-e7d1-52b9-a64c-508009123867	34	25
Quanto è numerosa la sua famiglia?	How large is your family?	7f4bd95e-f2a1-541b-943f-616d2e5c462b	34	25
Quanto è numerosa la vostra famiglia?	How large is your family?	862ba5c9-0694-5bab-a98f-350ea3c6296c	37	25
Che film vuoi davvero vedere?	What movie do you really want to see?	3c13c51f-6f12-5ee4-987d-88ccfd074614	29	37
Che film vuoi veramente vedere?	What movie do you really want to see?	94dc19ea-f6b1-5ebe-92ed-a839fc4abcc9	31	37
Che film vuole davvero vedere?	What movie do you really want to see?	0b2c7912-322e-5a15-82ef-54871db720d7	30	37
Che film vuole veramente vedere?	What movie do you really want to see?	f6460bb2-7747-5da3-a611-347410db9f61	32	37
Che film volete davvero vedere?	What movie do you really want to see?	66f65c88-c2b3-51c3-8521-73ff02fa92de	31	37
Che film volete veramente vedere?	What movie do you really want to see?	464281d0-3037-5ea9-81df-ad2c5c0e510a	33	37
Ha circa duemila libri.	She has about 2,000 books.	563fbd48-506e-573b-9b5b-f03f0a6d2421	23	26
Lei ha circa duemila libri.	She has about 2,000 books.	b71083b8-2357-57bc-a7dd-da9f1a0a2afe	27	26
L'estate è quasi finita.	Summer is almost over.	3b656e45-0a80-5446-a0fb-e95543429dbd	24	22
Questo è un giorno speciale per tutti noi.	This is a special day for all of us.	0c0b6cf5-ff85-55c1-9cfa-08748d8954c3	42	36
Questo è un giorno speciale per tutte noi.	This is a special day for all of us.	18542e61-fd5a-57eb-b89d-897080691f86	42	36
Cosa ti ho insegnato?	What have I taught you?	55db702a-9abf-59ef-a417-ab525c348ad6	21	23
Che cosa ti ho insegnato?	What have I taught you?	919ec20d-6a17-5e0c-913f-89adfb7a94c3	25	23
Cosa vi ho insegnato?	What have I taught you?	901c8cf4-c011-5c2d-a2a2-61c2c293a9b2	21	23
Che cosa vi ho insegnato?	What have I taught you?	221caa03-aae2-5251-ac0b-c841c6922a9b	25	23
Cosa le ho insegnato?	What have I taught you?	7a047a2a-f8c3-5133-a305-9de5124f427e	21	23
Che cosa le ho insegnato?	What have I taught you?	4f445a92-ddfc-5888-835e-d8d94c5e64d3	25	23
Il ferro reagisce con il sodio?	Does iron react with sodium?	6f94019c-99d9-5fff-8747-b8618a2fb1e8	31	28
Faccio molti soldi.	I make a lot of money.	d02bc45f-5138-58b4-8d0d-0c9d1b0bbd68	19	22
Io faccio molti soldi.	I make a lot of money.	a7361979-b001-5554-b572-6aeeba2ae0a8	22	22
Faccio molto denaro.	I make a lot of money.	68e5a0a5-4d34-578b-905a-84778947f1bb	20	22
Io faccio molto denaro.	I make a lot of money.	aba349ea-3b6d-59f4-bf81-9fa4ef44aef1	23	22
È una falsa pista.	It's a red herring.	22460895-7f08-5412-8dc7-2060d9d3e95d	18	19
È un depistaggio.	It's a red herring.	e0049656-125e-56e7-ac7e-546c99dfbf78	17	19
È una maschera.	It's a red herring.	2c5175a1-2abe-5a7c-a5f7-5ba9a29df811	15	19
È una copertura.	It's a red herring.	040127fd-db94-52b4-8821-18130a38917e	16	19
È un'aringa rossa.	It's a red herring.	8ba79ef6-a112-52fb-8512-817470292116	18	19
Ho un dolore alle spalle.	I have a pain in my shoulders.	2108fa11-276b-5d5b-ade9-28ed00a09f4b	25	30
Io ho un dolore alle spalle.	I have a pain in my shoulders.	a15086f7-c66a-5151-821d-013db721a33b	28	30
Smettila di imbarazzarmi.	Stop embarrassing me.	d0f2c376-595c-5527-86f9-e0ae94b9e2fb	25	21
Smettetela di imbarazzarmi.	Stop embarrassing me.	f712b867-5f91-564b-9800-a360c0658077	27	21
La smetta di imbarazzarmi.	Stop embarrassing me.	77863f9b-2ab0-5b5a-a2bc-8d7ecaec712c	26	21
Piantala di imbarazzarmi.	Stop embarrassing me.	76fbb006-768c-57e9-bf23-fafb2c9c6658	25	21
Piantatela di imbarazzarmi.	Stop embarrassing me.	06ee9983-1434-59e0-8b45-b407fc3c18e8	27	21
La pianti di imbarazzarmi.	Stop embarrassing me.	2f7c30d0-c5e4-5975-9389-206278f06a95	26	21
Tom odia tutta la razza umana.	Tom hates the whole human race.	881caacd-1f5b-51ed-a1a8-cb89d26392d9	30	31
Tom odia l'intera razza umana.	Tom hates the whole human race.	7f876e05-7406-599e-ae99-384212139216	30	31
È un cameriere e anche un attore.	He is a waiter and also an actor.	4cf34742-41e8-5f7d-8847-c94400d03b45	33	33
Lui è un cameriere e anche un attore.	He is a waiter and also an actor.	8bf7d5c5-b6d2-52e0-b02b-b604bece70da	37	33
Questo non è mai successo prima.	This never happened before.	6f851d53-fbcb-5e30-95d7-5e3a312119f5	32	27
Una nuvola è vapore condensato.	A cloud is condensed steam.	d7e10984-b046-514e-a1f2-fc5dce5bf50c	31	27
Una nube è vapore condensato.	A cloud is condensed steam.	cbbdf40b-38ee-522e-9dce-57cda13ac435	29	27
Sto ancora provando a capirlo.	I'm still trying to figure that out.	3f3e5242-1097-5cf2-a9c9-e6685934afd7	30	36
Io sto ancora provando a capirlo.	I'm still trying to figure that out.	01e1c161-349a-565a-a914-5e9074f719ac	33	36
Sto ancora cercando di capirlo.	I'm still trying to figure that out.	2636c1ed-72e6-5ce2-ba2f-ef8eb4960473	31	36
Io sto ancora cercando di capirlo.	I'm still trying to figure that out.	d169c5b6-caaa-5e4f-b3cf-b0339055e090	34	36
Ci rimangono meno di tre minuti.	We have less than three minutes left.	2d208353-32f1-5cad-85f4-fac16ce3796c	32	37
Ci restano meno di tre minuti.	We have less than three minutes left.	7f6094cc-cd1d-5d23-ac4a-5ce7b4406b57	30	37
Dove hai visto queste donne?	Where did you see these women?	94bf4353-8a4f-5bba-89a6-5d8cd9c830df	28	30
Tu dove hai visto queste donne?	Where did you see these women?	83074b9c-c276-5b61-a97d-93fa2bb533ec	31	30
Dove ha visto queste donne?	Where did you see these women?	bc046a7d-5e5b-5a07-9865-0fb327ca05ec	27	30
Lei dove ha visto queste donne?	Where did you see these women?	75834e74-5327-5fad-b675-a8b98f7b3951	31	30
Dove avete visto queste donne?	Where did you see these women?	ac958b3c-6d72-5c65-9692-0be342327f4d	30	30
Voi dove avete visto queste donne?	Where did you see these women?	daf35299-583d-577c-bf7e-97145b8589d7	34	30
Mia mamma dice che sono carina.	My mom says I'm pretty.	0c38e6f1-3e68-50ab-88a9-b887b4357dd3	31	23
Mia mamma dice che sono carino.	My mom says I'm pretty.	548d5c95-4918-5ac7-95b4-c606564f30ba	31	23
Dov'è un buon ristorante da queste parti?	Where is a good restaurant around here?	4be504b4-2e0a-5d88-975b-2bdb97fcc76f	41	39
Dove si trova un buon ristorante da queste parti?	Where is a good restaurant around here?	1fbe4121-4f4e-5c8a-9d08-3e0a43d89a86	49	39
Penso che possa essere successo qualcosa a Tom.	I think something may have happened to Tom.	6c61785f-4fc3-58ef-9686-87ebde1c4355	47	43
Io penso che possa essere successo qualcosa a Tom.	I think something may have happened to Tom.	dfbc4a07-e95b-5e43-9c55-03c48d339369	50	43
Sì, sì, certo.	Yes, yes, of course.	39427ffa-f28c-5d19-be80-e9a9df62f3c8	14	20
Sì, sì, ovvio.	Yes, yes, of course.	fc8bc9ea-90d1-5014-9ef6-f67dff85aa53	14	20
Sì, sì, certamente.	Yes, yes, of course.	13062ee6-03af-5f40-813f-6a5b49121e51	19	20
Sì, sì, ovviamente.	Yes, yes, of course.	13fa399a-7ad8-5d58-b5d3-380acef87f92	19	20
Il cappotto non ha tasche.	The coat doesn't have any pockets.	e4ebed0f-2922-540e-bfd3-dd6576bbe7b7	26	34
Il cappotto non ha alcuna tasca.	The coat doesn't have any pockets.	402f7c7f-d993-5f53-9336-57dd99273df4	32	34
Solitamente faccio gli scalini due alla volta.	I usually take stairs two at a time.	57e5480e-ab53-5c75-90cf-c4954485156c	46	36
Io solitamente faccio gli scalini due alla volta.	I usually take stairs two at a time.	585396f8-5481-5f74-9e42-022aaf49ed80	49	36
Di solito faccio gli scalini due alla volta.	I usually take stairs two at a time.	72a6460c-2ebf-57dc-9768-cdc8a37d1633	44	36
Io di solito faccio gli scalini due alla volta.	I usually take stairs two at a time.	6234ff73-135d-5d7a-8882-18aa3270d6bb	47	36
La Spagna è la terra dei castelli.	Spain is the land of castles.	9361de2b-be00-5790-ae07-3e7d50040779	34	29
È inutile lamentarsi del tempo.	It is no use complaining about the weather.	9635fe2d-eb66-5b8c-afcd-a500a3fd256f	31	43
È inutile lamentarsi del tempo atmosferico.	It is no use complaining about the weather.	9be1602c-04e6-59c4-a6a0-77636d0c33e9	43	43
Tom merita di sapere cos'è successo.	Tom deserves to know what happened.	35751c47-ab7b-5089-9bf1-790772b6dbe2	36	35
Tom merita di sapere che cos'è successo.	Tom deserves to know what happened.	e01354e5-e88c-595b-b7ec-fef8fbf8665c	40	35
Tom se lo merita di sapere cos'è successo.	Tom deserves to know what happened.	0a2e1178-6ebb-512f-910a-a5e5e500a55b	42	35
Tom se lo merita di sapere che cos'è successo.	Tom deserves to know what happened.	95bb317c-36c6-5d0c-8d44-e7f10f377318	46	35
Loro probabilmente sono americani.	They're probably American.	6c7d9304-54c6-5066-b59a-f4c9cd0d1327	34	26
Loro probabilmente sono americane.	They're probably American.	091d8efb-6536-5d13-b5f6-ba510c177f3d	34	26
Tom, Mary e John sono tutti qui.	Tom, Mary and John are all here.	a82ee748-bef7-5b4e-9ce4-d2c8198461d6	32	32
Non ci rimane molto burro in frigo.	There isn't much butter left in the refrigerator.	4fafc280-b449-5ceb-8266-eeb057e83e70	35	49
Non ci resta molto burro in frigo.	There isn't much butter left in the refrigerator.	af4d5ae2-54dc-5569-abd7-1af9df8d7f0f	34	49
Non ci rimane molto burro nel frigorifero.	There isn't much butter left in the refrigerator.	113253c2-faa9-550f-894e-a934d52c055d	42	49
Non ci resta molto burro nel frigorifero.	There isn't much butter left in the refrigerator.	b3332ecf-1ae7-532e-a709-2bff8305e0d8	41	49
Tom lavorava all'interno.	Tom worked indoors.	e2da2a24-c4e8-5322-88ce-48533fcf1c16	25	19
Tom ha lavorato all'interno.	Tom worked indoors.	fb197ab1-5194-5cb0-bce7-e8224f37c962	28	19
Hey, posso aiutare.	Hey, I can help.	f8287a46-724d-5537-bc1b-629c36ae5875	19	16
Sbrigati e finisci di mangiare.	Hurry up and finish eating.	f1a807d5-0b3b-591b-938c-3dc0fa06ca93	31	27
Si sbrighi e finisca di mangiare.	Hurry up and finish eating.	e7b2cd5e-324f-59df-9c5b-58d4997841eb	33	27
Sbrigatevi e finite di mangiare.	Hurry up and finish eating.	5f8f06c0-ca30-5452-a826-1463504b12c2	32	27
Mary si è messa l'anello al dito.	Mary put the ring on her finger.	275e55e8-4a7f-58cf-ab9e-85d67908a8e8	33	32
Mary si mise l'anello al dito.	Mary put the ring on her finger.	624b84e9-bd2b-5b4b-8ff1-28332333f4cb	30	32
Tom non si aspettava un regalo così bello da Mary.	Tom didn't expect such a nice present from Mary.	1dc357c1-ae4d-5989-acc9-3b4138d0dab7	50	48
Questa non è una roccia. È un minerale.	This is not a rock. It's a mineral.	2dbb9e69-f57b-5909-9bb9-f499a789197f	39	35
Questa non è una pietra. È un minerale.	This is not a rock. It's a mineral.	70717a25-7291-57cd-bc4a-007db5ab5b36	39	35
Pensavo di aver sentito un urlo.	I thought I heard a scream.	c894daa2-a1a3-5723-91f5-4e3a9ce24481	32	27
Pensavo di avere sentito un urlo.	I thought I heard a scream.	8ae8d204-450f-54e5-940e-6a1dae77219a	33	27
Tom mi ha chiesto di rifletterci sopra.	Tom asked me to think it over.	4448bca9-bfce-5a2f-922d-681705fdd59a	39	30
Tom mi chiese di rifletterci sopra.	Tom asked me to think it over.	a285dbd5-f3fe-541a-9364-6eda7adbba16	35	30
Voglio migliorare la mia calligrafia.	I want to improve my penmanship.	7a5d1747-fdc1-5250-9461-5e324c966f6b	37	32
Io voglio migliorare la mia calligrafia.	I want to improve my penmanship.	965f071a-2a7e-5ad5-8864-1f0913a56825	40	32
Ho provato a indovinare la sua età.	I tried to guess her age.	bfce53a9-d0b2-50fa-9724-78728eb3a54d	35	25
Provai a indovinare la sua età.	I tried to guess her age.	2b1c3f0d-b616-5429-befb-2509082d292b	31	25
Io ho provato a indovinare la sua età.	I tried to guess her age.	de379027-7d01-506b-bf5c-eacedb94aaa5	38	25
Io provai a indovinare la sua età.	I tried to guess her age.	ac97340e-762e-58c3-9c7b-ce595f6c95c4	34	25
Ho cercato di indovinare la sua età.	I tried to guess her age.	17b9a049-f3a8-5873-a88c-82981768755f	36	25
Io ho cercato di indovinare la sua età.	I tried to guess her age.	1cc88043-e98e-55c3-9d7f-f6a8efd19f9e	39	25
Cercai di indovinare la sua età.	I tried to guess her age.	d4dfb4b6-8ce7-537a-978e-9e7ef387afd8	32	25
Io cercai di indovinare la sua età.	I tried to guess her age.	cb66fbca-ad0c-5d1d-bf6c-e61215c18c8d	35	25
Dimmi qual è il tuo hobby.	Tell me what your hobby is.	4a08c093-74c6-5039-aa85-694accf287ff	26	27
Dimmi qual è il tuo passatempo.	Tell me what your hobby is.	e2630dd6-eab9-5491-9c44-8c00a4325ef4	31	27
Mi dica qual è il suo hobby.	Tell me what your hobby is.	94ce08b2-063e-5a43-a102-5b5b164c868a	28	27
Mi dica qual è il suo passatempo.	Tell me what your hobby is.	5529ead6-662f-5b4f-9b08-b70f7862381c	33	27
Ditemi qual è il vostro hobby.	Tell me what your hobby is.	501f7b55-793b-5794-a62b-c7c18cfd6d1d	30	27
Ditemi qual è il vostro passatempo.	Tell me what your hobby is.	9f5ec665-3d6c-5f24-85c8-61ddbdb2d2d8	35	27
Tom non ha le braccia pelose.	Tom doesn't have hairy arms.	14b07768-b89f-59b5-939d-3ae2d23510d5	29	28
È un vero amico.	You're a real friend.	6f2b8981-94ab-5306-8f68-f89292b077c8	16	21
Lei è un vero amico.	You're a real friend.	5848c938-bcaf-5cb8-ab8f-94bf05924179	20	21
È una vera amica.	You're a real friend.	90b3c9fd-390a-5a8f-a3cb-896f0fcc2c1b	17	21
Lei è una vera amica.	You're a real friend.	14d0f128-a146-5b3b-88de-aa8529329e1e	21	21
Vogliamo votare.	We want to vote.	9584da7f-8dc9-546b-aa57-e7d0ba9eaabe	16	16
Noi vogliamo votare.	We want to vote.	6981e2f9-a34f-5741-886c-99d66c9e7063	20	16
Ero molto egoista.	I was very selfish.	8aa63aec-61c9-5ca3-828d-cb336d5d052d	18	19
Io ero molto egoista.	I was very selfish.	d713a3dc-9fab-5429-a04d-09d4550006a4	21	19
Non pensavo che Tom fosse così egoista.	I didn't think Tom was so selfish.	ce06b3ff-1c69-5e9a-a2a8-68f07f03335f	39	34
Io non pensavo che Tom fosse così egoista.	I didn't think Tom was so selfish.	6fb7e389-63e4-5fdb-8ed5-1d82cba0dbc3	42	34
Ero di pessimo umore.	I was in a bad mood.	4f3c3cac-71f0-5b6a-9ed2-d906ff4b30e2	21	20
Io ero di pessimo umore.	I was in a bad mood.	37445718-876a-5be3-a594-2b90761cea42	24	20
Mi stavo facendo un bagno.	I was taking a bath.	562d304f-4b97-5f16-bc93-2e6842ca07f9	26	20
Io mi stavo facendo un bagno.	I was taking a bath.	4825e422-ed1f-55d2-a311-569f1f022298	29	20
Tom è a casa mia.	Tom is at my place.	79bee6f4-7b85-5d29-8558-cc093aa43c11	17	19
Stanno tutti sorridendo.	Everybody's smiling.	c6654fca-299e-5f8d-be5f-ae6163c8d988	24	20
Stanno sorridendo tutti.	Everybody's smiling.	443c6ff2-e02f-5393-9fd6-5606f69bba29	24	20
Tutti stanno sorridendo.	Everybody's smiling.	791308d5-0eea-55eb-8736-46f75e5999c7	24	20
Siamo egoisti.	We're selfish.	a70f5b0c-080e-5aa0-8aeb-9280502f71ef	14	14
Noi siamo egoisti.	We're selfish.	40bfbbe0-8cd6-5d2f-830b-4cf35a51db0e	18	14
Siamo egoiste.	We're selfish.	f62864ce-d877-5800-b838-105a8c48e530	14	14
Noi siamo egoiste.	We're selfish.	712fb0f6-40b2-58ee-a409-6dd0bf7a22c6	18	14
Sei egoista.	You're selfish.	d4937d4c-9f91-52f0-a4a7-4ec504d1b4b5	12	15
Tu sei egoista.	You're selfish.	bea3b8c1-49da-5d47-b470-fe67e4606bbf	15	15
È egoista.	You're selfish.	803f4176-b28a-5455-95fd-3c7976aa1256	10	15
Lei è egoista.	You're selfish.	91ed8d96-0098-55e7-b2f2-b153e36d3171	14	15
Siete egoisti.	You're selfish.	d7390b4a-0ed8-5847-909a-aa19cd92f35a	14	15
Voi siete egoisti.	You're selfish.	26e36a90-3f45-54d9-a87e-e3b2b38431ea	18	15
Siete egoiste.	You're selfish.	d0761b00-cda3-5859-871a-2a32d038d47a	14	15
Voi siete egoiste.	You're selfish.	1380e1e9-b409-590a-bd32-93495ad84ae3	18	15
Ho scritto una bella storia.	I wrote a beautiful story.	c9fbc805-22b5-5ebd-8dfe-3f151ccb876c	28	26
Io ho scritto una bella storia.	I wrote a beautiful story.	c1443b6e-5478-5881-8195-dce9c3b7972a	31	26
Scrissi una bella storia.	I wrote a beautiful story.	902bdf18-e2e4-57ed-bd1d-aec249334b38	25	26
Io scrissi una bella storia.	I wrote a beautiful story.	69649535-4a7b-50ff-bd1b-51af0717f1c2	28	26
Sono egoista.	I'm selfish.	66fc478b-b6cd-5e4d-94f8-f5d31c573e6b	13	12
Io sono egoista.	I'm selfish.	a451480a-8fbd-5344-9338-3e28232702d9	16	12
L'amore è egoista.	Love is selfish.	66df3a16-bcad-5670-a473-b25eefa3518e	18	16
Dev'essere egoista.	He must be selfish.	8ef3ad14-cdff-5731-a3b2-e802cd6f4f19	19	19
Lui dev'essere egoista.	He must be selfish.	bb368f25-897d-56b0-82e3-20cff65f7aff	23	19
Deve essere egoista.	He must be selfish.	8dfaecec-b4de-5a25-b23f-0652bac1c57b	20	19
Lui deve essere egoista.	He must be selfish.	8329a6e2-bc59-5112-88f9-62d468456bf2	24	19
È così egoista!	He's so selfish!	def5b812-2111-5e5e-b6d3-57ebcf14802f	15	16
Lui è così egoista!	He's so selfish!	15d052a3-ae2b-59a7-ae6c-4ed7ef02e664	19	16
Sei così egoista.	You're so selfish.	ec083697-333a-5381-afd3-0471b743570c	17	18
Tu sei così egoista.	You're so selfish.	10a2b005-ab9b-559d-8d4e-5a72b40fef34	20	18
È così egoista.	You're so selfish.	7e9d1fb0-c999-54f4-be53-f8acccbb15bb	15	18
Lei è così egoista.	You're so selfish.	2913106e-764e-5e9d-bff5-5165f9c0688f	19	18
Siete così egoisti.	You're so selfish.	84b86662-1633-553c-b2b9-3b2bd4971f86	19	18
Voi siete così egoisti.	You're so selfish.	62ca3e22-1b96-559f-bce0-2ed1669bae07	23	18
Siete così egoiste.	You're so selfish.	66a9d6cc-2bde-54fd-9db2-8b83940f9edf	19	18
Voi siete così egoiste.	You're so selfish.	62325380-71ee-5ee5-a73e-06edaceff43e	23	18
Vorrei essere a Boston.	I wish I were in Boston.	eeb018cc-56c5-5cab-9a68-179f5a6bb955	23	24
Io vorrei essere a Boston.	I wish I were in Boston.	084ea566-31bf-530e-8ca9-54b754b8f0b9	26	24
Dan si rifiutò di pubblicare la storia di Linda.	Dan refused to publish Linda's story.	8505e39c-378a-5899-a8e2-51090a6df349	48	37
Ho ripetuto il mio nome.	I repeated my name.	7de55079-97ef-5d2c-b579-a349153087da	24	19
Io ho ripetuto il mio nome.	I repeated my name.	ca67d6e3-b88a-5dae-8aac-5eb95061ec89	27	19
Ripetei il mio nome.	I repeated my name.	3ab1ea51-7d49-5e2d-8169-142626aaa9e7	20	19
Io ripetei il mio nome.	I repeated my name.	7687571c-763a-5482-99d5-a76893a4ce11	23	19
Ripetetti il mio nome.	I repeated my name.	1a11b102-2eb9-5b1b-bc4e-55ecf26d51e6	22	19
Io ripetetti il mio nome.	I repeated my name.	4cea3e6b-cb60-5f2c-8c1e-9a0ec57cf37e	25	19
Il bagno è pronto.	The bath is ready.	32d06a67-2790-52ba-897a-3b6b7e2f8c0d	18	18
Tom è piuttosto egoista.	Tom is quite selfish.	6f2f10f8-a25e-5106-a2f7-8e296fa1e1bf	24	21
Noi chi siamo?	Who are we?	9f0b89ad-a3d6-5bff-b76e-25c045b2f897	14	11
Tom è straordinariamente egoista.	Tom is extraordinarily selfish.	d07fdf43-b8d5-597f-84c2-141bd8eecfa8	33	31
Tutto quello in cui mi impegno va storto.	Everything I undertake goes wrong.	305d9ff7-3b0d-5c01-8318-6026110eef90	41	34
Tutto ciò in cui mi impegno va storto.	Everything I undertake goes wrong.	a420e5cb-8ce8-5b93-98c4-bfd199574df3	38	34
Sei molto egoista.	You're very selfish.	25e49f19-f10c-5622-9d38-cbcd13c70bd0	18	20
Tu sei molto egoista.	You're very selfish.	b98016a6-1079-559b-ae3e-98c635ed88ea	21	20
È molto egoista.	You're very selfish.	7f355946-dd27-578f-a69e-2ac49f98960e	16	20
Lei è molto egoista.	You're very selfish.	fd0fd630-d98c-5b23-b9fc-af341227888f	20	20
Siete molto egoisti.	You're very selfish.	36b2055d-21ed-5c48-8bd8-abce741e41b3	20	20
Voi siete molto egoisti.	You're very selfish.	4c520273-b13d-5528-8fc7-db09a3bb2186	24	20
Siete molto egoiste.	You're very selfish.	c5f7594a-79b5-5800-93b2-ce90f6f486f3	20	20
Voi siete molto egoiste.	You're very selfish.	302077b8-2c4d-5a2d-8041-22e79b41747b	24	20
Stai pagando.	You're paying.	72bfcffe-65d1-5a83-8559-24c32e92dff3	13	14
Tu stai pagando.	You're paying.	006027ce-6eff-52e0-8df9-25490e440e4f	16	14
Sta pagando.	You're paying.	ec2dfbb4-f564-5636-9f07-d2c267796830	12	14
Lei sta pagando.	You're paying.	f9972b4e-e4bd-57b8-87ed-f0b9081cacce	16	14
State pagando.	You're paying.	47d6dbc6-3bb4-53fc-910e-ebbb444843b7	14	14
Voi state pagando.	You're paying.	c5d57b9e-b643-5bc9-b3ca-cb0b998ff698	18	14
Sono stato a Sapporo prima.	I've been to Sapporo before.	814c9823-f09e-5c5a-986b-38783d38d77a	27	28
Io sono stato a Sapporo prima.	I've been to Sapporo before.	971343c7-5008-5c2a-afb1-c7879d02548d	30	28
Sono stata a Sapporo prima.	I've been to Sapporo before.	18c19d99-60fb-58cc-b12e-58856771d9a6	27	28
Io sono stata a Sapporo prima.	I've been to Sapporo before.	7bb6dabf-2834-53a8-a5b6-df7b5d328c58	30	28
Tom ha chiesto dov'eri.	Tom asked where you were.	fe6222fa-e1cc-5f68-94ac-e349a7f86af7	23	25
Tom ha chiesto dov'era.	Tom asked where you were.	58732b84-3dfa-50f1-b3a6-b9f773c811ca	23	25
Tom ha chiesto dov'eravate.	Tom asked where you were.	af99e184-178a-5b31-b4f8-7ea9f1ae3266	27	25
Tom chiese dov'era.	Tom asked where you were.	a78c58d5-1ba7-5d64-a3f5-b5f3139d9508	19	25
Tom chiese dov'eri.	Tom asked where you were.	d55a45ba-50c6-5cf2-bfa9-e30188a59410	19	25
Tom chiese dov'eravate.	Tom asked where you were.	75d6f7cf-a1cd-5619-a3bd-2ec781a45416	23	25
Ieri la mia ragazza ha avuto due orgasmi.	Yesterday, my fiancée had two orgasms.	cbb05783-4074-50bb-85f1-090e6628b5ce	41	38
Ieri la mia fidanzata ha avuto due orgasmi.	Yesterday, my fiancée had two orgasms.	061b52a0-754d-5d41-98e3-58dafe3f9e73	43	38
Ieri la mia morosa ha avuto due orgasmi.	Yesterday, my fiancée had two orgasms.	b10c4965-11a9-5cc9-9665-36e77530ea77	40	38
Tom è molto bravo a suonare il violino.	Tom is very good at playing the violin.	7dedb7ad-4140-532b-bdbd-436f97f8e8f8	39	39
Non posso parlare, sono in missione.	I can't talk, I'm on a mission.	02c1cd66-9c01-54d0-8a22-8c3196760aba	36	31
Ora è un buon momento per parlare?	Is now a good time to talk?	e27e44b5-0fe9-59a0-a5bf-15a3e65c4241	34	27
Adesso è un buon momento per parlare?	Is now a good time to talk?	60f19e88-7a5b-5d78-aef3-8ef4b22e9aa7	37	27
L'ha rifiutato.	She rejected him.	dde6e1ee-2044-5bc9-b8a5-22707a5231a2	15	17
Lei l'ha rifiutato.	She rejected him.	09a1d31b-f1f4-5b9a-892c-8f230a22b7d8	19	17
Lo rifiutò.	She rejected him.	643f45d7-3bc8-50af-aefd-d7b2c71644fc	11	17
Lei lo rifiutò.	She rejected him.	3d5f2445-e5f0-56aa-9385-126703f9cf56	15	17
L'ha negato.	He denied it.	67ef89d6-25e1-5f40-b486-5e9cbfbb2fed	12	13
Lui l'ha negato.	He denied it.	f1c7cd19-0bbc-50f9-b296-bd873bbc1861	16	13
L'ha negata.	He denied it.	961a17fe-b47b-5853-8e25-979960349d12	12	13
Lui l'ha negata.	He denied it.	8e22b0b3-c658-53a2-b690-d654c3684a64	16	13
Lo negò.	He denied it.	e29fbaec-5829-55c3-9e44-f22b5dccb137	8	13
Lui lo negò.	He denied it.	61895905-5c60-5806-902b-befab9151e13	12	13
La negò.	He denied it.	c6764869-0de7-5411-a71a-b1cdf713f550	8	13
Lui la negò.	He denied it.	3c938075-92c7-5348-861b-e763fdbc6d89	12	13
Perché Tom farebbe qualcosa del genere?	Why would Tom do something like that?	73832c61-a5e6-582e-83e4-4b8d301d2a51	39	37
Era colpa mia.	That was my fault.	c0acdec5-2349-5fd0-b011-bf28e5b45bbd	14	18
È stata colpa mia.	That was my fault.	bbc28b69-9d82-5b36-9506-7d22853967af	18	18
Volevo credere che Tom stesse mentendo.	I wanted to believe Tom was lying.	bc92ca02-9bf2-5027-a97b-dcc3f8e54e69	39	34
Io volevo credere che Tom stesse mentendo.	I wanted to believe Tom was lying.	007e68b2-9016-5acb-90c0-03b2a787d7f4	42	34
Ero innamorato di te una volta.	I was in love with you once.	79aea768-4428-5037-9c81-8ef129960963	31	28
Io ero innamorato di te una volta.	I was in love with you once.	61bf85a5-527f-5def-a8bc-4d134720ae1b	34	28
Ero innamorata di te una volta.	I was in love with you once.	31486ae0-172b-50f9-886d-817e1547d213	31	28
Io ero innamorata di te una volta.	I was in love with you once.	819b3851-3d92-5113-9796-eaa089c93c51	34	28
Ero innamorata di voi una volta.	I was in love with you once.	8d5f61b1-7f46-54ad-a976-5e4e743f27a9	32	28
Io ero innamorata di voi una volta.	I was in love with you once.	ed438bef-859b-5388-8c66-1996b26fccbc	35	28
Ero innamorato di voi una volta.	I was in love with you once.	31eafc10-f9ef-51ea-82eb-38806accc2c0	32	28
Io ero innamorato di voi una volta.	I was in love with you once.	1c5299e9-bd4d-59ab-86bb-48a49a14d1bd	35	28
Ero innamorato di lei una volta.	I was in love with you once.	1cea6f4f-207f-5391-b924-2d1e54bfc029	32	28
Io ero innamorato di lei una volta.	I was in love with you once.	2357bcbe-f1aa-51e1-af12-d60f6817a55d	35	28
Ero innamorata di lei una volta.	I was in love with you once.	76bdca80-9644-51d6-9e10-95646f62a9a6	32	28
Io ero innamorata di lei una volta.	I was in love with you once.	deab8079-a26d-53c9-abee-b39e1ce00df3	35	28
Stavo pensando a lei.	I was thinking about her.	5d79f0ef-8210-54b8-aac2-db8c9b9d4f7f	21	25
Io stavo pensando a lei.	I was thinking about her.	66c1ad84-a6ac-595a-8d6d-7d858a6d51fa	24	25
Emily sta alloggiando a casa di Melanie.	Emily is staying in Melanie's house.	e83eb7d0-66b7-5d51-b44e-4b0640412138	40	36
Quanto devo aspettare?	How long do I have to wait?	6d828ec3-4682-5277-9eef-182faabcfbbd	22	27
Quanto tempo devo aspettare?	How long do I have to wait?	ae7ea0cb-99fb-5f54-886b-0f8d479f9ad4	28	27
Per quanto tempo devo aspettare?	How long do I have to wait?	5f7715b7-c2b2-525b-9f06-a3d4255f9c3e	32	27
Stavo pensando a te.	I was thinking about you.	945da633-b405-5475-bcb6-2c069f7a5c8e	20	25
Io stavo pensando a te.	I was thinking about you.	cbe5ccd3-f1d4-5e83-bc09-6f5a5e7e5137	23	25
Stavo pensando a voi.	I was thinking about you.	43a1a1c9-4823-5e08-9adf-8e430edde629	21	25
Io stavo pensando a voi.	I was thinking about you.	6090e46e-ae0c-5f56-886e-567ca609ebd8	24	25
Stavo pensando a Boston.	I was thinking about Boston.	de45f879-748a-5437-b905-58cd1d35a19e	24	28
Io stavo pensando a Boston.	I was thinking about Boston.	5bb0fc62-40df-5fb4-9ac5-a8961ebe0476	27	28
Ci stavo pensando.	I was thinking about it.	9be5bcee-88ff-5844-bd26-626d3fa5f8ce	18	24
Io ci stavo pensando.	I was thinking about it.	6b5d0b3c-2df4-5566-862c-52ad91d1a8d0	21	24
Ci ho pensato.	I've been thinking about it.	a9af4c30-1610-57ef-8413-bdf22c1812f8	14	28
Io ci ho pensato.	I've been thinking about it.	19e07e94-6e7f-5cbf-a0c4-3d8075aa1dc5	17	28
Stavo pensando a loro.	I was thinking about them.	bbbb5ad9-8406-5fc6-9edb-90065822803a	22	26
Io stavo pensando a loro.	I was thinking about them.	136a5036-f5a9-50df-acd1-1aae5e7ae8d9	25	26
Stavo pensando a lui.	I was thinking about him.	3b1d530f-990d-5948-87c9-99beb6d049fa	21	25
Io stavo pensando a lui.	I was thinking about him.	3bd5d628-bcea-5aa1-8616-5044a4313a0c	24	25
Stavo pensando al piano.	I was thinking about the plan.	ee32b9f8-515a-575c-b875-41b7c5a26668	24	30
Io stavo pensando al piano.	I was thinking about the plan.	5796a705-5a79-58a3-8b61-bb1ad5007aa2	27	30
Stavo giusto pensando a te.	I was just thinking about you.	2118425a-b0d8-5d3e-ad90-f8f91fdade7e	27	30
Io stavo giusto pensando a te.	I was just thinking about you.	60402151-7598-58f7-a2f2-77940b6f15d6	30	30
Stavo giusto pensando a voi.	I was just thinking about you.	6ef15aa0-b091-5baf-86b3-8a261494cf61	28	30
Io stavo giusto pensando a voi.	I was just thinking about you.	02b7885c-b0d7-5e7a-af5f-a27f7c5b3d80	31	30
Stavo giusto pensando a lei.	I was just thinking about you.	be7b8088-8737-54bd-98e4-79a9b32243e5	28	30
Io stavo giusto pensando a lei.	I was just thinking about you.	71718616-ef24-5170-b619-b97aa8433110	31	30
Lasciai la mia calcolatrice sulla mia scrivania.	I left my calculator on my desk.	1d942b31-ef6e-50ef-ac4b-a45453754794	48	32
Stavo pensando ad altro.	I was thinking about something else.	a6a66774-7bc2-5599-9383-b767dd49f47d	24	36
Io stavo pensando ad altro.	I was thinking about something else.	52eccb48-768a-53ee-b522-dfd3311844e0	27	36
Stavo pensando a qualcos'altro.	I was thinking about something else.	db75cbfd-06c1-50f6-987e-63438f51034b	31	36
Io stavo pensando a qualcos'altro.	I was thinking about something else.	d3738e06-a238-559c-ab40-9a4bb4d02506	34	36
Stavo giusto pensando a qualcosa.	I was just thinking about something.	280e0b1f-87e0-5c91-a7ac-5da5d74146b4	33	36
Stavo pensando ad altre cose.	I was thinking about other things.	73abbfd2-a5e5-584d-9235-240af84f042a	29	34
Io stavo pensando ad altre cose.	I was thinking about other things.	e5d30b94-7d1b-52d1-b672-074109635fb8	32	34
Stavo giusto pensando a Tom.	I was just thinking about Tom.	60bf76d0-225b-547d-aac7-f020a21feea6	28	30
Io stavo giusto pensando a Tom.	I was just thinking about Tom.	307b4513-ca77-52e2-9085-1857922cf433	31	30
Stavo pensando agli aerei.	I was thinking about the planes.	f98f9974-b00e-55c6-8bc8-7b92fb9bc10d	26	32
Io stavo pensando agli aerei.	I was thinking about the planes.	dcf05c6f-6c0e-580b-bfd3-62cbb5408733	29	32
Sono molto pratici.	They're very practical.	f28f9aab-35d5-5b0f-9456-f4fad801b982	19	23
Loro sono molto pratici.	They're very practical.	73a2f1cb-3480-5ad3-80c3-16e5913d5c48	24	23
Sono molto pratiche.	They're very practical.	cf4e70c3-e2b3-59da-8956-9a31881e9c52	20	23
Loro sono molto pratiche.	They're very practical.	11a41a21-cf4f-5734-8ba1-3ce7b00ebf17	25	23
Mia madre ha provato a riconciliare la coppia.	My mother attempted to reconcile the couple.	afb805cc-a9de-5d43-93e0-05fe62e5cf71	46	44
Mia madre provò a riconciliare la coppia.	My mother attempted to reconcile the couple.	2a3204a5-f73f-56d9-bc57-cca897e86e51	41	44
Stavo giusto pensando a loro.	I was just thinking about them.	46720e87-639e-5818-b7e3-71f6ef64ba10	29	31
Io stavo giusto pensando a loro.	I was just thinking about them.	a1968bb9-9475-535c-8737-bb707274dd36	32	31
Stavo giusto pensando a lui.	I was just thinking about him.	dbe858b1-48fe-5abc-b125-a893fb7b3561	28	30
Io stavo giusto pensando a lui.	I was just thinking about him.	74391dad-e128-599d-8dda-bfec48ae36ed	31	30
Stavo pensando di arruolarmi nell'esercito.	I was thinking about joining the army.	acc6d0f6-3fac-5511-b6a4-182f26d81415	43	38
Io stavo pensando di arruolarmi nell'esercito.	I was thinking about joining the army.	ef5cc562-b4e5-5390-b98c-74f738bdcc7c	46	38
Stavo pensando a quello che ha detto Tom.	I was thinking about what Tom said.	dab98c99-fa79-55cf-90f6-5eed7aaf3ab7	41	35
Io stavo pensando a quello che ha detto Tom.	I was thinking about what Tom said.	693fe5d9-89a8-5964-8abe-b9d2a3b4ae79	44	35
Stavo pensando di prendere un cane.	I was thinking about getting a dog.	1af89a5b-adfc-5400-843d-da9e8f4cbb2e	35	35
Io stavo pensando di prendere un cane.	I was thinking about getting a dog.	5a24b486-aaf0-5165-9b69-ca122f1839d1	38	35
Tom, stavo giusto pensando a te.	Tom, I was just thinking about you.	2d1f5497-4998-53a8-a993-49d5e00c76c7	32	35
Tom non è stato a casa per tutta la settimana.	Tom hasn't been home all week.	6eed7436-d850-5005-9a68-46b2528e0b44	46	30
Sei pronto per l'esame di oggi?	Are you ready for today's exam?	fd7239db-6eb8-5587-96e7-30693000dfe5	31	31
Tu sei pronto per l'esame di oggi?	Are you ready for today's exam?	c0e4b286-efbd-5cfc-a5ec-a42521192934	34	31
Sei pronta per l'esame di oggi?	Are you ready for today's exam?	1005f101-370b-5cac-abbc-aa97b8990b05	31	31
Tu sei pronta per l'esame di oggi?	Are you ready for today's exam?	4fe17c60-1aec-5f88-9a43-a6f556e7072c	34	31
È pronta per l'esame di oggi?	Are you ready for today's exam?	33e86e28-ec9a-5aa6-a90e-2c17e9d6f789	29	31
Lei è pronta per l'esame di oggi?	Are you ready for today's exam?	fd759a24-71f4-5a9a-8b3b-b20888f88a7b	33	31
È pronto per l'esame di oggi?	Are you ready for today's exam?	ec080040-1997-5778-8e3f-2d0a3fa9b192	29	31
Lei è pronto per l'esame di oggi?	Are you ready for today's exam?	54a91669-71ed-57fe-a035-909220332809	33	31
Siete pronti per l'esame di oggi?	Are you ready for today's exam?	02cca776-3b42-5ff3-8764-7772d30e3018	33	31
Voi siete pronti per l'esame di oggi?	Are you ready for today's exam?	d188fad2-e689-5210-b110-4990aa0ac856	37	31
Siete pronte per l'esame di oggi?	Are you ready for today's exam?	c3c315f7-2957-560d-815a-c9f8cd19aecc	33	31
Voi siete pronte per l'esame di oggi?	Are you ready for today's exam?	bd99c83d-6fd0-5379-a6cd-b3e81aae6495	37	31
Hanno discusso le sue proposte alla riunione.	They discussed his proposals at the meeting.	b0684559-621e-5165-9ac7-bd3691497cd8	45	44
La porta è stata forzata.	The door has been forced.	bf4cdcfe-50af-5382-8260-4eb84eeaac43	25	25
Vuoi mangiare delle polpette di carne?	Do you want to eat meatballs?	c5b27369-4c75-576c-8d28-3d066fd89bbe	38	29
Tu vuoi mangiare delle polpette di carne?	Do you want to eat meatballs?	34f1713d-bb05-5ea6-b8e3-3306477f4fb6	41	29
Vuole mangiare delle polpette di carne?	Do you want to eat meatballs?	713f1fa4-ed2b-56f8-8ee6-76904dfdb40b	39	29
Lei vuole mangiare delle polpette di carne?	Do you want to eat meatballs?	3c8449f9-6974-558c-ba61-19da446a7416	43	29
Volete mangiare delle polpette di carne?	Do you want to eat meatballs?	b371f426-71c8-5e26-8e86-139f0f65e7e7	40	29
Voi volete mangiare delle polpette di carne?	Do you want to eat meatballs?	2fec913c-94f3-537b-9c4f-3984423d51d4	44	29
Non mi ricordo di lui.	I don't remember him.	b0d98a97-86a4-57c5-a190-6ed8506b39b1	22	21
Io non mi ricordo di lui.	I don't remember him.	b375bc29-3904-5634-8b97-b651b053a7c4	25	21
Il problema deve ancora essere risolto.	The problem still remains to be solved.	de0c48e9-2b79-54e9-9654-6fb9279a55d9	39	39
Tom è innamorato di me.	Tom is in love with me.	125bc19b-c1b1-5d45-b74c-26831bd6832f	23	23
Questa stanza ha l'aria condizionata.	This room is air-conditioned.	adcdf151-fa9a-5645-896b-3f260d4420bc	37	29
Questa macchina non ha l'aria condizionata.	This car has no air conditioning.	62d826d4-cc19-5b0d-9314-ad9426f1f4fb	43	33
Quest'auto non ha l'aria condizionata.	This car has no air conditioning.	6d2ba106-0b83-570f-8230-1017b1541569	38	33
Quest'automobile non ha l'aria condizionata.	This car has no air conditioning.	e572cf07-229f-5deb-95e8-884eafa66f9a	44	33
Tom dice che non gli piace l'aria condizionata.	Tom says he doesn't like air conditioning.	c4cd83a2-eb3b-5423-abde-b753dc410473	47	42
Tom dice che a lui non piace l'aria condizionata.	Tom says he doesn't like air conditioning.	be84eb74-2cfc-5d5c-9565-146f45147d43	49	42
Dovremmo agire rapidamente.	We should act quickly.	90ccdd44-631f-5c41-ab0a-97e96ad39ec8	27	22
Noi dovremmo agire rapidamente.	We should act quickly.	13263cea-136c-5a5a-8a6e-197082986497	31	22
A Tom piace evitare le grandi folle.	Tom likes to avoid large crowds.	bf93d09d-6423-56e2-b40b-291fd8084bd5	36	32
Io devo lavorare domani.	I have to work tomorrow.	68193daa-23da-5b51-867e-913897288411	24	24
Mi manca l'università.	I miss college.	5bc3043b-ca2e-56a4-bcf1-182009b1fd0d	22	15
A me manca l'università.	I miss college.	69327a8b-2c35-571d-8a36-20e36c141476	24	15
Chi li vorrebbe morti?	Who would want them dead?	286d99c6-13f0-5e8d-8ab8-c935970518c4	22	25
Chi le vorrebbe morte?	Who would want them dead?	4ec5e702-944a-535f-bafe-14534e4ca490	22	25
Tu odi ancora l'esperanto?	Do you still hate Esperanto?	1b2e7ffd-2511-5161-8a16-2e88388b861d	26	28
Lei odia ancora l'esperanto?	Do you still hate Esperanto?	aac70eee-0502-5dbc-9657-86c4f3702803	28	28
Voi odiate ancora l'esperanto?	Do you still hate Esperanto?	778cf933-afd8-5ec6-956b-4c974b69b8ee	30	28
Stavo guardando la TV.	I was watching TV.	7e480a75-8e93-5eaf-9b13-e3c3f4f21196	22	18
Io stavo guardando la TV.	I was watching TV.	0d8bd49b-d58e-5247-b956-ee169321e275	25	18
Mia madre è all'ospedale ora.	My mother is in the hospital now.	b566e849-c396-51f2-856b-7c351a2b06f8	29	33
Mia madre è all'ospedale adesso.	My mother is in the hospital now.	1a67d562-f415-5d19-87ee-d9e749af663a	32	33
C'è un uccello qui.	There is a bird here.	c2070f8d-a16c-5416-81b5-9772f1479ca6	19	21
Questo è un buono spettacolo.	This is a good show.	d8ddd69c-4637-5d68-97ad-b195fa48959e	29	20
Vorresti ordinare?	Would you like to order?	52a8c84c-ef4e-552b-8958-f3e1fabd18d7	18	24
Vorreste ordinare?	Would you like to order?	e7a10b13-d57c-584b-a453-48995a5b6362	18	24
Vorrebbe ordinare?	Would you like to order?	f1bc62a4-c88d-57a2-857f-bbfda6c7e18d	18	24
Questo è tutto quello che voglio.	This is all I want.	8c5857bc-a236-5785-ace3-caaab29f12dd	33	19
Questo è tutto ciò che voglio.	This is all I want.	f7808ba9-fa10-5816-8a53-3a6899a3ec5b	30	19
Gli ho dato qualche libro.	I gave him a few books.	af6d4bc7-45b7-5897-b23e-dd3ed64cfda8	26	23
Io gli ho dato qualche libro.	I gave him a few books.	b333717b-3202-581f-b0cc-7e627ed77b70	29	23
Gli diedi qualche libro.	I gave some books to him.	7f1e8d31-25a9-5af1-a8a4-c1af3dee5f64	24	25
Io gli diedi qualche libro.	I gave some books to him.	5647a2f1-f75e-54e3-9598-a02ea1204db2	27	25
Voglio farti una domanda.	I want to ask you a question.	c7a8251b-c49c-57bb-8602-f1013de86ffc	25	29
Voglio farvi una domanda.	I want to ask you a question.	edb5726b-760e-5c83-a8c6-c41681ea3a82	25	29
Voglio farle una domanda.	I want to ask you a question.	ca5d5830-fd38-51ca-90b8-f58b7225ee8f	25	29
Ti voglio fare una domanda.	I want to ask you a question.	c559aea6-2907-5b94-af7e-6e2fc1ee265e	27	29
Vi voglio fare una domanda.	I want to ask you a question.	f5ff353e-7134-5b11-8c4b-ba9e88ec7ff6	27	29
Le voglio fare una domanda.	I want to ask you a question.	381cb2ae-6f66-5186-8ba0-511577bf4e84	27	29
Hai delle camere più a buon mercato?	Do you have any cheaper rooms?	d07ba2a4-6338-5734-a274-20b54062a49d	36	30
Ha delle camere più a buon mercato?	Do you have any cheaper rooms?	406a5ea9-1ffb-51c3-be59-e2841c841829	35	30
Hai delle stanze più a buon mercato?	Do you have any cheaper rooms?	33f331a2-7cac-51c0-b343-b8ba492de760	36	30
Ha delle stanze più a buon mercato?	Do you have any cheaper rooms?	c2e9784d-3b06-505b-bce2-0ac4146ad840	35	30
Avete delle stanze più a buon mercato?	Do you have any cheaper rooms?	0400ae44-8850-5007-880f-3700c739bbde	38	30
Alzati presto domattina!	Get up early tomorrow morning!	570c80d8-42cf-5b62-859d-801ab5e8322a	24	30
Alzati presto domani mattina!	Get up early tomorrow morning!	f47faf21-5ef0-5f1c-a65b-d0f24da8b076	29	30
Alzatevi presto domattina!	Get up early tomorrow morning!	372cad39-18e9-5a4b-bbd4-9d97fc5afa52	26	30
Alzatevi presto domani mattina!	Get up early tomorrow morning!	6de5ee61-c6bf-59a3-be10-81de91be518e	31	30
Si alzi presto domattina!	Get up early tomorrow morning!	7f437e4c-d04f-5c4d-a41f-68136818598b	25	30
Si alzi presto domani mattina!	Get up early tomorrow morning!	3369b1fa-59fa-5aa5-b81d-01551d40e138	30	30
I bambini stavano scivolando sul ghiaccio.	The children were sliding on the ice.	962cd3dd-8a7e-517e-8190-7c598f2c2801	42	37
Tom è tornato a Boston.	Tom returned to Boston.	62939b2f-221b-5210-874e-ea427cc7edb5	23	23
Tom tornò a Boston.	Tom returned to Boston.	9938da37-0995-5c3d-84c0-d8e13d228319	19	23
Tom venne a casa.	Tom came home.	23083c8c-991e-5c95-a16f-9becb5e22e71	17	14
Mary si dichiara essere lesbica.	Mary declares herself to be a lesbian.	0ea9e5e8-0246-52e5-840d-aa6a7f07a086	32	38
Non mi ascolta nessuno quando parlo.	No one listens to me when I talk.	efb06597-f9dd-5b45-a8bf-b48cd648b07f	36	33
Qual è stato il tuo primo cellulare?	What was your first cellphone?	06a81a9b-b17c-5444-89e1-8ac0542477d0	36	30
Qual è stato il suo primo cellulare?	What was your first cellphone?	52428e6c-3564-5264-8906-b7b8213bd612	36	30
Qual è stato il vostro primo cellulare?	What was your first cellphone?	32885081-ff12-5c2a-9f26-d8dffda0297a	39	30
Qual è stato il tuo primo telefono cellulare?	What was your first cellphone?	9b4456ca-4129-56b4-b72f-9999a66ec0c8	45	30
Qual è stato il suo primo telefono cellulare?	What was your first cellphone?	26a409f0-1688-58e8-b082-3663529e4d64	45	30
Qual è stato il vostro primo telefono cellulare?	What was your first cellphone?	d714f280-f391-5ba0-bebe-e20d757f4760	48	30
Potresti abbassare la voce, per favore?	Could you please lower your voice?	294f4ca3-a14b-50b8-94ba-66c0f74ea2b0	39	34
Potresti abbassare la voce, per piacere?	Could you please lower your voice?	40eb829d-724a-55bc-8102-fe24a65689e7	40	34
Potreste abbassare la voce, per favore?	Could you please lower your voice?	f6ab4b25-01de-536c-a0d9-7eed8b28a899	39	34
Potreste abbassare la voce, per piacere?	Could you please lower your voice?	60b5fde2-4a57-5a92-98d4-da452741bbec	40	34
Potrebbe abbassare la voce, per favore?	Could you please lower your voice?	bdd1e4cc-3d03-5af5-8856-dc5f29a60fdb	39	34
Potrebbe abbassare la voce, per piacere?	Could you please lower your voice?	99c400a4-1408-5a4e-b2b5-6ecc48597a64	40	34
Riconosco quel tipo.	I recognize that guy.	d4b909f3-3d64-5b3e-b769-9f839dc3c97a	20	21
Io riconosco quel tipo.	I recognize that guy.	07784762-733a-5c1d-91cb-550fd95253d6	23	21
Riconosco quel tizio.	I recognize that guy.	f631b394-9faa-5d77-a195-e9c36f7a8afb	21	21
Io riconosco quel tizio.	I recognize that guy.	11ac2983-9a8b-59c4-99fb-6aefed860535	24	21
Lo riconosco quel tizio.	I recognize that guy.	1e9554b6-f13b-5fe1-9477-945550855567	24	21
Io lo riconosco quel tizio.	I recognize that guy.	660e5a30-821a-5662-8ab4-4889743c313d	27	21
Lo riconosco quel tipo.	I recognize that guy.	38620b1b-985e-5a86-8561-9791a3a6bcc7	23	21
Io lo riconosco quel tipo.	I recognize that guy.	d3c75d6b-013f-59b4-ba94-54fe78cc742b	26	21
Tom conosce Mary meglio di me.	Tom knows Mary better than I do.	9baff2f9-27be-577d-a5d0-47ee96dccea8	30	32
Pensavo che qualcosa fosse strano.	I thought something was strange.	435fd8a4-895a-57a7-8c2c-50f0204396ca	34	32
Io pensavo che qualcosa fosse strano.	I thought something was strange.	466b28dd-a29a-50cd-9c02-a4aad4bed72f	37	32
Siamo stati lì per circa tre anni.	We've been there for about three years.	bfdbd029-ee23-59eb-a4e6-7c4b87e0b5f4	34	39
Noi siamo stati lì per circa tre anni.	We've been there for about three years.	7c1a30af-33f4-55d9-a5e0-289fcd5767b9	38	39
Siamo state lì per circa tre anni.	We've been there for about three years.	4d6993fd-37d6-5e73-9be2-29a63724d60e	34	39
Noi siamo state lì per circa tre anni.	We've been there for about three years.	9f64717a-2b7c-5958-ac2b-b91829a8f810	38	39
Non merito di essere nella squadra.	I don't deserve to be on the team.	942ed43e-e01c-594e-a326-78e3e65fc156	35	34
Io non merito di essere nella squadra.	I don't deserve to be on the team.	55ac49f7-c14a-5471-8c3d-a8f27489426b	38	34
Ha il morbillo.	She has the measles.	9ec286a4-b7b5-5e27-9262-931496b1df56	15	20
Lei ha il morbillo.	She has the measles.	fa11da2c-398b-5e8b-9bf5-fd927bc53422	19	20
Due più due fa quattro.	Two plus two makes four.	dc4ec5de-b876-5b2f-8316-3850f93196da	23	24
Qual è la tua situazione?	What's your situation?	4eabaad5-c26a-50dc-a5ad-184e6a95f5c6	25	22
Qual è la sua situazione?	What's your situation?	af5f26f9-f3bd-5904-815d-612cee638793	25	22
Qual è la vostra situazione?	What's your situation?	fefecb16-6cbb-549b-b8b0-d0aba6b037da	28	22
Sono Julius.	I am Julius.	08680188-729f-58d6-a142-856acbac4675	12	12
Io sono Julius.	I am Julius.	c5bbe858-88d8-5ba8-bc9f-ea0532cf71b3	15	12
Tom non capisce per nulla il francese.	Tom doesn't understand French at all.	43ef00b9-ebee-51cf-b96c-2bdb0c2dc438	38	37
È una scrittrice di successo.	She's a successful novelist.	caad9523-5531-5aa0-9f5e-84ae32c27a06	29	28
Lei è una scrittrice di successo.	She's a successful novelist.	1a55e442-7cf5-5a2f-bb5b-c11d56141a7d	33	28
Tom è venuto qui molto tempo fa.	Tom came here a long time ago.	3650a8b8-93e6-5829-95a9-acf3375b9e5c	32	30
Tom è venuto qua molto tempo fa.	Tom came here a long time ago.	6dd08e4c-73c5-517f-b2f8-6777e3c4f21d	32	30
Ho già imballato.	I've already packed.	e05e180e-c8e5-522b-b710-32d3df41bdc9	17	20
Ho già impacchettato.	I've already packed.	5f3eafcd-bf4b-5eb7-b886-bddb153c6658	21	20
Ho rotto un vaso oggi.	I broke a vase today.	6964ed77-986c-5251-8b99-82ffe57b9f71	22	21
Io ho rotto un vaso oggi.	I broke a vase today.	4498b2ed-a91a-5661-9dbb-c9540dfef4a5	25	21
Sono qui perché penso di poterti aiutare.	I'm here because I think I can help you.	697cfc72-bbbe-56e8-87b2-eaa9f384eeb7	41	40
Io sono qui perché penso di poterti aiutare.	I'm here because I think I can help you.	17751d47-3654-5a6c-a115-45e3a4820f81	44	40
Sono qui perché penso di potervi aiutare.	I'm here because I think I can help you.	3ea524f1-8c23-5d13-9650-e9b5186a5f2b	41	40
Io sono qui perché penso di potervi aiutare.	I'm here because I think I can help you.	f1d4637a-2400-5e16-bc6e-afb95e05e3d6	44	40
Sono qui perché penso di poterla aiutare.	I'm here because I think I can help you.	27131367-6421-576c-81b7-fe8383cc33f5	41	40
Io sono qui perché penso di poterla aiutare.	I'm here because I think I can help you.	f90936c5-d37d-5d5f-b239-a9adbf91bca5	44	40
Tom è entrato nella sua stanza.	Tom walked into his room.	15b8c960-d875-5a62-9e64-f468d4689cfc	31	25
Tom entrò nella sua stanza.	Tom walked into his room.	6e50995c-4564-50b2-ade6-69ff133cd4aa	27	25
È quello che stavamo cercando.	That's the one we were looking for.	6d5f2b8f-6923-5b8d-9ed5-07b7d9edc756	30	35
È quella che stavamo cercando.	That's the one we were looking for.	008e947b-882c-531f-86aa-29d1661e7b2a	30	35
Eravamo obbligati ad ubbidire alla regola.	We were obliged to obey the rule.	c0a100cd-cd5e-546b-b31e-7fedcf8fb573	42	33
Noi eravamo obbligati ad ubbidire alla regola.	We were obliged to obey the rule.	cd6fef9c-8bf8-5cdc-a3ef-49faf6c32b42	46	33
Eravamo obbligate ad ubbidire alla regola.	We were obliged to obey the rule.	fb2a9469-dc51-5b11-99da-b9bc29914eb5	42	33
Noi eravamo obbligate ad ubbidire alla regola.	We were obliged to obey the rule.	5fa1f2c3-2d12-5320-a6a2-771f1e5e9e0c	46	33
Puoi restare con noi.	You can stay with us.	bf275652-31c5-5a97-b0b6-6e73fbb5d918	21	21
Tu puoi restare con noi.	You can stay with us.	9df4ebd7-62d4-5e57-af2c-580bebde16cc	24	21
Può restare con noi.	You can stay with us.	403a2dab-b4e4-5adc-8b4c-1cc07cd0865f	20	21
Lei può restare con noi.	You can stay with us.	f7a3f9a9-e771-5443-8a3e-e30d866043cc	24	21
Potete restare con noi.	You can stay with us.	254760f4-d96d-5d63-bcb6-9d84851f2249	23	21
Voi potete restare con noi.	You can stay with us.	2b2b22a1-4001-5e04-ab99-e0601a6bfc62	27	21
Puoi rimanere con noi.	You can stay with us.	38dd7070-017c-5f38-8f68-7755fbfe7aba	22	21
Tu puoi rimanere con noi.	You can stay with us.	18e39ed6-8fe0-519d-b835-b1acf59cf25c	25	21
Può rimanere con noi.	You can stay with us.	3cd8a060-4ab5-5422-b2f2-eeb57170b022	21	21
Lei può rimanere con noi.	You can stay with us.	a1bdc52a-bd9e-5bb3-9e09-dcddb06cf894	25	21
Potete rimanere con noi.	You can stay with us.	c02aef87-5b79-5da7-9a07-38fd5c59d2ae	24	21
Voi potete rimanere con noi.	You can stay with us.	529b18bd-617e-584d-83d2-d0b7cdd6bff8	28	21
Puoi stare con noi.	You can stay with us.	8b777852-d5ba-5622-a3da-f1ea6e69160d	19	21
Tu puoi stare con noi.	You can stay with us.	4e977928-443c-508b-93b0-4b599133b289	22	21
Può stare con noi.	You can stay with us.	a6722a7a-cea9-5093-805b-69b18677989b	18	21
Lei può stare con noi.	You can stay with us.	df980d4f-07cb-5c50-8ff1-538fe20df8fd	22	21
Potete stare con noi.	You can stay with us.	e2782479-e806-5751-9f38-e799e842a23e	21	21
Voi potete stare con noi.	You can stay with us.	7f166783-49a5-512e-94f5-6991035d4c32	25	21
È una cattiva abitudine.	It's a bad habit.	15c8f813-6104-55c6-805e-e07ab78dfd47	24	17
Tom si è ricordato qualcosa.	Tom remembered something.	b5da7b77-daed-5b16-95e4-5e603ad1d804	28	25
Tom si ricordò qualcosa.	Tom remembered something.	13af9aa8-c49f-55d1-b494-66e300b8a693	24	25
Queste sono delle buone domande.	These are good questions.	6ad9c180-ccb7-514e-8801-8f31027ff0dd	32	25
Queste sono tutte delle buone domande.	These are all good questions.	8b8a5796-6248-5f51-9644-e7b01696004b	38	29
Ho finito di scrivere il rapporto.	I finished writing the report.	133d30be-e930-5610-8345-57499caab658	34	30
Io ho finito di scrivere il rapporto.	I finished writing the report.	d75d7144-4309-5c5e-b12a-e4c78b9a9f11	37	30
Finii di scrivere il rapporto.	I finished writing the report.	e020bac0-ff06-5481-97b2-51bebfa12368	30	30
Io finii di scrivere il rapporto.	I finished writing the report.	73b6a49e-c549-597d-93eb-d61989fca407	33	30
Tom ha tremila libri.	Tom has three thousand books.	3c886bf1-42b9-5b8f-92c3-8bdaf82bacf0	21	29
Tom non ha chiesto dei soldi.	Tom didn't ask for money.	348f6484-5c82-5f6e-b2aa-3cc0e65610f4	29	25
Tom non chiese dei soldi.	Tom didn't ask for money.	a1bb90ec-ec7d-521c-a1c2-0cef17c7996a	25	25
Il banco vince sempre.	The house always wins.	6e82bb30-e0c4-590a-9171-f970b5d10bde	22	22
Forse dovremmo restare proprio qui.	Maybe we should stay right here.	70f705ae-05c1-5d63-9553-d28ff6998b99	35	32
Forse dovremmo rimanere proprio qui.	Maybe we should stay right here.	65211b13-51b4-54a1-9a93-adb175cb3f8f	36	32
Tom sta sempre tramando qualcosa.	Tom is always up to something.	6681d9d0-ed56-5fc9-bc91-2b7022c9a69b	33	30
Penso spesso a te.	I think about you often.	7d46b865-96e3-5195-823c-e268ae0e08e2	18	24
Io penso spesso a te.	I think about you often.	85cec413-d5c6-53ac-947b-c65726600247	21	24
Penso spesso a voi.	I think about you often.	3ce8e7b3-b261-558e-8266-c80b2c9acf03	19	24
Io penso spesso a voi.	I think about you often.	3e74e5bb-e54c-5701-acb3-0ad1eac1dc7a	22	24
C'è un luccio nello stagno.	There is a pike in the pond.	55f60198-5221-5728-845d-2e526aadcb47	27	28
I lucci sono commestibili?	Are pike edible?	76bec0d4-2aef-59d4-b6bb-765e8f7c48b2	26	16
Il luccio non è ancora colpito.	The pike is not yet struck.	226dd58c-e52b-5b14-b0da-04cce3d8d1dc	31	27
Tom non veste mai di rosa.	Tom never wears pink.	829a4937-3b55-5b1e-83be-e7b190c7d0bc	26	21
Non lo ripeterò.	I won't say it again.	95315c1c-163a-5582-a102-28aa9919eee8	16	21
Io non lo ripeterò.	I won't say it again.	8230cd07-2cee-523d-8190-ba3fe8d46e0b	19	21
Non la ripeterò.	I won't say it again.	81f0ebab-bf63-5503-a61b-825ee3c3e7c6	16	21
Io non la ripeterò.	I won't say it again.	384fb21f-0ec4-5fb7-93e3-c2529ea6f171	19	21
È un morso molto grande.	That's a very big bite.	d9478127-fa02-59f9-99f7-7aebe13752cd	24	23
Ha sputato per terra.	He spat on the ground.	6ca955b3-8aee-5222-be76-d4556fd14240	21	22
Lui ha sputato per terra.	He spat on the ground.	29a61d4d-ac17-5c93-a9e1-c8b15c3a9da3	25	22
Sputò per terra.	He spat on the ground.	f711e8da-ee86-58ad-bd8c-b67400f93d3c	16	22
Lui sputò per terra.	He spat on the ground.	025b8a03-b5fe-5d10-96aa-11b61acc23db	20	22
Quelli sono i miei ordini.	Those are my orders.	1186fb7e-5cc5-5bff-9a48-48ad204f9431	26	20
Non studio quanto dovrei.	I don't study as much as I should.	59b3caab-7878-5a8c-85ca-f2b1b17d2deb	25	34
Io non studio quanto dovrei.	I don't study as much as I should.	8291c557-1141-5375-9e24-2e6a42de31cd	28	34
Quanto spesso succede?	How often does that happen?	3e1a2c09-def0-5f58-89cd-cec3349305c8	22	27
Devi fare questo.	You need to do this.	fa4f39ed-d6ec-5f0c-a727-66ff42a83eee	17	20
Tu devi fare questo.	You need to do this.	d1d45d32-ce8f-54e1-b07d-33fa26d7afa1	20	20
Deve fare questo.	You need to do this.	8fcb9ae7-feee-5d5f-9131-12b36d6436ef	17	20
Lei deve fare questo.	You need to do this.	36c61deb-5d1c-5655-940c-9e6750a099fb	21	20
Dovete fare questo.	You need to do this.	0e926042-deab-56c1-8b78-3b8cdd00d18e	19	20
Voi dovete fare questo.	You need to do this.	1643b79f-7620-5434-a437-f9e898563de2	23	20
Eri ubriaco ieri sera, vero?	You were drunk last night, weren't you?	2faafdd2-6ade-597e-823f-a156e9373ac3	28	39
Tu eri ubriaco ieri sera, vero?	You were drunk last night, weren't you?	910f3972-dc51-5169-8b07-a2dbb73d7179	31	39
Eri ubriaca ieri sera, vero?	You were drunk last night, weren't you?	005cc9ff-1e0d-5c8b-bfd8-022aa317e6b9	28	39
Tu eri ubriaca ieri sera, vero?	You were drunk last night, weren't you?	2f349f36-aa47-597e-be41-6ff8056d5cc3	31	39
Era ubriaca ieri sera, vero?	You were drunk last night, weren't you?	d0367207-36dc-574e-acb4-8f44b6589c01	28	39
Lei era ubriaca ieri sera, vero?	You were drunk last night, weren't you?	4be15066-148a-5458-8a9e-dad725844834	32	39
Era ubriaco ieri sera, vero?	You were drunk last night, weren't you?	37b15503-c47d-5443-b292-57738c9a16bf	28	39
Lei era ubriaco ieri sera, vero?	You were drunk last night, weren't you?	660aa81d-96c5-591d-90dd-0133ac665b9b	32	39
Eravate ubriachi ieri sera, vero?	You were drunk last night, weren't you?	de26b111-9611-5093-961d-4946a33053f8	33	39
Voi eravate ubriachi ieri sera, vero?	You were drunk last night, weren't you?	5f84241c-264e-5fc5-a918-658d8ee9baa6	37	39
Eravate ubriache ieri sera, vero?	You were drunk last night, weren't you?	05b52b6a-e818-5afa-8c4a-c9ebcc97cdd5	33	39
Voi eravate ubriache ieri sera, vero?	You were drunk last night, weren't you?	02eedb6e-6827-5744-ac2a-e02ebcaae4bf	37	39
Ti sei perso la parte migliore.	You missed the best part.	38963e80-ae43-5b42-9072-67e17a621bcc	31	25
Ti sei persa la parte migliore.	You missed the best part.	170e60ad-3017-5a4c-9ca0-1174d7474211	31	25
Si è perso la parte migliore.	You missed the best part.	8038806c-7af8-5ad8-9332-e229a5376d34	29	25
Si è persa la parte migliore.	You missed the best part.	ef9d9d23-e362-5080-ae79-eb3edffb404c	29	25
Vi siete persi la parte migliore.	You missed the best part.	e68e2afa-fe9f-525d-9895-a9d6b43adcec	33	25
Vi siete perse la parte migliore.	You missed the best part.	95fea237-500e-5772-ab45-f7e8c022bc75	33	25
L'hanno scuoiato vivo.	They skinned him alive.	52a3d955-c6c7-57b5-81bc-0a0bd5ab8fd5	22	23
Lo scuoiarono vivo.	They skinned him alive.	aa311c55-fd96-558b-90d6-d60301fdcc04	19	23
La donna osserva, l'uomo decide.	Woman observes, man decides.	519a2648-2778-5dc5-84a3-8c348a046335	32	28
Le donne osservano e gli uomini pensano.	Women observe and men think.	29870f39-63ae-5a30-9fb6-f36fb4ee365d	40	28
Siamo tutte uguali.	We're all the same.	4eb7b652-be15-59d5-9732-4e5e6ebc4543	19	19
Noi siamo tutte uguali.	We're all the same.	2121a615-087c-5eba-82d8-3b66eda0ee9e	23	19
È un affare fatto.	It's a done deal.	e2f8a258-b582-51c9-856a-9ea05b063ce2	18	17
Fu chiamato come suo nonno.	He was named after his grandfather.	ff458c87-b526-5035-a874-ce321ade8baf	27	35
Lui fu chiamato come suo nonno.	He was named after his grandfather.	8b468ee5-3ac0-594a-84ec-56148196c482	31	35
Conduco una vita ordinaria.	I lead a regular life.	eedd4e2e-3a38-5204-8a6c-f9b31d092638	27	22
Io conduco una vita ordinaria.	I lead a regular life.	0ebacb5b-473f-5cea-91e7-8bb565b23cf3	30	22
Non mi piace parlare con la gente che non conosco.	I don't like talking to people I don't know.	2d3ef323-447e-5c34-b422-506e5591585f	50	44
Qualcuno deve parlare con lei.	Somebody's got to talk to her.	476f73e7-88eb-5f7f-86ec-d9906cc15a92	30	30
Qualcuno deve parlarle.	Somebody's got to talk to her.	bee9dbc5-8fe3-5c3c-b1a0-5f806c5b06e2	23	30
Qualcuno deve parlare con Tom.	Somebody's got to talk to Tom.	c337a415-621b-54f3-a688-0a163ee07f6e	30	30
Qualcuno deve parlare con loro.	Somebody's got to talk to them.	a5c26ce8-e072-5a8f-a305-c3705f5d6524	31	31
Qualcuno deve parlare con lui.	Somebody's got to talk to him.	d8bc8286-bb59-51b6-98e9-22cad6d5cb7c	30	30
Qualcuno deve parlargli.	Somebody's got to talk to him.	e2bb43fb-c32e-5b5a-a05a-912b5d0704fe	24	30
Vorrei una stanza con l'aria condizionata.	I would like an air-conditioned room.	3378e4f0-e8e6-502f-9c8f-def37a31cff4	42	37
Io vorrei una stanza con l'aria condizionata.	I would like an air-conditioned room.	bfd710ce-ffe6-5e23-b7e6-472907f1a5d1	45	37
Vorrei una camera con l'aria condizionata.	I would like an air-conditioned room.	103bcb26-5fe9-501c-8ffe-b007b8081273	42	37
Io vorrei una camera con l'aria condizionata.	I would like an air-conditioned room.	27226688-b4a1-5fe7-8547-e87df8b18d3d	45	37
Lo sapevo che non eri di queste parti.	I knew you weren't from around here.	c36b352d-b8b9-5deb-8817-bf29ff0e1597	38	36
Io lo sapevo che non eri di queste parti.	I knew you weren't from around here.	00fc2e6d-bdb1-5eef-a644-fc67952e2701	41	36
Lo sapevo che non era di queste parti.	I knew you weren't from around here.	453b1457-1d96-5238-b900-4246893311be	38	36
Io lo sapevo che non era di queste parti.	I knew you weren't from around here.	8ef42ba2-e54e-5cdd-8a25-441bb6399c42	41	36
Lo sapevo che non eravate di queste parti.	I knew you weren't from around here.	7c726a4d-61f2-56cd-b894-0d06bcd1338d	42	36
Io lo sapevo che non eravate di queste parti.	I knew you weren't from around here.	36fcea00-028d-5808-873a-240cc2a4e219	45	36
Gli hai mentito.	You lied to him.	d27b023d-2373-5920-a2c9-8dafe32549d6	16	16
Tu gli hai mentito.	You lied to him.	090117b6-0183-5645-8bc4-f3d7c2fb9b71	19	16
Gli ha mentito.	You lied to him.	fe97654f-efc0-50da-9eec-1969ba5f4f3f	15	16
Lei gli ha mentito.	You lied to him.	c11a33c9-d2ea-5a55-b5bc-62e2b6b14d74	19	16
Gli avete mentito.	You lied to him.	1dea1296-43e1-511f-bc99-137e07a47a28	18	16
Voi gli avete mentito.	You lied to him.	52a17566-710f-56e0-9765-4d48a5d9306e	22	16
Le hai mentito.	You lied to her.	61c18471-9f9e-5f38-b5f1-8359d8bf432b	15	16
Tu le hai mentito.	You lied to her.	0a7ede40-df2e-5d89-982b-4dd2d3a95c94	18	16
Le avete mentito.	You lied to her.	625645a8-051c-5248-9203-296cfb58845b	17	16
Voi le avete mentito.	You lied to her.	ff24c8a0-f7c7-579d-b91b-6592dd3d9257	21	16
Tom è un cuoco molto migliore di me.	Tom is a much better cook than I am.	fa02408d-545d-5d33-af15-a3f4129db10d	36	36
Un'altra birra, per favore!	One more beer, please!	c983ff50-3223-5420-a58a-c0a9a25e14ef	27	22
Un'altra birra, per piacere!	One more beer, please!	3397fdb7-155c-5ba4-9117-c21cd1edfc4d	28	22
Puoi citarmi.	You may quote me.	bd249efe-e539-5b2f-ba63-966185895918	13	17
Tu puoi citarmi.	You may quote me.	24e1ae1f-af72-5a05-b399-a5fd941502f6	16	17
Può citarmi.	You may quote me.	ee2d8d14-64f6-59df-a8df-5632d7d4086e	12	17
Potete citarmi.	You may quote me.	3ee47ef0-fd92-5e91-b9d0-64714b1cdbe3	15	17
Lei può citarmi.	You may quote me.	62754c58-26db-5744-b7b0-f95a61e9923e	16	17
Voi potete citarmi.	You may quote me.	2942955c-d611-5aaf-a3bc-c8277970582f	19	17
Mi puoi citare.	You may quote me.	8aedf7db-9b10-59c8-b530-0ff29ab85336	15	17
Tu mi puoi citare.	You may quote me.	1a299f17-780c-53e5-b445-3e6e939589fa	18	17
Mi può citare.	You may quote me.	6111acea-8c36-5660-ab7c-b6545985620a	14	17
Lei mi può citare.	You may quote me.	7c01f336-523b-5ddb-a401-ae62e17dfbed	18	17
Mi potete citare.	You may quote me.	0c93b1e0-c98b-5caf-a9c3-6b79c480577c	17	17
Voi mi potete citare.	You may quote me.	1ee03b0c-3284-564c-ae78-a09f94f0a69c	21	17
Lo faranno.	They'll do it.	7ccda8b6-5c71-5304-bb80-7e553d43c94f	11	14
Loro lo faranno.	They'll do it.	87ef58ec-95b0-5945-a38a-16753b6a9f77	16	14
La faranno.	They'll do it.	71aeddf2-218e-5981-afcd-c2af18c584ae	11	14
Loro la faranno.	They'll do it.	0e39fe4f-ac49-5ada-b1d1-fe9ed3130d64	16	14
Non ci vediamo dai tempi dell'università.	I haven't seen you since college.	df6a5058-4ebc-59dc-abc2-3abc3d366f39	41	33
Noi non ci vediamo dai tempi dell'università.	I haven't seen you since college.	fde9298b-f800-50e0-adb5-3590569438bf	45	33
Sono stanco di questo.	I'm tired of this.	89bad954-7b87-548f-b74e-78c6ca77166a	22	18
Io sono stanco di questo.	I'm tired of this.	ffd80d92-680f-530b-8ec2-b9bb0d3d48a9	25	18
Sono stanca di questo.	I'm tired of this.	6a3601fa-02d3-5767-802b-fdc88af8e828	22	18
Io sono stanca di questo.	I'm tired of this.	8447b896-cc18-583c-ac94-31309d497e44	25	18
Ora sta a te il servizio.	Now it's your serve.	53e6228c-4751-55d0-aad6-c4f00d72dbb6	25	20
Adesso sta a te il servizio.	Now it's your serve.	7a723586-0953-5e5a-8cb2-33533c58386a	28	20
Ora sta a voi il servizio.	Now it's your serve.	4888d525-6d43-5418-8de1-08064be800bf	26	20
Adesso sta a voi il servizio.	Now it's your serve.	7cff47a5-0ed9-572f-9d95-3e78d96cfd9c	29	20
Ora sta a lei il servizio.	Now it's your serve.	038edfb4-9aeb-5dea-acd0-4fbb00b029e6	26	20
Adesso sta a lei il servizio.	Now it's your serve.	35dcb553-d77b-55e9-9e7f-2f20c6e5b003	29	20
Qualcuno qua si fida di Tom?	Does anybody here trust Tom?	81e2dded-50c5-5c3c-a085-c631c19bab1a	28	28
L'ha già fatta.	She has done it before.	8d183c30-6d67-5b81-8478-08c2464a025a	15	23
Lei l'ha già fatta.	She has done it before.	b9998028-b2d3-5775-baa8-83a3cc770cca	19	23
L'ha fatta prima.	She has done it before.	cf328f93-fbe3-57cd-8aa2-ac068255c263	17	23
Lei l'ha fatta prima.	She has done it before.	70966032-381f-5e28-bf5c-7f4f8bb421ce	21	23
Lui l'ha già fatta.	He's done it before.	efcac3a4-2cb7-5386-9374-265cee39912c	19	20
Lui l'ha fatta prima.	He's done it before.	6004dc36-7471-5c44-8f38-510086d63340	21	20
I miei genitori sono molto rigidi.	My parents are very strict.	8b9d8810-101b-5e5c-af8f-f05a69e83cbb	34	27
I miei genitori sono molto severi.	My parents are very strict.	d0884940-917d-5f11-9b07-d93de1e055f8	34	27
I miei genitori sono molto rigorosi.	My parents are very strict.	abdd4910-70c7-5373-9570-c16e73cd27eb	36	27
Il negoziato si è concluso con un fallimento.	The negotiation ended in failure.	77ce798c-160d-5775-b510-476c66b52cd1	45	33
Il negoziato si concluse con un fallimento.	The negotiation ended in failure.	468674cf-e5ae-557b-ab11-31b063f363c0	43	33
La trattativa si è conclusa con un fallimento.	The negotiation ended in failure.	7f96cf8a-6593-5d3a-bbab-2d90b748eae3	46	33
La trattativa si concluse con un fallimento.	The negotiation ended in failure.	e3210b80-7fcc-590c-8b7d-39342a42ae33	44	33
Non può essere negato.	That can't be denied.	0afaf8c9-2aef-5cd3-ad66-1018a20aa990	22	21
Non va bene, Tom.	That's no good, Tom.	b945f1bb-8bcb-5ede-a49b-fcfe08dd8a70	17	20
La sua storia è in parte vera.	His story is partially true.	3e8512d9-cc24-5c63-93f0-819ecc106ac5	30	28
Il mio navigatore GPS non funziona all'estero.	My GPS navigator doesn't work abroad.	de4dc495-c76b-5295-8c63-10ef326a7023	46	37
Tom non ha forza di volontà.	Tom has no will power.	67970c6f-6658-5aa9-9038-65fb88a9c00f	28	22
Non conosco il nome di quel tempio.	I don't know the name of that temple.	8fa9201c-9a32-5d66-859c-477c2eb6719a	35	37
Io non conosco il nome di quel tempio.	I don't know the name of that temple.	cc900cfc-3046-594a-8d09-44916881a16f	38	37
Voglio essere in grado di parlare in francese.	I want to be able to speak French.	71d01453-52b5-5058-b45b-d5d948cdedb2	46	34
Io voglio essere in grado di parlare in francese.	I want to be able to speak French.	eeccee41-4543-5eb4-9fad-0a23bb149df1	49	34
È pelle sintetica.	That's imitation leather.	d9c82b7a-0ac8-5f64-9bbd-e4f03629903a	18	25
Le notizie non possono essere vere.	The news can't be true.	89622223-209c-5e6a-9bc0-b36cc2b23331	35	23
Ho perso il tuo numero.	I lost your number.	2074b017-dea9-51b5-8f3c-a26067f4922a	23	19
Io ho perso il tuo numero.	I lost your number.	eec1d543-0ed5-5025-8657-c39e95fc148d	26	19
Io ho perso il suo numero.	I lost your number.	1126ff70-5126-5d09-964b-6955f29616bc	26	19
Ho perso il vostro numero.	I lost your number.	20b0ebfc-04f5-5267-bf62-13201a86d25e	26	19
Io ho perso il vostro numero.	I lost your number.	d32aa5f7-e54b-56ce-803b-71c4fbeecf94	29	19
Ha un fantastico corpo.	He has a great body.	2e9fbd3b-1cd4-5e64-b59c-12e8ac7e73c8	23	20
Lui ha un fantastico corpo.	He has a great body.	b0f728ec-d496-5bf5-859e-fd24791a7c10	27	20
Non ha una sorella.	He doesn't have a sister.	ed4ebbcb-299f-546b-8db5-5a5a2da4eba6	19	25
Lei non ha una sorella.	He doesn't have a sister.	0ebe713f-5ca6-5418-acc3-7f00d81efd02	23	25
Non ha sorelle.	He doesn't have a sister.	0f4014a9-b177-5b96-a584-8fb0d9e17d1b	15	25
Lui non ha sorelle.	He doesn't have a sister.	521868f0-71fb-5e1a-9758-a486f9a0cf3c	19	25
Tua mamma è meglio di tua sorella.	Your mum is better than your sister.	807f0b68-9be7-5cbe-88ac-303016c786fa	34	36
Il suo corpo non è mai stato trovato.	His body was never found.	44b63cc8-07fd-5ef6-a1b6-8881eb1f4ac3	37	25
Il suo corpo non fu mai trovato.	His body was never found.	2d6007c7-aeae-5915-94ca-745e6bf96af0	32	25
Tom è un preadolescente.	Tom is a preteen.	6f7b15b9-2cb2-5248-b143-d95e8b3f07ff	24	17
Non sono stato io!	It wasn't me.	b3c71efb-7c40-5094-882f-2c6fd5ba166f	18	13
Non ero io.	That wasn't me.	8911636a-730d-5438-a112-5b4432bf4604	11	15
Guarda quei pesci nello stagno.	Look at those fish in the pond.	4a0611c9-e033-58ac-a88c-eb3428733347	31	31
Guardate quei pesci nello stagno.	Look at those fish in the pond.	d8fa8649-b13f-561e-8ab2-ac9867a77aa5	33	31
Guardi quei pesci nello stagno.	Look at those fish in the pond.	d44411a3-3d66-5dab-9010-914c653dc812	31	31
Ne abbiamo uno?	Do we have one?	c5f3942f-e41a-5bd6-9869-c5f041e68ca1	15	15
Noi ne abbiamo uno?	Do we have one?	10a9e901-d434-5734-9b02-104f455e6590	19	15
Ne abbiamo una?	Do we have one?	eb041bd9-4a21-5efd-b169-3f5772bb3cf9	15	15
Noi ne abbiamo una?	Do we have one?	0ceb0c9f-e247-564e-9a38-c54f753eb535	19	15
Ehi, dove mi stai portando?	Hey, where are you taking me?	6892821e-8e93-5f8a-8dc5-59068f8b5d30	27	29
È tutto soddisfacente?	Is everything satisfactory?	55e037fc-8a64-5f64-a721-2a25bc716523	22	27
Non mi disturba.	It doesn't bother me.	b9d62829-c7ef-59d2-9da8-5106141f40b1	16	21
Tom ha detto che sarebbe venuto.	Tom said that he would come.	e335a2f3-0a2b-5f43-a0b2-0726569f41b3	32	28
Tom ha detto che lei sarebbe venuto.	Tom said you would come.	5a96aed1-d47c-5280-ba43-5f2812d9a823	36	24
Tom ha detto che sarebbe venuta.	Tom said you would come.	52822201-edf3-544b-8466-522bd3174bcf	32	24
Tom ha detto che saresti venuto.	Tom said you would come.	3bebb65c-1864-5f09-bd42-b65f3c359251	32	24
Tom ha detto che tu saresti venuto.	Tom said you would come.	1e75ca4d-aa73-5887-a9e8-cdd02f0d8c85	35	24
Tom ha detto che saresti venuta.	Tom said you would come.	23e55b96-4f61-5c9c-b2ed-3689d7c442b0	32	24
Tom ha detto che tu saresti venuta.	Tom said you would come.	4dbac2cb-a605-549c-a17b-ea658102ec9d	35	24
Tom ha detto che sareste venuti.	Tom said you would come.	886fbbcf-c494-5f04-bf44-7d7846044e10	32	24
Tom ha detto che voi sareste venuti.	Tom said you would come.	ace74266-61f6-5d5d-8a79-35a2afdbe7f7	36	24
Tom ha detto che sareste venute.	Tom said you would come.	68896b37-daa9-5637-9b4e-cd49761a443f	32	24
Tom ha detto che voi sareste venute.	Tom said you would come.	e6749b2d-9f09-5b38-9f18-5ef11303a3d2	36	24
Sua figlia è un'infermiera.	Her daughter is a nurse.	37cce463-a1c8-5f43-8da2-5b2de3293b83	27	24
Il baseball è molto più divertente del golf.	Baseball is a lot more fun than golf.	04579814-9768-5c4f-b75a-f53b70d48e3c	44	37
È un calciatore.	He is a soccer player.	acea2d2c-6fb9-57fd-872a-e1f21bf36e01	16	22
Lui è un calciatore.	He is a soccer player.	bdd4cdd8-8089-5513-9019-fd13d7c175ef	20	22
Vorresti qualcosa?	Would you like anything?	0ee37702-32d9-503d-91db-efb645303ad8	18	24
Tu vorresti qualcosa?	Would you like anything?	e375a7c5-86a1-5780-82df-f82124d1a653	21	24
Vorreste qualcosa?	Would you like anything?	b7763f82-05f8-5ae1-9c5d-eeeb51a796c9	18	24
Voi vorreste qualcosa?	Would you like anything?	6606baf9-d938-516b-8671-0082f90fb882	22	24
Vorrebbe qualcosa?	Would you like anything?	e001949f-5c38-5b39-8c9a-bac7382cec54	18	24
Lei vorrebbe qualcosa?	Would you like anything?	b4ea5366-96c6-5108-8be3-ec6eb305e333	22	24
Come sembra?	How does that sound?	dbbbbc8d-6a59-5f33-8d25-476ed0926461	12	20
Vengo dalla città.	I'm from the city.	d480fc49-88e7-5d85-b57c-3cdc9f51601b	18	18
Io vengo dalla città.	I'm from the city.	0732fe18-f83a-59c4-b4df-da611b5b1e07	21	18
Voglio il vostro sangue.	I want your blood.	4f110f68-df5f-52e2-86fa-7e8e9a68ba64	24	18
Io voglio il vostro sangue.	I want your blood.	aeab233a-c052-5888-ba88-f68c955f0a4a	27	18
Voglio il suo sangue.	I want your blood.	ae30dd2d-e4fc-52d9-b620-dd202883e24e	21	18
Io voglio il suo sangue.	I want your blood.	5cd6b943-a5f4-5839-baf2-421f0069d322	24	18
Voglio il tuo sangue.	I want your blood.	1d40cdd3-ac6b-52e6-930d-b0bb51e664a5	21	18
Io voglio il tuo sangue.	I want your blood.	5e14f987-f811-5217-91b4-c3fd88f39823	24	18
Non sto cercando di farti sentire colpevole.	I'm not trying to make you feel guilty.	88c53af3-7a02-5eae-bbd4-246f419d140b	44	39
Io non sto cercando di farti sentire colpevole.	I'm not trying to make you feel guilty.	1f3fead8-8f61-57d3-b01c-4616b2a95556	47	39
Non sto cercando di farvi sentire colpevoli.	I'm not trying to make you feel guilty.	bf6bb154-9d69-5a1a-b5cb-c7559f62d094	44	39
Io non sto cercando di farvi sentire colpevoli.	I'm not trying to make you feel guilty.	0909322c-a1bf-5847-99e1-da8888dfbda4	47	39
Non sto cercando di farla sentire colpevole.	I'm not trying to make you feel guilty.	e3cb10bc-5555-5bc5-80f1-2217720d6bdd	44	39
Io non sto cercando di farla sentire colpevole.	I'm not trying to make you feel guilty.	a2835da4-e68e-5349-8fc8-58850085cab6	47	39
È molto pulito.	He's very clean.	5f101405-cd3d-513a-a40c-5b82d7dac459	15	16
Lui è molto pulito.	He's very clean.	a080734d-ae9d-5984-b358-687b329f77ca	19	16
È molto pulita.	It's very clean.	b548194a-28c1-5047-bbd7-86fba417e5ff	15	16
Lei è molto pulita.	She's very clean.	3ca88ab3-eda4-561b-9fca-8595953cf55c	19	17
Sei molto pulito.	You're very clean.	bd87ac60-a0ea-5cc8-8980-745a2605a6e3	17	18
Tu sei molto pulito.	You're very clean.	3f7d55f2-0dcc-581b-9b33-fac87d8e49c9	20	18
Sei molto pulita.	You're very clean.	f584f8e5-9c15-5715-9822-137db8c772c4	17	18
Tu sei molto pulita.	You're very clean.	65923d0c-5927-57fa-8082-5887b5f07225	20	18
Lei è molto pulito.	You're very clean.	b9b0cf61-bb55-59e8-984c-96df5cb02461	19	18
Siete molto puliti.	You're very clean.	22ebf2a4-eff7-5126-9243-cb36afbcea36	19	18
Voi siete molto puliti.	You're very clean.	19ead2b7-8924-55e0-824a-310720296355	23	18
Siete molto pulite.	You're very clean.	e4341453-80fe-59cb-8305-5c959b2abd1f	19	18
Voi siete molto pulite.	You're very clean.	fe4f02e2-f618-5f79-af70-4e4fa4864d75	23	18
È una parola noiosa.	It's a boring word.	7941ef03-ed47-5517-8cf7-dc25abc3c78d	20	19
Parla un inglese fluente.	He speaks fluent English.	228bfb07-5992-58f2-a9f9-0928fb0c8f26	25	25
Lui parla un inglese fluente.	He speaks fluent English.	4ada0707-7852-5902-b729-4cb67f3646ee	29	25
Parla fluentemente l'inglese.	He speaks fluent English.	7d6b742e-9577-52ac-85a5-d966bf427033	29	25
Lui parla fluentemente l'inglese.	He speaks fluent English.	06dd79d8-23bc-588e-a8c3-b91e5b4c2374	33	25
Puoi tenermi la mano.	You can hold my hand.	4c70757e-bfcc-5efd-9873-71dd7af90446	21	21
Mi puoi tenere la mano.	You can hold my hand.	d317f612-03fd-586e-ba25-b297ba9dabc9	23	21
Può tenermi la mano.	You can hold my hand.	c18795a7-574d-535b-ae03-b628c603e952	20	21
Mi può tenere la mano.	You can hold my hand.	ff0824bf-e0c3-5069-b771-1038e2ac6684	22	21
Potete tenermi la mano.	You can hold my hand.	04ad06d6-0ee1-513a-b52d-91a6a62935a2	23	21
Mi potete tenere la mano.	You can hold my hand.	b3900f23-0a72-5168-bbc7-cdef66413f5b	25	21
Non ti piacerebbe Tom.	You wouldn't like Tom.	6276ee09-6a44-58a1-bf32-e2dc5378d165	22	22
Non vi piacerebbe Tom.	You wouldn't like Tom.	c0477940-04bf-5770-88ef-2b26c51aebd0	22	22
Non le piacerebbe Tom.	You wouldn't like Tom.	ce7d0546-9376-5e35-804b-4b52644aa1cd	22	22
A te non piacerebbe Tom.	You wouldn't like Tom.	2736b898-81a3-5d57-bfce-c057465f8304	24	22
A voi non piacerebbe Tom.	You wouldn't like Tom.	eb56a9ea-c6f2-511b-bcb1-478dfa50c7b5	25	22
A lei non piacerebbe Tom.	You wouldn't like Tom.	08af62a5-e3bb-5432-83ec-83e5ab22d8a8	25	22
Questo criminale è moralmente depravato.	This criminal is morally depraved.	0d221429-cebc-5eb1-be66-526aa91c14ab	40	34
Non siamo dei barbari.	We're not barbarians.	16a802ea-c5f8-5b47-b148-38a2afb7e624	22	21
Noi non siamo dei barbari.	We're not barbarians.	0c003ec7-a509-5607-b59a-8d3507224411	26	21
Non siamo delle barbare.	We're not barbarians.	65d26d75-87b9-5011-8ba5-2dd3b3a6fb15	24	21
Noi non siamo delle barbare.	We're not barbarians.	6c4b8a1b-f3d5-5c15-891c-7fd36b69b664	28	21
Tom se ne sta andando a casa.	Tom is leaving home.	03bc0815-461d-5faa-af6c-4c9ad766805d	29	20
Vorrei un'altra tazza di tè prima di andare.	I would like another cup of tea before I go.	1702a603-2cc0-524c-b05d-1e4548f77176	44	44
Io vorrei un'altra tazza di tè prima di andare.	I would like another cup of tea before I go.	3402e01a-6aad-59e4-9b67-fdf9c9663094	47	44
Sarò a casa in tempo per la cena.	I'll be home in time for dinner.	431f2eb6-5e13-5855-9362-98af0e70ed8a	33	32
Io sarò a casa in tempo per la cena.	I'll be home in time for dinner.	5b6c0233-b6a9-561f-8c73-e1a30e20a3de	36	32
L'uomo non mangia l'uomo.	Man doesn't eat man.	c211bc91-469b-59d3-a0eb-f7f046f3813d	25	20
Uomo non mangia uomo.	Man doesn't eat man.	198f2d1a-af96-5464-8fd1-a9e976bfa451	21	20
Non deve mangiare così tante caramelle.	You must not eat so much candy.	e3dd94ff-220a-5848-9254-57af811a113a	39	31
Non dovete mangiare così tante caramelle.	You must not eat so much candy.	00abea86-6e9f-56aa-b896-420e26c17776	41	31
Il pranzo è incluso nel giro?	Is lunch included in the tour?	d9e32347-0ca4-54b5-a535-ab8ca9739efb	29	30
Il pranzo è incluso nel tour?	Is lunch included in the tour?	eaceb8c7-8e48-5564-9beb-fd882e9ea810	29	30
Sei sfortunato?	Are you unlucky?	ccae1f01-d5ff-506e-9792-37f69eaf2380	15	16
Tu sei sfortunato?	Are you unlucky?	79e7c05a-9915-502d-89d5-2e731b24dc9d	18	16
Sei sfortunata?	Are you unlucky?	fe6975a9-beff-5763-820b-c4aef9059402	15	16
Tu sei sfortunata?	Are you unlucky?	252ebbf1-5b1b-58f3-8724-e01f8d6789b0	18	16
È sfortunata?	Are you unlucky?	01ccf39d-5b71-513f-b463-410655fcd1e3	13	16
Lei è sfortunata?	Are you unlucky?	fe0ec73d-bf8e-5321-bf00-f4de9063eddf	17	16
È sfortunato?	Are you unlucky?	b171c7e8-3729-5555-a465-960e6d3417c2	13	16
Lei è sfortunato?	Are you unlucky?	bb97dba7-753a-57ae-b091-ec96a469835e	17	16
Siete sfortunati?	Are you unlucky?	5796e41e-8bc1-5d9a-8dd8-729055784d34	17	16
Voi siete sfortunati?	Are you unlucky?	b8fdbe88-f49f-503e-b2af-7fc794f514fd	21	16
Siete sfortunate?	Are you unlucky?	deb10852-5de0-5cf9-996f-e0322d3b1df3	17	16
Voi siete sfortunate?	Are you unlucky?	6ac09f77-6b14-5065-9301-c547d3c4c912	21	16
Ho il mio cane in macchina.	I've got my dog in the car.	da1416ac-6413-512c-96fd-8924ae7df976	27	27
Io ho il mio cane in macchina.	I've got my dog in the car.	c589f40c-cff9-533a-ab00-3ac47203d404	30	27
Che cos'hai in mano?	What's in your hand?	e9181bca-036d-547a-9389-a20d2cf46f2a	20	20
Cos'ha in mano?	What's in your hand?	f52b9e5d-7025-5774-9806-0eec834dd9bd	15	20
Che cos'ha in mano?	What's in your hand?	edcd46ef-acf8-5fcd-a97a-d4350f253c1b	19	20
Si lamenta in continuo per qualcosa.	He is forever complaining about something.	b22c2015-d569-554c-8539-d6bee28511e1	36	42
Lui si lamenta in continuo per qualcosa.	He is forever complaining about something.	80dea1e0-c66a-532c-8f82-7a735efb99ab	40	42
L'ho appena dato a Tom.	I just gave it to Tom.	90c3014d-6f71-5f81-9482-fa291e3903d0	23	22
L'ho appena data a Tom.	I just gave it to Tom.	4df69233-caf5-5f35-8890-edbf5033de05	23	22
Io vorrei diventare un famoso giocatore di calcio.	I would like to become a famous soccer player.	3e9d0d50-da74-56ba-9af0-3083a43bae74	50	46
Vorrei diventare un famoso calciatore.	I would like to become a famous soccer player.	6428fc54-4005-523b-a4f8-d488b4b7b2d9	38	46
Io vorrei diventare un famoso calciatore.	I would like to become a famous soccer player.	d7cc5c78-cd47-515a-a861-540bd85e43c7	41	46
Mi stanno inseguendo.	They're after me.	5b0d9ee8-8c88-5c1d-99e1-ec47bca7d5e1	21	17
Loro mi stanno inseguendo.	They're after me.	45bc2356-cf82-5d1d-be51-9c456173683d	26	17
Mary era delusa.	Mary was disappointed.	33e07b33-daa2-54f4-83d0-e8e4c7008f71	16	22
Sono consapevole del tuo problema.	I'm aware of your problem.	bca81315-6515-548f-a2fa-38b955714695	34	26
Io sono consapevole del tuo problema.	I'm aware of your problem.	f9165216-6305-5574-84e4-19f887dd03fd	37	26
Sono consapevole del suo problema.	I'm aware of your problem.	92486c0d-3aa1-51ba-9da8-4aca25192d76	34	26
Io sono consapevole del suo problema.	I'm aware of your problem.	8023c744-9b7d-56e7-ac60-6861a636153d	37	26
Sono consapevole del vostro problema.	I'm aware of your problem.	68f8ee34-c2b3-5ca5-a73c-28102e010c5d	37	26
Io sono consapevole del vostro problema.	I'm aware of your problem.	f7720126-994e-5e8c-b525-7cb6cefb7619	40	26
Mi dà proprio sui nervi.	He really gets on my nerves.	e55278c6-474e-5576-9eb4-50c7c78950e4	24	28
Lui mi dà proprio sui nervi.	He really gets on my nerves.	8dd64b5e-a483-5872-ac3a-3307b829411b	28	28
Tom ha commesso un grosso errore.	Tom made a big mistake.	39ce317f-05a7-5df3-83d1-847574312d64	33	23
Tom commise un grosso errore.	Tom made a big mistake.	2d41c91f-b5d4-5783-9ad4-de27bcb7c91e	29	23
Forza, mangiamo!	Let's eat already!	d68afcdb-01b2-5bdd-9f6e-6dc6f3c9474f	16	18
Avanti, mangiamo!	Let's eat already!	3b517f1c-4bfb-591d-9117-cf12e1319344	17	18
Abbiamo visto l'archivio.	We saw the file.	681f7d6a-3624-5120-b146-9cd8755a9978	25	16
Noi abbiamo visto l'archivio.	We saw the file.	1479d1d0-8e5c-547e-8fc5-71079e85d85e	29	16
Vedemmo l'archivio.	We saw the file.	82c02767-0219-504d-bb7a-f94e3ee77120	19	16
Noi vedemmo l'archivio.	We saw the file.	a08b41a3-43ba-5c80-92b3-da4186168a8d	23	16
Ho imparato un nuovo trucco.	I learned a new trick.	8c87f527-219c-5f2a-92b2-9675fc1f2d27	28	22
Io ho imparato un nuovo trucco.	I learned a new trick.	3a596d6e-45b6-5c90-a8f3-883af3085bd5	31	22
Non ho dimenticato il nostro primo appuntamento.	I haven't forgotten our first date.	3d3bf520-77c7-5552-96c2-8c945d298a83	48	35
Non ho scordato il nostro primo appuntamento.	I haven't forgotten our first date.	daf14f3d-4f3a-534b-a420-23d7cdbfd650	45	35
Io non ho scordato il nostro primo appuntamento.	I haven't forgotten our first date.	91901a14-a271-5860-86d8-a1c6c3da6bed	48	35
Questi vestiti sono troppo piccoli per lei.	These clothes are too small for her.	b8c1c5e1-8765-50e5-a9aa-c1eaf3ba10a6	43	36
Quanti soldi deve prendere in prestito Tom?	How much money does Tom need to borrow?	90f7cb4a-2e2b-57d8-963e-378e3a843222	43	39
A me piace l'inglese.	I like English.	0a4c297a-ee29-55f2-9469-1f8229849b11	21	15
Che albero alto che è!	What a tall tree it is!	3996b2f1-3fca-56ed-97de-b8a548345cbb	22	23
Vivo a Belfast.	I live in Belfast.	76c65768-4ed0-58b6-8e34-f259478ab6da	15	18
Io vivo a Belfast.	I live in Belfast.	9ff7728c-3ecb-5bbd-bb89-1d13ac4baea9	18	18
Abito a Belfast.	I live in Belfast.	8c00ef07-a203-580e-8a44-b6413f6dd2a3	16	18
Io abito a Belfast.	I live in Belfast.	67c12cb1-ab67-59f4-bbec-ce4f59c6f9ad	19	18
Tom ti ha mai detto perché non gli piace Mary?	Has Tom ever told you why he doesn't like Mary?	e24e82f4-3843-5b98-9eeb-a78e09ba97b9	46	47
Tom vi ha mai detto perché non gli piace Mary?	Has Tom ever told you why he doesn't like Mary?	9dc6cffc-9015-52d2-9b4a-a113534d2f7a	46	47
Tom le ha mai detto perché non gli piace Mary?	Has Tom ever told you why he doesn't like Mary?	e9569b14-7d16-5743-a8a5-81612aa3eac8	46	47
Cos'hai portato?	What did you bring?	c547bba3-4b55-57cd-ae2b-dbfb44a3c993	16	19
Tu cos'hai portato?	What did you bring?	88657bb7-a393-5401-8a55-87b2e52026aa	19	19
Cos'ha portato?	What did you bring?	a74c700b-a30d-5c36-a44c-c205131e6ae6	15	19
Lei cos'ha portato?	What did you bring?	a92b71aa-ebfd-5c5d-a3bf-7076832a8fef	19	19
Cos'avete portato?	What did you bring?	ae120e23-6e96-5709-a6ad-81f888b10f97	18	19
Voi cos'avete portato?	What did you bring?	17afc3f3-5e7a-56fb-bd55-87581b1b25ac	22	19
Questa non è casa tua.	This isn't your house.	00a95f80-e503-538b-b141-46ce8178cb06	22	22
Questa non è casa sua.	This isn't your house.	545dd86f-dc4e-5e1b-907e-65a3db058747	22	22
Questa non è casa vostra.	This isn't your house.	215bf23d-c1cc-5d23-8b4c-749db985f745	25	22
Questa non è la tua casa.	This isn't your house.	924ab0cc-ce4b-54c1-a632-6c08af2efd3a	25	22
Questa non è la sua casa.	This isn't your house.	79b450ef-00aa-55ab-b7d5-a36b2cf1ee24	25	22
Questa non è la vostra casa.	This isn't your house.	36410686-be05-532e-b893-b2726400993e	28	22
Guarda se c'è del succo in frigo.	See if there's juice in the fridge.	e548cd57-c90d-5287-b193-4510a6bdf39b	33	35
Guardate se c'è del succo in frigo.	See if there's juice in the fridge.	e03f3de4-f2fc-5bc2-b1cd-65b261f63db5	35	35
Guardi se c'è del succo in frigo.	See if there's juice in the fridge.	24bafb67-7f76-5898-b4bc-fe0910341f2b	33	35
Puoi rispondere.	You may answer.	836ec866-f40b-557d-b845-f30deea9edbc	16	15
Tu puoi rispondere.	You may answer.	ab11dde0-9370-58ae-a131-5e9dfb1e962c	19	15
Può rispondere.	You may answer.	fd0f38be-2c17-5248-b0d9-3e194fd63b6a	15	15
Lei può rispondere.	You may answer.	17e224b7-a21c-584b-ae26-49e9b1540c09	19	15
Potete rispondere.	You may answer.	ea765053-f55a-54cb-a925-33accc9c8e67	18	15
Voi potete rispondere.	You may answer.	c0bcc233-9524-5a50-9194-aa4b8be732aa	22	15
Mi potete rispondere?	Can you answer me?	f3395ec6-4ec6-5e6a-8210-e12d9cf86040	21	18
Mi può rispondere?	Can you answer me?	9bd4dd4c-a76c-5287-babd-574e83292079	18	18
Tom ha lasciato l'edificio.	Tom has left the building.	c8b20dfc-44cf-5a40-8b84-9392fcf69563	27	26
Sarà un'altra giornata calda.	It's going to be another hot day.	8cda6e93-8d55-5ac6-86f9-369df1fd77f2	29	33
Mi ricorderò di questo incidente per sempre.	I'll remember this incident for good.	fa70e4fb-3f42-55a4-836b-cd4bdb553d44	44	37
Io mi ricorderò di questo incidente per sempre.	I'll remember this incident for good.	ef1f8d5b-b202-5ff4-bcd9-2e2f4ae6e252	47	37
Non scorderò mai questo incidente.	I'll never forget this incident.	2c5183ef-f289-5bc9-9f10-876f0d301776	34	32
Io non scorderò mai questo incidente.	I'll never forget this incident.	23d57fa2-9641-5b5f-87b0-eee30f5b4cba	37	32
Stai scherzando!	You're kidding!	b19c7fcb-0a76-581c-b2a4-da5d8575f121	16	15
Tu stai scherzando!	You're kidding!	077dd0be-b475-5461-a331-6eecca0ee20f	19	15
Sta scherzando!	You're kidding!	08e53a5b-ccfa-51f7-adf1-e3be53d6e8a1	15	15
Lei sta scherzando!	You're kidding!	dede81a8-57b7-51eb-b863-a92a178cacc9	19	15
State scherzando!	You're kidding!	ff15397d-5b6e-55e0-8b69-2a03e0927f7c	17	15
Voi state scherzando!	You're kidding!	5e24f5d8-47f4-5830-b882-7c8350cce070	21	15
Tu ci mancherai.	We're going to miss you.	a9cdb159-4384-59f4-abf6-f93608916efe	16	24
Voi ci mancherete.	We're going to miss you.	45815f65-0002-5912-9dc7-62278f9316f0	18	24
Questo è il mio problema.	This is my problem.	57f2c3af-4e01-590a-b73f-9b72c69e8757	25	19
Quello è il mio problema.	That's my problem.	993e4a13-a1fe-5d22-889f-a13f75373308	25	18
Mi hanno sorriso tutti.	Everyone smiled at me.	516a6673-aaaf-5f36-9b00-a99650604af5	23	22
Mi sorrisero tutti.	Everyone smiled at me.	c220e14a-e7e5-5d17-ac04-7a9eed6b3240	19	22
Tutti mi hanno sorriso.	Everyone smiled at me.	3690162b-ef41-520c-b6b2-9cb5ca30308b	23	22
Tutti mi sorrisero.	Everyone smiled at me.	3a97cc12-6dd2-5382-a641-ca645f488e90	19	22
Come state tutti oggi?	How're you all doing today?	7b22eb59-53e7-546b-8f89-70341d8977fb	22	27
Come state tutte oggi?	How're you all doing today?	848b3f22-a772-50a7-b1b8-974f339eda8f	22	27
Le mostrerò la mia macchina.	I will show her my car.	65ab899a-a29b-51b8-9147-64121d233427	28	23
Le mostrerò la mia auto.	I will show her my car.	241eea41-6c74-578a-8f05-ccb92133cedb	24	23
Le mostrerò la mia automobile.	I will show her my car.	c2626bed-0f05-5727-9902-483937ccf31c	30	23
L'ho regalato a Tom.	I offered it to Tom.	cd04a549-05b4-5716-897e-0620c5e5f200	20	20
L'ho regalata a Tom.	I offered it to Tom.	af20927b-88a1-54f7-b6a2-379db5ec8795	20	20
Lo regalai a Tom.	I offered it to Tom.	9c57b85d-51ca-57a6-9bbe-109c1b7c09a9	17	20
La regalai a Tom.	I offered it to Tom.	3a5ff5d2-24df-554c-b161-c7da89939b8e	17	20
Il Giappone è delimitato dall'acqua su ogni lato.	Japan is bounded by water on every side.	055c4667-ef86-52a2-b691-2164d84cfdaf	49	40
Quali sono alcuni dei tuoi film preferiti?	What are some of your favorite movies?	356938c7-9b2b-5bdf-b0fc-44c61712834c	42	38
Quali sono alcuni dei suoi film preferiti?	What are some of your favorite movies?	8dd779b6-21f4-5fb9-9f04-66992c8b8813	42	38
Quali sono alcuni dei vostri film preferiti?	What are some of your favorite movies?	9b911ffe-9be1-5d1d-ade7-409aa1d93348	44	38
Le credi, vero?	You believe her, don't you?	f8b4942c-259c-5c51-901d-bd4bb35ff666	15	27
Tu le credi, vero?	You believe her, don't you?	678c7ab9-b67f-5659-af15-f423e2c93051	18	27
Le crede, vero?	You believe her, don't you?	acfeba2d-c86e-5c67-9ac2-f6dffdc2d634	15	27
Lei le crede, vero?	You believe her, don't you?	bdd54b5f-38a2-58bf-b09f-0ec5fce00135	19	27
Le credete, vero?	You believe her, don't you?	b878cf2a-e259-563e-9887-a487afb4ad59	17	27
Voi le credete, vero?	You believe her, don't you?	b9c8d290-60fc-5eb7-9ec1-1ca31989f6d1	21	27
Non voglio andare al lavoro.	I don't want to go to work.	1c2fb962-0101-5dd0-9246-f86042410378	28	27
Io non voglio andare al lavoro.	I don't want to go to work.	47faef07-84dd-5346-b7bf-a27c70b964f5	31	27
Non voglio andare a lavorare.	I don't want to go to work.	bf677b92-161d-55f4-a560-c40bfb2e6c54	29	27
Io non voglio andare a lavorare.	I don't want to go to work.	4dd886f4-32bf-5f28-93d6-93b8cdecdbcb	32	27
Forse dovremmo aiutarlo.	Maybe we should help him.	1657bd52-13c2-5b32-99c8-0ac108aff2c7	24	25
Questa storia che stai raccontando è incredibile.	This story you're telling is unbelievable.	0edd2067-6612-5907-8e56-a9e1946938c5	49	42
Questa storia che sta raccontando è incredibile.	This story you're telling is unbelievable.	106a13f6-c1c5-5dfb-8577-0ed0bb90aeb5	48	42
Questa storia che state raccontando è incredibile.	This story you're telling is unbelievable.	c88a8c6c-3f29-59a0-b95d-824d47772862	50	42
Forse dovremmo aiutarla.	Maybe we should help her.	36fe3836-55aa-5862-936c-8108a0e65f6d	24	25
L'educazione è importante.	Education is important.	9ae7088e-7de6-5ccd-a6ea-8f3137019001	26	23
L'istruzione è importante.	Education is important.	d0318447-c16a-5112-a2be-b4131d964558	26	23
La neve si scioglie.	Snow melts.	2b434b9f-d796-5102-8ef8-84e265392ac4	20	11
Ha sciolto della neve.	She melted snow.	f104ff09-2144-5303-aa23-d4767935caa4	22	16
Lei ha sciolto della neve.	She melted snow.	12b53131-0d76-5ae9-bde9-9ae7d3359071	26	16
Sciolse della neve.	She melted snow.	93e2d36e-9f07-5a7a-8c23-bd376f1d49c1	19	16
Lei sciolse della neve.	She melted snow.	fd9cee88-4a46-5f34-a9e0-a9dbe609b017	23	16
Fonde del rame.	He melts copper.	105b2ee4-72c4-57d5-9245-0daeba8cb63a	15	16
Lui fonde del rame.	He melts copper.	c0e67581-3968-584c-ae95-5703cb08186b	19	16
Il ghiaccio si scioglie nell'acqua.	Ice melts in water.	e9e05252-cfa5-5a8e-94b6-72750f7eddf2	35	19
Non mi sto lamentando.	I'm not complaining.	f7e9009c-c2fb-57ca-b296-4458ecaa141f	22	20
Io non mi sto lamentando.	I'm not complaining.	c2bfebbc-30d5-5582-80ef-2f4aa3681c46	25	20
Non mi lamenterò più.	I'm not going to complain anymore.	311b27af-fc60-5aff-ab9e-6e4817e99472	21	34
Io non mi lamenterò più.	I'm not going to complain anymore.	5a70c587-e2d4-5775-a15f-8dbe4ff3a2b3	24	34
Questa birra non è fredda.	This beer isn't cold.	f9fa4e77-8903-56c3-b2ab-40a3a7c3bf58	26	21
La birra è molto fredda.	The beer's very cold.	763332cc-0aac-5017-a5ae-416e1e201ded	24	21
Apprezzerei davvero un bicchiere di birra fredda.	I would really appreciate a glass of cold beer.	76d87f27-d127-5a13-b819-e20d082dc0eb	49	47
Tom userà la forza.	Tom will use force.	e7dd5a04-8ce7-527d-b123-28a20cf2d907	19	19
Le calotte polari si stanno sciogliendo.	The icecaps are melting.	6462f727-11e4-5d33-9f33-bb5b345b6e78	40	24
La Grecia è un paese sviluppato.	Greece is a developed country.	30ae82e2-cb64-55e9-84a9-87f1503ca0e5	32	30
Finalmente la neve si è sciolta.	Finally the snow melted.	9fbdaf2a-d044-52df-8688-184e133ef14f	32	24
Voglio ubriacarmi.	I want to get drunk.	3d5774ae-7405-58ca-abb5-b720922d13b5	18	20
Io voglio ubriacarmi.	I want to get drunk.	4c144bc3-09e0-52ad-9695-6beedc1e3019	21	20
Mi voglio ubriacare.	I want to get drunk.	cd404491-9c57-5597-9042-5b9a51e60ddc	20	20
Io mi voglio ubriacare.	I want to get drunk.	383cc18a-4dd5-545c-85ad-8bd5c65c6228	23	20
Ti vuoi ubriacare?	Do you want to get drunk?	8be604e4-6af6-5129-b45a-4c39dbe45c92	18	25
Tu ti vuoi ubriacare?	Do you want to get drunk?	dbbc84e2-84ab-5c40-ac68-bcbe53d0b7de	21	25
Si vuole ubriacare?	Do you want to get drunk?	00b609dd-cbe5-5718-ac03-4a1db4a2a1f2	19	25
Lei si vuole ubriacare?	Do you want to get drunk?	040e43bc-6869-5779-8a4d-3ed9179faf93	23	25
Vi volete ubriacare?	Do you want to get drunk?	fcada49c-091e-585b-b8cc-ba4b0c7ee185	20	25
Voi vi volete ubriacare?	Do you want to get drunk?	7bc3462c-f7ef-5491-a69c-f6a141cc1eef	24	25
Dov'è l'anatra di gomma?	Where is the rubber duck?	86d052fa-0e4e-546b-aa28-f63517f21091	24	25
Dov'è la papera di gomma?	Where is the rubber duck?	829f2f5a-4fde-517f-a074-d28e199ff80e	25	25
Il traffico è un problema a Manhattan.	Traffic is a problem in Manhattan.	ae0ff5ae-207f-5a67-95cc-4c9dc649a9dc	38	34
I poliglotti sono più sexy.	Polyglots are sexier.	9255ee7c-b3a8-5f97-8d34-a1be09029112	27	21
Sembra perfetto.	It looks perfect.	d047497c-6640-5454-9214-45ea94e06a0c	16	17
Non posso mangiare questo.	I can't eat this.	0ec2d56c-fb85-5130-a25c-8d6932780dce	26	17
Io non posso mangiare questo.	I can't eat this.	53163b41-1ca6-52e6-9fac-0e8faa221c1f	29	17
La gente nel Minnesota è gentile.	People in Minnesota are nice.	ef7b5bf2-7e15-566c-b9f1-52659a43d460	33	29
Le persone nel Minnesota sono gentili.	People in Minnesota are nice.	f847a2b8-1e34-54b9-888e-782ad1beb569	38	29
Un cane sta abbaiando ora.	A dog is barking now.	d1b3c614-48d9-5422-82b2-c12a4865724c	26	21
Un cane sta abbaiando adesso.	A dog is barking now.	b724aacd-7626-51d7-aaa7-5b089c8de93e	29	21
Questo è un cane maculato.	This is a spotted dog.	c13a4e0a-b08a-542d-940f-abcb51c6455d	26	22
Tom probabilmente sa la risposta.	Tom probably knows the answer.	c2f2cb1b-049d-527a-baca-86dc302a541e	33	30
Qual è il nome della sorella maggiore di Tom?	What's Tom's older sister's name?	dca3b55c-378a-50d3-a85a-6a02b7d17b96	45	33
Come si chiama la sorella maggiore di Tom?	What's Tom's older sister's name?	814b3fcf-df69-5517-b776-45641be47522	42	33
Sai già la mia opinione.	You already know my opinion.	743cf0d1-71de-52db-bc42-f0355d1040fa	24	28
Tu sai già la mia opinione.	You already know my opinion.	bf91f316-f2e1-5283-aa61-8cdb6e25e491	27	28
Sa già la mia opinione.	You already know my opinion.	0aa92640-9f37-5147-ad42-d66f79c1a8f6	23	28
Lei sa già la mia opinione.	You already know my opinion.	0e285b17-c80b-5aa0-9d94-fc1a6b5b74d4	27	28
Sapete già la mia opinione.	You already know my opinion.	0b6ac3cf-9a33-502c-bc0c-566071c2018d	27	28
Voi sapete già la mia opinione.	You already know my opinion.	263f0cf4-66a1-5e0e-b3e1-f625bb49a8a1	31	28
Tom mi ha detto che parte domani.	Tom told me he's leaving tomorrow.	ca0dd0fb-96a8-5b55-a179-b4809c35101a	33	34
Tom mi ha detto che se ne va domani.	Tom told me he's leaving tomorrow.	78289374-412d-5106-a3f7-99ceb213d1c0	36	34
Questo non riguarda i soldi.	This isn't about money.	d945b196-5b5a-5223-9d03-7888dd0fec00	28	23
Questo non riguarda il denaro.	This isn't about money.	daad97f6-c6af-5525-993f-5d35bf018299	30	23
Non riguarda i soldi.	It's not about the money.	5748bdda-dc8b-5172-9abd-14fe5192b839	21	25
Non riguarda il denaro.	It's not about the money.	96a155c3-97e1-5427-af82-d339e91404fb	23	25
Le emozioni sono contagiose.	Emotions are contagious.	210ad93f-d338-5133-8c68-9040e3419eed	28	24
Sono stato sposato due volte.	I've been married twice.	7889d047-fa95-50d8-985e-e9086dc7d3e4	29	24
Io sono stato sposato due volte.	I've been married twice.	4240b944-4e0c-5f80-9475-dad93456171f	32	24
Sono stata sposata due volte.	I've been married twice.	4bdf2869-fcae-52f5-bff2-2142c599bd41	29	24
Io sono stata sposata due volte.	I've been married twice.	8acae218-2bc6-51f4-9a44-82c91146fec5	32	24
Continui a non crederci?	Don't you still believe that?	c79d9e22-d3e9-5bf9-b1b8-f5689a91bc02	24	29
Tu continui a non crederci?	Don't you still believe that?	538e8594-7bce-5ced-9a90-126138e84242	27	29
Continua a non crederci?	Don't you still believe that?	6aca5d9f-7991-5093-83b4-475a46ce3c2b	24	29
Lei continua a non crederci?	Don't you still believe that?	0a6c1f48-6950-50f2-b9f6-cc18dfd2e541	28	29
Continuate a non crederci?	Don't you still believe that?	29d159ff-06a6-54c7-b968-c43987a2147c	26	29
Voi continuate a non crederci?	Don't you still believe that?	8b554840-9e40-5acb-a812-bb9832285ddc	30	29
Che cane grande che è!	What a big dog that is!	c1239e35-7046-5cc6-ae8f-22afa9f60fd1	22	23
Tom ha una barba completa.	Tom has a full beard.	0cefeaa0-3901-5952-8da1-f41811ec73de	26	21
I freni sono andati!	The brakes are gone!	f7c7e0f4-22c7-5499-b59f-1d608b953420	20	20
I freni hanno smesso di funzionare!	The brakes are gone!	c4049672-12c5-55fc-946d-c5b882fceb38	35	20
Dovremmo fare questo ogni giorno.	We should do this every day.	b853f5ac-9dc2-5fb2-af99-a59368c73904	33	28
Noi dovremmo fare questo ogni giorno.	We should do this every day.	bd81bf0a-3555-5737-aac1-e7a26c3e4ae6	37	28
Ha funzionato per Tom.	It worked for Tom.	0d0427da-a820-5fb2-a0d4-408af7bb663c	22	18
Il cane è un animale fedele.	The dog is a faithful animal.	671f9ba5-dca2-5f77-849f-99a94f209469	28	29
Abbiamo deciso di lasciarlo da solo per un po'.	We decided to leave him alone for a while.	4289728b-f8b0-57ee-a8cd-65331f81e53e	47	42
Il cane ha inseguito un coniglio nella foresta.	The dog pursued a rabbit into the forest.	edcdeb44-9547-5d5c-bd6b-5b2dd192e956	47	41
Decidemmo di lasciarlo da solo per un po'.	We decided to leave him alone for a while.	ba44760b-00ee-5dcc-a9db-757d4911bb9d	42	42
Noi decidemmo di lasciarlo da solo per un po'.	We decided to leave him alone for a while.	d74c08bd-db2c-58ab-8344-f46c256e1374	46	42
Il cane inseguì un coniglio nella foresta.	The dog pursued a rabbit into the forest.	63c2cbfb-bd29-55c0-850b-5166d109505f	42	41
No, un dango non è un mochi.	No, a dango is not a mochi.	a56585d0-0e4a-5608-99fa-49e22c32baa3	28	27
Ciò è nuovo per me.	This is new to me.	ba1bb052-11c4-5a67-94b9-7fa440d781b6	19	18
Questo mi è nuovo.	This is new to me.	3038b003-d129-57df-9bb0-2591934ca02e	18	18
Ciò mi è nuovo.	This is new to me.	d89b53e2-5611-587c-aa11-fbd8e918f329	15	18
Un cane è un animale fedele.	A dog is a loyal animal.	7aa3cf13-b26b-576e-b811-4ec39a236ad0	28	24
Il cane sta masticando un osso.	The dog is chewing a bone.	996de8e2-45c6-58b0-91e7-9946da363a9c	31	26
È una vecchia volpe.	He is a sly old dog.	99cadaf8-abc2-5d81-ad19-0500f6eb3f1f	20	20
Lui è una vecchia volpe.	He is a sly old dog.	f9a74869-99d0-5596-83e2-8870da6c1db5	24	20
È un gatto o un cane?	Is that a cat or a dog?	99cb9913-a24e-50ff-a5ae-ef76299c6165	21	23
Un cane sta correndo nel parco.	A dog is running in the park.	d331435d-b856-5d00-a464-52fc3ab3dfce	31	29
Dodici anni sono tanti per un cane.	Twelve years is old for a dog.	9290333b-7ae0-5a91-b033-6d15d20e5866	35	30
C'è un cane sul ponte.	There is a dog on the bridge.	2c0566ca-0e58-5c35-a5d3-a81f565680bc	22	29
C'è un cane in questa stanza.	There is a dog in this room.	a6917e3a-f003-5016-9757-8fa2bebc80c0	29	28
C'è un cane in questa camera.	There is a dog in this room.	313ef639-a670-5cb1-b06b-48eac2c50c72	29	28
Tom è morto per un attacco di cuore.	Tom died of a heart attack.	4f8f739c-5108-5b78-b65d-8a4613c193be	36	27
Tom è morto per un attacco cardiaco.	Tom died of a heart attack.	33ea1627-7c73-547e-8617-1ee34ffa4290	36	27
Tom è morto di infarto.	Tom died of a heart attack.	d3b51065-580f-591a-9f3c-6f45711e0723	23	27
Lo vidi arrivare.	I saw it coming.	49789d08-8b8c-5cd9-818f-5cb3b1ca41b6	17	16
La vidi arrivare.	I saw it coming.	eabd22ee-e2ac-570b-869f-a210141044b2	17	16
Un cane sta dormendo sotto il portico.	A dog is sleeping on the porch.	91717018-0d59-5d1b-aa17-39bc1af675d3	38	31
Un cane sta dormendo sulla veranda.	A dog is sleeping on the porch.	6c787998-c5ac-516e-a101-ef0a098c435c	35	31
Cookie è un cane o un gatto?	Is Cookie a dog or a cat?	4f3cec8a-310f-5350-8110-7750c85fb5dd	28	25
Biscotto è un cane o un gatto?	Is Cookie a dog or a cat?	d09f0b65-5d31-5fff-9154-9ea0beffbf8b	30	25
Sei una moglie per tuo marito.	You are a wife to your husband.	b7ad03f5-e1f1-5390-9520-531bdb40365d	30	31
Tu sei una moglie per tuo marito.	You are a wife to your husband.	ebc36f1a-84a8-5c1c-91c4-9015190d100a	33	31
È una moglie per suo marito.	You are a wife to your husband.	ed4b5c3a-e46b-5c41-b587-0282d188b441	28	31
Lei è una moglie per suo marito.	You are a wife to your husband.	4bd4d594-f239-5350-9ac9-352a834e9290	32	31
C'è un ragazzino che cammina con il suo cane.	There is a little boy walking with his dog.	7ecef630-279e-5d99-a285-fab433216371	45	43
C'è un ragazzino che passeggia con il suo cane.	There is a little boy walking with his dog.	f97b14fd-42fa-5ae8-b36f-6562d988e8d7	47	43
Non possono uscire.	They can't get out.	6b99ecca-a2a8-5b52-8382-e54a75cedbc6	19	19
Loro non possono uscire.	They can't get out.	0db63d3d-8699-5a2a-8d49-ec8bf39851ef	24	19
Non riescono ad uscire.	They can't get out.	dbfc4095-7406-5e48-8a9d-013d4b55c73f	23	19
Loro non riescono ad uscire.	They can't get out.	8875b7e5-8599-519e-86b0-e1a5b7c2c570	28	19
Amo la musica di Aimer.	I love Aimer's music.	0ad1828e-48a7-5598-a03d-56bc1305f913	23	21
Io amo la musica di Aimer.	I love Aimer's music.	675486e2-af26-5fd7-b7af-00be81de3b1e	26	21
Amo le canzoni di Aimer.	I love Aimer's songs.	9b9bb4ac-6f32-52bf-a4b8-09513f30ba2f	24	21
Io amo le canzoni di Aimer.	I love Aimer's songs.	a46e6879-4a48-5dce-9ba9-ba60fc28dd47	27	21
Quando gliel'hai chiesto?	When did you ask him?	56b5a2ce-da07-502e-84ea-0985fee2edbf	25	21
Quando gliel'ha chiesto?	When did you ask him?	843d0e12-ecf4-5a96-b894-f088f8920604	24	21
Quando glielo avete chiesto?	When did you ask him?	68999f97-cdad-5586-b510-1fd7de24ca3d	28	21
Quando glielo hai chiesto?	When did you ask him?	734b825b-5d28-55e0-8f46-0c53077adc81	26	21
Quando glielo ha chiesto?	When did you ask him?	0a6bde6e-a57e-5dce-9536-3e28f88aab2b	25	21
Ha fallito miseramente.	He failed miserably.	02b167ba-9633-5349-8299-41dd26ef8c81	23	20
Lui ha fallito miseramente.	He failed miserably.	4d08f36f-22f6-58ff-8398-9ee1600ad881	27	20
Fallì miseramente.	He failed miserably.	7c699fd0-2aca-587d-a767-7e2330fa0a45	18	20
Lui fallì miseramente.	He failed miserably.	a7060670-437e-5ca6-95f9-acd4ed98475b	22	20
Tom e Mary si urlavano a vicenda.	Tom and Mary yelled at each other.	b1d374e3-a9e2-5001-967b-0444ca065d28	33	34
Ha soffiato il vento per tutto il giorno.	The wind blew all day.	137b66b0-2653-5d79-9924-111a74bb0f35	41	22
Soffiò il vento per tutto il giorno.	The wind blew all day.	0892e596-9f39-51bd-8b60-b90cb87f4652	36	22
Non ce la faremo.	We're not gonna make it.	fcdb99e4-5566-5381-a448-3c3a7ea83d15	17	24
Noi non ce la faremo.	We're not gonna make it.	da22e98a-25d2-5318-8af3-31101c6759c7	21	24
Falliremo.	We'll fail.	72a2bb60-6432-5287-be96-6cf900ddff2c	10	11
Noi falliremo.	We'll fail.	045d7503-487a-52ea-b538-7e5802681c04	14	11
Non mi prenderai mai vivo!	You'll never take me alive!	f61c07ce-0f90-55f5-a9cb-75896adde280	26	27
Non mi prenderà mai vivo!	You'll never take me alive!	25153ab0-16a8-5d8c-855c-d9f1666fb83e	25	27
Non mi prenderete mai vivo!	You'll never take me alive!	c4471286-6d4d-5844-ae5e-b5ba2f7d8417	27	27
Non mi prenderai mai viva!	You'll never take me alive!	c7edd5eb-b508-5855-9bec-a5d31e226727	26	27
Non mi prenderà mai viva!	You'll never take me alive!	9ee086d6-9349-53fd-af50-b1c465d725f9	25	27
Non mi prenderete mai viva!	You'll never take me alive!	391bb348-a001-5443-b244-de2621706dbf	27	27
Tom non l'ha fatto così bene.	Tom didn't do it so well.	6328e4b4-d929-51cc-8768-3572f4d2cc05	29	25
Tom non l'ha fatta così bene.	Tom didn't do it so well.	d2e1f09c-5018-5fc1-83c2-be27da7f5d49	29	25
Tom non lo fece così bene.	Tom didn't do it so well.	e46e1a6d-d12e-5cd2-a5ea-e11dcebc5b2b	26	25
Tom non la fece così bene.	Tom didn't do it so well.	35f584fa-a846-5ef0-8911-c6ebc000453a	26	25
Questo passerà.	This will pass.	f2eb1294-423d-552b-b506-0df4a0962d71	15	15
L'alcol è una droga.	Alcohol is a drug.	a4a6edf6-a5d4-59c7-8e1e-e570f4dd3d98	20	18
Io sono troppo confusa!	I'm too confused!	c3608a23-0440-51ef-b356-79b73b2b0560	23	17
Sono troppo confuso!	I'm too confused!	c6c8e5b2-aef7-58f4-a8f2-e0efe02b74a4	20	17
Io sono troppo confuso!	I'm too confused!	e5d54462-3d80-583c-9694-0ef78926bcaf	23	17
Io ho mangiato tre hot dog.	I ate three hot dogs.	8ce75295-80a2-5f8a-bccc-7926bb6778f8	27	21
Io mangiai tre hot dog.	I ate three hot dogs.	1dd053f0-d2a4-5bb8-9f05-7d0d8a4390ad	23	21
I lavoratori sono contrari al nuovo piano.	The workers are against the new plan.	5ec5533b-460c-5e55-b794-b91aa31b4320	42	37
Gli operai sono contrari al nuovo piano.	The workers are against the new plan.	e72616f7-3a20-5272-ae6a-c9bdfb29f186	40	37
Noi abbiamo finito la benzina.	We have run out of gas.	d5f03f91-2d81-52b5-98ac-18ff04c68fcb	30	23
L'Australia è uno Stato fantoccio.	Australia is a puppet state.	c3671077-04e6-5b60-8c1a-aa7a7b5c53bb	34	28
Questa società è un burattino politico.	This corporation is a political puppet.	b3fe47d6-901b-534b-9fff-24b1952e93f5	39	39
Questo dente è un incisivo.	This tooth is an incisor.	83a85b70-d700-5324-87bb-a56f0d12b923	27	25
Non mi sento così bene.	I don't feel so well.	046fa45f-bf54-51a2-94a4-920810a44af3	23	21
Io non mi sento così bene.	I don't feel so well.	ec7c78fa-4eca-5a45-8e0c-e616ee76c5fa	26	21
Il cane di Tom è un bastardo.	Tom's dog is a mutt.	a22d13b2-4b35-5c87-a6ed-9a15db965e3b	29	20
Tom sembra piuttosto imbarazzato.	Tom looks kind of embarrassed.	2b5fa04f-df65-5e2e-b315-5d6a94c79fad	33	30
Gli è venuta una buona idea.	A good idea occurred to him.	aa70d584-c482-59df-8286-e968dc524265	28	28
Gli venne una buona idea.	A good idea occurred to him.	7d60e305-b602-5f0c-afce-e21e6592cd30	25	28
Si stavano divertendo.	They were enjoying themselves.	938635cd-1f3a-5333-933f-ad7f2c68f1b6	22	30
Loro si stavano divertendo.	They were enjoying themselves.	cc99c5f6-c40b-527d-9a74-a61293235636	27	30
Hey, ciao!	Hello there!	98d2b686-4c73-573b-99ec-f13070ba9c22	10	12
Ehi, ciao!	Hello there!	5f8a7cb6-c6a5-5272-a737-4e72d540cd5f	10	12
Ciao? C'è nessuno?	Hello? Anyone there?	41205059-7323-5b7c-961e-c8252689a81e	18	20
Salve? C'è nessuno?	Hello? Anyone there?	c27a730d-48e9-581b-a6ab-1156e2d5ba3c	19	20
Non vuoi studiare?	Don't you want to study?	a878e420-9e82-562a-a7a1-65d1d400ec56	18	24
Tu non vuoi studiare?	Don't you want to study?	db9440c3-40fe-5e95-91ac-a44e9a1e4b0f	21	24
Non vuole studiare?	Don't you want to study?	2275b7ba-4ccf-5ed7-856b-bfc4e520c640	19	24
Lei non vuole studiare?	Don't you want to study?	a23734f2-ffa3-5a81-962b-14a4219cca11	23	24
Non volete studiare?	Don't you want to study?	fcc373d9-350c-5c4f-934e-c522246fe409	20	24
Voi non volete studiare?	Don't you want to study?	9d632fe7-fc5b-5184-a4df-584d2e062318	24	24
Lui ha un telefono.	He has a telephone.	4f8af19f-54aa-5ee0-b4a7-dd90e3b23ef0	19	19
La perfezione è noiosa?	Is perfection boring?	8c8fc681-eae9-525f-b59c-72bed7d9cf3c	23	21
Non voglio studiare il francese.	I don't want to study French.	0cb15eb8-1745-5ef6-b7e8-813d2aa55a76	32	29
Io non voglio studiare il francese.	I don't want to study French.	bc8719d9-1dd5-5b0b-bf1b-6ead525f1396	35	29
Il golf è noioso.	Golf is boring.	9ceceb67-6dcf-5481-91c3-47a3f203a3ce	17	15
La normalità è noiosa.	Normality is boring.	2828b6a7-e7cb-55fa-9de9-0a78046a960a	22	20
Questo posto è noioso.	This place is boring.	ea193253-0b3f-5ad9-986b-66b84eefb70c	22	21
Il mio lavoro è noioso.	My job is boring.	e0c6a738-27f7-5f46-8663-3afa89cea7c3	23	17
Il mio impiego è noioso.	My job is boring.	31656f61-3245-579a-95fe-b1c69048cd79	24	17
Quel gioco è noioso.	That game is boring.	ff8f08e7-b870-56b0-a48e-6536264ccf87	20	20
Quella partita è noiosa.	That game is boring.	efcb0830-5d9b-59ec-8eb2-d623580d5543	24	20
Non sei povero.	You're not poor.	eeeefcfb-955b-5d87-aa32-55137ffcdd70	15	16
Tu non sei povero.	You're not poor.	7a279bc4-0037-5a3a-bea6-5e909b198cf7	18	16
Non sei povera.	You're not poor.	ab7265dc-e930-58d4-93e7-1af0431e3bd0	15	16
Tu non sei povera.	You're not poor.	ce9bfd32-57db-5ec4-a8a0-85ff3c8c2e63	18	16
Non è povero.	You're not poor.	18447b46-2401-5f89-b5b0-7b6d6fe08b6c	13	16
Lei non è povero.	You're not poor.	faa34003-dae0-5566-b376-24986cc3313e	17	16
Non siete poveri.	You're not poor.	0029b09b-1d7e-5a93-978d-6a8292c4a746	17	16
Voi non siete poveri.	You're not poor.	62f8a897-09e1-568b-87bc-3ea1e5bac9bf	21	16
Non siete povere.	You're not poor.	45085100-fa31-59d7-a183-25078b02f202	17	16
Voi non siete povere.	You're not poor.	4d66d5cf-ab9a-5309-b354-2c0532e431f9	21	16
Tom è annoiato a morte.	Tom is bored stiff.	86bb744c-d552-50a8-b10e-7988e6d4e476	23	19
Il pranzo è pronto?	Is lunch ready?	955d3624-9810-5144-9592-2ad663ec80c4	19	15
Ha preparato il pranzo.	She got lunch ready.	a555e893-38fe-5701-ae30-aefc613a7b0f	23	20
Lei ha preparato il pranzo.	She got lunch ready.	90729286-991c-510c-9f42-9bc3e591d0d5	27	20
Preparò il pranzo.	She got lunch ready.	c8c2cd98-64d3-5f66-a78b-1a549e1aefec	18	20
Lei preparò il pranzo.	She got lunch ready.	2ea87cce-2d0a-5367-aad7-ee170df72dff	22	20
Dovrei imparare l'esperanto?	Should I learn Esperanto?	c821fc54-602b-5c1c-a625-15e9c9d471ec	28	25
Io dovrei imparare l'esperanto?	Should I learn Esperanto?	1610f927-2238-5b40-bcb1-369dab02d1db	31	25
Sto imparando l'esperanto.	I'm learning Esperanto.	d33d1e12-6ae7-5f61-9f57-ae05af5d7bf7	26	23
Io sto imparando l'esperanto.	I'm learning Esperanto.	74430137-e558-5c8d-b619-57e33220890e	29	23
Stai imparando l'esperanto.	You're learning Esperanto.	f113aaea-0f0c-5344-9672-4177e8e6f025	27	26
Tu stai imparando l'esperanto.	You're learning Esperanto.	faa6d91e-85e0-5042-ad8f-85e8ac507376	30	26
Sta imparando l'esperanto.	You're learning Esperanto.	c2497f02-d05c-59dd-881c-e68e0a8f9a16	26	26
Lei sta imparando l'esperanto.	You're learning Esperanto.	4ca10a58-c57d-5692-9d8d-629c2ccc4847	30	26
State imparando l'esperanto.	You're learning Esperanto.	b54aa7e1-2d6b-50d8-b853-300add2182f4	28	26
Voi state imparando l'esperanto.	You're learning Esperanto.	029e8e2a-d63e-5860-869a-6fa345c8d459	32	26
Lui sta imparando l'esperanto.	He's learning Esperanto.	ed397f3b-b9c0-5494-8e8e-c874916a41a0	30	24
Stiamo imparando l'esperanto.	We're learning Esperanto.	1f41e95d-a647-5d16-ad01-5a93d6acbee1	29	25
Noi stiamo imparando l'esperanto.	We're learning Esperanto.	dbd3eb09-6936-542a-932e-78ef65408b9b	33	25
Stanno imparando l'esperanto.	They're learning Esperanto.	f53f3c1d-cae3-565b-814f-6dc14ed08130	29	27
Loro stanno imparando l'esperanto.	They're learning Esperanto.	fb815fed-336e-570e-8f78-321c7894f3ea	34	27
La tua storia è noiosa.	Your story is boring.	7d98dea8-a367-5346-9106-5ed9209e38a5	23	21
La sua storia è noiosa.	Your story is boring.	2f5cb511-5f4e-5c0f-9b99-85f9f8a55fb9	23	21
La vostra storia è noiosa.	Your story is boring.	4238cdbc-3f12-55b8-8068-5ab24163d1ca	26	21
La mia vita è noiosa.	My life is boring.	e9ae68c8-ade7-56c1-b062-23810607ba63	21	18
Dovrebbe imparare l'esperanto.	He should learn Esperanto.	83ee4451-d22d-5749-8b54-7a257a8c29e1	30	26
Lui dovrebbe imparare l'esperanto.	He should learn Esperanto.	a7db412b-66c3-5220-8c9d-8711eab765e3	34	26
Lei dovrebbe imparare l'esperanto.	She should learn Esperanto.	cee06e0e-d6e1-5b1e-8b95-e4852fa7b2dc	34	27
Dovreste imparare l'esperanto.	You should learn Esperanto.	aec1c7ef-381a-5294-bee1-675248a2c922	30	27
Voi dovreste imparare l'esperanto.	You should learn Esperanto.	fb033e74-5af2-5074-b31f-66fc76d29de4	34	27
Dovresti imparare l'esperanto.	You should learn Esperanto.	ce02b305-38b5-5dcc-afa0-643d23f3ccc3	30	27
Tu dovresti imparare l'esperanto.	You should learn Esperanto.	1ddd8caf-bebf-56fd-becd-ef856cfdad78	33	27
Stare a casa è noioso.	Staying home is boring.	43977ccd-dc09-5db3-996f-2915ee360e2d	22	23
Restare a casa è noioso.	Staying home is boring.	68c0bdaf-97b1-54fb-9375-6cc76f7c4833	24	23
Rimanere a casa è noioso.	Staying home is boring.	476a9bdb-1c4f-56c4-90e3-d8feeffb9ed6	25	23
Tutto il resto è noioso.	Everything else is boring.	6dd533f5-eb65-52a8-b53c-74a59743dc63	24	26
Dovrei imparare l'esperanto.	I should learn Esperanto.	9faabe8f-e729-5264-95b6-4a015fe06be9	28	25
Io dovrei imparare l'esperanto.	I should learn Esperanto.	c4689ece-458b-595d-b8aa-808c681e4b26	31	25
Imparerò l'esperanto.	I will learn Esperanto.	0a74b4e8-2422-5ad0-b388-a4b11e9b479a	21	23
Io imparerò l'esperanto.	I will learn Esperanto.	cc650876-f3b3-59b1-b514-2e673ed65fcc	24	23
Ho iniziato a imparare l'esperanto.	I began to learn Esperanto.	fc28e9c7-6873-5a55-bfe4-78979da70f6f	35	27
Io ho iniziato a imparare l'esperanto.	I began to learn Esperanto.	4e784097-052b-5a54-9cfb-9314b1a4b6de	38	27
Ho cominciato a imparare l'esperanto.	I began to learn Esperanto.	25a0f0ef-6fb3-5322-b319-24b79de7a110	37	27
Io ho cominciato a imparare l'esperanto.	I began to learn Esperanto.	69a2b278-c89e-555d-a7a1-b211c0b8cf0b	40	27
Iniziai a imparare l'esperanto.	I began to learn Esperanto.	d7e567e1-ff33-551d-ab0b-032052ff0b38	31	27
Io iniziai a imparare l'esperanto.	I began to learn Esperanto.	aa3b36be-5f79-55db-9b7f-294040fd75fa	34	27
Cominciai a imparare l'esperanto.	I began to learn Esperanto.	1d8d6d72-2cd9-55bc-b418-3dde030b6d12	33	27
Io cominciai a imparare l'esperanto.	I began to learn Esperanto.	33babc06-80f4-559a-9f56-8ef7d5ce0945	36	27
Tu hai cominciato a imparare l'esperanto.	You began to learn Esperanto.	ad1f1528-719c-5256-8717-3606c55b1add	41	29
Lei ha cominciato a imparare l'esperanto.	You began to learn Esperanto.	81cc885d-27b4-5d91-9b8b-b2b7922111ea	41	29
Voi avete cominciato a imparare l'esperanto.	You began to learn Esperanto.	d7f99c84-51b2-52f9-bdd6-3a5106cd4af7	44	29
Hai iniziato a imparare l'esperanto.	You began to learn Esperanto.	0158b60f-1d73-5e4b-9205-71f315aa882f	36	29
Tu hai iniziato a imparare l'esperanto.	You began to learn Esperanto.	677fd6a6-533c-5ed7-9f32-5c513a54abdf	39	29
Ha iniziato a imparare l'esperanto.	You began to learn Esperanto.	57b559a2-f68e-563b-bf15-f0429d4e4c12	35	29
Lei ha iniziato a imparare l'esperanto.	You began to learn Esperanto.	2ca69e1d-544b-5940-bc89-432eb1aced02	39	29
Avete iniziato a imparare l'esperanto.	You began to learn Esperanto.	3edc3b53-d178-5242-bf71-9b93fabfb192	38	29
Voi avete iniziato a imparare l'esperanto.	You began to learn Esperanto.	db6fff2f-8c7c-5117-8bc1-85a7c430f2af	42	29
Come hai imparato l'esperanto?	How did you learn Esperanto?	9f1d0759-b2df-5cdc-9fd3-2f2ddebf3bac	30	28
Tu come hai imparato l'esperanto?	How did you learn Esperanto?	1882c594-a65a-5b68-b233-e6c04f59fbec	33	28
Come ha imparato l'esperanto?	How did you learn Esperanto?	1da6e645-ad0f-588f-9590-c1b561358e18	29	28
Lei come ha imparato l'esperanto?	How did you learn Esperanto?	35c95b0f-e807-5351-ba50-b7798e686e13	33	28
Come avete imparato l'esperanto?	How did you learn Esperanto?	ead6539c-75b0-5f59-96da-cbdd1b7adf25	32	28
Voi come avete imparato l'esperanto?	How did you learn Esperanto?	f631df26-e2dd-5bc1-aa86-fca3794c7231	36	28
Come impari l'esperanto?	How do you learn Esperanto?	c7e50d92-eafc-5be0-ae15-15ff419f2087	24	27
Tu come impari l'esperanto?	How do you learn Esperanto?	e86873dc-e1fa-59d8-a1d5-bbd8315890a5	27	27
Come impara l'esperanto?	How do you learn Esperanto?	65834f43-2889-5a33-9977-2082a0364202	24	27
Lei come impara l'esperanto?	How do you learn Esperanto?	53deec55-705c-5a42-8947-180338f2df7d	28	27
Come imparate l'esperanto?	How do you learn Esperanto?	93236d8b-a1bf-5202-81d1-364080cc7fcc	26	27
Voi come imparate l'esperanto?	How do you learn Esperanto?	fdf68087-2456-5c0d-8c13-ad4a7d409f7b	30	27
Come lo impari l'esperanto?	How do you learn Esperanto?	2f98468a-7315-5143-b0c1-cb0ebf03cc31	27	27
Tu come lo impari l'esperanto?	How do you learn Esperanto?	c179d942-73c1-5a6d-9281-828fa5571111	30	27
Come lo impara l'esperanto?	How do you learn Esperanto?	9b61bbf3-2914-558e-b34c-fe4a55b5e818	27	27
Lei come lo impara l'esperanto?	How do you learn Esperanto?	f3320d4c-8706-5159-9b23-b85f1b7f4a15	31	27
Come lo imparate l'esperanto?	How do you learn Esperanto?	5cb3dd60-a8ac-5526-ba09-94bf82d63191	29	27
Voi come lo imparate l'esperanto?	How do you learn Esperanto?	8699ed7d-dcc9-5c39-ac09-a7e684755110	33	27
Chimica è una materia noiosa?	Is chemistry a boring subject?	7c291d20-b678-5a7c-9589-a327a7c6a04c	29	30
Questo è piuttosto noioso.	This is kind of boring.	466c5217-0407-5b30-8b47-bc6792a15328	26	23
Ciò è piuttosto noioso.	This is kind of boring.	eb8d00d4-131e-5710-8607-47c463f23732	23	23
Questo libro è davvero noioso.	This book is really boring.	c505b4ba-cad1-514a-985c-53129c6e67bf	30	27
Questo libro è veramente noioso.	This book is really boring.	8d504743-2135-5db5-9acd-95810a00818f	32	27
Il mio lavoro è noioso e monotono.	My job is dull and boring.	9c845a78-5ca1-5563-aa40-144fc323fdf3	34	26
È annoiata da questo romanzo.	She is bored with this novel.	b7309ca9-fc7c-57d8-aa7d-e23cd1147a85	29	29
Lei è annoiata da questo romanzo.	She is bored with this novel.	f67bfa1f-c23e-5f37-acb9-0f78e84dfd00	33	29
Sta piovendo, ma non sta indossando un cappotto.	It's raining, but she's not wearing a coat.	0f66be40-dd9e-5b9f-af90-703e1c0023fd	48	43
Sta piovendo, però non sta indossando un cappotto.	It's raining, but she's not wearing a coat.	e8b0ebc8-742f-5c5f-a08b-710238950fe0	50	43
Non riuscivo a trattenermi dalla rabbia.	I couldn't contain my anger.	86cbae09-20f6-50d5-8722-12ea6babd19b	40	28
Io non riuscivo a trattenermi dalla rabbia.	I couldn't contain my anger.	a9f831fc-32f4-5b75-84c7-a50e062a6ab1	43	28
Parliamo su Skype.	Let's talk on Skype.	bc7905e4-99ae-5463-9811-e0e4564fb694	18	20
Tom è uno dei miei studenti migliori.	Tom is one of my best students.	bca62d98-015f-5153-8e3a-45e15c042dc0	37	31
Dovremmo studiare.	We should study.	f27d09fb-c098-5296-a752-e16ea9da75cb	18	16
Noi dovremmo studiare.	We should study.	c55162db-42cd-535c-9a14-73d914569be8	22	16
Mi gira la testa ogni volta che mi alzo.	I feel dizzy every time I stand up.	f7c7a5e9-6bdb-5c84-bd2c-fecd71939e43	40	35
Dovresti studiare più duramente.	You should study harder.	73a8f301-56d8-532e-a6d3-a0d1b0b13bb9	32	24
Tu dovresti studiare più duramente.	You should study harder.	56d73beb-00c1-5b9d-8d33-d33e4ddba428	35	24
Dovreste studiare più duramente.	You should study harder.	439cb853-d9de-58f8-86d4-c0cc7d78c3ad	32	24
Voi dovreste studiare più duramente.	You should study harder.	04a41bc7-5a93-573d-92d8-78cb3c97627d	36	24
Dovrebbe studiare più duramente.	You should study harder.	62546778-8f6f-5471-ab5e-1c52afea9e0b	32	24
Lei dovrebbe studiare più duramente.	You should study harder.	b6c63f68-e5c3-575b-a9ab-0fc0c04bc9f6	36	24
Dovremmo studiare assieme.	We should study together.	57b0cb7d-921d-5f82-b80f-065e8a2c3332	26	25
Noi dovremmo studiare assieme.	We should study together.	8b4cb2a8-e0a5-5f16-96d1-e811f82c4507	30	25
Dovremmo studiare insieme.	We should study together.	ea3ee8fa-51ad-520f-ac75-94dea0dfd189	26	25
Noi dovremmo studiare insieme.	We should study together.	c5d5db78-d957-5853-b98b-80a754d09e2d	30	25
Lui ha cominciato a imparare l'esperanto.	He has started to learn Esperanto.	e9a5974e-9cdb-502a-86d6-5a45ab3828ac	41	34
Lui ha iniziato a imparare l'esperanto.	He has started to learn Esperanto.	9c74d048-104d-5d4c-b40a-6e9d5b9fcb00	39	34
Ho voglia di imparare l'esperanto.	I feel like learning Esperanto.	6dd10152-846d-5298-9f2c-9f8753563632	34	31
Io ho voglia di imparare l'esperanto.	I feel like learning Esperanto.	24069a8d-d470-5586-9507-4ffc30603787	37	31
Dovresti studiare di più.	You should study more.	38aae501-3f96-5b78-9465-53983c4c4e33	25	22
Tu dovresti studiare di più.	You should study more.	f3499c11-9122-56ff-a8a1-ab3c2ce1b02e	28	22
Dovreste studiare di più.	You should study more.	3a3908d2-868b-5e85-835a-d883a22c5959	25	22
Voi dovreste studiare di più.	You should study more.	cf317690-3e63-5323-ab75-54e11f84b126	29	22
Dovrebbe studiare di più.	You should study more.	a97ffaa9-ddb9-5e20-97ce-31e5f089e048	25	22
Lei dovrebbe studiare di più.	You should study more.	d97d4bd2-73e1-5504-9713-006425ce630a	29	22
La farina viene trasformata in pane.	Flour is made into bread.	7e4845ed-d60a-5515-9f7d-5dae175d3890	36	25
Avrei dovuto studiare il francese.	I should've studied French.	1265f3dd-9aca-5690-a989-dccd96fc58be	34	27
Io avrei dovuto studiare il francese.	I should've studied French.	b8155916-eb7c-5170-93da-cf84e07a8a29	37	27
Avrei dovuto studiare francese.	I should've studied French.	0cc3aa6f-85da-5bb8-b4d2-8d726140e97b	31	27
Io avrei dovuto studiare francese.	I should've studied French.	ea0bdeda-2dff-53f7-a9fa-76c7589890c0	34	27
Tom avrebbe dovuto studiare di più.	Tom should've studied more.	d0eb145d-0264-5377-93b6-5871de97e685	35	27
Avrei dovuto studiare di più.	I should have studied more.	663bd5a9-2ce4-5bc2-a4ca-a6a548b907b6	29	27
Io avrei dovuto studiare di più.	I should have studied more.	266d3fe1-fc84-58f7-848a-239ac5688d29	32	27
Perché dovrei studiare francese?	Why should I study French?	45795d8b-b9ac-52a4-a81e-d50cf221bdda	32	26
Perché dovrei studiare il francese?	Why should I study French?	90e0870d-01bf-5abb-a717-d68d03c95ef8	35	26
Come sono state costruite le piramidi?	How were the pyramids built?	086d0096-c9d7-5682-9cf8-5c18c2d68b6e	38	28
Manca di tatto.	He lacks tact.	abb54a83-75de-510a-bf1c-624dcb93a997	15	14
Lui manca di tatto.	He lacks tact.	4145a3db-e28f-501e-9dda-2693a9036ef2	19	14
Penso che tu sia pronto.	I think you're ready.	40254aa4-c5b0-5be4-a1a8-748cb65d2d61	24	21
Io penso che tu sia pronto.	I think you're ready.	5142c0e6-0c7d-5395-9e67-4ab85342de6a	27	21
Penso che tu sia pronta.	I think you're ready.	12fc5662-83bd-5ddc-92de-7c839a3450a8	24	21
Io penso che tu sia pronta.	I think you're ready.	e8e4ec9d-a3fb-570c-b4f9-cd50bf3ebef4	27	21
Penso che lei sia pronta.	I think you're ready.	b34a4133-a9b2-5226-a524-7f39be2c967b	25	21
Io penso che lei sia pronta.	I think you're ready.	78de41cc-c86f-5301-8c9c-4d4a711adaf0	28	21
Penso che lei sia pronto.	I think you're ready.	30685cec-1516-5831-85b9-aa44784c416e	25	21
Io penso che lei sia pronto.	I think you're ready.	ce178aa8-ca57-52e1-900a-82161bd7416e	28	21
Penso che siate pronti.	I think you're ready.	04bf8a65-f02a-5779-a47a-61dab0d0517c	23	21
Io penso che siate pronti.	I think you're ready.	7bb335b5-b852-5f60-b87d-08b890a6b919	26	21
Penso che siate pronte.	I think you're ready.	5e18e93c-cc1d-5161-92eb-81dbec6a8f0f	23	21
Io penso che siate pronte.	I think you're ready.	98e7e33d-69ac-5b4f-8325-86c35d425466	26	21
Penso che voi siate pronte.	I think you're ready.	5036fc1d-6912-572f-8729-ffd7efa25698	27	21
Io penso che voi siate pronte.	I think you're ready.	2386ba27-c849-5b63-b821-3094ca2714f8	30	21
Penso che voi siate pronti.	I think you're ready.	a5fa65cf-4238-5151-ae4b-958544d35a97	27	21
Io penso che voi siate pronti.	I think you're ready.	621acd5d-ec68-5226-964b-67ee42a86a37	30	21
Non si sono mai arresi.	They never gave up.	769a2e4e-c7d1-5e7f-8824-e9ee5bf74bc5	23	19
Loro non si sono mai arresi.	They never gave up.	1d96ba2f-7ea3-5b39-bd54-0deea6aed5ba	28	19
Non si sono mai arrese.	They never gave up.	6eec556d-ac64-5e81-902f-6b820d8c0f96	23	19
Loro non si sono mai arrese.	They never gave up.	3397df35-6d0a-576f-b29b-9500411f338f	28	19
Non si arresero mai.	They never gave up.	03dfa8bb-38f5-579f-8fad-cea0e9e26704	20	19
Loro non si arresero mai.	They never gave up.	c6d0ca24-c1de-5dfb-96bd-d262d1aa41a7	25	19
Piantala di lamentarti.	Stop whining.	4efaf897-b71a-59c9-b3f2-d350ee91e3a7	23	13
La pianti di lamentarsi.	Stop whining.	3edf27d0-df27-5701-bcd4-604f8249d2ba	24	13
Piantatela di lamentarvi.	Stop whining.	2e9218b6-5a93-56a5-9a8a-9a4a9ec55b33	25	13
Smettila di frignare.	Stop whining.	b0942749-e67e-5740-b84d-3aa6fbfc86d3	21	13
La smetta di frignare.	Stop whining.	9e005ea8-b356-5db6-ad80-90a4fd5f5a06	22	13
Smettetela di frignare.	Stop whining.	efd2ecfa-8ff7-5edf-8a0c-f6012c13842f	23	13
Piantala di frignare.	Stop whining.	29748215-341c-5ec6-b133-cb43af7f713f	21	13
La pianti di frignare.	Stop whining.	a24c950e-9980-506a-bbc3-ea621af0fd3f	22	13
Piantatela di frignare.	Stop whining.	d8808090-c45a-51bb-969d-048e25146f55	23	13
Tom è un insegnante di letteratura cinese.	Tom is a teacher of Chinese literature.	c772ba71-f863-542e-b764-c4f8d2e63fb2	42	39
Tom è un professore di letteratura cinese.	Tom is a teacher of Chinese literature.	97aa237b-b128-51b5-837a-a76d254c04f9	42	39
Non ho ancora ricevuto niente.	I haven't received anything yet.	88c0dc8e-3596-586a-8c45-483d05833a30	30	32
Io non ho ancora ricevuto niente.	I haven't received anything yet.	1ecc0a62-f424-54ae-afca-a38bb7842b88	33	32
Non ho ancora ricevuto nulla.	I haven't received anything yet.	c71b63ea-d43e-564f-a4f8-350238e61c20	29	32
Io non ho ancora ricevuto nulla.	I haven't received anything yet.	12b1f578-7ccf-5ae7-aed9-8c3ef8f0dbf6	32	32
Resti seduto!	Remain seated!	9a9b757e-f117-573b-958d-a676e7ab1e93	13	14
Restate seduti!	Remain seated!	3e6d1935-d9d2-5f21-a90f-8424d09a98aa	15	14
Restate sedute!	Remain seated!	8fb1598f-ebe5-590d-98d5-5e6735641178	15	14
Resti seduta!	Remain seated!	3a3d795d-ffe1-53e8-a77a-dfdcfa88da9d	13	14
Resta seduto!	Remain seated!	cff4b769-895e-553c-86e9-fbe84a104fcf	13	14
Resta seduta!	Remain seated!	ae23f5a1-d40a-536f-9491-ea58b1616616	13	14
Rimani seduto!	Remain seated!	54269129-653c-5f84-bc7e-2925ecc22ad9	14	14
Rimani seduta!	Remain seated!	eafc33ab-2c1a-542a-a723-b17fc62a08f3	14	14
Rimanga seduto!	Remain seated!	a631f2ed-e84b-5126-af26-933f34cc1bb1	15	14
Rimanga seduta!	Remain seated!	2bb12e0b-f74b-5a5c-94db-b1df71ce91d1	15	14
Rimanete seduti!	Remain seated!	ef361551-064c-5ae9-92a7-cd74724bda2c	16	14
Rimanete sedute!	Remain seated!	071dac9e-f97f-5b37-b490-0d9d49f72fde	16	14
Fa sempre delle domande sciocche.	He's always asking silly questions.	0d715bc4-774e-5e23-9d4f-e60c76cfe2dc	33	35
Lui fa sempre delle domande sciocche.	He's always asking silly questions.	f52daabc-c6fa-544d-b9bc-79d43e5b1c69	37	35
Tende a parlare male degli altri.	She tends to speak ill of others.	20b4b0ed-9aa6-5d33-8f7e-582a2e8d6301	33	33
Lei tende a parlare male degli altri.	She tends to speak ill of others.	1033e69f-19f5-5b9f-8de4-34012ed6b6ad	37	33
Hai delle allergie alimentari?	Do you have any food allergies?	c6c321b9-bb6d-562c-b27a-c86ae507e33d	30	31
Tu hai delle allergie alimentari?	Do you have any food allergies?	ecc18f29-2375-5282-b7cb-1654e20a80e1	33	31
Ha delle allergie alimentari?	Do you have any food allergies?	9b55ba08-c5dc-5252-bbe7-81ed4a91e48b	29	31
Lei ha delle allergie alimentari?	Do you have any food allergies?	2941a002-5a0e-5418-ac51-39c67e0f971e	33	31
Avete delle allergie alimentari?	Do you have any food allergies?	01243ca4-d8f5-5e2e-a088-be27dac7edfd	32	31
Voi avete delle allergie alimentari?	Do you have any food allergies?	5a8decf8-918f-56a5-8e56-9675d5ac18e2	36	31
I turisti vagavano intorno ai negozi.	The tourists wandered around the stores.	dc689fc3-6254-58ef-a926-7bc0403db9f6	37	40
I turisti vagavano attorno ai negozi.	The tourists wandered around the stores.	8fc19ed9-a3ba-59e7-a3d5-70504acb5640	37	40
Non sta succedendo.	That's not happening.	c4092aff-fef3-58e6-82ef-ba1234d9f491	19	21
Non sta capitando.	That's not happening.	1a424906-b964-51ee-81e1-f5f9b50a02e8	18	21
Non è il punto.	That's not the point.	59a202b4-d2c5-5813-8e2a-b07d2c2f1a6e	15	21
È interessante.	That's interesting.	1bc00251-d6fd-578f-91e7-230fa78c4164	15	19
Tom ha ringraziato lo chef.	Tom thanked the chef.	940b1ba2-2255-5fae-9a32-9ff27d7dfb9c	27	21
Tom ringraziò lo chef.	Tom thanked the chef.	6d61ae37-5557-5b9d-acee-c396bbdced37	22	21
Sekkura è uno chef qualificato.	Sekkura is a qualified chef.	aa5bdbbf-8347-571f-a0c3-32f3e512d2f5	31	28
Chiamerò lo chef.	I'll call the chef.	3ea0be6a-29c3-5774-a809-934f95d914d0	17	19
Io chiamerò lo chef.	I'll call the chef.	a7e48f8a-6c08-53a2-a14b-d15e0daf06b5	20	19
Chiamerò la chef.	I'll call the chef.	e40e2bc3-6d68-5d6c-84f0-e6ff4ec12e09	17	19
Io chiamerò la chef.	I'll call the chef.	df9b66b5-b4c5-546d-af64-215e8905a414	20	19
Non sei uno chef?	Aren't you a chef?	0e5f8c58-31d7-5f57-bed7-bc0b3e2a0337	17	18
Tu non sei uno chef?	Aren't you a chef?	69030618-cc13-501d-8756-74970012e302	20	18
Non sei una chef?	Aren't you a chef?	ea68f6f7-f4ef-5ae8-b130-ca54abb60619	17	18
Tu non sei una chef?	Aren't you a chef?	9e3d8064-6499-5d70-aaa2-7cf8dafea4c7	20	18
Non è una chef?	Aren't you a chef?	f70b9eb5-62c1-5c6f-9216-a46859108bdc	15	18
Lei non è una chef?	Aren't you a chef?	05b80e96-42ef-58bd-815d-2b9a09b4d0d1	19	18
Non è uno chef?	Aren't you a chef?	436ec6ac-6f40-53cd-8ba8-20d836a89a11	15	18
Lei non è uno chef?	Aren't you a chef?	83a87010-6076-51ad-88bb-bb75ac624db3	19	18
Tom è uno chef rinomato.	Tom is a renowned chef.	dcdc1c03-6649-5ed2-9c43-58f2e4e82f67	24	23
Sei uno chef eccellente.	You're an excellent chef.	1b243a3d-7eaa-5541-9956-a7dc341fd7dd	24	25
Tu sei uno chef eccellente.	You're an excellent chef.	8ad993d4-2d48-5c6a-82a4-6f484fccaf1c	27	25
Sei una chef eccellente.	You're an excellent chef.	53ddd70f-22d5-5292-bce4-82fe529db20e	24	25
Tu sei una chef eccellente.	You're an excellent chef.	a32eb5bc-fb36-5e6f-9d9c-c93dcb5b03ec	27	25
È una chef eccellente.	You're an excellent chef.	b683233e-4258-537c-9361-bc3856f741cb	22	25
Lei è una chef eccellente.	You're an excellent chef.	5c8e5848-f0f7-5a00-8025-9a68664d9b08	26	25
È uno chef eccellente.	You're an excellent chef.	b57b1b38-311a-51e5-8c52-ea630049adf7	22	25
Lei è uno chef eccellente.	You're an excellent chef.	709f62bc-bb71-57e9-b4a0-451481409eb4	26	25
Il nostro chef è molto impegnato oggi.	Our chef is very busy today.	e75506d0-124b-5852-afa9-1b20332566e9	38	28
Il nostro chef è molto occupato oggi.	Our chef is very busy today.	fb16aa9c-37f0-5be6-85ec-1dfbecb67b02	37	28
La nostra chef è molto occupata oggi.	Our chef is very busy today.	442eba30-5434-5914-9b93-2e28fe4b5d13	37	28
La nostra chef è molto impegnata oggi.	Our chef is very busy today.	7b930ff3-0f7f-5531-b0ff-c03956b4a348	38	28
Chi è il tuo chef televisivo preferito?	Who's your favorite TV chef?	e6919cbc-9fa0-57ce-bb4d-f2ab1b282ecf	39	28
Chi è il suo chef televisivo preferito?	Who's your favorite TV chef?	8da0170a-062d-5cba-807c-07de4ba76ab7	39	28
Chi è il vostro chef televisivo preferito?	Who's your favorite TV chef?	b0b4c5d3-6970-592f-9422-0749f76c0de2	42	28
Per piacere, di' allo chef che era delizioso.	Please tell the chef it was delicious.	9d156d58-1581-5a50-9f44-ddc8aa4f4491	45	38
Per piacere, di' allo chef che era deliziosa.	Please tell the chef it was delicious.	dcde54d6-277f-581d-9e03-6dabc0114db3	45	38
Per favore, di' allo chef che era delizioso.	Please tell the chef it was delicious.	b6b81ede-86dc-5306-83cc-56d83678bace	44	38
Per favore, di' allo chef che era deliziosa.	Please tell the chef it was delicious.	191255a6-6558-5239-b859-4759e5dbbd18	44	38
Per favore, dite allo chef che era delizioso.	Please tell the chef it was delicious.	fcf7cf29-0785-5ca9-807a-0e6c574cdc78	45	38
Per favore, dite allo chef che era deliziosa.	Please tell the chef it was delicious.	3a93d202-fde0-5d47-b635-875ba4fd1ba5	45	38
Per piacere, dite allo chef che era delizioso.	Please tell the chef it was delicious.	c5cd3150-21bc-5462-b820-e9c65e03e43b	46	38
Per piacere, dite allo chef che era deliziosa.	Please tell the chef it was delicious.	5e74e4cf-fbad-59f3-82cf-23c52a8eabfe	46	38
Per piacere, dica allo chef che era delizioso.	Please tell the chef it was delicious.	1a65b9b3-1282-585d-a68d-2a9c03ee0f19	46	38
Per piacere, dica allo chef che era deliziosa.	Please tell the chef it was delicious.	535e0e8b-a71e-559d-b7a5-3ad48a0ef0f4	46	38
Per favore, dica allo chef che era delizioso.	Please tell the chef it was delicious.	4123546c-dd73-523a-b808-21311d919155	45	38
Per favore, dica allo chef che era deliziosa.	Please tell the chef it was delicious.	b1eec659-9350-5f9f-aa23-9cb77d86e975	45	38
Per piacere, di' alla chef che era delizioso.	Please tell the chef it was delicious.	32e43627-910a-543b-aa8d-ee45f07a1e19	45	38
Per piacere, di' alla chef che era deliziosa.	Please tell the chef it was delicious.	a2be4ac6-cd66-529f-a6ff-4b17df19422f	45	38
Per piacere, dica alla chef che era delizioso.	Please tell the chef it was delicious.	bfad4abd-71b1-52a0-b531-8b406545879e	46	38
Per piacere, dica alla chef che era deliziosa.	Please tell the chef it was delicious.	f3730e5c-913c-51fe-9b95-124976d72e4f	46	38
Per piacere, dite alla chef che era delizioso.	Please tell the chef it was delicious.	c86772f2-da5a-52d3-b7f1-9b1edf77e138	46	38
Per piacere, dite alla chef che era deliziosa.	Please tell the chef it was delicious.	5c1b89ff-a3a1-5671-87d9-440e99fae529	46	38
Per favore, di' alla chef che era delizioso.	Please tell the chef it was delicious.	6faea0ec-0970-5f24-bc2d-1136eb546a35	44	38
Per favore, di' alla chef che era deliziosa.	Please tell the chef it was delicious.	a0de2d93-bca3-5706-b60a-8fe02fd204e8	44	38
Per favore, dite alla chef che era delizioso.	Please tell the chef it was delicious.	7961ed26-b775-5ad0-9807-ae8b86a1170c	45	38
Per favore, dite alla chef che era deliziosa.	Please tell the chef it was delicious.	ffa08485-419b-5945-8432-ae89a00de231	45	38
Per favore, dica alla chef che era delizioso.	Please tell the chef it was delicious.	b36b73ac-ecc9-5107-86ec-a5dee8af93bd	45	38
Per favore, dica alla chef che era deliziosa.	Please tell the chef it was delicious.	f0e95426-4777-5095-b0a3-47daa0ba38bb	45	38
La gente beve il tè nel tuo paese?	Do people drink tea in your country?	4cecdc42-8b51-5e2a-b05a-a53ea1d8b6f1	34	36
La gente beve il tè nel suo paese?	Do people drink tea in your country?	0473d9c9-f902-532d-a56e-5f3c0e30dbce	34	36
La gente beve il tè nel vostro paese?	Do people drink tea in your country?	6a3d6edd-5a17-5b76-80e0-8244f6852ab0	37	36
Le persone bevono il tè nel tuo paese?	Do people drink tea in your country?	fd26dacd-e54a-54d0-a3da-4b067c07e414	38	36
Le persone bevono il tè nel suo paese?	Do people drink tea in your country?	b72f75ef-b044-545c-a908-7b961b612917	38	36
Le persone bevono il tè nel vostro paese?	Do people drink tea in your country?	4f74e66b-de36-5d70-82f0-ca744b5cf4b1	41	36
Quello chef prepara pasti differenti ogni giorno.	That chef prepares different meals every day.	f90db55e-7536-5ee8-9325-4ffcc643f8b0	49	45
Quella chef prepara pasti differenti ogni giorno.	That chef prepares different meals every day.	a8e86211-fd70-5042-9480-bfa36f148fab	49	45
Tom non è utile come Mary.	Tom isn't as helpful as Mary.	a5cd8d41-5570-51fc-ad44-397cfbd6d2db	26	29
Tom è sciocco, vero?	Tom is being silly, isn't he?	f940e341-d278-5f0f-ac08-a6b58796838f	20	29
È molto complicato.	It's very complicated.	a901d09b-64e8-576d-b307-3bf8e3143410	19	22
È molto complicata.	It's very complicated.	2cd75cb0-6c32-5d24-9a8e-5051fea64f5d	19	22
La grammatica è molto complicata.	Grammar is very complicated.	e8555fc0-8fa7-58bd-9604-44d6dcf868bc	33	28
Gli elefanti sono degli animali maestosi.	Elephants are majestic animals.	252b3f0e-0768-5011-b0c2-657f34b67b79	41	31
Mia madre ha paura degli ascensori.	My mother is afraid of lifts.	62ab9a78-15cc-5e89-94f0-a20a1f692f38	35	29
Quelli sono i nostri libri.	Those are our books.	53347624-56ad-5d9e-b7b1-06c8ff2dfb0f	27	20
Hai dato la chiave a Tom?	Have you given Tom the key?	0861c9c3-82e7-55cc-a926-12bfd7740ec5	25	27
Tu hai dato la chiave a Tom?	Have you given Tom the key?	7d8a810e-bcf3-5083-a97f-8da85cff7ae3	28	27
Ha dato la chiave a Tom?	Have you given Tom the key?	7268ae13-05e5-5c1f-b238-f4987b2ccf1a	24	27
Lei ha dato la chiave a Tom?	Have you given Tom the key?	bfe3a8cd-fedc-5653-ab25-44f2798f05db	28	27
Avete dato la chiave a Tom?	Have you given Tom the key?	9795e1f5-5dc3-574f-bdfd-6f7f06949244	27	27
Voi avete dato la chiave a Tom?	Have you given Tom the key?	a7695db7-d6df-59bf-880d-367d294e9202	31	27
Sto imparando a parlare in francese.	I'm learning to speak French.	a1d75129-ba7f-5021-b040-2d4bab64aa5d	36	29
Io sto imparando a parlare in francese.	I'm learning to speak French.	8b29c508-36d3-5c02-affc-fb6cd1338dbc	39	29
A volte vanno in autobus, e a volte in macchina.	Sometimes they go by bus, and sometimes by car.	33125ebd-f27e-5c27-9c03-3d9ebec05034	48	47
Che effetto avrà?	What effect will that have?	95a17f91-1779-5a8a-9031-986a260003d5	17	27
Ha un maggiordomo e un cuoco.	He has a butler and a cook.	e1578fe8-e2c7-5518-bb6b-7402352065cc	29	27
Lui ha un maggiordomo e un cuoco.	He has a butler and a cook.	78849b62-2a7c-5497-b54e-4f50a981240e	33	27
Lo stavo per fare ieri.	I was going to do it yesterday.	cd9c12e6-84fa-51ba-8aa6-7daa439821f4	23	31
Io lo stavo per fare ieri.	I was going to do it yesterday.	3455c009-9566-577a-a2c7-618331691309	26	31
La stavo per fare ieri.	I was going to do it yesterday.	d6c2e1b3-a283-597d-9b53-835289e64094	23	31
Io la stavo per fare ieri.	I was going to do it yesterday.	5e76bf3c-dc16-5f84-8bc2-e77ed5f63106	26	31
Jim non è ancora stato a casa.	Jim hasn't been home yet.	7d703ad4-7892-5b2a-82c4-dad7b3ba0caa	30	25
Secondo me Tom è innocente.	In my opinion, Tom is innocent.	16e5d08a-5369-519f-a09b-ca45be1c82c2	27	31
Tom ha detto che voleva fare colazione a letto.	Tom said he wanted to eat breakfast in bed.	a95123a7-9d90-56fa-aef7-a82f67d25123	47	43
Tom disse che voleva fare colazione a letto.	Tom said he wanted to eat breakfast in bed.	84fdacb4-87df-53dc-a5eb-189c4d5e0d52	44	43
Questi diamanti non sono autentici.	These diamonds aren't real.	cbe05d47-f856-5896-b264-93d676c929f6	35	27
Se hai una domanda, alza la mano, per favore.	If you have a question, please raise your hand.	4a91c112-5877-5421-b1cb-db20b55a0d79	45	47
Se hai una domanda, alza la mano, per piacere.	If you have a question, please raise your hand.	83449bd2-b6c4-50f5-8255-b4f29e945bbe	46	47
Se ha una domanda, alzi la mano, per favore.	If you have a question, please raise your hand.	461885e9-2f34-5b77-a110-113195d49aeb	44	47
Se ha una domanda, alzi la mano, per piacere.	If you have a question, please raise your hand.	6f1c708a-fd26-55ce-a29a-5121816939a3	45	47
Se avete una domanda, alzate la mano, per favore.	If you have a question, please raise your hand.	896ef46f-4403-50c0-b115-89986743944a	49	47
Se avete una domanda, alzate la mano, per piacere.	If you have a question, please raise your hand.	81a12eb6-baa5-5ce4-9dd8-5c1ee921f46e	50	47
Il fine non giustifica necessariamente i mezzi.	The end does not necessarily justify the means.	f572a633-5212-5123-a58d-acffce2ca978	47	47
La casa è stata venduta a un prezzo basso.	The house went cheap.	589d5090-b0a8-5dcb-bd9c-04143b1cbc81	42	21
La casa fu venduta a un prezzo basso.	The house went cheap.	d82e78f3-ce05-5858-b0ea-64362cacccc7	37	21
Questo è molto imbarazzante.	This is very embarrassing.	44217207-1d43-5544-9b5a-ab23fc653843	28	26
Ciò è molto imbarazzante.	This is very embarrassing.	2e6f3a84-5ac2-55b6-ba98-ba19491f668e	25	26
Tom e Mary non si baciano mai in pubblico.	Tom and Mary never kiss each other in public.	8d5e0933-2a58-58bb-b85a-67826759033f	42	45
I criminali dovrebbero andare in prigione.	Criminals should go to jail.	97692238-90fd-58e1-94b5-bccb0bff273a	42	28
Non affermare l'ovvio.	Don't state the obvious.	161601dd-4249-5dd8-85f9-f3fc93015ad6	22	24
Non affermate l'ovvio.	Don't state the obvious.	fd794b79-3136-5d1d-994f-3d9ed50b281b	22	24
Non affermi l'ovvio.	Don't state the obvious.	817784d9-e6c1-562b-ac7c-68ac3c6a971c	20	24
Non ribadire l'ovvio.	Don't state the obvious.	49356bc6-19b0-573a-aeb0-70bbb4babcb7	21	24
Non ribadite l'ovvio.	Don't state the obvious.	a8f7187a-e39a-53de-b45b-7cc772a0b427	21	24
Non ribadisca l'ovvio.	Don't state the obvious.	fc711376-6900-5fc1-b4f0-d5ab2090ba08	22	24
Tom era in intimo.	Tom was in his underwear.	f985db37-d65b-506f-9be8-147e253dc522	18	25
Di' loro di fare lo stesso.	Tell them to do the same.	0c3b75f7-fc9f-5c96-8231-ba3356044141	27	25
Dica loro di fare lo stesso.	Tell them to do the same.	98e97794-d1d8-580e-8065-bce350753201	28	25
Dite loro di fare lo stesso.	Tell them to do the same.	7755a9d4-f830-5540-b819-61f3087b285e	28	25
Tom rideva di Mary.	Tom used to laugh at Mary.	9bc60eab-deef-5b04-bd8e-bfe26dfa6511	19	26
Erano tutti scioccati dalla notizia.	Everyone was shocked by the news.	4610e2e3-9158-517c-8fce-d9205572a271	36	33
Erano tutti sconvolti dalla notizia.	Everyone was shocked by the news.	4fd8a50b-b6cd-5d6c-8558-ad9e9d670cd0	36	33
Tom doveva incontrarsi con noi qui alle 2:30.	Tom was supposed to meet us here at 2:30.	a7487825-f0f8-5f8a-845e-ee05e69a70c6	45	41
Pensavo fossi già a letto.	I thought you were already in bed.	2685c0dd-4ea7-58ca-9bbc-ffd3df148333	26	34
Pensavo fosse già a letto.	I thought you were already in bed.	214c9d70-7d4d-545c-bb25-d8729ffa6b0f	26	34
Pensavo foste già a letto.	I thought you were already in bed.	ffaf7025-a9a5-5650-b6b3-a963f5002c58	26	34
Non gli era mai venuto in mente prima.	That had not occurred to him before.	04aabe66-9a41-5947-a630-0f70fb58f853	38	36
Perché non ho una ragazza?	Why don't I have a girlfriend?	8bf7a89b-8601-5a55-afe8-9179482f4f60	26	30
Perché non ho una morosa?	Why don't I have a girlfriend?	a61c900e-9710-5997-81db-121606673e9e	25	30
Perché non ho una fidanzata?	Why don't I have a girlfriend?	3667d51d-1af0-55a4-ab8b-571c029911ed	28	30
Che distanza c'è tra New York e Londra?	What is the distance between New York and London?	a6bcaae9-4098-5db1-bd7e-c74851c713ec	39	49
Qual è la distanza tra New York e Londra?	What is the distance between New York and London?	f6d73782-b36a-57c7-8d73-48ef943315e6	41	49
Assomiglio a mio padre.	I am like my father.	77099e2f-659c-546e-83f4-eb44c1026e0c	23	20
Io assomiglio a mio padre.	I am like my father.	66e4b173-4cad-5181-9b5e-f3401d98d1b1	26	20
Abbiamo molto poco tempo.	We have very little time.	d0798d21-91bc-5474-ad3b-c6a22036869f	25	25
Noi abbiamo molto poco tempo.	We have very little time.	111e6257-4171-5d8e-9c6e-cbb12da7dfa7	29	25
Io ho molti dischi.	I have many discs.	a2c4042d-dae8-5c3b-98a5-5d081a10f873	19	18
Ma perché il francese è una lingua così difficile?	But why is French such a difficult language?	1a8c1289-15f9-5746-a580-43d06db15faa	50	44
Tom si è seduto sul divano.	Tom sat down on the couch.	5178ac7b-2566-5f11-bd3d-e3ffe979dcc2	27	26
Tom si sedette sul divano.	Tom sat down on the couch.	8082016d-c3e3-5788-bca3-b169048fefe4	26	26
Mi stanno disturbando.	They're bothering me.	9c7913e9-3c41-53da-94f0-488d53c15e21	22	21
Loro mi stanno disturbando.	They're bothering me.	52d6350d-a537-5b72-a9c3-12df0dec05b1	27	21
Mi stanno infastidendo.	They're bothering me.	559dfdb4-5807-5a63-a4bc-2a1e0eaa3eb8	23	21
Loro mi stanno infastidendo.	They're bothering me.	e6282dca-a3bd-5fe1-92e6-1f68da4584ab	28	21
Questo è un luogo sicuro.	This is a safe place.	5d457cfa-4d4c-5288-aaa4-53faf476b26e	25	21
Questo è un posto sicuro.	This is a safe place.	e17c9701-3777-5207-a068-03fbab9ebc3d	25	21
Ne sono convinta.	I'm convinced.	a13fc0ff-ec7d-55ed-9775-6e75bb1465ec	17	14
Io ne sono convinta.	I'm convinced.	3b6c4937-5b6b-5c3b-aec1-9e861aa74f68	20	14
Io ne sono convinto.	I'm convinced.	5c0556fe-30f6-578b-a952-7fe73e4d97c0	20	14
Questo posto è un disastro.	This place is a mess.	95d5c447-ae0d-591f-b266-fdda56bed61e	27	21
La polizia ti metterà in prigione.	The police will put you in prison.	db67b418-bb7d-500f-9efa-5f9594509969	34	34
La polizia vi metterà in prigione.	The police will put you in prison.	2371b5e7-f3e8-52c1-a630-bd74423a0d19	34	34
La polizia la metterà in prigione.	The police will put you in prison.	36a58bb9-7210-57e2-9e50-c1651479a90b	34	34
La polizia ti metterà dietro le sbarre.	The police will put you behind bars.	96d15007-f9e0-53f0-83ab-b0b7a6cbcc08	39	36
La polizia vi metterà dietro le sbarre.	The police will put you behind bars.	59958530-1f54-5994-be96-ec7c30eda05a	39	36
La polizia la metterà dietro le sbarre.	The police will put you behind bars.	123ce025-2df6-5e73-b634-36790658ffe1	39	36
Perché hai la bocca aperta?	Why is your mouth open?	8011a116-11ee-52f2-a5e8-c675d304509f	27	23
Perché ha la bocca aperta?	Why is your mouth open?	a3108e66-eacb-5b65-83e0-75d830a15fd8	26	23
Tom non baciò Mary.	Tom didn't kiss Mary.	4dec9373-cc1c-5160-af6b-899328788786	19	21
Di chi è questo bicchiere?	Whose glass is this?	c7bf37f8-4adc-54a9-9d94-1258698f5ff8	26	20
Di chi è questo vetro?	Whose glass is this?	dcf5defc-c442-531c-8030-28041ccd5112	22	20
Tom non mangia la carne.	Tom doesn't eat meat.	0a844bf0-dc95-5fed-adc8-5f2849000552	24	21
Quale casa è la sua?	Which house is his?	8b2a153c-745c-57d2-8b95-e3bc74a05508	20	19
Conosco una persona che parla molto bene il russo.	I know a person who speaks Russian very well.	7949dac6-e327-5096-8c30-914e8a786f37	50	45
Tom non ha tè.	Tom doesn't have tea.	217298d9-1bbf-572e-9efc-ebc7e8bb8424	14	21
Tom non ha il tè.	Tom doesn't have tea.	2d8e20a4-8c91-5e11-b09a-82251697a951	17	21
Tom non ha del tè.	Tom doesn't have tea.	db9e5da3-3b08-5226-a5cb-ec1d366c05fd	18	21
Penso che cambierò lavoro.	I think I will change jobs.	4a7c0f02-4fc7-5507-8876-eee1cdd68299	26	27
Io penso che cambierò lavoro.	I think I will change jobs.	04d2602f-d515-59b1-89d5-86eb8d4ff30c	29	27
Hai un desiderio di cambiare lavoro?	Do you have a desire to change jobs?	fba0dbf5-c3d9-50a9-a2e1-f2ee44b748df	36	36
Tu hai un desiderio di cambiare lavoro?	Do you have a desire to change jobs?	1f82589b-9708-5ebc-90e1-4d5278e9c969	39	36
Ha un desiderio di cambiare lavoro?	Do you have a desire to change jobs?	437b95b6-14d7-5d5a-a7a3-8f9ddb4229b5	35	36
Lei ha un desiderio di cambiare lavoro?	Do you have a desire to change jobs?	9eb5683c-a872-5be5-9e19-3db795444c95	39	36
Avete un desiderio di cambiare lavoro?	Do you have a desire to change jobs?	0067438a-079d-51bd-92d9-bcc60b2780e1	38	36
Voi avete un desiderio di cambiare lavoro?	Do you have a desire to change jobs?	49521601-5d27-50b1-89ea-39ab8484c1dd	42	36
Dovresti cambiare lavoro se ne capita l'occasione.	You should change your job if the occasion arises.	1f414ec9-9848-5e74-b5ab-a916a0496806	50	50
Dovreste cambiare lavoro se ne capita l'occasione.	You should change your job if the occasion arises.	092cb495-d2b1-5aa9-b9be-f8f979924023	50	50
Dovrebbe cambiare lavoro se ne capita l'occasione.	You should change your job if the occasion arises.	ec9e0c83-7e67-58d4-b5a0-d46796c23c06	50	50
Tom ha seguito Mary all'interno.	Tom followed Mary in.	ca30bb77-bfd9-5dba-945a-c82161cb2a78	32	21
Tom seguì Mary all'interno.	Tom followed Mary in.	c4918620-7b96-5ac3-9e5c-43f96fa2db67	27	21
Io l'ho seguito.	I followed him.	0776d42d-2f1a-564e-876b-babff9235d6d	16	15
Io lo seguii.	I followed him.	428e2d8b-94be-5c6c-9539-1c98ffb520f7	13	15
Seguii Tom.	I followed Tom.	2263d7e6-faa2-53dc-9fe0-eeec5c7df6c8	11	15
Io seguii Tom.	I followed Tom.	07e4f10a-3fa7-56e0-bb27-992d494c03a7	14	15
Ne ho seguito uno.	I followed one.	61eeb677-ce2d-5a78-8849-6d668d99466f	18	15
Io ne ho seguito uno.	I followed one.	34bf51fc-dd51-5b08-ba00-b3d91ebddf85	21	15
Ne ho seguita una.	I followed one.	8edab9db-96fe-55cf-8def-e0f4ec639daa	18	15
Io ne ho seguita una.	I followed one.	06de1d4e-2f25-5386-8761-c478735893a3	21	15
Ne seguii uno.	I followed one.	653d3784-84fb-5b57-8c6c-f505cee92e7a	14	15
Io ne seguii uno.	I followed one.	972b3243-9623-5892-bcfd-79930fef7608	17	15
Ne seguii una.	I followed one.	f135ad92-53c9-57da-8b0f-44223f67754a	14	15
Io ne seguii una.	I followed one.	63de0618-7caf-599d-a20a-afebeef84a76	17	15
Li ho seguiti.	I followed them.	23b7a454-83cf-5348-a1b7-bd6f437ba911	14	16
Io li ho seguiti.	I followed them.	8c065163-19df-51fe-ac26-86c284aedf08	17	16
Le ho seguite.	I followed them.	957d0b0d-f5f9-59af-871c-682ce6c7a4ce	14	16
Io le ho seguite.	I followed them.	795d7b51-2e3a-5114-a4eb-55513a48c777	17	16
Li seguii.	I followed them.	3b80dd7b-4c38-50ca-9b34-789685b7732c	10	16
Io li seguii.	I followed them.	aa2de634-7000-5c98-bc7a-c616a25b7ec8	13	16
Le seguii.	I followed them.	36d6a09e-3352-5010-b3ec-6dcea869edf6	10	16
Io le seguii.	I followed them.	2cddcb4c-e519-51bd-8a8a-6c3105bbf355	13	16
Ho seguito la ricetta.	I followed the recipe.	aa851f32-dae2-5590-8eab-cef2e34286cc	22	22
Io ho seguito la ricetta.	I followed the recipe.	875e1dd1-cada-5bec-a58c-39353541ff88	25	22
Seguii la ricetta.	I followed the recipe.	022e369f-8016-5b45-8ad7-959a204d889d	18	22
Io seguii la ricetta.	I followed the recipe.	dff3741f-3b9e-5ea4-971f-28b1da916e20	21	22
Mi scuso se ho ferito i tuoi sentimenti.	I apologize if I hurt your feelings.	c7197dfb-5fc6-5410-8de9-ea2f588928c5	40	36
Mi scuso se ho ferito i suoi sentimenti.	I apologize if I hurt your feelings.	b3a8b4ee-b88d-5cb7-bcae-fa3eca6679dc	40	36
Mi scuso se ho ferito i vostri sentimenti.	I apologize if I hurt your feelings.	e82ab852-b993-5b63-bfb9-dd13badddc10	42	36
Formarono un cerchio.	They formed a circle.	1af5ee21-e327-5633-87e5-e843e752998e	21	21
Loro formarono un cerchio.	They formed a circle.	41ddbfa4-cadf-542c-bed9-f3d254bdece1	26	21
Si misero in cerchio.	They formed a circle.	670ab4b1-766c-5d6a-99a0-e8bda55aac28	21	21
Loro si misero in cerchio.	They formed a circle.	a92279c4-3d33-515c-9150-691a9873ffa9	26	21
Tom capisce Mary.	Tom understands Mary.	fa52adb7-f2c2-5f4c-9122-2fc2f82c1e82	17	21
Tom comprende Mary.	Tom understands Mary.	e22313b9-8410-5c94-9bb4-03614b548d1c	19	21
Sono libero fino alle sei stasera.	I am free till 6 o'clock this evening.	362fa8ea-34f6-5f41-a417-fef96eb3b987	34	38
Io sono libero fino alle sei stasera.	I am free till 6 o'clock this evening.	79d56d0a-0499-5337-a35a-573cc3a2e191	37	38
Sono libera fino alle sei stasera.	I am free till 6 o'clock this evening.	10f0a097-51a5-5749-85e7-2b30161e1f8f	34	38
Io sono libera fino alle sei stasera.	I am free till 6 o'clock this evening.	cc2aa6cc-e5ba-5600-bca3-f37254fcc739	37	38
Sono libera fino alle sei questa sera.	I am free till 6 o'clock this evening.	69b90aca-93b5-5955-a26b-bb877124f814	38	38
Io sono libera fino alle sei questa sera.	I am free till 6 o'clock this evening.	5d6c2ad0-dc86-5655-bb17-8163a178bd95	41	38
Sono libero fino alle sei questa sera.	I am free till 6 o'clock this evening.	cd38fae1-d526-5000-8959-7c8aecf24dfe	38	38
Io sono libero fino alle sei questa sera.	I am free till 6 o'clock this evening.	294d8520-a324-5a01-a9f0-195e2259d068	41	38
Qual è il codice del prodotto?	What's the product's code?	272b3fa7-379e-5715-8bd9-f4f503695edd	30	26
Sei curioso, vero?	You're curious, aren't you?	b9bab86c-7e97-5ebe-a748-7b0393871187	18	27
Tu sei curioso, vero?	You're curious, aren't you?	3bbc1418-e7a0-5f18-a8a8-a6d1f915bd88	21	27
Sei curiosa, vero?	You're curious, aren't you?	6dc22f57-931e-5fae-bfc8-2c638fa79ea0	18	27
Tu sei curiosa, vero?	You're curious, aren't you?	c3f8b306-ad63-5029-9467-981ccf21a70d	21	27
È curiosa, vero?	You're curious, aren't you?	592abb1b-0723-597f-9b43-13465df325d8	16	27
Lei è curiosa, vero?	You're curious, aren't you?	ff5a40f6-a60e-5b17-a491-c4a89ec86233	20	27
È curioso, vero?	You're curious, aren't you?	a55a0d83-362c-5285-b529-b7cffff6eb5f	16	27
Lei è curioso, vero?	You're curious, aren't you?	0dbe1ea0-ec3d-5a71-bf29-cff8ca59c9df	20	27
Siete curiosi, vero?	You're curious, aren't you?	da52e87a-056c-5850-aba6-456edad10a0c	20	27
Voi siete curiosi, vero?	You're curious, aren't you?	5e3bb2f3-02ec-50b7-9b58-00da837655d4	24	27
Siete curiose, vero?	You're curious, aren't you?	5df6264e-cb66-5a46-b59c-f5677ba3cfb2	20	27
Voi siete curiose, vero?	You're curious, aren't you?	08402270-ebec-57ee-a843-2d6815dca640	24	27
Rilassati per un minuto.	Relax for a minute.	41fcfd0e-2a1c-59e5-b45c-903b7409317d	24	19
Si rilassi per un minuto.	Relax for a minute.	52f419a7-38a5-5053-a5df-1d7b4f1dc130	25	19
Rilassatevi per un minuto.	Relax for a minute.	96cf1f35-97fb-5416-b8c3-4d4d6d1c17d5	26	19
Potrebbe essere stato chiunque.	It could have been anybody.	ef4ec1f8-dc09-54d3-806d-5f16ae5db5fb	31	27
Almeno fammi aiutare con il tavolo.	At least let me help with the table.	02c455d2-3315-5075-805a-7b198894baa6	35	36
Almeno fatemi aiutare con il tavolo.	At least let me help with the table.	b17187ca-a351-5ff5-8aba-2dc05266868b	36	36
Almeno mi faccia aiutare con il tavolo.	At least let me help with the table.	5b291200-4a67-5bb2-b90e-c623853ce79d	39	36
Questo è tutto un terribile errore.	This is all a terrible mistake.	04927c0a-1795-5bc0-8037-75070492aaca	35	31
Perché non vuoi indossare un vestito?	Why don't you want to wear a dress?	a97e74fd-80cb-5d4b-b0ae-a448af3c5cf6	37	35
Perché non vuole indossare un vestito?	Why don't you want to wear a dress?	b541974c-0ab8-59c2-9084-77246e71a45a	38	35
Perché non volete indossare un vestito?	Why don't you want to wear a dress?	88c278e3-7551-538d-8af3-60ed10601a3d	39	35
Perché non vuoi indossare un vestito elegante?	Why don't you want to wear a dress?	e59ae882-19d7-5e2a-8839-c00ebdf340b9	46	35
Perché non vuole indossare un vestito elegante?	Why don't you want to wear a dress?	cb97175b-28d4-51e1-be87-789a6d6cd68e	47	35
Perché non volete indossare un vestito elegante?	Why don't you want to wear a dress?	d09a64f8-c0c9-5d48-b728-45ea4a8ba225	48	35
Tom è molto interessato alla storia australiana.	Tom is very interested in Australian history.	a6ff5ad6-1c62-5a06-b60c-0b6a8d639886	48	45
La ragazza non aveva capacità musicali.	The girl lacked musical ability.	152653a5-c590-556d-b026-1461afada9e9	39	32
Tom era ambizioso.	Tom was ambitious.	e66225e8-a880-5d82-a1ed-8dc53a593e77	18	18
Non sprecare troppo tempo.	Don't waste too much time.	d1b9e0d1-2b53-5756-b7fa-98c308a895d5	26	26
Non sprecate troppo tempo.	Don't waste too much time.	5dd14639-0a94-5934-b9f1-336547668ff6	26	26
Non sprechi troppo tempo.	Don't waste too much time.	770bbb91-f371-5330-86f2-63c840591e6f	25	26
Non perdere troppo tempo.	Don't waste too much time.	39d166df-d941-546e-9b22-99a300d57b81	25	26
Non perdete troppo tempo.	Don't waste too much time.	0a913816-72ef-596a-8af2-0ca995b88e8f	25	26
Non perda troppo tempo.	Don't waste too much time.	c8005472-3ee0-53d7-a5a6-b3459fa9d9ee	23	26
Il presidente è rimasto a letto.	The president remained in bed.	bf596f6c-f991-5d95-a7e3-23360b6e3d51	32	30
Il presidente è restato a letto.	The president remained in bed.	c0f7e631-2cf7-537c-a81d-183c9d0080e1	32	30
Il presidente rimase a letto.	The president remained in bed.	955cee1c-0501-59a5-af1d-9a6e1f0a8573	29	30
Il presidente restò a letto.	The president remained in bed.	d046be57-31e7-5367-a02a-b539d962fdbf	28	30
E cosa faremo ora?	And what are we doing now?	3e4fbe8c-71b3-5cd4-b617-d6c0d8685963	18	26
E noi cosa faremo ora?	And what are we doing now?	a4089541-abcf-55dd-87af-23bc45a34354	22	26
E cosa faremo adesso?	And what are we doing now?	9cb4d0f2-1109-5392-9d80-9c0decd76dbf	21	26
E noi cosa faremo adesso?	And what are we doing now?	a7857002-55f9-5fc7-946e-23a7e87cc8a7	25	26
Gli uragani sono molto distruttivi.	Hurricanes are very destructive.	72ba56ca-a179-5713-befe-45acdc2291b0	35	32
Chi ha iniziato questo?	Who has initiated this?	12e8ae2f-1f2b-550c-b877-2896f7c75cfa	23	23
Tom dubitava che Mary richiamasse.	Tom doubted that Mary would call back.	c4b9bc8f-3cdf-52dc-9967-d2faaf8ac07f	34	38
Ecco qualcosa su cui pensare.	Here's something to think about.	1655ac31-5816-5940-9074-a334524c1ab4	29	32
Devo venire domenica prossima?	Shall I come next Sunday?	8e7baf58-1670-5c4f-b177-b5688ad2d462	30	25
Abbiamo altro lavoro da fare.	We've got some more work to do.	e519dc7b-8e9e-53e4-a5fc-f8eeeb5c2086	29	31
Noi abbiamo altro lavoro da fare.	We've got some more work to do.	606383df-0266-576b-bae1-f3862555226b	33	31
Un ladro crede che tutti rubino.	A thief believes everybody steals.	9d7bd4c2-739b-51c7-b11a-b4aa42393fd8	32	34
Tom aveva il mal di stomaco.	Tom had a stomachache.	1a366d9b-673b-5eb5-aea2-1012581f1f8a	28	22
Tom aveva un brutto mal di stomaco.	Tom had a bad stomachache.	3ba6f03b-53cd-557b-8a30-f3ff1917c767	35	26
Hai abusato della mia fiducia.	You've abused my trust.	15055843-9e41-5b64-bcc2-065a09736ab8	30	23
Tu hai abusato della mia fiducia.	You've abused my trust.	4d90858b-25dd-547f-b622-244ddb8de2a0	33	23
Lei ha abusato della mia fiducia.	You've abused my trust.	c4b084f2-7be9-56f9-a7b3-a34edc9375df	33	23
Avete abusato della mia fiducia.	You've abused my trust.	6e5977ce-3006-51ca-9710-c333312f4137	32	23
Voi avete abusato della mia fiducia.	You've abused my trust.	67abf054-bff7-5944-9739-5479f35f670c	36	23
Perché dovrei preoccuparmi per lui?	Why should I worry about him?	4ed9cc3c-0820-58ee-a68a-0a703034cd7f	35	29
Perché dovrei preoccuparmi per lei?	Why should I worry about her?	f85bb574-5b3c-5d61-84cc-686393c36aeb	35	29
Perché dovrei preoccuparmi per loro?	Why should I worry about them?	7d37ec82-587e-5fab-b0b4-cac69105140b	36	30
Perché dovrei preoccuparmi per te?	Why should I worry about you?	1d9d86ae-f4be-544c-8a66-981c165c0235	34	29
Perché dovrei preoccuparmi per voi?	Why should I worry about you?	c3f9c88f-f26d-5bb3-9010-ba0637fd8a15	35	29
Perché non ci aiuti?	Why don't you help us?	0d12faa3-2ffc-5708-bb05-c11a17f0294d	20	22
Perché non ci aiuta?	Why don't you help us?	07cc5d58-45c0-53a8-9b11-7bf25bad4f04	20	22
Perché non ci aiutate?	Why don't you help us?	d7dc906a-b36d-56b1-bbd0-45678f73913a	22	22
Sono piuttosto intelligente.	I'm pretty smart.	984b0f4c-80c8-5e8e-ac70-93c87664d21e	28	17
Io sono piuttosto intelligente.	I'm pretty smart.	dd15ca00-d64c-50a6-93f4-ef195c151aa4	31	17
Questo è il prete che li ha sposati.	This is the priest who married them.	4fff2a08-ac7c-5fff-8f7d-7d8782aafee5	36	36
Questo è il prete che le ha sposate.	This is the priest who married them.	1be47817-a877-5c91-9f9b-0fefdba947c9	36	36
Ti posso aiutare?	Can I help you?	c910878c-9252-5148-a884-2f39d6dc5de5	17	15
Vi posso aiutare?	Can I help you?	55a12b87-d446-5933-8952-a3f21604aeb9	17	15
La posso aiutare?	Can I help you?	f750fc47-e96b-5087-be9a-a7138b09b09e	17	15
Puoi prendere questa chiamata per me?	Can you take this call for me?	56e0ae3c-3824-5e02-a073-3bd902fb42dd	37	30
Può prendere questa chiamata per me?	Can you take this call for me?	7b7821c7-176f-588b-883f-42b4f519b57f	36	30
Potete prendere questa chiamata per me?	Can you take this call for me?	a0ceb511-a55a-59d9-a70f-14d579f803fa	39	30
Tom sta indossando delle scarpe nuove.	Tom is wearing new shoes.	744501b8-fa5d-5248-b2be-b707bb3455c5	38	25
Prendi il coltello da cucina.	Get the kitchen knife.	57a10750-c6f9-5f83-9305-2db7a2cb368f	29	22
Prenda il coltello da cucina.	Get the kitchen knife.	918016f4-7e81-5952-bd94-f1f26e9bf549	29	22
Prendete il coltello da cucina.	Get the kitchen knife.	6c50c75c-8764-5974-8d24-ddfda4f6de5c	31	22
Jane probabilmente verrà.	Jane will probably come.	692f360b-5b56-50b0-b429-c96e1abe03ec	25	24
Io sono un grande fan della cucina americana.	I'm a big fan of American cooking.	e81b32ca-446b-5a1f-a095-00cdb2c0aa2d	45	34
Sono un grande fan della cucina americana.	I'm a big fan of American cooking.	8a7e4dad-3f4f-5e92-9687-873645e70030	42	34
Sono una grande fan della cucina americana.	I'm a big fan of American cooking.	ea7d4924-dfa9-5a64-a878-b8edeb6bcb21	43	34
Io sono una grande fan della cucina americana.	I'm a big fan of American cooking.	3271d42f-e955-5fed-a4c1-7a2bdd34b3ad	46	34
Tom era in albergo.	Tom was at the hotel.	755d8658-8a66-5953-8673-32ec31c4a135	19	21
Tom era in hotel.	Tom was at the hotel.	e7b1b7ad-9015-5aeb-807f-190741331c71	17	21
Tom voleva che Mary cantasse con lui.	Tom wanted Mary to sing with him.	21b308aa-88c2-5dcb-ac4f-51101e5c5e33	37	33
Toccate ferro!	Touch wood!	eb160cef-0315-521a-9cac-4b37ccf7e060	14	11
Tocchi ferro!	Touch wood!	11ce63de-c287-5b6d-8444-6f7c817a2b55	13	11
Wolverine è un X-Man.	Wolverine is an X-Man.	8f8853e8-0c8a-5b73-b3e6-326ab848a7b7	21	22
Non siamo imparentati.	We're unrelated.	66b82b36-c88f-5b0c-9099-6e0ca8c7420d	22	16
Noi non siamo imparentati.	We're unrelated.	3fffa6a6-2193-552c-a667-e60b6c515a40	26	16
Non siamo imparentate.	We aren't related.	3fe261e7-df5e-5bb6-9d59-4ac3408f1830	22	18
Noi non siamo imparentate.	We aren't related.	a71190f0-7ecc-5390-a6fb-48ed043d1bb5	26	18
La festa è stata ospitata da Dan.	The party was hosted by Dan.	4511c3fb-f205-5950-85a1-6dc205de08b2	33	28
È ora di mettere in azione il piano.	It's time to put the plan in action.	34050e1a-f58f-5238-8a2c-1ff6e965c9e5	36	36
Molto!	Very!	4e8290f3-bc45-5f12-909e-cc1e3495eff7	6	5
Molto strano.	Very strange.	89ad6239-0d37-5efc-9702-ee0a3f559f7a	13	13
Per molto tempo?	For very long?	5e601ab7-65cc-5ca3-8f7e-11962b461857	16	14
Sii molto prudente.	Be very careful.	77c769d6-4d36-5497-b307-11c41439793f	19	16
Sia molto prudente.	Be very careful.	44474d03-2413-5b81-8efa-1cb761e20a21	19	16
Siate molto prudenti.	Be very careful.	35e95de7-175d-5d2e-9ad6-4ba9e6940a0e	21	16
Quanta distanza abbiamo coperto?	How much distance have we covered?	8e01c760-9ea7-565f-bd79-450e418a531f	32	34
Ascolta molto attentamente.	Listen very carefully.	b86c6e4e-b614-534d-9c9a-cfeded4e62d4	27	22
Ascoltate molto attentamente.	Listen very carefully.	2a0caa8d-ccce-5d00-9e0a-6e360ef58342	29	22
Ascolti molto attentamente.	Listen very carefully.	aaa18556-0789-5e05-a2b5-2382985f5566	27	22
Ascolta con molta attenzione.	Listen very carefully.	984cf221-fb0b-5a59-abaf-32900713609c	29	22
Ascoltate con molta attenzione.	Listen very carefully.	e86eb8de-2074-5e7d-be5d-e73a3d05d006	31	22
Ascolti con molta attenzione.	Listen very carefully.	c440cbc9-e5fb-579b-b4b9-e264baaea6c3	29	22
Sii molto felice.	Be very happy.	ce68f396-ec2b-5859-a17c-a8be77e761cf	17	14
Sia molto felice.	Be very happy.	01c61cc3-7090-541c-8bad-cc86c61e6979	17	14
Siate molto felici.	Be very happy.	a3d7aeb7-d3fe-53dd-9b7c-8e6b9b541a7a	19	14
Tu sembri molto pallido.	You look very pale.	23d9230a-387e-5bfe-86e4-72c4bf38461e	24	19
Tu sembri molto pallida.	You look very pale.	89545681-d27b-5b76-b84b-a06fe7305e92	24	19
Sembra molto pallido.	You look very pale.	0e784c82-0611-537d-ba80-17a311ddcbd9	21	19
Lei sembra molto pallido.	You look very pale.	0cb1a236-0fea-58b8-991a-39c87599a4e8	25	19
Sembra molto pallida.	You look very pale.	aa102c46-3022-5d22-bac7-f3145b189562	21	19
Lei sembra molto pallida.	You look very pale.	22954c08-0314-5bac-a989-e6b0ab2ef7d4	25	19
Sembrate molto pallidi.	You look very pale.	cd5d71ff-ca03-5816-83f1-eac71d464497	23	19
Voi sembrate molto pallidi.	You look very pale.	16daecd1-0d00-52be-8047-899aa53b4cc3	27	19
Sembrate molto pallide.	You look very pale.	5eca2500-7b77-5806-9269-e6acd108793a	23	19
Voi sembrate molto pallide.	You look very pale.	62d545a1-e488-5f58-ac6a-b2ebcbaf59dd	27	19
Tu sei molto coraggioso.	You are very brave.	52d682be-75fd-503f-bbcb-c4f045bb42b3	24	19
Tu sei molto coraggiosa.	You are very brave.	10439042-5d6e-5cac-ae8e-0271861175d9	24	19
È molto coraggioso.	You are very brave.	dfd33eb5-612d-56a2-bff3-cf8694a8429b	19	19
Lei è molto coraggioso.	You are very brave.	e1200706-8b27-500b-a4b1-aa13d52134e6	23	19
È molto coraggiosa.	You are very brave.	441daaa0-7443-58fb-85a2-6c0974ca84f1	19	19
Lei è molto coraggiosa.	You are very brave.	24626981-2911-5e40-93c8-187eb84a5d88	23	19
Siete molto coraggiosi.	You are very brave.	8d57720c-88f5-5b3f-af54-ce7a97e53773	23	19
Voi siete molto coraggiosi.	You are very brave.	d819bbb0-b039-56fa-8949-aa0a857f1a1d	27	19
Siete molto coraggiose.	You are very brave.	03557257-afda-5694-a79c-d65442961811	23	19
Voi siete molto coraggiose.	You are very brave.	c0c202ca-64c4-5e18-9cd8-94fc0b9c886e	27	19
Questo non è il mio.	This isn't mine.	17f9501a-35a5-542a-a5be-988c06bc2444	20	16
Questa non è la mia.	This isn't mine.	661ef1af-a06b-5d1a-97b5-6d2799112436	20	16
È stata una cosa semplice.	It was a simple matter.	3e84087f-5ddb-55b3-b2ed-6f8bc61b9984	26	23
Era una cosa semplice.	It was a simple matter.	71aee7af-e03c-55e7-aa44-6d3b4cf1a10b	22	23
Era una questione semplice.	It was a simple matter.	b4b556e4-d421-55eb-974b-560e71387cb8	27	23
È stata una questione semplice.	It was a simple matter.	9e5b8e66-a85a-5983-a5c7-56a1e3869ebd	31	23
Non è innocente come sembra.	He's not as innocent as he seems.	0857e171-e7e1-536e-a06e-5561d3af4116	28	33
Lui non è innocente come sembra.	He's not as innocent as he seems.	0168f0b8-ba71-5b68-a9a7-f615d3e4a377	32	33
Lei non è innocente come sembra.	She's not as innocent as she seems.	80a236d5-7a0f-5281-8b6f-db5dc13ddc50	32	35
Sa suonare il flauto.	He can play the flute.	54f6b654-4324-54d5-9e15-604988465627	21	22
Lui sa suonare il flauto.	He can play the flute.	24f3c6d7-2760-5d29-aa44-f4f12bc42cfa	25	22
Voglio sentire questo.	I want to hear this.	669d89bb-f155-507f-8a40-336aaeb6e527	22	20
Io voglio sentire questo.	I want to hear this.	0cea1be7-78e2-524a-8d47-8fbc1f7e4f99	25	20
Non puoi perdere.	You cannot lose.	5a8e4260-26f3-54da-838f-f7af3ca2a0fd	17	16
Tu non puoi perdere.	You cannot lose.	19956187-4ff3-5de5-bcb5-212d78230a60	20	16
Non può perdere.	You cannot lose.	d9bbb002-28d5-52fa-958d-344330d51790	16	16
Lei non può perdere.	You cannot lose.	bd0ab272-0ef7-5460-828a-a6a9dbe6123a	20	16
Non potete perdere.	You cannot lose.	88ea8f5d-21c6-52e4-9b9e-653e3ad97220	19	16
Voi non potete perdere.	You cannot lose.	a67e7acb-b1fd-58e5-96bc-7d0799eb2564	23	16
L'ho trovata molto divertente.	I found her very amusing.	188aeda2-2460-5e82-80ca-2ce9eef260d1	30	25
Io l'ho trovata molto divertente.	I found her very amusing.	2adabbcf-9798-55fe-a9ce-1c6edcdb4bcb	33	25
La trovai molto divertente.	I found her very amusing.	cee6dc2a-9286-5d8a-ac44-f468e55d76e7	27	25
Io la trovai molto divertente.	I found her very amusing.	11249add-d933-596f-aeb3-abbc76e7d8d2	30	25
Non mi piacciono i giorni ventosi.	I don't like windy days.	e402a085-5bc9-5b31-a5ae-19baadc10298	34	24
A me non piacciono i giorni ventosi.	I don't like windy days.	d762c202-2691-5be2-b155-1f175a5fd898	36	24
Questo è un mosaico di vetro.	This is a glass mosaic.	8da3261d-ad57-5b24-a282-9476bc3fc535	29	23
Tom ha intrecciato la sua barba.	Tom has braided his beard.	8d997a97-f423-5cc2-9c60-a74be5e5090e	32	26
Tom si è intrecciato la barba.	Tom has braided his beard.	71ff28ee-0b47-5ab7-b190-27657514e552	30	26
Quale cappello vuoi indossare?	Which hat do you want to wear?	1116887a-3399-5607-a02a-f49a6ffdda99	30	30
Quale cappello vuole indossare?	Which hat do you want to wear?	aba817b2-2d00-556e-9d1c-8a853f197462	31	30
Quale cappello volete indossare?	Which hat do you want to wear?	9dc534d8-f279-5a30-a58d-d16b1c0b21f7	32	30
Tom ha tre bagagli.	Tom has three pieces of baggage.	36ce5298-0f0b-5477-b69f-d6925f32a902	19	32
Tom è molto più anziano di quello che sembra.	Tom is much older than he looks.	db0aa543-fb74-54d4-a508-4e0ebe7b17d9	45	32
Quel ponte è molto bello.	That bridge is very beautiful.	9899f5fb-6b4e-5bf3-928c-5e33810c93e4	25	30
Tom ha mentito sulla sua età.	Tom lied about his age.	2c77af7d-4dbe-5d67-a2de-5e6b8de62e49	29	23
Tom ha mentito riguardo alla sua età.	Tom lied about his age.	215339b6-422a-5c07-b36b-b529b431598c	37	23
Tom mentì sulla sua età.	Tom lied about his age.	3062c383-25e3-5ff6-906e-a31a45a46922	24	23
Tom mentì riguardo alla sua età.	Tom lied about his age.	8362af59-f59f-536f-b5db-c28de2f89472	32	23
Eravamo stanchi.	We were tired.	c288fc4d-140f-5bc0-9cb8-57e63b2194ac	16	14
Noi eravamo stanchi.	We were tired.	1fe79d1b-3324-53ad-bdef-616000ba9675	20	14
Eravamo stanche.	We were tired.	43716e8a-62e7-57ad-ac80-7b9c1ba4c4dd	16	14
Noi eravamo stanche.	We were tired.	8ab63207-5c88-588e-bff8-8418f6026854	20	14
Mi spaventò.	It scared me.	c07f4fa4-04d8-5805-bae5-215a5047d38a	12	13
Ha un buon aspetto.	It looks nice.	95bc8c69-0ef5-5fde-a820-58be26694943	19	14
Ha un bell'aspetto.	It looks nice.	c22c3dcc-e746-5217-a1db-4c62c15dc4b4	19	14
Anche io sono canadese.	I'm Canadian, too.	241385de-b593-5930-84f6-15c401193037	23	18
Anch'io sono canadese.	I'm Canadian, too.	73d8478e-6dc5-5467-b7c6-d538d9c42ac3	22	18
Lo salverò.	I'll save it.	9f1dbac2-8e61-51e7-a26e-6d176bf436d3	11	13
Cosa stanno facendo ora?	What are they doing now?	7f8bd923-0373-5730-807c-241a3deb86e2	24	24
Loro cosa stanno facendo ora?	What are they doing now?	347cbf8a-879d-57e9-8c2f-70711e187ec0	29	24
Cosa stanno facendo adesso?	What are they doing now?	e30406e9-1a24-5925-902a-3f9ee6794412	27	24
Loro cosa stanno facendo adesso?	What are they doing now?	9b101688-3bdb-5671-870d-20699a4324c2	32	24
Intendo essere a Boston la prossima estate.	I plan to be in Boston next summer.	941c9bca-7d4a-5253-afe2-12fc679d1cb4	43	35
Io intendo essere a Boston la prossima estate.	I plan to be in Boston next summer.	63458697-af66-5aa7-a1fe-a51d46733ea9	46	35
Ho fatto il mio lavoro.	I did my work.	a6fb9401-0391-5713-bacd-edc1c609ccdf	23	14
Io ho fatto il mio lavoro.	I did my work.	05baa812-bf2f-55b0-9af7-6c60519a1123	26	14
Feci il mio lavoro.	I did my work.	4933b90a-6e5f-5bea-8ffe-b4e41161bc0c	19	14
Io feci il mio lavoro.	I did my work.	ceeafb00-b3c4-5ca2-8bed-6fc1665b811e	22	14
Dai!	Go for it.	188d235a-681d-5026-8bf6-152359c628f6	4	10
Forza!	Go for it.	b34442a8-6ad5-558a-9474-45e230ab38d8	6	10
Com'era?	How was that?	dd3de526-9340-5c5d-b06c-acbf886e4b66	8	13
Non sprecarlo.	Don't waste it.	ac342c0b-ccf2-509f-ab71-03d2865f4c31	14	15
Non sprecarla.	Don't waste it.	c9107e64-62a8-58c3-ae36-a6ee7af9c0c9	14	15
Non sprecatelo.	Don't waste it.	754a18d9-b048-51c1-9911-b18771d550df	15	15
Non sprecatela.	Don't waste it.	64a69aed-e6f2-5b7d-a51f-273328d78c9f	15	15
Non lo sprechi.	Don't waste it.	662a397d-e8ce-5850-961d-5f70a0c99e88	15	15
Non la sprechi.	Don't waste it.	80658cae-288b-5f75-84bd-1327afe13a00	15	15
Non guardare in alto.	Don't look up.	26a8b306-4cb0-5886-81f0-8a9ea4cf3024	21	14
Non guardate in alto.	Don't look up.	ae24ce81-f579-505e-97dc-9e90f76555fd	21	14
Non guardi in alto.	Don't look up.	584a8459-1131-5beb-a426-3d7b9be13613	19	14
Ci piaceva Tom.	We liked Tom.	09ef0f9e-dce6-5423-beca-ae7af44743e0	15	13
A noi piaceva Tom.	We liked Tom.	9fe19e43-488a-5514-9cc9-da08b4a548f5	18	13
Siamo stati derubati.	We got robbed.	4d9dc51f-681f-52b4-b113-a287753485e9	21	14
Noi siamo stati derubati.	We got robbed.	577b3a9f-3c1c-5477-998a-029225041d82	25	14
Siamo state derubate.	We got robbed.	30ba26f0-432b-505b-be1b-c2c296472c4d	21	14
Noi siamo state derubate.	We got robbed.	539c59fe-5fdc-5d95-985c-2299ab6f4c5b	25	14
Ti ammiriamo.	We admire you.	b4ce7292-fd9c-5cd3-9bb7-1bb17a2eec41	13	14
Noi ti ammiriamo.	We admire you.	1ba8d6d2-7559-55d3-b25a-71b720483659	17	14
Vi ammiriamo.	We admire you.	b3b71b08-776b-5815-8b82-f9c7d114c9f1	13	14
Noi vi ammiriamo.	We admire you.	f77b0f03-1aae-5401-bdbf-67aa45f31436	17	14
La ammiriamo.	We admire you.	194ad2f7-639a-5cf2-91b4-4919e886e23b	13	14
Noi la ammiriamo.	We admire you.	d1061f23-802d-54ec-b037-9e911d936360	17	14
Tom è il migliore.	Tom's the best.	304c9f3f-337a-583e-bce3-dca2c44fd771	18	15
Tom era il migliore.	Tom was the best.	6b51d9f5-4512-542d-983c-d3b1e581cb69	20	17
Non avrebbero riconosciuto Tom.	They wouldn't have recognized Tom.	02d1beb7-d91b-5e13-ab96-a4a35c1012e7	31	34
Loro non avrebbero riconosciuto Tom.	They wouldn't have recognized Tom.	9394eae2-d8d4-5d83-9cf9-aa20f5592fab	36	34
Tu non avresti riconosciuto Tom.	You wouldn't have recognized Tom.	ffbfa9f0-0fa4-5f8f-921e-81b2e19a131c	32	33
Lei non avrebbe riconosciuto Tom.	You wouldn't have recognized Tom.	cf8bdf1b-f5a0-568b-aa19-9c0c337f9887	33	33
Voi non avreste riconosciuto Tom.	You wouldn't have recognized Tom.	8cb8b9fe-bc07-5b1f-9b23-3227be907627	33	33
Tom vuole il meglio.	Tom wants the best.	9bfc5cf5-df5d-55d3-a9c7-b6c3bed9e2e3	20	19
Tom è il corridore migliore.	Tom is the best runner.	0ff77e9b-9c9a-5132-9474-4b569fee42bb	28	23
Tom è ancora il migliore.	Tom is still the best.	3af5443b-f512-5d5c-a3ab-b1c579cd4280	25	22
Tom lavora velocemente.	Tom works fast.	50140c07-17ab-51f2-a1fa-2ce27c03e5c4	23	15
Tom è uno dei migliori.	Tom is one of the best.	e98fce73-2be8-5d1b-98b4-b6a390c108d7	23	23
Torniamo tutti al lavoro.	Let's all get back to work.	2c50089b-2ddf-5a5d-ac96-31919ec0df5d	25	27
Torniamo tutte al lavoro.	Let's all get back to work.	ae93bccb-06b5-5386-8ae0-85ea66a13981	25	27
La città in cui vivo è piuttosto piccola.	The town where I live is quite small.	656edba9-4233-5a32-aab5-888c09030314	41	37
Tom dice che si sente bene.	Tom says he feels fine.	1285983d-4344-51d6-b9d5-1f21faecd192	27	23
Tom era serioso.	Tom was square.	3ce61437-1c96-52fc-9a3e-d3d259b17e95	16	15
Tom era sincero.	Tom was square.	c0ca5811-0ca2-5385-88f5-9299f6e46c59	16	15
Tom era aggressivo.	Tom was brash.	b2b78c82-c5a0-5d9d-a4f2-cbf62fbba941	19	14
Tom era impertinente.	Tom was brash.	a0bfaa94-1eec-5c13-9fc7-5f65cbee7b4b	21	14
Tom era frettoloso.	Tom was brash.	24cbab6b-d986-576d-87ef-44843f19097d	19	14
Il ragazzo si mise a piangere.	The boy began to cry.	e1d54e92-2d80-5b6e-94e5-21c8157b5ee2	30	21
Tom ha detto di sì.	Tom said yes.	58bfa9b9-6ca1-59f4-90c7-a4b5fcab7ca6	19	13
Tom disse di sì.	Tom said yes.	a96c6402-1f47-5098-b685-a9dfa1032831	16	13
Tom può cambiare.	Tom may change.	857da7d3-cdd8-5ce8-9f2f-0f3a828576d4	17	15
Tom l'ha amato.	Tom loved it.	34e08d36-4d63-576f-bc01-afd6f5ea9b01	15	13
Tom l'ha amata.	Tom loved it.	a269c796-3a92-53a6-a513-dcfa53b27683	15	13
Non è nuova.	It's not new.	a6b5db6b-d54d-5f30-98ec-ba8223b64973	12	13
Siamo spaventati.	We're scared.	aa44b0cc-8a80-599a-9f26-d4ff11867e74	17	13
Noi siamo spaventati.	We're scared.	a8c99740-1bcc-52c8-a0c0-97fd075eff34	21	13
Siamo spaventate.	We're scared.	fbeafdbb-f532-5c8f-854e-c843a5f51853	17	13
Noi siamo spaventate.	We're scared.	15ef59f2-613e-50c3-a27b-69dab4e008a2	21	13
Eravamo pronti.	We were ready.	14d61ef3-fad0-573a-b6d3-f0189e632c21	15	14
Noi eravamo pronti.	We were ready.	7514686c-9929-542b-87a6-39ff26486774	19	14
Eravamo pronte.	We were ready.	6ad046d3-1000-5248-ba60-ffb86f7b1261	15	14
Noi eravamo pronte.	We were ready.	820d8571-8d23-5ee8-92a9-3c2bdec2befc	19	14
La pensiamo così.	We think so.	c6da5d53-97b5-5967-83f8-05f3036c82f7	17	12
Noi la pensiamo così.	We think so.	418d6eb3-79de-5499-9616-38a9d13fee2e	21	12
Tom stava bevendo.	Tom was drinking.	27c5e895-1c7f-508f-8e02-c220f1a7e8c0	18	17
Tom mangia raramente del cibo italiano.	Tom seldom eats Italian food.	bb990e83-198b-5ce4-afd8-94da8f7a7a51	39	29
Tom non mangia molto spesso del cibo italiano.	Tom doesn't eat Italian food very often.	29636bd6-6b62-516f-9a6d-fe1b9beccaca	46	40
Farò un'eccezione stavolta.	I'll make an exception this time.	1db755ea-f1b6-55fd-97c3-619159d48ca5	27	33
Io farò un'eccezione stavolta.	I'll make an exception this time.	e7c9fff6-9346-51ba-ad46-92f8ca71ac12	30	33
Farò un'eccezione questa volta.	I'll make an exception this time.	3fa729b3-61ce-50b5-946d-a0436ac10138	31	33
Io farò un'eccezione questa volta.	I'll make an exception this time.	32c03269-7fe9-5271-a3b1-f48841f397b9	34	33
Non dobbiamo fare questo ogni giorno.	We don't need to do this every day.	e4a015c7-a7c7-53e7-b6f3-ce6e09295e1c	37	35
Noi non dobbiamo fare questo ogni giorno.	We don't need to do this every day.	65db00a3-4219-5a42-8058-83547a55e233	41	35
Dobbiamo fare questo ogni giorno.	We have to do this every day.	d3a8b4a5-4004-5aef-9b6c-4277c833378c	33	29
Noi dobbiamo fare questo ogni giorno.	We have to do this every day.	ca5475d3-c9bd-53e9-b7df-282e6a70566a	37	29
Tom ha una bella collezione di dipinti moderni.	Tom has a nice collection of modern paintings.	7712a9e3-0a22-5e1b-9c11-89ce934ff9bc	47	46
L'ho giudicata male.	I've misjudged her.	4547311b-9b2d-5266-b895-935626f28568	20	19
Io l'ho giudicata male.	I've misjudged her.	081f5f17-078d-58e4-9dd2-f53720823200	23	19
L'ho giudicato male.	I've misjudged him.	5508f883-e8ce-553e-b4b1-f9210a0913ac	20	19
Io l'ho giudicato male.	I've misjudged him.	0809d7c4-a32d-5468-972b-58359237b722	23	19
Abbraccia gli alberi.	She's a tree hugger.	04afe656-1f7c-5670-aca9-b467232eb3a0	21	20
Lei abbraccia gli alberi.	She's a tree hugger.	3c2d8ab9-a28e-53ac-b563-99938110a9b8	25	20
Ti manca tua moglie, vero?	You miss your wife, don't you?	cb2de6be-3a25-566e-b86f-cb7056eb691c	26	30
Le manca sua moglie, vero?	You miss your wife, don't you?	bfff0305-e576-54f1-b256-bb11a14c11ba	26	30
Sono appena tornato in città.	I just got back in town.	49e0fc3b-19cd-5efd-b70b-8b39765271d5	29	24
Io sono appena tornato in città.	I just got back in town.	65e98d4e-21bd-58a4-a993-d02fc0c274df	32	24
Sono appena tornata in città.	I just got back in town.	f295d68c-3b4e-5378-ae3e-3b500960c760	29	24
Io sono appena tornata in città.	I just got back in town.	95584484-8c6a-5394-b4d8-dba5cb9678ee	32	24
Grazie al cielo è finita.	Thank goodness that's over.	a2b1b52b-2a61-59ad-bf3b-2061b7d51dd5	25	27
Quello stereotipo è vero?	Is that stereotype true?	363e89ca-4386-57b2-8efc-b59864faf8bc	25	24
Io devo richiamarlo.	I must return his call.	4a8c9b9a-80dd-5658-9562-5570f61ae40c	20	23
Sta succedendo qualcosa?	Is anything happening?	5832d340-2f52-5626-a712-004873918d40	24	22
Potresti andare in prigione per questo.	You could go to jail for this.	35221f72-e1f0-5a74-a863-6a314d24f592	39	30
Tu potresti andare in prigione per questo.	You could go to jail for this.	a869b9ce-2e56-57dc-a617-6159c1f52401	42	30
Potreste andare in prigione per questo.	You could go to jail for this.	26577907-718e-59a9-a3c5-225d1abe69f1	39	30
Voi potreste andare in prigione per questo.	You could go to jail for this.	6e3a9505-b564-5236-862c-b3128e5c6e0d	43	30
Potrebbe andare in prigione per questo.	You could go to jail for this.	1b0c275d-4202-5eec-88a3-639e8ae732f4	39	30
Lei potrebbe andare in prigione per questo.	You could go to jail for this.	c75f6970-a020-53a5-b0ed-d67841bb4c00	43	30
Tom è preparato per qualunque cosa possa capitare.	Tom is prepared for anything that may happen.	d5775443-fb13-5db9-81e7-30f73eadc2c7	50	45
Tom è preparato per qualsiasi cosa possa capitare.	Tom is prepared for anything that may happen.	b2de58f6-790c-5880-86db-9a3e7e338230	50	45
Stai indossando un busto?	Are you wearing a girdle?	b627ea10-4a17-5a34-bf74-1c42471713a8	25	25
Tu stai indossando un busto?	Are you wearing a girdle?	c11d1df0-68e9-58bf-ba66-d99bfd57ee1e	28	25
Sta indossando un busto?	Are you wearing a girdle?	b5453067-08d6-51be-9719-ad0eeaac1939	24	25
Lei sta indossando un busto?	Are you wearing a girdle?	8d3085c8-610e-5c28-a631-d87016d817c0	28	25
Stai indossando un corsetto?	Are you wearing a girdle?	22d92f68-459b-52cf-a5cb-397b2a887aae	28	25
Tu stai indossando un corsetto?	Are you wearing a girdle?	b45f5ace-5274-5b1b-9543-c10c514fbd57	31	25
Sta indossando un corsetto?	Are you wearing a girdle?	4a92d3c4-ef7e-529e-b08a-41aa3bfdff5a	27	25
Lei sta indossando un corsetto?	Are you wearing a girdle?	d89282cd-5526-58cc-b330-2dfd85a47846	31	25
Sotto la gonna indossava delle mutandine rosa.	She was wearing pink panties under the skirt.	d39d36ce-1f58-5ef3-83fc-09cc766d4f74	46	45
Sembri sollevato.	You sound relieved.	3b2c1f16-8bc5-5959-bd88-cd06bed7981f	17	19
Sembri sollevata.	You sound relieved.	e040ba34-59f6-5a3f-9c4c-01d6f3fb9e83	17	19
Sembra sollevato.	You sound relieved.	23c65891-d0f4-5018-995b-ae4e6f4fb1bd	17	19
Sembra sollevata.	You sound relieved.	fc4d3650-bff3-53cf-be99-36ba8c440f8b	17	19
Sembrate sollevati.	You sound relieved.	45fd9a44-e20b-5718-ad6e-4b10af73aaa2	19	19
Sembrate sollevate.	You sound relieved.	69fcebe4-9280-57ef-bc39-3953f2ff2d97	19	19
Non sembri sollevato.	You don't seem relieved.	74d66f4a-bace-567d-99a5-1520f568d2b4	21	24
Non sembri sollevata.	You don't seem relieved.	13bf31f5-4650-56ea-ba3d-77404ff4d4dc	21	24
Non sembra sollevato.	You don't seem relieved.	a53eeb31-0ab6-531e-9b92-99dc33c18434	21	24
Non sembra sollevata.	You don't seem relieved.	23c0c4ab-6aa9-5917-8902-6238d7e42851	21	24
Non sembrate sollevati.	You don't seem relieved.	27dbdc81-a7d0-591f-a9d7-36329ca06f80	23	24
Non sembrate sollevate.	You don't seem relieved.	c9654d8e-3e69-55c6-a202-04df328d8aa1	23	24
Sembri essere sollevato.	You seem to be relieved.	43db0ccf-344d-5c1a-811b-8e835916d412	24	24
Sembri essere sollevata.	You seem to be relieved.	4d97f0df-6883-5d6f-bf25-ed595fc35e43	24	24
Sembra essere sollevato.	You seem to be relieved.	e4d691b7-3e15-5206-a6ed-c24e5d5c5693	24	24
Sembra essere sollevata.	You seem to be relieved.	d31e7191-1e63-59cd-bf93-8587c535e1b6	24	24
Sembrate essere sollevati.	You seem to be relieved.	d99bc4c5-5ed1-5ec5-b577-1d6913fdde5e	26	24
Sembrate essere sollevate.	You seem to be relieved.	9acdf4ca-83dd-537c-a8bd-d2c7cfee141c	26	24
È difficile da immaginare.	That's hard to imagine.	bac18e21-9e1c-595a-9c31-8fe8888735cc	26	23
Ho un libro da finire.	I have a book to finish.	f1e04591-6669-5480-9a86-770ee3490295	22	24
Io ho un libro da finire.	I have a book to finish.	9ac1e6fd-5b1d-5652-8403-2f9050a4beaa	25	24
Tom mi ha scaricato.	Tom ditched me.	46c1b4b9-1902-527d-8b58-cc9641d74015	20	15
Tom mi ha scaricata.	Tom ditched me.	d0c45650-7f39-5dd8-94a0-ca007fee7497	20	15
Tom mi ha mollato.	Tom ditched me.	5915670b-ad88-5b5c-8fe4-f0aa347fafc0	18	15
Tom mi ha mollata.	Tom ditched me.	630ba519-4fa3-5e75-b141-edab4d66437a	18	15
Tom mi ha abbandonato.	Tom ditched me.	96aec55d-06a9-5bec-820d-c6f3aab3b8d8	22	15
Tom mi ha abbandonata.	Tom ditched me.	57494cb1-bca5-5368-bf0f-545a3fb8622e	22	15
È un'informazione utile!	That's useful information!	2e7c1884-42c5-5f34-8ae8-7ca45666df83	24	26
Siamo andati a fare una passeggiata al parco.	We went for a walk in the park.	7223f1a4-449d-59cc-a0f0-385513fbe44c	45	31
Noi siamo andati a fare una passeggiata al parco.	We went for a walk in the park.	23f2b7bb-3a28-5977-b99f-a3b763eb6d87	49	31
Siamo andate a fare una passeggiata al parco.	We went for a walk in the park.	48a8278f-0159-5556-85a2-698c6032aaf9	45	31
Noi siamo andate a fare una passeggiata al parco.	We went for a walk in the park.	065efea9-36d8-5d9e-a155-c9b64453f544	49	31
Fa ancora male.	It still hurts.	deae65c3-ebbb-5008-8124-659b8510ff55	15	15
Abbassate le vostre pistole.	Drop your guns.	265ecfe9-29fb-5e5c-a41c-822b1b7bd7a1	28	15
Abbassa le tue pistole.	Drop your guns.	3afd6847-711c-5f18-8fe6-a57e66cd715b	23	15
Abbassi le tue pistole.	Drop your guns.	f0f62d20-3954-5da7-950d-b7898f37fc6f	23	15
Era caotico.	It was chaotic.	f3119327-1e47-5f09-824e-493094626618	12	15
Era caotica.	It was chaotic.	c245c962-804e-5881-a4cd-700d00af1c65	12	15
Non ho studiato.	I didn't study.	d5a3d119-75a9-5d48-b60a-0c39a5bd85d9	16	15
Io non ho studiato.	I didn't study.	66a8fefc-eb72-502a-801c-43ced0db24cc	19	15
Ora è tornato tutto alla normalità.	Everything is now back to normal.	988db8d9-c6c5-58da-9cd7-fd376346153c	35	33
Adesso è tornato tutto alla normalità.	Everything is now back to normal.	c4e82ce4-bc70-5a44-8020-00b1b7e612a3	38	33
Come abbiamo vinto?	How did we win?	1a167a92-3f68-5c16-b3e9-fcb9713d27d3	19	15
Ti serve ora?	Do you need it now?	450f1d01-8403-5bbb-982e-01f05b61540e	13	19
Vi serve ora?	Do you need it now?	5c840580-2b9b-5b65-9724-e0b63ef58a42	13	19
Le serve ora?	Do you need it now?	0d0f8b54-675b-50b5-8cb8-93034893564a	13	19
Ti serve adesso?	Do you need it now?	7814d2a8-f1ea-5bfc-95bb-40c0edf882f4	16	19
Vi serve adesso?	Do you need it now?	cf9329f2-5317-52ae-b0b9-bdf15ad8cca0	16	19
Le serve adesso?	Do you need it now?	87f649dd-70d6-5b55-b1c4-4cf9fef66e6c	16	19
Lavorano qui?	Do they work here?	64832a1f-9c0a-5a42-8568-a52b7a20a0a9	13	18
Loro lavorano qui?	Do they work here?	bef46b14-9060-5b37-af35-c3869753ad2b	18	18
L'ho rifatto.	I did it again.	38ecf858-b6cb-5455-a448-fd45971cd22b	13	15
L'ho rifatta.	I did it again.	4881e19b-d53e-5aec-b0e1-6ae28d8ac272	13	15
Quanto era lontano?	How far was it?	0d7406ec-41f9-5c77-b678-e092f12ae0e8	19	15
Quanto era lontana?	How far was it?	52296c3d-d3b5-52bf-b4b4-abb59b100d82	19	15
Come aiutiamo?	How do we help?	5e70a8e1-11c8-5906-9846-bf02faa4d009	14	15
Noi come aiutiamo?	How do we help?	17e8c492-1e6d-5727-ba1d-4bb4438fbac9	18	15
Hai notato degli errori?	Did you notice any errors?	0ea7cd39-9d72-52ec-b5ee-1e1c24fec50b	24	26
Tu hai notato degli errori?	Did you notice any errors?	43de3961-6a09-5f45-8acf-f4ac7db504cb	27	26
Ha notato degli errori?	Did you notice any errors?	1972112a-185e-5942-bbd1-afcb9c75fd18	23	26
Lei ha notato degli errori?	Did you notice any errors?	8f3a5ce8-430b-5734-8add-f8977c210c9a	27	26
Avete notato degli errori?	Did you notice any errors?	180b9c6d-0cb1-55df-9fc6-e650fac22fb2	26	26
Voi avete notato degli errori?	Did you notice any errors?	bf2825ef-b760-51af-93a7-fdadd7cbe1f3	30	26
Possiamo spostarlo?	Can we move it?	677a52c8-4656-5dce-b7a8-c6b2ee84414f	19	15
Possiamo spostarla?	Can we move it?	de06d3fd-badc-513b-9c6f-c1ec6d0c3ae4	19	15
Noi siamo in orario?	Are we on time?	1889235e-9b0e-5773-a303-2ed2ba7e9247	20	15
Noi possiamo spostarlo?	Can we move it?	9e582bdf-d644-59f2-8d15-81011e7638b5	23	15
Noi possiamo spostarla?	Can we move it?	021c2a9e-aeb2-508a-bfef-0901f56eb749	23	15
Tutti i miei fratelli hanno un impiego.	All of my brothers have jobs.	a918ed22-d4ed-5998-8f8f-b43352cd9cc1	39	29
L'ho già pagato.	I've already paid for it.	1b56712f-cca1-5a2e-a69f-e3fe5d77829a	16	25
Io l'ho già pagato.	I've already paid for it.	ebd3dd23-c5e6-57e2-b98e-a64d7bbbde81	19	25
L'ho già pagata.	I've already paid for it.	371ec3b8-d88e-5cdf-85da-812ff27fe05b	16	25
Io l'ho già pagata.	I've already paid for it.	e36d46e4-bab3-56d0-81a6-cd9edefbf8de	19	25
Sono molto fortunato.	I'm very lucky.	8f11c980-f152-5d62-8643-834832c82da8	21	15
Io sono molto fortunato.	I'm very lucky.	c4697f3a-34e0-555b-8d85-6edcd28f8b6f	24	15
Sono molto fortunata.	I'm very lucky.	5139debf-9d82-5625-b2f0-c3ece94a564e	21	15
Io sono molto fortunata.	I'm very lucky.	b12e6138-6da4-515a-b935-061c8ebd23c6	24	15
Sono troppo giovane.	I'm too young.	5c1241ae-a1ec-557c-b9d9-0c249c090cd2	20	14
Io sono troppo giovane.	I'm too young.	161f76a5-2994-5a23-b8b1-e5a43d1ebf39	23	14
Sono pagato a sufficienza.	I'm paid enough.	59f8ec0b-7f27-547d-86bd-11ccaa0c2337	26	16
Io sono pagato a sufficienza.	I'm paid enough.	386872ee-8319-5a2c-9d35-690e8a3fb6ed	29	16
Sono pagata a sufficienza.	I'm paid enough.	e5bdb2a6-edae-515d-ac03-54313d0534ee	26	16
Io sono pagata a sufficienza.	I'm paid enough.	51e5d80c-ffdb-508f-8afc-4da5d2ff5ae9	29	16
Anche io sono qui.	I'm here, too.	c5ec4772-2d31-5eda-bb05-930afb1b10bc	18	14
Anche io sono qua.	I'm here, too.	ab705c2f-3208-583b-a35a-c7cac7812b12	18	14
A me mancherà.	I'll miss that.	f5b68068-e852-5b30-8037-f6d08f091795	14	15
Andrò a vederlo.	I'll go see it.	7496b591-4bc2-55c6-b9cd-8df7107104a8	16	15
Io andrò a vederlo.	I'll go see it.	1ce537d9-dd02-56c3-b801-d791bd98b7da	19	15
Andrò a vederla.	I'll go see it.	b816e8f5-80b8-5593-97bb-69f351d0948e	16	15
Io andrò a vederla.	I'll go see it.	72381e49-8349-5f16-b967-12aec73efaf8	19	15
Vivo in Europa.	I live in Europe.	8a8521eb-2ad3-5c0a-b558-98bbc6353ef5	15	17
Io vivo in Europa.	I live in Europe.	5bd894ad-8bc0-54db-a5e0-62bf57e2ea2f	18	17
Abito in Europa.	I live in Europe.	dd4d8d99-7e43-586b-8337-a1a146489408	16	17
Io abito in Europa.	I live in Europe.	dfde492a-20cd-5d9b-a10e-a1a9a3617bdd	19	17
Tom ha detto a Mary di essere prudente.	Tom told Mary to be careful.	53a076ed-1950-5ecc-87d7-720ea0759943	39	28
Tom disse a Mary di essere prudente.	Tom told Mary to be careful.	d176eff2-138c-5870-a559-d6f6cda4d8bd	36	28
Non è lì.	It isn't there.	76f1518d-5b1b-5813-97a7-7f169f61b121	9	15
Il sentimento è reciproco.	The feeling is mutual.	0ddd2e10-339b-537f-8c01-12d7597c7daa	26	22
Tom non può avere più di trent'anni.	Tom can't be over thirty.	8b47e5f7-c7b7-5332-ad2f-3a4148bc46f5	36	25
Vado al lavoro a piedi.	I walk to work.	e7e70a68-3879-5c36-b78a-6d33197ee1cb	23	15
Io vado al lavoro a piedi.	I walk to work.	dd046170-00a2-5a1e-a18a-a00a5c8eeacb	26	15
Vado a lavorare a piedi.	I walk to work.	681a9c9d-de2f-5eff-9c5b-a38a8f78d023	24	15
Io vado a lavorare a piedi.	I walk to work.	198bfbd3-70ff-557c-93b8-78b529c8abc1	27	15
Cammino molto.	I walk a lot.	635ee0b6-7c54-54d3-9c03-8211fa111259	14	13
Io cammino molto.	I walk a lot.	449b4e7c-69b6-58b7-ab02-322b54eff3bd	17	13
Passeggio molto.	I walk a lot.	6a37c4e9-95ba-59a0-bc64-2925cae605de	16	13
Io passeggio molto.	I walk a lot.	4b0887e9-1156-510b-86c0-e46547244c56	19	13
Ho giocato a scacchi con Tom ieri pomeriggio.	I played chess with Tom yesterday afternoon.	768e7bbb-40cf-573d-bcca-a0334da03f1e	45	44
Io ho giocato a scacchi con Tom ieri pomeriggio.	I played chess with Tom yesterday afternoon.	ca60443c-134d-54f5-9c5d-efd126cb4b2d	48	44
Mi piace guidare.	I like driving.	4c19ab85-f88c-5b66-91c9-4566c68e7c22	17	15
A me piace guidare.	I like driving.	ee13529a-68e8-503c-9848-7ac246f741a9	19	15
Non ho debiti.	I have no debt.	aa794bb3-6e71-5845-a47f-f713550bbad0	14	15
Io non ho debiti.	I have no debt.	fc5d48d4-e6da-577f-ac1b-faf0dcfde11c	17	15
Ho dato a Tom trenta dollari.	I gave Tom thirty dollars.	51491715-6a3d-58f5-9225-7ab9de6e697e	29	26
Io ho dato a Tom trenta dollari.	I gave Tom thirty dollars.	cdd093de-3785-5ff6-9262-1a301a3c5458	32	26
Diedi a Tom trenta dollari.	I gave Tom thirty dollars.	b9f63fc9-120f-5e57-9a03-5e8b7f611b4b	27	26
Io diedi a Tom trenta dollari.	I gave Tom thirty dollars.	cda96836-51e9-5a80-8134-5b058a48faaf	30	26
Può essere fatto.	That can be done.	fa1cbe88-f7cc-5846-9073-7cbab02e59b0	17	17
È fattibile.	That's doable.	1d040e50-dcaf-5205-abe8-b1b51b24e34b	12	14
Mi sono sentito speciale.	I felt special.	d285730c-f91a-5f50-bbab-680cb748bd09	25	15
Io mi sono sentito speciale.	I felt special.	455b51f4-7452-57ef-b62f-d2193b07cf68	28	15
Mi sono sentita speciale.	I felt special.	8f6986db-53ed-5cc4-b454-bd92c53226c2	25	15
Io mi sono sentita speciale.	I felt special.	11c1d37f-5cad-5aca-b907-d69ab089559e	28	15
Mi sentii speciale.	I felt special.	79caf534-551e-5269-bccc-a75ce0258472	19	15
Io mi sentii speciale.	I felt special.	5b417e7a-76bd-5b8f-8430-70238cf0e2c2	22	15
Lo trascuro.	I disregarded it.	33797295-b240-5d3d-b28f-1b322c02b22e	12	17
Io lo trascuro.	I disregarded it.	9807ba8d-d120-5e9b-ac5c-50f2ae7c775b	15	17
La trascuro.	I disregarded it.	f4c0aa8c-a948-5b36-8f0a-f3d690a4c315	12	17
Io la trascuro.	I disregarded it.	7148519c-0b27-5772-b0b6-0ca9a2488426	15	17
Lo ignoro.	I disregarded it.	2ad19cb7-e7e6-5041-b530-52bf599d609e	10	17
Io lo ignoro.	I disregarded it.	3586d0a4-b4b8-5099-a420-61be2ca900c8	13	17
La ignoro.	I disregarded it.	498e3499-67f0-5ea2-9f5b-e8edae944258	10	17
Io la ignoro.	I disregarded it.	b4bf01ec-b97b-564e-a92e-710745faecdf	13	17
Non studiai.	I didn't study.	4c7836ab-ecc6-525c-9a2d-56817b805bec	12	15
Io non studiai.	I didn't study.	f5ba53b5-6b84-573c-b171-985c72b88617	15	15
Era affollato.	It was crowded.	6346a213-7374-5840-9877-6335db6e7034	14	15
Era affollata.	It was crowded.	135755fa-0736-563e-aeb5-e6673a12f9dd	14	15
Era corretto.	It was correct.	923a1570-088a-5b61-b037-a21bd53273fd	13	15
Era corretta.	It was correct.	42e4c93c-2da4-5c6d-8663-77fd9a288ffa	13	15
È stato uno shock.	It was a shock.	510cfc54-e4ce-53aa-ac0b-6dc5417a5afd	18	15
Finiamo questo.	Let's end this.	78cf8b26-0ae0-5114-aa2b-47ee74e4073a	15	15
È molto economico.	It's very cheap.	d32e2a92-e38b-5bf5-8adc-89bcd04e3247	18	16
È molto economica.	It's very cheap.	7110eef4-222d-5efa-966d-7d281fd15ee5	18	16
Non è affar nostro.	That's not our business.	1a7847d6-f42e-5c2c-95f1-04c870855ddc	19	24
È grande circa così.	It's about this big.	99549fec-2eee-5e0b-b37c-aaec7c80c09d	20	20
Farà caldo domani.	It'll be hot tomorrow.	73d58109-ff11-565d-abc8-f1766a1717fa	18	22
Sto guardando il notiziario.	I'm watching the news.	693f3e93-1baf-5d79-af70-c2dbf931e04a	28	22
Io sto guardando il notiziario.	I'm watching the news.	26e0be43-2cfe-52e1-87ab-61063069a3d2	31	22
Devo leggerlo pagina per pagina.	I must read it page by page.	e2d13c95-72a8-56bb-b493-fe10fcafd22f	32	28
Io devo leggerlo pagina per pagina.	I must read it page by page.	93f8c82b-3e66-5785-9580-c868823b5df8	35	28
Devo leggerla pagina per pagina.	I must read it page by page.	a861a73b-3aa8-5716-84a6-cec57b09fd87	32	28
Io devo leggerla pagina per pagina.	I must read it page by page.	368842d4-abd7-50a2-a0fd-bb63057f5818	35	28
Era genuino.	It was genuine.	0661546c-8aab-592a-bf7c-0df1d725247f	12	15
Era genuina.	It was genuine.	a8bb3b2b-92e9-5f09-827d-63d242fc44dc	12	15
Era nostro.	That was ours.	40b76f78-480e-5994-9636-b6790e6e9b5b	11	14
Era spaventoso.	That was scary.	0e1a07e7-5968-5410-acf1-972f69ed953a	15	15
Era enorme.	That was huge.	ad201ffc-2aba-540b-bc5d-c551c8c5b5f3	11	14
Era legittimo.	That was legit.	e3d66e68-508d-5e43-9f9d-ec170187d7ee	14	15
Prima di questo, lavoravo come tassista.	Before this, I worked as a cab driver.	3d65ff7d-59e4-55d9-8f89-9ea1dd434006	40	38
Prima di questo, io lavoravo come tassista.	Before this, I worked as a cab driver.	b97e6cfe-9683-5d35-bb82-c979ccbcd464	43	38
Prima di questo, lavoravo come taxista.	Before this, I worked as a cab driver.	61ab9f4e-99ce-57d6-9ba9-a66019482462	39	38
Prima di questo, io lavoravo come taxista.	Before this, I worked as a cab driver.	c30b0dc2-f162-578a-9041-4c581718efd0	42	38
Tom deve essere emozionato.	Tom must be excited.	83d19fab-dd9f-56cf-9930-8e5a8a9d51d6	27	20
Tom dev'essere emozionato.	Tom must be excited.	2e04ef54-a831-5abd-ab6f-0b677d2018cf	26	20
Domani è un festivo?	Is tomorrow a holiday?	9318b218-416c-5b9f-a81c-3e4becbc3f5f	20	22
Domani è un giorno festivo?	Is tomorrow a holiday?	7e32b17b-7fe3-53db-b536-e1bbc32f017a	27	22
È stato fissato.	That got fixed.	cb60719a-3d81-54ab-959f-458ac8843a18	16	15
È stato riparato.	That got fixed.	20ec32f9-1452-52c9-91a1-56531d219c1d	17	15
Io piaccio alla gente.	People like me.	f39279ea-1c7d-5bf3-be1b-e66dd7b314a7	22	15
Io piaccio alle persone.	People like me.	ed26d8ae-99e1-5133-ab1e-a0b07cf179a6	24	15
Il surf sembra divertente.	Surfing looks like fun.	807be3ce-ea44-5dad-adf0-275082d9162e	26	23
Sono giovani.	They're young.	443f5b3d-c7fc-5040-bd32-fb5a402ef511	13	14
Loro sono giovani.	They're young.	017ce693-ae87-595b-b17b-619ad56fe1b1	18	14
Sono vicini.	They're close.	6b4b4a00-db86-5f7c-ab90-ab81e24fb0d7	12	14
Loro sono vicini.	They're close.	19439557-bde8-55b5-a6cf-5cdd614cdd5f	17	14
Cresceranno.	They'll grow.	20fdb9fa-925d-57fd-a64d-b5f55213aa6f	12	13
Loro cresceranno.	They'll grow.	4e38f5ea-3f12-56bc-a35c-4215fe2e8360	17	13
Falliranno.	They'll fail.	8a0d3952-f93f-5724-8815-82d64173bd43	11	13
Loro falliranno.	They'll fail.	9411d554-597d-5e6b-88af-444ad6b352f3	16	13
Non moriranno.	They won't die.	2edb4aa0-0b8e-52ba-b1aa-081e7c21b1ba	14	15
Loro non moriranno.	They won't die.	8f1cdff3-38cc-55df-8757-a683f73a56d1	19	15
Dovrebbe lavorare per la Commissione Europea.	He should work for the European Commission.	d8834747-70be-5c37-b5aa-c58e7d304c8e	45	43
Lui dovrebbe lavorare per la Commissione Europea.	He should work for the European Commission.	d34924d2-4aed-52ae-bda9-031d21a7faf1	49	43
Gli ha detto la sua età.	She told him her age.	2498e86e-a7d5-59b2-9285-ad8e5d5bd32b	24	21
Lei gli ha detto la sua età.	She told him her age.	7af0f3a8-eec0-55b7-af6d-9f744eaff6f6	28	21
Gli disse la sua età.	She told him her age.	d8e23e34-2c86-579d-b807-7623c36abd91	21	21
Lei gli disse la sua età.	She told him her age.	3e9304cc-4a8c-5b98-b62a-12b4f4470e49	25	21
Spero che sia vero.	I hope it's true.	a90ca84c-f020-5338-8212-6b1066885965	19	17
Io spero che sia vero.	I hope it's true.	8a630cdb-935f-550e-8ede-582b7529f23d	22	17
Spero che sia vera.	I hope it's true.	34c0f451-f742-576b-ac99-4252e5cc0b50	19	17
Io spero che sia vera.	I hope it's true.	a5c3177a-e867-53e3-9a63-96d075a061a9	22	17
Possiamo pagare in contanti.	We can pay cash.	7d94d2a1-ae54-544f-a705-b9817b8289b4	28	16
Noi possiamo pagare in contanti.	We can pay cash.	cc713d65-fa9d-55f9-a73d-0396dd8bb4f7	32	16
È andato a Parigi due anni fa.	He went to Paris two years ago.	b0a546d6-73a7-5983-b731-ca4eb3895844	30	31
Lui è andato a Parigi due anni fa.	He went to Paris two years ago.	566a63d5-6680-56bf-a08b-5c288c357d9d	34	31
Tu non ricordi?	Don't you remember?	0dba8f6f-fd59-5724-8f28-a21cd821d500	15	19
Lei non ricorda?	Don't you remember?	05170761-2c28-57be-97f4-ed21c4be41b3	16	19
Voi non ricordate?	Don't you remember?	89b0389a-0ef1-5d99-b7f3-1365c9e73b9e	18	19
Staremo bene senza di te.	We'll do fine without you.	37b5c58f-3943-5de6-bfaa-c310ad2006d2	25	26
Noi staremo bene senza di te.	We'll do fine without you.	a0401072-30d7-5c6a-bad3-cc0457d52a77	29	26
Staremo bene senza di voi.	We'll do fine without you.	40815302-cd66-579c-8cdd-4416e9af9d25	26	26
Noi staremo bene senza di voi.	We'll do fine without you.	d686d1cb-58af-5948-a103-5f6d72cfdaea	30	26
Staremo bene senza di lei.	We'll do fine without you.	515d3adb-54b8-5da7-975e-07be66475fda	26	26
Noi staremo bene senza di lei.	We'll do fine without you.	33171b37-40fe-5e56-94f5-a75a927a2d21	30	26
Mary prese un emetico.	Mary took an emetic.	9f67a77e-ece6-56c9-81e8-05df088d12c3	22	20
Mary ha preso un emetico.	Mary took an emetic.	6d81b77f-1b0b-53f3-835e-de7bdb423c28	25	20
Mary prese un antiemetico.	Mary took an antiemetic.	9f9f0a6b-d783-5903-bf5e-23fb50993ea4	26	24
Mary ha preso un antiemetico.	Mary took an antiemetic.	070f03b1-6cba-5171-a581-8a6cad9d054d	29	24
Tom vuole della fonduta di cioccolato.	Tom wants chocolate fondue.	b6358a0d-8e09-5de6-a43d-d6af7a108960	38	27
Sta preparando la cena.	She is making dinner.	77b0d0e0-54df-552a-9b72-38fa2ce6f38a	23	21
Lei sta preparando la cena.	She is making dinner.	7697a790-6d42-5bbe-abe7-4a65050e73f2	27	21
Le cose stanno iniziando a prendere forma.	Things are starting to take shape.	c33ff702-01a9-5a4b-84ba-a14ed4a362c5	42	34
Le cose stanno cominciando a prendere forma.	Things are starting to take shape.	74d9837b-cd6a-556b-bcb9-62b2401017a4	44	34
Non supporto necessariamente la misantropia.	I don't necessarily support misanthropy.	a2378c12-5156-5823-8bd8-18a82e0d8c1a	44	40
Io non supporto necessariamente la misantropia.	I don't necessarily support misanthropy.	f09618ba-668e-5c7e-8e37-ef643b358667	47	40
Mi è piaciuto lavorare con te.	I liked working with you.	5c63df4f-1068-5942-9933-2404ee05fbfd	30	25
A me è piaciuto lavorare con te.	I liked working with you.	1586f2cb-246d-546d-b3ac-fc834f984a9f	32	25
Mi è piaciuto lavorare con voi.	I liked working with you.	5f6470fa-9111-543f-85b8-54594252c495	31	25
A me è piaciuto lavorare con voi.	I liked working with you.	50d0226a-5821-5295-aa9e-2e8dfa6e0e33	33	25
Mi è piaciuto lavorare con lei.	I liked working with you.	a6a16d78-e6ed-5bf7-8089-6e6c686939a1	31	25
A me è piaciuto lavorare con lei.	I liked working with you.	c0ffdba6-4b07-509c-a853-1f306109db93	33	25
Andò giù per la collina.	He went down the hill.	1ced8d21-7ed6-52fc-b6bc-6b725e56ca1e	24	22
Lui andò giù per la collina.	He went down the hill.	3130ff81-217c-5f95-bc43-0748acc52820	28	22
È andato giù per la collina.	He went down the hill.	39ba3f13-097a-5eaa-a2af-880b6a232f72	28	22
Lui è andato giù per la collina.	He went down the hill.	9477325b-6d30-58d6-93fb-de5af5372481	32	22
Fabre scriveva libri sugli insetti.	Fabre wrote books about insects.	673061ef-dae2-5104-92d0-3258cd3a52f6	35	32
Fabre ha scritto dei libri sugli insetti.	Fabre wrote books about insects.	a353dc70-66e5-5267-9286-bec51681ea18	41	32
Fabre scrisse dei libri sugli insetti.	Fabre wrote books about insects.	3c8da296-3bc8-5f79-b7d5-7dc7530f8d43	38	32
Com'è potuto succedere?	How could that happen?	113f4ca1-25b3-5bcb-b189-d162d229721f	23	22
Com'è potuto capitare?	How could that happen?	030bcbb7-d9e9-5571-838e-b3009a29d1a2	22	22
Sei stato nel cuore dell'Europa?	Have you been to the heart of Europe?	0e26686f-4099-5507-9871-29f90b079b34	32	37
Tu sei stato nel cuore dell'Europa?	Have you been to the heart of Europe?	93273e96-2a83-5508-bdf4-b43d1f3288c8	35	37
Sei stata nel cuore dell'Europa?	Have you been to the heart of Europe?	2ccae3bf-58a0-558f-a3d0-e603a7f882be	32	37
Tu sei stata nel cuore dell'Europa?	Have you been to the heart of Europe?	709c8635-9e70-5375-a153-7416d9338835	35	37
È stata nel cuore dell'Europa?	Have you been to the heart of Europe?	24072415-fb55-5c8e-a8b3-d0214d457932	30	37
Lei è stata nel cuore dell'Europa?	Have you been to the heart of Europe?	e9b78173-f09e-52f0-a68d-e19afecf1b5e	34	37
È stato nel cuore dell'Europa?	Have you been to the heart of Europe?	a51d15ed-d2fa-5ffe-9a19-03952c7ec4c5	30	37
Lei è stato nel cuore dell'Europa?	Have you been to the heart of Europe?	36b06c38-0e43-52d4-9283-a83ca54c78d7	34	37
Siete stati nel cuore dell'Europa?	Have you been to the heart of Europe?	5364f651-75f4-56d8-88b7-eb39e88b8d61	34	37
Voi siete stati nel cuore dell'Europa?	Have you been to the heart of Europe?	b42fd321-b7e5-5661-9423-c58e08337ee7	38	37
Siete state nel cuore dell'Europa?	Have you been to the heart of Europe?	53e68739-2b79-5408-95bb-5ebb0a6f5efd	34	37
Voi siete state nel cuore dell'Europa?	Have you been to the heart of Europe?	03e5854f-51a4-57a8-8581-0aed5b33d680	38	37
Non ho un'arma.	I don't have a weapon.	a667e0cf-c99a-5151-8394-48c492d2c3d3	15	22
Io non ho un'arma.	I don't have a weapon.	0c22f884-bdaf-51de-a14c-b1550073a323	18	22
Mettigli la museruola.	Muzzle it.	bda7b943-f148-5450-8b20-dca72ad2e368	22	10
Gli metta la museruola.	Muzzle it.	f666da51-48c7-5568-8f88-4f6b6f6317fa	23	10
Mettetegli la museruola.	Muzzle it.	54e86d1c-90dc-5148-9282-b4a0dce2d1a6	24	10
Mettile la museruola.	Muzzle it.	bbfefa82-f3b3-5e22-aad2-c9a44491131d	21	10
Le metta la museruola.	Muzzle it.	04b56919-fddb-54b4-b822-760a93f9fd10	22	10
Temo di non potere in questo momento.	I'm afraid I can't right now.	3c82292d-9a7e-593f-b1d9-86fe82e0682c	37	29
Io temo di non potere in questo momento.	I'm afraid I can't right now.	c9a52a4a-c273-5ae5-89a7-2b9fe546d1e5	40	29
Temo di non riuscire in questo momento.	I'm afraid I can't right now.	d6ac47c2-9c0b-5109-9641-3ec6d5f7aab0	39	29
Io temo di non riuscire in questo momento.	I'm afraid I can't right now.	d839ddc2-455f-59fb-a742-3f7b2db0248d	42	29
Tom è saltato in acqua.	Tom jumped into the water.	4ecc1300-5c4f-5164-b075-4b3fa4a84e6b	23	26
Tom saltò in acqua.	Tom jumped into the water.	9c5084b3-b80c-5e5f-88ac-d099e6ba9a5d	19	26
La casa situata sulla collina è molto vecchia.	The house that stands on the hill is very old.	55385027-c047-521d-a923-ea4070fbc182	46	46
La casa situata sulla collina è molto antica.	The house that stands on the hill is very old.	eb58d415-79d7-5925-a973-bb827fc394e4	45	46
Si è accorto che ero lì.	He noticed that I was there.	2f3fefc1-24b5-5106-8ef5-13854e52fbbb	24	28
Lui si è accorto che ero lì.	He noticed that I was there.	3d8f4a64-c7a2-51c7-8a29-0a5931e6ec83	28	28
Si accorse che ero lì.	He noticed that I was there.	a2dd0888-4c2a-5098-9ff0-360daaeae8a8	22	28
Lui si accorse che ero lì.	He noticed that I was there.	0cb171b7-59e4-5540-8313-c4ea58475ad8	26	28
La tua obiezione è stata osservata.	Your objection has been noted.	ea56fb72-2d34-5edb-a98b-7fc2b6406e64	35	30
La sua obiezione è stata osservata.	Your objection has been noted.	36c2d87e-b168-5724-b82c-6582eeb0579a	35	30
La vostra obiezione è stata osservata.	Your objection has been noted.	095a0976-1e47-5bcd-8ad3-4f8ed1dea637	38	30
Abbiamo finito.	We're finished.	e753f86e-663f-528d-ba89-c71244dadceb	15	15
Noi abbiamo finito.	We're finished.	457b4f2b-119a-5fbb-bd0d-b49824491fe4	19	15
Ho un tostapane.	I have a toaster.	e7a63899-6b3f-5227-bae2-cccf1a479c94	16	17
Io ho un tostapane.	I have a toaster.	5fbc63a3-d177-56b8-9ec4-bc09676a0ffa	19	17
Sei al lavoro?	Are you at work?	83e3de6f-3914-53dc-9b47-1ece8f223de0	14	16
Tu sei al lavoro?	Are you at work?	fdef30c1-d0a0-5d07-8074-d2b56c407515	17	16
È al lavoro?	Are you at work?	8357b98a-c346-5598-a542-56a1c50c27e9	12	16
Lei è al lavoro?	Are you at work?	32fec6eb-cf17-5cb7-a3de-b8e062a156db	16	16
Siete al lavoro?	Are you at work?	362a9fec-bcb3-5c18-8f87-f01f9dbcd787	16	16
Voi siete al lavoro?	Are you at work?	facc91c2-08ba-51f2-9f94-1dd118b213be	20	16
Vai a casa di Tom.	Go to Tom's house.	d277c043-d290-57e0-a6a3-27e28d9c89f8	18	18
Vada a casa di Tom.	Go to Tom's house.	7aeb4457-beb3-51a4-a870-e185b471a782	19	18
Andate a casa di Tom.	Go to Tom's house.	131f2a90-6a44-54c7-ba89-a82f62590d02	21	18
Tom è già stato licenziato?	Has Tom been fired yet?	08e3c392-2f8d-5d47-a657-1dd229b9367b	27	23
Sei invidioso?	Are you envious?	db4829c4-b98a-5671-8a96-4c5caf5a3d8f	14	16
Tu sei invidioso?	Are you envious?	2b1e92af-9a4f-582e-8638-bc67c18377dc	17	16
Sei invidiosa?	Are you envious?	4cb13598-b69b-5d53-ad1e-e8553d3efa6b	14	16
Tu sei invidiosa?	Are you envious?	de77dcae-1286-515b-9d95-e140de02173a	17	16
È invidiosa?	Are you envious?	f6d59cb5-9a16-54e6-89de-3ace7b32fa7e	12	16
Lei è invidiosa?	Are you envious?	4d769b8d-c56a-55ea-a213-031eb6d9a517	16	16
È invidioso?	Are you envious?	61cdea9e-20f1-5aaf-a455-7e46caffdd3a	12	16
Lei è invidioso?	Are you envious?	27356b87-d19b-578d-9620-b0a5b9945166	16	16
Siete invidiosi?	Are you envious?	8f8b0003-fbfe-596f-9314-37e8c1fcb5ef	16	16
Voi siete invidiosi?	Are you envious?	e0f0a358-ad54-5c02-bc4b-8d9311a8753c	20	16
Siete invidiose?	Are you envious?	302a56c2-9cea-5f0a-8c9a-d3cddf426041	16	16
Voi siete invidiose?	Are you envious?	9150e64c-d80f-5f1c-8358-8a0f1dfeb52d	20	16
Vedo bene.	I see well.	f8673ad9-42ec-5dd2-b4dd-3625f7ecdbd0	10	11
Io vedo bene.	I see well.	36e3303f-8db1-579d-9411-770686fcfb25	13	11
Ci vedo bene.	I see well.	f87eb3e7-9a56-5320-b34d-3dcee786c1ca	13	11
Io ci vedo bene.	I see well.	47f35458-74df-51aa-9b69-c5627458d9b2	16	11
Vive in cima a questa collina.	He lives at the top of this hill.	c54c1d19-c7ca-5c01-be7b-16678a9a85fa	30	33
Lui vive in cima a questa collina.	He lives at the top of this hill.	00941abe-adcc-5157-8937-2fd7f9d1abba	34	33
Abita in cima a questa collina.	He lives at the top of this hill.	6899da4f-1eda-5371-8cef-67eb772ff08c	31	33
Lui abita in cima a questa collina.	He lives at the top of this hill.	df72558f-4c1b-5c70-a333-4e0d63d4fbcc	35	33
Li vedi?	Do you see them?	0731d7c3-e311-5726-8393-52e5944d9929	8	16
Tu li vedi?	Do you see them?	3010e804-833e-5dd3-ab65-3cd690996734	11	16
Le vedi?	Do you see them?	f8f19e72-7fd7-5c68-aee8-c19b3e736ba4	8	16
Le vede?	Do you see them?	a2705388-bf8f-54bb-9f5f-c6e72331739e	8	16
Lei le vede?	Do you see them?	6c02643c-feda-575d-b55e-7226f819c5bc	12	16
Li vede?	Do you see them?	e71be3bb-c328-5d5d-b367-81f6488a6db1	8	16
Lei li vede?	Do you see them?	7f3cc349-5080-5192-b9cc-90a7abf45f75	12	16
Li vedete?	Do you see them?	52522ecc-8b3f-578b-8d5e-a488b5da05bf	10	16
Voi li vedete?	Do you see them?	fb7bbad5-e174-57b5-91f5-e4086612ed77	14	16
Le vedete?	Do you see them?	e61226dc-3b26-5266-a429-fd72be011015	10	16
Voi le vedete?	Do you see them?	8f4d72f6-80aa-5296-af22-e39bcab502ab	14	16
È stato inghiottito dall'abisso.	He was swallowed by the abyss.	237359a5-90e5-5115-9c8c-7f3bc58f0790	32	30
Fu inghiottito dall'abisso.	He was swallowed by the abyss.	ee8a18cd-d894-53e2-af04-3d251db33086	27	30
Ho trascorso l'intero weekend a casa al computer.	I spent the whole weekend at home on the computer.	7b32c538-f02d-5f9d-bd06-26d88e1bec15	49	50
Trascorsi l'intero weekend a casa al computer.	I spent the whole weekend at home on the computer.	8f90801b-bb25-5433-9794-cd33112dc149	46	50
Io trascorsi l'intero weekend a casa al computer.	I spent the whole weekend at home on the computer.	e4a678b9-acce-53e2-843d-d647d83a2b56	49	50
Le regole si applicano a tutti.	The rules apply to everyone.	6fb1deb1-b51f-540a-be23-4f269668bb78	31	28
È il nome migliore che io abbia mai sentito.	That's the best name I've ever heard.	acb338c4-51ea-5fd4-a242-814d9d98a9d8	44	37
Si guadagna da vivere cantando.	He makes his living by singing.	4fc13e59-822f-5e97-b989-ff32df6b7c4b	31	31
Vuoi della frutta?	Do you want fruit?	c1e1421d-ee71-58ed-a87d-c8432c5bb120	18	18
Vorresti un po' di frutta?	Would you like some fruit?	c1c12945-e039-57fc-a13a-51579011fa43	26	26
Tu vorresti un po' di frutta?	Would you like some fruit?	2cc546f7-a8d5-5641-96ef-48d322277902	29	26
Vorreste un po' di frutta?	Would you like some fruit?	35959cf3-6d37-576e-bb46-b2dcf4744c4c	26	26
Voi vorreste un po' di frutta?	Would you like some fruit?	448928a9-e909-5e76-bf07-8fd245ed9307	30	26
Vorrebbe un po' di frutta?	Would you like some fruit?	10c9e986-b30d-5797-82d4-eda35a9dc2b1	26	26
Lei vorrebbe un po' di frutta?	Would you like some fruit?	e6068771-a645-5f16-99e2-31c0047394c4	30	26
Tu vuoi della frutta?	Do you want fruit?	d43443be-1842-5f0c-b00c-6125d1972f33	21	18
Vuole della frutta?	Do you want fruit?	5b40a403-355f-51b3-845a-92b01b94ffbe	19	18
Lei vuole della frutta?	Do you want fruit?	ddec6b52-02c0-5460-9baf-bf67bbb88dd3	23	18
Volete della frutta?	Do you want fruit?	8926e5b4-5b8d-5609-a2c6-6fb685ff1535	20	18
Voi volete della frutta?	Do you want fruit?	9f647aef-9c9e-5a48-8899-cefcfbc648dc	24	18
Direi che te lo sei meritato.	I'd say you earned it.	ad0de969-6fe3-5f5a-b65b-aea594fb2bf0	29	22
Direi che te la sei meritata.	I'd say you earned it.	6334cb14-1dd1-5b7b-996a-bd5b412693f0	29	22
Direi che se lo è meritato.	I'd say you earned it.	8be56f3a-84b1-535a-8b21-96c631ff3ad5	27	22
Direi che se la è meritata.	I'd say you earned it.	f20615d1-618f-5c1d-9e2a-f760eb2c3e02	27	22
Direi che ve lo siete meritato.	I'd say you earned it.	fa822e6b-c5ff-5b71-8dd3-fc18e2e67aa7	31	22
Direi che ve la siete meritata.	I'd say you earned it.	fc90ff54-a160-59ff-bd9b-d9a525c7e12f	31	22
Vuole un succo di frutta?	Do you want fruit juice?	eaec80f9-fe44-52c1-9412-651961bfa63a	25	24
Volete un succo di frutta?	Do you want fruit juice?	d417c224-1c36-59c6-b921-fe1d86f2ae79	26	24
Tom non sapeva che Mary fosse già sposata.	Tom didn't know that Mary was already married.	6bf8f500-56c7-5393-b6dd-f9d90642184f	42	46
Tom non lo sapeva che Mary fosse già sposata.	Tom didn't know that Mary was already married.	1bcb1708-c2a4-5663-927b-14fed8b1a4fb	45	46
Quante figlie hai?	How many children do you have?	b4390ad6-969e-502a-b680-338fbafdc8a2	18	30
Quante figlie ha?	How many children do you have?	c39a69a0-edd0-5e31-a17c-acc55672a8b4	17	30
Quante figlie avete?	How many children do you have?	c3f9cc73-00e7-571a-b65f-10b8d1166bd9	20	30
Non ti senti onorato?	Don't you feel honored?	2a78dad7-b0ad-51ff-86ea-9d17a7ffcf44	21	23
Tu non ti senti onorato?	Don't you feel honored?	a95a82be-f0f8-5ce2-8bd7-0d1ba6747bd3	24	23
Non ti senti onorata?	Don't you feel honored?	590c22a2-f7b4-58a2-99d2-db8dc7357f7b	21	23
Tu non ti senti onorata?	Don't you feel honored?	2b9544f4-af9b-50c0-8024-1dd82c8394eb	24	23
Non si sente onorata?	Don't you feel honored?	c0cf5639-aaf6-50bd-8892-1efd58111d9c	21	23
Lei non si sente onorata?	Don't you feel honored?	8a6f6aac-a7dd-52aa-99b4-cf9036a5c6ef	25	23
Non si sente onorato?	Don't you feel honored?	de6e5796-2c64-5937-adb9-2dcb4c0db66f	21	23
Lei non si sente onorato?	Don't you feel honored?	8578c36b-f093-5044-b9fb-746b26713e09	25	23
Non vi sentite onorati?	Don't you feel honored?	9ea3c7ef-7996-5782-9a67-6969bef65649	23	23
Voi non vi sentite onorati?	Don't you feel honored?	d894aa00-cd47-50b3-a9a9-e3e3643fa305	27	23
Non vi sentite onorate?	Don't you feel honored?	870314b4-1ed0-5c61-9971-2898b03100e2	23	23
Voi non vi sentite onorate?	Don't you feel honored?	3ee215e3-62b8-554f-86dc-61060e289c3c	27	23
Ha piovuto per ore e ore.	It rained for hours and hours.	f41ef6ea-300d-56fa-8d80-8cc4939a8852	25	30
Piovve per ore e ore.	It rained for hours and hours.	d2794a42-bad0-564f-a4b6-8bb64cfc14b2	21	30
Piovve per ore ed ore.	It rained for hours and hours.	7310ff54-3064-5034-a3ab-f98965a8fac8	22	30
Ha piovuto per ore ed ore.	It rained for hours and hours.	bef29019-7c93-59ed-b25b-53d0a49f7bc5	26	30
Non lo sai.	You don't know that.	3f0777d8-12ae-5124-86bc-35af2df411ac	11	20
Tu non lo sai.	You don't know that.	ccfe2770-c1ac-50af-a91a-3a2915737821	14	20
Non lo sa.	You don't know that.	101ad451-cdcc-5ac6-bffd-19b8d5b75b8c	10	20
Lei non lo sa.	You don't know that.	164f875c-f035-5e15-8aeb-33016ef41b9b	14	20
Non lo sapete.	You don't know that.	e999381c-8b9e-510f-874f-89371ed03a25	14	20
Voi non lo sapete.	You don't know that.	f8594815-deb8-5d65-9622-db981059b9e4	18	20
Perché Tom non lo sa?	Why doesn't Tom know that?	2c2d5774-68c4-577d-9e79-a8de6aa25b92	21	26
Tom non lo sa ancora.	Tom doesn't know that yet.	ad5fc490-ca9e-5201-918c-ce0775265284	21	26
Ha detto che non lo sa.	He said that he doesn't know.	00db1cc9-198a-50eb-bc6d-ca1860ec07c7	23	29
Lui ha detto che non lo sa.	He said that he doesn't know.	f50c51af-7670-5bcf-8ce9-2dc20e03e1fb	27	29
È perché non lo sa.	That's because he doesn't know.	ed935377-dd9e-5207-bbb0-68438b7f25e7	19	31
È perché lui non lo sa.	That's because he doesn't know.	c4032931-6a0b-5b43-9bec-32d33a9c349e	23	31
Lo so che non ha un buon aspetto.	I know that doesn't look good.	e100a79d-4792-5f74-b2d5-6785a845860b	33	30
Tom non sa cosa sia.	Tom doesn't know what that is.	101920b3-a447-57b8-8e8b-4259caa6987e	20	30
Tom non lo sa che io lo so.	Tom doesn't know that I know.	d89bdcfb-21f2-58fc-ab1e-308d54a19f5b	27	29
Non sa che sono giapponese.	He doesn't know that I'm Japanese.	fb14135a-684e-5a42-ba90-26109d101834	27	34
Lui non sa che sono giapponese.	He doesn't know that I'm Japanese.	7b222334-dc65-58e7-820e-f9b39311df62	31	34
Non sa che io sono giapponese.	He doesn't know that I'm Japanese.	daa1da75-443b-5481-9437-04c95ea960b0	30	34
Lui non sa che io sono giapponese.	He doesn't know that I'm Japanese.	f16271a0-5c35-5b6e-989e-fe319106c273	34	34
Non lo sa che io sono giapponese.	He doesn't know that I'm Japanese.	52a5ffb6-7877-5d9d-b623-29a9c8aa72a8	33	34
Lui non lo sa che io sono giapponese.	He doesn't know that I'm Japanese.	966f2018-67d1-583e-bc07-867f485d9eea	37	34
Non lo sa che sono giapponese.	He doesn't know that I'm Japanese.	1f100409-c8ec-5c45-96a6-f0b9f1bfcb1c	30	34
Lui non lo sa che sono giapponese.	He doesn't know that I'm Japanese.	8d1f7816-1406-5855-a4cc-70603137cc74	34	34
Lei non sa che sono giapponese.	She doesn't know that I'm Japanese.	769fdb75-72b7-5cd4-9a0c-34236ccbc9f0	31	35
Lei non sa che io sono giapponese.	She doesn't know that I'm Japanese.	d4e88e3a-2a21-5241-8047-31353c5e2e86	34	35
Lei non lo sa che io sono giapponese.	She doesn't know that I'm Japanese.	6ef619ae-bc5f-5b20-ae7a-a79a0a45ebc5	37	35
Lei non lo sa che sono giapponese.	She doesn't know that I'm Japanese.	c9baa88a-555d-515d-837a-0ddcb7c1ef5c	34	35
Tom non sa perché è successo.	Tom doesn't know why it happened.	1bbe5d9b-db17-50c0-b2f2-1aa4f6d8b16c	29	33
Tom non lo sa perché è successo.	Tom doesn't know why it happened.	05b0d027-f553-5ebd-9b2e-9eebbb6767f4	32	33
Tom non sa quando è successo.	Tom doesn't know when it happened.	cc9f5a85-63af-548e-a237-45bb2e24bc7c	29	34
Tom non lo sa quando è successo.	Tom doesn't know when it happened.	620b6851-e683-5dd1-8cf6-950642aeedee	32	34
Tom non sa come sia successo.	Tom doesn't know how it happened.	3e7d4c53-7ee3-5ebc-b337-1c008c1076cb	29	33
Tom non lo sa come sia successo.	Tom doesn't know how it happened.	4daa1917-70b3-569d-84e2-925381f68a93	32	33
È ovvio che Tom non sa niente.	It's obvious Tom doesn't know anything.	c140c7f2-e6f8-542e-9088-52525fac0668	30	39
È ovvio che Tom non sa nulla.	It's obvious Tom doesn't know anything.	1b80c035-8390-50c9-aa18-42aa4b9cf846	29	39
Tom non deve saperne a riguardo.	Tom doesn't have to know about it.	0e743c1b-c548-5552-a487-b32e21476528	32	34
Tom non sa cosa fare a riguardo.	Tom doesn't know what to do about it.	44c60180-5326-5984-a6ba-895623ea766c	32	37
Tom non sa che cosa fare a riguardo.	Tom doesn't know what to do about it.	885b01a0-1ddd-5935-af2f-e2c62849ebb1	36	37
Non è accettabile.	That's not acceptable.	a14967ef-6e11-59c6-8124-49a13d14103c	18	22
Mi fa piacere che a Tom sia piaciuto.	I'm glad Tom enjoyed it.	f375de19-cfe0-5c66-a1ea-b62a2fb3c794	37	24
Mi fa piacere che a Tom sia piaciuta.	I'm glad Tom enjoyed it.	54470ec4-f259-59da-b241-679bbe5d9fb7	37	24
Sono ottimista.	I'm an optimist.	015f228b-db6b-5990-a44e-4e981e8bed8f	15	16
Io sono ottimista.	I'm an optimist.	6c26a1e8-1cca-5307-9f58-51301eb394b4	18	16
Il mendicante sta chiedendo un pezzo di pane.	The beggar is asking for a piece of bread.	049bc732-c8a0-56b0-8134-4418a174bcbd	45	42
A Tom manca Boston.	Tom misses Boston.	70e1dc61-2184-5572-8704-707ecdecbf7e	19	18
Questa è la casa.	This is the house.	3795ac93-e6af-568f-afe9-e65d4514920f	17	18
Non farlo, Tom.	Don't do it, Tom.	e2fcc853-2581-503f-a77c-69003c33bcda	15	17
Non farla, Tom.	Don't do it, Tom.	3519a9bf-99b3-5172-ba89-939f6ebce589	15	17
Ti sta usando.	He's using you.	bc45d415-7e6d-5249-961e-6b833dcc8eb1	14	15
Lui ti sta usando.	He's using you.	91c2f9cb-71c4-5c94-8768-e42e1f0a7d2c	18	15
Vi sta usando.	He's using you.	219cf1d3-57d9-522e-9f45-9342b2cf4ad1	14	15
Lui vi sta usando.	He's using you.	da21a0e3-7782-5ac4-9f81-50049f63d0a2	18	15
La sta usando.	He's using you.	23cfbc63-b222-5c42-aed8-07361129b54e	14	15
Lui la sta usando.	He's using you.	70907f3b-b518-5b9a-b3a3-c6390c5e1c5c	18	15
Odio quelle parole.	I hate those words.	36f2a8f6-ce71-5059-9d22-452ac38058fc	19	19
Io odio quelle parole.	I hate those words.	384e6d7b-156a-56b4-8dec-fa728aaeb85a	22	19
Io non sono ancora pronto.	I am not ready yet.	1a72dab3-0dd6-5b72-b1f9-00214c5ec802	26	19
Io non sono ancora pronta.	I am not ready yet.	6d87896f-2b3e-5a0a-a4b4-61d9924fc076	26	19
Sono il tuo passato.	I am your past.	4cc2414d-b40b-5673-b24c-a5aff55776e8	20	15
Io sono il tuo passato.	I am your past.	79ca4fb2-4b2a-5aa1-8ebc-896b66f5ab79	23	15
Sono il suo passato.	I am your past.	78f78b0b-185f-5d16-ba6c-5ad50b28d707	20	15
Io sono il suo passato.	I am your past.	17ccd260-c45a-51ef-a10f-24ccfde055c9	23	15
Sono il vostro passato.	I am your past.	8ed8aa85-d026-5a00-8ed7-6520c0ae2753	23	15
Io sono il vostro passato.	I am your past.	0f6d4f40-0b08-591d-b62e-25b07bb48f5a	26	15
Ero giovane e innocente.	I was young and innocent.	71b61991-ccb3-5505-a34e-6b580a9548d4	24	25
Io ero giovane e innocente.	I was young and innocent.	ac5cfc93-dd2a-5050-a9d2-257fef84d3ab	27	25
Ridere ti fa davvero bene.	Laughing is really good for you.	88d2f426-cfc3-596a-a4bd-86c9de1d36a2	26	32
Ridere ti fa veramente bene.	Laughing is really good for you.	f45b45d0-7c30-527f-ba8e-334d6f446c41	28	32
Ridere vi fa davvero bene.	Laughing is really good for you.	b931492e-0976-5dae-bec2-7995af794ba3	26	32
Ridere le fa davvero bene.	Laughing is really good for you.	9225f926-15bd-5925-a7c2-5b8db0d2d347	26	32
Ridere vi fa veramente bene.	Laughing is really good for you.	7a1721ca-ac90-538b-a054-bf03db3f746b	28	32
Ridere le fa veramente bene.	Laughing is really good for you.	cf837472-5558-58c9-8207-b92411ec1e41	28	32
Era mesi fa.	That was months ago.	71fa9ec2-1a02-51ab-9900-85e48faa90e7	12	20
Ha piovuto pesantemente.	It rained heavily.	b0429eda-8fcc-5c4e-8316-a645108f0db1	24	18
Spero che piova.	I hope it rains.	7cc05590-522e-5076-a16d-a919029aad9c	16	16
Io spero che piova.	I hope it rains.	f3b108ab-621e-5d3f-a2ee-24d3ecde4597	19	16
Ho dormito tutto il giorno.	I slept all day.	12f55fec-b468-5c07-a898-e2ae15fd56e1	27	16
Io ho dormito tutto il giorno.	I slept all day.	b68434b2-dbb8-536e-8454-9f5157be256e	30	16
C'è un libro sulla sedia? Sì, ce n'è uno.	Is there a book on the chair? Yes, there is.	a9b9e36a-1d30-59fe-b6f6-27d4610d1b48	41	44
Mi colava molto il naso.	My nose was very runny.	4faa8a21-3009-5737-9ee3-6dca68fadbb4	24	23
Me lo ricordo.	I remember him.	64974214-0a5b-5f2d-8c81-aae336d94aa6	14	15
Io me lo ricordo.	I remember him.	8c03add1-1021-5beb-a53a-7289da7eec11	17	15
Me la ricordo.	I remember it.	ed2d9f11-35c6-5aec-93b9-c3eeae860b4f	14	14
Io me la ricordo.	I remember it.	40ca5ebf-b402-51e8-aba2-f0210dae26ea	17	14
L'hanno visto tutti.	Everybody saw it.	ba1c9cad-22ce-5de9-b668-4a156e218f29	20	17
L'hanno vista tutti.	Everybody saw it.	937f506f-09ca-5c94-b4cd-69da3d3efa24	20	17
Lo videro tutti.	Everybody saw it.	f9b0513c-5b95-5786-98c7-8e35d8c35fed	16	17
La videro tutti.	Everybody saw it.	f96bf5e9-57b8-5ec2-9000-f8a959ed26e5	16	17
Morì qualche giorno più tardi.	He died a few days later.	b0e0f53e-64af-5e7e-af5c-fca586ebd964	30	25
Lui morì qualche giorno più tardi.	He died a few days later.	902a994f-94cd-5cc8-ac0a-877b8be10924	34	25
È morto qualche giorno più tardi.	He died a few days later.	c3926cae-4c42-5792-a97b-aa4d354dbc21	33	25
Lui è morto qualche giorno più tardi.	He died a few days later.	65e77040-4a5d-58ff-84cb-356a2f28201a	37	25
Se vuoi della qualità, pagala!	If you want quality, pay for it.	b919a386-223d-5813-87fe-a354c6a36f99	30	32
Se volete della qualità, pagatela!	If you want quality, pay for it.	f954939f-deb3-5eff-aeae-512a94fc7947	34	32
Se vuole della qualità, la paghi!	If you want quality, pay for it.	162544a0-094b-5f16-8d60-43ba251a5e51	33	32
Mi ha aiutata a superare le difficoltà.	He helped me to overcome the difficulties.	7e2401c2-5374-58ca-8c67-e126cbe9d754	39	42
Lui mi ha aiutata a superare le difficoltà.	He helped me to overcome the difficulties.	5b6bf3aa-cf63-527d-bf5a-68982e85f6d8	43	42
Hanno paura.	They're afraid.	c4b10749-95af-5b50-8114-7aaf400184da	12	15
Loro hanno paura.	They're afraid.	e5fa16f5-7ee8-53c3-9dae-5285c7a2be52	17	15
Non so quale sia il suo nome.	I don't know what her name is.	34cef854-6389-57ab-8c88-8f3e561c0c42	29	30
Io non so quale sia il suo nome.	I don't know what her name is.	0cf2c36d-6f7f-5307-b4cd-ebd39f6180af	32	30
Non so come si chiama.	I don't know what her name is.	7f362337-669a-5e3a-b7a2-712b2fa7cbf6	22	30
Io non so come si chiama.	I don't know what her name is.	73491826-ad10-5491-94ea-73582ae2f28a	25	30
Sono l'uomo più felice del mondo.	I am the happiest man in the world.	937ded0f-857d-589d-a573-356c11a49105	33	35
Io sono l'uomo più felice del mondo.	I am the happiest man in the world.	97b24a33-3a4a-5daa-a99d-c0a31637d6c5	36	35
Vado sempre a piedi.	I always walk.	ab6f4d6d-b93d-5169-bdba-49176e71f074	20	14
Io vado sempre a piedi.	I always walk.	f4c71c7a-8ecd-5759-b36d-368138647b69	23	14
Di solito vado a piedi.	I usually walk.	c9b61a6a-2036-550e-bf21-f89bdbbccdb8	23	15
Io di solito vado a piedi.	I usually walk.	fbdf883a-78f8-59c7-aa73-bcd694df68ad	26	15
Solitamente vado a piedi.	I usually walk.	fc8866fa-7c32-56ea-a642-2a998c51c586	25	15
Io solitamente vado a piedi.	I usually walk.	fbd74106-b228-5131-8109-0194c28b4140	28	15
Ha suonato una sonata.	She played a sonata.	3ff70e63-a1c2-53be-80e5-5ddf0ca7bd48	22	20
Lei ha suonato una sonata.	She played a sonata.	9b2b9666-c978-5174-8747-67a701bb503d	26	20
Suonò una sonata.	She played a sonata.	0379de33-2e60-5793-b792-e7cbec017c18	17	20
Lei suonò una sonata.	She played a sonata.	f1704b9d-a7d6-5f73-a422-2a8b0bf21401	21	20
Tom ha scritto una sonata.	Tom wrote a sonata.	4737ebf3-924a-5d10-943d-f84176aef101	26	19
Tom scrisse una sonata.	Tom wrote a sonata.	3aacb351-77cb-5536-b265-50316f4a06a1	23	19
Suonerò una sonata per te.	I'll play a sonata for you.	8f8ec9f1-2e52-5474-8770-e2d79531676b	26	27
Io suonerò una sonata per te.	I'll play a sonata for you.	611cce83-6a91-514a-b81b-74898f6627de	29	27
Suonerò una sonata per voi.	I'll play a sonata for you.	d4b8940f-67b1-54ff-998c-8b191696db29	27	27
Io suonerò una sonata per voi.	I'll play a sonata for you.	e1c59a15-f25f-5d67-837e-dce252c4f347	30	27
Suonerò una sonata per lei.	I'll play a sonata for you.	b4ded107-4ff1-5c31-9d43-ce83c58a409f	27	27
Io suonerò una sonata per lei.	I'll play a sonata for you.	2bd4b7b6-9a71-5126-83f4-152e788a8627	30	27
Mi piace viaggiare e conoscere nuova gente.	I like to travel and meet new people.	23b9d11c-c094-59a9-bba5-f367bb193c6a	43	37
A me piace viaggiare e conoscere nuova gente.	I like to travel and meet new people.	be57032a-54ce-5573-bfd0-3247d62854da	45	37
Mi piace viaggiare e conoscere nuove persone.	I like to travel and meet new people.	3c43781a-22d4-52b9-be08-b084fbfe16fb	45	37
A me piace viaggiare e conoscere nuove persone.	I like to travel and meet new people.	8fe1c46c-ced2-5232-8e16-211ef4b9eeb5	47	37
Lei ha visto tutto.	She saw everything.	cc43b298-5f70-52fb-92e4-75415a2c3a4d	19	19
Lei vide tutto.	She saw everything.	8ae2642f-812f-5e33-98fc-f7316a1af577	15	19
Ci si vede domani in biblioteca!	See you tomorrow at the library!	15c3eed3-c1a4-506b-8cc9-fd63098383c9	32	32
Ci vediamo domani in biblioteca!	See you tomorrow at the library!	2830d469-f8c3-5491-9493-9d4f4ce49325	32	32
Capito?	Savvy?	9de12daa-5837-58ee-a7ce-365286c11efd	7	6
Tom è esperto, vero?	Tom is savvy, isn't he?	f796e0b8-9ad5-55ad-9a2e-3a27c665295d	20	23
Tom è ferrato, vero?	Tom is savvy, isn't he?	ba0fb8c1-347f-58b6-9d48-571c34d881cf	20	23
Sei un negoziatore esperto.	You're one savvy negotiator.	a9a0c71a-e7ed-5b29-91e1-64d468c2866c	27	28
Tu sei un negoziatore esperto.	You're one savvy negotiator.	00a289f6-69f4-5fc7-ad27-2e180664d5bf	30	28
È un negoziatore esperto.	You're one savvy negotiator.	f8cb35ab-f14d-5446-aa33-1cb0f492f866	25	28
Lei è un negoziatore esperto.	You're one savvy negotiator.	a622efe2-fd3b-577f-9316-c321ca475175	29	28
Sei un negoziatore ferrato.	You're one savvy negotiator.	c4eb6061-cc54-5f53-8876-0130ceddf4d1	27	28
Tu sei un negoziatore ferrato.	You're one savvy negotiator.	dcc66ed0-9c55-5891-99e5-602c12e2c705	30	28
È un negoziatore ferrato.	You're one savvy negotiator.	c01e2fca-2169-5aa5-b7d1-9194d79899ad	25	28
Lei è un negoziatore ferrato.	You're one savvy negotiator.	3123265e-4480-5f67-91db-6f2b130ed6d3	29	28
So che a Tom non piacciono gli spinaci.	I know that Tom doesn't like spinach.	069a1472-b9e3-5282-99aa-658e21141b7c	39	37
Io so che a Tom non piacciono gli spinaci.	I know that Tom doesn't like spinach.	35e2a0cc-fc25-53f2-a7eb-d5929dfaf125	42	37
Il padre di Bob insegna in una scuola femminile.	Bob's father teaches at a girls' school.	df254bb5-fd10-5d30-9f18-d9910a4e7c91	48	40
Stendi le braccia.	Stretch your arms straight.	18a0e853-7412-59fc-b54e-1a602aa52492	18	27
Stenda le braccia.	Stretch your arms straight.	3eef5d96-7804-5e2a-b5c5-4dc1bc160825	18	27
Stendete le braccia.	Stretch your arms straight.	32838201-cc32-5fb6-8bfb-0de5b7f77121	20	27
Siete tutti degli ipocriti.	You're all hypocritical.	fe7acc66-9365-5679-bee7-229afdbb91c2	27	24
Voi siete tutti degli ipocriti.	You're all hypocritical.	e31be337-6f22-52f0-b05b-94ec8e3a0102	31	24
Siete tutte delle ipocrite.	You're all hypocritical.	5c413a11-88b6-54c0-a4a0-ab872609abdc	27	24
Voi siete tutte delle ipocrite.	You're all hypocritical.	8df257dd-20de-5d26-9349-759a86514807	31	24
Lo compreresti?	Would you buy that?	307be27e-e9d4-5899-9cd7-f163d39ff886	15	19
Tu lo compreresti?	Would you buy that?	746be5a9-02b3-52c2-a2da-7f6f26b354f3	18	19
Lo comprereste?	Would you buy that?	7bffe763-cda7-543c-a426-0ff9af885ace	15	19
Voi lo comprereste?	Would you buy that?	aec740e6-8e20-5e93-89c1-1dc9ee2db7bb	19	19
Lo comprerebbe?	Would you buy that?	d7347a6b-b4c1-562c-8b1e-090f59cb57bc	15	19
Lei lo comprerebbe?	Would you buy that?	c709f8b0-f674-5e4f-acd3-be332fdb92df	19	19
Se fossi in te, lo comprerei.	If I were you, I would buy it.	5197c5f4-e892-5613-a24b-2b2a3f15ba04	29	30
Se fossi in te, la comprerei.	If I were you, I would buy it.	ae1032e7-cc0c-52e5-9c3e-7a4e5345a3ed	29	30
Se fossi in voi, lo comprerei.	If I were you, I would buy it.	00a8ec9b-93a2-5fe4-8bcf-6f3e625f811f	30	30
Se fossi in voi, la comprerei.	If I were you, I would buy it.	99dcbae7-ceb4-5af1-a8e4-1d961ef8a6f9	30	30
Se fossi in lei, lo comprerei.	If I were you, I would buy it.	9a674293-766a-59bc-ad83-de1b2ba2a7d8	30	30
Se fossi in lei, la comprerei.	If I were you, I would buy it.	af9ecc54-ac16-5cab-b6e2-15aa6c4bd8c4	30	30
A Tom importava.	Tom cared.	7d383f95-315c-5ca8-b4fd-bbd023bfc58f	16	10
Non sto aspettando nessuno.	I'm not expecting anyone.	bb149cc0-6d24-59ed-a15e-8f55f07429e8	27	25
Io non sto aspettando nessuno.	I'm not expecting anyone.	fcc79f8b-7ddc-5325-8130-6fd063417f39	30	25
La sua argomentazione era logica.	His argument was logical.	52fd68ad-a76e-5647-ad64-e30088fa20ea	33	25
Qualunque commento è il benvenuto.	Any comments are welcome.	9b6af588-227b-5f19-934f-5e3b82e43bee	34	25
Rimarremo il più a lungo possibile.	We'll stay as long as possible.	549df184-f279-5561-807b-73c2587629df	35	31
Noi rimarremo il più a lungo possibile.	We'll stay as long as possible.	2d4a593c-1c62-5900-a600-689e04f9eba4	39	31
Resteremo il più a lungo possibile.	We'll stay as long as possible.	22e285a2-4fc2-58d4-b2fa-9b69e00cb6c8	35	31
Noi resteremo il più a lungo possibile.	We'll stay as long as possible.	e35d448d-3a0a-5e62-a123-f583d6f79eeb	39	31
Ogni essere umano può essere un cadavere.	Any human can be a dead body.	f3b63f31-97f9-5f19-acfd-651e9882b82a	41	29
Tom pensa che questo posto sia infestato.	Tom thinks this place is haunted.	e2cadb7a-c2a8-5fcd-9b4b-d2831dd516e9	41	33
Tom è partito con riluttanza.	Tom reluctantly left.	86930df0-252a-51a4-af93-064aadbfd24e	29	21
Tom partì con riluttanza.	Tom reluctantly left.	9bc5e580-2ead-5ce8-a74a-1533ab697b48	25	21
Tom se n'è andato con riluttanza.	Tom reluctantly left.	accb0b01-d25e-561e-9b5c-426193a8ed0f	33	21
Tom se ne andò con riluttanza.	Tom reluctantly left.	f8bfaf78-63ee-5eda-aff1-99133645a28e	30	21
Tom pensava che fosse strano.	Tom thought it was strange.	aa6198be-fa92-5f14-9132-e7c1f6aeed9a	29	27
Tom pensava che fosse strana.	Tom thought it was strange.	5602e15b-159e-5ed3-bf5b-31fecb399afe	29	27
Non sarei dovuto andare a casa di Tom.	I shouldn't have gone to Tom's house.	599578b4-f9ce-5987-9a16-a74f5980c4a8	38	37
Io non sarei dovuto andare a casa di Tom.	I shouldn't have gone to Tom's house.	a8529119-668d-5d70-922e-8442c99805f7	41	37
Non sarei dovuta andare a casa di Tom.	I shouldn't have gone to Tom's house.	bca9c563-22c0-569a-b2d1-b94180d74aa3	38	37
Io non sarei dovuta andare a casa di Tom.	I shouldn't have gone to Tom's house.	c5383f08-589f-52eb-86f4-2068171b98fe	41	37
C'è una signora che sta chiedendo di te.	There's a lady asking for you.	df80a023-c412-5ec8-82d1-a0efe727289b	40	30
C'è una signora che sta chiedendo di voi.	There's a lady asking for you.	aff2e2ad-0b58-5387-a9c1-f2d121b2deeb	41	30
C'è una signora che sta chiedendo di lei.	There's a lady asking for you.	47d96963-ae59-5a48-8f29-85dc63b06b33	41	30
Disprezzava suo marito.	She despised her husband.	7ce98fda-a094-53de-855f-02eef816aa4d	23	25
Lei disprezzava suo marito.	She despised her husband.	53b1e9f1-0e7a-5142-a8ad-002735bcc886	27	25
Il mio vicino è gentile.	My neighbor is nice.	81b09091-d27a-5bd1-afb4-3b03c0a7a63d	24	20
La mia vicina è gentile.	My neighbor is nice.	17c9d6ce-4819-5088-a288-690708282631	24	20
L'hard disk è stato completamente distrutto.	The hard disk was completely destroyed.	7988efe4-5624-5a0d-bee7-5628a96be5eb	44	39
L'hard disk era completamente distrutto.	The hard disk was completely destroyed.	f29345f3-27dc-5f74-9215-db83e5e1f5e8	40	39
Ho riempito un vaso d'acqua.	I filled a vase with water.	9df1686f-a387-5d8d-814d-1f2b0e7d3cb7	28	27
Io ho riempito un vaso d'acqua.	I filled a vase with water.	ac2cd191-4e01-5ce6-8fad-8720bbd5eacf	31	27
Ho riempito un vaso di acqua.	I filled a vase with water.	7d9f3e6a-2f30-590d-bd3f-2f614d589fdb	29	27
Io ho riempito un vaso di acqua.	I filled a vase with water.	cf46c994-c753-51a2-9073-68e0118be314	32	27
Dov'è la sorgente di questo fiume?	Where is the source of this river?	66293661-e082-54ac-b028-3b784984c441	34	34
Questo è un regalo.	This is a gift.	b30b1f76-f461-574f-84e5-21f90d2dbaab	19	15
Ho chiesto a Tom cosa voleva per Natale.	I asked Tom what he wanted for Christmas.	d0ff73f7-576d-5003-9e76-4901fafde025	40	41
Ho chiesto a Tom che cosa voleva per Natale.	I asked Tom what he wanted for Christmas.	bd83973b-92ae-5d66-9dd5-9c5110784d33	44	41
Chiesi a Tom cosa voleva per Natale.	I asked Tom what he wanted for Christmas.	c0c5bc07-58cc-547f-aed9-bd24e6d09963	36	41
Chiesi a Tom che cosa voleva per Natale.	I asked Tom what he wanted for Christmas.	e6551ade-d5f5-54f4-9a97-49aafa15fe88	40	41
Non sono proprio sicuro.	I'm not really sure.	2f40d3b1-80b6-5e83-be93-6eeff7097768	24	20
Io non sono proprio sicuro.	I'm not really sure.	b99436a0-7d0b-54d9-96d1-56bfdb974096	27	20
Non sono proprio sicura.	I'm not really sure.	894cb598-b023-587e-87cf-315c4c537546	24	20
Io non sono proprio sicura.	I'm not really sure.	d679cb02-6ba5-5612-8d28-db1e01e3de88	27	20
Mia madre non mi lasciò indossare una minigonna.	My mother didn't let me wear a miniskirt.	bb62aba2-7c38-58f4-ae50-7f2615b2acae	48	41
Abbandonano i loro figli.	They abandon their children.	55ea28bc-c59b-522c-a7eb-185e9038ce9b	25	28
È troppo giovane per capire.	He's too young to understand.	89b345ae-ebe0-5037-b1e1-82a69e198965	28	29
Lui è troppo giovane per capire.	He's too young to understand.	8b5122a8-01b4-5b80-9fe5-334e9c8d9975	32	29
Lei è troppo giovane per capire.	She's too young to understand.	ebd240bd-a5ab-5856-a3f0-86c29003401f	32	30
Questa birra è per voi.	This beer is for you.	7d548888-0bb1-509a-91a1-10349f65cc90	23	21
Questa birra è per lei.	This beer is for you.	4227f687-76de-58a5-9765-79bf0cda5e66	23	21
È probabile che Tom verrà.	It's likely that Tom will come.	6c0bdabe-597a-5817-9923-972f4d9e485c	26	31
Voglio che ritorni a Boston.	I want you to return to Boston.	19e3a01a-d9d3-5c8d-97f3-8504abfa0778	28	31
Voglio che ritorniate a Boston.	I want you to return to Boston.	95376ce2-cb06-5cb2-8662-440ca7e8f193	31	31
Voglio che tu ritorni a Boston.	I want you to return to Boston.	5843b8c9-f79e-5b94-8f59-ca61920f3033	31	31
Voglio che lei ritorni a Boston.	I want you to return to Boston.	08306d6c-c7b2-56bf-9b86-e1a4f259949b	32	31
Voglio che voi ritorniate a Boston.	I want you to return to Boston.	d287a769-a986-5e96-bcac-582f974d61b7	35	31
Tom fu rifiutato.	Tom was turned down.	ca49ed7d-6525-544b-8397-05f80cd59f21	17	20
Questo pezzo di pane è piccolo.	This loaf of bread is small.	6d6537b0-cf08-58fe-9a96-908aeff62019	31	28
Questo pagnotta è piccola.	This loaf of bread is small.	e264d7a6-3a1f-5fa8-ae8f-17bcd2d3278f	26	28
Tom ci ha ringraziati per il nostro aiuto.	Tom thanked us for our help.	beef6714-9239-501f-984b-8573ea32ba77	42	28
Tom ci ha ringraziate per il nostro aiuto.	Tom thanked us for our help.	ed94686b-0e24-50a9-bad0-793baa09ad2c	42	28
Tom ci ringraziò per il nostro aiuto.	Tom thanked us for our help.	b8e0ea47-4005-505a-b14e-bdb01e66ebb7	37	28
Odio fare questa roba!	I hate doing this stuff!	95f8b53a-3165-5010-8201-1ca1d5dbb90a	22	24
Io odio fare questa roba!	I hate doing this stuff!	1f60dc90-3501-5dd8-9c3a-81eaccec7c39	25	24
Tom non arriva mai in orario.	Tom never arrives on time.	18375e5c-fee7-544b-ab8c-9f247e98b04a	29	26
Tom non arriva mai puntuale.	Tom never arrives on time.	805021cc-8102-589e-8155-25bc5ae678ef	28	26
Non ho mai provato.	I've never tried.	fed470f1-cf74-50cd-9019-e640e2a671fe	19	17
Io non ho mai provato.	I've never tried.	423a694b-bd2c-53cb-bf40-409236c13998	22	17
Voglio essere davvero un bravo insegnante.	I really want to be a good teacher.	0448ee27-40e8-5a18-b3a8-2905bf36d8dd	42	35
Io voglio essere davvero un bravo insegnante.	I really want to be a good teacher.	628fae24-4a11-58d8-9622-162814f851ff	45	35
Voglio essere veramente un bravo insegnante.	I really want to be a good teacher.	8363be00-5d3c-54e5-ae49-434a2c118fa9	44	35
Io voglio essere veramente un bravo insegnante.	I really want to be a good teacher.	f6bde537-4f40-5099-8b97-9cfab7d082e1	47	35
Voglio essere veramente una brava insegnante.	I really want to be a good teacher.	fa00d28e-c502-5256-9bfc-5dd2a5722708	45	35
Io voglio essere veramente una brava insegnante.	I really want to be a good teacher.	58d0d112-7176-538d-ae7f-09b6c785dffe	48	35
Voglio essere davvero una brava insegnante.	I really want to be a good teacher.	1d2509ea-ca68-5500-a20b-05dd2385e8f3	43	35
Io voglio essere davvero una brava insegnante.	I really want to be a good teacher.	84be2eae-9ad9-5abf-aad1-9835660f1b4a	46	35
Voglio essere davvero un bravo professore.	I really want to be a good teacher.	b587f92a-2e68-5148-991a-430af3672d38	42	35
Io voglio essere davvero un bravo professore.	I really want to be a good teacher.	969cfa0c-3079-532a-83ba-42f277103dd4	45	35
Voglio essere veramente un bravo professore.	I really want to be a good teacher.	1a20ce79-48c4-5766-a162-2aac8efa5478	44	35
Io voglio essere veramente un bravo professore.	I really want to be a good teacher.	8fb66641-ba19-5213-92b8-c061d9003089	47	35
Voglio essere veramente una brava professoressa.	I really want to be a good teacher.	a5e5ca15-9fb3-537a-908c-2f0c580ebbea	48	35
Voglio essere davvero una brava professoressa.	I really want to be a good teacher.	49d919ad-a5d4-5dd5-861a-0bb91b9eebbf	46	35
Io voglio essere davvero una brava professoressa.	I really want to be a good teacher.	f655813d-1a7b-5908-be43-f0cb5755dd75	49	35
Il padre del mio amico è un famoso scrittore.	My friend's father is a famous novelist.	89d09d65-1941-5716-a972-de7f71b37c74	45	40
Il padre della mia amica è un famoso scrittore.	My friend's father is a famous novelist.	ef090e55-2782-5eb7-a677-50568fc86ae0	47	40
Il padre del mio amico è uno scrittore famoso.	My friend's father is a famous novelist.	7f590581-a9f4-5c30-9bcc-6387430842d1	46	40
Il padre della mia amica è uno scrittore famoso.	My friend's father is a famous novelist.	ad7d8864-d1e4-5721-8408-8f31a81c126b	48	40
Tornerò al lavoro domani.	I'll go back to work tomorrow.	79d215c2-1529-5d2a-8842-f74f62617206	25	30
Io tornerò al lavoro domani.	I'll go back to work tomorrow.	ab688d7c-af75-5e09-a617-0b0819d8c0ee	28	30
Tornerò a lavorare domani.	I'll go back to work tomorrow.	27b827eb-2c8e-565e-a342-f90da94dea1e	26	30
Io tornerò a lavorare domani.	I'll go back to work tomorrow.	ae519133-9fa7-5842-807a-f2182b097ae4	29	30
Tom è alto, vero?	Tom is tall, isn't he?	c2df5314-897e-58e8-a276-0d4478aea7f7	17	22
Che tipo di regalo vuoi?	What kind of gift do you want?	2b32400f-f248-5b32-8cb3-b9b05af00387	24	30
Che tipo di regalo vuole?	What kind of gift do you want?	38f08fff-2c4d-5788-b804-fcd1c6feb48d	25	30
Che tipo di regalo volete?	What kind of gift do you want?	5345f8d4-1430-5bb3-8b17-83e43d059ef6	26	30
Lui è distratto.	He is distracted.	ca67b30d-5c13-510c-bf6d-f3a0f5440933	16	17
È distratto.	He is distracted.	96a49f33-bac3-541b-bd65-0d14f00f6d28	12	17
È sbadato.	He's absent-minded.	02934fe1-439a-53a9-bae2-5d3a24145f37	10	19
Lui è sbadato.	He's absent-minded.	7754b06b-b3b2-5aa2-aee1-a47347cd32d5	14	19
Devo scambiare due parole con Tom.	I need a word with Tom.	b0359b61-b101-519b-8858-dea5b3d3136a	34	23
Io devo scambiare due parole con Tom.	I need a word with Tom.	db12b6c2-e7cf-5880-856b-f53231e009cb	37	23
Ho bisogno di scambiare due parole con Tom.	I need a word with Tom.	0a589f2c-785f-5b05-ad1f-55143b17fc95	43	23
Io ho bisogno di scambiare due parole con Tom.	I need a word with Tom.	471b2e6d-0efd-51b2-a656-34284b47dd89	46	23
Li hai battuti, vero?	You beat them, didn't you?	2c77d182-faed-5ed9-a70d-8b0176df6a09	21	26
Tu li hai battuti, vero?	You beat them, didn't you?	abf8325c-5386-5801-8588-baea5a86da0d	24	26
Li ha battuti, vero?	You beat them, didn't you?	9adf7a58-e3b4-5e5b-a49d-966a92305482	20	26
Lei li ha battuti, vero?	You beat them, didn't you?	1039f252-3da9-51ef-86e8-0b5d6468d9e3	24	26
Li avete battuti, vero?	You beat them, didn't you?	63dbe9b3-2c15-5ecd-8df8-d69c8c92c503	23	26
Voi li avete battuti, vero?	You beat them, didn't you?	123ea3be-5dab-50a6-8e0a-dff9949a3532	27	26
Le hai battute, vero?	You beat them, didn't you?	c89e2d00-9727-53c4-8df0-a4624da1396d	21	26
Tu le hai battute, vero?	You beat them, didn't you?	63d157a5-8295-55a0-9c19-36164690fd05	24	26
Le ha battute, vero?	You beat them, didn't you?	4c14fe76-f6c1-5606-8714-0e9bd7d822a3	20	26
Lei le ha battute, vero?	You beat them, didn't you?	d9550fe2-6ed9-5150-a103-8d11e9b76a4b	24	26
Le avete battute, vero?	You beat them, didn't you?	1f2dc6ed-007c-5d26-9077-996d8bb7dd3b	23	26
Voi le avete battute, vero?	You beat them, didn't you?	6cd2679f-57b3-5f7f-82c2-0fab5127fe79	27	26
Li hai picchiati, vero?	You beat them, didn't you?	397bbbe2-0310-5d3f-be9c-2f80c86c9ea5	23	26
Tu li hai picchiati, vero?	You beat them, didn't you?	04470b85-01f7-5b56-b7ed-3a25d3e8bc12	26	26
Li ha picchiati, vero?	You beat them, didn't you?	c9562a0f-d1eb-524c-baac-f8fee731eb12	22	26
Lei li ha picchiati, vero?	You beat them, didn't you?	c44516b1-d621-5ce4-a517-4edc4ee4a509	26	26
Li avete picchiati, vero?	You beat them, didn't you?	b6064879-1b9c-549e-b183-16706fc54215	25	26
Voi li avete picchiati, vero?	You beat them, didn't you?	38a6b699-57ba-5ddd-b5ff-7fe9d344b6eb	29	26
Le hai picchiate, vero?	You beat them, didn't you?	9fd049c2-0762-58c5-8618-efb28c5b88d1	23	26
Tu le hai picchiate, vero?	You beat them, didn't you?	51c0cdcd-7a94-55eb-a22a-d3178ab27827	26	26
Le ha picchiate, vero?	You beat them, didn't you?	57d3a51b-fd7f-51fc-8043-5002ce3175f2	22	26
Lei le ha picchiate, vero?	You beat them, didn't you?	8c785ea8-e4f8-5037-9959-862b430be1ef	26	26
Le avete picchiate, vero?	You beat them, didn't you?	c66d0a6f-77e7-544c-a729-698cebd62611	25	26
Voi le avete picchiate, vero?	You beat them, didn't you?	35c44dac-a15b-5a02-b08e-52117a39ec4b	29	26
Li hai malmenati, vero?	You beat them, didn't you?	d07510f6-32a1-5b0a-a146-39fd7503fa00	23	26
Tu li hai malmenati, vero?	You beat them, didn't you?	9b24130a-cc36-5144-adf6-5eb2d29ae395	26	26
Li ha malmenati, vero?	You beat them, didn't you?	f4c6fd79-117a-5e7c-96d6-0cadebd4075b	22	26
Lei li ha malmenati, vero?	You beat them, didn't you?	73c16ff0-866c-56cd-a964-d29cd6f604c5	26	26
Li avete malmenati, vero?	You beat them, didn't you?	eb8bafba-175d-563d-89fe-b55b187bd198	25	26
Voi li avete malmenati, vero?	You beat them, didn't you?	bc222fdb-563a-58f5-a189-e4626c4ac81a	29	26
Le hai malmenate, vero?	You beat them, didn't you?	f4a5a828-81a9-545d-8532-d19c902983b5	23	26
Tu le hai malmenate, vero?	You beat them, didn't you?	f7fa90de-0163-51c4-b0fc-c0901e9562ae	26	26
Le ha malmenate, vero?	You beat them, didn't you?	49bc964d-d7d1-5753-8f3c-b6a0270bee96	22	26
Lei le ha malmenate, vero?	You beat them, didn't you?	f1afbe03-083e-579b-9111-348d9228aa7c	26	26
Le avete malmenate, vero?	You beat them, didn't you?	d70f32b2-4fdf-5ef6-8492-91447a96e9fb	25	26
Voi le avete malmenate, vero?	You beat them, didn't you?	bb2841a7-b6b6-5e1e-8f36-32558e810fe5	29	26
Ha appena compiuto vent'anni.	She has just turned twenty.	bbae7ea7-8263-5fb7-883a-8a7757c0ad37	29	27
Lei ha appena compiuto vent'anni.	She has just turned twenty.	dc2201ca-0656-526b-9cdd-72c107ad8986	33	27
Li hai sbattuti, vero?	You beat them, didn't you?	1730f4a5-2ccd-5dab-9431-bbf94ae24eb7	22	26
Tu li hai sbattuti, vero?	You beat them, didn't you?	ae9254ae-bbd7-5b07-a2a9-d7e1c6b35ad8	25	26
Li ha sbattuti, vero?	You beat them, didn't you?	41f524d0-4804-5fe7-abef-81b3d3e87ce3	21	26
Lei li ha sbattuti, vero?	You beat them, didn't you?	53719ec5-1723-5f7e-9faa-7e0e5e82df6c	25	26
Li avete sbattuti, vero?	You beat them, didn't you?	bd8591ee-d229-581b-9c6d-eecb15636fef	24	26
Voi li avete sbattuti, vero?	You beat them, didn't you?	509b1586-764d-5105-8309-227731a3d891	28	26
Le hai sbattute, vero?	You beat them, didn't you?	ec68d4fc-f36c-53d3-a5da-f9717d5dacb9	22	26
Tu le hai sbattute, vero?	You beat them, didn't you?	ca20ac35-5083-572b-ad7c-51ee76cf06e9	25	26
Le ha sbattute, vero?	You beat them, didn't you?	79852eae-021a-5fd7-86be-aa466d279de6	21	26
Lei le ha sbattute, vero?	You beat them, didn't you?	7d8cb58f-5981-5844-a222-2585e53bcceb	25	26
Le avete sbattute, vero?	You beat them, didn't you?	796daf15-44b5-583d-90f9-922cbe936559	24	26
Voi le avete sbattute, vero?	You beat them, didn't you?	8ea417e6-3f48-5f44-80c9-01701f1cc2b7	28	26
Li hai sconfitti, vero?	You beat them, didn't you?	b8694072-8948-54ae-9907-966c56fe8e23	23	26
Tu li hai sconfitti, vero?	You beat them, didn't you?	e0070892-c2bf-5413-842a-e3eb43ac01a1	26	26
Li ha sconfitti, vero?	You beat them, didn't you?	c0483712-3487-5859-8fcc-08104507128e	22	26
Lei li ha sconfitti, vero?	You beat them, didn't you?	8657358c-5709-5960-9991-4939e9139563	26	26
Li avete sconfitti, vero?	You beat them, didn't you?	0d35058a-a789-5caf-885a-9054c37e563e	25	26
Voi li avete sconfitti, vero?	You beat them, didn't you?	8821ebbb-d054-5cc1-8daa-6e41589e744d	29	26
Le hai sconfitte, vero?	You beat them, didn't you?	7f4ee555-cef3-59f2-ba25-6cc75b4af13c	23	26
Tu le hai sconfitte, vero?	You beat them, didn't you?	6533f1da-9436-5de6-a925-a808d37cac4f	26	26
Le ha sconfitte, vero?	You beat them, didn't you?	ed3dabca-d52f-5f25-b818-4132a570ff39	22	26
Lei le ha sconfitte, vero?	You beat them, didn't you?	2059396e-d24c-590d-b3c9-736fd0f04cdb	26	26
Le avete sconfitte, vero?	You beat them, didn't you?	c2886938-1f34-5a84-b261-0a7bac4d09ca	25	26
Voi le avete sconfitte, vero?	You beat them, didn't you?	9396f33d-c4c3-5135-8610-412690d92590	29	26
Potrei venire licenziato per questo.	I could get fired for this.	a0d74526-bfc5-5fd0-a57f-a4c06ade9e4b	36	27
Io potrei venire licenziato per questo.	I could get fired for this.	a7c423b9-002d-5671-ab38-b52caf93da47	39	27
Potrei venire licenziata per questo.	I could get fired for this.	8cda2731-c17e-5a83-a118-eb35456ab6bf	36	27
Io potrei venire licenziata per questo.	I could get fired for this.	f4ab18ec-a799-5073-b1c3-0e088a54649d	39	27
Sono stato a casa per potermi riposare.	I stayed home so I could rest.	0ab9db80-afb7-589e-b392-e48f0e25f3bb	39	30
Io sono stato a casa per potermi riposare.	I stayed home so I could rest.	659faeeb-129e-5b87-8393-98df9e1452cf	42	30
Sono stata a casa per potermi riposare.	I stayed home so I could rest.	8820a878-7ba6-5058-8fba-81e244d70496	39	30
Io sono stata a casa per potermi riposare.	I stayed home so I could rest.	0126ed99-3cdb-5c8f-aad5-f2a6da5d71ec	42	30
Sono restata a casa per potermi riposare.	I stayed home so I could rest.	c7c8ce46-e0f0-5ea0-a7a0-e8824089ac1b	41	30
Io sono restata a casa per potermi riposare.	I stayed home so I could rest.	c9939cbb-d1e6-5c2d-a8b1-1b7f8c35cda5	44	30
Sono restato a casa per potermi riposare.	I stayed home so I could rest.	6f726982-2f09-5f4f-9264-e33451b53646	41	30
Io sono restato a casa per potermi riposare.	I stayed home so I could rest.	0f04ee97-9e33-5e51-985b-a91436482702	44	30
Sono rimasto a casa per potermi riposare.	I stayed home so I could rest.	963d7d07-dbee-572c-8f4a-ff01f6788931	41	30
Io sono rimasto a casa per potermi riposare.	I stayed home so I could rest.	70043373-6636-524c-abcb-9ae94fb25e02	44	30
Sono rimasta a casa per potermi riposare.	I stayed home so I could rest.	31752821-68c8-5d10-a882-c0cc469dbacb	41	30
Io sono rimasta a casa per potermi riposare.	I stayed home so I could rest.	5b95c6ac-d55b-56eb-9997-0c86ad97d833	44	30
Ti sparerò contro.	I'll fire at you.	2dcca663-4bd4-561b-8788-7e690b297daf	18	17
Vi sparerò contro.	I'll fire at you.	da5c4940-b899-5768-9ed5-59eafa47749a	18	17
Le sparerò contro.	I'll fire at you.	dbd4fba2-695f-5663-b069-62bb72bf1deb	18	17
Sparerò contro di te.	I'll fire at you.	c252ddfa-0169-5b32-bece-061d66fb1d7d	21	17
Sparerò contro di voi.	I'll fire at you.	4a4d7cda-960f-5852-a6d0-5e96e5e8e171	22	17
Sparerò contro di lei.	I'll fire at you.	016784a6-a747-5c04-b25a-cf385d6d762b	22	17
Tom spense le luci.	Tom flipped off the lights.	1e27e3a6-253e-5dcd-80a2-337b5c915b8f	19	27
Tom ha spento le luci.	Tom flipped off the lights.	764bbe42-cf19-54a7-a93a-eebb80f62bcf	22	27
Lo sapevo che volevi dirmi qualcosa.	I knew you wanted to tell me something.	5ef7fbd8-420f-51fd-a449-bb59d8d14b69	36	39
Io lo sapevo che volevi dirmi qualcosa.	I knew you wanted to tell me something.	e0769fd6-fcb9-599a-9602-885a6a7ce12a	39	39
Lo sapevo che voleva dirmi qualcosa.	I knew you wanted to tell me something.	bb2a07f1-f1a8-530b-a134-909fa44fa22f	36	39
Io lo sapevo che voleva dirmi qualcosa.	I knew you wanted to tell me something.	8c1948b3-29ff-53a3-842c-f2fd360f201e	39	39
Lo sapevo che volevate dirmi qualcosa.	I knew you wanted to tell me something.	7ad52eb7-ef32-52af-925b-ba5a4f38b6a5	38	39
Io lo sapevo che volevate dirmi qualcosa.	I knew you wanted to tell me something.	3c0eae38-9e05-5731-ad3c-f27d720cc2aa	41	39
Tutti amano il suo paese.	Everyone loves his country.	ec9dae85-46f9-5780-9bd8-2ccb37ea30d7	25	27
Qualcuno prenda quell'uomo!	Somebody catch that man!	694f0ebd-d444-5bd1-adfd-a5493800fef8	27	24
Che qualcuno prenda quell'uomo!	Somebody catch that man!	b5b96217-37df-50d3-b473-1e2e31a6ef72	31	24
Non mi piace che mi si menta.	I don't appreciate being lied to.	2a7d3242-0fc0-57be-91aa-34c7bf1720be	29	33
A me non piace che mi si menta.	I don't appreciate being lied to.	fed5c99b-9e32-5d05-babd-cb75b48bcc2b	31	33
Sono annoiato in questo momento.	I'm bored right now.	b4689dfe-f89c-5460-8272-451bd79df8a4	32	20
Io sono annoiato in questo momento.	I'm bored right now.	5865e959-ce97-5949-aab0-5eb47957e817	35	20
Sono annoiata in questo momento.	I'm bored right now.	cb8453d4-d7fe-5744-a80c-56e8eeda942e	32	20
Io sono annoiata in questo momento.	I'm bored right now.	673feb26-8d25-5478-b433-cab1a06c91d2	35	20
Il libro che mi hai dato è molto interessante.	The book you gave me is very interesting.	327b05f0-491b-5975-a76f-3dde9747dc22	46	41
Il libro che mi ha dato è molto interessante.	The book you gave me is very interesting.	40f20369-2420-5e99-9eeb-63aa9c8b0eca	45	41
Il libro che mi avete dato è molto interessante.	The book you gave me is very interesting.	8ffc2c48-4f4a-5056-bef1-f7173f0cc504	48	41
Questo è il momento che stavamo aspettando.	This is the moment we've been waiting for.	2b9dd098-5fcf-5aa7-9067-c9b62f86f688	43	42
Fa davvero male?	Does it really hurt?	0ef73f84-af67-5a35-be23-84d09d7235b6	16	20
Fa veramente male?	Does it really hurt?	0a43a070-1b3f-571c-a71a-e587787e57f2	18	20
L'hai interrogato?	Have you questioned him?	d2e526eb-57d6-5cb2-8770-2f75f067c8ac	18	24
L'ha interrogato?	Have you questioned him?	6f99ef4b-dcf0-535a-899a-e150bb7810c8	17	24
L'avete interrogato?	Have you questioned him?	aa90b32f-003f-52ee-a0ad-678605e4c23d	20	24
L'hai interrogata?	Did you question her?	6c9f092d-24f2-54e7-87e0-60f78f1c8b71	18	21
L'ha interrogata?	Did you question her?	45827097-3db7-534b-b242-f9bbb77f57a9	17	21
L'avete interrogata?	Did you question her?	d7c3f741-47ff-5ab0-aa09-1ff93a0644b9	20	21
Lo hai interrogato?	Have you questioned him?	66cdcee2-4801-5267-84a9-682dd575b829	19	24
Lo ha interrogato?	Have you questioned him?	64d523a4-55e1-5d5f-9d87-e4e43153f534	18	24
Lo avete interrogato?	Have you questioned him?	82dca8c8-bb6e-5ca7-85bc-cf53ec3e78a1	21	24
Questa cosa funziona?	Does this thing work?	dbe67ef5-829b-5b87-8f11-8c3a12e85da3	21	21
Tom mi crede?	Does Tom believe me?	5bce8bdb-1385-534d-be42-8dd3fd6d5fde	13	20
Ero l'unico che sapeva a riguardo.	I was the only one who knew about it.	d61db45c-9dc3-53d6-9c4b-8b84ec57c7b7	34	37
Io ero l'unico che sapeva a riguardo.	I was the only one who knew about it.	d7bb1665-b288-53d3-890f-c237f6f2acdb	37	37
Ero l'unica che sapeva a riguardo.	I was the only one who knew about it.	2167295a-2b18-5e0d-9e1f-eaad2d649cc3	34	37
Io ero l'unica che sapeva a riguardo.	I was the only one who knew about it.	91f072c8-14ee-5b11-ba04-9279e4b80caf	37	37
Hai mai parlato a Tom in francese?	Have you ever spoken to Tom in French?	cc18d995-e0c9-590b-9295-98c31c2528a9	34	38
Tu hai mai parlato a Tom in francese?	Have you ever spoken to Tom in French?	905a1feb-aaf6-5cb5-8c46-e9ca104608b2	37	38
Ha mai parlato a Tom in francese?	Have you ever spoken to Tom in French?	6184afd1-dd8f-5aad-ae11-187b9620fa61	33	38
Lei ha mai parlato a Tom in francese?	Have you ever spoken to Tom in French?	d82da700-c35d-5e94-8e7a-ee14e036d52e	37	38
Avete mai parlato a Tom in francese?	Have you ever spoken to Tom in French?	d706aefe-b55d-5527-a161-8cc8f556bdc0	36	38
Voi avete mai parlato a Tom in francese?	Have you ever spoken to Tom in French?	8cbcd4f9-ba32-58fe-976b-688f55066414	40	38
Tom non sa niente riguardo alla situazione.	Tom knows nothing about the situation.	6012aaba-c8ff-563a-a69e-bcbef6c9dbb2	43	38
Tom non sa nulla riguardo alla situazione.	Tom knows nothing about the situation.	1de8084e-9a78-5c3a-a0b1-ae14e4c7058c	42	38
Sei l'unico che può proteggerli.	You are the only one who can protect them.	f3b56166-24be-5220-926c-f8ee15d33945	32	42
Tu sei l'unico che può proteggerli.	You are the only one who can protect them.	255a001b-97c8-5b3e-bd3a-02969960f73c	35	42
Sei l'unico che può proteggerle.	You are the only one who can protect them.	6baa1d80-1e65-526c-8813-c2dc117c30e6	32	42
Tu sei l'unico che può proteggerle.	You are the only one who can protect them.	a6bfb0db-65d8-5a1c-8431-65179fb53637	35	42
Sei l'unica che può proteggerle.	You are the only one who can protect them.	0ccf5117-bdc6-5365-935e-5b2e6b6ff28d	32	42
Tu sei l'unica che può proteggerle.	You are the only one who can protect them.	19b1f971-0cc6-527b-a7ec-36fbdfd24d73	35	42
Sei l'unica che può proteggerli.	You are the only one who can protect them.	ad08f555-1c87-5380-bf5f-466cfb68e007	32	42
Tu sei l'unica che può proteggerli.	You are the only one who can protect them.	a129e7ad-b2f7-506f-a192-e087a791359b	35	42
È l'unica che può proteggerli.	You are the only one who can protect them.	ed82e31b-d5be-551b-9b46-de577e37bbc3	30	42
Lei è l'unica che può proteggerli.	You are the only one who can protect them.	70bcc464-8957-5250-b08f-c3834a713902	34	42
È l'unica che può proteggerle.	You are the only one who can protect them.	4074a4a4-0ee2-572f-a3c3-d7ecb782468a	30	42
Lei è l'unica che può proteggerle.	You are the only one who can protect them.	4e8e4226-e95e-5dca-94d1-cf48b9002564	34	42
È l'unico che può proteggerle.	You are the only one who can protect them.	a9ba820f-47e1-57bf-801e-8de9a18077d7	30	42
Lei è l'unico che può proteggerle.	You are the only one who can protect them.	abb1737a-a814-5e7f-be66-41a373782771	34	42
È l'unico che può proteggerli.	You are the only one who can protect them.	3dd6a52c-86d4-5114-8f85-77501bd1595a	30	42
Lei è l'unico che può proteggerli.	You are the only one who can protect them.	55d51ce9-9d77-51f4-8aef-702b013c5a78	34	42
È andato al negozio per comprare qualche arancia.	He went to the store to buy some oranges.	984440a8-9d2e-5e16-afe3-fbbb0fb87f9a	49	41
Andò al negozio per comprare qualche arancia.	He went to the store to buy some oranges.	d168ed06-9da9-532b-82b1-eb2eb0a0f5c7	45	41
Lui andò al negozio per comprare qualche arancia.	He went to the store to buy some oranges.	0eefe519-1873-53e4-92c7-bb026098278a	49	41
È un bravo giudice di cavalli.	He is a good judge of horses.	e99ca0eb-6c62-5793-9ec7-1bd91238dca5	30	29
Lui è un bravo giudice di cavalli.	He is a good judge of horses.	942a3c47-19ca-5fe6-910a-ed04305b08eb	34	29
Tom è già stato interrogato dalla polizia.	Tom has already been questioned by the police.	61c37d9a-3f94-52df-9306-3a17e66b5127	42	46
Queste arance hanno un buon sapore.	These oranges taste good.	65ce8b42-f3a5-5e51-9f8e-52cb3f07d842	35	25
Io e Tom vivevamo a Boston.	Tom and I used to live in Boston.	53051b85-94d0-5914-830f-a9216fc35009	27	33
Io e Tom abitavamo a Boston.	Tom and I used to live in Boston.	5b279526-82c2-586c-b214-de4a6f0fc5f8	28	33
Sono andato in biblioteca a leggere un libro.	I went to the library to read a book.	78509cd1-7ebc-5f0d-8848-e29faa6c62ae	45	37
Io sono andato in biblioteca a leggere un libro.	I went to the library to read a book.	3584999f-8ef7-5b4d-a61f-1911c43ceb6c	48	37
Sono andata in biblioteca a leggere un libro.	I went to the library to read a book.	8ffd9f11-a133-56d1-bece-e8b12457a066	45	37
Io sono andata in biblioteca a leggere un libro.	I went to the library to read a book.	73134936-7f6b-5b86-bdcf-2810e7be2d4a	48	37
Andai in biblioteca a leggere un libro.	I went to the library to read a book.	79c93c65-935d-520c-86d2-9769ca7fc578	39	37
Io andai in biblioteca a leggere un libro.	I went to the library to read a book.	3eaa054f-2fef-5210-ba4c-28fd3964adc4	42	37
Sto imparando lo spagnolo.	I am learning Spanish.	8d00e77f-51c5-51d7-b4f0-a4565121e8cb	26	22
Io sto imparando lo spagnolo.	I am learning Spanish.	d5e9b9bd-3d60-5ef5-a5ea-e45b3cbbd464	29	22
Ho un'altra persona in linea.	I have another person on the line.	34fc95a9-858b-5b7d-9532-2f99364ea0cf	29	34
Io ho un'altra persona in linea.	I have another person on the line.	050c217b-29ae-568b-8370-1ca51c34f5ab	32	34
Riesco a vedere il miglioramento.	I can see the improvement.	12091f48-1828-5d4a-a8ee-188667705201	33	26
Io riesco a vedere il miglioramento.	I can see the improvement.	dc819334-9f9a-5475-bce1-9d4e9668d246	36	26
Posso vedere il miglioramento.	I can see the improvement.	c505236c-d508-5105-8ac9-a2736045913f	30	26
Io posso vedere il miglioramento.	I can see the improvement.	306bad2a-5c1a-50f7-9ceb-3af9ba61f7a3	33	26
Tom è piuttosto presuntuoso.	Tom is quite conceited.	be13b07e-f16a-5ccb-86c6-d97468ea5e4a	28	23
Il Primo Ministro ha dato le dimissioni ieri.	The Prime Minister resigned yesterday.	d308a81d-9924-53ea-842d-b5a410d681a9	45	38
C'è dell'acqua fredda?	Is there any cold water?	48c4b84b-29da-54f5-8a36-76d50d81b79a	22	24
Non associatevi con loro.	Don't associate with them.	5f7410a1-2f7b-52fb-9e40-1d132645f7a2	25	26
Non associarti con loro.	Don't associate with them.	fb262133-ae84-565c-a487-b2c323df0ff1	24	26
Non si associ con loro.	Don't associate with them.	4fd4b56d-8986-5c56-b486-3d9a1434afe0	23	26
Non vi associate con loro.	Don't associate with them.	b1eed8ef-c378-58dd-b337-92e2c85865cd	26	26
Non ti associare con loro.	Don't associate with them.	2c3b5cc2-2d4a-59db-b448-cf1f20701190	26	26
Non so se la storia è vera o no.	I don't know whether the story is true or not.	9d2ba80c-73d1-5df4-9b80-cf3ebe93fd52	32	46
Si è lamentato del cibo.	He complained about the food.	aab3946f-9810-579b-a030-5eb7f1f93030	24	29
Lui si è lamentato del cibo.	He complained about the food.	101ac136-8f48-5831-a99a-14f400af7579	28	29
Si lamentò del cibo.	He complained about the food.	6f9d2719-d0e3-5051-8ba0-8e46e2b6594b	20	29
Lui si lamentò del cibo.	He complained about the food.	b7e82092-4a79-5781-8d98-99ffde655243	24	29
Lei si lamenta sempre del cibo.	She's always complaining about the food.	097128e8-975a-523f-a641-ffbcb6d98519	31	40
Si lamenta sempre del cibo.	She's always complaining about the food.	1c4ac4a9-4947-5b8c-bc4a-24e03de02704	27	40
La mia stanza è un casino.	My room is a mess.	4412c788-c918-5f79-8204-8c7c1656e610	26	18
La mia camera è un casino.	My room is a mess.	ebc05ab3-d326-59b9-a914-102981c49dbf	26	18
La mia stanza è un bordello.	My room is a mess.	b75dc8e0-edc0-5cc5-b4d7-56287dbfa6b7	28	18
La mia camera è un bordello.	My room is a mess.	aec7a010-7c9f-5df7-a960-2bb9a5d0d6f5	28	18
Ho distrutto tutte le prove.	I destroyed all the evidence.	f59b639e-b629-57a7-bf21-66be99d0697d	28	29
Io ho distrutto tutte le prove.	I destroyed all the evidence.	3d1f3ec0-784c-5a27-a05e-7544bf53079e	31	29
Distrussi tutte le prove.	I destroyed all the evidence.	6fc00e76-3fe3-5414-819d-801e37e9f32a	25	29
Io distrussi tutte le prove.	I destroyed all the evidence.	99f42e19-2e3b-5dd3-8017-26012c1fad1c	28	29
La risposta è no.	The answer is no.	d451a716-83a2-518f-b738-b32534073a2a	17	17
Tom ce l'ha?	Does Tom have it?	e51f5127-fe78-5f7d-8288-bc4f226a4dc6	12	17
Un giorno ha ventiquattro ore.	A day has twenty-four hours.	232d0b34-1141-55e7-b845-9ad2d4877867	30	28
Questo libro è troppo difficile da capire.	This book is too difficult to understand.	85129705-ef05-5370-9869-b412479dd847	42	41
Questo libro è troppo difficile da leggere.	This book is too difficult to read.	6a8b0b7c-abf8-5922-aae2-5b165d19d7a6	43	35
Questo libro è troppo difficile per me da leggere.	This book is too difficult for me to read.	d3d128f5-26dc-56b9-9271-db70cbaef860	50	42
Questo libro è troppo difficile per te da leggere.	This book is too difficult for you to read.	6b1bdc95-baa3-54b5-a5fe-adf31288bb58	50	43
Mi scusereste tutti?	Would you all excuse me?	036c5a48-2014-5842-a126-c7e4a53fa0f5	20	24
Mi scusereste tutte?	Would you all excuse me?	eb4cd1e9-cf90-5249-aa13-4fafbfc153d6	20	24
Non dimenticatevi l'ombrello.	Don't forget your umbrella.	0c0ca24f-4f13-5af6-8e46-f9ff75f85288	29	27
Non si dimentichi l'ombrello.	Don't forget your umbrella.	36e68d3b-ed75-5890-9b22-57a49cd42f6b	29	27
Non ti dimenticare l'ombrello.	Don't forget your umbrella.	3b62c42b-a73e-544c-ace6-dd1fcd08f205	30	27
Non vi dimenticate l'ombrello.	Don't forget your umbrella.	ba031c98-1d69-5901-8be3-afd85fdbe2f0	30	27
Non scordarti l'ombrello.	Don't forget your umbrella.	b719fd52-c7d4-59f2-87d3-f036567b373e	25	27
Non scordatevi l'ombrello.	Don't forget your umbrella.	1f9788d7-f140-5068-a3ab-150f7b2e89f6	26	27
Non si scordi l'ombrello.	Don't forget your umbrella.	27efa8e6-ad74-58b4-ad30-7e58c952f71f	25	27
Non ti scordare l'ombrello.	Don't forget your umbrella.	91dba9da-8611-5aa7-ba59-b9e1bcac15b5	27	27
Non vi scordate l'ombrello.	Don't forget your umbrella.	af051128-fa59-57a5-a4b4-4fb4000fda9d	27	27
Ci sono molte sette nell'Induismo.	There are many sects in Hinduism.	297003cb-11f5-5140-9810-9b449e34aca8	34	33
Passami quelle forbici.	Hand me those scissors.	e1c0e341-6464-5d69-aa3e-1d49a15ff7c8	23	23
Passatemi quelle forbici.	Hand me those scissors.	5f8645b3-9f40-5d50-8921-f068c25aa873	25	23
Mi passi quelle forbici.	Hand me those scissors.	1129b872-785b-5488-91ed-c9e72a85fcbd	24	23
Questo casinò sta perdendo soldi.	This casino is losing money.	6c5ceb32-88c1-56e3-8356-2cd962200951	33	28
Sono rivali.	They're rivals.	cef9c277-74d1-5565-9766-973dd4425d46	12	15
Loro sono rivali.	They're rivals.	c9fa4c55-7974-5b14-900c-b9e77ef530fc	17	15
Tom aveva le mani sudate e la bocca secca.	Tom's palms were sweaty and his mouth was dry.	37459679-6456-5507-9c19-2edbcffb750b	42	46
Tom aveva le mani sudate e la bocca asciutta.	Tom's palms were sweaty and his mouth was dry.	5f9086c9-439e-5089-b5dd-9b51e85f8a03	45	46
Non dirmi di tacere.	Don't tell me to shut up.	91a3778b-9655-5a69-a20f-b7d198005cdc	20	25
Non ditemi di tacere.	Don't tell me to shut up.	8edf1190-b556-5446-ac99-54549beb4983	21	25
Non mi dica di tacere.	Don't tell me to shut up.	951eb0be-8b06-50e8-a176-549fb8aae489	22	25
Tom non si preoccupò di discutere.	Tom didn't bother to argue.	fba498ba-5a1c-5238-ac3c-e1b44de8bc9d	34	27
Tom non si è preoccupato di discutere.	Tom didn't bother to argue.	a8c8baca-c244-5216-8166-d5b6f7ccbb97	38	27
L'uomo basso indossa un maglione.	The short man wears a sweater.	d6d4d0ab-3de0-57ce-bb78-704127a56a4f	33	30
Non voglio correre rischi.	I don't want to take risks.	ad598508-625e-5d04-88bf-17da93b22fd5	26	27
Io non voglio correre rischi.	I don't want to take risks.	5d33b194-4bdb-5ea7-a668-4dba0e7dbd25	29	27
Staremo qui il più a lungo possibile.	We'll stay here as long as we can.	592666b6-858e-50e0-ac39-da0abee23a0c	37	34
Noi staremo qui il più a lungo possibile.	We'll stay here as long as we can.	b29d1c95-ae32-5ca6-8bd7-fa0aaf2b926e	41	34
Resteremo qui il più a lungo possibile.	We'll stay here as long as we can.	09be8ad8-7228-55a8-8e72-12879ed0967b	39	34
Noi resteremo qui il più a lungo possibile.	We'll stay here as long as we can.	41573053-b52c-5e5f-bb1a-5ed44ad3c7ef	43	34
Rimarremo qui il più a lungo possibile.	We'll stay here as long as we can.	2a7370c7-de11-5aa1-a87b-9b7e5fb9cbfc	39	34
Noi rimarremo qui il più a lungo possibile.	We'll stay here as long as we can.	0bc4ed68-5229-5c2f-beaa-28339fe3e6fd	43	34
Potrebbe essere un grosso problema.	It could be a big problem.	84aa202c-6da8-576d-81da-943b4903ed84	35	26
Lo convincerò a non andare.	I'll convince him not to go.	26913fd6-a029-59eb-9fda-4ee318e6de81	27	28
Io lo convincerò a non andare.	I'll convince him not to go.	d9e67bf0-9d7f-52c7-887e-bb7c966d5401	30	28
Lui non è cosciente della sua maleducazione.	He is unconscious of his bad manners.	5f6f11b2-447e-57db-b6ae-7fc7934c431e	44	37
Non è cosciente della sua maleducazione.	He is unconscious of his bad manners.	851dd899-b6cf-5870-b77e-9613a5bde534	40	37
Lo studente ha ordinato il libro da New York.	The student ordered the book from New York.	8249aa09-00cc-5e79-a0a5-3b3ff86631c5	45	43
Lo studente ordinò il libro da New York.	The student ordered the book from New York.	10fd04b3-8bab-5ce6-b435-6feb8051e988	40	43
La studentessa ha ordinato il libro da New York.	The student ordered the book from New York.	d8f9e9ab-5977-505b-9ac7-86f75c740728	48	43
La studentessa ordinò il libro da New York.	The student ordered the book from New York.	0b8d5427-a0a5-5ecb-a051-69466fc52e9c	43	43
È solo una ferita superficiale.	It's just a flesh wound.	e763efc3-c451-529f-bca3-d9b8a20a86c7	31	24
È soltanto una ferita superficiale.	It's just a flesh wound.	9ae55870-99ed-5feb-9218-9be91f7c330a	35	24
È solamente una ferita superficiale.	It's just a flesh wound.	71fa0551-554a-52f4-b31f-69776bb9a58e	36	24
Non c'è niente di sospetto a riguardo.	There's nothing suspicious about that.	a6d0a45c-bb7c-5f2a-8958-e7e90a1a3efc	38	38
Non c'è nulla di sospetto a riguardo.	There's nothing suspicious about that.	bb7724d8-9e3d-54bb-9d4e-ad359749e1a1	37	38
Tom nuota spesso?	Does Tom swim often?	ed63158e-f045-5fe6-92a8-2f9c77808f23	17	20
Alcune donne non si depilano le gambe.	Some women don't shave their legs.	3a383ba2-0ca7-5ef6-9311-8d9ed28b938c	38	34
Gioca molto bene a scacchi.	He plays chess very well.	c9651576-76b8-5056-b32a-64cfce7bb574	27	25
Lui gioca molto bene a scacchi.	He plays chess very well.	08680384-2e74-5bac-a1a2-bc3486855913	31	25
Stava fissando la sua scollatura.	He was staring at her cleavage.	c743a91a-4408-5e09-b0e0-7308988b4610	33	31
Lui stava fissando la sua scollatura.	He was staring at her cleavage.	1e2caedf-0cdd-5cf7-a34f-a144cd17c724	37	31
Le stava fissando la scollatura.	He was staring at her cleavage.	78d4198b-1fb3-55d4-8a3e-9429a199b04e	32	31
Lui le stava fissando la scollatura.	He was staring at her cleavage.	cfbfc3fc-51d5-5f64-bfce-39ec5bb2a2e1	36	31
Ho mangiato delle quesadillas per colazione.	I ate quesadillas for breakfast.	15bc470f-30ef-5ba4-b94a-cb708fb89e8a	44	32
Io ho mangiato delle quesadillas per colazione.	I ate quesadillas for breakfast.	45d1e478-1680-5d65-8d63-811b56aa5ba1	47	32
Non ha ancora ripreso conoscenza.	He has not yet recovered consciousness.	fea7e37b-0f6f-51f2-b3bb-a578755e46f4	33	39
Lui non ha ancora ripreso conoscenza.	He has not yet recovered consciousness.	c24ff909-7f02-5386-9a50-9959d3594653	37	39
Ho imparato molto su di lei.	I've learned a lot about her.	25008427-14ec-5b77-b68e-91c63ae1a4f3	28	29
Io ho imparato molto su di lei.	I've learned a lot about her.	230e9b4e-9c9b-5207-ace1-bcc7687250bf	31	29
Ho imparato molto su di lui.	I learned a lot about him.	28dd9a2c-80cd-5a29-8002-a0550a7122e9	28	26
Io ho imparato molto su di lui.	I learned a lot about him.	2681aa5f-bea2-5a74-9df5-43c0ea4035b9	31	26
Ho imparato molto su di loro.	I learned a lot about them.	06521e1b-408d-5266-901e-6d40726715a9	29	27
Io ho imparato molto su di loro.	I learned a lot about them.	9511e096-5fb3-5c9e-b811-7ecd4775deb3	32	27
Ho imparato molto su di Tom.	I learned a lot about Tom.	505c9ce9-b4cb-5d6a-b5b9-24c561efd49f	28	26
Io ho imparato molto su di Tom.	I learned a lot about Tom.	5d747e65-9a39-5b45-a321-7f493136dbdd	31	26
Ho imparato molte cose su di Tom.	I've learned a great deal about Tom.	c46f2019-3799-5cd8-81cf-95a9a5f415d9	33	36
Io ho imparato molte cose su di Tom.	I've learned a great deal about Tom.	d92de685-2c98-54f6-94aa-031e9c79fa89	36	36
Ho imparato molto su Boston.	I learned a lot about Boston.	3605ed9d-48d9-5e3a-9e97-5a0cdcb6c8f7	28	29
Io ho imparato molto su Boston.	I learned a lot about Boston.	a3d2cc66-a03b-53c5-99ee-3350ca22e59a	31	29
Ho imparato molto sull'Australia.	I learned a lot about Australia.	43d7a050-7f29-5e7c-8ab2-f23af04cf69b	33	32
Io ho imparato molto sull'Australia.	I learned a lot about Australia.	2ed05720-897d-5231-8743-2d619c192962	36	32
Ho imparato molto sugli autori moderni.	I've learned a lot about modern authors.	f99088bf-5e72-5e26-9439-f2b9661be7a1	39	40
Io ho imparato molto sugli autori moderni.	I've learned a lot about modern authors.	f948a5ff-8841-53e4-8c84-e94741fa8aa2	42	40
Hai ancora molto da imparare sulle relazioni.	You still have a lot to learn about relationships.	522259b3-3db4-5614-9355-6b40f9d577fe	45	50
Tu hai ancora molto da imparare sulle relazioni.	You still have a lot to learn about relationships.	1465c63e-4dbd-5b2c-9b41-dc26c2ac27e9	48	50
Ha ancora molto da imparare sulle relazioni.	You still have a lot to learn about relationships.	a2abc222-ca54-5195-a8fe-e1276af5a088	44	50
Lei ha ancora molto da imparare sulle relazioni.	You still have a lot to learn about relationships.	608ae09f-9788-5ab9-8c81-1ddf57eaa641	48	50
Avete ancora molto da imparare sulle relazioni.	You still have a lot to learn about relationships.	e601ebd6-c63e-557b-97bd-db1aa744c298	47	50
Ho un biglietto in più.	I have an extra ticket.	bb7a5e4d-666e-597f-b016-f67f0690c7d7	23	23
Io ho un biglietto in più.	I have an extra ticket.	317ffb77-83aa-5983-853c-1793b3536f1b	26	23
Tom ha detto che sarebbe stato subito di ritorno.	Tom said he'd be right back.	0c6d23f8-a6bf-5faf-a275-f52fe4750554	49	28
Tom disse che sarebbe stato subito di ritorno.	Tom said he'd be back right away.	e1f5c65d-7a9c-5407-bfda-18dd47c11a6e	46	33
Io penso che Tom sappia perché sono qui.	I think Tom knows why I'm here.	9b5bd98e-9148-52cd-824d-6348fea4da6b	40	31
Tom non è un collezionista di francobolli.	Tom isn't a stamp collector.	cba00c14-f973-58e9-910b-b09c09bcad13	42	28
Il denaro non può compensare la vita.	Money cannot compensate for life.	a778be83-cbff-5a77-9025-184dbd59b094	37	33
I soldi non possono compensare la vita.	Money cannot compensate for life.	1c92264e-e9a1-556c-8921-d4bc686ae122	39	33
L'ordine è stato ripristinato.	Order has been restored.	c6ed0c0d-c18d-5a7f-aca2-2ed8ebd2e30f	30	24
Perché eri a Boston la settimana scorsa?	Why were you in Boston last week?	dbf8a4f8-0e66-5cf3-b32e-230dfc20fdab	40	33
Perché era a Boston la settimana scorsa?	Why were you in Boston last week?	d4319569-1522-530b-88c6-a27c9a1ef09e	40	33
Perché eravate a Boston la settimana scorsa?	Why were you in Boston last week?	abc7ed3b-8974-5a02-b23c-dc6c1d5764f9	44	33
Ti farò una serie di domande.	I'm going to ask you a series of questions.	82d31c57-a77c-5e60-a6c8-615ab8b8309a	29	43
Io ti farò una serie di domande.	I'm going to ask you a series of questions.	904d4300-cd72-5c66-907a-00dfeb238dcc	32	43
Vi farò una serie di domande.	I'm going to ask you a series of questions.	ac745299-cbec-5191-8001-e169a7adad81	29	43
Io vi farò una serie di domande.	I'm going to ask you a series of questions.	8d7f8bd3-898c-5772-9a38-4967f49af736	32	43
Le farò una serie di domande.	I'm going to ask you a series of questions.	bf278d14-a7ca-56b8-a103-0689c47d5675	29	43
Io le farò una serie di domande.	I'm going to ask you a series of questions.	a5106460-b010-5917-b50b-baaf28a76e13	32	43
L'inglese è una lingua.	English is a language.	a659f9fb-edba-59dd-b881-c9dc82e3ee82	23	22
Devi fare come dico io.	You must do as I say.	a7de0ee3-22ce-5cda-9726-6f5224cd16f1	23	21
Tu devi fare come dico io.	You must do as I say.	d96cb7c4-d570-575d-8562-4aeb859530f7	26	21
Deve fare come dico io.	You must do as I say.	589a7d49-0a97-509a-9445-0ebbe1829b7b	23	21
Lei deve fare come dico io.	You must do as I say.	96ea2504-c96d-5344-a5f2-b86f75d0005a	27	21
Dovete fare come dico io.	You must do as I say.	4c03ffdf-4674-556f-b3ee-627645a9d8b7	25	21
Voi dovete fare come dico io.	You must do as I say.	b2b77794-3af2-567a-816e-2f37715bce55	29	21
Stai dicendo che Tom è un ladro?	Are you saying Tom is a thief?	c3e75412-e145-5b4c-9632-971278040895	32	30
Tu stai dicendo che Tom è un ladro?	Are you saying Tom is a thief?	bf46491f-89f2-51d4-a433-6df16d1f372a	35	30
Sta dicendo che Tom è un ladro?	Are you saying Tom is a thief?	41711876-8bc8-5999-9b48-dfe766ad05f2	31	30
Lei sta dicendo che Tom è un ladro?	Are you saying Tom is a thief?	ba17354e-08f8-52d8-928f-ee863ddbd578	35	30
State dicendo che Tom è un ladro?	Are you saying Tom is a thief?	9ec72880-243b-5f08-af64-8386ce082b51	33	30
Voi state dicendo che Tom è un ladro?	Are you saying Tom is a thief?	f8e6cf6b-8b8c-5538-bc82-eb45c7e536d5	37	30
Con chi sei venuto?	Who did you come with?	7e78d94d-6b90-5770-a83b-bd1becf7742b	19	22
Tu con chi sei venuto?	Who did you come with?	963e39ae-a576-52a7-bdd3-6e6758f598ad	22	22
Con chi sei venuta?	Who did you come with?	10bf5a41-8b43-5c07-a815-fb2cca4426eb	19	22
Tu con chi sei venuta?	Who did you come with?	4b1f0f5f-6c0c-5719-9b48-f899f5d242f2	22	22
Con chi è venuto?	Who did you come with?	ec018554-9d31-5d69-8339-d1f90e607c64	17	22
Lei con chi è venuto?	Who did you come with?	769403d4-d320-5bc6-a31b-2512fd68262b	21	22
Con chi è venuta?	Who did you come with?	8712ad4b-a8bb-5d6e-b81c-1499c99224a4	17	22
Lei con chi è venuta?	Who did you come with?	095694f2-03e1-526e-a805-ad8a16e8bcf3	21	22
Con chi siete venuti?	Who did you come with?	c6432807-f2e4-54b8-b622-af9680287155	21	22
Voi con chi siete venuti?	Who did you come with?	517e2aca-f7ff-598c-ba15-0ca3502ee556	25	22
Con chi siete venute?	Who did you come with?	60c4fa19-17e3-5144-bd1b-f463c17980aa	21	22
Voi con chi siete venute?	Who did you come with?	8470fbb5-475c-5d75-a753-f5fa7d662eac	25	22
Non stai provando!	You are not trying!	100d3127-2660-56a5-9191-e86c77ca6cb0	18	19
Tu non stai provando!	You are not trying!	50543fdf-a787-5fa9-a9a4-e9e5e76d96fa	21	19
Non sta provando!	You are not trying!	06d4feca-933f-5ad5-9fb0-34fca91b42b6	17	19
Lei non sta provando!	You are not trying!	853cdd3f-0ae7-52be-8887-863b0453ecfd	21	19
Non state provando!	You are not trying!	d3f43bd7-2cd4-5a65-b8ac-6494dafef8a5	19	19
Voi non state provando!	You are not trying!	7f2a6830-59a0-521d-b515-6105ebece129	23	19
Questo orologio è caro.	This watch is expensive.	4d4364ea-3f23-50ad-9635-b6d320683d64	23	24
Questo orologio è costoso.	This watch is expensive.	06ce82bb-db61-5e7d-afb4-b8cc8d60e4b5	26	24
Questo è troppo costoso!	This is too expensive!	e7a7065d-2fa9-5297-8dbb-1db0489deb43	24	22
Non è migliore di un ladro.	He is no better than a thief.	14e600b4-825e-5f32-a8bd-82216194474d	27	29
Lui non è migliore di un ladro.	He is no better than a thief.	58d0597f-66b0-5594-a040-edfea3093c2b	31	29
Lei non è migliore di un ladro.	She is no better than a thief.	abe545b9-00a5-56a0-a480-559ecfd45ee5	31	30
Quest'orologio è caro.	This watch is expensive.	af94dc72-4091-5531-af8e-9a24d45382b8	22	24
Hai le tue pillole?	Do you have your pills?	9403e76f-d076-584f-95da-ae8370e00cf2	19	23
Ha le sue pillole?	Do you have your pills?	fe951cb3-7d14-5c57-806c-b9ddf5e165c3	18	23
Avete le vostre pillole?	Do you have your pills?	dc7c34ef-1e77-5657-b213-b2bd2c5e7b74	24	23
Dovremmo andare?	Should we go?	0c877a09-5409-52aa-a2c6-381b71c48f84	16	13
Noi dovremmo andare?	Should we go?	2204fb63-1787-5d30-b744-42dc6f6a02a7	20	13
Non disturbarli.	Don't disturb them.	c04bea7f-7509-51d4-afe3-d3489e73a577	16	19
Non disturbarle.	Don't disturb them.	8dc7a7a2-cad8-590e-8d04-67c56a4f3a57	16	19
Non li disturbi.	Don't disturb them.	11332fc6-bf65-5f1e-a235-41701f9de6e1	16	19
Non le disturbi.	Don't disturb them.	b0ded312-3aa5-507f-99ed-30180268159e	16	19
Non disturbateli.	Don't disturb them.	e619d198-5be6-56b9-8eec-126fa3c0381b	17	19
Non disturbatele.	Don't disturb them.	a15ed8c2-07c6-5d51-bc18-b36393feafce	17	19
Non li disturbare.	Don't disturb them.	e1b89f97-6285-5862-8ba6-a4e7f39b5c2a	18	19
Non le disturbare.	Don't disturb them.	0bf775e0-9bbe-57a4-bcd5-ec52f4d01e1d	18	19
Non li disturbate.	Don't disturb them.	d446f167-0376-5b0e-988a-b3e499752ec6	18	19
Non le disturbate.	Don't disturb them.	964bb367-b852-538e-9b8e-b00f26405bad	18	19
Questo non è caro.	This is not expensive.	3e916bdf-0d46-5cfb-8d64-137493f3fd49	18	22
Questo non è costoso.	This is not expensive.	51664653-face-5f5d-a582-a9d347530196	21	22
Questo è piuttosto caro.	This is rather expensive.	8fa1d38a-5e86-50f9-8e3d-c257fd8afca1	24	25
Questo è piuttosto costoso.	This is rather expensive.	8705427f-1e10-54ec-a9ed-969f43473a17	27	25
Questo cavallo è costoso.	This horse is expensive.	84db045d-8243-5ff7-896c-06df6eeeed2c	25	24
Quello è nuovo?	Is that new?	7250b063-ab8c-5ca7-9589-4b04fd4afee8	15	12
Grazie, figlio mio.	Thank you, my child.	1cdc9d7d-cb81-51b5-b2ca-a0a9b80b5252	19	20
Grazie, figlia mia.	Thank you, my child.	644c9ea1-8537-5136-9b76-f258f4dc0ab0	19	20
È qualcosa di nuovo?	Is that something new?	131cc0ec-ab97-54ec-b88a-c93d3c879531	20	22
Quello è il tipo nuovo?	Is that the new guy?	8aa68dd2-5343-5ee3-bbc7-2da5fc007023	23	20
Quello è il tizio nuovo?	Is that the new guy?	597998aa-ea8a-539f-85aa-85dd00d677db	24	20
È una lampada nuova?	Is that a new lamp?	00827810-628f-5646-a3f6-fc22f300236b	20	19
Quella è una lampada nuova?	Is that a new lamp?	ae7ece9e-85fb-559d-8df5-0d99311b9ca7	27	19
Lo so che è sbagliato.	I know it's wrong.	06588375-bc99-5b5e-8943-1e4a8356f2c2	22	18
Lo so che è sbagliata.	I know it's wrong.	da14d3ad-8fa0-511b-8b68-d0bd6910652d	22	18
Non ci sono persone che non desiderano la pace.	There are no people who don't desire peace.	32508584-4a99-5a17-afe4-828202fed674	47	43
Che cosa hai fatto questa estate?	What did you do this summer?	07d76dca-ec15-593d-9019-ec0299d89926	33	28
Tu che cosa hai fatto questa estate?	What did you do this summer?	23e4557e-49ae-5478-bf93-53c71610f22e	36	28
Tu cosa hai fatto questa estate?	What did you do this summer?	38ca9d73-d352-59bd-9f5e-e88a1bbc7b36	32	28
Che cosa ha fatto questa estate?	What did you do this summer?	d9685c37-7c36-506a-8160-cb31599002ca	32	28
Lei che cosa ha fatto questa estate?	What did you do this summer?	c418a15d-cc1e-5313-88c3-967ab090d319	36	28
Cosa ha fatto questa estate?	What did you do this summer?	6b4ecc1c-98a9-57fb-9710-3cc1359f2be9	28	28
Lei cosa ha fatto questa estate?	What did you do this summer?	6f76764e-dfbf-5dc0-a6e5-3eb77bf32189	32	28
Cosa avete fatto questa estate?	What did you do this summer?	cc6cae74-39be-5ce2-8b0a-2694e5e35a13	31	28
Voi cosa avete fatto questa estate?	What did you do this summer?	fc6ec75e-68c0-51ac-a147-965e68bd56b4	35	28
Che cosa avete fatto questa estate?	What did you do this summer?	faf40ebe-2d8d-58fb-8634-f5d6d0381ec5	35	28
Voi che cosa avete fatto questa estate?	What did you do this summer?	390ca830-2741-5fd8-a8ef-9b7fc90ec37e	39	28
Cosa hai fatto questa estate?	What did you do this summer?	227c0397-afd8-51bc-893c-d6eb7aefcaf9	29	28
Tu cosa hai fatto quest'estate?	What did you do this summer?	281fb9c5-81ce-5272-b26e-92fb99c35035	31	28
Cosa ha fatto quest'estate?	What did you do this summer?	91f9b359-4766-58f7-afd3-2fa74f385f8c	27	28
Lei cosa ha fatto quest'estate?	What did you do this summer?	045ac343-b65d-5cd0-a7bd-67a9f3dc662f	31	28
Cosa avete fatto quest'estate?	What did you do this summer?	4daeae46-47a1-5a20-9a09-3ab19ba00075	30	28
Voi cosa avete fatto quest'estate?	What did you do this summer?	2a67e1d0-f885-5ff4-aeb8-db904a6252e9	34	28
Che cosa hai fatto quest'estate?	What did you do this summer?	492d8fef-b187-54b8-ab64-ab80a83a8cab	32	28
Tu che cosa hai fatto quest'estate?	What did you do this summer?	2bc8c369-27b3-532b-bf27-d7024db47713	35	28
Che cosa ha fatto quest'estate?	What did you do this summer?	5378e01c-6b47-5a9d-beb5-63843346e6a6	31	28
Lei che cosa ha fatto quest'estate?	What did you do this summer?	5f509a7f-068e-58df-b7f4-9c608e61a539	35	28
Che cosa avete fatto quest'estate?	What did you do this summer?	80eae32f-d5c4-5a05-ac82-bd1ca586bf6a	34	28
Voi che cosa avete fatto quest'estate?	What did you do this summer?	77f15b0f-b4aa-579c-811b-f687751794dc	38	28
Cosa fai questa estate?	What are you doing this summer?	af8cc2e1-0dbb-51b8-b94c-ef7341c1ad80	23	31
Tu cosa fai questa estate?	What are you doing this summer?	7a7e427b-1a71-549b-8843-463a3e4cf6c7	26	31
Cosa fa questa estate?	What are you doing this summer?	6d7c5a70-08dc-52bd-826f-37e379ae1022	22	31
Lei cosa fa questa estate?	What are you doing this summer?	708f6d47-7e49-5d8a-8001-df26d774fe68	26	31
Cosa fate questa estate?	What are you doing this summer?	9f5d4ab3-8ca4-5ea5-bfed-2808bf6a50d2	24	31
Voi cosa fate questa estate?	What are you doing this summer?	5ec2abb2-9321-520e-a86a-b6c07c1146d7	28	31
Che cosa fai questa estate?	What are you doing this summer?	ded3c2ad-75e0-513a-a4a6-7abc0aa92917	27	31
Tu che cosa fai questa estate?	What are you doing this summer?	7baf3a6b-4b8c-5dd7-99fc-34f0b60c7984	30	31
Che cosa fa questa estate?	What are you doing this summer?	9cc6b016-832f-5c09-8458-f0e332952d7c	26	31
Lei che cosa fa questa estate?	What are you doing this summer?	c26c7151-959b-544f-8aa3-e6129c8e781c	30	31
Che cosa fate questa estate?	What are you doing this summer?	e003ec9a-8f1a-595e-8c2d-addfe5a39007	28	31
Voi che cosa fate questa estate?	What are you doing this summer?	f17d90e6-d071-5ca2-9b1b-a5fbcc69068d	32	31
Cosa fai quest'estate?	What are you doing this summer?	b41fcc16-eaaa-5c5b-8d3c-800ebcf76173	22	31
Tu cosa fai quest'estate?	What are you doing this summer?	a534b4a8-4a64-54c0-be65-f3d6362008f9	25	31
Cosa fa quest'estate?	What are you doing this summer?	cf614a84-8bea-5ec8-9081-b2a86b627def	21	31
Lei cosa fa quest'estate?	What are you doing this summer?	93355a69-52ac-54bc-b2f1-d5aac6dc441e	25	31
Cosa fate quest'estate?	What are you doing this summer?	5ec25569-16f0-5408-a68f-2d03d66041d0	23	31
Voi cosa fate quest'estate?	What are you doing this summer?	5dc30c80-7548-5819-b579-cdbd35b5506d	27	31
Che cosa fai quest'estate?	What are you doing this summer?	adf2ab0f-b783-57b5-915b-76e8cca87fc9	26	31
Tu che cosa fai quest'estate?	What are you doing this summer?	d9044c4e-ff96-54ec-a8d2-e27434c85d50	29	31
Che cosa fa quest'estate?	What are you doing this summer?	9c2d7ed6-94e3-583f-936e-f7a133eb7d39	25	31
Lei che cosa fa quest'estate?	What are you doing this summer?	10c93502-264c-57e6-aeee-f1003136fffc	29	31
Che cosa fate quest'estate?	What are you doing this summer?	d533fd03-28ca-5c88-9695-809b5486e7a3	27	31
Voi che cosa fate quest'estate?	What are you doing this summer?	f740720b-9176-5669-ac83-c8dbe58723da	31	31
Non sapevano neanche dove andare.	They didn't even know where to go.	c9e71863-8193-5d5d-adef-e13a0a8a3ddb	33	34
Loro non sapevano neanche dove andare.	They didn't even know where to go.	07e3c32a-8e19-5dc2-bb90-464b15a39517	38	34
Non sapevano nemmeno dove andare.	They didn't even know where to go.	2b5de07f-d07c-5366-ae90-f1252f855021	33	34
Loro non sapevano nemmeno dove andare.	They didn't even know where to go.	fe4bce33-83ce-5b0f-bdaf-bd37adb4f5eb	38	34
Non sapevano neppure dove andare.	They didn't even know where to go.	a7b72970-cc8d-5823-995f-cfb30ba7d454	33	34
Loro non sapevano neppure dove andare.	They didn't even know where to go.	44d33405-27fe-51c6-b8b4-2e7e948d9704	38	34
Cosa farà Tom questa estate?	What will Tom be doing this summer?	c57dfe67-8481-5402-a60f-65600b662961	28	35
Che cosa farà Tom questa estate?	What will Tom be doing this summer?	d8fe2ebe-8d9f-5f5f-b8f4-4c45787b1ee1	32	35
Cosa farà Tom quest'estate?	What will Tom be doing this summer?	fd74861a-b909-5ad9-94b3-f49dacef2f3c	27	35
Che cosa farà Tom quest'estate?	What will Tom be doing this summer?	c0c7f6d6-b1ca-5664-856d-3f8d86316026	31	35
Questa spedizione sarà costosa.	This expedition will be expensive.	58893b65-c1fe-513c-8ba4-56cbfdac8706	31	34
Questo si aggiunge alla spesa.	This adds to the expense.	1b4b5c8b-59f9-5a20-94fb-85588d6aa9da	30	25
Questo appartamento è troppo costoso.	This apartment is too expensive.	0d8bfd28-38e2-5fcf-b9e2-24dce6d95645	37	32
Cosa farai questa estate?	What'll you be doing this summer?	ae3e8ac9-2d7e-57ee-a949-56b4db55f9b1	25	33
Tu cosa farai questa estate?	What'll you be doing this summer?	7983eb76-3e77-55b7-9a44-ea5dbf6a8704	28	33
Cosa farà questa estate?	What'll you be doing this summer?	47488ba9-2d28-5a81-9e47-092fab0faa89	24	33
Lei cosa farà questa estate?	What'll you be doing this summer?	1ff86324-1199-50e9-83e7-eadfb1a59c07	28	33
Cosa farete questa estate?	What'll you be doing this summer?	851cf8f6-f847-5f4c-b0a1-bce5e1e3a371	26	33
Voi cosa farete questa estate?	What'll you be doing this summer?	0e969783-7285-5dfb-8aa9-5d527f40931f	30	33
Che cosa farai questa estate?	What'll you be doing this summer?	27d75126-5362-5815-b46c-a2f347525228	29	33
Tu che cosa farai questa estate?	What'll you be doing this summer?	c22ea4d1-c4ee-5c78-ba3f-e834c8c1c160	32	33
Che cosa farà questa estate?	What'll you be doing this summer?	bbdff24f-6f9b-59ef-82ee-10e97be03266	28	33
Lei che cosa farà questa estate?	What'll you be doing this summer?	f193ffdd-0c86-59a9-a75d-12ca5c7a1e1a	32	33
Che cosa farete questa estate?	What'll you be doing this summer?	71be8c74-7a71-5ff4-b614-dc0b036f1742	30	33
Voi che cosa farete questa estate?	What'll you be doing this summer?	cad407a2-d50d-5470-abec-bf47eec02029	34	33
Cosa farai quest'estate?	What'll you be doing this summer?	39ec9ec6-0115-5ccd-ab91-d4d771ba294c	24	33
Tu cosa farai quest'estate?	What'll you be doing this summer?	a4d2eefe-c484-58a9-9c9f-792677e07b2b	27	33
Cosa farà quest'estate?	What'll you be doing this summer?	3adf6047-8605-5ba2-91cc-c688a7a9abc5	23	33
Lei cosa farà quest'estate?	What'll you be doing this summer?	a6a6e99b-ca35-5668-9ddc-300d0ae88e18	27	33
Cosa farete quest'estate?	What'll you be doing this summer?	16059c32-f953-5de5-a6cb-2be9ac831d3c	25	33
Voi cosa farete quest'estate?	What'll you be doing this summer?	1c43110a-5236-52a1-966a-e317fe04b8d2	29	33
Che cosa farai quest'estate?	What'll you be doing this summer?	9785532c-475a-5226-9519-6a5d10a5bf3f	28	33
Tu che cosa farai quest'estate?	What'll you be doing this summer?	aeea827e-124e-5240-9890-78fc5b25fc5a	31	33
Che cosa farà quest'estate?	What'll you be doing this summer?	6be82323-8b46-5212-ba20-51950b341c36	27	33
Lei che cosa farà quest'estate?	What'll you be doing this summer?	bac89aac-3113-50e3-8d5a-fcc978fac18f	31	33
Che cosa farete quest'estate?	What'll you be doing this summer?	59f935ee-4534-5514-ba0d-e5a8a8dbb075	29	33
Voi che cosa farete quest'estate?	What'll you be doing this summer?	f6c2e861-c1c2-5bb7-9cc6-ec7101f4bbc9	33	33
Cosa faremo questa estate?	What are we going to do this summer?	8a7d8a10-b70e-5727-b848-81546a5cb1ba	26	36
Noi cosa faremo questa estate?	What are we going to do this summer?	20731933-27b5-55bc-974c-333b8c8a6620	30	36
Che cosa faremo questa estate?	What are we going to do this summer?	f73c7036-66b7-58b8-95a0-e8186b92e449	30	36
Noi che cosa faremo questa estate?	What are we going to do this summer?	59f71b9a-2094-5b75-8ee7-c4172cba7a1e	34	36
Cosa faremo quest'estate?	What are we going to do this summer?	ea263ab3-d238-5aa8-a7f0-e094e3470943	25	36
Noi cosa faremo quest'estate?	What are we going to do this summer?	25ad906f-b431-5a9a-96dc-debebbb1ec90	29	36
Che cosa faremo quest'estate?	What are we going to do this summer?	00e45948-b55e-58ec-807a-ba81cf36ebdc	29	36
Noi che cosa faremo quest'estate?	What are we going to do this summer?	c98f916e-aaed-5d21-af20-ed9e36fb0322	33	36
Non sarebbe la prima volta che succede.	It wouldn't be the first time that's happened.	8221b652-07ca-5c0d-ad26-5fb04863be20	39	46
Questa macchina è molto costosa.	This car is very expensive.	32b490d7-13fc-5661-adef-51d35258936d	32	27
Quest'auto è molto costosa.	This car is very expensive.	73aaf618-5ff8-5fe2-8b2e-402296adf200	27	27
Quest'automobile è molto costosa.	This car is very expensive.	23c99ded-65bd-515a-b99a-b573fc186b05	33	27
Mi piace quella camicia viola.	I like that purple shirt.	e686683a-14a7-5da5-af4c-1ff5eef57095	30	25
A me piace quella camicia viola.	I like that purple shirt.	a57db3df-a97a-53a3-b960-64347299528d	32	25
È un complimento.	It's a compliment.	787adece-77f8-56e0-a6f9-3abe015ade66	17	18
Cosa intendi fare questa estate?	What do you plan to do this summer?	2e738e9e-22ae-5b41-a759-120e145d2c28	32	35
Tu cosa intendi fare questa estate?	What do you plan to do this summer?	8facb5c6-77b9-5739-9f80-f1b6ffea2053	35	35
Cosa intende fare questa estate?	What do you plan to do this summer?	e4385938-4130-5985-bb9a-f08708607519	32	35
Lei cosa intende fare questa estate?	What do you plan to do this summer?	e787f3f0-fda7-5bc8-9682-ee0270ad3773	36	35
Cosa intendete fare questa estate?	What do you plan to do this summer?	f84e7551-a870-59af-893d-aada564cb62f	34	35
Voi cosa intendete fare questa estate?	What do you plan to do this summer?	7b4419bf-97a7-52c2-982a-dc42f9b2aba8	38	35
Cosa intendi fare quest'estate?	What do you plan to do this summer?	7a61ae15-cd44-583d-a49c-61420bca50b2	31	35
Tu cosa intendi fare quest'estate?	What do you plan to do this summer?	91f1ed58-be02-5165-9e5c-d30a498c6e21	34	35
Cosa intende fare quest'estate?	What do you plan to do this summer?	cf332d58-b0ba-5b50-bb66-9acf10753b41	31	35
Lei cosa intende fare quest'estate?	What do you plan to do this summer?	68958eed-9224-5657-b308-fbd51151c6d1	35	35
Cosa intendete fare quest'estate?	What do you plan to do this summer?	7233cd22-dc58-5433-927e-bbacb269ae63	33	35
Voi cosa intendete fare quest'estate?	What do you plan to do this summer?	20ba7773-9429-5bec-a26e-ecc852cf0682	37	35
Non ti avevo visto.	I didn't see you.	b455ffef-1941-576a-83d6-05a1bd374780	19	17
Non ti avevo vista.	I didn't see you.	e55954b2-71dd-5a66-8cdc-ae29bdd88739	19	17
Non l'avevo visto.	I didn't see you.	ce30cfd6-96d5-5191-925c-0dbeb377d8c0	18	17
Non l'avevo vista.	I didn't see you.	418358db-9969-5057-be24-008c8217ae60	18	17
Non vi avevo visti.	I didn't see you.	0be49353-29f0-5255-a780-7b126d948fb6	19	17
Non vi avevo viste.	I didn't see you.	7c95002b-e8f0-5817-9f0c-e6f6c360d0d3	19	17
È un'ottima domanda.	That's a great question.	aa1254d3-9387-5a6d-beba-e31352387d13	20	24
Non mi aspettavo di vederti.	I didn't expect to see you.	9ca8112d-878d-5b4a-9fc7-cfecfa5666af	28	27
Io non mi aspettavo di vederti.	I didn't expect to see you.	48046c1c-c765-5ab7-9a6e-db08edfe2488	31	27
Non mi aspettavo di vedervi.	I didn't expect to see you.	8bb8df5e-048e-528e-be07-0df0c60f2960	28	27
Io non mi aspettavo di vedervi.	I didn't expect to see you.	99845e5d-b8c1-57c1-a7ac-3b1db37e993a	31	27
Non mi aspettavo di vederla.	I didn't expect to see you.	d1d02e0e-471b-5eb2-b0f4-016aa67c3593	28	27
Io non mi aspettavo di vederla.	I didn't expect to see you.	11984a52-a399-5870-8d69-042f98b4bb62	31	27
Sta pitturando la sua stanza di bianco.	She's painting her room white.	f4848920-b35f-5043-9ee6-1a8667618921	39	30
Lei sta pitturando la sua stanza di bianco.	She's painting her room white.	cd03c744-2bd7-5173-8b46-da5b0ee9884d	43	30
Sta pitturando la sua camera di bianco.	She's painting her room white.	b45ccb74-e812-55fc-96ad-1cc7c13576d1	39	30
Lei sta pitturando la sua camera di bianco.	She's painting her room white.	3dbd5c79-3dc3-502d-9691-121f05b3cf9f	43	30
Non ero soddisfatto.	I was not pleased.	d51c1507-80ca-50b1-8613-78b85276ac01	20	18
Io non ero soddisfatto.	I was not pleased.	ff60c2f8-b084-5dd3-808e-2ea1fdd56004	23	18
Non ero soddisfatta.	I was not pleased.	cec1bc8d-72d1-54e4-9551-fe773877f348	20	18
Io non ero soddisfatta.	I was not pleased.	d2838cb0-938d-5df5-9d47-022582de8897	23	18
Non ero contento.	I was not pleased.	db28132f-10ac-5799-9b99-56d43f5b6c40	17	18
Io non ero contento.	I was not pleased.	88ad79ab-9c5d-501f-bebe-b086d7a4b2d9	20	18
Non ero contenta.	I was not pleased.	c0056126-fbd9-511c-b735-d21304a5aa1d	17	18
Io non ero contenta.	I was not pleased.	8dcfbc06-5b63-5302-84c3-94b969f80ff7	20	18
Dimmi qualcosa di nuovo.	Tell me something new.	0f5bc55a-47bd-5265-bd23-f3d00b566d5d	24	22
Mi dica qualcosa di nuovo.	Tell me something new.	784956f5-e639-50b0-9614-6dd1ed339359	26	22
Ditemi qualcosa di nuovo.	Tell me something new.	1cbedf3e-15cf-5056-abb9-94766d429cf1	25	22
Dimmi qualcosa su di lui.	Tell me something about him.	b50569e5-d369-5013-911e-91e01dc2ffb5	25	28
Mi dica qualcosa su di lui.	Tell me something about him.	febd51ed-0f4d-565c-becf-de39ecf2bf92	27	28
Ditemi qualcosa su di lui.	Tell me something about him.	fcec26c6-19d5-504d-b3c7-53db1ee04577	26	28
Dimmi qualcosa su di lei.	Tell me something about her.	39e8c015-33bf-52d2-b931-81e4da5ccc84	25	28
Mi dica qualcosa su di lei.	Tell me something about her.	fb348cf9-3e98-5b84-9120-08e8be68d75d	27	28
Ditemi qualcosa su di lei.	Tell me something about her.	f8e68130-6b3b-58fc-8d7c-a423ab4124fd	26	28
Quest'anno Capodanno cade di domenica.	This year New Year's Day falls on Sunday.	36984be6-91ee-5eb8-9eb3-4ab172843015	38	41
Dopo un po' è venuto.	After a while, he came.	7bbaebcc-0842-5de9-a365-c7f7c3c361a4	21	23
Dopo un po' venne.	After a while, he came.	c30fdc9f-2f7e-5ba1-b223-4e767873edbe	18	23
Si aiutano spesso a vicenda.	They often help each other.	cc704673-e90e-50ea-ae63-b1d60f065c5f	28	27
Loro si aiutano spesso a vicenda.	They often help each other.	266e725e-adad-582f-8d87-5636f241621b	33	27
È fiero che suo padre sia ricco.	He is proud of his father being rich.	0fb24de3-203b-56de-88b6-d143574cd4b0	32	37
Lui è fiero che suo padre sia ricco.	He is proud of his father being rich.	9bce76a2-7654-5920-aff7-ed25ea50a368	36	37
È orgoglioso che suo padre sia ricco.	He is proud of his father being rich.	84a205a0-99c6-57cf-aefb-89b982c9034c	37	37
Lui è orgoglioso che suo padre sia ricco.	He is proud of his father being rich.	455b49c9-5091-5cd5-b6cf-c1c10e3fb521	41	37
È cieco come una talpa.	He's as blind as a bat.	60c9221e-e51a-51c6-b18b-e5a3be29c942	23	23
Lui è cieco come una talpa.	He's as blind as a bat.	bf778341-e326-5342-9292-cd9e87cb0379	27	23
Non me l'hai detto.	You didn't tell me.	01deb9b1-bca8-5f45-92dc-95d5150ce297	19	19
Tu non me l'hai detto.	You didn't tell me.	22e47c62-ec83-5971-9a98-93cd6ca148e4	22	19
Non me l'ha detto.	You didn't tell me.	5f737500-6026-5b6d-bc59-c2f4d8f4170c	18	19
Lei non me l'ha detto.	You didn't tell me.	905bfd7b-1e96-59cd-917d-1d622e10be8f	22	19
Non me l'avete detto.	You didn't tell me.	d7ef5ca0-e495-5c42-b156-c675ce60c9b4	21	19
Voi non me l'avete detto.	You didn't tell me.	6822e66f-c73d-567f-bf95-990e6639b62e	25	19
Quelle non sono le mie regole. Sono quelle di Tom.	Those aren't my rules. They're Tom's.	76d3397f-b566-5429-8700-df6c1ea23842	50	37
Mary era la fidanzata di Tom all'epoca.	Mary was Tom's girlfriend at that time.	8f05e6ad-2530-5175-a796-904b96e21301	39	39
Mary era la ragazza di Tom all'epoca.	Mary was Tom's girlfriend at that time.	aa2918c2-df22-5130-851e-8162ffbf7f72	37	39
Mary era la morosa di Tom all'epoca.	Mary was Tom's girlfriend at that time.	6e0caaff-8139-56c7-ba49-eff21b514e07	36	39
È molto lontano?	Is it far away?	9b99d3f0-3437-542d-82f6-e0cee9840c13	16	15
È molto lontana?	Is it far away?	8f4a4be9-349d-5779-9a1c-27a79b2b176c	16	15
Ha risposto rapidamente.	He made a quick response.	b637354d-9e04-5840-bf05-c880dee1e6af	24	25
Lui ha risposto rapidamente.	He made a quick response.	e35ce67a-f2dc-594b-a22e-4f7c9de5db64	28	25
Rispose rapidamente.	He made a quick response.	6dfc295d-70c5-5d78-aa69-96d4ea288fa3	20	25
Lui rispose rapidamente.	He made a quick response.	7d4fa983-987d-59d5-b380-d3073768a82a	24	25
Voglio essere felice.	I want to be happy.	06a4204c-2b1f-5b8d-9826-7651032d1b33	21	19
Io voglio essere felice.	I want to be happy.	f2e1452f-ca13-5b82-a3fc-63cb9bba2e08	24	19
I ragazzi saranno felici.	The boys will be happy.	380b0aac-c1f8-5a67-aa46-dbd7dbb32bcc	25	23
Tom non sembrava essere molto felice.	Tom didn't seem to be very happy.	ad295a5c-e2d4-5be0-b312-a4aad14adfbe	37	33
Sii felice!	Be happy!	8cbafa3f-5015-5ed2-90e9-80c4c4f34c02	11	9
Sia felice!	Be happy!	d28688c1-1501-53c5-9391-80e1907cf284	11	9
Siate felici!	Be happy!	d8bc6696-d767-555a-a5a6-0e7fb91a518a	13	9
Sii felice e basta.	Just be happy.	972343f5-3527-52a5-90d1-5e663397f9ec	19	14
Sia felice e basta.	Just be happy.	ea1f3863-dc49-5712-95fe-dfdc2472a133	19	14
Siate felici e basta.	Just be happy.	ea24edc8-694c-5438-bf5f-46911e59f63a	21	14
Possa tu essere felice.	May you be happy.	ba0f6c8d-8042-5b9c-8024-827f69d48fe6	23	17
Possa lei essere felice.	May you be happy.	cc5b39db-387a-5242-9744-fc34821de911	24	17
Possiate voi essere felici.	May you be happy.	d3b093be-2e31-5f94-b53a-7c6f4255cea1	27	17
Sforzati di essere felice.	Strive to be happy.	310cc2dc-7417-5709-824b-f348e5a176c6	26	19
Sforzatevi di essere felici.	Strive to be happy.	e6c0d73b-191c-5ef2-99ec-00f3aa491a12	28	19
Si sforzi di essere felice.	Strive to be happy.	131457a2-3281-5130-aac3-6dc2ffd44335	27	19
Chi ho offeso ora?	Who have I offended now?	0ccd2cee-3355-55fa-a388-87e2f051b961	18	24
Chi ho offeso adesso?	Who have I offended now?	a154a27b-aed1-51ca-9ddd-fe8a714216df	21	24
Fammi vedere un'altra macchina fotografica.	Show me another camera.	76d4e94b-28fe-58f8-81a0-aa9be6c81464	43	23
Mi faccia vedere un'altra macchina fotografica.	Show me another camera.	fb6d9a66-4780-5b91-8a54-c4bedfb39982	47	23
Fatemi vedere un'altra macchina fotografica.	Show me another camera.	70a482d8-d13e-5718-a8b3-fe03ac44bbc7	44	23
Non amare due persone alla volta.	Don't love two people at the same time.	e13b12a0-1bbb-56f1-9fe3-ff136c455742	33	39
Non amate due persone alla volta.	Don't love two people at the same time.	5c11eae5-d904-5abe-9a73-a50d98f9fdf9	33	39
Non ami due persone alla volta.	Don't love two people at the same time.	36273b70-cc3c-50be-808e-ee697f9115e8	31	39
Farò quello che dovrò fare.	I'll do what I have to.	3ac53eec-fc2e-5b9f-8ef5-23dfde2cbf8b	27	23
Io farò quello che dovrò fare.	I'll do what I have to.	6db16cdf-6b94-5aca-9f0a-c15dfc316759	30	23
Non è facile dire di no a Tom.	Tom isn't easy to say no to.	4fad39a9-4914-5745-8c83-58417b513447	30	28
Non ho più fame.	I'm not hungry anymore.	1d0643ea-67ec-5565-b627-e9e63f63afd3	16	23
Io non ho più fame.	I'm not hungry anymore.	57c00c35-9ff8-5fc3-bc98-333dcd983f79	19	23
I ricchi hanno problemi come i poveri.	The rich have troubles as well as the poor.	57bcb8f5-fbc4-566b-a723-b86ec71275ea	38	43
Spiacente, ma devo lavorare stasera.	Sorry, but I have to work tonight.	cdc9d257-a80d-5de8-a1e2-5d55d12fccaf	36	34
Spiacente, ma devo lavorare questa sera.	Sorry, but I have to work tonight.	0713d3b1-83d9-51cf-b269-de0259662d97	40	34
Tu devi pagare in anticipo.	You have to pay in advance.	4a517e6d-3189-50c8-99c9-b4cf0afccbc0	27	27
Lei deve pagare in anticipo.	You have to pay in advance.	606a744b-19e0-590b-adfd-f09e3fea842f	28	27
Voi dovete pagare in anticipo.	You have to pay in advance.	3759401e-6459-57b0-ba86-17a9d2a463ad	30	27
È un esempio perfetto di destino crudele.	It's a perfect example of cruel fate.	a8f52946-0d9b-55e6-a235-74f4b5927797	41	37
Non sei andato molto lontano.	You didn't get very far.	fc52a649-3842-542b-8a23-052b71f55fab	29	24
Tu non sei andato molto lontano.	You didn't get very far.	568c65de-ae2b-56d3-ae50-2c68a93fe006	32	24
Non sei andata molto lontano.	You didn't get very far.	2a1d1517-7c8a-557e-9ce0-2a6b2d4add50	29	24
Tu non sei andata molto lontano.	You didn't get very far.	a059e158-71cd-5740-becb-fc17634ca5f5	32	24
Non è andata molto lontano.	You didn't get very far.	8bb7454c-b071-50e1-9f6f-d61c8284e781	27	24
Lei non è andata molto lontano.	You didn't get very far.	1590abdb-c976-5125-97a5-841b79ef2554	31	24
Non è andato molto lontano.	You didn't get very far.	5ade4420-3f4a-5413-8fee-8faa984142f8	27	24
Lei non è andato molto lontano.	You didn't get very far.	2f1ff451-4464-5d7b-95d3-ba4ea4dab845	31	24
Non siete andati molto lontano.	You didn't get very far.	d3804eeb-7bc9-53d3-adb1-0e4d58012311	31	24
Voi non siete andati molto lontano.	You didn't get very far.	6e3bd631-16df-5691-9018-a8f4a628ace2	35	24
Non siete andate molto lontano.	You didn't get very far.	01df1659-d91b-5f4e-9d55-8599cbcbf908	31	24
Voi non siete andate molto lontano.	You didn't get very far.	0f8e361c-be0a-5e57-827b-9bc71763b956	35	24
Ho fatto tutto correttamente.	I did everything right.	cdf1f57b-ddca-519e-ad6f-cc8f4c5c50dc	29	23
Io ho fatto tutto correttamente.	I did everything right.	fa3fc711-1e5e-57e0-95d3-1ac13b10dcf4	32	23
Non devi andare.	You don't have to go.	63e3ff4a-10d8-50cd-9b49-2adf9ada9e2e	16	21
Non deve andare.	You don't have to go.	2d429886-ee41-5a40-ab7c-bd07b85802f8	16	21
Non dovete andare.	You don't have to go.	885042c8-ade9-5df8-b865-30317530a01f	18	21
Mi sento così felice quando sono con te.	I feel so happy when I'm with you.	58807765-92b4-54c2-a4e3-3915e72e0acb	40	34
Tom ha detto a Mary la verità.	Tom told Mary the truth.	f1bba402-a318-527d-9b4f-0cb6f6bb975c	30	24
Sto parlando di voi.	I'm talking about you.	e6758083-adc7-520c-98b4-c355d1f5815b	20	22
Non mi sento troppo stanco.	I don't feel too tired.	efb82e7e-16ea-53df-9f5f-0f99f79e8fee	27	23
Io non mi sento troppo stanco.	I don't feel too tired.	13304202-96b4-5fe4-9520-69040e492282	30	23
Non mi sento troppo stanca.	I don't feel too tired.	47fd97cf-6bf8-5243-bfda-9df8bfc333d1	27	23
Io non mi sento troppo stanca.	I don't feel too tired.	df28db84-4be1-52d9-a812-70573c164d15	30	23
È del tutto colpa mia.	It's totally my fault.	d9df04e7-3b54-5593-8909-39f7ee1115e9	22	22
Ecco il tuo ordine.	Here's your order.	e18b7f5c-ca47-55f7-8ca0-a5ae750a6e74	19	18
Ecco il suo ordine.	Here's your order.	3b17792a-01db-5985-a1bc-9112a3427b91	19	18
Ecco il vostro ordine.	Here's your order.	b3be91fa-7c33-5c32-b5bc-84e16b6ce072	22	18
Stai con me.	Stay with me.	444e5c06-a8cb-5d2d-9651-56b19fba03ad	12	13
Stia con me.	Stay with me.	3f12ebc8-7c7e-510d-b60c-b8ecf5032152	12	13
State con me.	Stay with me.	56dd02ad-4234-5f1b-9470-783c2309ad8c	13	13
Resta con me.	Stay with me.	fc786e78-f7cb-57e8-8aec-efd2984cdb15	13	13
Resti con me.	Stay with me.	e5c455fc-ff0a-589a-a171-584f3b4fbc04	13	13
Restate con me.	Stay with me.	f86ac638-26ef-5bde-8ac7-450b14f2fd8a	15	13
Rimani con me.	Stay with me.	63db6fbe-da1f-59ad-acda-daaff1ea4b31	14	13
Rimanete con me.	Stay with me.	35f22e5c-f2af-5a32-9064-72782333cdcb	16	13
Rimanga con me.	Stay with me.	fa86a5b4-fc58-5cad-8381-fe562eb9f9c5	15	13
Tom è stato lasciato indietro?	Was Tom left behind?	0b43a25c-ec1a-520c-adee-c92eaea08550	30	20
Non sono per niente nervoso.	I'm not nervous at all.	31612af6-c523-5c0e-95e0-37749df80964	28	23
Io non sono per niente nervoso.	I'm not nervous at all.	605d5f4d-6581-5945-a4e8-12ccdc3c709f	31	23
Non sono per niente nervosa.	I'm not nervous at all.	6cf5e3e4-cfa5-54c0-99fc-4494f662689c	28	23
Io non sono per niente nervosa.	I'm not nervous at all.	b82a0fbe-0533-53ec-bf90-cd04221924fa	31	23
Non sono per nulla nervosa.	I'm not nervous at all.	8b72c1a9-e9b6-543b-9f3e-da25df6d1564	27	23
Io non sono per nulla nervosa.	I'm not nervous at all.	eb160c37-9733-573b-ba25-f6d9e309107e	30	23
Non sono per nulla nervoso.	I'm not nervous at all.	3ca5cfc7-c855-5bf4-aa61-d8b07846221c	27	23
Io non sono per nulla nervoso.	I'm not nervous at all.	413d89b7-a002-5bb5-a273-619bc45bf506	30	23
Tom e Mary litigavano come cane e gatto.	Tom and Mary fought like cat and dog.	dbb0c14c-e24f-58d1-84ff-68bc8ac040b2	40	37
Il gatto sta dormendo su una sedia.	The cat is sleeping in a chair.	3d0cd2e6-7e38-5477-9843-73cf6d92f50e	35	31
Il cane di Tom ha attaccato Mary.	Tom's dog attacked Mary.	735a512f-0b92-5f74-8158-2da439e4b652	33	24
Il cane di Tom attaccò Mary.	Tom's dog attacked Mary.	efd26d3d-9823-5801-808c-6153c2f76d30	28	24
Vuole qualcosa?	Do you want anything?	51479492-32a5-514d-add8-245f9287f156	15	21
Lei vuole qualcosa?	Do you want anything?	9b241fa6-74e5-5a8c-bb43-a8bd91dbc4b9	19	21
Volete qualcosa?	Do you want anything?	c7ca1f33-52a2-50f3-a148-b7808efd710b	16	21
Voi volete qualcosa?	Do you want anything?	7a249fe4-fb61-551c-8826-701d7a7652bd	20	21
Tu vuoi qualcosa?	Do you want anything?	8bdc9858-3608-534c-8d00-1d7633441be0	17	21
Il mio gatto è felice.	My cat is happy.	f674fc03-ec06-514d-82d5-5087c4222b48	22	16
La mia gatta è felice.	My cat is happy.	863b26f4-f7a8-5125-a2d2-0bc57defc6c5	22	16
I miei piedi sono piccoli paragonati ai suoi.	My feet are small compared to yours.	62806e84-25a4-5720-938f-5bb96404c61e	45	36
I miei piedi sono piccoli paragonati ai vostri.	My feet are small compared to yours.	280f0605-b3bd-51c1-bc57-626d45c3568b	47	36
I miei piedi sono piccoli paragonati ai tuoi.	My feet are small compared to yours.	c4b2deb9-fada-534e-ae81-6061408f7836	45	36
I miei piedi sono piccoli in confronto ai suoi.	My feet are small compared to yours.	5c5f592c-fd51-5643-9de8-9e548cadd857	47	36
I miei piedi sono piccoli in confronto ai vostri.	My feet are small compared to yours.	5cf17f90-1b82-5dff-ad4b-d75f9f3c3be3	49	36
Tom pensa che Mary sia bella.	Tom thinks Mary is beautiful.	a8b01257-8179-5515-a77d-b0690488ecb9	29	29
Andiamo a ubriacarci.	Let's go get drunk.	f524437b-ebc9-5703-9652-60e27d1c028d	21	19
Tom pensa che Mary sia carina.	Tom thinks Mary is cute.	c89328e5-9471-5fc6-9c89-6837657168b5	30	24
Tom pensa che Mary sia graziosa.	Tom thinks Mary is cute.	64bcedac-4fb8-5953-ab47-f527c3de6ccb	32	24
Nessuno si fida di Tom.	No one trusts Tom.	9b900c88-2167-59fa-b498-2be2352026d9	23	18
Tom pensa che Mary sia molto bella.	Tom thinks Mary is very cute.	d2650bb6-277a-5d2a-9214-d49479e44278	35	29
Tom pensa che Mary sia molto carina.	Tom thinks Mary is very cute.	623680a2-e8fe-57b5-9208-13f90539171b	36	29
Tom pensa che Mary sia molto graziosa.	Tom thinks Mary is very cute.	bbed4d82-0417-5311-b0d1-a5fced22bef7	38	29
Tom vuole solo essere tuo amico.	Tom just wants to be your friend.	941c4c39-3c24-55fb-bbf0-dfa26d199360	32	33
Tom vuole solo essere suo amico.	Tom just wants to be your friend.	330ab78a-8533-5521-8090-27eee6da5f20	32	33
Tom vuole solo essere vostro amico.	Tom just wants to be your friend.	214aae5f-bf91-514f-bfea-9d2197164f69	35	33
Tom vuole soltanto essere tuo amico.	Tom just wants to be your friend.	70bf7b7c-27c6-51ed-9318-f090837fe16e	36	33
Tom vuole soltanto essere suo amico.	Tom just wants to be your friend.	369a0e53-83ea-5b25-bd59-52197f719a89	36	33
Tom vuole soltanto essere vostro amico.	Tom just wants to be your friend.	85500824-21d8-5ff3-bc60-9f04a2249f8d	39	33
Tom vuole solamente essere tuo amico.	Tom just wants to be your friend.	abae58f1-8606-564e-8f26-553f8c21050e	37	33
Tom vuole solamente essere suo amico.	Tom just wants to be your friend.	4fd84983-c81a-560b-85ea-09f731626af5	37	33
Tom vuole solamente essere vostro amico.	Tom just wants to be your friend.	bd351b1d-b88a-5818-9485-4cad35a8d815	40	33
Qual è stata la reazione di Tom?	What was Tom's reaction?	211e6536-da75-5715-ae45-8262f341c480	32	24
Quale fu la reazione di Tom?	What was Tom's reaction?	0fe9681f-68fa-5610-8619-7dec45673a96	28	24
Questi sono tuoi, giusto?	These are yours, right?	bbb184c4-8794-5687-ba38-2bacc333b2c9	25	23
Questi sono suoi, giusto?	These are yours, right?	41a3e403-8e0c-502f-a323-203418f6dc87	25	23
Questi sono vostri, giusto?	These are yours, right?	88ac742e-94cf-530c-a577-c828c1128bd4	27	23
Queste sono tue, giusto?	These are yours, right?	6ac1cd4f-971d-5d9b-babd-48fc964739fd	24	23
Queste sono sue, giusto?	These are yours, right?	2cb57353-8cdf-5469-a24f-cc9b878e8922	24	23
Queste sono vostre, giusto?	These are yours, right?	879e48b0-f73d-5bb3-894e-9be37f627855	27	23
È troppo vecchia per te.	She's too old for you.	ffd4fc25-082d-57c6-948f-224df12160c2	24	22
Lei è troppo vecchia per te.	She's too old for you.	22746422-64e6-563c-9bc2-ea75a7428aaf	28	22
È troppo vecchia per voi.	She's too old for you.	9951a263-1b77-58ba-9c77-16dd1edec9b7	25	22
Lei è troppo vecchia per voi.	She's too old for you.	77dcc0f0-8289-5211-aab6-4e73792f47da	29	22
È troppo vecchia per lei.	She's too old for you.	83870075-0afb-501a-8cb2-1ecc7e3a8a4b	25	22
Un pazzo con uno strumento è ancora un pazzo.	A fool with a tool is still a fool.	70ac2a3b-e683-5aa5-bb5c-72c01b4d2a0a	45	35
Non mi è stato detto nulla a riguardo.	I wasn't told a thing about it.	2df58c18-b8d0-5f89-95dc-c0890eee7e8c	38	31
Non mi è stato detto niente a riguardo.	I wasn't told a thing about it.	14e9cd41-b96e-56c4-8a8a-332f5d01012b	39	31
Non guardavo così tanta televisione.	I didn't use to watch so much television.	f27c4b00-e89f-5a5e-b217-3d58e0149d0d	36	41
Io non guardavo così tanta televisione.	I didn't use to watch so much television.	2edb53e2-84ba-5004-a5d5-8244806bfa0e	39	41
L'aereo di Tom si è schiantato.	Tom's plane crashed.	91dafe6e-7423-54a4-96e4-07962564cb30	31	20
L'aereo di Tom si schiantò.	Tom's plane crashed.	1308e0f9-0811-5179-ba05-fb4d3effeff8	27	20
Hai Beethoven?	Do you have Beethoven?	42906e01-c30f-5a63-81e6-d16339873f87	14	22
Tu hai Beethoven?	Do you have Beethoven?	356c062f-8591-5888-b4db-076285f725e8	17	22
Ha Beethoven?	Do you have Beethoven?	e73d9975-568e-5963-92c5-e82440b43198	13	22
Lei ha Beethoven?	Do you have Beethoven?	06a646e3-5805-5687-bd04-c97ff5fed69b	17	22
Avete Beethoven?	Do you have Beethoven?	3ea03178-f5dd-551a-8ec1-5458ea0f58ae	16	22
Voi avete Beethoven?	Do you have Beethoven?	351e55c6-7941-559d-999b-a2eb414a9f4a	20	22
Mi piace il colore verde.	I like the colour green.	4e7ec0e8-27fb-5d5d-a129-eb28cba07408	25	24
A me piace il colore verde.	I like the colour green.	88557750-da28-5813-9016-1a285452e191	27	24
Vuole abbracciarlo.	She wants to hug him.	61851450-dd2f-54da-aa4c-4815d3ed5e9b	19	21
Lei vuole abbracciarlo.	She wants to hug him.	21d367ee-ca05-550e-8b26-ac729da51621	23	21
Hai della musica di Beethoven?	Do you have Beethoven?	5eda8990-724c-5a90-acee-9d6735efe1fc	30	22
Tu hai della musica di Beethoven?	Do you have Beethoven?	05cecee2-4d63-53da-8979-2ed481210c28	33	22
Ha della musica di Beethoven?	Do you have Beethoven?	f0718611-eab9-5aca-8aa6-f49dfe80c26c	29	22
Lei ha della musica di Beethoven?	Do you have Beethoven?	b9ffb540-1206-568d-9e7a-3bc65d71dc36	33	22
Avete della musica di Beethoven?	Do you have Beethoven?	5681ec53-9ec1-573b-b164-bed1a4c94c89	32	22
Voi avete della musica di Beethoven?	Do you have Beethoven?	42261c73-b898-5b39-a131-3483626afaf4	36	22
Smettila di picchiare sulla porta!	Stop beating on the door!	e7348a4f-5d0c-51ab-a2b7-1705bfbef43b	34	25
Smettetela di picchiare sulla porta!	Stop beating on the door!	612af8a6-3e37-5480-96f5-b38777c5e463	36	25
La smetta di picchiare sulla porta!	Stop beating on the door!	6fea341f-78cc-5891-b057-9ede4db0e200	35	25
Piantala di picchiare sulla porta!	Stop beating on the door!	9b892d0c-fc01-5003-931d-3087be9fb68f	34	25
Piantatela di picchiare sulla porta!	Stop beating on the door!	c9eb0a11-b488-537e-9a67-2ae6b8edd36d	36	25
La pianti di picchiare sulla porta!	Stop beating on the door!	95dc75e0-fa44-569e-b02d-9add5052ba7d	35	25
Devo controllare delle cose.	I need to check things out.	6a7966e5-2a54-5597-925a-2a42565a28dc	28	27
Io devo controllare delle cose.	I need to check things out.	2b3e6dcb-3d5a-5778-bcf7-04717efc6d4e	31	27
Mangio spesso degli hot dog.	I often eat hot dogs.	da1f2f6b-f5ec-5ef0-b40d-c19390570460	28	21
Io mangio spesso degli hot dog.	I often eat hot dogs.	4746d861-19d2-5a52-a394-0489f8e0ff62	31	21
Tom non approverà.	Tom won't approve.	1562d209-9798-5808-a4a9-d3cff783a64b	18	18
Si è presentato un'ora più tardi.	He turned up an hour later.	66d02a78-58fd-5d0f-9478-80ea7cbc60e0	33	27
Lui si è presentato un'ora più tardi.	He turned up an hour later.	6594ff5f-5b3c-5229-bdec-92f3fc5da760	37	27
Si presentò un'ora più tardi.	He turned up an hour later.	d88f50ab-a9eb-5af9-a729-a84bd6c0d34b	29	27
Lui si presentò un'ora più tardi.	He turned up an hour later.	ad4c1801-4709-54a3-8f16-35cfd4c5ae5d	33	27
Queste persone sono nostri amici.	These people are our friends.	cafaf7d2-616a-509b-ac84-b4a18032bd9c	33	29
Queste persone sono nostre amiche.	These people are our friends.	161e36eb-e127-53be-abba-d52543f06422	34	29
Posso consigliare un buon avvocato.	I can recommend a good lawyer.	146a5bff-0242-5863-94c2-beec6a79a67a	35	30
Io posso consigliare un buon avvocato.	I can recommend a good lawyer.	180a9f40-c6b7-5edb-b6e4-ad0e59c021c3	38	30
Non ne sono troppo sicuro.	I'm not too sure about that.	ac6b3f40-fa06-5af0-8bda-5328bd4c223b	26	28
Io non ne sono troppo sicuro.	I'm not too sure about that.	684ecfa7-455e-5074-95a2-6e8af86ec048	29	28
Non ne sono troppo sicura.	I'm not too sure about that.	d4cee4c0-b077-554e-97d1-328c600c748f	26	28
Io non ne sono troppo sicura.	I'm not too sure about that.	d73d61ee-d702-53b3-a19e-54c052946e7c	29	28
Non dovremmo scoraggiarci.	We should not lose courage.	1f8335d3-2ebc-5909-bb66-da346940e935	26	27
Noi non dovremmo scoraggiarci.	We should not lose courage.	a4548f6d-f154-5ab0-b9c9-2ea1d4a2905d	30	27
Penso di avere ragione.	I think I'm right.	b12c35ef-6fce-5c00-90d8-8b833de4e5de	23	18
Io penso di avere ragione.	I think I'm right.	d7e1216b-be1d-5ad7-b5ef-6d19cc6a70c0	26	18
A volte dipende dalla fortuna.	Sometimes it depends on luck.	6d84076b-f60d-5be6-8007-4192369946ff	30	29
Mi serve un avvocato.	I need a lawyer.	bd85532d-1711-554a-81bb-b84d2852dbdf	21	16
A me serve un avvocato.	I need a lawyer.	3f2f8556-cc5f-5d4b-bcf5-9b59beb2cf2c	23	16
Voglio un rappresentante legale.	I want an attorney.	49e0ea32-950f-5922-8190-4c739e277a7e	32	19
Io voglio un rappresentante legale.	I want an attorney.	2041b17e-9ee7-5c98-95a1-45a50da38c7a	35	19
Non sono sicuro di volere che Tom lavori per noi.	I'm not sure I want Tom working for us.	48fd80bf-0917-54b2-980f-23dc634a7b8d	49	39
Non sono sicura di volere che Tom lavori per noi.	I'm not sure I want Tom working for us.	19c4dbce-89c0-5742-a515-040d13899799	49	39
Qualcuno potrebbe, per piacere, aprire la porta?	Could somebody please open the door?	7c6d4e7a-968c-5a85-8805-730affc8d9bc	48	36
Qualcuno potrebbe, per favore, aprire la porta?	Could somebody please open the door?	d39fbda2-a6af-5dc5-99e8-0acd6553e3a7	47	36
Tom sta provando a dire qualcosa.	Tom is trying to say something.	2e3b2a78-36fd-5151-af08-30d0f816f7fd	33	31
Tom sta cercando di dire qualcosa.	Tom is trying to say something.	05d61043-077f-59e8-b3b4-fcad19f5f03c	34	31
Perché sei andato lì?	Why did you go there?	d8997464-2e3a-5b15-adec-29a9cef7978e	21	21
Perché sei andata lì?	Why did you go there?	c78cc72c-c6c3-5377-ac87-42cec6ac487a	21	21
Perché è andato lì?	Why did you go there?	03af301f-736b-54ac-97f8-4976f0f49633	19	21
Perché è andata lì?	Why did you go there?	05d0aff7-f109-5423-a878-30d6bb69409f	19	21
Perché siete andati lì?	Why did you go there?	3ce0220d-8dc5-5c81-ad7e-3b1afaf3c102	23	21
Perché siete andate lì?	Why did you go there?	c2611629-072d-511f-a8db-9cb84a339331	23	21
Tremava come una foglia.	She trembled like a leaf.	9230ecf1-b22e-5516-8317-d4311aa39d6d	24	25
Lei tremava come una foglia.	She trembled like a leaf.	87d74f85-19a1-5e3f-a1ef-18eaec46b74e	28	25
Guarda! Un quadrifoglio!	Look! A four-leafed clover!	39e18556-bbd4-5fad-ba5c-fb008f2c1213	24	27
Guardate! Un quadrifoglio!	Look! A four-leafed clover!	b12f06f7-6df5-5b80-bc4f-811a35194a3a	26	27
Guardi! Un quadrifoglio!	Look! A four-leafed clover!	16d60b0a-027a-5db6-8e93-73c76d8b0040	24	27
Non ti amo più.	I no longer love you.	8a1fd176-6fff-5f1c-b8ee-25646eadb715	15	21
Piantala di essere così curioso.	Stop being so curious.	7f74d9a1-27a7-5960-8122-088703d9e4a8	32	22
Piantala di essere così curiosa.	Stop being so curious.	c0d71caf-1264-5db3-9da7-5d5b09b63ce2	32	22
La pianti di essere così curioso.	Stop being so curious.	34f800ab-0bc8-5a63-8295-9fff15774778	33	22
La pianti di essere così curiosa.	Stop being so curious.	8e344f29-2bc4-531a-8ce4-4925f9f29d1b	33	22
Piantatela di essere così curiosi.	Stop being so curious.	a22ce24e-ffac-5da6-abe7-8a48c2a58fb3	34	22
Piantatela di essere così curiose.	Stop being so curious.	ea992c78-692e-57f1-bf81-5936afd7f5f6	34	22
Il latte è acido.	The milk is sour.	3a658507-3f28-5b7d-a4af-d6d88b752fe0	17	17
Tom era timido inizialmente.	Tom was shy at first.	f9643c7f-bfd4-577a-a573-d8521aa3c150	28	21
Noi dobbiamo trovarla.	We need to find her.	ae122cd7-217d-5204-9738-b736972969c5	22	20
Dobbiamo trovare Tom.	We need to find Tom.	98ac5172-eedc-5fc6-afe1-b144a749feb1	21	20
Noi dobbiamo trovare Tom.	We need to find Tom.	0be7ee23-b5df-5fa4-8b8c-9870facfddfa	25	20
Noi dobbiamo trovarlo.	We need to find it.	bde9c301-579c-5ae8-a56d-92216b90638c	22	19
Puoi parlargli.	You may speak to him.	6cb9935e-3231-5d5f-8ead-0ae24805209d	15	21
Può parlargli.	You may speak to him.	30c02dd1-e705-540c-9975-56aa0326f40c	14	21
Potete parlargli.	You may speak to him.	c0356119-563e-55d9-9bfa-5f87a0deb290	17	21
Puoi parlarle.	You can talk to her.	0aabde8f-9e50-5856-b651-010789dfd779	14	20
Può parlarle.	You can talk to her.	fed5d7c2-99fd-5982-be5d-b80d29adf817	13	20
Potete parlarle.	You can talk to her.	a0f4efd9-54db-54e1-a273-bb7032494b03	16	20
Hai perso, arrenditi!	You have lost; give up!	9dd5a613-1694-565d-8f0d-9af90fae1876	21	23
Ha perso, si arrenda!	You have lost; give up!	0fa6de1e-0cf9-58db-b17c-f4ac9ca79474	21	23
Avete perso, arrendetevi!	You have lost; give up!	9edc03f7-740a-54d3-a4e5-18fa074d642d	25	23
Non iniziare a farlo.	Don't start doing that.	82711414-bfb9-52f0-b87d-620257a7448f	21	23
Non iniziate a farlo.	Don't start doing that.	9ebe6891-e4a6-5d46-8f73-034c54f13a4e	21	23
Non inizi a farlo.	Don't start doing that.	2d84ed13-2db0-5b83-95d4-6d4e9ccac5ff	18	23
Non cominciare a farlo.	Don't start doing that.	e367f77e-65a4-5c18-99c2-f64e3d6ef4ed	23	23
Non cominciate a farlo.	Don't start doing that.	8335a862-9fa4-5888-9363-20307e490ac6	23	23
Non cominci a farlo.	Don't start doing that.	c0052cd0-7de8-5e62-ad90-3b51029860f1	20	23
Gli ho detto quello che penso.	I told him what I think.	1d22343e-5b19-545c-bea0-ad9bef68891f	30	24
Io gli ho detto quello che penso.	I told him what I think.	cdc830d7-fb8f-5254-b3d8-b71488eb0ea3	33	24
Le ho detto quello che penso.	I told her what I think.	032b8ef8-f4d2-5c69-bdb2-6babb83c00a6	29	24
Io le ho detto quello che penso.	I told her what I think.	c17e81e6-6e56-5867-b6dc-56f9e77a09f3	32	24
Ho detto a Tom quello che penso.	I told Tom what I think.	0e32e591-cb7b-5125-9a8f-2a96df25c491	32	24
Io ho detto a Tom quello che penso.	I told Tom what I think.	1eb69f65-1150-54ac-848b-0d1d4d2d2e72	35	24
Ti ho detto quello che penso.	I told you what I think.	9ed8aac2-7e44-5456-8278-592e079fce62	29	24
Io ti ho detto quello che penso.	I told you what I think.	5e078dd6-2c48-583b-9c2a-13c13a9a1423	32	24
Vi ho detto quello che penso.	I told you what I think.	d69be80d-9f7a-5834-9d01-6eaf6958a962	29	24
Io vi ho detto quello che penso.	I told you what I think.	c868b4e9-691e-504b-9303-8aaedb796b6d	32	24
Ho detto loro quello che penso.	I told them what I think.	2a68ed7a-4154-5b55-b1cc-26be88723243	31	25
Io ho detto loro quello che penso.	I told them what I think.	496367b3-dbab-5129-8f59-3cdf334a1020	34	25
Gli hai comprato qualcosa?	Did you buy anything for him?	1209288a-e66b-553b-8cc4-84876ef33b44	26	29
Tu gli hai comprato qualcosa?	Did you buy anything for him?	d429275a-0c3f-5a2e-a2c5-7e6c22262a23	29	29
Gli ha comprato qualcosa?	Did you buy anything for him?	4cdb88c5-637b-515e-889e-3872a7f4af42	25	29
Lei gli ha comprato qualcosa?	Did you buy anything for him?	fa88e321-69c3-530a-849c-da2de907c70a	29	29
Gli avete comprato qualcosa?	Did you buy anything for him?	f3de6ff1-73bb-5112-8fbf-98555119ad7f	28	29
Voi gli avete comprato qualcosa?	Did you buy anything for him?	24eee5fa-460a-5d10-a5b4-0130ea87b8fc	32	29
Hai comprato qualcosa per Tom?	Did you buy anything for Tom?	17f9fbe6-6884-5bf0-ada9-a77dec70f683	30	29
Tu hai comprato qualcosa per Tom?	Did you buy anything for Tom?	ae001121-60f8-5d3e-be8b-a6bd87c52759	33	29
Ha comprato qualcosa per Tom?	Did you buy anything for Tom?	827eb240-1986-5171-9909-7302d04da785	29	29
Lei ha comprato qualcosa per Tom?	Did you buy anything for Tom?	29bf12cc-0e09-595a-a1c2-46ecfbb7aab9	33	29
Avete comprato qualcosa per Tom?	Did you buy anything for Tom?	08249ee9-81ed-5ce7-a8a9-dc8f7880c4bd	32	29
Voi avete comprato qualcosa per Tom?	Did you buy anything for Tom?	7cd82102-b9e6-5008-868c-ef28e91ced52	36	29
Hai comprato qualcosa per noi?	Did you buy anything for us?	dc292074-d269-582f-a564-be96a8e605b0	30	28
Tu hai comprato qualcosa per noi?	Did you buy anything for us?	b992b62f-2328-52ca-a7aa-d62e4f9e1b84	33	28
Ha comprato qualcosa per noi?	Did you buy anything for us?	ed8865c1-18a8-52ee-8a0a-626bf5fc6ac7	29	28
Lei ha comprato qualcosa per noi?	Did you buy anything for us?	dfdf5f6f-f47d-5832-8cbf-6781fd70c874	33	28
Avete comprato qualcosa per noi?	Did you buy anything for us?	a83e77a4-f937-5c5b-be2c-58d91b385467	32	28
Voi avete comprato qualcosa per noi?	Did you buy anything for us?	57075145-337f-5154-8aab-f36a820ec590	36	28
Hai comprato qualcosa per loro?	Did you buy anything for them?	b16a8a45-287e-5b46-a586-59f27a518fdd	31	30
Tu hai comprato qualcosa per loro?	Did you buy anything for them?	e1e5ae6d-acd9-51b5-b87b-aa1689e5b8d6	34	30
Ha comprato qualcosa per loro?	Did you buy anything for them?	96f62dbd-8e91-529b-938c-bcb6b0d4749b	30	30
Lei ha comprato qualcosa per loro?	Did you buy anything for them?	0c0ae0a5-b7ae-5d66-b2d1-041b557ea836	34	30
Avete comprato qualcosa per loro?	Did you buy anything for them?	67b2dd0f-c894-5857-be08-88a73526fe7c	33	30
Voi avete comprato qualcosa per loro?	Did you buy anything for them?	b4375f6c-dc26-5933-acf2-f25ca512f748	37	30
Hai comprato qualcosa per me?	Did you buy anything for me?	e1d2738a-60de-5a62-8fe5-d0c313198278	29	28
Tu hai comprato qualcosa per me?	Did you buy anything for me?	e7162ff7-1feb-5e55-aa0f-4bfe82e39814	32	28
Ha comprato qualcosa per me?	Did you buy anything for me?	f0c4235f-9c5b-52a1-a22a-7cb48d1f43ad	28	28
Lei ha comprato qualcosa per me?	Did you buy anything for me?	11621a71-3471-5331-bf62-3d55514e2aa4	32	28
Avete comprato qualcosa per me?	Did you buy anything for me?	b6fa6c80-c6f2-58a9-8a3c-071290de62fd	31	28
Voi avete comprato qualcosa per me?	Did you buy anything for me?	ea6f0f73-5bc7-5ddc-af16-ed4e08e6eab3	35	28
Vorresti andare a fare una passeggiata con me?	Would you like to go for a walk with me?	20ff978b-255b-5068-a499-04d573381670	46	40
Tu vorresti andare a fare una passeggiata con me?	Would you like to go for a walk with me?	b61fcd87-d4ae-5faf-b741-f54246c1bf5f	49	40
Vorreste andare a fare una passeggiata con me?	Would you like to go for a walk with me?	0906cb3b-6550-5392-a8d3-d3e24660e17c	46	40
Voi vorreste andare a fare una passeggiata con me?	Would you like to go for a walk with me?	3f3ee706-f6f4-5859-baa2-008e88e431b9	50	40
Vorrebbe andare a fare una passeggiata con me?	Would you like to go for a walk with me?	c503c71b-5d1d-53c2-ade6-097c4e934a64	46	40
Lei vorrebbe andare a fare una passeggiata con me?	Would you like to go for a walk with me?	cf68132b-8be5-5294-8ebe-597958b09336	50	40
Vorresti fare una passeggiata con me?	Would you like to take a walk with me?	53577a5e-f3b8-55c5-81b9-7c3eec249285	37	38
Tu vorresti fare una passeggiata con me?	Would you like to take a walk with me?	193f69f0-de02-5e62-b435-bfe99b9b4386	40	38
Vorreste fare una passeggiata con me?	Would you like to take a walk with me?	50eb3002-d243-55c2-bd1f-aca0160a738f	37	38
Voi vorreste fare una passeggiata con me?	Would you like to take a walk with me?	e379f61d-01a0-5bae-b4f7-75c8b72ad32e	41	38
Vorrebbe fare una passeggiata con me?	Would you like to take a walk with me?	0b743f63-518e-5e73-a69e-2965910458fd	37	38
Lei vorrebbe fare una passeggiata con me?	Would you like to take a walk with me?	a4664c1c-be19-5fae-8928-bd7cf6244bdd	41	38
Procrastinare è un'arte.	Procrastinating is an art.	3c6ed35e-7dcd-5b02-9690-bbe0cfcfead5	24	26
I bambini di solito ammirano i grandi atleti.	Children usually look up to great athletes.	2ba6d795-88d1-5c81-a37e-ec8881567b00	45	43
Il fidanzato di Yumi è un po' asociale.	Yumi's boyfriend is a bit antisocial.	38a0b200-4199-5d3d-bc17-006e301a00f4	39	37
Il ragazzo di Yumi è un po' asociale.	Yumi's boyfriend is a bit antisocial.	fab8f7bf-7143-58ec-95e8-a06dfc4f0a2a	37	37
Il moroso di Yumi è un po' asociale.	Yumi's boyfriend is a bit antisocial.	6d6b7278-7d1c-514d-8b0f-6528b7f71e7b	36	37
Il cibo biologico di solito è più caro.	Organic food is usually more expensive.	2e67a925-c5f0-55fe-904f-5d5b65dc0527	39	39
Il cibo biologico solitamente è più caro.	Organic food is usually more expensive.	e364ec0d-361d-5264-99eb-fff95641342d	41	39
Le hai comprato qualcosa?	Did you buy anything for her?	4acc87a3-126d-53c1-864a-eae12872c419	25	29
Tu le hai comprato qualcosa?	Did you buy anything for her?	3e4b9216-3ad3-5a54-9ae3-7df65d033b4d	28	29
Le ha comprato qualcosa?	Did you buy anything for her?	f823c61c-483e-5a2a-bb73-faac2641eb3e	24	29
Lei le ha comprato qualcosa?	Did you buy anything for her?	7cdc194a-bf59-555a-9c3a-ad587ae8385a	28	29
Le avete comprato qualcosa?	Did you buy anything for her?	f562809d-f968-5df1-9156-ebcbf86c9458	27	29
Voi le avete comprato qualcosa?	Did you buy anything for her?	c7eee4c2-3e69-5ac9-9fdd-a287953ffc5c	31	29
Hai preso qualcosa per Tom?	Did you get Tom something?	0145c03a-140e-55fa-ab08-20b8adb8a106	27	26
Tu hai preso qualcosa per Tom?	Did you get Tom something?	88943ef9-df60-56c3-b8b4-f5a29c43dce5	30	26
Ha preso qualcosa per Tom?	Did you get Tom something?	a482e253-fe8e-5b29-b9cc-3dfae1fa1f25	26	26
Lei ha preso qualcosa per Tom?	Did you get Tom something?	d824a20c-5f73-51cb-ae3c-89aafa83ce70	30	26
Avete preso qualcosa per Tom?	Did you get Tom something?	f40a0e01-2c3c-58ca-aa49-a4f79eee1ecf	29	26
Voi avete preso qualcosa per Tom?	Did you get Tom something?	916ea0a6-da5b-5388-be11-90849ac48821	33	26
Ci hai preso qualcosa?	Did you get us something?	50b376d5-983e-524c-801c-914ab0c2e3c1	22	25
Tu ci hai preso qualcosa?	Did you get us something?	fa593b61-aa92-56e5-8f8a-df03c7d34690	25	25
Ci ha preso qualcosa?	Did you get us something?	4c144b21-d073-5f04-a25d-5ceaa2485184	21	25
Lei ci ha preso qualcosa?	Did you get us something?	5bbe5cdf-8b4e-5f0f-b781-a6fd2d7976c4	25	25
Ci avete preso qualcosa?	Did you get us something?	86e6e201-df4d-5a09-a471-9a25ead4dd07	24	25
Voi ci avete preso qualcosa?	Did you get us something?	43a574b5-f2d2-5720-8841-c37827bca5cc	28	25
Hai preso qualcosa per noi?	Did you get us something?	eb5d3e51-eeda-5793-a0cd-e1cc8abb419b	27	25
Tu hai preso qualcosa per noi?	Did you get us something?	ead4f8ee-bbc6-5c85-a1cd-74269122a844	30	25
Ha preso qualcosa per noi?	Did you get us something?	fd1912f3-1e2e-59e0-84fa-7e82c190d218	26	25
Lei ha preso qualcosa per noi?	Did you get us something?	c4315fb7-2067-5fa4-aaf2-ca5243f9f812	30	25
Avete preso qualcosa per noi?	Did you get us something?	93bc1093-fdb2-5454-ade8-ea6de17e206e	29	25
Voi avete preso qualcosa per noi?	Did you get us something?	866952a8-dd76-5a00-a9da-2c24e4b5ec3b	33	25
Hai preso qualcosa per loro?	Did you get them something?	62985ae3-2dd1-5ea1-acf7-622fc7265e88	28	27
Tu hai preso qualcosa per loro?	Did you get them something?	0ca84da8-9fca-5e16-a6c6-5d06ae0eb4df	31	27
Ha preso qualcosa per loro?	Did you get them something?	5891eedd-c948-5004-b7ca-f69ea943c506	27	27
Lei ha preso qualcosa per loro?	Did you get them something?	9ab78f07-58cc-57ba-b567-ffdf3e1b0ede	31	27
Avete preso qualcosa per loro?	Did you get them something?	66ee1747-bef9-5d70-b579-a6796b53fbea	30	27
Voi avete preso qualcosa per loro?	Did you get them something?	df8da594-c17e-5088-b868-ba1350c94eea	34	27
Mi serve la mia borsa.	I need my bag.	b8ad3d13-0d29-5950-8604-7f0e150be29e	22	14
A me serve la mia borsa.	I need my bag.	932a52a7-673a-5dba-b3eb-79d4ed39e53c	24	14
Ho bisogno della mia borsa.	I need my bag.	3347a70f-448c-5761-89bb-b3da63382eed	27	14
Io ho bisogno della mia borsa.	I need my bag.	6db97bce-ed70-5ac5-8211-8fc4c052d8a9	30	14
Stiamo ballando.	We're dancing.	f887ce5a-1c0c-5fd0-a9ed-156a20546091	16	14
Noi stiamo ballando.	We're dancing.	cb203511-ac3c-5b11-824c-d76caab51cc7	20	14
Stiamo danzando.	We're dancing.	6f6ca8ff-c89e-53a9-b2b7-3044f70987d3	16	14
Noi stiamo danzando.	We're dancing.	19163ca3-369b-5ca5-aba5-673c4e79382c	20	14
Era sbagliato.	It was wrong.	f93387e4-f26a-5d3d-a2ae-dc4c8fef4200	14	13
Era sbagliata.	It was wrong.	e18d725a-39ba-5819-b428-9d2aca51c075	14	13
Mi hai preso qualcosa?	Did you get me something?	8f44898b-18db-578b-a8a1-da543cf9ff62	22	25
Tu mi hai preso qualcosa?	Did you get me something?	4a60552d-2f9b-50b9-b206-27536c348218	25	25
Mi ha preso qualcosa?	Did you get me something?	c4b1a905-3cf0-586d-9c8b-893d5b74e6c6	21	25
Lei mi ha preso qualcosa?	Did you get me something?	03ba506c-980a-57e4-b9ab-c32785a3c38a	25	25
Mi avete preso qualcosa?	Did you get me something?	38295dce-082e-52eb-b7c9-fc4cfa5cc372	24	25
Voi mi avete preso qualcosa?	Did you get me something?	41c2bf48-a60c-503d-ac74-4e8a9d1e9c29	28	25
Hai preso qualcosa per me?	Did you get me something?	08d5728f-c392-5f0d-8877-96f41f523d08	26	25
Tu hai preso qualcosa per me?	Did you get me something?	db33dc8c-a305-5c3b-9390-34fd022b9048	29	25
Ha preso qualcosa per me?	Did you get me something?	274859b9-0b76-52b6-9a6e-866b35fe9473	25	25
Lei ha preso qualcosa per me?	Did you get me something?	70d54c81-d5b8-5863-a28a-3c96b4fbdc3c	29	25
Avete preso qualcosa per me?	Did you get me something?	d469eb7b-c13b-531d-8945-37960bfbb8b2	28	25
Voi avete preso qualcosa per me?	Did you get me something?	aa635edb-41b2-5328-ab2d-71d5147662a8	32	25
Gli hai preso qualcosa?	Did you get him something?	bfb62a3f-f584-57ae-b4d4-41ff7b32dc7e	23	26
Tu gli hai preso qualcosa?	Did you get him something?	4fcbc4cc-9539-5306-ac17-7b5d24ed4ebc	26	26
Gli ha preso qualcosa?	Did you get him something?	7616b1a9-76d0-5708-8ed7-336d52ab0511	22	26
Lei gli ha preso qualcosa?	Did you get him something?	14476f7b-6e18-587c-92a6-4f146921eee2	26	26
Gli avete preso qualcosa?	Did you get him something?	23ab6a31-38c3-5aee-8981-8741554bc719	25	26
Voi gli avete preso qualcosa?	Did you get him something?	57595444-618b-5c68-88db-338a1bd01e76	29	26
Avete preso qualcosa per lui?	Did you get him something?	745e9c3e-3c8f-58d2-aec5-636b2a8521a5	29	26
Voi avete preso qualcosa per lui?	Did you get him something?	f9535105-c088-5e88-ba62-19d8e608f202	33	26
Hai preso qualcosa per lui?	Did you get him something?	bfb05f4a-f6d2-59fb-a01d-f7903c5b3f69	27	26
Tu hai preso qualcosa per lui?	Did you get him something?	c1b1dac3-aac0-5041-b315-f942c9a2c107	30	26
Ha preso qualcosa per lui?	Did you get him something?	258ef293-7714-55cc-bc11-245833243830	26	26
Lei ha preso qualcosa per lui?	Did you get him something?	b451be99-498f-5328-be86-14bf70a8935d	30	26
Hai preso qualcosa da mangiare?	Did you get something to eat?	8517166b-e1b4-5dd5-9e6b-bca5b970cc6f	31	29
Tu hai preso qualcosa da mangiare?	Did you get something to eat?	b1c558d1-ab98-5179-8e5e-dfcbad36ad2f	34	29
Ha preso qualcosa da mangiare?	Did you get something to eat?	e832e02e-5582-557e-8818-b0294ab5500e	30	29
Lei ha preso qualcosa da mangiare?	Did you get something to eat?	6751a059-e76a-55ed-8ded-c909488f2634	34	29
Avete preso qualcosa da mangiare?	Did you get something to eat?	7f0fce35-a81d-521d-91f6-603410964219	33	29
Voi avete preso qualcosa da mangiare?	Did you get something to eat?	1141e7a7-1cc3-5276-b452-600d9e096419	37	29
Le hai preso qualcosa?	Did you get her something?	e59dd7ff-8041-50a8-873d-a9aa1a483907	22	26
Tu le hai preso qualcosa?	Did you get her something?	072af084-4431-5d92-856f-f566239d1735	25	26
Le ha preso qualcosa?	Did you get her something?	7456a4a7-d401-5ce2-9458-9872e4709c67	21	26
Lei le ha preso qualcosa?	Did you get her something?	b81928e8-f769-56b9-a1b4-588ba7a64245	25	26
Le avete preso qualcosa?	Did you get her something?	dabc208e-7eae-5cba-a87e-b6d810077d9c	24	26
Voi le avete preso qualcosa?	Did you get her something?	a9f2cb08-aef4-5aa2-83af-b6945dbcdee2	28	26
Hai preso qualcosa per lei?	Did you get her something?	35710ef2-40fc-5152-9e0b-bff6a3e39ed7	27	26
Tu hai preso qualcosa per lei?	Did you get her something?	1a31f287-61e7-5f4b-b67d-c546542e6cbb	30	26
Ha preso qualcosa per lei?	Did you get her something?	badbea78-aeb7-54f5-aa0f-e9ff371982e7	26	26
Lei ha preso qualcosa per lei?	Did you get her something?	3f179297-79c1-57f8-abd8-c10b8396d93e	30	26
Avete preso qualcosa per lei?	Did you get her something?	a32e2268-b8a3-50f8-9bea-fc5b52ccd787	29	26
Voi avete preso qualcosa per lei?	Did you get her something?	527a22db-8c69-5acd-8c23-559ee3ce95ee	33	26
Chi è assente è sempre nel torto.	He who is absent is always in the wrong.	99aa7778-4197-5d49-99f3-29a1a8792bb3	33	40
Sai qualcosa su di lei?	Do you know anything about her?	96036a33-b072-5a89-a28d-84b01d5fd348	23	31
Tu sai qualcosa su di lei?	Do you know anything about her?	c4edd6ff-a447-5818-9353-0d76de4b0988	26	31
Sa qualcosa su di lei?	Do you know anything about her?	c44e6037-aa85-5467-b815-0c9298e23b0a	22	31
Sapete qualcosa su di lei?	Do you know anything about her?	7b567813-4708-5697-bc6c-b5fa8a22d4cc	26	31
Voi sapete qualcosa su di lei?	Do you know anything about her?	b6b94bc0-8755-51f9-b1a8-6321aa614441	30	31
I suoi consigli sono sempre molto sensati.	His advice is always very sensible.	b1a710f7-fdf7-5692-ae4f-1d92b9fcd4fe	42	35
Sai leggere in francese?	Can you read French?	1d084afa-e1e5-5138-94df-8d5a1ceb3735	24	20
Tu sai leggere in francese?	Can you read French?	c4388ad4-ffff-536e-90b5-aa55d100ac6f	27	20
Sa leggere in francese?	Can you read French?	2961cb9a-06ee-5413-a76d-fde6edbd8eaa	23	20
Lei sa leggere in francese?	Can you read French?	c985e9bb-2985-5668-a3fe-23d8770f9c61	27	20
Sapete leggere in francese?	Can you read French?	8bf50076-eb01-5281-9727-a5ee2ceb7632	27	20
Voi sapete leggere in francese?	Can you read French?	fb091073-0f9e-5324-8db1-cc29ceb9d0cf	31	20
Mio nonno ci racconta di cose passate.	My grandfather tells us about old things.	5ba64eb4-b2e5-5ff9-93a0-d42a20689206	38	41
Questi aggettivi sono tutti positivi.	These adjectives are all positive.	354b5c67-9f35-5ddf-8119-844e7a48934e	37	34
Non diremo a nessuno di loro.	We won't tell anyone about them.	d7d0fe1d-a03f-5f3a-986d-0bce0d7d5bbc	29	32
Noi non diremo a nessuno di loro.	We won't tell anyone about them.	fd86ddd7-a4ea-5f15-9631-6c9a022271eb	33	32
Tom sa tutto su di noi.	Tom knows all about us.	a20c7af3-ce11-5b39-afc3-48aa36a5c6ac	23	23
Tom sa tutto su di me.	Tom knows all about me.	9e37576d-16ea-5d36-bd40-f4f57b767866	22	23
So tutto su di loro.	I know all about them.	72639fa7-64e1-53fa-82ad-92d59109f2e3	20	22
Io so tutto su di loro.	I know all about them.	26aea9d8-610d-5d9c-9abb-77be50db0098	23	22
Tutti hanno una vita.	Everyone has a life.	eb34da54-321b-5ae9-9c95-64cd99cb7384	21	20
Hanno tutti una vita.	Everyone has a life.	ddbd3e33-29a9-53fc-b353-45a1aae71662	21	20
Non preoccuparti. Non lo dirò a Mary.	Don't worry. I won't tell Mary.	56ae3e21-6fcf-56f2-a97b-1947b9564ec0	37	31
Non si preoccupi. Non lo dirò a Mary.	Don't worry. I won't tell Mary.	3b9b029e-91ea-523f-add9-75236b962ab2	37	31
Non preoccupatevi. Non lo dirò a Mary.	Don't worry. I won't tell Mary.	788f1a8e-7b74-569c-a3a1-5be781d2f876	38	31
È troppo piccolo?	Is it too small?	8f797c9a-9282-52b3-afe0-ba2e4c7f448e	17	16
È troppo piccola?	Is it too small?	51db658d-6952-5435-96b2-60e32ad221c3	17	16
Passeggio tutti i giorni.	I walk every day.	38e44afa-3376-5538-be34-c3b7276e7c4a	25	17
Io passeggio tutti i giorni.	I walk every day.	93b2e7f6-c91a-554e-b147-d10afa22b529	28	17
Passeggio ogni giorno.	I walk every day.	35bbe1f3-7337-5f5c-aa45-7acc3f69c685	22	17
Io passeggio ogni giorno.	I walk every day.	caae266f-8985-5497-adab-ad5fb2c72629	25	17
Spesso viaggio.	I travel often.	c777462a-c540-558a-b3d6-7a3b17e27bb6	15	15
Penso che dovresti andare.	I think you should go.	887a1d18-8aea-5d81-a94a-0d74f8c80302	26	22
Penso che dovreste andare.	I think you should go.	3070798e-edb9-55ef-86f6-40fb5f3eda7a	26	22
Penso che dovrebbe andare.	I think you should go.	5775b232-b3c5-5cb8-b6c6-117b53309b58	26	22
Sii specifico.	Be specific.	b6107aa4-41e8-5767-afbb-6d8dae87b561	14	12
Sii specifica.	Be specific.	3e533d73-b99f-5bed-9578-28dd464d5f97	14	12
Sia specifico.	Be specific.	b5a4e3ed-c4d8-525e-a1b8-cccf4450a58d	14	12
Sia specifica.	Be specific.	9e324cbb-c7ab-5caa-9909-83721cbb84b6	14	12
Siate specifici.	Be specific.	7f48ca7f-721f-5d00-a1a2-b715cf7b244f	16	12
Siate specifiche.	Be specific.	88e7f650-6a01-5dd7-b0ed-15271d201eb6	17	12
Sii preciso.	Be specific.	e32acd67-6efe-58d0-9523-55f88fdf9ba4	12	12
Sii precisa.	Be specific.	d372d9a0-a208-5ecf-b670-5b418cae8783	12	12
Sia preciso.	Be specific.	45eaafe5-77f1-509f-bf9d-95561bd34272	12	12
Sia precisa.	Be specific.	81d8f1dd-e30e-5fef-b25a-0542849d1c08	12	12
Siate precisi.	Be specific.	02da366b-e916-515e-87dc-e3699c245430	14	12
Siate precise.	Be specific.	dc7f0e3e-080d-5e2b-a125-b8b4449ea114	14	12
Partirono tutti.	Everybody left.	733b44f6-3111-5a64-a1a2-aab158ed6b20	16	15
Se ne andarono tutti.	Everybody left.	5fbba6cb-b3a8-5992-a3ef-26c244380c41	21	15
Gemono tutti.	Everybody groans.	075daca4-7e5c-55f7-8eb6-1db54e37ae9e	13	17
È adatta per il lavoro.	She is fit for the job.	e5ebc6f6-5c46-5c7e-8e2f-53e10da5187e	23	23
Lei è adatta per il lavoro.	She is fit for the job.	1b832ebd-12c7-5309-b7f3-e84ca99dee97	27	23
È adatta per l'impiego.	She is fit for the job.	62c76a4f-963a-55a1-b457-da4e716f49c1	23	23
Lei è adatta per l'impiego.	She is fit for the job.	077495bc-16d2-55c5-9728-baf78fbb619d	27	23
Ha sempre vissuto a Otaru.	She has always lived in Otaru.	3d7d722e-bf30-577f-8515-64b4da3a5bfa	26	30
Lei ha sempre vissuto a Otaru.	She has always lived in Otaru.	539dd17e-7c9d-57df-87f2-a0f4e9883fd9	30	30
Pensi che sia un indizio?	Do you think that's a clue?	1c7f510d-1bd1-521a-83b0-0d47f7b3fd99	25	27
Pensa che sia un indizio?	Do you think that's a clue?	afa8ad49-c475-5e72-9ffc-fb80f4b9fe1a	25	27
Pensate che sia un indizio?	Do you think that's a clue?	68a7489a-0978-5a74-90b9-91f2d1eeb587	27	27
La TV è accesa.	The TV's on.	1d022a8f-c2b9-5040-b17e-d2f9c320c3c2	15	12
La televisione è accesa.	The TV's on.	9f06e3ac-ca4e-5d5e-bf09-8c00ab77bf91	24	12
La tivù è accesa.	The TV's on.	c1c46f06-77ce-5509-aaf4-f7d9824e76fb	17	12
Sono così sfortunato!	I'm so unlucky!	16c02b0e-6adf-52b6-84d6-4a688c59687a	21	15
Io sono così sfortunato!	I'm so unlucky!	2156b5a9-fd84-5ff1-a1a5-27bacfb702ac	24	15
Sono così sfortunata!	I'm so unlucky!	86556ea9-cbe8-5274-90f1-0c1576744699	21	15
Io sono così sfortunata!	I'm so unlucky!	1385039d-09b4-5032-b9d1-34b79573918f	24	15
Mi è quasi costato la vita.	It nearly cost me my life.	1fd0e5ed-94e0-5a2a-b126-30533f9f2181	27	26
Mi è quasi costata la vita.	It nearly cost me my life.	88150916-2ce8-5b37-b0c3-a8870440a09b	27	26
Marte ha due lune: Phobos e Deimos.	Mars has two moons: Phobos and Deimos.	fe89c99e-c39d-5b59-9ad7-d326661885ee	35	38
Mio padre viene a casa domani.	My father is coming home tomorrow.	93e348c3-c29b-51c0-8bf0-93c80aab6e1d	30	34
Vorreste un po' di tè?	Would you like to have some tea?	7408ebc0-a1c8-5e07-a50a-4d6c5c43dc0c	22	32
Vorrebbe un po' di tè?	Would you like to have some tea?	abb3d41b-d34c-5821-8f52-2a2f78e09e62	22	32
Vorresti un po' di tè?	Would you like to have some tea?	9d49c832-6e0d-5074-b274-7f1d63d77dfa	22	32
Vorresti bere un po' di tè?	Would you like to drink some tea?	44fc6fd3-44af-5d90-9c96-df0c0066b1a3	27	33
Vorreste bere un po' di tè?	Would you like to drink some tea?	8953abc4-abd6-5461-94a5-c846cd54aed8	27	33
Vorrebbe bere un po' di tè?	Would you like to drink some tea?	4475f939-2488-5a9e-a682-b8e72c87a36d	27	33
Parlare in inglese è molto difficile per me.	Speaking English is very difficult for me.	0c64ffdb-508f-5e04-868a-7c8da181f9f8	44	42
Tom e Mary hanno problemi ad andare d'accordo.	Tom and Mary have trouble getting along.	0709dfd5-763a-5b94-ab87-69a7b1a9d8ad	46	40
Tom e Mary hanno dei problemi ad andare d'accordo.	Tom and Mary have trouble getting along.	dbe1ec96-39c1-5e3a-992d-874031f0e0ba	50	40
Scrivo quasi ogni giorno.	I write almost every day.	37a0de27-772d-573c-aea2-65a86f6cb466	25	25
Io scrivo quasi ogni giorno.	I write almost every day.	179f712f-7e12-5bd5-b553-9d0152c697c6	28	25
Cosa si aspetta Tom?	What does Tom expect?	e814dd1d-fc61-5018-a296-1a937fc8e833	20	21
Che cosa si aspetta Tom?	What does Tom expect?	f5242879-ffb9-56cb-af72-c0200286774e	24	21
È un uomo molto fortunato.	He's a very lucky man.	5c988858-534a-5fd6-bd9e-5fa4e5127c6b	26	22
Lui è un uomo molto fortunato.	He's a very lucky man.	bda9108d-42a9-5948-aa21-29b6e5153e73	30	22
Ti sei sbagliato.	You made a mistake.	737ee63d-0606-586e-9d17-c0851db9d625	17	19
Ti sei sbagliata.	You made a mistake.	adb92cd7-9e38-54fc-9ffd-d73471fed973	17	19
Si è sbagliato.	You made a mistake.	54c37b69-27fa-58f6-b240-8f5a7ed6c2f9	15	19
Si è sbagliata.	You made a mistake.	60cb760c-e3b9-56cd-8df8-8f994e47e560	15	19
Vi siete sbagliati.	You made a mistake.	29231274-9680-5556-aedf-51db0b7acf18	19	19
Vi siete sbagliate.	You made a mistake.	8e7b2479-1fcd-5ebc-80bc-aa5c99f2a0f8	19	19
Non sono stupidi.	They're not stupid.	dcf59377-2313-5612-8960-a15e0908ad1e	17	19
Loro non sono stupidi.	They're not stupid.	c2594859-867e-57bf-a31f-7f378b52d872	22	19
Non sono stupide.	They're not stupid.	d1abc310-ba5a-5ce5-85e1-3dea0b8ebf15	17	19
Loro non sono stupide.	They're not stupid.	f4a59a4c-87f1-5e5e-b497-9e9415a53899	22	19
Mi ricordi Tom.	You remind me of Tom.	8d2e6734-d1f8-52b0-9802-f2c062bb51c8	15	21
Tu mi ricordi Tom.	You remind me of Tom.	7b6d82f1-9611-58d2-9927-9558e0b98686	18	21
Mi ricorda Tom.	You remind me of Tom.	2a7ad830-eeca-500c-9e0f-cb2af6aec384	15	21
Lei mi ricorda Tom.	You remind me of Tom.	a2ec0a73-ff1c-5ede-add3-a892e23813b1	19	21
Ho fatto un buon lavoro.	I have done a good job.	5acaf246-9d40-55cf-9dfa-953b9b7004ac	24	23
Io ho fatto un buon lavoro.	I have done a good job.	f6ca22ad-26bf-5772-b3a1-1bac486a5f2a	27	23
Il suo affetto per Saori non era ricambiato.	His affection for Saori was not reciprocated.	2736da13-5119-55c9-a79e-3db802786555	44	45
Tom non sa sciare.	Tom doesn't know how to ski.	8fcfecc8-3759-5ec7-92b7-71c706c201bd	18	28
Tom non può sciare.	Tom can't ski.	97fc76e3-ee01-5baa-bfcb-0ccb43c33d0f	19	14
Tom non riesce a sciare.	Tom can't ski.	da5f9227-87e4-5d4c-9bef-1f559e76392e	24	14
Ci sono arrivata da sola.	I figured it out alone.	0cfa35e4-c72e-5763-8eed-b34285836595	25	23
Tom sa che la polizia sospetta di lui.	Tom knows the police suspect him.	9392da7a-b3c5-5435-934f-301018628e62	38	33
Tom lo sa che la polizia sospetta di lui.	Tom knows the police suspect him.	ec386520-583b-5f06-9811-78b2f3ff10b8	41	33
Sto chiedendo cosa pensi.	I'm asking what you think.	9aa43828-cce2-5dea-a3b0-c2d3544de5e9	25	26
Sto chiedendo cosa pensa.	I'm asking what you think.	db7dc71b-de5f-59ae-af36-95e48b46fd96	25	26
Sto chiedendo cosa pensate.	I'm asking what you think.	1d2b35f0-ba56-5b25-b791-c979a7d30f60	27	26
Ho una moglie e una famiglia.	I have a wife and family.	f1bb5316-2674-5855-a523-64b4d8e6bb25	29	25
Io ho una moglie e una famiglia.	I have a wife and family.	f940f0f6-a13f-5792-b3ba-af517f8d9f1f	32	25
Come lo facciamo uscire di prigione?	How do we get him out of jail?	d6fb14d1-9483-5405-b563-a2329638ad41	36	30
Prenditi cura di loro.	Take care of them.	def484b6-6099-5efe-b2b1-0742a8245e02	22	18
Prendetevi cura di loro.	Take care of them.	fc9bb0ae-1d80-5ff7-ac1e-e4f147d89a24	24	18
Si prenda cura di loro.	Take care of them.	d2eb131b-cc71-5489-a71d-1773aa191903	23	18
Ti sei scusato con lui?	Did you apologize to him?	745b7ad0-5375-5ac0-9633-373e2fbadcb8	23	25
Ti sei scusata con lui?	Did you apologize to him?	0fbf920d-7c5f-5092-8826-05a0d6058de7	23	25
Si è scusato con lui?	Did you apologize to him?	d931e7f3-1f7a-53f7-a2dd-7ccc3456d04c	21	25
Si è scusata con lui?	Did you apologize to him?	31e7b44d-463b-5bdb-98a2-8f0c016057b7	21	25
Vi siete scusati con lui?	Did you apologize to him?	682895b9-fe94-50e8-8760-26800581baad	25	25
Vi siete scusate con lui?	Did you apologize to him?	a824dec2-b692-5e03-b8db-252ecafb874c	25	25
Ti sei scusato con lei?	Did you apologize to her?	49b63ee0-67bc-5bd8-814f-9beb5a1ea053	23	25
Ti sei scusata con lei?	Did you apologize to her?	be3ab751-6aa8-5ea7-abb6-1caa44bc8a51	23	25
Si è scusato con lei?	Did you apologize to her?	866286bd-f1e9-5f78-b08d-316468b7d6e8	21	25
Si è scusata con lei?	Did you apologize to her?	e9287c1b-ace2-5e81-9eea-c8da23b5f30d	21	25
Vi siete scusati con lei?	Did you apologize to her?	475e1acf-04ba-5014-9384-6715b2fd7678	25	25
Vi siete scusate con lei?	Did you apologize to her?	786a1599-6faa-5dd8-9044-7b0e404c7cbd	25	25
Odio quando succede.	I hate when that happens.	8601af20-47ae-5fea-b9ed-2bc47af12281	20	25
Io odio quando succede.	I hate when that happens.	e24a20b6-f176-5716-b9ee-6f3a94fcacd3	23	25
Noi volevamo farlo immediatamente.	We wanted to do it right away.	a362f9f3-f78e-54f6-a23d-338ea31788aa	34	30
Volevamo farlo immediatamente.	We wanted to do it right away.	d4a1fcb0-9b68-5dbb-a092-de52bb673fda	30	30
L'ho fatto per te.	I did it for you.	6a00ea3c-e9cd-564f-b61e-4a7cce2ee2b6	18	17
Quanti bambini ci sono?	How many children are there?	0aa04759-9f0c-5eb9-bc02-8fd6a0f3d69e	23	28
Quei cavalli sono tuoi.	Those horses are yours.	b90a651b-f875-53b9-98de-b3b8c51f2edf	23	23
Quei cavalli sono suoi.	Those horses are yours.	fb7427a2-e7f1-58b6-b019-0dd98c46d8a0	23	23
Quei cavalli sono vostri.	Those horses are yours.	54a5519e-c410-5d95-a28d-b5477ee2221a	25	23
Quelle sono le tue opzioni.	Those are your options.	50921197-2346-5e0f-bc3b-3b82efc5b637	27	23
Quelle sono le sue opzioni.	Those are your options.	bbbc2b80-bb79-59fa-bb85-a83ad3735597	27	23
Quelle sono le vostre opzioni.	Those are your options.	ee2696a2-2df4-5036-b486-9b4c0fc7e008	30	23
Quelli sono i tuoi nemici.	Those are your enemies.	af316baf-666d-5271-abc5-4ed0b0bd4737	26	23
Quelli sono i suoi nemici.	Those are your enemies.	0b15c864-c824-5038-8aab-9c6fa33cc4f2	26	23
Quelli sono i vostri nemici.	Those are your enemies.	c7ccd4d5-6972-53cf-90b8-b670d8e648a4	28	23
Lasciatemi stare!	Leave me alone!	c63830ad-7197-5644-8e0e-f97cb4280ee9	17	15
Mi lasci stare!	Leave me alone!	35bb3d47-d97e-5f52-a176-5401245980ae	15	15
Non noti niente?	Don't you notice anything?	d20b0f46-d24e-57a5-aa33-e7f2b752a614	16	26
Non noti nulla?	Don't you notice anything?	40515d62-6064-5711-a8d5-b28ab18de388	15	26
Non nota niente?	Don't you notice anything?	c0ce3da3-4d15-5971-abc6-a8cb9206be52	16	26
Non nota nulla?	Don't you notice anything?	1a597c68-b4fb-5275-9548-5c41efe45c0e	15	26
Non notate niente?	Don't you notice anything?	b858f710-9b2c-50b5-ab5d-626856c43033	18	26
Non notate nulla?	Don't you notice anything?	5b3b8e41-b975-554d-b46f-1b76c9c011a3	17	26
Quelli sono i tuoi ordini.	Those are your orders.	9ace9592-ee0e-5a1e-b37e-0b9fe066c8bf	26	22
Quelli sono i suoi ordini.	Those are your orders.	54b012f6-5c2e-5fa0-a8db-23f0b0a4ae07	26	22
Quelli sono i vostri ordini.	Those are your orders.	d8834f69-e5ed-5ab1-9580-182eca439871	28	22
Quelle non sono le tue sedie.	Those are not your chairs.	86867cce-d6cf-5e92-afd6-15ae7bca8d18	29	26
Quelle non sono le sue sedie.	Those are not your chairs.	320b032a-e9b5-55a2-b2da-d7edb739d3d7	29	26
Quelle non sono le vostre sedie.	Those are not your chairs.	7d4f82b5-2062-54f7-b721-336c41677cfe	32	26
Quei libri non sono tuoi?	Those books aren't yours?	fe7fa88f-47fb-51e0-8bcf-6406aa39f011	25	25
Quei libri non sono suoi?	Those books aren't yours?	becc81b8-7815-5b6c-b289-2e0d9410c241	25	25
Quei libri non sono vostri?	Those books aren't yours?	1e3d3fb6-f2df-5fbc-ad5a-c46c1b515c6b	27	25
Quelli non sono i tuoi genitori?	Aren't those your parents?	63887b1d-11ce-5703-9b3f-2a2a4f5e3167	32	26
Il nostro clima sta cambiando.	Our climate is changing.	7d71412b-f2f4-5a58-923e-f0add3714d19	30	24
Manca mezz'ora al pranzo.	It's a half hour till lunch.	b636f73f-65a4-57fd-b50d-302fab006d59	25	28
Il nuovo mobilio è arrivato oggi.	The new furniture came today.	036b304a-347f-50e7-bbd0-2c8ea7937eca	33	29
Quale di quelli è tuo?	Which one of those is yours?	c1914bc4-42a7-5910-bb7e-f67712372084	22	28
Quale di quelli è suo?	Which one of those is yours?	f4bf289d-eb74-5ee0-bffe-e2b8f24982c7	22	28
Quale di quelli è vostro?	Which one of those is yours?	2baae164-7464-51e3-8f6f-b1c5058e2629	25	28
Quale di quelle è tua?	Which one of those is yours?	3697b107-0795-59a5-a281-1e281123db9b	22	28
Quale di quelle è sua?	Which one of those is yours?	9cfbc290-27f8-57a2-9788-7236bca474e9	22	28
Quale di quelle è vostra?	Which one of those is yours?	7a4cf93c-6810-5854-8150-c7647d077adb	25	28
Sei un tale codardo.	You're such a coward.	7778f7c8-eef8-5cbc-8244-1c5704f41ac1	20	21
Tu sei un tale codardo.	You're such a coward.	23c85a33-e00f-56f1-acbc-5b71deddaab2	23	21
Sei una tale codarda.	You're such a coward.	09b109f5-1b15-52d1-be9e-91675a556a95	21	21
Tu sei una tale codarda.	You're such a coward.	ca1b75f8-2412-5a43-a147-1e21246b5d03	24	21
È un tale codardo.	You're such a coward.	54323adc-c048-59f2-922e-46d56df50b23	18	21
Lei è un tale codardo.	You're such a coward.	1509b3d0-d9db-5fff-811c-8b3e98ad89c7	22	21
È una tale codarda.	You're such a coward.	4e78f136-7689-5daf-b265-343718e78dce	19	21
Lei è una tale codarda.	You're such a coward.	242763ce-7799-51d6-b3ba-4be9d300a72e	23	21
Quelli non sono i suoi genitori?	Aren't those your parents?	390c7432-996b-50db-a103-6eac1917caa3	32	26
Quelli non sono i vostri genitori?	Aren't those your parents?	4d705241-8081-56cb-8865-236233f38cff	34	26
Dove stai andando ora?	Where are you going now?	d2a1623e-13db-5953-88f1-c6d703385697	22	24
Dove stai andando adesso?	Where are you going now?	126de9fd-b3d7-56f3-ac8c-02c282b2d4f4	25	24
Dove sta andando ora?	Where are you going now?	57021d4e-3744-5743-b4d2-6738c6e40530	21	24
Dove sta andando adesso?	Where are you going now?	fe30e164-0122-5317-8a34-e51a2a49d988	24	24
Dove state andando ora?	Where are you going now?	bf5d179f-105a-5b61-96a1-1b08652a8f89	23	24
Dove state andando adesso?	Where are you going now?	a165f85c-5888-5add-9799-01b7261ca3c7	26	24
Tom vuole parlare con tutti noi.	Tom wants to talk to all of us.	3d5ac32d-158b-59c3-935e-4a45e00b4934	32	31
Tom vuole parlare con tutte noi.	Tom wants to talk to all of us.	3f69ff34-4e92-5c0a-bc55-ff418eaf4195	32	31
Questa è la storia del mio paese.	This is the story of my country.	dd6be98d-1a34-59c3-9b06-76c92d942b25	33	32
Non fermeranno Tom.	They're not going to stop Tom.	28c9375b-a5bf-56d8-9b70-fe5199aa6c2a	19	30
Loro non fermeranno Tom.	They're not going to stop Tom.	4255abe1-e32e-59e7-a227-b561536b0658	24	30
Ho due figli.	I have two sons.	8508b554-f283-5413-a0f0-0484b7a8b737	13	16
Io ho due figli.	I have two sons.	c2091bc7-89dd-5516-ac43-2e3feb4dd294	16	16
C'è stata molta pioggia questa estate.	There's been a lot of rain this summer.	51f11f83-5476-5786-babb-423255a83297	38	39
Posso prendere in prestito questo ombrello?	Can I borrow this umbrella?	47f94bc8-3e67-5c23-b032-b1eec8013587	43	27
Voi avete imparato il numero a memoria?	Have you learned the number by heart?	cd5827d7-2e63-5436-bbff-c7f1a3fcd77e	39	37
Ha imparato il numero a memoria?	Have you learned the number by heart?	16eff419-f9cd-5e51-ac6c-ce69f52f844e	32	37
Lei ha imparato il numero a memoria?	Have you learned the number by heart?	42aeb14e-821d-51b5-be45-69f2a120309d	36	37
Tu hai imparato il numero a memoria?	Have you learned the number by heart?	d7581810-1121-5f0f-9e67-8813e51e12c4	36	37
È accecata dall'amore.	She is blinded by love.	81d95c9b-7d34-5b31-ae3f-63e613c7c233	22	23
Lei è accecata dall'amore.	She is blinded by love.	bf2ef145-4422-578d-af77-d7f419f79a59	26	23
Lui era cieco dalla nascita.	He was blind from birth.	35120527-ae8b-5c26-9e03-56de420e759d	28	24
Sta diventando cieco.	He's going blind.	a185a27d-20ad-5f3f-b064-c9a4e1413a0b	21	17
Lui sta diventando cieco.	He's going blind.	db088294-0809-5ee9-998c-178030491fb5	25	17
È sorda e muta, e sta diventando pure cieca.	She's deaf and mute, and is getting blind, too.	2e2cfdcf-4013-5634-b261-560c9b471a0a	44	47
Lei è sorda e muta, e sta diventando pure cieca.	She's deaf and mute, and is getting blind, too.	f84f4d32-efa1-50a5-ba7f-5f3140120ec3	48	47
Si è rotta la macchina.	The car broke down.	c7eb9d8d-026f-573d-99ee-62343169c042	23	19
Si è rotta l'auto.	The car broke down.	fd1df3dd-d065-5738-9290-b09fb8d9227d	18	19
Si è rotta l'automobile.	The car broke down.	b3c3fa80-a751-5b42-b07b-76e8b3eab4f1	24	19
Si ruppe la macchina.	The car broke down.	c2b3eb80-1a42-5431-80ab-8704d95d235a	21	19
Si ruppe l'auto.	The car broke down.	7edf2996-6b97-52e0-a3b9-606da9c0eb01	16	19
Si ruppe l'automobile.	The car broke down.	3300a309-a02a-5304-96dc-1e08398fbff3	22	19
È difficile sorprenderti.	It's hard to surprise you.	a0c4718d-7e2c-52fa-8f51-7d2c927ad2af	25	26
È difficile sorprendervi.	It's hard to surprise you.	858dac9d-10f3-588f-9847-2aa527828218	25	26
È difficile sorprenderla.	It's hard to surprise you.	5348e2bb-92a7-54a3-8301-3b390eee5890	25	26
Il suo dolore era troppo acuto per le lacrime.	Her grief was too acute for tears.	467a1afe-f679-5cde-b181-e70d61356cd1	46	34
Si è tolto la camicia.	He removed his shirt.	080c47ed-8591-58bf-afbe-9aa1b7ad4d6b	22	21
Lui si è tolto la camicia.	He removed his shirt.	204af552-3d5d-550b-96b3-50120a774f36	26	21
Si tolse la camicia.	He removed his shirt.	0d314f4b-2a66-51e0-a1a3-821a15e3df07	20	21
Lui si tolse la camicia.	He removed his shirt.	28ac3295-6450-5606-8b5c-5005b94b786e	24	21
Lei si tolse la camicia.	She removed her shirt.	f3e6e168-508f-57ca-bc99-b6e12048a088	24	22
Si è tolta la camicia.	She removed her shirt.	8c9b6b91-77da-5769-9f38-908b39775b2e	22	22
Lei si è tolta la camicia.	She removed her shirt.	df21c4f2-0f2d-5ab6-b0b4-d039d3d3c646	26	22
Mi serve un posto con cui partire.	I need a place to start.	666210ea-4b6e-57a3-9c3d-fd4345dbbded	34	24
Poche persone vivono fino a cent'anni.	Few people live to be one hundred years old.	07775909-36a9-5a55-946d-b5813b5069c0	38	44
Poca gente vive fino a cent'anni.	Few people live to be one hundred years old.	5416b22c-9710-5a78-a774-9ca798c16d03	33	44
Tom è l'uomo.	Tom is the man.	7c0a0db9-5683-5420-8071-8c6960a40105	13	15
Tom ha le vene varicose.	Tom has varicose veins.	96a8dbc1-72ca-5696-8826-d8426c423878	24	23
Ho le vene varicose.	I've got varicose veins.	f7fca298-4e61-5ce5-912a-4fa98d52e1cc	20	24
Io ho le vene varicose.	I've got varicose veins.	d7c13c9e-613a-57c7-be1a-a4d7df6c4a24	23	24
In realtà le ho scritto un biglietto.	Actually, I wrote her a card.	9f50ecaf-839f-581f-b73b-7f02de882347	37	29
Ho mentito perché ero imbarazzato.	I lied because I was embarrassed.	05afcb11-1dac-5528-ae47-63cccaf9f4ef	34	33
Io ho mentito perché ero imbarazzato.	I lied because I was embarrassed.	2da8d728-f897-5218-b9f0-cbf1b817479b	37	33
Ho mentito perché ero imbarazzata.	I lied because I was embarrassed.	610f0dc5-b721-51f8-8140-4659b4446dd1	34	33
Io ho mentito perché ero imbarazzata.	I lied because I was embarrassed.	58285234-8aaa-5373-957b-f860a32bee6f	37	33
Fu una grande sorpresa.	It was a big surprise.	8d37fd40-d467-53b7-8647-d0b052ac329f	23	22
Sei molto più carina di tua sorella.	You're much cuter than your sister.	8b62aca3-1d2e-5091-84e2-8cf084ee4dce	36	35
Tu sei molto più carina di tua sorella.	You're much cuter than your sister.	6364e81b-22d1-59dc-8ded-d7a8fef389e4	39	35
Sei molto più bella di tua sorella.	You're much cuter than your sister.	3c15d7b0-8e60-5cd5-bda9-7cfd26242e1f	35	35
Tu sei molto più bella di tua sorella.	You're much cuter than your sister.	d30f7133-8900-5310-bea5-e2cb0004bb95	38	35
Sei molto più graziosa di tua sorella.	You're much cuter than your sister.	c731392a-b808-59b1-8438-63e6e18c94d6	38	35
Tu sei molto più graziosa di tua sorella.	You're much cuter than your sister.	fa8eecb0-1a38-5585-ac69-aee88d9df270	41	35
È molto più carina di sua sorella.	You're much cuter than your sister.	e0fac1d9-3dd3-5a14-8e10-979604540ccf	34	35
Lei è molto più carina di sua sorella.	You're much cuter than your sister.	6ad8fd7c-4a99-5cbc-8d0e-aae4483e28d0	38	35
È molto più bella di sua sorella.	You're much cuter than your sister.	d80e8dd2-b0b0-5e4b-b14c-1aceb190319c	33	35
Lei è molto più bella di sua sorella.	You're much cuter than your sister.	6c1c10e7-ac45-502f-9f46-2f94dd0e6571	37	35
È molto più graziosa di sua sorella.	You're much cuter than your sister.	f536e868-bed9-5dfb-acac-bc62e4d040b6	36	35
Lei è molto più graziosa di sua sorella.	You're much cuter than your sister.	a42ebb9c-2054-5a3a-a441-a9b913fbdac2	40	35
Gli piace fare foto.	He likes taking pictures.	880e6ed5-5d73-5cc4-95fe-d3f96bedb7d5	20	25
A lui piace fare foto.	He likes taking pictures.	5964e45c-c379-5f6b-bdc9-6ba8e590a7b5	22	25
Lui si è seduto per leggere un romanzo.	He sat down to read a novel.	3b247f60-f45a-5532-88d8-664f198415c0	39	28
Si sedette per leggere un romanzo.	He sat down to read a novel.	84e81d56-5b23-57c3-a329-13780f7c9731	34	28
Lui si sedette per leggere un romanzo.	He sat down to read a novel.	44128865-2e8f-5567-9f99-6abc4947ba6a	38	28
Si sedé per leggere un romanzo.	He sat down to read a novel.	7c5a3af5-89f4-5356-ba96-318d92a1b1dd	31	28
Lui si sedé per leggere un romanzo.	He sat down to read a novel.	76324e4f-6c67-5e19-a4bf-52927986758e	35	28
Siamo stati qui per due giorni.	We have been here for two days.	a485bb5f-9385-5c7a-9ab6-10f07eb3a2cf	31	31
Noi siamo stati qui per due giorni.	We have been here for two days.	70f708f4-deec-5e30-98b1-9298782c1d34	35	31
Siamo state qui per due giorni.	We have been here for two days.	fff993c5-22c9-501b-91b3-71077a662da8	31	31
Noi siamo state qui per due giorni.	We have been here for two days.	2d185cb5-2dea-5a91-a513-f3c23c18db80	35	31
Tom ha aperto il diario.	Tom opened the diary.	9724b968-1e8a-575a-8204-7467d809c2bc	24	21
Tom aprì il diario.	Tom opened the diary.	34296f26-cc41-5c7f-8732-ef39fe56fed6	19	21
Non ha perso tempo a rispondere alla lettera.	He lost no time answering the letter.	b2c2f16a-30a5-52fe-9ade-ebd7aac180dd	45	37
Lui non ha perso tempo a rispondere alla lettera.	He lost no time answering the letter.	af843334-4498-537e-b65b-79d3426fd66d	49	37
Non perse tempo a rispondere alla lettera.	He lost no time answering the letter.	891075eb-e197-56b0-8578-2ebdba44e83c	42	37
Lui non perse tempo a rispondere alla lettera.	He lost no time answering the letter.	a7a6d87e-5bfd-51d7-9cf1-a7cf80620d50	46	37
Non ne voglio un altro.	I don't want another one.	80a449bb-3af7-5c06-871c-676339468ed4	23	25
Io non ne voglio un altro.	I don't want another one.	cdb8137a-19c1-5255-aca9-49d4c79cd73a	26	25
Non ne voglio un'altra.	I don't want another one.	e93e0717-4a41-5361-8afb-dad28b12c8fb	23	25
Io non ne voglio un'altra.	I don't want another one.	1b073832-e4fc-5bab-865c-ba112614473c	26	25
Siamo compatrioti.	We are compatriots.	516daaf6-1251-536e-af6c-b93b7c80c6a0	18	19
Noi siamo compatrioti.	We are compatriots.	532e807e-b382-519a-902e-81bb06419141	22	19
Tom è piuttosto metodico.	Tom is quite methodical.	f29c41d2-b944-55ea-96bf-77826ad7ea87	25	24
Dovrei dare il segnale?	Should I give the signal?	f7a82542-fcde-5379-b382-377be42af0a8	23	25
Ha un enorme appetito.	She has a gigantic appetite.	2a482f70-e53d-52f2-b448-66d88637766d	22	28
Lei ha un enorme appetito.	She has a gigantic appetite.	6f642199-b553-556c-849a-388d8659f7ac	26	28
Io sarò con voi per sempre.	I'll be with you forever.	221744ed-a5bc-58f8-9219-63e236338b86	27	25
Sarò con lei per sempre.	I'll be with you forever.	166d5cc7-e7db-5021-b823-494919358960	24	25
Io sarò con lei per sempre.	I'll be with you forever.	2fe01492-620d-5fc0-8db8-2098fb707104	27	25
Sarò con te per sempre.	I'll be with you forever.	82ae2fe4-fe66-5bda-a660-6ff9366f1abe	23	25
Io sarò con te per sempre.	I'll be with you forever.	9e6edcea-91f0-5416-95e9-2d281f10aefd	26	25
L'ho imparato a scuola.	I learned it in school.	a9e00e95-3584-5b12-8b2e-aee75df27895	23	23
Io l'ho imparato a scuola.	I learned it in school.	484ee2f1-9c80-5f4b-ba53-41997a1dc6c7	26	23
L'ho imparata a scuola.	I learned it in school.	4663af36-d605-5c5b-97ea-5ab0f06e7edb	23	23
Io l'ho imparata a scuola.	I learned it in school.	ec5b5210-0f6e-5cda-b5da-1415dca168a7	26	23
Sei più bella di quanto immaginassi.	You're more beautiful than I imagined.	164e7a6b-41ca-5492-8b31-622477741093	36	38
Tu sei più bella di quanto immaginassi.	You're more beautiful than I imagined.	788c0da8-e968-5a66-a12b-573a17a9ea0a	39	38
È più bella di quanto immaginassi.	You're more beautiful than I imagined.	8387eff6-1aa4-5a93-b358-6c814affe8bd	34	38
Lei è più bella di quanto immaginassi.	You're more beautiful than I imagined.	8454a141-979e-51d4-9b3a-76ec3506c89c	38	38
Siete più belle di quanto immaginassi.	You're more beautiful than I imagined.	25014cb9-8c48-5654-8dfe-9f1221c3a6be	38	38
Voi siete più belle di quanto immaginassi.	You're more beautiful than I imagined.	37139429-99eb-5896-8893-37131c45e924	42	38
Quale vuoi?	Which do you want?	d3b6579f-f9ad-5a60-ad1c-1e820b68fee8	11	18
Quale vuole?	Which do you want?	a9c2f26a-42f4-5f28-b2c4-b335bbdd2567	12	18
Quale volete?	Which do you want?	9b0b6000-59e2-546f-9feb-78791e73ed40	13	18
Quali vuoi?	Which do you want?	45aa4d6a-4ea0-53fd-a0f7-0c9bb79af842	11	18
Quali vuole?	Which do you want?	159e600c-3497-59d3-a61d-2cb510b739f1	12	18
Quali volete?	Which do you want?	f4273cdb-2467-52a8-8af6-99b7e1404caf	13	18
Ditemi quale volete.	Tell me which you want.	7bfb6333-3a2c-5219-ad32-dc029381625c	20	23
Mi dica quale vuole.	Tell me which you want.	1257e006-06e4-5007-8b09-0414b2fcbca9	20	23
Li abbiamo dimenticati.	We forgot them.	34a54b69-0d8e-5736-84c7-bcb30e85e61d	23	15
Li abbiamo scordati.	We forgot them.	15dc3ebb-75a6-50a8-b8da-be988b705c35	20	15
Le abbiamo dimenticate.	We forgot them.	8fe7f97b-efd5-5b85-a81a-b445b11a0acc	23	15
Le abbiamo scordate.	We forgot them.	ba0f04ca-c7aa-5adb-b9bc-86be86fb1368	20	15
La carta assorbente assorbe l'inchiostro.	Blotting paper absorbs ink.	52166d3f-fcab-53a2-9ca7-c5697b754746	41	27
Siamo impressionati.	We're impressed.	a6810f25-1d23-5fcc-b27e-4294d514737d	20	16
Noi siamo impressionati.	We're impressed.	303584db-e8dd-50b1-b09d-b7bae04b177c	24	16
Siamo impressionate.	We're impressed.	5d4778c8-eee2-5eb5-887e-a9cd11ea5a2d	20	16
Noi siamo impressionate.	We're impressed.	132b32d5-9976-59b7-acc6-52adf9b16c34	24	16
Tom non è impressionato.	Tom isn't impressed.	723f82b8-ff11-5193-8c05-5d276a8291d3	24	20
È seria.	It's serious.	44458455-4cfb-5696-894a-73006d7592f4	8	13
È serio.	It's serious.	ca96fd72-bc83-58ae-b7c6-77a4facb6003	8	13
Io voglio lavarmi i capelli.	I want to wash my hair.	e8a9966b-1484-5602-80b4-f43dda19eab5	28	23
Ho pagato in anticipo.	I paid in advance.	006534df-9146-57e9-a48c-93513d15ba64	22	18
Io ho pagato in anticipo.	I paid in advance.	9c98a5de-faf7-5af4-9743-bfe7ef64beaf	25	18
Questo è altamente irregolare.	This is highly irregular.	1f7fd0e1-cd3c-53c0-84fb-6cf8fee5d4f4	30	25
Ciò è altamente irregolare.	This is highly irregular.	36dd8dae-cb4f-57b5-958f-dde1f3941915	27	25
Thalia è la mia cantante preferita.	Thalia's my favorite singer.	0b0890f7-4be9-532a-89b4-4baca19d4f1e	35	28
Quando sorridi, io sono felice.	When you smile, I am happy.	62d0acbe-8893-50b7-9555-aa88654f68d2	31	27
Quando sorride, io sono felice.	When you smile, I am happy.	511c4b42-8cc2-5880-b64d-f5e89bdd73b1	31	27
Quando sorridete, io sono felice.	When you smile, I am happy.	706884ff-b99b-5bc9-90c5-2bd5a6e66d52	33	27
Cos'hai comprato?	What did you buy?	6472a865-cf79-5ebc-bf58-a90aa72ffa16	17	17
Che cos'hai comprato?	What did you buy?	c79280e3-2be2-5fcb-89a3-bfde4b5d7f14	21	17
Cos'ha comprato?	What did you buy?	54f882de-1fab-5551-b2ea-7f4039071e08	16	17
Cos'avete comprato?	What did you buy?	f1ab4504-5b58-5382-9538-6f7c5bb56641	19	17
Che cos'avete comprato?	What did you buy?	acf075a0-eb94-56eb-980c-0e2e24fdd88f	23	17
Che avete comprato?	What did you buy?	6b97d37e-6ab9-53dc-a152-b036eb454ed6	19	17
Che cos'ha comprato?	What did you buy?	4a155553-60b0-55df-8ee4-5c6292bd9aed	20	17
Che ha comprato?	What did you buy?	bb99a503-ce25-5881-a499-2e8913d53af1	16	17
Tu non devi dire niente.	You don't have to say anything.	d5dd12b9-6110-5a78-a38f-259ce0afb490	24	31
Tu non devi dire nulla.	You don't have to say anything.	96925c5b-7114-5183-a5b3-26bc139b77e8	23	31
Lei non deve dire nulla.	You don't have to say anything.	acc0930e-37f6-55ad-9307-e33c61067c89	24	31
Lei non deve dire niente.	You don't have to say anything.	82595fbf-2ce7-5cf6-baa7-a4dd4120fdb8	25	31
Voi non dovete dire niente.	You don't have to say anything.	0fd7c1eb-ba72-5cab-a358-a843385fc231	27	31
Voi non dovete dire nulla.	You don't have to say anything.	d693d5fe-c30f-5558-b62e-a9a0362f940d	26	31
Non tutti sono disonesti.	Not everyone is dishonest.	1ae0474a-c0d4-5a78-b625-18685159f94b	25	26
Anche tu.	You too.	cfc83183-ec2e-581a-b2ef-9a3eb542584f	9	8
Anche voi.	You too.	56c746c8-3e62-556c-8e09-3bdfb57ae36a	10	8
Anche lei.	You too.	d5cc247a-992b-5e27-bea6-c9d358dfa193	10	8
Sta venendo.	He's coming.	ef8d3e38-2c52-5448-b649-66311d5ca9af	12	12
Lui sta venendo.	He's coming.	2c247a74-0d11-583e-b724-c5fde7f086f2	16	12
Si sta avvicinando.	He's coming closer.	b22302d8-3001-5f3d-883e-445b5e806bcf	19	19
Lui si sta avvicinando.	He's coming closer.	7751f5bd-538b-53c3-aee8-5f888275863f	23	19
La ŝipo eknaĝis.	The ship set sail.	ec9b412d-f28f-5ab6-8083-f2db8c8e95fd	16	18
Ci sono molte città grandi in Brasile.	There are a lot of big cities in Brazil.	2ff2225e-9edb-5b85-99e4-57ce0c096a10	38	40
È al sicuro lì dentro?	Is it safe in there?	e2d98af3-1249-52ab-b2c8-31249b0984be	22	20
Vada a casa, per oggi è abbastanza.	Go home, for today is enough.	20c2d6cd-ba56-5bed-a9b7-0b8dcad222e6	35	29
Andate a casa, per oggi è abbastanza.	Go home, for today is enough.	c3e6744a-640d-5b21-ac47-fe65123a8f61	37	29
Vorrei davvero saperlo.	I'd really like to know.	39ccb4d0-df62-58a9-9c4e-cd89851e2e51	23	24
Io vorrei davvero saperlo.	I'd really like to know.	345c26de-3e27-5a4c-80c3-61072a835bd1	26	24
Vorrei veramente saperlo.	I'd really like to know.	e65d7da2-f2ec-515f-85bd-0c1d8ab7e0a2	25	24
Io vorrei veramente saperlo.	I'd really like to know.	472dbbeb-788e-590b-b827-ab9cf617fccb	28	24
Io sarei preoccupato se fossi in te.	I'd be worried if I were you.	f9d3a74a-1f53-522f-9754-2959ad76eb49	36	29
Io sarei preoccupata se fossi in te.	I'd be worried if I were you.	fcd48e30-7efc-508f-8e78-3611668278f2	36	29
Io sarei preoccupato se fossi in voi.	I'd be worried if I were you.	965df0d8-0fbf-5d72-a859-11698915da56	37	29
Io sarei preoccupata se fossi in voi.	I'd be worried if I were you.	4fda7ece-24e8-52b1-8bca-44a310124415	37	29
Io sarei preoccupato se fossi in lei.	I'd be worried if I were you.	2974bd67-b23d-53db-a676-dc2edd4efb74	37	29
Io sarei preoccupata se fossi in lei.	I'd be worried if I were you.	a2188c9a-b203-52b0-8d3c-2693ee0e0c7a	37	29
Non c'è niente di sbagliato con lui.	There is nothing wrong with him.	910634a7-5ce2-50c5-b779-f927c6a6c63b	36	32
Non c'è nulla di sbagliato con lui.	There is nothing wrong with him.	d3ab5be6-4e72-5f4c-a274-4b2be081add9	35	32
Il film ha ricevuto delle critiche favorevoli.	The film received favourable criticism.	e9a45a0a-f8b2-5c50-9f3c-a20082082d50	46	39
Il film ricevé critiche favorevoli.	The film received favourable criticism.	0bf1ad53-c18e-5478-983d-64614a2ee378	35	39
Il film ricevette critiche favorevoli.	The film received favourable criticism.	3ec0e41e-2fa4-562e-b94c-8df355d8c1ae	38	39
Il film ricevé delle critiche favorevoli.	The film received favourable criticism.	a6ab8832-9e09-5963-b5ea-dc56ed81f5b7	41	39
Il film ricevette delle critiche favorevoli.	The film received favourable criticism.	378b8470-3dc6-509f-9121-d08214126923	44	39
L'ho incontrato in aeroporto.	I met him at the airport.	117623d9-5752-56bd-b282-f49164c40f6c	29	25
L'ho incontrata in aeroporto.	I met her at the airport.	05fd3f7b-3829-5fc2-b8ad-42ff1adcfe46	29	25
Tom può vedermi.	Tom can see me.	5e072ad6-2976-5a3c-997a-cb49966b48e6	16	15
Tom mi può vedere.	Tom can see me.	cd97f26e-ceaf-5e4c-87d4-b5fc6f0d55b7	18	15
Gli iracheni erano circondati.	The Iraqis were surrounded.	6ee0c156-596d-596b-aea3-84f0f68cc6c5	30	27
È una teoria molto interessante.	That's a very interesting theory.	dd7c525f-c299-564c-9409-dc2a86db9f3b	32	33
Quella è una teoria molto interessante.	That's a very interesting theory.	78d45ee1-2256-5af7-81d3-1636a740e5b6	39	33
Parleremo dei dettagli più tardi.	We'll talk about the details later.	e399a927-8e2e-5628-988d-27b38bf9ae29	33	35
Il cibo è pronto!	Grub's up!	b324418e-4f15-5de9-9445-8de44bfbf8dc	17	10
Non hai ancora paura, vero?	You're not still afraid, are you?	6815cf3a-44ed-51b6-b8d5-7f999a77d86f	27	33
Tu non hai ancora paura, vero?	You're not still afraid, are you?	4f1c08ac-240e-53d7-bbdc-5ecd9d00767c	30	33
Non ha ancora paura, vero?	You're not still afraid, are you?	67f9e090-9323-54c6-bd37-a6c7560bd1ec	26	33
Lei non ha ancora paura, vero?	You're not still afraid, are you?	d0fe52ad-abeb-5f50-be00-3f584cd49d11	30	33
Non avete ancora paura, vero?	You're not still afraid, are you?	5c9ffb5e-8d30-5da1-9ebe-104bc64624ee	29	33
Voi non avete ancora paura, vero?	You're not still afraid, are you?	888df5e9-afa1-5e64-81f9-1eb38ea64dfb	33	33
Non voglio che si ferisca.	I don't want her to get hurt.	45f57317-460a-507e-9dcf-759aa0c3ed34	26	29
Io non voglio che si ferisca.	I don't want her to get hurt.	3258a5e6-c93a-54c8-b45e-474800a8cdb2	29	29
Non voglio che lui si ferisca.	I don't want him to get hurt.	00e52596-6adc-57e2-b30e-3145a2337ae3	30	29
Io non voglio che lui si ferisca.	I don't want him to get hurt.	464b0c2b-ca23-56fe-80ad-538509bcd410	33	29
Sono rimasto senza fiato.	I ran out of breath.	32ba53f6-0ddb-5a02-82a2-14dec1a3f622	25	20
Io sono rimasto senza fiato.	I ran out of breath.	d9932b6c-8911-58d0-b67f-dd7d957b8ac2	28	20
Sono rimasta senza fiato.	I ran out of breath.	b26db3c1-e5e6-5027-a1c0-6b3b757360a6	25	20
Io sono rimasta senza fiato.	I ran out of breath.	6fd2bf43-3e0b-5099-b37e-68f360130bdf	28	20
Rimasi senza fiato.	I ran out of breath.	3c3f9d1c-3581-5c0a-8328-9736763d42e5	19	20
Io rimasi senza fiato.	I ran out of breath.	6353a270-bc1a-59e0-ab87-2461f6cc7324	22	20
Tom è più intelligente di me.	Tom is more intelligent than me.	6a6e55e5-55e1-5607-b3ce-f64781681a82	29	32
Non si arrenderanno.	They won't give themselves up.	d8161958-6b32-57f5-9e01-4ed1805c0e87	20	30
Loro non si arrenderanno.	They won't give themselves up.	82ea68e7-7fa8-52e9-b2dc-ea476bfda419	25	30
Lascia che il diavolo lo prenda!	Let the devil take him!	24ac678b-a138-52fa-88af-82496fd42979	32	23
Lasci che il diavolo lo prenda!	Let the devil take him!	8b506108-4e7e-5b0c-81f9-d6bdfb5970e8	31	23
Lasciate che il diavolo lo prenda!	Let the devil take him!	856fa27e-b7b0-5118-b4d9-b9d6af3b2d1f	34	23
Ha cantato delle canzoni di Simon & Garfunkel.	He sang Simon and Garfunkel songs.	4c2ed466-8f62-5c55-9daa-3f5413457422	46	34
Lui ha cantato delle canzoni di Simon & Garfunkel.	He sang Simon and Garfunkel songs.	9b726973-92d3-5a61-bb12-457e64af8f73	50	34
Cantò delle canzoni di Simon & Garfunkel.	He sang Simon and Garfunkel songs.	a616356e-3ed1-5489-b3d9-0136558c4ff5	41	34
Lui cantò delle canzoni di Simon & Garfunkel.	He sang Simon and Garfunkel songs.	f9f8d4c8-6101-5ced-8ffb-87ba8ec8d1fe	45	34
Canta delle canzoni di Simon & Garfunkel.	He sings Simon and Garfunkel songs.	11523862-57bb-5ce5-bdab-f4e7f420a64e	41	35
Lui canta delle canzoni di Simon & Garfunkel.	He sings Simon and Garfunkel songs.	b7c7a5d6-bb9a-5b0d-8a78-eed2bb04bc7a	45	35
Ti ho sentito urlare.	I heard you scream.	8698375f-3e9c-54e5-b1a7-65a6cbb17958	21	19
Ti ho sentita urlare.	I heard you scream.	73692218-d3e3-52a9-9902-8bb980896957	21	19
Vi ho sentiti urlare.	I heard you scream.	4a6445ed-9a6d-5a17-b7e5-40383cea8881	21	19
Vi ho sentite urlare.	I heard you scream.	059bd8dd-cb17-5161-a471-c839b51bae64	21	19
L'ho sentito urlare.	I heard you scream.	71b30714-23cb-5115-ad8a-721b75385d50	20	19
L'ho sentita urlare.	I heard you scream.	acd0d94a-7917-5653-af0a-d954a6ad5310	20	19
Non posso farlo senza l'aiuto di qualcuno.	I can't do it without somebody's help.	180e74fa-32b9-56f7-ade5-3b54833ce574	42	38
Io non posso farlo senza l'aiuto di qualcuno.	I can't do it without somebody's help.	d9998b75-f865-5414-aed0-e58b31fdc46e	45	38
Non posso farla senza l'aiuto di qualcuno.	I can't do it without somebody's help.	24ed32d9-c600-5478-9985-f70143dfee63	42	38
Io non posso farla senza l'aiuto di qualcuno.	I can't do it without somebody's help.	75e5bb4e-c7d8-5bb4-8767-12b519b4b90e	45	38
Non riesco a farla senza l'aiuto di qualcuno.	I can't do it without somebody's help.	e65fe5b4-b390-51d5-b39b-6900f1c227de	45	38
Io non riesco a farla senza l'aiuto di qualcuno.	I can't do it without somebody's help.	d77c7c55-e138-5297-bcb4-44f981d84f4c	48	38
Non riesco a farlo senza l'aiuto di qualcuno.	I can't do it without somebody's help.	0bd04d71-ead4-503d-8d89-3a11e3f420e8	45	38
Io non riesco a farlo senza l'aiuto di qualcuno.	I can't do it without somebody's help.	3fe59e86-86f7-57a4-96b2-59684dd08c41	48	38
Perché vuoi lavorare qui?	Why do you want to work here?	f8e0b5e7-8244-5d5c-a0a5-951412553aec	25	29
Perché vuole lavorare qui?	Why do you want to work here?	d6d9ed53-ca3c-55a5-a29c-5f6b32812f68	26	29
Perché volete lavorare qui?	Why do you want to work here?	f1d50186-b71c-5ef3-a3d7-8fafe2281adf	27	29
Non mi piace il caldo.	I don't like the heat.	a22269a6-eecc-57b9-a6a3-898274474ea0	22	22
A me non piace il caldo.	I don't like the heat.	7c140a6f-ecab-501a-a6cc-4e7199ff6d21	24	22
L'ho fatto seguendo le tue istruzioni.	I did it according to your instructions.	6611bdfc-0927-54b4-8a09-b7f0e98c8498	38	40
L'ho fatta seguendo le tue istruzioni.	I did it according to your instructions.	a00838d3-28c0-590b-a5fe-c8b2239ec9b6	38	40
L'ho fatto seguendo le sue istruzioni.	I did it according to your instructions.	ff0cebf7-a914-5389-af41-9c885f5dd4e5	38	40
L'ho fatta seguendo le sue istruzioni.	I did it according to your instructions.	5ec795d0-0f63-5ba0-bc1d-b77cdb802282	38	40
L'ho fatto seguendo le vostre istruzioni.	I did it according to your instructions.	c2ef3327-e0d7-5c31-9ba4-466c15f04c0d	41	40
Ho comprato questa macchina fotografica ieri.	I bought this camera yesterday.	57d485a0-944c-5ca7-8bb2-ea9cc8ca9d1a	45	31
Io ho comprato questa macchina fotografica ieri.	I bought this camera yesterday.	bf304cf9-3101-56ff-b2b6-917ca34fb92d	48	31
Non ho altro.	I don't have anything else.	6c8f017f-0ee6-5156-b16b-752f7ab826b4	13	27
Io non ho altro.	I don't have anything else.	62f9c092-80d4-5214-bbf7-5c290f672ca1	16	27
Tom legge raramente dei libri scritti in francese.	Tom seldom reads books written in French.	9574b371-179c-57e5-9636-c62960504820	50	41
Tom legge raramente libri scritti in francese.	Tom seldom reads books written in French.	cb3d5c01-ce46-55f1-aa02-0968eb4d4008	46	41
La cena sarà pronta tra qualche minuto.	Dinner will be ready in a few minutes.	c0d4aeaa-be3c-5bcb-8980-047fcc64ace2	39	38
La cena sarà pronta fra qualche minuto.	Dinner will be ready in a few minutes.	67174f21-0a3e-5dfc-8a5a-6ccdfffcb9c1	39	38
Passa un buon Natale.	Have a good Christmas.	ac11a494-b320-56aa-8024-4da8204d55d4	21	22
Passate un buon Natale.	Have a good Christmas.	8ca60fd1-5a8c-53b7-90fd-f71044aa8f31	23	22
Passi un buon Natale.	Have a good Christmas.	16447c46-f31c-5c36-8a6b-9a6bd80d836d	21	22
La sua auto è stata appena riparata.	His car has just been repaired.	016cec9a-75ab-53e1-8b1b-2e5b9107ca39	36	31
La sua automobile è stata appena riparata.	His car has just been repaired.	9a8769bc-1eeb-5138-af5a-c1a5cbf8be49	42	31
Mi stanno fissando tutti.	Everyone is staring at me.	9ec268a2-d199-5535-94a2-1ddc47fb7929	25	26
Tom sostiene di essere ricco.	Tom claims that he's rich.	a7a548a2-b3a4-513a-807e-b40cae58536a	29	26
Sono molto tesi.	They're very tense.	7818ea7b-d870-5cbd-9725-973e51aa5aa2	16	19
Loro sono molto tesi.	They're very tense.	4c03e60a-d11d-52f9-8c61-914be0f04558	21	19
Sono molto tese.	They're very tense.	aacb92f1-625e-50c4-b4bb-07ea3ec53996	16	19
Loro sono molto tese.	They're very tense.	05e3ec5f-d89f-51d9-8e14-cd8f803f7f0d	21	19
Ho appena toccato un serpente.	I just touched a snake.	f9131515-8435-54a7-81a8-decc55b92f2f	30	23
Io ho appena toccato un serpente.	I just touched a snake.	bed5e40a-1f77-5ce5-ae8d-25e7ffbe3ebc	33	23
Ho sentito il mio telefono suonare.	I heard my phone ring.	7e92a2ca-b612-5ab0-bf38-429b6835f2be	35	22
Io ho sentito il mio telefono suonare.	I heard my phone ring.	2051491b-db53-5d80-a34e-fa168ceee881	38	22
Prova ad imparare un po' di grammatica.	Try to learn some grammar.	6b323534-f10c-546f-bacc-2fe9b0376d1e	39	26
Provate ad imparare un po' di grammatica.	Try to learn some grammar.	d266264c-8742-538a-a9a6-a47efe26bc4b	41	26
Provi ad imparare un po' di grammatica.	Try to learn some grammar.	a42347a7-4d17-5b5d-b139-aae5f1d1f5b4	39	26
Cerca di imparare un po' di grammatica.	Try to learn some grammar.	730f3ace-a9d8-5954-8cca-faaab98d5109	39	26
Cercate di imparare un po' di grammatica.	Try to learn some grammar.	b8dd0d97-8c55-5f9a-9a28-a2da7160caa1	41	26
Cerchi di imparare un po' di grammatica.	Try to learn some grammar.	bbecde95-f67c-512a-be61-654af3a56f49	40	26
Ci siamo tutti congratulati con loro.	We all congratulated them.	3f3a5126-7bce-5873-a097-4110e824b3b2	37	26
Noi ci siamo tutti congratulati con loro.	We all congratulated them.	ec1f2acd-e330-5386-a64c-ad2864d8b295	41	26
Ci siamo tutte congratulate con loro.	We all congratulated them.	23a91145-5631-5b58-9808-0593e0783e06	37	26
Noi ci siamo tutte congratulate con loro.	We all congratulated them.	ed3bd699-1848-5776-8733-90c1a55be82a	41	26
Ci congratulammo tutti con loro.	We all congratulated them.	07b060f9-4152-550c-944c-25c58e0869e7	32	26
Noi ci congratulammo tutti con loro.	We all congratulated them.	c21a4020-c3d9-58a5-b02c-77e652ec6d55	36	26
Ci congratulammo tutte con loro.	We all congratulated them.	407aa830-e922-5946-8b88-e95f4c06c40f	32	26
Noi ci congratulammo tutte con loro.	We all congratulated them.	4f133e02-1782-56c7-b380-9475d9b47f15	36	26
Lei è destinata a superare l'esame.	She is bound to pass the examination.	8b410f27-2453-5ace-89c6-9f9f6c37ffe1	35	37
È destinata a superare l'esame.	She is bound to pass the examination.	c55feee2-23fc-584c-9fe7-d8accb5ac650	31	37
Ho provato tutto quello che conosco.	I've tried everything I know of.	a9b7a29c-19e8-55ea-809b-5e181d61ad53	36	32
Io ho provato tutto quello che conosco.	I've tried everything I know of.	b921003b-6caf-5bdd-8ef5-b427e2a38316	39	32
Posso commentare una sua foto?	Can I comment on one of your photos?	af9e740a-8e62-5660-bf98-23345822c1f7	30	36
Posso commentare una vostra foto?	Can I comment on one of your photos?	4e867fd9-94a4-5fb5-92c8-a7270b3ddbe8	33	36
Posso commentare una delle tue foto?	Can I comment on one of your photos?	9179f140-3e76-53b3-b900-ba62a5c1a84d	36	36
Posso commentare una delle sue foto?	Can I comment on one of your photos?	2561f2ca-289b-5161-bd0d-392ebcd889a5	36	36
Posso commentare una delle vostre foto?	Can I comment on one of your photos?	81ef72f7-dfed-5f7a-8d75-8c1e9e42083b	39	36
La conoscevo da molto tempo.	I knew her a long time.	3e7736e0-af53-5046-86a8-6de7701b1d14	28	23
Io la conoscevo da molto tempo.	I knew her a long time.	49e9ef66-51dd-50b2-a087-4e10292fdb23	31	23
Conoscevo Tom da molto tempo.	I knew Tom a long time.	218aa618-1e49-5abb-b048-03b3ac9ff326	29	23
Io conoscevo Tom da molto tempo.	I knew Tom a long time.	4db2e8e5-941a-5d0a-a02b-75a904c8ce83	32	23
Li conoscevo da molto tempo.	I knew them a long time.	02f6edf7-204f-595a-8ef0-8c6ed969d9d4	28	24
Io li conoscevo da molto tempo.	I knew them a long time.	7b3f731c-c394-5ecf-9f9a-634d2cd85190	31	24
Le conoscevo da molto tempo.	I knew them a long time.	0195ebc6-ddac-5a2b-a07d-c53f26453463	28	24
Io le conoscevo da molto tempo.	I knew them a long time.	0f86918a-27ec-50cc-9d51-ff8f9ebb4bb2	31	24
Lo conoscevo da molto tempo.	I knew him a long time.	da41dbe0-44f1-55a6-8fb0-94bc8689c28c	28	23
Io lo conoscevo da molto tempo.	I knew him a long time.	53d0787e-dbc3-50ad-8a76-43fd47f6b238	31	23
Penso che Tom voglia di più.	I think Tom wants more.	5b86d36a-c352-5a51-9d93-6866b8a0cf8a	28	23
Io penso che Tom voglia di più.	I think Tom wants more.	c3a1b602-101d-50ba-a517-45958adc8635	31	23
Tom si è rifiutato di aiutare Mary.	Tom refused to help Mary.	7e8e5c16-186a-51ca-adec-722eee48c91a	35	25
Tom si rifiutò di aiutare Mary.	Tom refused to help Mary.	3f306ce2-a586-5e96-aaa7-585ec3e8e9a5	31	25
Tom ha colpito Mary?	Did Tom hit Mary?	8e53d63f-0e43-5fa1-a28c-158d6013c5e2	20	17
Tom ha picchiato Mary?	Did Tom hit Mary?	fc545474-2833-56f8-854b-65bd80a8a095	22	17
Tom colpì Mary?	Did Tom hit Mary?	6b9d072b-53da-59e5-8986-6a6f1c7f7ef5	15	17
Tom picchiò Mary?	Did Tom hit Mary?	0728312b-32f7-5650-9096-ac86fe9ced2a	17	17
Non mi fa più male la testa.	My head doesn't ache anymore.	7082cb93-72d9-507b-9056-48c97d07d44d	28	29
Mary è mia moglie.	Mary is my wife.	8f301511-dcad-5a63-ae79-ae99de4b5801	18	16
Dove posso imbucare queste lettere?	Where can I mail these letters?	b1d09e93-1a43-58f0-b5e1-e52a50a9f649	35	31
Sei soddisfatto del tuo lavoro?	Are you satisfied with your job?	7726220b-8ca5-55a6-942e-8ea7a15ded42	31	32
Tu sei soddisfatto del tuo lavoro?	Are you satisfied with your job?	a6f7cafa-3c82-599e-a255-b97de7b6c61c	34	32
Sei soddisfatta del tuo lavoro?	Are you satisfied with your job?	f938ee6c-a1f9-5ba9-ac6b-af6f00be6632	31	32
Tu sei soddisfatta del tuo lavoro?	Are you satisfied with your job?	37aa9971-a637-556c-b7d7-a6b7c142bbe8	34	32
È soddisfatta del suo lavoro?	Are you satisfied with your job?	54d43059-f18c-5a39-8ab6-cc5c264e4bf2	29	32
Lei è soddisfatta del suo lavoro?	Are you satisfied with your job?	d06042e8-75ee-5be9-a46b-97cfa846c647	33	32
È soddisfatto del suo lavoro?	Are you satisfied with your job?	bdfe489d-a668-5d5c-8c3f-e311880b7789	29	32
Lei è soddisfatto del suo lavoro?	Are you satisfied with your job?	25a64119-7b51-518b-94e8-8da42aa4d7f1	33	32
Siete soddisfatti del vostro lavoro?	Are you satisfied with your job?	fa16ceef-73f7-5ad9-8e91-f4684e62f532	36	32
Voi siete soddisfatti del vostro lavoro?	Are you satisfied with your job?	dd5a36ec-3701-5401-ad12-c8bf9a23c77b	40	32
Siete soddisfatte del vostro lavoro?	Are you satisfied with your job?	fd705e40-5786-5157-8de4-f372a7c1d7cb	36	32
Voi siete soddisfatte del vostro lavoro?	Are you satisfied with your job?	a92392ed-000a-5bc6-8056-aa500e54790f	40	32
Perché è tutto così difficile?	Why is everything so difficult?	b7c71d7a-5995-576e-9334-be027f5f0921	30	31
Tom sta dicendo la verità?	Is Tom telling the truth?	94994cf7-6f80-53de-8c32-9f703096b688	26	25
Lei potrebbe essere in grado di aiutarti.	She might be able to help you.	50b12dc7-a9ba-58cc-847c-9d6f2765c176	41	30
Lei potrebbe essere in grado di aiutarvi.	She might be able to help you.	2baf9d1f-829a-5ef1-813c-9bb8d9aa9bb4	41	30
Lei potrebbe essere in grado di aiutarla.	She might be able to help you.	c4f450a6-2768-57e3-8468-bd840b52e294	41	30
È incredibilmente facile!	It's super easy!	660da330-5761-575d-8bdd-0e7e6479cc4a	25	16
È un brutto momento per vendere.	It's a bad time to sell.	e71df7ee-17cd-5e58-a2b9-41ffcb2e3a74	32	24
Qualcuno ha visto Dio?	Has anybody seen God?	8cad7abc-0d88-52b1-a3b0-f612d7c204e3	22	21
Non li rispetto.	I don't respect them.	fad918c0-99cc-53ae-abf9-17ebfb641822	16	21
Io non li rispetto.	I don't respect them.	5fd9a6b3-bce7-5bc7-88c9-4682601317bb	19	21
Non le rispetto.	I don't respect them.	29d988e4-4abe-5a2b-9c97-bf898172a4ed	16	21
Io non le rispetto.	I don't respect them.	53d0a9c8-83aa-5ce6-9f8e-73553450a10f	19	21
Entrambe le frasi dicono davvero la stessa cosa?	Do both sentences really say the same thing?	4b46e3e6-dcd5-541c-a743-ba919df588c0	48	44
Entrambe le frasi dicono veramente la stessa cosa?	Do both sentences really say the same thing?	020887f4-a4bf-59d5-b408-776c2d77c2a5	50	44
Stanne alla larga.	Stay away from that.	e3657ca7-adb2-5c6a-875a-ae266233b1d5	18	20
Statene alla larga.	Stay away from that.	a3825223-d2b8-5430-bf1a-35e7f4a15db3	19	20
Ne stia alla larga.	Stay away from that.	bf3ea8ae-e75f-54e1-9d2a-4657159e9129	19	20
Stai alla larga da quel posto.	Stay away from that place.	cf07260c-242b-5474-bcc6-bd855eccfcd9	30	26
Stai alla larga da quel tizio.	Stay away from that guy.	9c7139fa-95b9-596b-9017-c1621f3d0b0b	30	24
Stia alla larga da quel posto.	Stay away from that place.	5fdae0c1-6676-53b6-9dc0-12cbccbd122f	30	26
Stia alla larga da quel tizio.	Stay away from that guy.	2e994e46-6b63-5d97-a9e8-3b68e0288807	30	24
State alla larga da quel posto.	Stay away from that place.	32caae63-8f2b-5d40-b5ac-b17828bfce46	31	26
State alla larga da quel tizio.	Stay away from that guy.	8a3f8e53-d56c-57bf-8996-c01ece9b8ab9	31	24
Non ho detto che non ti voglio qui.	I didn't say I didn't want you here.	0ed17719-5aec-5b69-9c71-d3c5b7a659a6	35	36
Non ho detto che non vi voglio qui.	I didn't say I didn't want you here.	8916af4f-e33e-5861-89ed-35c7acd15454	35	36
Non ho detto che non la voglio qui.	I didn't say I didn't want you here.	0d27bc5a-56c9-55ee-bd75-75fcf112adec	35	36
Tom non è in grado di gestire lo stress.	Tom is unable to cope with stress.	5bb73bdc-4e84-5d45-9d73-2929c486edeb	40	34
Qualcuno di voi l'ha visto?	Have any of you seen him?	9f7cdc89-0fd0-56bb-91f2-349edefbc5d9	27	25
Qualcuno di voi l'ha vista?	Have any of you seen her?	e4c20eac-1347-5b89-9fd6-306b4548b960	27	25
Qualcuno di voi li ha visti?	Have any of you seen them?	d5103ad5-b14d-5c3e-bbf3-ede471c0d668	28	26
Qualcuno di voi le ha viste?	Have any of you seen them?	680e28c1-f2a9-5b0a-a40d-6a284c2285ae	28	26
Qualcuno di voi ha visto Tom oggi?	Have any of you seen Tom today?	028ebb40-5958-5342-be9c-7b2986952765	34	31
Tom dice che non è interessato.	Tom says he's not interested.	e29973c5-f1b5-5fc0-b0bb-33ad6c732ccc	31	29
Tom dice di non essere interessato.	Tom says he's not interested.	5743224c-d176-526e-b35a-9854e8070b3c	35	29
Non riesco a immaginare una giornata senza di te.	I can't imagine a day without you.	081f9089-0ae2-56fa-a78e-8dd8bd9704b0	49	34
Non riesco a immaginare una giornata senza di voi.	I can't imagine a day without you.	a892a91b-dc31-52e1-bd90-84145120a5e2	50	34
Non riesco a immaginare una giornata senza di lei.	I can't imagine a day without you.	5b33382a-fdc8-5440-b180-018a967ce25d	50	34
Ero piuttosto impegnato.	I was pretty busy.	a837c8cc-f274-5632-b357-95f43cf7057e	24	18
Io ero piuttosto impegnato.	I was pretty busy.	708e81e7-cb8a-508b-8d03-23ee3f0ece0d	27	18
Ero piuttosto impegnata.	I was pretty busy.	89cdee4a-53d0-5e6a-9443-e2d95b681809	24	18
Io ero piuttosto impegnata.	I was pretty busy.	22ddd805-3ac5-5425-b2f5-0d1b8055acd2	27	18
Ero piuttosto occupato.	I was pretty busy.	81c75026-c459-5dd6-a90d-139aa6706613	23	18
Io ero piuttosto occupato.	I was pretty busy.	88a401b6-1d7e-5e10-b21b-536f2a77efd5	26	18
Ero piuttosto occupata.	I was pretty busy.	983f7c90-02f9-589e-a9e9-bb4f982c988d	23	18
Io ero piuttosto occupata.	I was pretty busy.	ddc078a7-a6e4-5c31-80f3-1706692f8bf3	26	18
Dovresti lavarti i capelli.	You should wash your hair.	7ed89045-e2d9-50ba-9a09-038c4511c282	27	26
Tu dovresti lavarti i capelli.	You should wash your hair.	705f8d1d-2221-5dbe-8c6b-50c06542c693	30	26
Dovreste lavarvi i capelli.	You should wash your hair.	5a27dfa5-967f-57ce-99d4-441794c46f12	27	26
Voi dovreste lavarvi i capelli.	You should wash your hair.	21820f59-7660-5073-8e5d-3aced256fbeb	31	26
Dovrebbe lavarsi i capelli.	You should wash your hair.	c81f323a-bfd2-5308-9d39-795a8d641313	27	26
Lei dovrebbe lavarsi i capelli.	You should wash your hair.	a506c501-993e-5d17-a871-8f3cf6fcd7fe	31	26
Tom si inchinò educatamente.	Tom bowed politely.	411d6967-ac8d-5274-acf1-15cca56b0b17	28	19
Tom si è inchinato educatamente.	Tom bowed politely.	4734cdab-7fab-52df-8354-06bae7dd30f2	32	19
Io li incontrerò alle sei.	I'll meet them at six.	7774346e-0225-5996-87ce-a3547288c614	26	22
Le incontrerò alle sei.	I'll meet them at six.	70751b14-a3ec-5010-b18e-a722813375bf	23	22
Io le incontrerò alle sei.	I'll meet them at six.	cdd5b808-1113-50c0-ab92-492dd8304990	26	22
È partita per Boston.	She left for Boston.	c3b56bb2-9674-5586-8de9-12f00dc013e0	21	20
Lei è partita per Boston.	She left for Boston.	0f2539d9-87ef-5759-9b12-256792a7bee8	25	20
Partì per Boston.	She left for Boston.	ca2764b3-7028-515d-a13a-3a24197f8633	17	20
Lei partì per Boston.	She left for Boston.	6f45009d-c64c-5749-bc1b-e3794debc2d1	21	20
Tom è partito per Boston.	Tom left for Boston.	7db6fb9c-f85b-5202-ae6b-f5f713a1aa8b	25	20
Tom partì per Boston.	Tom left for Boston.	7193c4cb-040b-5816-8901-7f2f2413996c	21	20
Tom è partito per Boston ieri.	Tom left for Boston yesterday.	2f7f6891-fcbe-5d95-998d-f4f1fc25ec55	30	30
Non andare così veloce!	Don't go so fast!	8fcb263f-e293-5a1c-941c-7f624bb44c88	23	17
Non andate così veloci!	Don't go so fast!	07d1dad5-b34a-5567-85be-20b3465e13bf	23	17
Non vada così veloce!	Don't go so fast!	1a40b95c-9728-5155-8b5a-ea5698bce9a1	21	17
Tom può essere già partito per Boston.	Tom may have already left for Boston.	49a38979-c173-5430-8036-09cba0e6a947	38	37
So che Tom è già partito per Boston.	I know Tom has already left for Boston.	aba7901b-c213-5a1e-a221-7c88a61da896	36	39
Lo so che Tom è già partito per Boston.	I know Tom has already left for Boston.	ac3a43e3-ef84-59e3-bd41-38412d06ba6c	39	39
Quasi tutta Atlanta è stata distrutta.	Almost all of Atlanta was destroyed.	a4e0bf81-677f-5f3c-bc63-40984a61b146	38	36
Quasi tutta Atlanta fu distrutta.	Almost all of Atlanta was destroyed.	31b27a95-8966-5a0e-8c98-5673790cddf9	33	36
Quasi tutta Atlanta venne distrutta.	Almost all of Atlanta was destroyed.	f6145c80-95f1-5d94-a3c4-a348593a813d	36	36
Sto cercando di proteggerla.	I'm trying to protect her.	64c881c3-4c0b-5e6c-aaef-0c58e641ca36	28	26
Io sto cercando di proteggerla.	I'm trying to protect her.	3054b378-812b-5352-94b8-d0a465e8ce46	31	26
Sto cercando di proteggerlo.	I'm trying to protect him.	14679337-2ccc-5c8c-866b-d7105e9beb53	28	26
Io sto cercando di proteggerlo.	I'm trying to protect him.	b5a1827e-8598-5b86-b48d-43b622eff247	31	26
Sto cercando di proteggerli.	I'm trying to protect them.	93b0ce9e-a975-5999-b9fa-2fdd3e87f577	28	27
Io sto cercando di proteggerli.	I'm trying to protect them.	ecd768f7-82e1-5763-a217-700d5b36a92b	31	27
Sto cercando di proteggerle.	I'm trying to protect them.	6c0969b3-4eab-5951-9e91-3c13b2115a71	28	27
Io sto cercando di proteggerle.	I'm trying to protect them.	e5c1fc48-eb97-5abb-992f-7bf7aef96304	31	27
Sto cercando di proteggere Tom.	I'm trying to protect Tom.	79a8ee9a-7374-5747-b39f-566b880c8c91	31	26
Io sto cercando di proteggere Tom.	I'm trying to protect Tom.	7e568261-da50-5e5c-891e-29d84a7f5b5c	34	26
Sto cercando di proteggerti.	I'm trying to protect you.	6e87f07f-37ff-527d-8356-c76693360620	28	26
Io sto cercando di proteggerti.	I'm trying to protect you.	6191686f-209e-55d0-801b-f62371ff8108	31	26
Sto cercando di proteggervi.	I'm trying to protect you.	a23beba3-3ef7-5b6e-b225-7164edd0c077	28	26
Io sto cercando di proteggervi.	I'm trying to protect you.	2c0313af-83f2-5601-9945-8b769255bed0	31	26
Tom sembra sicuramente intelligente.	Tom certainly looks intelligent.	031428ab-cb9c-59af-acaf-f6202c6f9a7c	36	32
Sto solo cercando di proteggerti.	I'm only trying to protect you.	dc76f1ef-c527-57bb-b50c-359afa75180f	33	31
Io sto solo cercando di proteggerti.	I'm only trying to protect you.	2330e707-c460-5343-bde8-8dc02388901d	36	31
Sto solo cercando di proteggervi.	I'm only trying to protect you.	4f71d9bb-7cc4-52ff-b654-23772954c3d6	33	31
Io sto solo cercando di proteggervi.	I'm only trying to protect you.	e605bcb7-82f7-54bb-b45e-60304dbc5e78	36	31
Sto solo cercando di proteggerla.	I'm only trying to protect you.	f467705d-93c8-54c7-acc4-0a79db300fc8	33	31
Io sto solo cercando di proteggerla.	I'm only trying to protect you.	5e120ac1-20cd-5bbe-aeec-9e4f18710f3e	36	31
Sto soltanto cercando di proteggerti.	I'm only trying to protect you.	6e821daa-d179-5795-b6b6-f6e32a566cee	37	31
Io sto soltanto cercando di proteggerti.	I'm only trying to protect you.	24e4c583-07fd-5810-9287-fd330b40a5a7	40	31
Sto soltanto cercando di proteggervi.	I'm only trying to protect you.	2600f0d5-c75a-55f6-90bd-1c6954140afb	37	31
Io sto soltanto cercando di proteggervi.	I'm only trying to protect you.	23e54f75-5247-53bd-a13f-a0380df514d3	40	31
Sto soltanto cercando di proteggerla.	I'm only trying to protect you.	914a84fa-3f73-59ac-87ac-da196a1c9aa0	37	31
Io sto soltanto cercando di proteggerla.	I'm only trying to protect you.	4be5a272-4a99-5ea4-936c-1d0fb9bbd9c6	40	31
Sto solamente cercando di proteggerla.	I'm only trying to protect you.	9f6851be-d91b-5a33-a0a9-13cf98b6ab03	38	31
Io sto solamente cercando di proteggerla.	I'm only trying to protect you.	840c9c48-9975-5968-8649-83b618ab4bf9	41	31
Sto solamente cercando di proteggerti.	I'm only trying to protect you.	c1b0fab2-921f-5351-b8fc-aa149746a82a	38	31
Io sto solamente cercando di proteggerti.	I'm only trying to protect you.	ea424c8e-2865-5c64-bf25-85ebf12aa93d	41	31
Sto solamente cercando di proteggervi.	I'm only trying to protect you.	4c0da946-4fe7-5376-89a3-8567b4fb0961	38	31
Io sto solamente cercando di proteggervi.	I'm only trying to protect you.	118ef58a-2625-5d4a-b660-593cc4e50158	41	31
Dobbiamo andare ad aiutare Tom.	We've got to go and help Tom.	287d45f2-5b01-596e-8229-9bb06df77bb3	31	29
Noi dobbiamo andare ad aiutare Tom.	We've got to go and help Tom.	ff7b82dc-67ea-5a93-98b1-d4db63ca747f	35	29
Tom è caduto per terra.	Tom fell to the floor.	86788ab6-6ffe-5c8c-8fe1-02a9a79c6bcb	23	22
Tom cadde per terra.	Tom fell to the floor.	500418f1-09e9-5ab4-bdaa-dfb312fbaa84	20	22
Questa non è la ragazza di cui stavi parlando?	Isn't this the girl you were talking about?	28b85cbb-6303-50d8-af03-4443f350eabb	46	43
Questa non è la ragazza di cui stava parlando?	Isn't this the girl you were talking about?	276f4d21-cab2-5efc-9cce-877ac5222de3	46	43
Questa non è la ragazza di cui stavate parlando?	Isn't this the girl you were talking about?	e52b9b0b-c4f5-5223-9fde-bc002310d90b	48	43
Forse Tom ci darà un passaggio.	Maybe Tom will give us a ride.	287f5e05-9d57-5c93-bd2e-e676623c39de	31	30
Avremmo dovuto prevedere questo.	We should've anticipated this.	77fe1bd8-63e0-5e1b-97f3-9f6d34fb0b4c	32	30
Quando finisce il 2013?	When does 2013 end?	426baafd-aaa9-59e5-b959-67a6e765ef9f	23	19
Penso che sia la cosa giusta da fare.	I think it's the right thing to do.	c71b485f-f907-5efd-89f4-0937bd9a3085	37	35
Io penso che sia la cosa giusta da fare.	I think it's the right thing to do.	f30b0797-cd27-5f88-8468-a96110adba27	40	35
Non si dovrebbe parlare qui.	You should not talk here.	1f211e24-2682-5b03-b638-8c58aba6fb34	28	25
Non dovrebbe parlare qui.	You should not talk here.	99ac76d1-d45d-57a3-a9ac-c834177a871a	25	25
Non dovreste parlare qui.	You should not talk here.	e6e88f78-9f14-5df6-ae01-15881e6123fb	25	25
Non dovresti parlare qui.	You should not talk here.	63a4e784-8a52-5fe7-b095-44135a872d7c	25	25
Non voglio essere diverso.	I don't want to be different.	e9d4d875-666e-507f-ae5c-1c6e34f856d3	26	29
Io non voglio essere diverso.	I don't want to be different.	ed586d01-1ee5-51a3-af15-d2fa89dc98e3	29	29
Non voglio essere diversa.	I don't want to be different.	c4e6af09-84ba-5ece-9d0f-22ee95f95526	26	29
Io non voglio essere diversa.	I don't want to be different.	2328f6d6-07c8-54df-b9ee-79c2fd8d8a41	29	29
Tu mi manchi costantemente.	I miss you constantly.	9377ca48-4d27-5675-89e8-eb5c3289030b	27	22
Voi mi mancate costantemente.	I miss you constantly.	a172ffea-c9be-50a3-ba91-b21304c9fb0a	29	22
Lei mi manca costantemente.	I miss you constantly.	14b40b03-8909-5ee8-b64b-74d845d8f677	27	22
Tom non sa esattamente quanto costerà.	Tom doesn't know exactly how much it'll cost.	5928cb39-44f3-574b-9a0a-ae6350455e2d	38	45
Dan ha continuato a insultare Linda.	Dan continued to insult Linda.	4c02fb12-8f00-551d-9396-52e35bc8d8b1	36	30
Dan continuò a insultare Linda.	Dan continued to insult Linda.	f9e66255-7c50-5f34-9f98-9bf8dca2c6e7	31	30
Portami un bicchiere di birra.	Bring me a glass of beer.	35905489-d924-5fd4-9e76-eab850df8c8f	30	25
Portatemi un bicchiere di birra.	Bring me a glass of beer.	5c810402-c84b-57bf-9e9d-34dfac25193b	32	25
Mi porti un bicchiere di birra.	Bring me a glass of beer.	32f2b915-6b60-54bd-8790-ccc505d35b0d	31	25
Tom non sembra particolarmente interessato a Mary.	Tom doesn't seem particularly interested in Mary.	c7d78ecd-b92b-5616-9b36-aa148a3a961e	50	49
Tom dev'essere più come Mary.	Tom needs to be more like Mary.	30ba43ce-6cb0-5d34-a37f-33183ada85ea	29	31
Tom deve essere più come Mary.	Tom needs to be more like Mary.	1bdd4532-6068-5e69-9bcc-fc7818dd51c1	30	31
Ci arresteranno?	Are they going to arrest us?	051932ce-8e7f-55d7-a9d4-1b61a2a83421	16	28
Hai mai sentito Tom minacciare Mary?	Did you ever hear Tom threaten Mary?	e5f66567-4ecb-580c-a68b-3bffdcf6497a	36	36
Tu hai mai sentito Tom minacciare Mary?	Did you ever hear Tom threaten Mary?	9d32019c-6fc0-520c-a652-38fe343e7acf	39	36
Ha mai sentito Tom minacciare Mary?	Did you ever hear Tom threaten Mary?	354c2775-b189-571d-95a2-a2f1550c5d23	35	36
Lei ha mai sentito Tom minacciare Mary?	Did you ever hear Tom threaten Mary?	c032ce34-38d5-5c03-b3db-6e136da3995f	39	36
Avete mai sentito Tom minacciare Mary?	Did you ever hear Tom threaten Mary?	554558b0-286f-5402-b92d-dd0a9d6707b3	38	36
Voi avete mai sentito Tom minacciare Mary?	Did you ever hear Tom threaten Mary?	590f8483-05b7-5b5c-b788-a31eb64bba65	42	36
Non la vedo da molto tempo.	I haven't seen her for a long time.	e6e6b4a8-a621-58c4-a988-8f268b0e2052	27	35
Io non la vedo da molto tempo.	I haven't seen her for a long time.	eff43f60-01de-52e2-83c8-acda25827c0a	30	35
I semi sono germinati.	The seeds have germinated.	864d6e89-f554-5922-a6f8-64410470f489	22	26
Le due strade si incrociano lì.	The two roads cross there.	25ef5803-0b98-5203-9076-af0280f80076	31	26
Il ladro ha rubato i gioielli la scorsa notte.	The thief stole the jewels last night.	0251f5c9-3421-5f2d-85c5-c75a6cbc861a	46	38
Tom non è mai stato trovato.	Tom was never found.	2aa9882c-7dcc-5ca3-956f-3a9a54615b7d	28	20
Sembrava appropriato.	It seemed appropriate.	f3aa27a5-542c-5fa8-bc0b-dd121355e877	21	22
Sembrava appropriata.	It seemed appropriate.	1e38535f-c20a-5230-ab6e-95f78a9c1776	21	22
Il palazzo ha 20 piani.	The building has 20 floors.	007460b1-9217-5b02-8b0b-63afde3e152b	23	27
Non voglio che mi sparino.	I don't want to be shot.	a663c8c0-b1d8-51f0-81fb-8c47d14a287d	26	24
Io non voglio che mi sparino.	I don't want to be shot.	d9aff5a0-5efc-516b-8a95-4b9c34de58f3	29	24
Qual è il tuo gioco di ruolo preferito?	What's your favorite role-playing game?	4d99ba88-0c54-51ed-8dba-719be6a901ca	39	39
Qual è il suo gioco di ruolo preferito?	What's your favorite role-playing game?	9b0bf81c-dba0-5073-b4e5-f9ebe6c67545	39	39
Qual è il vostro gioco di ruolo preferito?	What's your favorite role-playing game?	1340e63a-683c-58bb-ac21-26221da529f4	42	39
Ci sono diversi vantaggi nella vita di città.	There are several advantages to city life.	71da39a0-803e-520b-81aa-c397e0106816	45	42
Dovresti provare a divertirti.	You should try to enjoy yourself.	3a1459b1-6f8f-5f36-90a7-81911aaecf74	30	33
Dovresti cercare di divertirti.	You should try to enjoy yourself.	3dd838d3-d97a-5a45-9747-aba4a86f012e	31	33
Dovrebbe provare a divertirsi.	You should try to enjoy yourself.	bb6c0c2e-026c-5b5f-a763-a4eede85bbc6	30	33
Dovrebbe cercare di divertirsi.	You should try to enjoy yourself.	064b0b99-7c83-5225-a728-df1cd01d58c1	31	33
Sono stato deriso da lui.	I was laughed at by him.	0d19a990-056e-5762-99bb-a2fda052b375	25	24
Io sono stato deriso da lui.	I was laughed at by him.	1b2c074c-4483-5cd5-a1fa-0c6f8c290431	28	24
Sono stata derisa da lui.	I was laughed at by him.	2ca9a5d4-9ba5-5c31-9880-762a677e76a1	25	24
Io sono stata derisa da lui.	I was laughed at by him.	b78c8f6f-405a-51af-8bae-f2343fae8220	28	24
Dove hai messo il mio ombrello?	Where did you put my umbrella?	3ca91a56-de15-59e5-b2ad-a569625f00b0	31	30
Dove ha messo il mio ombrello?	Where did you put my umbrella?	ddfa68fa-ef30-5de1-be4c-0871254dcb9c	30	30
Dove avete messo il mio ombrello?	Where did you put my umbrella?	2e3ad474-72be-509d-90c3-7af06e3a0f10	33	30
Voglio volare al di sopra delle nuvole.	I want to fly above the clouds.	a00859e9-a068-50b7-87fa-152deba5512b	39	31
Io voglio volare al di sopra delle nuvole.	I want to fly above the clouds.	480aaa0e-e005-5286-8dd5-64da496e117a	42	31
Amo parlare con la gente.	I love talking to people.	3cccef9f-c869-5251-bad9-bc1d1d898f4e	25	25
Lui ci manca.	We miss him.	a012c2ef-a076-5f33-926b-3b0b3c7a00a4	13	12
Lei ci manca.	We miss her.	e6b53540-9d3d-5b18-a977-2aa5429403ed	13	12
Non è quello che gli ho detto.	That's not what I told him.	4e269bd1-7f8a-5048-9c81-93f2a49f85a2	30	27
Non è quello che le ho detto.	That's not what I told her.	602e7248-f650-5a60-85b0-5163c16e96a6	29	27
Non parlo il turco.	I don't speak Turkish.	ac3bc07d-658a-5b69-9276-fffd4791c5c2	19	22
Io non parlo il turco.	I don't speak Turkish.	616b891c-6a14-5dd5-9c75-27949cab9750	22	22
Non ho veramente nient'altro da dire.	I really have nothing else to say.	bbaef183-2183-59bf-9064-57fadbbe31f7	37	34
Ti piaceva nuotare.	You liked to swim.	e84c595b-8f6b-5358-8d31-426c74490eda	19	18
Dovrei essere con loro.	I should be with them.	618754e3-586d-5feb-a73b-e24c5fca05c4	23	22
Parliamone faccia a faccia.	Let's talk face to face.	112b4171-9fc9-5308-a5be-e9327fc6b0a4	27	24
Ci sono abbastanza sedie?	Are there enough chairs?	20bb4de3-ce79-50ad-be65-c41bbb1b4966	25	24
L'ebraico è la mia lingua materna.	Hebrew is my native language.	03ea8b6c-7f40-51c2-b669-deb9d8bd7ec0	34	29
Mi viene il mal d'auto.	I get motion sickness.	bfb0a3b0-2ade-5a86-9b44-a4a466f3f75c	23	22
A me viene il mal d'auto.	I get motion sickness.	c998dd80-c03e-5c85-8deb-9e5b8495b3ff	25	22
Mi viene il mal di mare.	I get motion sickness.	37332747-7f2c-5524-8e58-83b0f4abceea	24	22
A me viene il mal di mare.	I get motion sickness.	48ceeed7-04fb-570a-a819-ff8e3a587ee2	26	22
La porta è in fondo al corridoio.	The door is at the end of the corridor.	c8897d18-dc9e-5c80-a985-f56dca7ffd04	33	39
Amo tua figlia.	I love your daughter.	796815dd-70bd-5d9b-9d38-46363fd0f1f3	15	21
Io amo tua figlia.	I love your daughter.	7983c5f7-101b-5482-bf1e-fe023ceba92b	18	21
Amo sua figlia.	I love your daughter.	80497059-fa87-5769-a3ce-1a3e89ae11dd	15	21
Io amo sua figlia.	I love your daughter.	ba616d47-e1d9-57d2-b71e-50eb041e7b01	18	21
Amo vostra figlia.	I love your daughter.	51c89791-2b2b-5af1-850c-71c7acfe4aac	18	21
Io amo vostra figlia.	I love your daughter.	3daa705d-dd4d-524e-b737-c76133a4b47b	21	21
Ehm...	Err...	066c760f-6112-5496-80bc-7fc96bc6ef8e	6	6
Bene.	Good.	6e88445a-0180-5f70-bc43-91f43dafc1ab	5	5
Zitto!	Hush!	0f915b20-c508-5c98-a3b5-a00deb7c7c0d	6	5
Zitti!	Hush!	9724abf0-968a-5d9e-b539-0305ea321377	6	5
Zitta!	Hush!	f376b97b-4ee5-5d55-a555-a6bc439fa8c9	6	5
Zitte!	Hush!	344d1315-a404-5912-b6b1-803c7f303a57	6	5
Saluti!	Greetings!	4541fb38-5bb6-552d-b614-9cf746b8953f	7	10
Ahimè!	Alas.	400c1faf-9ead-5454-901e-db548a6a7bad	6	5
Ahimè, ero in ritardo.	Alas, I was late.	23addebe-ef02-567b-81c2-2d1df4c953b5	22	17
Ahimè!, disse, che ne sarà di me?	Alas! he said, what will become of me?	c2c67e5c-acba-5870-a3a3-2ab8a662544f	33	38
Ahimè, ero distratto.	Alas, I was inattentive.	4792ada4-496b-585b-86c1-316801ef973b	21	24
Ahimè, ero distratta.	Alas, I was inattentive.	fbe696df-d820-5676-b312-8f7fd1852ce8	21	24
Vuoi dormire?	Do you want to sleep?	6956591f-9f22-5eed-bc96-26eaccdbc3c5	13	21
Tu vuoi dormire?	Do you want to sleep?	a332b81a-c48c-5ac9-970b-48f2f05a7cc1	16	21
Vuole dormire?	Do you want to sleep?	688ce73b-8913-5a46-a3e7-1f952b64930a	14	21
Lei vuole dormire?	Do you want to sleep?	c706eb88-7f46-5cae-a02f-a91555cadb34	18	21
Volete dormire?	Do you want to sleep?	55756338-2e93-569c-b17c-a81698a288eb	15	21
Voi volete dormire?	Do you want to sleep?	5be8d7f9-e573-52d1-98ee-0f7fb98fb9a5	19	21
Tom sa di avere fatto un errore.	Tom knows he made a mistake.	c6b3c114-93ee-5134-950a-b32bbf6419a0	32	28
Stai con lui.	Stay with him.	1c39faf1-8574-5a95-b9fa-2998940d8bd7	13	14
Stia con lui.	Stay with him.	10bfa801-87fb-5ad2-a297-352d0b00937f	13	14
State con lui.	Stay with him.	14630988-6672-54c5-8c14-a546882f38d4	14	14
Resta con lui.	Stay with him.	91bf7816-68b8-57a0-adeb-64b44edd1645	14	14
Resti con lui.	Stay with him.	2beef3dd-27c7-5e16-8130-32ba996a5a93	14	14
Restate con lui.	Stay with him.	564d9ccd-1117-5bd6-a791-fde45e442519	16	14
Rimani con lui.	Stay with him.	2a57fa94-02dd-5e87-a70b-6d41e45955e0	15	14
Rimanga con lui.	Stay with him.	11f9d60c-27ec-5fb4-94fb-38e012ccceed	16	14
Rimanete con lui.	Stay with him.	b74d97a5-85db-5786-9716-03619597d8af	17	14
Stai qui con lui.	Stay here with him.	6b52bd20-95b6-5d56-9436-37488e513f75	17	19
Stia qui con lui.	Stay here with him.	05baa608-e4b4-5749-b50d-07c26f3aa13a	17	19
State qui con lui.	Stay here with him.	76617a6d-3055-5671-86f2-100b6395d7e2	18	19
Rimani qui con lui.	Stay here with him.	b93a783e-c55a-5a22-affa-b0f8eb052eba	19	19
Rimanete qui con lui.	Stay here with him.	b21da1aa-6cc4-5943-a461-97815e4a84eb	21	19
Rimanga qui con lui.	Stay here with him.	9c275af6-5d7e-5e0e-9a54-f5880187446e	20	19
Resta qui con lui.	Stay here with him.	7e36df47-f535-593a-986e-e2c8a24996c2	18	19
Restate qui con lui.	Stay here with him.	bc9cb06d-2383-5a59-89e7-770e54aeddb1	20	19
Resti qui con lui.	Stay here with him.	f956a32f-27d0-5c80-84f5-36a9857a1e94	18	19
Non ho mai saputo che fosse lì.	I never knew it was there.	ef27cb55-6712-5067-8f16-4b7732f6b144	31	26
Io non ho mai saputo che fosse lì.	I never knew it was there.	f6b377ce-92c3-5c70-8ac0-7c1f4606526b	34	26
Jane è andata per sempre in Francia.	Jane has gone to France for good.	fca1fbb0-20ac-54b9-8a5e-d1152226c1cb	36	33
Stai con lei.	Stay with her.	d6e035ee-4291-533e-bece-53aea8b5e393	13	14
Stia con lei.	Stay with her.	19d98fc0-ea91-56da-a615-7a0fe3877250	13	14
State con lei.	Stay with her.	43ae54c7-01a5-5778-bcda-432a236aa4c6	14	14
Resta con lei.	Stay with her.	4f3b39b7-4d98-54d0-833b-da7b9a296cfe	14	14
Resti con lei.	Stay with her.	c5423e3c-e22e-5524-bca7-0d93bf03ab87	14	14
Restate con lei.	Stay with her.	5db731c2-4d97-5822-a046-060b78e04bfd	16	14
Rimani con lei.	Stay with her.	d69778a1-f524-58a2-be02-76c949d645d0	15	14
Rimanga con lei.	Stay with her.	89641339-0967-58a4-8cfc-4170d70c9752	16	14
Rimanete con lei.	Stay with her.	e0a3a41d-5f87-517a-a713-a6ac0799528d	17	14
Stai qui con lei.	Stay here with her.	833c88f4-3e04-5db8-970b-33ec94a701b9	17	19
Stia qui con lei.	Stay here with her.	d556950c-8303-5f13-8c78-5bad3831f79a	17	19
State qui con lei.	Stay here with her.	0d859596-38ec-5b67-a784-e8d7f97e3fd7	18	19
Rimani qui con lei.	Stay here with her.	b8e32955-2a26-5c0b-8c01-336ffa0f5291	19	19
Rimanete qui con lei.	Stay here with her.	5a6d6064-72d1-54c9-81b6-e0fbc2184f1a	21	19
Rimanga qui con lei.	Stay here with her.	672c548c-054b-5e43-b9ec-927eaa7e9ded	20	19
Resta qui con lei.	Stay here with her.	46cdaccf-b88b-5927-b583-8ca185092ca9	18	19
Restate qui con lei.	Stay here with her.	ea258f90-f98d-5f50-a8c6-7f5d114a9051	20	19
Resti qui con lei.	Stay here with her.	f967bf1a-9522-5e4d-9d5c-a2394259d234	18	19
Staremo con lui.	We'll stay with him.	99779c2f-9841-5fdf-ac0d-9925cc5a9217	16	20
Noi staremo con lui.	We'll stay with him.	109ad1ac-29d3-5c2a-bff3-141149d66127	20	20
Resteremo con lui.	We'll stay with him.	2866bfa3-f88f-5c15-9c2e-643376ba1cda	18	20
Noi resteremo con lui.	We'll stay with him.	3cb8f482-d179-5612-bc89-61323317c230	22	20
Rimarremo con lui.	We'll stay with him.	7f7c14df-37af-5e44-ad03-3602fcfabb9a	18	20
Noi rimarremo con lui.	We'll stay with him.	1e12a899-94a0-5f20-9f27-b9ccf8366a23	22	20
Rimarremo con lei.	We'll stay with her.	0de66dfc-c632-5023-84e4-68c554ce9623	18	20
Noi rimarremo con lei.	We'll stay with her.	a27f9b14-4bb9-5a09-959f-5e18a98e0050	22	20
Staremo con lei.	We'll stay with her.	2d004bb0-f064-552a-94bf-2c8ffe638fee	16	20
Noi staremo con lei.	We'll stay with her.	01e2c545-ba5a-5455-a2c1-8a50dece71e5	20	20
Resteremo con lei.	We'll stay with her.	623f40f6-9fdb-57e7-b837-7142cf14fb01	18	20
Noi resteremo con lei.	We'll stay with her.	639d97f6-a371-55d5-867d-c2e4fea98b95	22	20
Starò con lui.	I'll stay with him.	5359aaca-2efd-55b8-b2a3-6181383fa808	14	19
Io starò con lui.	I'll stay with him.	eef19289-8485-5488-8ddb-15831263a17d	17	19
Resterò con lui.	I'll stay with him.	c869b4e4-ec98-5fc3-89f9-911198c21e2d	16	19
Io resterò con lui.	I'll stay with him.	0297d36f-1b98-5641-be32-63eebe7dc17a	19	19
Rimarrò con lui.	I'll stay with him.	ef7286e0-a17d-50c1-92c6-89c64535fa62	16	19
Io rimarrò con lui.	I'll stay with him.	a2c280c6-5849-56d7-9588-b9cc849e6bdb	19	19
Rimarrò con lei.	I'll stay with her.	9921244d-6491-5ce3-af54-02561f8ac838	16	19
Io rimarrò con lei.	I'll stay with her.	f2ce180e-9b2e-5feb-9783-836a41ff61bf	19	19
Resterò con lei.	I'll stay with her.	c529bf65-fc14-5372-ba30-dec9bc650885	16	19
Io resterò con lei.	I'll stay with her.	7fe971eb-768d-58d5-b773-0c4647dac14b	19	19
Resta in contatto con lui.	She stays in touch with him.	ad1b3205-0d81-55dd-9d04-f6af45411b60	26	28
Lei resta in contatto con lui.	She stays in touch with him.	ee6e07bd-1f57-58b8-af1e-0f71cf5055bb	30	28
Rimane in contatto con lui.	She stays in touch with him.	53d44ded-e606-5cfe-ab18-9ef55682e14d	27	28
Lei rimane in contatto con lui.	She stays in touch with him.	452018f8-d3b0-548e-915a-7fe1e813552f	31	28
Penso che avrei dovuto aiutare Tom.	I think I should've helped Tom.	c6287a58-3493-5038-a647-d97bdf0c0380	35	31
Io penso che avrei dovuto aiutare Tom.	I think I should've helped Tom.	8fc24f5e-da74-52dd-8320-6435afecb63d	38	31
A te piaceva nuotare.	You liked to swim.	b10ee7cd-2477-50a5-9352-3f72b3dc1107	21	18
Vi piaceva nuotare.	You liked to swim.	1d7c1d67-ac63-5da8-8509-4784b440ac0f	19	18
Le piaceva nuotare.	You liked to swim.	8bb9d3b1-7c3e-514c-bbdc-57fe9a3e623a	19	18
A lei piaceva nuotare.	You liked to swim.	7bfa37b7-26fe-5463-a0c0-967de08a6848	22	18
A voi piaceva nuotare.	You liked to swim.	bc1324e1-a216-58fb-8380-ef0c40a3db6e	22	18
Puoi stare con lui?	Can you stay with him?	779fc89f-35d6-5c32-84cf-64e0ece18cfa	19	22
Può stare con lui?	Can you stay with him?	12c716ba-4493-5543-92a3-2e1f1415dfb6	18	22
Potete stare con lui?	Can you stay with him?	a35fb790-029b-5df4-8ca2-103d10be5228	21	22
Puoi restare con lui?	Can you stay with him?	b7a99738-7871-5219-ae80-10a50c19729f	21	22
Può restare con lui?	Can you stay with him?	ae47da77-7333-52dc-9dba-d5d413a3d61a	20	22
Potete restare con lui?	Can you stay with him?	5d4f7cfb-1493-5962-8761-782854e6e25f	23	22
Puoi rimanere con lui?	Can you stay with him?	af8d0f09-014e-534f-9f51-a2fbab007bb5	22	22
Può rimanere con lui?	Can you stay with him?	5893fb14-1c58-5b8d-9486-6a2c1847496f	21	22
Potete rimanere con lui?	Can you stay with him?	81dda427-5ff7-5e15-b131-04698b563c57	24	22
Puoi stare con lei?	Can you stay with her?	1908812c-8045-5733-b2b6-b7378570d66d	19	22
Può stare con lei?	Can you stay with her?	493f00da-c27c-5d92-b188-7394c44abf43	18	22
Potete stare con lei?	Can you stay with her?	e54b8876-2764-5c09-93c1-cbe9ad7abb8c	21	22
Puoi restare con lei?	Can you stay with her?	df0a2cae-e4d7-508e-b2d0-7792f755b31d	21	22
Può restare con lei?	Can you stay with her?	3892260b-8e1d-5daf-8d54-7f34ded82ea1	20	22
Potete restare con lei?	Can you stay with her?	35ccdb36-c8b0-516f-acc3-88ecd8dc21ce	23	22
Puoi rimanere con lei?	Can you stay with her?	74320894-862c-524c-b816-33466911762c	22	22
Può rimanere con lei?	Can you stay with her?	3218974e-6861-53a6-898e-01f2b1577503	21	22
Potete rimanere con lei?	Can you stay with her?	8d7440a0-83ec-5396-a17c-363210a3cc5e	24	22
Grazie per essere stato con lui.	Thanks for staying with him.	0914730c-6d8b-5444-9c05-91104bced758	32	28
Grazie per essere stata con lui.	Thanks for staying with him.	d1f28a06-a573-5d9b-8470-fe313fb4f584	32	28
Grazie per essere stati con lui.	Thanks for staying with him.	c5c9f70f-50bd-5b57-a0a0-7526525e47a8	32	28
Grazie per essere state con lui.	Thanks for staying with him.	46427b56-dfad-519f-97fc-244889792135	32	28
Grazie per essere restato con lui.	Thanks for staying with him.	c67c502b-06f4-58b9-99a4-6bd5190c5afa	34	28
Grazie per essere restata con lui.	Thanks for staying with him.	e11497d6-2c78-546e-b5a5-ed1481a1f842	34	28
Grazie per essere restati con lui.	Thanks for staying with him.	ef98649c-ae2d-5e70-9bea-d0e129d3aaef	34	28
Grazie per essere restate con lui.	Thanks for staying with him.	51dbdbe0-6c78-5062-8f94-f480280aa29a	34	28
Grazie per essere rimasto con lui.	Thanks for staying with him.	13eecea3-55d8-5509-8677-80af3dac5f3d	34	28
Grazie per essere rimasta con lui.	Thanks for staying with him.	1e9d7c64-4dd7-53c9-9d63-f2082c2c8dcf	34	28
Grazie per essere rimasti con lui.	Thanks for staying with him.	9c64bf17-b69e-5a32-b22e-468b0e623306	34	28
Grazie per essere rimaste con lui.	Thanks for staying with him.	3c736f43-d226-5c94-bcb3-0603349574b7	34	28
Grazie per essere stato con lei.	Thanks for staying with her.	9e056625-bbc9-50a6-918c-ce82c6ba9adb	32	28
Grazie per essere stati con lei.	Thanks for staying with her.	2bc517af-f64a-5fd2-9645-c0b999a2e77b	32	28
Grazie per essere state con lei.	Thanks for staying with her.	f7e70e36-77eb-56f8-9fa5-11f569aecd56	32	28
Grazie per essere stata con lei.	Thanks for staying with her.	04e0c3ef-62d8-5ae8-9e8d-ee9a7c6e792c	32	28
Grazie per essere restato con lei.	Thanks for staying with her.	9f216aba-9608-592a-94a5-a0d45f8cc166	34	28
Grazie per essere restata con lei.	Thanks for staying with her.	3d0dfbc5-0f07-533b-bf54-6d576d815ba7	34	28
Grazie per essere restati con lei.	Thanks for staying with her.	99bab875-8aca-55e9-abc6-7ceeb5eab175	34	28
Grazie per essere restate con lei.	Thanks for staying with her.	7c9b7320-ac58-5b30-8728-1dcb14d78a78	34	28
Grazie per essere rimasto con lei.	Thanks for staying with her.	6ffe2ab0-32ed-5dd7-b641-2fd9ac235d78	34	28
Grazie per essere rimasta con lei.	Thanks for staying with her.	ef3df3eb-1e7a-5113-9da2-2e3291503bd7	34	28
Grazie per essere rimasti con lei.	Thanks for staying with her.	f3ddabf0-d518-5d13-a333-7e35d971a83b	34	28
Grazie per essere rimaste con lei.	Thanks for staying with her.	e74f6913-011b-5ca2-ab65-153b99f9471c	34	28
Grazie di essere stato con lei.	Thanks for staying with her.	f6638157-6c04-5387-a4c9-33ab46889167	31	28
Grazie di essere stata con lei.	Thanks for staying with her.	f5c22524-e97b-5464-8afa-d7f94bc4866d	31	28
Grazie di essere stati con lei.	Thanks for staying with her.	2c37cb78-26bc-5937-919d-13831ce74720	31	28
Grazie di essere state con lei.	Thanks for staying with her.	f1b08daa-a822-58a1-a58a-af85821a4aea	31	28
Grazie di essere restato con lei.	Thanks for staying with her.	3b0c7eec-dad4-54b3-8fd3-496df0e97701	33	28
Grazie di essere restata con lei.	Thanks for staying with her.	508cafc2-5687-5357-afd7-b8ee0c5cc6e9	33	28
Grazie di essere restati con lei.	Thanks for staying with her.	5c5f6f1a-a52d-5515-95c9-3119ef377a5d	33	28
Grazie di essere restate con lei.	Thanks for staying with her.	c07b997d-91d4-5bdc-9c29-5e0e8a80fe47	33	28
Grazie di essere rimasto con lei.	Thanks for staying with her.	d7942ee8-8faa-5cae-af81-d14e4ea9a2d0	33	28
Grazie di essere rimasti con lei.	Thanks for staying with her.	f7b04b2f-84da-585b-bfc8-95c5887a7d4f	33	28
Grazie di essere rimasta con lei.	Thanks for staying with her.	2e02b6c9-f949-5efa-aa9b-3d01a4a01ac8	33	28
Grazie di essere rimaste con lei.	Thanks for staying with her.	9d6bda60-77d8-570d-82b9-92e798d121fe	33	28
Grazie di essere stato con lui.	Thanks for staying with him.	605e28d6-beeb-503f-b403-8ee972e9922c	31	28
Grazie di essere stata con lui.	Thanks for staying with him.	d5cb9fd9-f1d2-5e83-a163-6e4fe13a31e5	31	28
Grazie di essere stati con lui.	Thanks for staying with him.	68ecbe8f-d5aa-5beb-8d9a-434933087c4a	31	28
Grazie di essere state con lui.	Thanks for staying with him.	c0390f64-551f-5e5f-9773-8c1fbaac314a	31	28
Grazie di essere restato con lui.	Thanks for staying with him.	d91aaa8c-9e0f-5335-995c-0f03f5cbda10	33	28
Grazie di essere restata con lui.	Thanks for staying with him.	296009dc-75c4-5009-b875-7557ff1b2931	33	28
Grazie di essere restati con lui.	Thanks for staying with him.	723d52c0-8c07-5d64-9ae1-3c816e603ace	33	28
Grazie di essere restate con lui.	Thanks for staying with him.	ec9f67f9-a030-5e0e-bbf2-5e46d45166d7	33	28
Grazie di essere rimasto con lui.	Thanks for staying with him.	34331a81-cfba-5002-8fb4-74621b2698ae	33	28
Grazie di essere rimasta con lui.	Thanks for staying with him.	4b62a396-c463-5965-8289-968f2994e77c	33	28
Grazie di essere rimasti con lui.	Thanks for staying with him.	dbe4e377-38d5-567a-a79e-08d10ec6f4cd	33	28
Grazie di essere rimaste con lui.	Thanks for staying with him.	f752a678-0e82-56a6-8d58-558b06842875	33	28
Stai con lui?	Are you staying with him?	324718b5-c681-5063-8dce-312846b9af53	13	25
Tu stai con lui?	Are you staying with him?	81ee48e7-8202-5e5f-bcd2-2a2b4993c8ae	16	25
Sta con lui?	Are you staying with him?	371a2e36-3794-5884-956a-7a43e7fd187d	12	25
Lei sta con lui?	Are you staying with him?	a269708a-c2d9-5a42-af2a-94360974f0d9	16	25
State con lui?	Are you staying with him?	830ff9db-06e5-5a3a-8968-c3c0ce0775be	14	25
Voi state con lui?	Are you staying with him?	6e8a52c4-82c1-562d-8811-122dd946cd6c	18	25
Resti con lui?	Are you staying with him?	64ed7342-6cae-508c-85d2-6d77b92b5c37	14	25
Tu resti con lui?	Are you staying with him?	d508c766-309f-568b-8f90-18c619164aff	17	25
Resta con lui?	Are you staying with him?	05d72709-967a-5f3e-bd6b-7b308ef8eb03	14	25
Lei resta con lui?	Are you staying with him?	ab4a02c4-cb03-5d06-9514-702e18514d65	18	25
Restate con lui?	Are you staying with him?	366da28e-fb18-5495-9fca-0b5811d16995	16	25
Voi restate con lui?	Are you staying with him?	a2319103-aae3-5ba8-8db2-2399cb11b80c	20	25
Rimani con lui?	Are you staying with him?	fb471c02-4ece-5aa7-84e8-1885456eb7b3	15	25
Tu rimani con lui?	Are you staying with him?	96d39a96-a059-59a5-aec2-ab086a8b9154	18	25
Rimane con lui?	Are you staying with him?	fff97da9-af2f-5cd1-84c4-5ebf2c5e8845	15	25
Lei rimane con lui?	Are you staying with him?	7c337b67-0779-5cce-b577-060a1a8231c8	19	25
Rimanete con lui?	Are you staying with him?	95d12db7-2e8c-5dde-9c9a-030f852896d2	17	25
Voi rimanete con lui?	Are you staying with him?	4f0af583-ab29-565c-868f-08bb1aea6bdd	21	25
Sto con lui.	I'm staying with him.	06ba3ac0-db1b-5f74-b5ad-62fe71bcdfa5	12	21
Io sto con lui.	I'm staying with him.	0be5621f-0a3e-59ab-a9d4-f2a0330d28ff	15	21
Resto con lui.	I'm staying with him.	f15dd871-1a85-59c5-a0a6-4cd67685402f	14	21
Io resto con lui.	I'm staying with him.	e8aff846-9e3a-5308-88a6-ec6919823fed	17	21
Rimango con lui.	I'm staying with him.	7b64fd5d-8310-50f2-ae31-760c6fb564dc	16	21
Io rimango con lui.	I'm staying with him.	dba39e65-569e-5a91-a48a-092ccc649421	19	21
Sto con lei.	I'm staying with her.	29ee92de-0297-55a7-8fc7-7a73c140638e	12	21
Io sto con lei.	I'm staying with her.	115daacf-f19e-5883-a488-70fff6742409	15	21
Resto con lei.	I'm staying with her.	46866782-8f78-582b-8c7f-9528f4721568	14	21
Io resto con lei.	I'm staying with her.	577f9476-6591-5021-b4a3-18468924fb49	17	21
Rimango con lei.	I'm staying with her.	f1b3cd44-ae9f-5f62-b78c-edab1b0f597e	16	21
Io rimango con lei.	I'm staying with her.	776738ba-cfd8-5155-b5a3-e6b5f6fcddc6	19	21
Stai con lei?	Are you staying with her?	b2b3ba03-a41f-5267-9b55-17592b35442d	13	25
Tu stai con lei?	Are you staying with her?	056e11c0-981b-51a5-984b-bf47b526fdc8	16	25
Sta con lei?	Are you staying with her?	fd0f61bb-b66b-5d3d-ba4b-eb1806a2a7d3	12	25
State con lei?	Are you staying with her?	94d432dc-3bf4-5079-97b0-c44e3373c851	14	25
Voi state con lei?	Are you staying with her?	5e36b8d2-bf23-595f-8003-6a497ad3a053	18	25
Resti con lei?	Are you staying with her?	74cedb7f-e6f0-527f-abd6-5903a6c95b2f	14	25
Tu resti con lei?	Are you staying with her?	28e3958b-65b9-5662-827b-11dd70aa8986	17	25
Resta con lei?	Are you staying with her?	5b021705-d49f-5327-b370-ec2e8ea1069b	14	25
Restate con lei?	Are you staying with her?	268179f3-cc47-5896-8ae7-a0e75ad8ca01	16	25
Voi restate con lei?	Are you staying with her?	b23c5e3a-98e7-576c-87ce-1d678edda312	20	25
Rimani con lei?	Are you staying with her?	e7661e4f-d254-5e9a-af9f-9aba00e08428	15	25
Tu rimani con lei?	Are you staying with her?	1cfcb6c5-7a79-5c3d-b0f4-af20f481a5ff	18	25
Rimane con lei?	Are you staying with her?	182d731e-3d4a-5486-831e-4f70670190ab	15	25
Rimanete con lei?	Are you staying with her?	d2612e20-f12d-559c-b9fb-094721c498db	17	25
Voi rimanete con lei?	Are you staying with her?	c64eb532-27eb-5de6-a9e9-d20070e5369c	21	25
Gli ho detto di no.	I told him no.	6bc01239-f112-53fb-8f44-fe2ab475ddc1	19	14
Io gli ho detto di no.	I told him no.	058ada2c-2dc0-586d-945b-17afbb54a1ae	22	14
Gli dissi di no.	I told him no.	8895db53-b4c5-5b0b-9c83-b5795a9cb15a	16	14
Io gli dissi di no.	I told him no.	28563d2b-871c-5c18-9b5c-4e70157d44f0	19	14
Le ho detto di no.	I told her no.	0d39a253-24a4-5e32-a1eb-81504d5b2eca	18	14
Io le ho detto di no.	I told her no.	5b1c3c10-e151-518d-972b-96cfd1f70aef	21	14
Le dissi di no.	I told her no.	a5e5ccac-6f75-54e9-9f92-cd3f87d04a57	15	14
Io le dissi di no.	I told her no.	e7b9c53b-c19b-58dc-a85f-7800a9ab8467	18	14
Lo ha supplicato di restare.	She pleaded with him to stay.	ab416e2b-9446-5140-80df-ca2c59a283c0	28	29
Lei lo ha supplicato di restare.	She pleaded with him to stay.	47ee0332-e6e3-5e7d-af5c-a9cb5f45e71f	32	29
Lo ha supplicato di rimanere.	She pleaded with him to stay.	aba79390-ad09-5a7d-8636-4ea1a4af06f3	29	29
Lei lo ha supplicato di rimanere.	She pleaded with him to stay.	2cfd3ea9-624f-5ca3-ab77-c2e545707331	33	29
Lo supplicò di restare.	She pleaded with him to stay.	639bb6bf-94d0-58f0-a6a8-63c633af57d6	23	29
Lei lo supplicò di restare.	She pleaded with him to stay.	59df563b-c7e8-55a8-a05d-50c140e223a0	27	29
Lo supplicò di rimanere.	She pleaded with him to stay.	a0934915-6c2d-56c4-9b21-9a11f8aa9aca	24	29
Lei lo supplicò di rimanere.	She pleaded with him to stay.	caed3b45-2ea9-5ae1-aa6f-006ebf3ca86b	28	29
L'esecuzione è stata accolta con un applauso.	The performance was received with applause.	c5a03647-5978-5cdd-a68c-21e8146f84d7	45	43
Saresti dovuto restare con lui.	You should've stayed with him.	12b2a933-fe5c-5c11-8e7a-6b177dc5e2a3	31	30
Saresti dovuta restare con lui.	You should've stayed with him.	4f56b7ca-5b0f-5159-b906-1cab7459fc2a	31	30
Sareste dovuti restare con lui.	You should've stayed with him.	4249b8e2-c522-5d5f-a9c8-9cdc74f788ef	31	30
Sareste dovute restare con lui.	You should've stayed with him.	0ef1d507-9e8d-57bf-bd13-45746b3824e9	31	30
Sarebbe dovuto restare con lui.	You should've stayed with him.	ec50e479-43ce-5111-96fb-d697a6bcbe9c	31	30
Sarebbe dovuta restare con lui.	You should've stayed with him.	4e677b8b-345c-5234-9ba4-e29ba92a7601	31	30
Saresti dovuto rimanere con lui.	You should've stayed with him.	af6c3ab1-6b39-5280-b7ea-fedded1bdae6	32	30
Saresti dovuta rimanere con lui.	You should've stayed with him.	79a27af1-89f4-53b5-978d-777e3bc907b6	32	30
Sareste dovuti rimanere con lui.	You should've stayed with him.	f808317e-eb44-571e-ac1a-f6a6480225f9	32	30
Sareste dovute rimanere con lui.	You should've stayed with him.	3625c1e5-abc4-5a92-8404-8fb62e0d6542	32	30
Sarebbe dovuto rimanere con lui.	You should've stayed with him.	02744002-1e86-5e72-8914-9c198b09aa44	32	30
Sarebbe dovuta rimanere con lui.	You should've stayed with him.	305ae50e-d85a-5e5f-aa6b-cac82fe8cb05	32	30
Saresti dovuto restare con lei.	You should've stayed with her.	e0631eba-1918-52de-a483-be13b84df780	31	30
Saresti dovuta restare con lei.	You should've stayed with her.	ef531437-36f6-5f2d-b12f-2143fab368fc	31	30
Sareste dovuti restare con lei.	You should've stayed with her.	3388bdce-46e9-547c-a269-1d00dfc792fe	31	30
Sareste dovute restare con lei.	You should've stayed with her.	24c2bb4d-6d36-5365-8c42-92d7554c2535	31	30
Sarebbe dovuto restare con lei.	You should've stayed with her.	da0d765b-15b9-51b7-aa16-276fa2852456	31	30
Sarebbe dovuta restare con lei.	You should've stayed with her.	c6196392-8b1f-5652-8ffb-74ebfc3feb4d	31	30
Saresti dovuto rimanere con lei.	You should've stayed with her.	c3432e9e-c7d7-56a8-bf56-34e692a53165	32	30
Saresti dovuta rimanere con lei.	You should've stayed with her.	b3998ca0-3687-5eef-aed5-20f3ee857a7c	32	30
Sareste dovuti rimanere con lei.	You should've stayed with her.	70ca735c-ff77-57ac-8130-70fed57d00e6	32	30
Sareste dovute rimanere con lei.	You should've stayed with her.	7e6f0118-6f97-5fa4-aa70-4305a52a5382	32	30
Sarebbe dovuto rimanere con lei.	You should've stayed with her.	40b20e0c-4e42-5cbd-a645-06b00cf3f780	32	30
Sarebbe dovuta rimanere con lei.	You should've stayed with her.	6fd2ab1a-13bb-5b5c-ba1b-bb21946209c0	32	30
Saremmo dovuti restare con lui.	We should've stayed with him.	14629b37-ecac-5d76-8ebd-3fd122bf43c9	31	29
Noi saremmo dovuti restare con lui.	We should've stayed with him.	afcc1634-b3ff-5b3b-a613-1bd694e271ce	35	29
Saremmo dovute restare con lui.	We should've stayed with him.	18f60398-eeae-5789-ac4c-66c1156af524	31	29
Noi saremmo dovute restare con lui.	We should've stayed with him.	1601157f-5a2e-59bf-a76d-601fe52ab859	35	29
Saremmo dovute rimanere con lui.	We should've stayed with him.	95cebde9-5b0f-52db-914b-4a1f587b278b	32	29
Noi saremmo dovute rimanere con lui.	We should've stayed with him.	afc214a9-abb3-5ddf-a0f3-7dda9bc6fb5b	36	29
Saremmo dovuti rimanere con lui.	We should've stayed with him.	73606bf0-cc5f-5f16-b6ea-2672a2396334	32	29
Noi saremmo dovuti rimanere con lui.	We should've stayed with him.	e3c3a34a-9cc1-5c21-bbfb-ec02e8be8a3f	36	29
Saremmo dovuti rimanere con lei.	We should've stayed with her.	7a8f24a3-a6fc-5bf1-a81d-e24585787944	32	29
Noi saremmo dovuti rimanere con lei.	We should've stayed with her.	4936642f-b1c4-5086-bad9-ab0d299ede5e	36	29
Saremmo dovute rimanere con lei.	We should've stayed with her.	0537932c-d66c-5b3b-8032-46c3fe1f3675	32	29
Noi saremmo dovute rimanere con lei.	We should've stayed with her.	4788c960-aa54-55c8-b35e-4b8eee558529	36	29
Saremmo dovute restare con lei.	We should've stayed with her.	e6bf1f58-7b58-5125-8389-90ad6aa2085b	31	29
Noi saremmo dovute restare con lei.	We should've stayed with her.	0dd6ba7e-9ef5-5f9c-b961-f1bce77d5d19	35	29
Saremmo dovuti restare con lei.	We should've stayed with her.	f5efd9a1-460c-5482-b9b8-afd6b9ff0150	31	29
Noi saremmo dovuti restare con lei.	We should've stayed with her.	6c9c99ce-30bc-55cf-ad23-ff246272ef14	35	29
Sarei dovuto restare con lui.	I should've stayed with him.	6cf0b1bf-fb6b-5bfe-884f-fd1ad3a1c0d4	29	28
Io sarei dovuto restare con lui.	I should've stayed with him.	c8431306-a344-502c-897e-7d48966b37e2	32	28
Sarei dovuta restare con lui.	I should've stayed with him.	82cb4c7a-2e8f-5868-9d69-2e5d47323b44	29	28
Io sarei dovuta restare con lui.	I should've stayed with him.	abb21cd7-643a-5065-b4b4-545d70d99d0d	32	28
Sarei dovuta rimanere con lui.	I should've stayed with him.	0043949a-8f4a-537c-b99a-08b9b0394119	30	28
Io sarei dovuta rimanere con lui.	I should've stayed with him.	ea9ed4e4-98e9-5078-ba8a-19569b7e46b1	33	28
Sarei dovuto rimanere con lui.	I should've stayed with him.	a1c745e4-91b1-51ee-825a-ec950e1648d0	30	28
Io sarei dovuto rimanere con lui.	I should've stayed with him.	f73b01ba-ee97-50fe-a3f1-c20824de6de5	33	28
Sarei dovuto rimanere con lei.	I should've stayed with her.	4bc4569d-f897-5854-981c-cb4197044d5a	30	28
Io sarei dovuto rimanere con lei.	I should've stayed with her.	7f310f74-8af3-557c-920c-250bf5318d55	33	28
Sarei dovuta rimanere con lei.	I should've stayed with her.	76f50812-0720-520b-9805-5fe7a087cea1	30	28
Io sarei dovuta rimanere con lei.	I should've stayed with her.	83e1b14d-7d54-5bc7-87ab-866aa42ef47e	33	28
Sarei dovuta restare con lei.	I should've stayed with her.	e45c7ac9-b5f1-5335-841e-5457ea5439d7	29	28
Io sarei dovuta restare con lei.	I should've stayed with her.	7029c473-4903-5c91-92b2-e0c204dc3409	32	28
Sarei dovuto restare con lei.	I should've stayed with her.	91092593-b39d-53ca-8840-5b7370d399b5	29	28
Io sarei dovuto restare con lei.	I should've stayed with her.	4f0204ad-3b8a-54ff-b2cc-40ff7104f4ef	32	28
Voglio restare con lui.	I want to stay with him.	0605ffe9-cde3-5f82-a202-cf94ea49dd09	23	24
Io voglio restare con lui.	I want to stay with him.	e0677a7d-740c-550d-8d1b-003bb8b1f5b3	26	24
Voglio stare con lui.	I want to stay with him.	6415a9cd-41a7-56ab-b1f8-f90487921580	21	24
Io voglio stare con lui.	I want to stay with him.	94a4cf1c-8870-53ec-8847-5e27fa2ee087	24	24
Voglio rimanere con lui.	I want to stay with him.	f2e5008d-b717-59f8-8d2e-d8287fc30f43	24	24
Io voglio rimanere con lui.	I want to stay with him.	1c904e75-c695-5c3a-87d8-91e961b961c5	27	24
Voglio stare con lei.	I want to stay with her.	8934e7d1-1926-55bd-a05f-f0df604845b0	21	24
Io voglio stare con lei.	I want to stay with her.	698fbb87-b04a-5116-8d14-dbc1b900d3d5	24	24
Voglio restare con lei.	I want to stay with her.	8852deb6-79b1-5ffc-9959-b10268a09b80	23	24
Io voglio restare con lei.	I want to stay with her.	07f4ee01-23a1-52ca-91b3-aaafd2da19f7	26	24
Voglio rimanere con lei.	I want to stay with her.	9d12f559-06e0-5e0f-9e48-51001bec786d	24	24
Io voglio rimanere con lei.	I want to stay with her.	031f6d69-7275-56d4-871d-35cbfb84a9d9	27	24
Non hai molto, vero?	You don't have much, do you?	d152c4c2-4e18-532e-b204-e36c121a3b80	20	28
Tu non hai molto, vero?	You don't have much, do you?	61e0d76c-e671-517c-adc2-2a18f4751dbd	23	28
Non ha molto, vero?	You don't have much, do you?	36d8aeba-5aa3-59d7-af2e-c7c6af0909fc	19	28
Lei non ha molto, vero?	You don't have much, do you?	e171d133-ea0e-5d96-8e7a-23a38d56f55e	23	28
Non avete molto, vero?	You don't have much, do you?	6c539eab-0281-5cdd-b093-beb820b498e2	22	28
Voi non avete molto, vero?	You don't have much, do you?	9dcfb890-e3f1-567d-90fc-50f19e4f4c43	26	28
Non ti sto trattenendo.	I'm not holding you back.	ec73f9a4-bdac-5ca6-8dbd-f683e9d78566	23	25
Io non ti sto trattenendo.	I'm not holding you back.	fc70e214-3fbb-556c-bb87-40fe7d52c0ad	26	25
Non vi sto trattenendo.	I'm not holding you back.	1dfbb661-5eea-5c45-b39a-d959df513c7d	23	25
Io non vi sto trattenendo.	I'm not holding you back.	e6c7a39e-ff56-583d-897f-7d1b4c8992e2	26	25
Non la sto trattenendo.	I'm not holding you back.	507d9dc6-31d8-5b9b-83c6-2ebff5eca739	23	25
Io non la sto trattenendo.	I'm not holding you back.	95df74d5-9d8b-5e84-b929-7aea41805249	26	25
Pensi che voglia ancora che io resti con lui?	Do you think he still wants me to stay with him?	dd7dca2d-7576-5614-a690-471c9ad0c103	45	48
Tu pensi che voglia ancora che io resti con lui?	Do you think he still wants me to stay with him?	8714a489-c043-552b-9fb0-dabcf3f13b41	48	48
Pensa che voglia ancora che io resti con lui?	Do you think he still wants me to stay with him?	0f5bf16e-0df4-5ff8-b18c-512bf6e313ca	45	48
Lei pensa che voglia ancora che io resti con lui?	Do you think he still wants me to stay with him?	291c8486-2d7c-56e3-8704-9d3fd4eb4361	49	48
Pensate che voglia ancora che io resti con lui?	Do you think he still wants me to stay with him?	8c994656-eb2a-5a5a-9e57-5176ca7a493f	47	48
Pensi che voglia ancora che io rimanga con lui?	Do you think he still wants me to stay with him?	059c89f6-4a29-5e9e-b8ad-1b11840a9590	47	48
Tu pensi che voglia ancora che io rimanga con lui?	Do you think he still wants me to stay with him?	c04f499c-76e1-5d5b-b170-c6b0b0e55c63	50	48
Pensa che voglia ancora che io rimanga con lui?	Do you think he still wants me to stay with him?	cb5cbb6a-e798-5193-af4c-d50279d322e2	47	48
Pensate che voglia ancora che io rimanga con lui?	Do you think he still wants me to stay with him?	eb6de50a-2eba-56d9-aa4b-c1d1bc0dc085	49	48
Perché non li cita?	Why doesn't he subpoena them?	30d9a978-a5ae-50b7-b294-1d69fa00698e	19	29
Perché lui non li cita?	Why doesn't he subpoena them?	d142fec8-738e-5e71-8d4f-435b05158fe8	23	29
Perché non le cita?	Why doesn't he subpoena them?	a6c03b17-a2b0-596b-afb5-3174e400e10d	19	29
Perché lui non le cita?	Why doesn't he subpoena them?	2c0598d3-94ab-567b-87ad-b73504a7e5f4	23	29
Perché non li chiama a comparire?	Why doesn't he subpoena them?	81fa303d-02ee-5474-b0e1-bf3ed4fe4188	33	29
Perché lui non li chiama a comparire?	Why doesn't he subpoena them?	99e32c96-0311-5c64-9fef-d9cfb8fb1a21	37	29
Perché non le chiama a comparire?	Why doesn't he subpoena them?	63652a55-d78a-5580-975b-213acdfb9fbe	33	29
Perché lui non le chiama a comparire?	Why doesn't he subpoena them?	6f8f3528-97c4-5205-a186-72f11ce4db67	37	29
Non ho bevuto troppo.	I didn't drink too much.	358ad0a8-627e-578e-b2f9-cb9e97c1e006	21	24
Io non ho bevuto troppo.	I didn't drink too much.	ee204650-55fd-5c9a-9dfc-3e97e7297211	24	24
I corpi dei rettili sono ricoperti di squame.	The bodies of reptiles are covered by scales.	a3c1d03b-c69f-5007-ada4-1af2323e4553	45	45
Lui è il figlio più grande.	He's the oldest son.	95f57ea6-81d0-52cc-9b9e-386b83f6ec4d	27	20
Perché le persone non vanno in letargo?	Why don't people hibernate?	d2364169-115b-5b2c-b8dc-308b96cc6258	39	27
Perché la gente non va in letargo?	Why don't people hibernate?	573d4ffc-55ae-5434-9345-8560bcdb85bc	34	27
Non sono un granché come meccanico.	I'm not much of a mechanic.	ee1b338d-5c32-5f76-aad7-3a437c508a22	35	27
Io non sono un granché come meccanico.	I'm not much of a mechanic.	9efe6b8f-dedf-5e72-8a3a-4588aa6b7422	38	27
I pesci hanno branchie e pinne.	Fish have gills and fins.	6345dc70-c7b0-5ce0-8fe5-06f06e353af3	31	25
Sono bulgaro.	I am Bulgarian.	e4d4f4e9-957c-5c2d-b39a-b4fec8b5fa8f	13	15
Io sono bulgaro.	I am Bulgarian.	7127923e-67fa-5376-bc02-177167cf586c	16	15
Sono bulgara.	I am Bulgarian.	a37ebe56-f9ce-5075-a9d9-aa7a15505498	13	15
Io sono bulgara.	I am Bulgarian.	70ddc3f5-64bf-52a1-ac80-e255ab7f6f09	16	15
Tom si è preso la clamidia da Mary.	Tom caught chlamydia from Mary.	82426415-01d5-5c99-81fa-31ba326d7d1d	35	31
Tom si prese la clamidia da Mary.	Tom caught chlamydia from Mary.	68036761-3729-5e77-962d-316ff72c657c	33	31
Puoi riportarlo?	Can you bring him back?	6226760f-28c0-5bf1-818e-bb185be97bc5	16	23
Tu puoi riportarlo?	Can you bring him back?	b7b437ef-87b1-5aaa-a331-61c789a231bd	19	23
Può riportarlo?	Can you bring him back?	30fd8f7c-1192-5e0c-bca4-5319efedc856	15	23
Lei puoi riportarlo?	Can you bring him back?	6d33f00a-f3ae-5aad-836e-c1a854b054ca	20	23
Potete riportarlo?	Can you bring him back?	d05e3e77-8a50-5dc9-8c0e-ff9f491c74da	18	23
Voi potete riportarlo?	Can you bring him back?	bf8a282d-92b2-5c5d-b6b4-c852c25935e1	22	23
Portagli un po' di cibo.	Get him some food.	7e1afd7b-a662-5f97-94a6-7faaaef9eef3	24	18
Portategli un po' di cibo.	Get him some food.	172af896-5a87-5963-82e3-20be2d97465f	26	18
Gli porti un po' di cibo.	Get him some food.	91a6bc82-99b1-5afd-98fd-2bb1eab66d58	25	18
Porta un po' di cibo a Tom.	Get Tom some food.	6cbb54d4-ee5d-502f-a709-03b290d84803	27	18
Portate un po' di cibo a Tom.	Get Tom some food.	a53c0e35-1868-54fd-8711-9d9263317236	29	18
Porti un po' di cibo a Tom.	Get Tom some food.	fa8e8359-083a-589c-b222-49c455c12cd1	27	18
Portaci un po' di cibo.	Get us some food.	93a0a9fb-b385-5f91-91f7-57ec41bfedc7	23	17
Portateci un po' di cibo.	Get us some food.	94ce6040-45de-5975-baf5-a2fd01351cd2	25	17
Ci porti un po' di cibo.	Get us some food.	d2fe9fdb-cdeb-599d-9336-088a06421a8b	24	17
Porta loro un po' di cibo.	Get them some food.	34c6f9e2-c648-5caa-9e5e-a87725888f9a	26	19
Portate loro un po' di cibo.	Get them some food.	b881a7b6-82cb-5342-a63a-06132e1dad1e	28	19
Porti loro un po' di cibo.	Get them some food.	3131692f-39ac-515b-a814-99329d412b26	26	19
Portami un po' di cibo.	Get me some food.	23945d79-6d1d-59c4-a6fe-be1efcd20412	23	17
Portatemi un po' di cibo.	Get me some food.	60314348-026d-5057-b4a1-cab6b727a181	25	17
Mi porti un po' di cibo.	Get me some food.	a645643c-ee5a-563d-b99f-3ca7a5edded2	24	17
Portale un po' di cibo.	Get her some food.	bdb462eb-3d1d-5f8f-9cae-61352d2d9971	23	18
Portatele un po' di cibo.	Get her some food.	96732977-4dfa-568a-948d-ef0d22d9a724	25	18
Le porti un po' di cibo.	Get her some food.	1ae3ef97-b144-5c66-81c2-4a4faa4919ee	24	18
Abbiamo iniziato a camminare.	We started to walk.	ac6d3223-a455-5dca-bacb-5228c4e1afcd	29	19
Noi abbiamo iniziato a camminare.	We started to walk.	44032a6c-b6ea-5043-8105-2ddb8b60f78b	33	19
Abbiamo iniziato a passeggiare.	We started to walk.	659b6aed-a94e-5869-b074-00671a9e5e73	31	19
Noi abbiamo iniziato a passeggiare.	We started to walk.	edd2ef56-f9a6-5a7b-a00e-5254fdf6fc02	35	19
Abbiamo cominciato a passeggiare.	We started to walk.	47237465-9f9a-5e34-9d47-122bc03f1ef3	33	19
Noi abbiamo cominciato a passeggiare.	We started to walk.	4999a90c-6ec2-5c9b-a1a4-0ea4c214b2d2	37	19
Abbiamo cominciato a camminare.	We started to walk.	76f8f24c-16b3-553d-858a-afd91aaa754b	31	19
Noi abbiamo cominciato a camminare.	We started to walk.	0afd3146-ccd3-5418-910e-92c581ad78c0	35	19
Perché Tom non ti aiuta?	Why doesn't Tom help you?	0279b773-02cb-502a-a174-e4593812ed3a	24	25
Perché Tom non vi aiuta?	Why doesn't Tom help you?	528f8276-0bc8-5088-b16d-dc4384ceeb5f	24	25
Perché Tom non la aiuta?	Why doesn't Tom help you?	7e411e27-04ea-5981-92a5-8c7d97c87335	24	25
Tu sei la vittima di una bufala.	You're the victim of a hoax.	01d5504e-9809-545d-9a82-86feed732073	32	28
Sei la vittima di una bufala.	You're the victim of a hoax.	3eaea42e-1798-5e89-9c23-0b5a12d21ba4	29	28
È la vittima di una bufala.	You're the victim of a hoax.	c76fa956-44e7-5436-a19e-26d54a8454cb	27	28
Lei è la vittima di una bufala.	You're the victim of a hoax.	754fd307-be83-504e-945f-dd56182b8300	31	28
Allora, qual è il problema?	So, what's the problem?	4f793f2e-e321-5c7e-a57d-a2f9a4045b30	27	23
Quindi, qual è il problema?	So, what's the problem?	5b4ffc68-f312-5aa1-a675-5b31e058db53	27	23
Portalo lontano da qui.	Get him away from here.	5f140063-97d4-56d9-ab28-8e49ea313ba8	23	23
Portatelo lontano da qui.	Get him away from here.	1d33f57f-0fbe-5acd-9262-9d5d36beb0f0	25	23
Lo porti lontano da qui.	Get him away from here.	53f5f602-c65e-5736-9914-60c9075a81a9	24	23
Andiamo a prendere un po' di cibo.	Let's go get some food.	7e7fc974-5d4f-52ab-9adf-7baa21364cce	34	23
Devo prendere un po' di cibo.	I have to get some food.	33cbf035-c2f0-59b4-a3c7-b2ed4cd76d69	29	24
Io devo prendere un po' di cibo.	I have to get some food.	b98a6d8a-fdba-5820-bbd5-69da22fb294f	32	24
È schifosa.	She's minging.	24b49794-9225-53a2-a234-5387c170c186	11	14
Lei è schifosa.	She's minging.	5b67a645-de3a-59e9-940b-90e1b034ba43	15	14
È disgustosa.	She's minging.	b499484c-c57e-5902-8dd1-06a3cc255b02	13	14
Lei è disgustosa.	She's minging.	f6df1d5e-e75d-52d2-be3a-475603a355d1	17	14
È ripugnante.	She's minging.	92bb7b5e-f387-5aa3-a6f3-0ed0dc0ddf27	13	14
Lei è ripugnante.	She's minging.	8387a698-93cd-59c6-bd16-caa5f2de9162	17	14
È rivoltante.	She's minging.	c1128ff1-7589-5178-990a-dccf6cc83327	13	14
Lei è rivoltante.	She's minging.	aa3148a5-cebd-5f62-bf8a-b1d7e602083b	17	14
Devo andare a prendere un po' di cibo.	I have to go get some food.	36829a92-48e9-5eb3-a739-67e2e550ccd1	38	27
Io devo andare a prendere un po' di cibo.	I have to go get some food.	b6ace02e-58af-5c1d-a4a2-e314471b28eb	41	27
Ci si sente orribilmente ad essere compatiti.	It feels horrible to be pitied.	49e2ea29-5d4b-5dcf-9272-12c8a2a15871	45	31
La prossima volta vengo anch'io.	Next time, I'm coming, too.	1d5aee8e-0bf6-5e2e-ab71-bceb015545a0	32	27
La prossima volta vengo anche io.	Next time, I'm coming, too.	9d915088-27fd-52ef-bc31-986d920b8a0e	33	27
Ho fatto tutto quello che hai chiesto.	I've done everything you've asked.	2f30cf7b-cdb0-5698-9735-4e4ed886389c	38	34
Ho fatto tutto quello che ha chiesto.	I've done everything you've asked.	9822e7e6-2c0b-574d-b7fe-f80d8f1e0f38	37	34
Ho fatto tutto quello che avete chiesto.	I've done everything you've asked.	f80c9d62-4fa2-5c0b-a949-c4a7981521d9	40	34
Verrà domani.	He will come tomorrow.	b940f850-4cd0-5d94-94e3-8166c9fc762b	13	22
Lui verrà domani.	He will come tomorrow.	cadae32a-a400-510c-83d6-fd31995b814a	17	22
Smettila di fare domande.	Stop asking questions.	c9d50c1f-c71b-519d-ba3b-cc0c85050654	25	22
La smetta di fare domande.	Stop asking questions.	49e4c40a-b0a0-5426-baef-7063dd578f94	26	22
Smettetela di fare domande.	Stop asking questions.	20586562-ed8b-5dd3-8a8e-1d99437e2dcd	27	22
Tua figlia è sotto l'effetto di droghe.	Your daughter's on drugs.	235253a2-dc45-5e7a-b840-dc9905c8e185	39	25
Sua figlia è sotto l'effetto di droghe.	Your daughter's on drugs.	50da30a8-a563-55d4-90cd-4489964f577d	39	25
Vostra figlia è sotto l'effetto di droghe.	Your daughter's on drugs.	b768c737-45d4-5507-8d27-9fc28b38ce35	42	25
Verrà presto.	He will come soon.	20d69a10-b1d5-58c3-99bc-ebd688656e74	13	18
Lui verrà presto.	He will come soon.	12b7a41d-5638-5f52-88d1-1541852df059	17	18
Ella verrà presto.	She will come soon.	dfde87ec-0544-5b6c-9320-198c5bc26987	18	19
Lei verrà presto.	She will come soon.	56c2661b-0397-57d0-b255-d82704ae5b09	17	19
Lei dice che verrà.	She says she will come.	caf6e767-5eae-5c28-ae91-df95dd4814a8	19	23
Verrà dopo.	He will come afterwards.	02eda775-6c3f-565c-9793-5ce619f357d7	11	24
Verrà domani?	Will he come tomorrow?	380f4ec3-3c76-5f0a-b03a-440b410f449b	13	22
Lui verrà domani?	Will he come tomorrow?	c02ec344-3b77-57a1-9b5b-2262bf2d791d	17	22
Quando verrà?	When will he come?	4d0386f6-50e4-5404-873a-b8ddef8ea1f7	13	18
Lui quando verrà?	When will he come?	d0287a11-f535-5600-8636-2ea54d85a5b3	17	18
Quando verrà lui?	When will he come?	30ba7076-715d-5f64-a4cb-25bc73d06a56	17	18
Verrà più tardi.	He will come later.	2fdd0f20-871a-57fa-b991-de9a426a8874	16	19
Lui verrà più tardi.	He will come later.	ff2bd426-7e0c-5998-8481-c9e952cad887	20	19
Probabilmente verrà presto.	Probably he will come soon.	b64c4367-2744-5b68-805d-41e6ac4724c3	27	27
Probabilmente lui verrà presto.	Probably he will come soon.	b626d68f-aaa5-5693-a627-ae9b52ac308a	31	27
Penso che gli amici siano importanti.	I think friends are important.	146ef61d-e6d8-5c41-9ec1-ecdf5b9f2d99	37	30
Io penso che gli amici siano importanti.	I think friends are important.	05d6410f-5503-5804-a402-036ca2660ea3	40	30
Tornerà mai?	Will he ever come back?	de461aab-7a19-5b36-ac67-8e70e3f639e2	12	23
Lui tornerà mai?	Will he ever come back?	7a65fd2b-9d01-591b-b79e-2e15b2fdae9a	16	23
Non c'è dubbio che verrà.	No doubt he will come.	c8e3bca5-d379-5746-8ce1-aa4054a0f5c4	25	22
Non c'è dubbio lui che verrà.	No doubt he will come.	204c94f7-4817-5ec5-9744-9b33ebc39847	29	22
Verrà a casa presto?	Will he come home soon?	f97fb05d-491c-51d5-8977-30dd2d1521f1	20	23
Lui verrà a casa presto?	Will he come home soon?	4c557288-57fc-59c7-8a59-1f91d074a007	24	23
Il suo ragazzo l'ha fatto per lei.	Her boyfriend did it for her.	f6d21f40-ad67-598b-84c2-a3ba65ebc7dc	34	29
Il suo ragazzo l'ha fatta per lei.	Her boyfriend did it for her.	815c3f53-b629-5f69-acd5-f0bee13a9cac	34	29
Il suo ragazzo lo ha fatto per lei.	Her boyfriend did it for her.	fc0d2a56-1b8d-56e0-8fcd-3506a35a370c	35	29
Il suo fidanzato l'ha fatto per lei.	Her boyfriend did it for her.	eb97eb54-12e4-5d27-b312-67b45fedb4b8	36	29
Il suo fidanzato l'ha fatta per lei.	Her boyfriend did it for her.	8025338b-5cc6-5463-b03c-46238fe4fccb	36	29
Il suo fidanzato lo ha fatto per lei.	Her boyfriend did it for her.	94033674-3b9b-5f3f-8282-f1ad2139610d	37	29
Il suo moroso l'ha fatto per lei.	Her boyfriend did it for her.	9a3e13b4-56d9-5c91-af87-98ae8014a75a	33	29
Il suo moroso lo ha fatto per lei.	Her boyfriend did it for her.	cf5c113a-b98c-59bb-a064-21b73d14c82d	34	29
Il suo moroso l'ha fatta per lei.	Her boyfriend did it for her.	69a365ba-faa4-54de-9c96-d90002a882bd	33	29
L'autobus aveva dieci minuti di ritardo.	The bus was ten minutes late.	28a45bc2-ee38-528b-aad0-92497270e333	40	29
Ero in ritardo per il lavoro.	I was late for work.	86f0edb6-bd9b-5639-a047-fc2b9594f5b8	29	20
Io ero in ritardo per il lavoro.	I was late for work.	b57dd5aa-29e3-5896-84f7-6f2b4618ae71	32	20
Scenderà presto.	He will come down soon.	969c2f8f-956d-5412-a6e8-361457bf2cca	16	23
Lui scenderà presto.	He will come down soon.	6e02a589-829d-5b37-9efc-f99d969ec485	20	23
Mi sento brutta.	I feel ugly.	bfc410ae-0727-5517-8fe0-7010a71b0c0b	16	12
Mi sento brutto.	I feel ugly.	f3892c88-ad9f-594a-ba73-1dd2f4e3e4e3	16	12
Sono brutta.	I'm ugly.	b651fb3c-6b51-5650-9b74-d8f6bd47d8af	12	9
Sono brutto.	I'm ugly.	f5820cb6-343e-5a1d-9fd5-16883e6f8a65	12	9
Ti piacciono i broccoli?	Do you like broccoli?	d2ad2773-0666-56ae-966b-fd71243aa401	24	21
Vi piacciono i broccoli?	Do you like broccoli?	f5b81493-d117-527e-b69d-fa1b39c73d75	24	21
Le piacciono i broccoli?	Do you like broccoli?	3985dfde-02b7-540f-bab6-176b7a1ccc38	24	21
A te piacciono i broccoli?	Do you like broccoli?	d499cb69-d830-5032-90eb-537b7e008f72	26	21
A voi piacciono i broccoli?	Do you like broccoli?	4313595f-cc3c-5f2d-a946-82779917d5b1	27	21
A lei piacciono i broccoli?	Do you like broccoli?	54d47496-aa18-5a1f-b4be-6e07700a6715	27	21
Mangia i tuoi broccoli!	Eat your broccoli!	523c1278-1a87-5862-86c7-cf0c7727192b	23	18
Mangi i suoi broccoli!	Eat your broccoli!	5e5c5ddd-a284-5b4f-bcf2-d87b9d9b53b2	22	18
Mangiate i vostri broccoli!	Eat your broccoli!	caf0e67d-9c01-5335-a974-88e3096c748f	27	18
Amo i broccoli.	I love broccoli.	ee2dee41-5260-581f-bc18-ccdde94494f0	15	16
Io amo i broccoli.	I love broccoli.	042b1790-a060-5f56-beee-1cbe84f62783	18	16
A Tom non piacciono i broccoli.	Tom doesn't like broccoli.	084bb687-02ed-5f33-83e3-92bdcd17c733	31	26
Posso avere più broccoli?	Can I have more broccoli?	0cf5b430-3e17-508c-9ea0-a6c65af966d7	25	25
Io posso avere più broccoli?	Can I have more broccoli?	91ae0998-b14e-565e-ae92-b6dc5c8077b9	28	25
Tu hai mangiato tutti i tuoi broccoli?	Did you eat all your broccoli?	5dd69530-a357-54f9-866d-df6d4413a88c	38	30
Lei ha mangiato tutti i suoi broccoli?	Did you eat all your broccoli?	dc05ce01-2ac3-5504-b79b-54c5d0eaf7a5	38	30
Voi avete mangiato tutti i vostri broccoli?	Did you eat all your broccoli?	f178c37c-2408-5e1e-82df-4d17d6adbb8a	43	30
I broccoli sono una delle verdure più salutari.	Broccoli is one of the healthiest vegetables.	6e0bcabc-2c21-5df7-96ec-63f52e2a8d32	47	45
I broccoli di oggi sono stracotti e insapori.	Today's broccoli is overcooked and tasteless.	b0e62af8-5728-5be9-ae1f-b3a5cac4ca36	45	45
Mi piacciono i broccoli, però odio il cavolfiore.	I like broccoli, but I hate cauliflower.	ed4e82e6-2204-59c5-828c-d56b4a8b505c	49	40
I broccoli sono una delle verdure migliori per te.	Broccoli is one of the best vegetables for you.	73c609bf-2e16-5608-a905-5c6a1d68dea3	50	47
Mangia i tuoi broccoli o non avrai il dolce!	Eat your broccoli or you won't get any dessert!	d1ed8510-5921-5f4d-8d08-c78f8d62d428	44	47
Mangi i suoi broccoli o non avrà il dolce!	Eat your broccoli or you won't get any dessert!	d90cb96b-1d47-5eaf-86c8-f4cac9d76137	42	47
Mangiate i vostri broccoli o non avrete il dolce!	Eat your broccoli or you won't get any dessert!	327ae394-4e4c-58c6-b5ec-87cb5e517fd2	49	47
Poteva essere impedito.	That could've been prevented.	f4ae3d22-19ec-50b9-ae66-af8363e0a4e6	23	29
Questo era evitabile.	This was avoidable.	519e4c31-59c8-5d07-a5df-03a413dee504	21	19
Ciò era evitabile.	This was avoidable.	a1826950-1055-5e61-a8f3-3d3a154663f1	18	19
Sta soffiando il vento.	The wind is blowing.	3a7aa3c9-4cbd-5258-b3e1-548aa502e4ec	23	20
Tom ha realizzato un film sulla sua infanzia.	Tom made a film about his childhood.	a2d7b559-e577-5ad0-844a-aa0729a55873	45	36
Tom realizzò un film sulla sua infanzia.	Tom made a film about his childhood.	05143d15-9a2a-5f89-9897-cf5c93522306	40	36
Leggete una frase ciascuno.	Read one sentence each.	776ec017-2b8f-5788-b12b-8fd07ee1028b	27	23
Leggete una frase ciascuna.	Read one sentence each.	1ac5390c-3b58-5b01-94fc-71ba91b99a7e	27	23
Non c'è più sale.	There's no more salt.	a71a23f5-32c6-5563-ab03-106e7632c985	17	21
Questo cane è grande.	This dog is big.	bfe99abf-6a64-54fe-b7f4-dce494317fbd	21	16
Quei cani sono grandi.	Those dogs are big.	27ca9359-488d-5067-8672-53f6207d9dd2	22	19
Quel cane è grande.	That dog is big.	38399b2d-0472-5510-ace0-502d996ea1f9	19	16
C'erano telecamere nascoste ovunque.	There were hidden cameras everywhere.	63d0eb8e-e7b7-5aee-aecc-65305fcf52a1	36	37
Il file è nascosto?	Is the file hidden?	168d5fa6-87a6-5cf0-a7e4-17340a9053fc	19	19
L'archivio è nascosto?	Is the file hidden?	53f227b9-d794-5c75-8234-17c8395823a8	22	19
È andato in Gran Bretagna.	He has gone to Britain.	8c0a0ff8-ad2a-5bef-9f2b-835eea182708	26	23
Lui è andato in Gran Bretagna.	He has gone to Britain.	e12dad57-8a16-5736-912f-195f6752fa1c	30	23
Mia sorella è un'insegnante di inglese.	My sister is an English teacher.	69633ca9-97da-59e2-b3c4-2eff2d6c85e1	39	32
Mia sorella è una professoressa di inglese.	My sister is an English teacher.	e3cd8769-7043-50d7-864a-6f809c46bc65	43	32
Una lepre gareggiò con una testuggine.	A hare raced with a tortoise.	f196660f-f74d-5c9d-a254-ac9ae482ff41	38	29
Una lepre ha gareggiato con una testuggine.	A hare raced with a tortoise.	3fcfb2bc-de55-5c60-b4dd-6556855074a0	43	29
L'acqua congela a zero gradi Celsius, giusto?	Water freezes at zero Celsius, right?	58106490-e592-50bb-a454-b25b432b12fb	45	37
Dovremmo ancora aspettare.	We should still wait.	62244087-5efc-565e-96e3-99f0abdce8a2	26	21
Noi dovremmo ancora aspettare.	We should still wait.	80d23181-66db-5e84-9840-5fd63ea3c4a4	30	21
La sta ancora aspettando.	He's still waiting on her.	6d5143c7-dd09-5ff0-a810-0fdffa587429	25	26
Lui la sta ancora aspettando.	He's still waiting on her.	f92a5aa4-e928-5064-a151-b8d6cf93f0d9	29	26
Tom sta ancora aspettando Mary.	Tom is still waiting for Mary.	55c7aff8-ebd3-575a-96cd-efe75b1b9634	31	30
Ti stiamo ancora aspettando.	We're still waiting for you.	c3bf0a80-f779-5837-b3da-b9f7b07d3635	28	28
Noi ti stiamo ancora aspettando.	We're still waiting for you.	fb35d1fa-76e4-5abc-b83c-feaa9a716741	32	28
Vi stiamo ancora aspettando.	We're still waiting for you.	0522b139-5fbd-5ffe-a280-bece24c8be6e	28	28
Noi vi stiamo ancora aspettando.	We're still waiting for you.	58aeaa2f-bd68-53e0-bb3c-f1d26d171bd1	32	28
La stiamo ancora aspettando.	We're still waiting for you.	273d4c48-c903-549e-be53-43602e253fc6	28	28
Noi la stiamo ancora aspettando.	We're still waiting for you.	5913bd1c-5b85-550a-8b71-d481492ccea8	32	28
Li stiamo ancora aspettando.	We're still waiting for them.	0e9425ae-2b88-5d81-950c-4bfb218952e0	28	29
Noi li stiamo ancora aspettando.	We're still waiting for them.	f1a63c98-08cd-597c-8a4c-c592c36da45b	32	29
Le stiamo ancora aspettando.	We're still waiting for them.	5986fb8a-c9f5-5730-b2ed-bdfa271b9a22	28	29
Noi le stiamo ancora aspettando.	We're still waiting for them.	0ebca2c7-5631-5e21-a8d5-989461f9aaf4	32	29
Lo stiamo ancora aspettando.	We're still waiting for him.	b9f948c5-8aa0-59c4-afd0-ccab0bdff478	28	28
Noi lo stiamo ancora aspettando.	We're still waiting for him.	ac44c55e-8176-5782-af27-ae3086f637cb	32	28
Sto ancora aspettando Tom.	I'm still waiting for Tom.	014e64e2-4329-5d56-ae25-fbce43b014e5	26	26
Io sto ancora aspettando Tom.	I'm still waiting for Tom.	aaa435e9-d644-5190-af31-bcf7f6ffbaca	29	26
Li sto ancora aspettando.	I'm still waiting for them.	c7b769f7-ba60-5a46-8479-b0209c2bedb8	25	27
Io li sto ancora aspettando.	I'm still waiting for them.	f8aaa88b-1f1b-5a9a-a5c4-7dcba8d52026	28	27
Le sto ancora aspettando.	I'm still waiting for them.	e7cca7d4-81a9-58c2-9ca2-27da90ead54d	25	27
Io le sto ancora aspettando.	I'm still waiting for them.	1918e5b5-c2da-57b2-a936-6ef843c74c47	28	27
Tom è ancora lì che ti sta aspettando.	Tom is still there, waiting for you.	a4fb6a4b-8867-5cd0-8f88-c4956694eadc	38	36
Tom è ancora lì che vi sta aspettando.	Tom is still there, waiting for you.	da55a416-cbe4-569c-9fd4-b3c5a593b474	38	36
Tom è ancora lì che la sta aspettando.	Tom is still there, waiting for you.	c34c6fc1-071f-58f1-af08-0e62f69d7eba	38	36
Ha svuotato il suo bicchiere in un sorso.	He emptied his glass in one gulp.	eb39bc34-7d00-5c95-b524-99191a30efd3	41	33
Lui ha svuotato il suo bicchiere in un sorso.	He emptied his glass in one gulp.	74cde488-d92e-52f3-8b23-1bb8dca664fe	45	33
Svuotò il suo bicchiere in un sorso.	He emptied his glass in one gulp.	265d89ea-f29f-5972-aadb-06d0bfde1065	36	33
Lui svuotò il suo bicchiere in un sorso.	He emptied his glass in one gulp.	d3f26d66-f400-5d3f-bd94-650b364c0535	40	33
Tom sta ancora aspettando una risposta.	Tom is still waiting for an answer.	077c8901-49de-5ca3-a014-0436867dc2cc	39	35
Stiamo ancora aspettando una risposta.	We're still waiting for an answer.	9c65b1e3-07cb-564d-a7b8-34563998382b	38	34
Noi stiamo ancora aspettando una risposta.	We're still waiting for an answer.	25350cfc-505d-587a-8b67-34057c41b6ba	42	34
La lepre è stata superata dalla testuggine.	The hare was overtaken by the tortoise.	0eca1326-23b0-55a9-93bd-9c4d525f3f2f	43	39
Sto ancora aspettando che succeda.	I'm still waiting for it to happen.	ce521cb3-37e5-54ca-833d-c98cb732a50a	34	35
Io sto ancora aspettando che succeda.	I'm still waiting for it to happen.	85b2bc64-afe7-5edb-b56f-ba0b765c684a	37	35
Sto ancora aspettando che capiti.	I'm still waiting for it to happen.	5e5343a6-0482-515d-bccd-b427f3cea769	33	35
Io sto ancora aspettando che capiti.	I'm still waiting for it to happen.	d3d45bd6-6bab-542d-8c5a-a7977636ecc5	36	35
Loro sono alti?	Are they tall?	f835cca1-e1d7-5ade-a010-a8ee71fdedc7	15	14
Loro sono alte?	Are they tall?	4265a449-0d1e-51fd-ac38-c3570c3d7814	15	14
Tom è ancora seduto nella sala d'attesa.	Tom is still sitting in the waiting room.	300c04bd-0336-53d2-b845-57c776e52401	40	41
Sto ancora aspettando che i prezzi calino.	I'm still waiting for the prices to drop.	3f5d81c4-6653-5798-a603-5ace4dc6ebe1	42	41
Io sto ancora aspettando che i prezzi calino.	I'm still waiting for the prices to drop.	47396e0e-fd12-5f1b-852c-f96a87daf08b	45	41
Sono un pesce nel fiume.	I am a fish in the river.	22ff006f-99b3-536a-8635-536401e6c4c5	24	25
Io sono un pesce nel fiume.	I am a fish in the river.	ebb5b7b6-f739-5ad1-b255-058ddca4f960	27	25
Non penso che lo capirebbe.	I don't think she would understand it.	a787ad06-0f07-5c65-8a7c-45c962f7682f	27	38
Io non penso che lo capirebbe.	I don't think she would understand it.	0ea541f8-42d2-5928-9382-71f1847688a1	30	38
Non penso che la capirebbe.	I don't think she would understand it.	5d2e3a05-2e24-5f78-9e76-5e02afda4811	27	38
Io non penso che la capirebbe.	I don't think she would understand it.	69d669a1-49f7-5d37-a186-7343ab0968d3	30	38
Non penso che lei la capirebbe.	I don't think she would understand it.	1b303c1a-95a1-5733-8c0a-34b39c153a72	31	38
Io non penso che lei la capirebbe.	I don't think she would understand it.	a80ac19d-b408-5294-bc4a-ef01ebb89285	34	38
Non penso che lei lo capirebbe.	I don't think she would understand it.	2424feb0-5ce8-584b-99eb-a9a51a5fd455	31	38
La storia ci ha colpiti profondamente.	The story affected us deeply.	e4d82bf9-aee6-5a23-8007-aa571a0e1a10	38	29
La storia ci ha colpite profondamente.	The story affected us deeply.	4ad7de3e-0969-55d6-9594-1e3a60580a73	38	29
La storia ci colpì profondamente.	The story affected us deeply.	b4ad9782-a251-5194-9e84-d8ad64f8416d	33	29
Tom prova sempre ad aiutare le altre persone.	Tom always tries to help other people.	4b4dc140-abfb-502a-a0a2-63e27c5d19bd	45	38
Tom cerca sempre di aiutare le altre persone.	Tom always tries to help other people.	9e436010-4446-5215-b1a8-ed186c20304d	45	38
Tom non sa assolutamente nulla di Mary.	Tom doesn't know anything about Mary at all.	c9dbf81c-ea26-53e0-888a-6eac381cb1c2	39	44
Tom non sa assolutamente niente di Mary.	Tom doesn't know anything about Mary at all.	829778c7-fed6-58a4-975e-ab0efac9759d	40	44
Tatoeba era chiuso per Natale.	Tatoeba was closed for Christmas.	87d35907-42b9-5eb2-ae39-32265b7e4e95	30	33
Stai cantando delle canzoni per me.	You are singing songs for me.	b09d8ced-122c-55de-927e-b209d78de4c2	35	29
Tu stai cantando delle canzoni per me.	You are singing songs for me.	48c048ae-f79e-5623-80e6-be4e27a22e51	38	29
Sta cantando delle canzoni per me.	You are singing songs for me.	00c87a79-4a3f-536a-9f13-4b5dc2d49a0a	34	29
Lei sta cantando delle canzoni per me.	You are singing songs for me.	ce6a37fa-a173-5c97-b88d-973837984f58	38	29
State cantando delle canzoni per me.	You are singing songs for me.	b9453cfc-44db-5525-b199-8df4c8671f24	36	29
Voi state cantando delle canzoni per me.	You are singing songs for me.	d79b565b-4fad-52f7-b01b-c280d690f9c7	40	29
Qual era il problema con Tom?	What was the matter with Tom?	3c88cd31-c489-5ce1-a305-d6c4127fb242	29	29
Tom non vuole sposarsi con Mary.	Tom doesn't want to marry Mary.	c5ee5c8e-339e-5f54-aa5a-cf3d0cc98702	32	31
Tom non si vuole sposare con Mary.	Tom doesn't want to marry Mary.	b9fa2c31-76dc-5f36-9bd9-8c99d03b9443	34	31
Tom non vuole sposare Mary.	Tom doesn't want to marry Mary.	27213d52-3d8a-5955-a698-1135d7073379	27	31
Non dirmi che sei stanco.	Don't tell me you're tired.	061d715e-14f7-56ef-b085-9c24460746b8	25	27
Non dirmi che sei stanca.	Don't tell me you're tired.	3b8d0989-a556-59fc-97a5-9d95caf02602	25	27
Non mi dica che è stanco.	Don't tell me you're tired.	e44cb32c-aaf6-554e-a725-3931088eb39d	25	27
Non mi dica che è stanca.	Don't tell me you're tired.	bfb2f908-7ecf-54f0-a31c-097621c3c053	25	27
Non ditemi che siete stanchi.	Don't tell me you're tired.	dcfb5e2a-9d53-5e06-9f4e-b35c11d88b2b	29	27
Non ditemi che siete stanche.	Don't tell me you're tired.	619f0b6e-ca03-504e-8cd6-1c9355da2180	29	27
I libri hanno un proprio destino.	Books have a fate of their own.	6c6a65fd-0b6f-54ba-85cb-78d2ff0f8705	33	31
Perché vorrei studiare il francese?	Why would I want to study French?	541bc98b-8f88-5791-94e6-28210ffc071c	35	33
Dacci un momento, per favore.	Give us a moment, please.	6e046f63-b8a3-59bf-a8a9-6c2105af3d17	29	25
Dacci un momento, per piacere.	Give us a moment, please.	087ba60e-5afb-55c6-bc11-6a96c48fd707	30	25
Ci dia un momento, per favore.	Give us a moment, please.	81a29cec-3ce2-54b6-aec8-0538d2932cd0	30	25
Ci dia un momento, per piacere.	Give us a moment, please.	901ed637-270c-5127-bbcd-17a3aee614f0	31	25
Dateci un momento, per favore.	Give us a moment, please.	837be122-3f4d-5aa8-a013-6dd79e9bc235	30	25
Dateci un momento, per piacere.	Give us a moment, please.	9c090d09-a9be-5f71-accf-38ede3340f88	31	25
L'ho visto uscire dalla stanza proprio ora.	I saw him go out of the room just now.	f0e0e5bc-f580-5042-a384-fe8c6ce9bb6c	43	38
Qual è il tuo condimento preferito?	What's your favorite seasoning?	a53c69ad-437f-5319-acd5-36a2e31fb63c	35	31
Qual è il suo condimento preferito?	What's your favorite seasoning?	3c56bccc-48e6-50a7-beb4-889b9c6a3451	35	31
Qual è il vostro condimento preferito?	What's your favorite seasoning?	8d504314-7eb0-5414-9033-5f80289383e0	38	31
Questo è fattibile.	This is doable.	45ca6762-1f62-540e-b4be-cfae3236c573	19	15
Ciò è fattibile.	This is doable.	60101994-fcf5-5fa4-b2ab-308d5c84b90d	16	15
Ho spedito questo tamburo a mio padre.	I sent this drum to my father.	25c238f2-113e-515f-90e2-77c3aa6f7366	38	30
Io ho spedito questo tamburo a mio padre.	I sent this drum to my father.	a573fa88-07ac-58dc-bb3c-22b0d3af7ac2	41	30
Ci sono voci strane in giro.	There are strange rumors afloat.	bcffc8d4-1e48-5371-8599-c6099bb1587b	28	32
Ci sono delle voci strane in giro.	There are strange rumors afloat.	fa8dfdf9-a113-5b5b-a51e-12f305b93155	34	32
Posso avere altri broccoli?	Can I have more broccoli?	f395a885-94fe-590f-9b14-a56cdfac98db	27	25
Io posso avere altri broccoli?	Can I have more broccoli?	3b0a332b-8005-54e3-a175-d77cb47ef752	30	25
Potrei dirle tutto.	I might tell her everything.	91a18e0f-9c7c-53b2-ad08-c30e5eea3203	19	28
Io potrei dirle tutto.	I might tell her everything.	4e51cc21-4666-562a-9d1b-9ccb1d0f9fa3	22	28
Potrei dirgli tutto.	I might tell him everything.	75b407e1-d411-566d-930c-d6392297ce16	20	28
Io potrei dirgli tutto.	I might tell him everything.	68cad2f6-b4ae-5ed4-890f-3f458e03c015	23	28
Potrei dire tutto a Tom.	I might tell Tom everything.	20b58c48-9743-54a0-ac69-c75ae0dcf478	24	28
Io potrei dire tutto a Tom.	I might tell Tom everything.	555d3e86-ac6d-59de-941f-855eea597452	27	28
Potrei dirti tutto.	I might tell you everything.	562aa5fd-de46-5a6e-ba83-82c3bc3ab7b5	19	28
Io potrei dirti tutto.	I might tell you everything.	f864660c-a42c-54c0-84ea-f5bbdaf841aa	22	28
Potrei dirvi tutto.	I might tell you everything.	ab911efd-ca10-5732-a2f6-3842b2f306f4	19	28
Io potrei dirvi tutto.	I might tell you everything.	f20ce274-3959-53ba-a2c6-8453b54519dd	22	28
Potrei dire loro tutto.	I might tell them everything.	342b5b4e-a64d-5a32-92b5-8ec04afe89ff	23	29
Io potrei dire loro tutto.	I might tell them everything.	64c54879-e3cb-5fe4-b434-c5a27cab9a2b	26	29
Penso che Tom e Mary abbiano ragione.	I think Tom and Mary are right.	6298d33a-dca1-5b5e-bd4c-5f0ef338948d	37	31
Io penso che Tom e Mary abbiano ragione.	I think Tom and Mary are right.	183beb3f-f657-5bf8-8730-e346f2af9f07	40	31
Hanno in programma una conferenza stampa.	They have scheduled a press conference.	9484b302-ae0b-52c6-8823-c2f3e594d1ca	41	39
Loro hanno in programma una conferenza stampa.	They have scheduled a press conference.	4f97082f-aeff-590a-9f47-6638801b7789	46	39
È una ragazza gentile.	She is a kind girl.	9273a979-7cf9-553f-a614-ccba37cddb9a	22	19
Lei è una ragazza gentile.	She is a kind girl.	f95c9b01-084d-579c-aa94-2fb2e44d7bab	26	19
Il ladro si farà vivo.	The thief will show up.	2a4a3226-e3e8-590d-b2be-f418081dda6b	22	23
Il cappello calza bene?	Does the hat fit well?	dc52fffa-20a1-5691-9297-5653669967c2	23	22
Il cappello è della taglia giusta?	Does the hat fit well?	ab8ecdfe-af18-5321-95ad-59d4b59d3098	34	22
Continui a non capire?	Don't you understand yet?	c36b8b49-db3b-54b0-9618-9da8faf13f11	22	25
Continua a non capire?	Don't you understand yet?	f9b1a4ea-652f-585b-b04e-50f2fbfdff2b	22	25
Continuate a non capire?	Don't you understand yet?	46e66dfc-4d2e-53b7-aae8-a2a150453acc	24	25
Non capisci ancora?	Don't you understand yet?	1133be30-5018-5b97-8bd2-8da7f732b512	19	25
Non capisce ancora?	Don't you understand yet?	e79a45eb-7a15-559e-bee4-54a4d3d95955	19	25
Non capite ancora?	Don't you understand yet?	b827c836-5b42-5dae-bc0a-afaea0360568	18	25
No, non penso, rispose la Regina.	No, I think not, answered the Queen.	54e93650-d14e-5ae0-a31f-398d04ddadc1	33	36
A volte ho ragione e a volte torto.	Sometimes I'm right and sometimes I'm wrong.	790bc964-4d6c-5427-aa63-ff6720fd1d9d	35	44
A volte ho ragione e a volte ho torto.	Sometimes I'm right and sometimes I'm wrong.	b07d7b8e-e7f1-5ed6-91a7-a61c7f454ddc	38	44
Visitò le attrazioni di Parigi con le sue amiche.	He did the sights of Paris with his friends.	53523e54-7098-5a45-bb09-ba7f477b5692	49	44
Visitò le attrazioni di Parigi con i suoi amici.	He did the sights of Paris with his friends.	4baef232-bb24-588a-93fb-62fe3e237889	48	44
È davvero così terribile?	Is it really so terrible?	a20fdba3-6cd9-5161-bcea-341a7978ab68	25	25
È veramente così terribile?	Is it really so terrible?	f10900e1-cfe6-55c0-8f5a-e974d5cf0e12	27	25
Qual è tutta la storia?	What's the whole story?	7eb4a44c-5ab8-58fa-baa9-6035d23e9009	23	23
Non penso che sarà così facile.	I don't think it'll be that easy.	4afdb6ad-c52b-5276-a00f-a86245375c87	31	33
Io non penso che sarà così facile.	I don't think it'll be that easy.	42ca2a01-c012-5895-8d73-12dadd846fe4	34	33
Ho dato una mela a Tom.	I gave Tom an apple.	6b201083-a797-5a85-8d8f-0640525109bd	23	20
Io ho dato una mela a Tom.	I gave Tom an apple.	c47645b9-36b3-5f3c-a09e-629922570e79	26	20
Diedi una mela a Tom.	I gave Tom an apple.	1994671a-4c03-56c5-9d9d-42c30d616f47	21	20
Io diedi una mela a Tom.	I gave Tom an apple.	063e9957-b6a9-5d29-b2ce-ac12a19b647c	24	20
Abbiamo dato qualche mela a Tom.	We gave Tom some apples.	768a1d4c-b4f7-5069-9508-6310d775aea4	32	24
Noi abbiamo dato qualche mela a Tom.	We gave Tom some apples.	afd00937-91c1-5769-8dce-23545b91a60c	36	24
Demmo qualche mela a Tom.	We gave Tom some apples.	05a48eaf-7fbd-5056-8064-67cb21e56b74	25	24
Noi demmo qualche mela a Tom.	We gave Tom some apples.	4bd0c583-bfcd-55fd-8c85-f90e1eeebb74	29	24
Tom ha dato metà della mela a Mary.	Tom gave Mary half of the apple.	ad986460-2a8d-5dfe-9716-b513cc3db211	35	32
Tom diede metà della mela a Mary.	Tom gave Mary half of the apple.	24c86619-d535-5a4b-b906-bb49e259101d	33	32
Fallo venire.	Let him come.	2b670916-316c-5e88-98b6-2e37c0ef01a7	13	13
Fatelo venire.	Let him come.	b41dede4-fb55-576a-8e0d-d0e1abd15777	14	13
Lo faccia venire.	Let him come.	e98f33fe-1130-53a1-8e03-c07963205b91	17	13
Lascialo venire.	Let him come.	c43c79f9-35d8-53d2-ba57-be426ad41a48	16	13
Lasciatelo venire.	Let him come.	2d959ec9-22a2-5af6-86ca-df87846a955f	18	13
Lo lasci venire.	Let him come.	49765288-4a1d-5966-97ca-15f772edc68d	16	13
Fai venire Tom.	Let Tom come.	a1a41617-e2d3-54c9-b557-29433463267e	15	13
Fate venire Tom.	Let Tom come.	57dddc2c-c7a3-5aa6-bc3b-6a6898999348	16	13
Faccia venire Tom.	Let Tom come.	58050bbe-2129-504f-9fac-3bb2d04474aa	18	13
Lascia venire Tom.	Let Tom come.	7f5adccf-0641-59e5-b6ae-c301070fede2	18	13
Lasci venire Tom.	Let Tom come.	5549e8c0-bd84-5d36-a63c-a68862641542	17	13
Lasciate venire Tom.	Let Tom come.	9d81bf4d-9647-5995-bc78-bf6ce92a337e	20	13
Lasciali venire.	Let them come.	8c35ccaa-9e4f-517a-a5aa-412a036b4f46	16	14
Lasciale venire.	Let them come.	19394161-1bba-5350-aff3-2df58049f575	16	14
Lasciateli venire.	Let them come.	d170fe15-8eea-5a04-9d7f-69339b26455e	18	14
Lasciatele venire.	Let them come.	ce3bbd2b-ef43-5bfd-9792-23782ea253a1	18	14
Li lasci venire.	Let them come.	5d0da407-816a-5d8d-9901-55a8fee418a5	16	14
Le lasci venire.	Let them come.	8ac88b40-acbd-553c-b02c-055048f13d16	16	14
Falli venire.	Let them come.	450f9604-d12d-5512-b83c-22b3a54b33fc	13	14
Falle venire.	Let them come.	1ea5349f-a851-5b7a-a593-ed3400cf71be	13	14
Li faccia venire.	Let them come.	00675e54-8dda-5682-8614-21536b601fd5	17	14
Le faccia venire.	Let them come.	6908db7a-f606-5509-92b4-25ae05ddad2d	17	14
Fateli venire.	Let them come.	f2d3eed0-ed58-55c3-a92c-ba8c73547430	14	14
Fatele venire.	Let them come.	923c687c-263c-5deb-bc37-b43360ba506d	14	14
Lasciala venire.	Let her come.	d2c10c7d-4c32-5001-9a1c-99b64900f0bc	16	13
Lasciatela venire.	Let her come.	49a58f0b-f9a4-52ab-8206-ef4d6949c980	18	13
La lasci venire.	Let her come.	eb93ff35-dc94-5b60-809d-236b19ac65d5	16	13
Falla venire.	Let her come.	dbc54c2b-38ae-5d88-bc22-6d13c3062dab	13	13
La faccia venire.	Let her come.	9e11e065-952c-565d-b7b7-d9bae4715fa4	17	13
Fatela venire.	Let her come.	2441fe4e-2c02-5f2b-8fdd-4e699c8855c4	14	13
Tom si guardava attorno ansiosamente.	Tom looked around anxiously.	a65b0628-04a7-51d9-9ab1-fe535e35c741	37	28
Tom si guardava intorno ansiosamente.	Tom looked around anxiously.	22899974-b6f6-59d9-a3b7-016dffe5cd8b	37	28
La responsabilità è mia, vero?	It's my responsibility, isn't it?	06b41eb2-3915-580b-ae75-3a2a58fe5f7f	30	33
Devo dire solo una cosa.	I have only one thing to say.	71cef5a5-9d66-58d7-a929-37480f5651b6	24	29
Io devo dire solo una cosa.	I have only one thing to say.	c1480bfc-3293-5c78-8809-557b649b08d6	27	29
Devo dire soltanto una cosa.	I have only one thing to say.	3cc9578f-6b79-5071-b42e-c424586e4ea4	28	29
Io devo dire soltanto una cosa.	I have only one thing to say.	04dbce9f-f233-5383-9e96-a0b374cd7b00	31	29
Devo dire solamente una cosa.	I have only one thing to say.	f3cf830b-d166-5af5-9f47-d8b0e0235343	29	29
Io devo dire solamente una cosa.	I have only one thing to say.	e1b9572f-7e38-52d7-967d-c9d878161a35	32	29
Tu dovresti andare a scuola.	You should go to school.	02bd0a99-8a45-599e-8e37-4d1f9dce5384	28	24
Voi dovreste andare a scuola.	You should go to school.	8087c865-0658-5e37-944b-c0f62f6fd6f6	29	24
Lei dovrebbe andare a scuola.	You should go to school.	503558fb-fe9f-527a-aaa3-d16e80e2588a	29	24
Ho finito il corso.	I have finished the course.	586f8265-7d1f-50d6-b680-04e34e1fad89	19	27
Io ho finito il corso.	I have finished the course.	2e52b4b1-83d6-5e48-a462-e60d480c1b4f	22	27
Io ho un messaggio per te.	I have a message for you.	2cc4e8ef-e64a-558f-a2e6-5cbd78715c8a	26	25
Io ho un messaggio per voi.	I have a message for you.	0b37e185-65cb-55ff-8be6-2224c61e2621	27	25
Io ho un messaggio per lei.	I have a message for you.	c9b39de8-35b2-5cd0-bf2a-98601e5bf601	27	25
Ogni uomo deve morire.	Every man must die.	fec55e7f-b64b-5e94-b8df-c33bfa727c68	22	19
Ogni persona deve morire.	Every person must die.	478cb318-513c-527c-b505-becd187a9a56	25	22
Sono un fan del calcio.	I am fan of football.	da35992f-46aa-518b-a89c-8c1b82070a3a	23	21
Io sono un fan del calcio.	I am fan of football.	9564a291-5934-5fa9-84a3-4aef94ff4eea	26	21
Sono una fan del calcio.	I am fan of football.	05ed8934-275d-5ef7-9a59-e7a28d1b3ca8	24	21
Io sono una fan del calcio.	I am fan of football.	820798f4-7033-51ce-9140-0a07eb8e070c	27	21
Sono una fan del football.	I am fan of football.	7392e1ac-df41-52f1-821a-4c08bcd26927	26	21
Io sono una fan del football.	I am fan of football.	095d83e1-53a6-5a47-8aff-dce1b017e63f	29	21
Sono un fan del football.	I am fan of football.	23c65c45-e4cd-5d03-858b-2357383f08a5	25	21
Io sono un fan del football.	I am fan of football.	f2fdcf16-8178-58be-8692-27782c65290a	28	21
Vorrei avere la forza di Tom.	I wish I had Tom's strength.	b2109aaa-e531-5329-b3b9-9098b8e97e13	29	28
Io vorrei avere la forza di Tom.	I wish I had Tom's strength.	47205ef5-76e4-5b4f-a594-b0ce1217988f	32	28
Ho scelto lei per moglie.	I've chosen her to be my wife.	98e6d464-80e6-5a41-826f-bea3c6838729	25	30
Io ho scelto lei per moglie.	I've chosen her to be my wife.	9c11c1b6-9a7d-5a0f-88b9-1a1f13c489fb	28	30
Mi è stato insegnato qualcosa di diverso.	I was taught something different.	2764c61d-8304-566e-9470-ce62e25501f2	41	33
Tom deve restare vicino.	Tom needs to stay close.	55cab9da-a4d8-524a-93ee-70ca37470ef8	24	24
Tom deve rimanere vicino.	Tom needs to stay close.	bc73c4d1-c2b4-5846-9d52-4113f7c67807	25	24
Che ne dici di venerdì?	How about Friday?	a222fe56-eb14-5e06-9d78-09e5d7f0924f	23	17
Che ne dice di venerdì?	How about Friday?	08c31630-793f-5e0e-98f9-a50b044ad58e	23	17
Che ne dite di venerdì?	How about Friday?	9bb2095f-c7ba-5e6e-bb25-1d7eaff9d4d6	23	17
Posso portarti un po' d'acqua?	Can I get you some water?	a296244e-aadb-51ca-81e1-77c4aa782ee9	30	25
Posso portarvi un po' d'acqua?	Can I get you some water?	cbb71d41-9882-530e-a272-33444e962e28	30	25
Posso portarle un po' d'acqua?	Can I get you some water?	61aade45-7a95-5e81-b62d-4b7019a1aec3	30	25
La pelle è l'organo più grande del corpo.	The skin is the largest organ of the body.	910858da-222b-5a63-90e5-dbb43acbb8b4	41	42
Sua figlia sa recitare molte poesie.	Her daughter can recite many poems.	7aeb2ddb-2b35-5b09-9736-634a4d54742b	36	35
Andrò con Tom.	I'll go with Tom.	5628e600-9e1e-5f83-aba9-808421f77c40	14	17
Io andrò con Tom.	I'll go with Tom.	1dcd0446-773f-53a0-bb34-6d3faf27be60	17	17
Mi piace fare domande ai dottori.	I like to ask questions to doctors.	34caa80a-e798-5a5d-8b49-c8927500ce14	33	35
A me piace fare domande ai dottori.	I like to ask questions to doctors.	d6f14fc9-ac28-55a4-a8a4-06e9b9ccdbf3	35	35
È onesta in tutto quello che fa.	She is honest in all she does.	fd228938-4c83-593b-a094-866a5eac5bf6	32	30
Lei è onesta in tutto quello che fa.	She is honest in all she does.	c7041b5e-9694-53ec-87ee-886f201a2369	36	30
Cucino bene.	I cook well.	641567de-bd4e-5d85-b4e6-e1c816c082c7	12	12
Io cucino bene.	I cook well.	b0b735d2-de1d-58a2-8f56-dfb1378adb4a	15	12
Non è vecchio come sembra.	He is not as old as he seems.	d2fa2fea-5090-5d58-8082-22bfe42e86ca	26	29
Lui non è vecchio come sembra.	He is not as old as he seems.	6a185f68-cc59-5d6c-b0e9-1d191ee5a0ce	30	29
Non è anziano come sembra.	He is not as old as he seems.	5a4ebf48-29e5-56a1-96e5-cc3632ebefa9	26	29
Lui non è anziano come sembra.	He is not as old as he seems.	2beb6cee-cc16-5ad1-9e13-a9f860a96fec	30	29
Hai due palle.	You have two balls.	e6544574-705b-539d-a3be-140584aaf3af	14	19
Tu hai due palle.	You have two balls.	a499887e-7daa-577b-92ad-85c0d21f25a6	17	19
Ha due palle.	You have two balls.	84d42e5b-c9ef-573a-ae2f-55fe9fa6b25c	13	19
Lei ha due palle.	You have two balls.	dee876ea-1333-5fa8-93b9-54aad27a74f5	17	19
Avete due palle.	You have two balls.	672c5f1d-15b9-5e27-acfe-78e011453a6d	16	19
Voi avete due palle.	You have two balls.	324c52e0-58f3-5e6a-8f15-a14e69d2dc2e	20	19
Hai due palloni.	You have two balls.	d0e801a9-6618-5463-8aed-0ff0360ad592	16	19
Tu hai due palloni.	You have two balls.	3c7d60ea-69fc-5833-8699-ca5e19f0f5d7	19	19
Ha due palloni.	You have two balls.	0f4cd97f-0d16-50c1-982e-273d55fd660b	15	19
Lei ha due palloni.	You have two balls.	88cc8414-46ea-5681-b47b-9cb88b9d9f7b	19	19
Avete due palloni.	You have two balls.	abca47fd-38be-5bb2-b214-534cd25a1c55	18	19
Voi avete due palloni.	You have two balls.	636f5170-81e5-5a7a-9f79-47611cb9c53a	22	19
Se vuoi.	If you want.	a9a7a3f8-4441-581c-b271-545536746b85	8	12
Se vuole.	If you want.	709ea7eb-5cb8-5d40-bf5c-5f060b185cc9	9	12
Se volete.	If you want.	bc174fc5-3617-5b4a-a06d-425db8fbac48	10	12
Tom ti maledice.	Tom curses you.	c75caeba-52c0-52ef-a742-503b219433c6	16	15
Tom vi maledice.	Tom curses you.	ed007c10-21b7-5dd4-8262-d134dceb5b1f	16	15
Tom la maledice.	Tom curses you.	50168689-c69e-5221-bf41-f69d7f6d019a	16	15
Non ho ancora avuto troppi problemi.	I haven't had too many problems yet.	96f7c647-237c-522e-8797-8ed3bb6a5840	36	36
Io non ho ancora avuto troppi problemi.	I haven't had too many problems yet.	84ea8d21-fac8-57c1-a0de-fbba456dfdaa	39	36
La voglio fuori da qui.	I want her out of here.	d7c081d2-aa02-51ea-b03a-6d4f8f58198a	23	23
Io la voglio fuori da qui.	I want her out of here.	37e9487d-cd7c-51db-bf68-b1965b96d12f	26	23
Lo voglio fuori da qui.	I want him out of here.	375503d8-b7fa-59e8-aa9f-8c686f70623c	23	23
Io lo voglio fuori da qui.	I want him out of here.	e0c55bb7-f2a6-5e34-a4a2-3d704db37705	26	23
Posso portarvi qualcosa da bere?	Can I get you something to drink?	715b31e2-caaa-599a-9b19-712ab15eca90	32	33
Posso portarle qualcosa da bere?	Can I get you something to drink?	d5c282ec-94bd-5e77-9b55-a824a4d0eb0c	32	33
Posso portarti qualcosa da bere?	Can I get you something to drink?	c32614e1-6999-5488-a832-0a83bede5369	32	33
Posso avere qualcosa da bere?	May I have something to drink?	99356211-367b-52c8-94a9-52fb7dd2ce7b	29	30
A che gioco stai giocando?	What game are you playing?	6084f4d2-8778-5664-98bb-4fc9ceba09ad	26	26
A che gioco sta giocando?	What game are you playing?	47fab996-93a2-51fd-8f40-66134b2a6218	25	26
A che gioco state giocando?	What game are you playing?	95449c2a-82f7-5bcd-8cec-bc795b16d143	27	26
Spiegherò come prendere questa medicina.	I'll explain how to take this medicine.	aadb6856-e480-56bb-9f9e-806b9b500925	40	39
Io spiegherò come prendere questa medicina.	I'll explain how to take this medicine.	a6b040cc-43cc-51f9-a0ef-4aca0bc579bb	43	39
I miei gusti sono molto diversi dai tuoi.	My tastes differ greatly from yours.	d627e18e-5cb9-59d5-ad3e-5e8b23b33420	41	36
I miei gusti sono molto diversi dai suoi.	My tastes differ greatly from yours.	f556c423-0ece-549d-871d-4468e576caca	41	36
I miei gusti sono molto diversi dai vostri.	My tastes differ greatly from yours.	c5ef7535-daed-5b8a-bc35-caeff619a678	43	36
Vattene da qui prima che ti cacci fuori!	Get out of here before I throw you out!	52d8886d-e588-5f53-8aaf-0c85a3d8a7de	40	39
Se ne vada da qui prima che la cacci fuori!	Get out of here before I throw you out!	9a9a336d-9607-533f-99aa-a425c344644a	43	39
Andatevene da qui prima che vi cacci fuori!	Get out of here before I throw you out!	1a4dac75-4c63-5714-89da-e99098ffad4b	43	39
Non volevo trascorrere tutta la mia vita lì.	I didn't want to spend my whole life there.	b22e2289-534b-5b80-b830-c1024fec693a	44	43
Io non volevo trascorrere tutta la mia vita lì.	I didn't want to spend my whole life there.	25d069ca-1fee-535d-b546-91ebc12bfdf3	47	43
Non voglio trascorrere tutta la mia vita qui.	I don't want to spend my whole life here.	2d7c734e-3d45-5801-83c4-6511b2fb4856	45	41
Io non voglio trascorrere tutta la mia vita qui.	I don't want to spend my whole life here.	528ad0b1-c44d-541d-ab10-0d43b0663b28	48	41
Non penso che mi possiate battere.	I don't think you can beat me.	eab9e3ee-882c-5a5c-8c37-a08389298d29	34	30
Tom è andato a casa.	Tom went home.	40334996-e919-55bc-8e4e-454ee45982c4	20	14
Tom andò a casa.	Tom went home.	b19d6319-aa5f-5e73-b068-75d03bbe83a8	16	14
Sto leggendo il tuo libro.	I am reading your book.	12f1c405-850f-5fef-a4cb-8b954bfb8e7b	26	23
Io sto leggendo il tuo libro.	I am reading your book.	eed09106-f09a-5dc0-883b-11b5de58dba0	29	23
Sto leggendo il suo libro.	I am reading your book.	1d166ba1-8cd8-57f1-a2cf-9292926f0da0	26	23
Io sto leggendo il suo libro.	I am reading your book.	882b6801-1f66-54b5-ba8f-a7734a5aba5a	29	23
Sto leggendo il vostro libro.	I am reading your book.	d236a2cc-b288-5413-88aa-2dd8255496f7	29	23
Io sto leggendo il vostro libro.	I am reading your book.	62ca189d-d5c2-5e3f-8613-84a9d2a71f0a	32	23
È il migliore tra di noi.	He is the best among us.	ccdfa2bf-6cd6-5bae-9136-3cb5c2acb267	25	24
Lui è il migliore tra di noi.	He is the best among us.	29b9556e-054e-5e95-8b5c-eb03c55efcf1	29	24
Ho visto che sua figlia stava piangendo.	I saw his daughter was crying.	a1b912e5-57fd-5a68-b92f-d0b112d5c91a	40	30
Io ho visto che sua figlia stava piangendo.	I saw his daughter was crying.	20edc324-5cd0-5fa4-809a-dbf12a13d780	43	30
Vidi che sua figlia stava piangendo.	I saw his daughter was crying.	c6ed06af-538f-53e5-9802-e9a1121f0dba	36	30
Io vidi che sua figlia stava piangendo.	I saw his daughter was crying.	73ffa128-f5df-5519-af55-1234b8782330	39	30
Cos'ha in mente Tom ora?	What's Tom up to now?	9d9e5d42-74cf-5cd8-859f-6a3fa618a469	24	21
Che cos'ha in mente Tom ora?	What's Tom up to now?	abf9d408-9f16-5c54-921a-d6458a6d483b	28	21
Cos'ha in mente Tom adesso?	What's Tom up to now?	7697fa2a-b4c9-5f3e-bc7b-9fd678d63e6e	27	21
Che cos'ha in mente Tom adesso?	What's Tom up to now?	cadc0f03-46c6-5e05-a254-9fa5240359c0	31	21
Sta arrivando il treno.	The train is coming.	63c6073c-832e-54ae-a068-69bbaa17a7cc	23	20
Pranziamo verso mezzogiorno.	We have lunch about noon.	34dac20f-cdde-5533-bf8f-abcae43fce63	28	25
Noi pranziamo verso mezzogiorno.	We have lunch about noon.	2a5b189b-d6e1-5c20-a81f-bed39b60c220	32	25
Nessuno gli crede.	No one believes him.	4658d1e3-c43e-5c96-b26a-e28bf0ceea67	18	20
Nessuno le credeva.	Nobody believed her.	5057f0f4-2853-55b3-9350-7914fc7c5b70	19	20
Ma nessuno le credeva.	But nobody believed her.	c1207453-f869-5ae2-a110-6367f0c182af	22	24
Però nessuno le credeva.	But nobody believed her.	01712c16-e010-59d8-82a8-2d366873c9fe	24	24
A Tom piace fare delle passeggiate da solo.	Tom likes to take walks by himself.	3483c5b0-1cd6-5b29-a762-a27bd79c5ad9	43	35
A Tom piace fare delle passeggiate per conto suo.	Tom likes to take walks by himself.	36a26297-3ea5-5518-9c2d-38c3fe57c255	49	35
Ero già stanco.	I was already tired.	4f2c74c6-975d-56df-ab57-4adde15ac65e	15	20
Io ero già stanco.	I was already tired.	ed223c6f-3811-5ad4-bce4-99030e9bc44c	18	20
Ero già stanca.	I was already tired.	ef5b76c9-5f6e-55ee-99a9-6686cfa301e7	15	20
Io ero già stanca.	I was already tired.	c4b86a73-4439-549d-bedd-8a1fbe12f941	18	20
Hai bisogno di aiuto con quello?	Do you need help with that?	047a5a46-1302-53ad-b69b-4a4de1e6ca2d	32	27
Tu hai bisogno di aiuto con quello?	Do you need help with that?	4a0efe5f-9882-5181-95e3-74bbbc091eb1	35	27
Ha bisogno di aiuto con quello?	Do you need help with that?	27c3d3d9-051e-51a7-a17f-42539dba0158	31	27
Lei ha bisogno di aiuto con quello?	Do you need help with that?	22b5fd4d-33cb-5e1d-b309-c4f80d93d55c	35	27
Avete bisogno di aiuto con quello?	Do you need help with that?	0ed2ee6a-8bcf-57e4-b33e-df7d2b78a780	34	27
Voi avete bisogno di aiuto con quello?	Do you need help with that?	1de56efd-84f1-5bc0-8bb8-1b7e23a8f982	38	27
Mi sono sbronzato ieri sera.	I got hammered last night.	74be3f79-c3ef-589e-a28d-fa5d49a111cd	28	26
Io mi sono sbronzato ieri sera.	I got hammered last night.	b3c7bc99-1487-50ac-ba30-d029a9b402bb	31	26
Mi sono sbronzata ieri sera.	I got hammered last night.	5510ee6f-849f-54a6-ace2-38fd303f8b4f	28	26
Io mi sono sbronzata ieri sera.	I got hammered last night.	2e567087-a835-530d-8120-d4f8480e762e	31	26
Mi sono sbronzata la scorsa notte.	I got hammered last night.	a66f8490-feb4-5db7-a13a-21e1f96b6fda	34	26
Io mi sono sbronzata la scorsa notte.	I got hammered last night.	48768e4a-e8a0-51fc-a3e4-4cd963113ecb	37	26
Mi sono sbronzato la scorsa notte.	I got hammered last night.	21b259e0-1c5a-51f4-ba93-867a28e9c6b5	34	26
Io mi sono sbronzato la scorsa notte.	I got hammered last night.	f9332b0f-7132-5004-b010-b9010cce783e	37	26
Tom prende spesso in prestito dei soldi da me.	Tom often borrows money from me.	5061131a-aab5-57b7-91e4-8a210522f6e2	46	32
Tom prende spesso in prestito del denaro da me.	Tom often borrows money from me.	0489dc36-d1a3-54fb-be55-82c7be4cf2a3	47	32
Quanto spesso prendi in prestito dei soldi?	How often do you borrow money?	1bb288a5-9899-5eba-a42a-db77c7932822	43	30
Tu quanto spesso prendi in prestito dei soldi?	How often do you borrow money?	7e7c7322-1001-556d-b9fc-9cfe498057eb	46	30
Quanto spesso prende in prestito dei soldi?	How often do you borrow money?	d091847c-ff78-5009-97ce-fc067080f607	43	30
Lei quanto spesso prende in prestito dei soldi?	How often do you borrow money?	06f0f92e-bbe7-5a40-a5d5-bb60fc7578cc	47	30
Quanto spesso prendete in prestito dei soldi?	How often do you borrow money?	3a5e68e2-22c0-5378-96a0-b6fa8ae6aaa2	45	30
Voi quanto spesso prendete in prestito dei soldi?	How often do you borrow money?	2dc5fb42-8177-5468-bb75-7092e1c1040b	49	30
Quanto spesso prendi in prestito del denaro?	How often do you borrow money?	9cda2ec5-981a-58bb-85ac-1aaf33bcd816	44	30
Tu quanto spesso prendi in prestito del denaro?	How often do you borrow money?	23298ec8-0c79-5ccd-b6ae-803e081f40b0	47	30
Quanto spesso prende in prestito del denaro?	How often do you borrow money?	3f946e24-d31d-5b96-8d2f-f77a47542ee6	44	30
Lei quanto spesso prende in prestito del denaro?	How often do you borrow money?	7ae03f20-57d8-57dc-9c06-fcc1f5d46d7d	48	30
Quanto spesso prendete in prestito del denaro?	How often do you borrow money?	7f817692-1536-5648-bb45-f51fed01955a	46	30
Voi quanto spesso prendete in prestito del denaro?	How often do you borrow money?	a916a407-09ea-5129-9d6b-3e44d5d0de7a	50	30
È una cantante senza eguali.	She is a singer without equal.	8e293607-bc1d-519d-9c53-2b4ca793cf2d	28	30
Io ho un libro in mano.	I have a book in my hand.	17c420db-58d6-58d7-9b2c-feaf13606ff8	23	25
Voglio sapere di più su di lui.	I want to know more about him.	55e06de0-a685-5a96-8903-63cc8369a803	31	30
Io voglio sapere di più su di lui.	I want to know more about him.	7e328281-75a4-5dc9-83f1-60fd1fdf18b5	34	30
Voglio saperne di più su di lui.	I want to know more about him.	a696101b-90ba-5845-82b1-dc3a1fbd4b75	32	30
Io voglio saperne di più su di lui.	I want to know more about him.	13e24026-a262-502f-8664-ab53f0116fcd	35	30
Quelle persone laggiù stanno parlando in francese.	Those people over there are speaking French.	bc43a004-2014-5b88-a045-65537f3dd3af	50	44
Il mio nome è molto raro nel nostro paese.	My name is very rare in our country.	4649a901-d4c8-5a4b-9377-e207a97f051c	42	36
Questo è troppo duro.	This is too hard.	63de1435-bbe2-5529-96d0-66aa2de8ebd2	21	17
Questo è troppo difficile.	This is too hard.	2714983c-81b4-577d-a462-fbb00026d10d	26	17
Ciò è troppo duro.	This is too hard.	44d37912-82dc-5863-b72b-0b5d770a7e0a	18	17
Ciò è troppo difficile.	This is too hard.	4e925daf-f16e-5e30-8647-b51c4a064c53	23	17
È troppo duro.	It's too hard.	50ffbb38-95af-513c-a4bc-40ee32e80888	14	14
È troppo dura.	It's too hard.	e524292f-4844-5005-9ed6-b32bd23224bb	14	14
Il mio computer è grigio.	My computer is grey.	036cad74-8e25-5b47-9109-786d1ae5c279	25	20
Mangio carne tre volte alla settimana.	I eat meat three times a week.	04417012-8c49-5c1d-a09d-82a37666e08a	38	30
Io mangio carne tre volte alla settimana.	I eat meat three times a week.	8d0a6599-c266-5253-959e-453043ed9059	41	30
È una persona molto seria.	He is a very serious person.	8e4bacd8-6818-5ff9-91bf-fa6a5e4fa69b	26	28
Lui è una persona molto seria.	He is a very serious person.	5e82b713-076e-5872-acb1-43d3558bd9f3	30	28
È l'unico che conosce la verità.	He's the only one who knows the truth.	974b9394-64ec-55af-bd2b-2fe415dafdf8	32	38
Lui è l'unico che conosce la verità.	He's the only one who knows the truth.	febf2604-3fc8-5b6a-aa1b-76cdf6c7dc96	36	38
All'epoca nessuno viveva sull'isola.	At that time nobody lived on the island.	18d99652-f01d-5be2-8b68-f403a9c34f3f	36	40
All'epoca nessuno abitava sull'isola.	At that time nobody lived on the island.	4f4a6320-7dbb-512c-8071-f2334db789a8	37	40
Non riuscivano a smettere di ridere.	They couldn't stop laughing.	259a63c7-a576-5f4b-a577-797a1efc123e	36	28
Loro non riuscivano a smettere di ridere.	They couldn't stop laughing.	0e5e24ce-8e56-5e75-9f2d-33185601f593	41	28
Capisce il francese.	He understands French.	c75fbff5-4e79-5735-82aa-542b469949ce	20	22
Lui capisce il francese.	He understands French.	a329c7bb-d257-5637-97a9-f7ef5dc82bb2	24	22
Quel romanzo non fu scritto dal signor Robinson.	That novel wasn't written by Mr. Robinson.	070116fe-bf08-53d6-aab3-32ebf6b8c2fc	48	42
Io ti aspetterò.	I will wait for you.	f0194503-2999-5dbb-a6bf-04b5dbe023e4	16	20
Vi aspetterò.	I will wait for you.	e664d458-037c-5254-9b3d-bc929be34100	13	20
Io vi aspetterò.	I will wait for you.	75c9b8ec-6476-5d1a-9663-24dd195f8c77	16	20
La aspetterò.	I will wait for you.	3ed09b9a-e04b-5a56-a75c-38efed73f455	13	20
Io la aspetterò.	I will wait for you.	5c591685-9550-58c3-bc49-697aa076d6df	16	20
Aspettala.	Wait for her.	8f09102c-badf-5f38-8429-7db18b4750ab	10	13
Aspettatela.	Wait for her.	004b61c0-b433-521d-9147-a12898ef7d83	12	13
La aspetti.	Wait for her.	71234cf9-25ad-58a9-8acc-17cbcec7a572	11	13
L'ho aspettata.	I waited for her.	b6954604-dc3d-5583-8bdd-b2d9d41562d1	15	17
Io l'ho aspettata.	I waited for her.	c0ad082f-4b7c-5971-8ad2-33e2319c320c	18	17
La aspettai.	I waited for her.	afbe4296-ef2e-5628-bfbb-8d364828d134	12	17
Io la aspettai.	I waited for her.	031a9d47-e859-518f-8c55-37fbbd5cb83a	15	17
La stavano aspettando.	They were waiting for her.	6da61b19-34dc-5e67-86ae-45784dc1a4f6	22	26
Loro la stavano aspettando.	They were waiting for her.	3f7d7eee-3a93-539a-ad35-e0c73d6dffab	27	26
L'hai aspettata?	Did you wait for her?	4c8883fa-da5b-5ba2-84d9-f13f44aea541	16	21
Tu l'hai aspettata?	Did you wait for her?	16f10ad5-fd92-5718-bb34-e0d6bbc6949b	19	21
L'ha aspettata?	Did you wait for her?	9723b581-e4bf-558a-8f19-e3fa97c564ab	15	21
Lei l'ha aspettata?	Did you wait for her?	803b3313-fec0-5636-8f22-23915671a653	19	21
L'avete aspettata?	Did you wait for her?	511c5857-75ba-5d90-8286-640db27dade9	18	21
Voi l'avete aspettata?	Did you wait for her?	f32c0ec9-57d7-5663-b3fe-e89375ad6a33	22	21
La stanno aspettando tutti.	Everyone is waiting for her.	5ab174bb-dc87-5f58-9605-dd998ecde1b7	27	28
La stiamo aspettando.	We're waiting for her.	f2b09e9e-0339-58e0-aa07-e0dd36bedf7c	21	22
Noi la stiamo aspettando.	We're waiting for her.	bdcd990a-b298-5365-9807-1cf3a6ddd502	25	22
Io l'ho aspettata a lungo.	I waited for her forever.	eb640adb-da05-5518-8507-b77a739ef4af	26	25
La aspettai a lungo.	I waited for her forever.	2b6d5b9d-cd76-5f51-b332-3528e1c1c331	20	25
Io la aspettai a lungo.	I waited for her forever.	aaea3703-f36a-560b-a6c6-9400b20b98d8	23	25
La data esatta è 1742.	The exact date is 1742.	623f0adc-a96c-5bc5-ac74-272d29a5d414	22	23
Sempre più gente beve l'aranciata.	More and more people drink orange juice.	c0a0911c-4446-5b2e-9861-98ae4e4e45c9	34	40
Sempre più persone bevono l'aranciata.	More and more people drink orange juice.	50fcdfbe-de08-5ac1-b572-0c67849b29fe	38	40
Non ti sto forzando.	I'm not forcing you.	d5335656-dee8-5586-9d0f-4b8f70de2cc6	20	20
Io non ti sto forzando.	I'm not forcing you.	d4a4621e-14ca-58cf-a0b8-bebaf9d4b72f	23	20
Non vi sto forzando.	I'm not forcing you.	112b59fc-c258-57bd-8ae3-009800b168ba	20	20
Io non vi sto forzando.	I'm not forcing you.	5b9efefa-fefa-5a61-9f52-9c939d9ab0de	23	20
Non la sto forzando.	I'm not forcing you.	9fafd8b0-6497-52cf-8c2b-28cfee591ec8	20	20
Io non la sto forzando.	I'm not forcing you.	ae5d9c68-1273-5d1d-af20-efe402b122b4	23	20
Preferisco il rosso.	I prefer red.	ebb212e4-a1d8-5acb-a8e7-0334a21dc1e4	20	13
Io preferisco il rosso.	I prefer red.	e435a4e8-04c2-549e-9e60-a06e796f7aeb	23	13
Non sono gelosi.	They're not jealous.	afe37c5f-efac-5be6-b813-7c0f5d01ce6a	16	20
Loro non sono gelosi.	They're not jealous.	1fb0ac10-f387-55ec-8b2a-1724ff2cde40	21	20
Mi è scivolato il piatto dalle mani.	The plate slipped from my hands.	17541d7c-89c0-5ba2-a702-b7801b0d595a	36	32
Non sono gelose.	They're not jealous.	4fcdb64e-cdc5-54fa-b6c7-47a605207785	16	20
Loro non sono gelose.	They're not jealous.	d6605bcb-c78c-56fe-b131-33e8402f4e7c	21	20
Tom dov'è andato ieri?	Where did Tom go yesterday?	94be4255-8f92-5b7f-b863-e6c3657c6b97	22	27
Dove è andato Tom ieri?	Where did Tom go yesterday?	eff6ff87-2fe3-5aae-8534-faee5e108f3f	23	27
Tom dove è andato ieri?	Where did Tom go yesterday?	1233f953-c7db-5e61-9d9a-9183ff791ebe	23	27
Sto studiando l'inglese a casa.	I'm studying English at home.	09e4d1a0-ccf3-5077-b45a-9b7abe538188	31	29
Io sto studiando l'inglese a casa.	I'm studying English at home.	06d9f773-e9b4-5ba7-94aa-95e34d858b03	34	29
Tradurre un testo ceco è molto difficile.	To translate a Czech text is very difficult.	460127e2-86ff-55dc-a354-7df704aebc29	41	44
Vai in chiesa con i tuoi genitori e prega per lei.	Go to church with your parents and pray for her.	030f1b4f-c8fe-5a2a-9853-26677bd8de5e	50	48
Sono dei miei amici.	They're friends of mine.	1819939f-20b5-5c74-a83e-ae3d8164e870	20	24
Sono delle mie amiche.	They're friends of mine.	f4b2133a-1989-5a0f-be90-5692172834eb	22	24
Loro sono delle mie amiche.	They're friends of mine.	5ba16528-087c-5e15-abb2-70df577748a2	27	24
Non dovresti andare.	You shouldn't go.	42e456c6-f3b6-572b-a3a3-1222556e09a0	20	17
Tu non dovresti andare.	You shouldn't go.	a5bdbee4-a8fb-5820-9a88-2bca7d11ba49	23	17
Non dovreste andare.	You shouldn't go.	375e8f4d-e99a-591e-b7d5-26d308efb8d1	20	17
Voi non dovreste andare.	You shouldn't go.	0385a8ea-b76c-5f48-89d6-6fce9e572102	24	17
Non dovrebbe andare.	You shouldn't go.	9d6e03f8-7668-5b09-a4c5-05f548d5913c	20	17
Lei non dovrebbe andare.	You shouldn't go.	b6a772a4-4e01-5812-b97d-6ef63d9bdb5e	24	17
Sarà il mio prossimo problema da risolvere.	That'll be my next problem to solve.	1ca83dc8-ff2d-5959-8392-c8d251e4f6ec	43	36
Quello sarà il mio prossimo problema da risolvere.	That'll be my next problem to solve.	4e3e832b-ddc8-519f-b957-da6bef196546	50	36
Ho deciso di perdonare Tom.	I've decided to forgive Tom.	0466e329-db31-5203-8391-2c6411163d49	27	28
Io ho deciso di perdonare Tom.	I've decided to forgive Tom.	318b48c3-315c-5beb-a422-deab5f85305d	30	28
Come può qualcuno essere così non coscienzioso?	How can someone be so unconscientious?	67cd95c5-7dfe-58c0-ac18-6989848c6033	47	38
Andrò a Parigi.	I'm going to Paris.	816a25f4-95bb-5105-af31-95f98e83be7f	15	19
Io andrò a Parigi.	I'm going to Paris.	62d0bae8-d32f-5671-9372-9fad28158240	18	19
Sono arrivato qui un po' prima oggi.	I got here a little early today.	e5592ba6-51a8-59ee-8031-dfaf3b8d6be3	36	32
Io sono arrivato qui un po' prima oggi.	I got here a little early today.	87c23c38-a209-5deb-933a-a49ee927923e	39	32
Sono arrivata qui un po' prima oggi.	I got here a little early today.	7fee7f21-0482-5b9f-8c61-104ba323b11f	36	32
Io sono arrivata qui un po' prima oggi.	I got here a little early today.	2fd787ea-cc82-5cf4-b79b-237114bd1f13	39	32
Mi dispiace, però non ha chiamato.	I am sorry, but he didn't call.	e10f835f-54c0-5759-b6ca-ec2784e9febc	34	31
Questa teoria è vera per il Giappone.	This theory is true of Japan.	36b2c128-8f71-5a49-8c64-16171bde836d	37	29
Tremate, frasi!	Tremble, you sentences!	1a133f1e-eec0-52e5-bf7d-f050a37fae3f	15	23
Tom è educato, vero?	Tom is polite, isn't he?	cd2052d1-7294-5da9-b0d8-bd688fd20501	20	24
Nessuno mi ha visto.	Nobody's seen me.	7dfdd0e3-d1b8-506b-8c74-fa123eba4303	20	17
Non dice mai che mi ama.	You never say you love me.	d83f58ff-8df7-52a2-aa1e-759b3db3025b	24	26
Lei non dice mai che mi ama.	You never say you love me.	282f4c0e-20bc-583f-9b2a-6a05bc6a1bc7	28	26
Non dite mai che mi amate.	You never say you love me.	a585299d-3c83-5478-912a-3299b3b49d4c	26	26
Voi non dite mai che mi amate.	You never say you love me.	32408736-b87b-5488-a6b6-d58e6e1feb4a	30	26
Ho incontrato il presidente in persona.	I met the president himself.	675365ad-5945-54f9-bc94-e557d4540ad2	39	28
Io ho incontrato il presidente in persona.	I met the president himself.	d9509ecc-2a00-5d75-9ed1-419eeb4f2317	42	28
Ho conosciuto il presidente in persona.	I met the president himself.	81208e0a-0abc-50c1-be4e-648a2a456d17	39	28
Io ho conosciuto il presidente in persona.	I met the president himself.	3f151043-68ca-5d1a-bdbb-dd80b1e6e087	42	28
Incontrai il presidente in persona.	I met the president himself.	28bd216d-87fb-53fe-b44f-99b63727672e	35	28
Io incontrai il presidente in persona.	I met the president himself.	b04a5e34-52c8-5ef4-9350-c9b2709d7bff	38	28
Conobbi il presidente in persona.	I met the president himself.	8823c07a-6af1-5901-aa3d-3d8aec815bbc	33	28
Io conobbi il presidente in persona.	I met the president himself.	1e5a69ec-c3c1-5f2f-aaa8-2512a733f4e0	36	28
I movimenti di questo robot sono goffi.	The movements of this robot are awkward.	ac7d987c-392f-5c4f-9108-9daa4545e22b	39	40
I movimenti di questo robot sono impacciati.	The movements of this robot are awkward.	18f0a45a-23d1-5578-9e55-9922f03b07fd	44	40
I movimenti di questo robot sono sgraziati.	The movements of this robot are awkward.	aecec27a-94bc-5f92-bdc3-6aafeaa2a655	43	40
Il coprifuoco inizia alle sette di sera.	The curfew begins at 7:00 p.m.	2693e869-051e-5d67-975d-06cb846844e3	40	30
Il coprifuoco comincia alle sette di sera.	The curfew begins at 7:00 p.m.	e2f2c7a7-10c4-5779-a4c3-1d479aaacb6f	42	30
La causa dell'incendio era nota.	The cause of the fire was known.	aa36a32d-6478-5add-b255-7404e79fa32d	32	32
La causa dell'incendio era conosciuta.	The cause of the fire was known.	0049074d-4b3d-57d5-a17b-8bb531cc229a	38	32
Apparentemente è un pianista.	He is apparently a pianist.	ed312660-6e60-5fe2-8400-ef28b80a2da6	29	27
Lui apparentemente è un pianista.	He is apparently a pianist.	62cc9d47-e8c9-5676-81dc-af1ed4c8e3e3	33	27
Apparentemente lui è un pianista.	He is apparently a pianist.	4cd062a1-51f2-5013-87cb-7b2a5ebb633d	33	27
Questo negozio vende articoli di tutti i generi.	This shop sells articles of all kinds.	b24f1037-2997-52be-8b17-2dff989cdbe5	48	38
Non mi dispiace camminare sotto la pioggia.	I don't mind walking in the rain.	84734b9f-c158-5930-a6d0-721444dbbd7c	43	33
Non mi dispiace passeggiare sotto la pioggia.	I don't mind walking in the rain.	11687e08-9fb8-5fbb-bdfb-cd3b75862b23	45	33
A me non dispiace camminare sotto la pioggia.	I don't mind walking in the rain.	8d1e5b35-a32e-5a76-8be0-c5624306ebe7	45	33
A me non dispiace passeggiare sotto la pioggia.	I don't mind walking in the rain.	2801aead-54fa-586a-917d-8da13f17640e	47	33
Questo è per te, Tom.	This is for you, Tom.	64b82192-04a7-5805-b25e-e03869c48df1	21	21
Tom ha avvelenato Mary.	Tom poisoned Mary.	a88bf4ed-070f-5e15-8482-1045716017aa	23	18
Tom avvelenò Mary.	Tom poisoned Mary.	ad94491c-835e-581f-9c35-49b7adbf7a17	18	18
I tappeti assorbono il suono.	Rugs absorb sound.	25b2e849-fe57-5be8-a14b-30f3dd13f372	29	18
Digli che sono tutti qui.	Tell him that everyone is here.	d3a52b69-8b4e-5b31-929f-a4c9eaae205f	25	31
Ditegli che sono tutti qui.	Tell him that everyone is here.	4e825758-b86f-5892-9f40-416de480d9a4	27	31
Gli dica che sono tutti qui.	Tell him that everyone is here.	14545f3f-28c9-5661-b4b1-656175d160a5	28	31
Dille che sono tutti qui.	Tell her that everyone is here.	2afd2887-5035-5fa9-9291-d6655a864795	25	31
Ditele che sono tutti qui.	Tell her that everyone is here.	5d1c3b78-bc9d-54ec-aacc-d5719990397b	26	31
Le dica che sono tutti qui.	Tell her that everyone is here.	9d0b477d-59ee-5eb5-83ed-77b04302e91a	27	31
Una videocamera è nell'ufficio.	A videocamera is in the office.	584435d9-bfc4-5649-878c-d96bfec2eed4	31	31
C'è una videocamera nell'ufficio.	A videocamera is in the office.	aeffdc24-3448-5f18-9586-058a8b21869f	33	31
Ero pronto.	I was ready.	604045fa-976f-5a88-8aa9-bddb9e7b72a1	11	12
Io ero pronto.	I was ready.	c6d71b1f-16ff-50e2-955b-d23516917b53	14	12
Ero pronta.	I was ready.	769bf67f-7131-5ef0-ae89-951550187c6c	11	12
Io ero pronta.	I was ready.	7a51b5fe-7212-53a9-8870-f0a5ad1657ab	14	12
Non voglio guardare questo video.	I don't want to watch this video.	f26c78c6-233b-5bb4-984b-2423a6d455e5	33	33
Io non voglio guardare questo video.	I don't want to watch this video.	71f9f2e1-2996-5b8f-8710-e663ea61554d	36	33
Dovresti essere a letto.	You should be in bed.	aabc9847-2664-50bd-a361-622ab2b7cca7	24	21
Tu dovresti essere a letto.	You should be in bed.	18f447a1-0bdb-5855-ad37-7aa247e80c23	27	21
Dovreste essere a letto.	You should be in bed.	467a9f72-4856-57ec-bd73-f5c28d692742	24	21
Voi dovreste essere a letto.	You should be in bed.	796a2dc2-5fa1-5404-91f6-acf24b513a3f	28	21
Dovrebbe essere a letto.	You should be in bed.	0dc0c2ae-5078-5478-b70c-b644bdc1ba0c	24	21
Lei dovrebbe essere a letto.	You should be in bed.	3d32d582-613d-56e6-b474-95661f1bef81	28	21
A me non piacciono i ricchi.	I don't like rich people.	453e7ed1-8436-50f6-a0ff-5d3b4ea2d101	28	25
Tom si è trasferito davvero a Boston?	Did Tom really move to Boston?	2c54afc8-6e26-502d-9988-7f2c4c96e808	37	30
Tom si è trasferito veramente a Boston?	Did Tom really move to Boston?	e8631ee1-bc53-5d0d-8bad-ee83437777e0	39	30
Il francese è più difficile dell'inglese?	Is French more difficult than English?	d4c5657a-c898-5db3-b97c-8e92d79b3ac7	41	38
La rivolta è iniziata con la gente del sud.	The riot began with the southern people.	c32b1757-44e7-5819-b0c5-07d57ff2afdf	43	40
È piuttosto strano.	It's sort of strange.	e6a6929d-eb8d-56fc-8ee2-d5a20d4f07f7	19	21
È piuttosto strana.	It's sort of strange.	7ed771c0-3b9c-5e32-a6ce-e17d27535444	19	21
È la ragione per cui non mi piacciono.	That's why I don't like them.	f8139c7b-32e5-5745-b145-4c198ada5258	38	29
È la ragione per cui loro non mi piacciono.	That's why I don't like them.	dad4e7bb-7997-5805-905e-95becf2b3c8d	43	29
Ecco perché non mi piacciono.	That's why I don't like them.	c1a4cf8c-534d-5d1b-af33-3265ac8a7e90	29	29
Ecco perché loro non mi piacciono.	That's why I don't like them.	6a1bb201-e81d-55eb-9c6f-a537c7b246e3	34	29
Penso che Tom ci stia nascondendo qualcosa.	I think Tom is hiding something from us.	fa8d8b03-bc1c-5c72-9817-fb3b3b312daf	43	40
Io penso che Tom ci stia nascondendo qualcosa.	I think Tom is hiding something from us.	777f22a3-213b-55ab-9113-ada37c044d2e	46	40
Il mio hobby sono le lingue.	My hobby is languages.	1e96fe10-539c-5b41-9b2e-fd3053854ee1	28	22
Il mio passatempo sono le lingue.	My hobby is languages.	425b7691-74e0-59d3-9d40-ba09d6205cd8	33	22
Gli piace il Giappone?	Does he like Japan?	fac689fd-ed16-52e5-bdfe-dddfb60ecd16	22	19
A lui piace il Giappone?	Does he like Japan?	edd75738-110a-5474-a701-2cbf992c9a8a	24	19
Tom conosce i suoi limiti.	Tom knows his limitations.	157ba3e1-f82d-5227-a309-a98e264fead0	26	26
Chi altro vuoi andare a trovare?	Who else do you want to visit?	840313df-e5aa-54e7-a1ab-c449f3256b1b	32	30
Chi altro vuole andare a trovare?	Who else do you want to visit?	dc636542-d000-546a-a479-ff87dfbd3234	33	30
Chi altro volete andare a trovare?	Who else do you want to visit?	c3a238ae-092e-5f59-85fd-221be789b1e8	34	30
Mio padre vuole che io sia un ingegnere.	My father wants me to be an engineer.	b10f4230-7e6d-5225-9a09-746c0400b388	40	37
Voglio sentirlo da lui.	I want to hear from him.	81fa8e6f-ef5f-5fdd-87c1-7b837b397faf	23	24
Io voglio sentirlo da lui.	I want to hear from him.	d273b786-ba33-5ef4-ab94-0aff49638c90	26	24
Lo voglio sentire da lui.	I want to hear from him.	87397c7a-8036-5ec9-99e5-131d35ec111c	25	24
Io lo voglio sentire da lui.	I want to hear from him.	bb31a587-8f8b-501c-90c5-1e314bfbccee	28	24
Non stiamo vendendo la nostra casa.	We're not selling our house.	edf26b7d-ff1d-589c-b581-2514a260067c	35	28
Noi non stiamo vendendo la nostra casa.	We're not selling our house.	bcc1eedb-f880-5c1c-94c2-4abd264fadbe	39	28
Andiamo a prendere un po' di cibo per il pranzo.	Let's get some lunch.	8bdc2012-37d2-504e-b4e9-ff743db95a44	48	21
Andiamo a prendere il pranzo.	Let's go get lunch.	26fc7546-d1fc-5f9c-8a63-36001ee36b78	29	19
Tom in realtà sembra felice.	Tom actually seems happy.	f4789725-0663-5cda-a381-7f6c2419663d	28	25
Molte persone hanno partecipato alla riunione.	The meeting was attended by many.	d3ff3a0f-2688-50ae-8591-535b6abe60ac	46	33
Molte persone parteciparono alla riunione.	The meeting was attended by many.	30355280-9135-5526-a28e-35b063ceb46a	42	33
Tom non è tosto come me.	Tom isn't as tough as I am.	ca2a75c4-aef1-5e69-b9f4-adfc5e42a139	24	27
Non va molto bene.	It's not going very well.	60ea627e-2ce1-5937-abfc-99a068b38867	18	25
Non sta andando molto bene.	It's not going very well.	aa6f0751-fb74-5733-9938-dcff842ac7d0	27	25
Perché Tom non ci dirà niente?	Why won't Tom tell us anything?	a23a1e21-0bef-5d42-aaba-215eae30450a	30	31
Perché Tom non ci dirà nulla?	Why won't Tom tell us anything?	5ba6ad7b-d7b7-5dd0-9ee5-ecc051b2ff1f	29	31
Tom è il proprietario della ditta.	Tom is the owner of the company.	3d88a023-7a77-5aea-9544-6d44dd459c6b	34	32
Tom è il proprietario dell'azienda.	Tom is the owner of the company.	62faa0db-b92e-5bf6-a0a2-eb1d4b317e05	35	32
E chi lo dice?	Says who?	28baefca-a009-5b22-b2c6-5c6c25edf2db	14	9
Tom non sapeva niente su Mary.	Tom knew nothing about Mary.	5e5df566-6e7c-5007-8368-69624e2b71aa	30	28
Tom non sapeva nulla su Mary.	Tom knew nothing about Mary.	d8dfa956-5cbe-5514-a1e8-e97954675ef1	29	28
Quindi ecco il perché!	So that's why!	03ca493e-0333-5981-ae26-edca9a5358b3	22	14
Allora ecco il perché!	So that's why!	0067ca19-86bd-547b-a492-31eb89827cc9	22	14
Cosa dovrei dire a Tom?	What should I say to Tom?	071cec89-5edc-5032-8b1b-f91e9e5de963	23	25
Io cosa dovrei dire a Tom?	What should I say to Tom?	f575a8ac-8443-52d5-bb94-a2d9fd81b107	26	25
Che cosa dovrei dire a Tom?	What should I say to Tom?	b51baade-4fae-5ae2-bb84-c2a3569a2689	27	25
Io che cosa dovrei dire a Tom?	What should I say to Tom?	d40f9438-6d69-564f-8bb4-7c3075a15da0	30	25
Che dovrei dire a Tom?	What should I say to Tom?	3e33c532-11f0-523a-ad0b-3bd4bb011c88	22	25
Io che dovrei dire a Tom?	What should I say to Tom?	ac65e801-b2b4-54bb-a990-b7853e5c0a5e	25	25
Perché non sei ancora a casa?	Why aren't you home yet?	7a76ff80-eaae-5268-93d6-8e9f2e0894a9	29	24
Perché non siete ancora a casa?	Why aren't you home yet?	d5da95c1-be7b-5f38-a686-771ba6849f21	31	24
Perché non è ancora a casa?	Why aren't you home yet?	de35d827-f51f-5428-a5cd-633b5c2acc88	27	24
Tom lo sa che noi siamo qui?	Does Tom know we're here?	fc6b822f-66dd-5f59-90c4-f24ea86f0d8e	28	25
Ti sto chiedendo di restare.	I'm asking you to stay.	f05cdb3f-0005-52cf-881e-d0065c27b8bb	28	23
Io ti sto chiedendo di restare.	I'm asking you to stay.	35ef6ac9-8ae0-5d31-896f-ae289bced94f	31	23
Vi sto chiedendo di restare.	I'm asking you to stay.	3c5ca1ad-8551-5cc4-8cce-9fc810d22044	28	23
Io vi sto chiedendo di restare.	I'm asking you to stay.	9c3060b9-0854-5986-b650-7277a931c8e0	31	23
Le sto chiedendo di restare.	I'm asking you to stay.	8b728145-158b-5a60-ba8b-b26f35bd0096	28	23
Io le sto chiedendo di restare.	I'm asking you to stay.	5b608574-31fc-5eee-bf22-54846057e061	31	23
Ti sto chiedendo di rimanere.	I'm asking you to stay.	00e2e477-6a30-5fae-a22c-fa3cc93962ee	29	23
Io ti sto chiedendo di rimanere.	I'm asking you to stay.	13f9a514-3eaa-53f1-85d8-c6229c30b6f1	32	23
Vi sto chiedendo di rimanere.	I'm asking you to stay.	d81384b5-1b92-5cb3-9036-757683d96392	29	23
Io vi sto chiedendo di rimanere.	I'm asking you to stay.	3d97a1ba-8df4-5d33-8a40-bfca4d65fff1	32	23
Le sto chiedendo di rimanere.	I'm asking you to stay.	ff5200f7-3318-5117-9d52-5a5b80f51845	29	23
Io le sto chiedendo di rimanere.	I'm asking you to stay.	1e0395ef-da7c-55e4-a9da-967f808af203	32	23
Tom era svenuto sul pavimento.	Tom was passed out on the floor.	48d0b33a-1ca3-59fb-8dd4-7a7d732ddbb8	30	32
Tom ha una buona padronanza del francese.	Tom has a good command of French.	b3a34e7d-bd2d-545c-9032-959895bfdc1c	41	33
Siete degli smidollati!	You're wimps!	7e59dcd4-0ccb-5e71-a0e3-f8936b2f8546	23	13
Voi siete degli smidollati!	You're wimps!	64c72096-2fb8-55cc-b9f0-68dcf9bb0704	27	13
Siete delle smidollate!	You're wimps!	f1b6e6e6-8a94-5870-bf52-35c7258fba30	23	13
Voi siete delle smidollate!	You're wimps!	3a54b303-fad4-5334-b32d-537e01e0e2d6	27	13
Siete dei rammolliti!	You're wimps!	0876690c-a054-5b9b-a46d-757941e599a7	21	13
Voi siete dei rammolliti!	You're wimps!	8029e499-bc55-5f3d-a328-b82cd96c7ce3	25	13
Siete delle rammollite!	You're wimps!	efeb8fe9-349a-5ded-bfb5-09c7fad15a0c	23	13
Voi siete delle rammollite!	You're wimps!	d1ce0629-2c4f-5d60-b638-5be5898bf85a	27	13
Siete delle pappemolli!	You're wimps!	8cdeb67a-0c12-5128-9a70-622d6f5f1052	23	13
Voi siete delle pappemolli!	You're wimps!	ad3bb861-3035-5a3d-a845-e26952bacbdd	27	13
Siete delle pappamolli!	You're wimps!	bea195f9-b275-5324-a395-947e4c4f5186	23	13
Voi siete delle pappamolli!	You're wimps!	e5793a2f-ac3d-52d8-bda1-a4091cff15b3	27	13
Mangio e leggo in contemporanea.	I eat and read at the same time.	bd5d93f0-7cf9-5e26-9aa9-2666bd3c6113	32	32
Io mangio e leggo in contemporanea.	I eat and read at the same time.	4c14d3d1-9fcf-5d8e-8fbb-cd88f5382cb8	35	32
È sceso dall'autobus.	He got off the bus.	ae796ed6-2ee8-5a95-9a35-3b19bb9aa5e1	21	19
Lui è sceso dall'autobus.	He got off the bus.	939b7a8f-b63e-5713-a297-ae2b3478712d	25	19
Scese dall'autobus.	He got off the bus.	4b192e51-aa66-5627-87e2-1f8d2a5918d7	19	19
Lui scese dall'autobus.	He got off the bus.	df1e333a-5f2f-5bfb-b723-fc7382173baf	23	19
C'erano quattro pezzi di formaggio sul tavolo.	There were four pieces of cheese on the table.	afa2b231-b2c4-5530-9d28-4e42a62249e0	46	46
Preferirei davvero non mangiarlo.	I'd really rather not eat that.	b3c9219c-b053-56bd-82e6-e2a4ebc5d973	33	31
Io preferirei davvero non mangiarlo.	I'd really rather not eat that.	7bbcb531-0bf9-5aa8-9516-e493a4b05ef4	36	31
Preferirei veramente non mangiarlo.	I'd really rather not eat that.	feb00dfc-02ff-5536-aa28-dbbe9735d55d	35	31
Io preferirei veramente non mangiarlo.	I'd really rather not eat that.	666f9a46-0d18-5bd4-bc12-743e2e677a5f	38	31
Non è un'aula.	It's not a classroom.	7eae1266-79ea-5042-9b10-8d4478f2f7b3	14	21
Vai a scuola oggi?	Are you going to school today?	9c9255c1-e40e-5075-a86c-0e6d6e2b1b3f	18	30
Tu vai a scuola oggi?	Are you going to school today?	00861a64-81c8-5d28-91d9-bf5f18cdfbf0	21	30
Va a scuola oggi?	Are you going to school today?	3364df71-bb20-5c35-88ac-18935058a90d	17	30
Lei va a scuola oggi?	Are you going to school today?	977c73cd-8c7e-5a1c-890c-4196fcd92ebe	21	30
Andate a scuola oggi?	Are you going to school today?	0d38358d-3c8c-523f-a516-4a9871206916	21	30
Voi andate a scuola oggi?	Are you going to school today?	2e72fc1f-e7b7-551d-be78-2fe1905db3de	25	30
Il suo vestito sembrava economico.	Her dress looked cheap.	8e53cae2-0168-5637-b4e9-f0a0b5020eb3	34	23
Vuoi andare in prigione?	Do you want to go to jail?	4875e2b6-1202-5f00-9777-346a0df98eed	24	26
Tu vuoi andare in prigione?	Do you want to go to jail?	fae2e7d6-927f-5231-a8d2-1ae68dc4693e	27	26
Vuole andare in prigione?	Do you want to go to jail?	75dc109b-c569-5cc2-91ef-c1bd0ba3e53c	25	26
Lei vuole andare in prigione?	Do you want to go to jail?	bb6c34a8-42f0-5785-80bf-12e017a9c427	29	26
Volete andare in prigione?	Do you want to go to jail?	ace79f40-d9c9-5013-8ee8-f9b29da93f8a	26	26
Voi volete andare in prigione?	Do you want to go to jail?	d76270bd-bc1b-566b-9b0f-ccafa8f281c5	30	26
Tra l'altro, tu di dove sei?	By the way, where are you from?	1a86befa-5370-5f0a-bbe4-19994dc5cd68	28	31
Tra l'altro, di dov'è?	By the way, where are you from?	f3f4c07f-9bcd-56fe-822f-00ab582faf1f	22	31
Tra l'altro, voi di dove siete?	By the way, where are you from?	6ba7e023-1586-503a-8640-cf9b2302f0dd	31	31
A proposito, tu di dove sei?	By the way, where are you from?	42968737-7c4b-58d7-a82b-08cc059da3df	28	31
A proposito, voi di dove siete?	By the way, where are you from?	a4211434-ad1f-5b98-8956-b9610bb3927c	31	31
A proposito, lei di dov'è?	By the way, where are you from?	06ab4554-5956-5d21-8397-ca2c23b77316	26	31
Non so dove siamo.	I don't know where we are.	0e542db4-f005-5675-9e86-8b52fc826c2b	18	26
Non lo so dove siamo.	I don't know where we are.	1ded500d-482a-5217-82f5-8649cc3f0f5b	21	26
Abbiamo avuto una chiacchierata molto lunga.	We had a very long talk.	8305598b-4f81-5b41-ab64-4d81588b9945	44	24
Noi abbiamo avuto una chiacchierata molto lunga.	We had a very long talk.	5379847c-280c-5f24-85d6-4439c3f6becb	48	24
Avemmo una chiacchierata molto lunga.	We had a very long talk.	1e559626-ebfc-5982-b21d-ab6ac211f048	37	24
Noi avemmo una chiacchierata molto lunga.	We had a very long talk.	1b5fc17e-18fb-5beb-9c83-a9b55fdecfd5	41	24
Si oppone a questo progetto.	He opposes this project.	fde7fe59-566d-5035-bfd7-9ace099dfc59	28	24
Lui si oppone a questo progetto.	He opposes this project.	6e33c330-5959-5de4-9984-de06c339a24d	32	24
Si oppone a questa iniziativa.	He opposes this initiative.	c013a86a-9738-509d-b7d9-fc71ebdd4c68	30	27
Lui si oppone a questa iniziativa.	He opposes this initiative.	47b6af05-8fb0-548e-8e1c-e147252a883d	34	27
Le assomiglia.	That looks like her.	c2405bf4-e256-533d-810c-cc4f21e93a0e	14	20
La guardavano tutti.	Everyone looked at her.	5e09d2e2-896b-5f3d-a7ed-8ee68c9559ee	20	23
Ci guardavano tutti.	Everyone looked at us.	1df19616-c739-5bb1-a018-e1973bd40201	20	22
Li guardavano tutti.	Everyone looked at them.	e9964a18-8439-5da0-9faa-660a7faa4f14	20	24
Le guardavano tutti.	Everyone looked at them.	b1ddf18e-7460-5034-be5a-58e3c166a7c7	20	24
Mi guardavano tutti.	Everyone looked at me.	f25c4a89-283e-510b-8fa3-87e3fe981130	20	22
Lo guardavano tutti.	Everyone looked at him.	5256c9cb-083d-54ff-ac2f-cde6ffe47ce0	20	23
Guardate tutti alla lavagna.	Look at the blackboard, everyone.	8ce3335c-fbeb-5e2c-b0c3-0e8eba1827f6	28	33
Stanno guardando tutti Tom.	Everyone's looking at Tom.	9be35c04-7f4a-5139-a38e-7dfeda00cf9d	27	26
Tutti stanno cercando Tom.	Everyone's looking for Tom.	b8d3132a-8393-529a-b238-4efdcc989155	26	27
Stanno tutti cercando Tom.	Everyone's looking for Tom.	e0c0582e-367e-51d0-80df-636214c2efad	26	27
Tutti ti stavano guardando.	Everyone was looking at you.	e4741f81-a618-5272-8cf6-73cae91710bc	27	28
Tutti vi stavano guardando.	Everyone was looking at you.	b0f52184-aa33-57a5-b2bb-7833e77a2b9c	27	28
Tutti la stavano guardando.	Everyone was looking at you.	7108b949-d9e3-5735-81a0-29de3f8df409	27	28
Ti stavano guardando tutti.	Everyone was looking at you.	f2c5ff1e-7e54-5a63-8260-05c0b60d1c25	27	28
Vi stavano guardando tutti.	Everyone was looking at you.	11c71a72-6bb3-5305-bb99-3017f2563e03	27	28
La stavano guardando tutti.	Everyone was looking at you.	aeb2aa75-175d-5ead-abd6-616f267e193a	27	28
Tutti mi stanno guardando.	Everyone's looking at me.	d69f6535-770f-57ef-8674-5dba2a7d82a2	26	25
Tutti ci stanno guardando.	Everyone's looking at us.	6335a2bf-104d-505d-b5da-c97307ce2572	26	25
Mi stanno guardando tutti.	Everyone's looking at me.	02de73cb-6360-5961-9af1-3ee3533afaf1	26	25
Ci stanno guardando tutti.	Everyone's looking at us.	367648c0-cd45-574f-91ab-6a7840594acb	26	25
Ti stanno guardando tutti.	Everyone's looking at you.	a70b0392-1d9a-5d53-888d-d206c69540e7	26	26
Vi stanno guardando tutti.	Everyone's looking at you.	ce1b7140-366d-56cb-9bd3-3db7d74af7b7	26	26
La stanno guardando tutti.	Everyone's looking at you.	ae9d4aca-4ac7-5f79-bbf6-177cdecf8de0	26	26
Tutti ti stanno guardando.	Everyone's looking at you.	0d97f315-6e7e-5a76-90e7-b850ddbd3d12	26	26
Tutti vi stanno guardando.	Everyone's looking at you.	65ac7f76-0ea6-544b-a1d0-7fa6e0f8a40c	26	26
Tutti la stanno guardando.	Everyone's looking at you.	b60cdbce-0e3e-5ed1-8a85-198effde73e5	26	26
Tom non voleva andare alla festa di Mary.	Tom didn't want to go to Mary's party.	5fb7221f-def5-5eac-8a94-50f6326bc14e	41	38
Perché ci stanno guardando tutti?	Why is everyone looking at us?	4b1764ce-83f0-5e9b-98da-8301a553c76a	33	30
Perché tutti ci stanno guardando?	Why is everyone looking at us?	df03e063-790e-5400-ba0d-942a317a6cb7	33	30
Tutti nella stanza guardavano Tom.	Everyone in the room looked at Tom.	c8cc4480-18db-5067-8294-c0c35df54c86	34	35
Tutti nella camera guardavano Tom.	Everyone in the room looked at Tom.	14875ef0-6c2b-57e7-807c-e4faba07ef2e	34	35
Abbiamo tutto il tempo del mondo.	We have all the time in the world.	b00e327b-3943-5974-8bd8-1762572aaf77	33	34
Noi abbiamo tutto il tempo del mondo.	We have all the time in the world.	6f2ebbe7-0acb-5e85-b66c-33688c9bad0b	37	34
Penso che tu abbia mangiato abbastanza.	I think you've eaten enough.	0a8f95dc-4c01-51a2-9310-16d6bd8b2c8f	39	28
Io penso che tu abbia mangiato abbastanza.	I think you've eaten enough.	31481c50-4321-552b-a6fb-75c31d990cfb	42	28
Penso che lei abbia mangiato abbastanza.	I think you've eaten enough.	e4a25cc3-245d-5892-a0d4-1a14e490322e	40	28
Io penso che lei abbia mangiato abbastanza.	I think you've eaten enough.	6c0194c2-f208-5575-a2dc-301e2219105d	43	28
Penso che abbiate mangiato abbastanza.	I think you've eaten enough.	a574eaa4-6c53-5182-aa69-7ddaef72b42a	38	28
Io penso che abbiate mangiato abbastanza.	I think you've eaten enough.	33b10a0f-45f5-5019-bcf3-6675ec602875	41	28
Penso che voi abbiate mangiato abbastanza.	I think you've eaten enough.	eef33b39-5557-50bb-ae07-04a562ff5a7b	42	28
Io penso che voi abbiate mangiato abbastanza.	I think you've eaten enough.	b21f7312-7ac3-544c-9ce4-8ec75f05bdcd	45	28
Kyoto è visitata da molti turisti.	Kyoto is visited by a lot of tourists.	1ddc9334-0bd5-58b4-ab99-bafcaffaf8ed	34	38
La stavo guardando.	I was looking at her.	ebdaeeaf-e81c-537d-b967-3db6cb4d19a8	19	21
Io la stavo guardando.	I was looking at her.	9edf6bec-4624-5602-a122-dc5d7208da11	22	21
Non guardarla!	Don't look at her!	e75082e3-87f0-58cb-8e38-82d141c72555	14	18
Non guardatela!	Don't look at her!	bfb32f45-dd92-52e7-815d-f9b2b6948f9e	15	18
Non la guardi!	Don't look at her!	8d4b453f-9311-509c-8e68-6c1070afd5ca	14	18
Non la guardare!	Don't look at her!	787da8cd-c79d-57dc-9037-63426f52f869	16	18
Non la guardate!	Don't look at her!	ee121c26-ffac-5b24-8516-bb01385b9f0c	16	18
Non guardarmi.	Don't look at me.	88fa45f4-f589-5ca7-9232-7a12087fd95a	14	17
Non guardatemi.	Don't look at me.	5c05ad5b-ed0b-5b7b-9c5d-5e9e16bc5227	15	17
Non mi guardi.	Don't look at me.	78a1d98c-3620-5af3-8ead-d04c788bc31f	14	17
Non mi guardare.	Don't look at me.	6e22a7f6-e57d-5bd1-9bec-4166638af68e	16	17
Non mi guardate.	Don't look at me.	611b8ec9-25e6-5db5-b3ca-791bc32d674b	16	17
Non guardare questo!	Don't look at this!	cfca00c1-a968-5c2f-8492-cc31a8b64b53	20	19
Non guardate questo!	Don't look at this!	6526a924-1aba-5e50-bdbf-30eed2a0b4d3	20	19
Non guardi questo!	Don't look at this!	69e30572-6bfc-59df-81d5-2cd1ff164e68	18	19
Non mi guardare!	Don't look at me!	66dac48f-3d64-5f4c-9c49-4aab74a60818	16	17
Non mi guardate!	Don't look at me!	39abf24a-8a24-53fd-a246-830c4eeee1b9	16	17
Non mi guardi!	Don't look at me!	82642b9b-8e85-5c77-ab53-c1c4eb60aedc	14	17
Non guardarmi!	Don't look at me!	e1d8af0a-75e2-5441-a55c-ca6e8f1ce0d6	14	17
Non guardatemi!	Don't look at me!	2f8cd860-aa9b-50c4-a135-02d8758a0ae4	15	17
Non guardarlo!	Don't look at him!	c4b57db3-7a4e-52b0-af99-300ef7406cbc	14	18
Non guardatelo!	Don't look at him!	c11c5b9f-dd8e-5135-9632-884f3ddbc866	15	18
Non lo guardi!	Don't look at him!	50724fa8-e884-5502-926b-ac8139f8eba0	14	18
Non lo guardare!	Don't look at him!	1ce3ca6c-4074-5f58-9a2f-59d0f7ec1f3a	16	18
Non lo guardate!	Don't look at him!	523ad8e9-99ea-5433-8510-a973b4193571	16	18
Dopo tutto, hai ragione.	After all, you're right.	aa5b5883-f042-5f2d-aa2b-6e0ce0e22f6d	24	24
Dopo tutto, ha ragione.	After all, you're right.	7a02f58e-a6f4-59ca-a171-be955a0dcc56	23	24
Dopo tutto, avete ragione.	After all, you're right.	81dc34ed-fd34-54b4-a515-a63e2424b271	26	24
Non siamo così disperati.	We're not that desperate.	0ff404d5-dbef-51ac-9e64-7ba3f4dc7da1	25	25
Noi non siamo così disperati.	We're not that desperate.	bf09a3b2-fdcc-5fe6-8b0f-6d1e25a3a00a	29	25
Non siamo così disperate.	We're not that desperate.	73237841-b837-553b-bb4c-661e3e39ccf8	25	25
Noi non siamo così disperate.	We're not that desperate.	80ebe3fc-9456-5924-8298-fd0de8b70730	29	25
Da dove viene il tuo amico?	Where does your friend come from?	a9da89a9-3334-5638-9d1f-283350d562d3	27	33
Da dove viene il suo amico?	Where does your friend come from?	26341e20-b83e-5905-aa2c-2e7768ebb15b	27	33
Da dove viene il vostro amico?	Where does your friend come from?	c05eec36-9cf2-5b75-8efc-ba03a202b952	30	33
Da dove viene la tua amica?	Where does your friend come from?	076c6325-8b04-569d-9f8f-b6de626cb133	27	33
Da dove viene la sua amica?	Where does your friend come from?	0ba66ddf-b71e-509c-a315-d7fe3afc4e2b	27	33
Da dove viene la vostra amica?	Where does your friend come from?	9a9338f5-ab7c-557c-ae05-3cb3fa64a91f	30	33
Gli ha consigliato di bere più latte.	She advised him to drink more milk.	0c1de520-8a4b-5e0e-9d6b-b060d3e64da5	37	35
Lei gli ha consigliato di bere più latte.	She advised him to drink more milk.	137a493c-e2f0-5f6b-82ae-308cd5fa6815	41	35
Gli consigliò di bere più latte.	She advised him to drink more milk.	9a21c856-50a4-514f-879c-ffc39033aa86	32	35
Lei gli consigliò di bere più latte.	She advised him to drink more milk.	12ffeb3e-390b-59cb-bc4b-a3625661010b	36	35
Gli ha consigliato di fare attività fisica.	She advised him to exercise.	f780b73a-5d98-5401-9555-04686da3e6d7	43	28
Lei gli ha consigliato di fare attività fisica.	She advised him to exercise.	ebf25fb6-fda0-5871-9741-1af953ce9c3a	47	28
Gli consigliò di fare attività fisica.	She advised him to exercise.	c204b833-707a-55f2-bd68-0fa8a7d55356	38	28
Lei gli consigliò di fare attività fisica.	She advised him to exercise.	8071758b-38f2-5f7c-a00d-1ee8435e8099	42	28
Tom era stupefatto.	Tom was startled.	33fc94bf-fc5a-5796-ad0e-39d233c57923	19	17
Gli ha consigliato di essere puntuale.	She advised him to be punctual.	523de718-7a34-5874-a252-5a1de7d3ac3d	38	31
Lei gli ha consigliato di essere puntuale.	She advised him to be punctual.	fabb4451-b74b-554b-b364-4d2f69a4058a	42	31
Gli consigliò di essere puntuale.	She advised him to be punctual.	71fac1c6-eb27-568b-aab0-35fa757fc8ba	33	31
Lei gli consigliò di essere puntuale.	She advised him to be punctual.	5a1d74ae-dbe7-5bfa-86e6-4d60af15ab4f	37	31
Gli ha consigliato di perdere peso.	She advised him to lose weight.	1e1f2c44-8a07-5e0c-aa81-eb4322f85ab0	35	31
Lei gli ha consigliato di perdere peso.	She advised him to lose weight.	54d1ef9d-f9df-56a8-b905-0600bab3f682	39	31
Gli consigliò di perdere peso.	She advised him to lose weight.	aeb6d87d-e761-5490-a3b2-fb68f77adc7b	30	31
Lei gli consigliò di perdere peso.	She advised him to lose weight.	359a6363-a3df-5c2c-aa11-86a70b2e129b	34	31
Gli ha consigliato di smettere di bere.	She advised him to stop drinking.	8272423d-1d8b-5804-8b95-1bc691dddbf5	39	33
Lei gli ha consigliato di smettere di bere.	She advised him to stop drinking.	f77749da-4dba-56cc-a89c-b18cbf30dd52	43	33
Gli consigliò di smettere di bere.	She advised him to stop drinking.	ec4ee424-8f37-5009-95ce-81c7ae5cb3bf	34	33
Lei gli consigliò di smettere di bere.	She advised him to stop drinking.	30b3da56-0ad7-5f5d-994c-d41a8e5631ca	38	33
Gli ha consigliato di usare una bici.	She advised him to use a bicycle.	ed36f110-9590-5c26-8235-6fd377999a4a	37	33
Lei gli ha consigliato di usare una bici.	She advised him to use a bicycle.	d2716463-81e4-5b59-aa75-89fab3221436	41	33
Gli ha consigliato di usare una bicicletta.	She advised him to use a bicycle.	cd4a328b-9ba4-5d3b-bd77-a57960fb41da	43	33
Lei gli ha consigliato di usare una bicicletta.	She advised him to use a bicycle.	4dacbc93-3021-5273-abcd-57aa3d5546fe	47	33
Gli ha consigliato di utilizzare una bicicletta.	She advised him to use a bicycle.	969ad232-f046-5375-aceb-ecf581b938dd	48	33
Gli ha consigliato di utilizzare una bici.	She advised him to use a bicycle.	51f73752-d245-5791-84ce-78c1d3486c38	42	33
Lei gli ha consigliato di utilizzare una bici.	She advised him to use a bicycle.	f26442c8-dd2a-5486-b646-cee4e7be3e02	46	33
Gli consigliò di utilizzare una bici.	She advised him to use a bicycle.	90c95c24-ebc0-5968-92e5-9f9bfa21ac86	37	33
Lei gli consigliò di utilizzare una bici.	She advised him to use a bicycle.	5406784f-7bae-5a85-8650-f3d6e736a966	41	33
Gli consigliò di utilizzare una bicicletta.	She advised him to use a bicycle.	6faf887f-139d-55d2-b22a-689ead0eb8b1	43	33
Lei gli consigliò di utilizzare una bicicletta.	She advised him to use a bicycle.	7cf0d857-ad6e-5789-8341-37d1a5f5d516	47	33
Gli consigliò di usare una bicicletta.	She advised him to use a bicycle.	e7bcaa6c-5eda-51d9-b870-1259e63ff946	38	33
Lei gli consigliò di usare una bicicletta.	She advised him to use a bicycle.	90bb8aaa-36ef-5949-8bb2-27d52946eaa4	42	33
Gli consigliò di usare una bici.	She advised him to use a bicycle.	9b0af828-1cd7-5fe9-a22e-ff9a2f30256c	32	33
Lei gli consigliò di usare una bici.	She advised him to use a bicycle.	10db51de-9c14-5f0e-b042-ed8a8c75f267	36	33
Gli ha consigliato di diventare un insegnante.	She advised him to become a teacher.	b559522e-dd97-5066-99dc-c99df4cefef1	46	36
Lei gli ha consigliato di diventare un insegnante.	She advised him to become a teacher.	e89f0e57-8a75-5750-8ee9-ea0f5f83d9f4	50	36
Gli consigliò di diventare un insegnante.	She advised him to become a teacher.	6a293a50-9c73-5b22-b0e2-310e4bc184b8	41	36
Lei gli consigliò di diventare un insegnante.	She advised him to become a teacher.	679921a2-f395-574f-ae21-281184c891d8	45	36
Gli ha consigliato di diventare un professore.	She advised him to become a teacher.	889f14d2-ae50-5f88-96c0-bbe187a68506	46	36
Lei gli ha consigliato di diventare un professore.	She advised him to become a teacher.	fcba5900-616f-52b6-becc-ece8ab066834	50	36
Gli consigliò di diventare un professore.	She advised him to become a teacher.	fe555c86-74aa-5ee8-a1fe-7a5b3d72197a	41	36
Lei gli consigliò di diventare un professore.	She advised him to become a teacher.	e7094e72-f587-56b9-8650-f9f9db93e5db	45	36
Gli ha consigliato di fare più attività fisica.	She advised him to get more exercise.	1bf5366b-9a54-5b20-bc68-912c5b931e80	47	37
Gli consigliò di fare più attività fisica.	She advised him to get more exercise.	46d7806d-2292-51ec-826f-c3c4be14a5d0	42	37
Lei gli consigliò di fare più attività fisica.	She advised him to get more exercise.	d00ac0a2-43ff-5561-9586-a3a25c12fcb9	46	37
Ricordo tutto.	I remember everything.	ff9f6b2d-2573-55ca-92d2-ba82ed7d91a0	14	22
Io ricordo tutto.	I remember everything.	173319f9-17eb-5aec-92ad-0da07f04e8bd	17	22
Mi ricordo tutto.	I remember everything.	476bc28b-742b-583b-93c1-df9e6875a130	17	22
Io mi ricordo tutto.	I remember everything.	e3065dc7-ee59-5a80-9191-13ba49f89977	20	22
Ho messo tre cucchiaini di zucchero nel tuo tè.	I put three teaspoons of sugar in your tea.	78507370-ee01-53e8-9f21-af87eb195620	47	43
Io ho messo tre cucchiaini di zucchero nel tuo tè.	I put three teaspoons of sugar in your tea.	348cc80c-c2eb-536c-babf-78e45db041fd	50	43
Ho messo tre cucchiaini di zucchero nel suo tè.	I put three teaspoons of sugar in your tea.	b66b65c3-2a16-5bef-8ec3-e6496715dbcd	47	43
Io ho messo tre cucchiaini di zucchero nel suo tè.	I put three teaspoons of sugar in your tea.	b7bc62ed-9e53-56b4-a5df-f98e01a00758	50	43
Ho messo tre cucchiaini di zucchero nel vostro tè.	I put three teaspoons of sugar in your tea.	5f5ec444-0c18-549f-b160-4071dce277c0	50	43
Tom è pieno di buone intenzioni.	Tom is full of good intentions.	b149e026-3ddd-5bbe-9e6b-281d62763aac	32	31
Tom si comporta come se nient'altro importasse.	Tom acts like nothing else matters.	c68c0bf2-e60b-5130-863f-ada60c62d45d	47	35
Tom si comporta come se null'altro importasse.	Tom acts like nothing else matters.	174b6c3a-e14c-501d-bc71-bdc487c624f0	46	35
Tom si comporta come se non importasse altro.	Tom acts like nothing else matters.	06e0f842-5951-5ea9-a700-0eab20529c3f	45	35
Tom sarà qui tra meno di un'ora.	Tom will be here in less than an hour.	e691185b-cdd3-5e25-8df9-ccf75461d1e1	32	38
Hai delle borse da controllare?	Do you have any bags to check?	801dc878-3514-5b69-9ea5-925265354007	31	30
Tu hai delle borse da controllare?	Do you have any bags to check?	c4cfa98a-8e73-55f9-a9f6-10d8a39920be	34	30
Ha delle borse da controllare?	Do you have any bags to check?	c8905a1b-a23c-5f5c-be98-145b5a9a8b4f	30	30
Avete delle borse da controllare?	Do you have any bags to check?	bd557586-4255-58d6-85ce-fe064571e29f	33	30
Voi avete delle borse da controllare?	Do you have any bags to check?	13652efc-f5fe-5f76-accb-7a761af03cbd	37	30
Lei ha delle borse da controllare?	Do you have any bags to check?	8ad19eb6-c96d-59a6-b9c7-ead5764bf4d4	34	30
L'uomo lava il bucato, non la donna.	The man does the laundry, not the woman.	e329fe1f-07f7-51e1-b42c-7cd39922fee8	36	40
Non è morto di cancro.	He did not die of cancer.	3ab2d05f-d913-5e40-8954-6a8acee32b6c	22	25
Lui non è morto di cancro.	He did not die of cancer.	bfb25abd-e414-5377-ac00-e82a3b165dd3	26	25
Non morì di cancro.	He did not die of cancer.	a023b6fa-184d-59b8-9ea0-07651d33363b	19	25
Lui non morì di cancro.	He did not die of cancer.	c9e70795-d72f-51cd-8deb-f4ecb3a060ce	23	25
Non è morto di tumore.	He did not die of cancer.	c392f634-4eba-5cd2-89bc-cf8dcfb7eedc	22	25
Lui non è morto di tumore.	He did not die of cancer.	929435c3-fb48-52b9-a3a8-499f26f9972a	26	25
Non morì di tumore.	He did not die of cancer.	3dbb211d-c513-5e68-b5e8-44d997819042	19	25
Lui non morì di tumore.	He did not die of cancer.	ac617c94-a854-5912-ab2b-3abfb1583349	23	25
Apriti.	Open up.	922f669c-caa6-58b0-8a56-f0828a84bb3c	7	8
Apritevi.	Open up.	0f13298e-dba7-5906-912b-bcb6e9f1dc25	9	8
Si apra.	Open up.	5a639924-b014-55b2-97dc-806a76cfac74	8	8
Apri.	Open up.	da0e4edc-893c-5b08-aae2-e25d6fe3a4c2	5	8
Apra.	Open up.	2fe4a0c3-cd64-505e-8095-aba01fdba817	5	8
Aprite.	Open up.	01862fe8-893f-5593-a910-8f061788a773	7	8
Confidati.	Open up.	78eea2ef-c93e-5902-86d6-152fb07b2164	10	8
Si confidi.	Open up.	e7598ecd-3d03-58d7-977f-11e988856b79	11	8
Confidatevi.	Open up.	1e3b38fd-2532-5233-80f9-d068fa46b3b2	12	8
Tom ha parlato di scuola.	Tom talked about school.	905e3412-9fb7-5685-b3f6-634d46943ae8	25	24
Tom parlò di scuola.	Tom talked about school.	69a6a86e-6a6a-51e1-badb-ed52cd675c43	20	24
Sì!	Yes!	2c01243b-e347-5915-a3ae-b2ace48beacd	3	4
Li salveremo.	We will rescue them.	f999bb80-916a-5f17-884a-14caedf7b8ec	13	20
Noi li salveremo.	We will rescue them.	4aecbf63-aca2-5861-8d7e-db9e45ecfb6e	17	20
Le salveremo.	We will rescue them.	92b3c966-8f0a-5a8f-9997-3d3173c01397	13	20
Noi le salveremo.	We will rescue them.	19924952-3051-5560-924d-985a2d5ef1f6	17	20
Il giorno successivo, Isabela è tornata a casa.	The next day, Isabela came back home.	9e308ea2-01f1-5e24-87a1-0fa7a6b9bcbd	47	37
Il giorno successivo, Isabela tornò a casa.	The next day, Isabela came back home.	50b25b67-a8d4-56b8-b186-3479ce0f062c	43	37
Io ho fame. E tu?	I'm hungry. How about you?	c45d75b8-4779-501c-8535-93bf08f55ea1	17	26
Io ho fame. E voi?	I'm hungry. How about you?	57fb68e7-a61c-5d3d-8c12-8e7a6d5bec5c	18	26
Io ho fame. E lei?	I'm hungry. How about you?	d80d8278-f7b0-5992-bdc5-ec844defb12e	18	26
Tom vuole tornare a Boston.	Tom wants to go back to Boston.	0280c3cb-2235-599f-bb64-1310ca311898	27	31
Tom vuole ritornare a Boston.	Tom wants to go back to Boston.	2335efd6-db20-5b54-94e5-5b9c6b8b26bc	29	31
Sei troppo magro! Devi mangiare di più.	You're too skinny! You need to eat more.	8994e8c9-acbc-5f9e-be0d-7f1874f63cfa	39	40
Sei troppo magra! Devi mangiare di più.	You're too skinny! You need to eat more.	e8e08022-7255-5e5f-b149-93db589ab361	39	40
Temo che la voce sia vera.	I'm afraid the rumor is true.	929102c2-de4b-5dd0-88ec-76387ac01cae	26	29
Io temo che la voce sia vera.	I'm afraid the rumor is true.	031783ed-db7a-5feb-8970-9583703ba4c0	29	29
La colomba è un simbolo di pace.	The dove is a symbol of peace.	a091cd0e-4c74-5861-844c-54ab723239b5	32	30
Non puoi lasciarla vincere.	You can't let her win.	92e103fb-0800-5ae4-9c8e-0f7f32541369	27	22
Non può lasciarla vincere.	You can't let her win.	69d407c0-cd09-5f76-b759-298c79fb5c6c	26	22
Non potete lasciarla vincere.	You can't let her win.	cfcbf67e-f810-5cde-9a39-411de9294a55	29	22
Non puoi lasciare vincere Tom.	You can't let Tom win.	28ac58df-6dbe-5556-a001-4c2e5830220a	30	22
Non può lasciare vincere Tom.	You can't let Tom win.	cc89469b-f63c-5b22-8f4b-fef78cf8b731	29	22
Non potete lasciare vincere Tom.	You can't let Tom win.	c5193f27-eb98-553a-91bd-ee2448518ad2	32	22
Non puoi lasciarli vincere.	You can't let them win.	21a2eb47-d405-5794-93bf-539b558392d0	27	23
Non puoi lasciarle vincere.	You can't let them win.	b13dcc3a-741d-5f23-bfeb-82dc65ae69e5	27	23
Non può lasciarli vincere.	You can't let them win.	7f825882-881a-52b9-bf50-2719354d089e	26	23
Non può lasciarle vincere.	You can't let them win.	5a0d733e-1ce0-5acc-9e28-c2df8cdb4b9c	26	23
Non potete lasciarli vincere.	You can't let them win.	93475b9b-14a2-5a46-84d8-fddb520be7d8	29	23
Non potete lasciarle vincere.	You can't let them win.	4b110edc-0c65-565f-abde-4a85daf8794f	29	23
Non puoi lasciarlo vincere.	You can't let him win.	7f667ca3-f059-570b-9f44-700b2ca7c519	27	22
Non può lasciarlo vincere.	You can't let him win.	bdd6912a-2ee8-5863-8631-efb681825958	26	22
Non potete lasciarlo vincere.	You can't let him win.	75b16569-95a9-51ec-94e7-986372f5f3f9	29	22
Ho un morso di zanzara sul gomito.	I have a mosquito bite on my elbow.	1cc9fada-f2e4-575d-8e35-777613df3de1	34	35
Io ho un morso di zanzara sul gomito.	I have a mosquito bite on my elbow.	5398448c-fba1-5b42-94f4-c0c265043dd2	37	35
Non puoi aiutarmi.	You can't help me.	db4d9b8d-9996-57e4-ae07-e655689e0cca	18	18
Non mi fermerà.	That's not going to stop me.	30abc57f-b511-50d7-9854-148c7a16159e	15	28
Il suo nome era Mary.	Her name was Mary.	1b136b0e-0e1c-5145-b0e4-10d1f40c5021	21	18
Si rade quotidianamente.	He shaves daily.	83afa846-c2c1-5c6c-bbaa-493a76fe73a2	24	16
Lui si rade quotidianamente.	He shaves daily.	40be84ca-a63e-53c9-9853-e8d9d1a3f2e3	28	16
Lavoriamo quotidianamente.	We work daily.	76362cfd-2ed4-5407-ba3c-f81e6fbf6407	26	14
Noi lavoriamo quotidianamente.	We work daily.	36f0f139-ca15-54f8-bb45-703f364337a0	30	14
Non ti ho detto nulla.	I didn't tell you anything.	e14013b1-5a80-55d2-9a63-7c09940f3dcb	22	27
Voglio imparare a sciare.	I want to learn how to ski.	e637f926-ba24-53ac-a136-22c3db4af8c1	25	27
Voglio imparare a ballare.	I would like to learn how to dance.	9da6011f-436e-51a6-aa10-417c724655c9	26	35
A scuola andiamo per imparare.	We go to school to learn.	6a80ad91-0ca1-5565-85b3-15155f4970ff	30	25
