text_it	text_en	hash	text_it_length	text_en_length
Chiudete sempre a chiave la porta.	Always lock the door.	ebe3a76f-92fe-57ad-9c80-a7f9505a9f5d	34	21
Ci dispiace per l'inconveniente.	We are sorry for the inconvenience.	024e306f-84c9-5516-ac6a-2e09432eb043	32	35
Spiacente per l'inconveniente.	Sorry for the inconvenience.	a58e967d-c3e8-5a74-8960-04615878feb4	30	28
Spiacenti per l'inconveniente.	Sorry for the inconvenience.	fd75a8a3-fa10-5b47-8721-2203b139d15a	30	28
È ancora lunedì.	It's still Monday.	69d4a5db-6801-5dd9-8d36-c93e03ab90d5	16	18
Il ragazzo era sdraiato ad ascoltare la radio.	The boy lay listening to the radio.	dc45954c-c640-5742-9d0f-d50c423257f9	46	35
Hai già iniziato a imparare il francese?	Have you already started learning French?	aa2e7250-9cb8-503d-8788-c9f01bc057a9	40	41
Hai già cominciato a imparare il francese?	Have you already started learning French?	c8791374-d1ee-5c98-88d8-3614b54cbe21	42	41
Ha già iniziato a imparare il francese?	Have you already started learning French?	9d094865-4bb7-537b-9936-3e6e171976cf	39	41
Ha già cominciato a imparare il francese?	Have you already started learning French?	ef9bafc2-6cb9-5b5d-bcd3-022851a1dca0	41	41
Avete già iniziato a imparare il francese?	Have you already started learning French?	f726c4dd-80e2-57c7-8257-76675eece6af	42	41
Avete già cominciato a imparare il francese?	Have you already started learning French?	067537aa-cfe1-5725-8554-3db598c11faa	44	41
Studio il francese per tre ore ogni giorno.	I study French for three hours every day.	cc4a2699-7821-5aba-ae4e-e977532b4b4d	43	41
Io studio il francese per tre ore ogni giorno.	I study French for three hours every day.	4cdca00d-68f4-555b-a1ba-52964c18cd0f	46	41
Tom ha capito.	Tom understood.	fe48ba19-c95e-5772-95d5-650e2865c4e1	14	15
Tom capì.	Tom understood.	6dd3c58f-5585-513c-8838-ef82d2358b5f	9	15
Tom ha compreso.	Tom understood.	2e5fecc2-8ffa-536d-955a-c6807fcc33ea	16	15
Tom comprese.	Tom understood.	dc801b50-0b3a-5ad0-9434-a2bbf3bb39c9	13	15
È un discorso incomprensibile.	It is unintelligible speech.	01f56f11-0997-5f52-8787-24af0fda85eb	30	28
Tom capisce quello che tu non capisci.	Tom understands what you don't.	428b94d7-a97a-5621-a0f3-7b0218b579f6	38	31
Tom capisce quello che lei non capisce.	Tom understands what you don't.	66177d6e-baae-56a3-8933-fe4d1c5fa3c2	39	31
Tom capisce quello che voi non capite.	Tom understands what you don't.	6ab39f91-21d4-59f5-96ac-b590ec45a44e	38	31
Tom comprende quello che lei non comprende.	Tom understands what you don't.	c88f5c02-bc6b-5a79-bda1-7163886802b7	43	31
Tom comprende quello che voi non comprendete.	Tom understands what you don't.	a4b2068e-cc08-5614-b11b-7777a73c33ca	45	31
Tom comprende quello che tu non comprendi.	Tom understands what you don't.	939ed663-3d44-5ab1-a606-31f1c7cc98f0	42	31
Mi ricordo di quel posto.	I remember that place.	ebe38252-8e40-5d38-afb1-b8f06c9011cf	25	22
Io mi ricordo di quel posto.	I remember that place.	42b37734-bedc-5abc-b9db-99e8dc062df4	28	22
Ricordo quel posto.	I remember that place.	60e1fc74-0310-54f8-a779-8ccbc5731921	19	22
Io ricordo quel posto.	I remember that place.	06b87609-f471-5fab-a9ab-cf890523d70f	22	22
Comprenderanno.	They'll understand.	6822b54b-7a9c-572a-89ff-ad4ac7c32688	15	19
Loro comprenderanno.	They'll understand.	a962abcb-1f36-5ab4-8175-a8ec45362d6a	20	19
L' Europa non ha bisogno di nessuno.	Europe doesn't need anyone.	3eef04e9-2285-5e67-ba15-c5d206293bc4	36	27
Ho imparato una cosa nuova.	I learned a new thing.	b755053d-eded-59b1-8b1a-7852b93fb029	27	22
Io ho imparato una cosa nuova.	I learned a new thing.	445cc02f-3050-5edc-a381-599c94dac3f9	30	22
Aspettiamo il nostro turno.	Let's wait for our turn.	158a5ace-cbb4-51ca-9493-9631b613da16	27	24
Mi piace questo profumo.	I like this perfume.	55dae93f-ae89-5523-a921-43b11a776683	24	20
A me piace questo profumo.	I like this perfume.	17a3d09f-04d0-50fc-a266-471d8d85d00a	26	20
Tom è diventato serio.	Tom turned serious.	c32612c5-0b4e-50ee-ac55-2d22c9c1c72a	22	19
Tom diventò serio.	Tom turned serious.	97b362ac-accd-58a4-b5f6-06c818241c8d	18	19
Tom è serio?	Is Tom serious?	3d93a5c0-86f4-58c6-96b0-1b0e88d6ab85	12	15
Tom sta affrontando qualche problema serio.	Tom is facing a few serious problems.	1674d90c-7dbb-5504-83de-0b15dbef91d5	43	37
Tom ha fatto qualche errore grave.	Tom made a few serious mistakes.	4f9633e8-08b2-5ee6-8a56-1925440415ee	34	32
Tom fece qualche errore grave.	Tom made a few serious mistakes.	fd0869a2-e085-5c5a-94f6-74289db524b4	30	32
Tom non prende il suo lavoro molto seriamente.	Tom doesn't take his job very seriously.	b5ea7b2a-b9fb-5ac5-9cce-bf058cc6db89	46	40
Tom non prendeva Mary troppo seriamente.	Tom didn't take Mary too seriously.	8b6bfc70-c758-5933-b0e9-a9e72e3ccd03	40	35
Tom non è rimasto ferito gravemente.	Tom was not seriously injured.	07d921d6-598b-5ad3-b89b-b57d256a6fd6	36	30
Tom non rimase ferito gravemente.	Tom was not seriously injured.	a6de8e78-e93c-5400-9976-ab5ff16bd99a	33	30
Tom non ha mai preso seriamente Mary.	Tom never took Mary seriously.	599b6d48-c669-5293-b32e-e91d3078fad3	37	30
Tom non riesce a credere che Mary sia seria.	Tom can't believe Mary is serious.	583ea1a0-23d3-559b-a2e3-14d0f31f2afe	44	34
Tom sembra serio.	Tom looks serious.	0372c6d4-ddf0-5844-8b2b-1dcf7a3eaeb9	17	18
Mostar è una città molto bella.	Mostar is a very beautiful city.	14e7640f-a770-5b39-bae4-92f806d6da98	31	32
Questo è il computer di mia madre.	This is my mother's computer.	fc1ed4c8-a3d7-5f28-9a41-fa44796a0470	34	29
Questa è la camicia di mio padre.	This is my father's shirt.	c88d112e-00ac-54c4-8ec6-13de03730126	33	26
Dov'è Bagnaluca?	Where is Banja Luka?	eb17a965-2f97-57a4-a162-1de38d54499e	16	20
Vivo a Sarajevo.	I live in Sarajevo.	4f0e9235-84cb-5b94-ab96-a974928a36bf	16	19
Io vivo a Sarajevo.	I live in Sarajevo.	97eddd99-8922-5099-9aab-704445996c4d	19	19
Vivo a Saraievo.	I live in Sarajevo.	6b3cae87-5ac5-5140-9304-977b9af6407d	16	19
Io vivo a Saraievo.	I live in Sarajevo.	091299d8-88f4-5f83-a4c4-df944eb7e4cc	19	19
Dov'è Banja Luka?	Where is Banja Luka?	6e96153d-d0a1-5363-9e02-9ee0aa9a1cb9	17	20
Chiediamo.	Let's ask.	246b6dc3-159a-5349-8c09-28257bf4f853	10	10
Il mio amico è venuto in biblioteca per studiare.	My friend came to the library to study.	ff4b1a77-9230-5b81-8d42-c5ae314d46e7	49	39
Il mio amico venne in biblioteca per studiare.	My friend came to the library to study.	6be0d48b-8d45-503f-95a1-3abd5272c31f	46	39
La mia amica è venuta in biblioteca per studiare.	My friend came to the library to study.	415906f7-35fb-5310-af31-b94d0533b3fa	49	39
La mia amica venne in biblioteca per studiare.	My friend came to the library to study.	91e2e168-102f-50b6-adf9-36302a9f7297	46	39
Non mi piacciono i cani grandi.	I don't like big dogs.	a56cd922-6d3c-58d0-a780-6d4ee27e5b1d	31	22
A me non piacciono i cani grandi.	I don't like big dogs.	0eea9a67-3295-5bd7-8a08-474fcc131635	33	22
Stiamo provando.	We're trying.	d986a0c0-1f2f-5145-afb3-428fe3d4dce0	16	13
Noi stiamo provando.	We're trying.	4ef16300-f3ab-53cf-acc3-6ce9d4fa255d	20	13
Tom era serio.	Tom was serious.	35fa67a1-64d2-5a50-b67b-90b091dd300d	14	16
Tom è sempre serio.	Tom is always serious.	1ef9ee14-9f7b-583c-8ac8-129c09042e9e	19	22
Tom sta diventando serio.	Tom is getting serious.	e66cc18f-a61c-5594-8822-166da893ffbc	25	23
Tom è serio ora.	Tom is serious now.	e83e714a-c598-5c3c-b562-ae9a0996954e	16	19
Tom è serio adesso.	Tom is serious now.	f92cfd43-93bf-5b8d-b444-2702aa38693b	19	19
Non prendere Tom troppo seriamente.	Don't take Tom too seriously.	940f9d85-730c-5a31-b43d-66475c01a1ba	35	29
Non prendete Tom troppo seriamente.	Don't take Tom too seriously.	9ef309dc-4e01-5540-8bc0-e4149af28b97	35	29
Non prenda Tom troppo seriamente.	Don't take Tom too seriously.	e1af0dc7-c783-5ade-b601-223b666c1f69	33	29
Picasso dipinse questo quadro nel 1950.	Picasso painted this picture in 1950.	bbcf6999-e145-5b4c-aa6a-423281f562d4	39	37
Io ho due nipoti.	I have two nephews.	3b5ecf9c-01e2-5a88-8929-07a059591e84	17	19
Dove posso lasciare la mia bici?	Where can I leave my bike?	e7858cd2-1098-52be-bfce-5b7803a3d1e1	32	26
Dove posso lasciare la mia bicicletta?	Where can I leave my bicycle?	2f2ded17-37b1-5890-96af-bd600800b8f5	38	29
Ho letto tutto il libro in una sera.	I read the whole book in one evening.	b46b02e3-b01c-52a5-97f6-89059ed458c2	36	37
Io ho letto tutto il libro in una sera.	I read the whole book in one evening.	c7739305-b139-5b76-b526-53486d55f19f	39	37
Lessi tutto il libro in una sera.	I read the whole book in one evening.	351b6968-b295-5651-ada0-a8d24cbacc34	33	37
Io lessi tutto il libro in una sera.	I read the whole book in one evening.	b266b603-e6a7-55c2-817c-9e97be1ed258	36	37
Sei stato felice in Portogallo?	Have you been happy in Portugal?	e55922b8-c4a3-5030-93da-80d056a33e0a	31	32
Sei stata felice in Portogallo?	Have you been happy in Portugal?	98db9312-cdc8-5939-b42b-ba1568d93ce9	31	32
È stato felice in Portogallo?	Have you been happy in Portugal?	f1fb629a-1910-51f9-9953-113eb29bfc54	29	32
È stata felice in Portogallo?	Have you been happy in Portugal?	39fc2047-837b-5333-914a-6a012450087e	29	32
Siete stati felici in Portogallo?	Have you been happy in Portugal?	8fe10480-74ec-5d58-ae18-154231be6bdf	33	32
Siete state felici in Portogallo?	Have you been happy in Portugal?	e22ff000-db36-5723-9fc0-7a95e957d879	33	32
Tutti sono d'accordo.	Everybody agrees.	0bb1b502-7d4b-5e3c-a617-cb8b5012881a	21	17
Svegliami presto domani mattina.	Wake me up early tomorrow morning.	b67081fd-3cd8-5c4e-b941-cfbe406abfef	32	34
Svegliatemi presto domani mattina.	Wake me up early tomorrow morning.	c271c9bf-e035-517c-b10c-8cac5dcaef8c	34	34
Mi svegli presto domani mattina.	Wake me up early tomorrow morning.	b964f933-821f-5100-a07d-c3d75a9519f4	32	34
Svegliami presto domattina.	Wake me up early tomorrow morning.	d8f65955-7c9f-5466-bc5e-83b5ef6e3147	27	34
Svegliatemi presto domattina.	Wake me up early tomorrow morning.	a6bcc4cc-1ca2-5327-b172-26ae6a44cca8	29	34
Mi svegli presto domattina.	Wake me up early tomorrow morning.	63587b5b-bf13-5c5f-b6a3-cb1ec3a0212a	27	34
Non va bene provare ad aggirare il problema.	It's no good trying to bypass the problem.	45a8964e-2e81-55fa-8c05-81ba3a368454	44	42
Tutti hanno lodato il suo eroismo.	Everybody praised his heroism.	8bbccc28-7480-5001-87d8-f9cc144588d7	34	30
Tutti lodarono il suo eroismo.	Everybody praised his heroism.	e7542dd3-c7fc-50f7-989c-1ce99066d8f3	30	30
Ci sono troppe pubblicità in TV.	There are too many commercials on TV.	0644e554-35ce-57a8-8b7f-b948af278445	32	37
Non comprarlo.	Don't buy it.	5a5a8bc5-4ce2-5be8-8ea5-1e309ad1275d	14	13
Non comprarla.	Don't buy it.	f3b128fc-6fd5-5526-8512-dc4742989a70	14	13
Non compratelo.	Don't buy it.	a0ec9875-1760-5d80-98f9-fada7465da6c	15	13
Non compratela.	Don't buy it.	c5410578-7311-5055-87c1-8b5d7fd3ea48	15	13
Non lo compri.	Don't buy it.	6933b95f-7ccc-5658-ae9b-33b4a8c7399e	14	13
Non la compri.	Don't buy it.	a0040990-386e-5238-8ca4-9d42b07bd809	14	13
Mi dispiace, non lo compro.	I'm sorry, I don't buy it.	e8cb0b89-0e9d-5a44-a93a-4806c19a3574	27	26
Mi dispiace, non la compro.	I'm sorry, I don't buy it.	f65ef48c-6150-59db-9dc6-d23d2a8eff0d	27	26
Non comprare questo quadro: è un'imitazione.	Don't buy this painting; it's a fake.	cde71516-edff-5e80-af6e-d1a8c6f06fa2	44	37
Non compri questo quadro: è un'imitazione.	Don't buy this painting; it's a fake.	7ea1bd13-dc8c-5089-8dd7-d4125e410f34	42	37
Non voglio comprarlo.	I don't want to buy it.	4e937759-c08d-5f37-a9c7-f12c3387bb2c	21	23
Io non voglio comprarlo.	I don't want to buy it.	c92c4c73-a854-5916-b881-2388dcd78fec	24	23
Non voglio comprarla.	I don't want to buy it.	30a74ff3-032b-522d-b3b5-76eb4f6c08cd	21	23
Io non voglio comprarla.	I don't want to buy it.	0fc24e67-cf37-59da-85c4-839eace61d7c	24	23
Non ho abbastanza soldi per comprarlo.	I don't have enough money to buy it.	8c292242-9acc-5759-baa3-167dd8cbdb57	38	36
Io non ho abbastanza soldi per comprarlo.	I don't have enough money to buy it.	f4817d83-129a-5d24-a843-65a3c48dabcc	41	36
Non ho abbastanza soldi per comprarla.	I don't have enough money to buy it.	3d110e7e-6555-5ea9-b041-5277a888be23	38	36
Io non ho abbastanza soldi per comprarla.	I don't have enough money to buy it.	826ec0fe-42a7-530d-b126-f5161b8db58f	41	36
L'anziano mi ha raccontato una strana storia.	The old man told me a strange story.	6302391b-6d40-5953-bf55-57b2ded7ce0e	45	36
L'anziano mi raccontò una strana storia.	The old man told me a strange story.	67307f2f-e918-5c3b-b709-21745064f76a	40	36
I primi umani non sono stati le ultime scimmie.	The first humans were not the last apes.	a5e72e3d-1ebf-5cc2-8ae8-58d9a16a4bde	47	40
Sei il mio angelo.	You are my angel.	117df0e7-9221-5770-9cfd-a64a7aadf990	18	17
Tu sei il mio angelo.	You are my angel.	97e15ddd-1d70-563e-bf6d-b5ba2db6e164	21	17
È il mio angelo.	You are my angel.	5d87c4bf-6874-5c42-873b-42aa72c58db3	16	17
Lei è il mio angelo.	You are my angel.	d27d005e-83e3-58a7-8979-7bcc6746b4e6	20	17
C'è rimasto solo un po' di latte.	There's only a little milk left.	00b7fcb3-e5e8-55f4-9395-fc33b3a12e5f	33	32
C'è rimasto solamente un po' di latte.	There's only a little milk left.	dd4d940d-a988-5d89-b17c-9ca2e3c0ddeb	38	32
C'è rimasto soltanto un po' di latte.	There's only a little milk left.	cda6e7b7-2c58-53a6-8813-6fecc67d208c	37	32
Tom non sta dormendo.	Tom isn't sleeping.	9df0a908-3ea5-52ba-9dc0-200f6552389d	21	19
Vive in quella casa laggiù.	He lives in that house over there.	e6f63265-0e38-57d3-9a74-f016b6436c7c	27	34
Lui vive in quella casa laggiù.	He lives in that house over there.	2ce2fe3f-476c-5c6e-9853-9d4f31ca6494	31	34
Tom è leggendario.	Tom is legendary.	0bcaa254-dbc8-5929-9d3e-c9b62a059650	18	17
Tom è mitico.	Tom is legendary.	d75031b1-c8de-555b-bc4e-4e3c317488cf	13	17
Non sto dormendo.	I'm not sleeping.	c746441e-1b11-590e-aff3-e9a7f70046a4	17	17
Il signor Wilson è fiero della sua casa.	Mr. Wilson is proud of his house.	eeaca2e2-844f-52b3-a0a2-a6b86b90042e	40	33
Il mio fratello minore sta ancora dormendo.	My youngest brother is still asleep.	df7fbc0d-5335-5e33-b0d1-d9c1192e49f7	43	36
È venuto a Tokyo per affari.	He came up to Tokyo on business.	926f8a46-c7ff-59cf-89aa-53709c345858	28	32
Lui è venuto a Tokyo per affari.	He came up to Tokyo on business.	d59ed928-3394-5af1-8a28-ecef51678c97	32	32
Sono.	They are.	6ccd70ca-c8bf-5a6b-876a-9553be668deb	5	9
Venne a Tokyo per affari.	He came up to Tokyo on business.	eaf3f60b-3486-566d-8f3b-129d9a8e80dc	25	32
Lui venne a Tokyo per affari.	He came up to Tokyo on business.	ee13ddc2-c124-5aae-b8a8-cb2141c40fb9	29	32
È venuto a Tokyo per lavoro.	He came up to Tokyo on business.	f7353bf0-7026-547c-909d-10628ffd6340	28	32
Lui è venuto a Tokyo per lavoro.	He came up to Tokyo on business.	79fc8a9a-1352-5d2c-a9ed-4b8c74ccbf75	32	32
Venne a Tokyo per lavoro.	He came up to Tokyo on business.	71d6275c-f19f-5292-b114-3d274811bdcc	25	32
Lui venne a Tokyo per lavoro.	He came up to Tokyo on business.	d4e92efc-8da1-5154-a799-dafecc2195c0	29	32
Atua è la divinità di molti in Oceania.	Atua is the god for many in Oceania.	cd774557-195c-5f79-b2ef-b20727349d2f	39	36
Qui non c'è vento.	Here there's no wind.	949367b5-e0f9-52b9-91e0-ef520b7e6308	18	21
Dove vuole andare?	Where does he want to go?	a6011d3c-0df0-5d5f-a446-0b1023234626	18	25
Lui dove vuole andare?	Where does he want to go?	30146e1c-e592-5dbf-bb9e-3ec9abf0634e	22	25
Quale hai mangiato, pesce o carne?	Which did you eat, fish or meat?	260fd139-a09c-5c56-9d52-efdde93923e7	34	32
Quale ha mangiato, pesce o carne?	Which did you eat, fish or meat?	ec471146-519b-5813-82e9-13db2933edb4	33	32
Quale avete mangiato, pesce o carne?	Which did you eat, fish or meat?	579c95e9-923c-5118-b35b-3a3f69dc2ee9	36	32
Minaccia di piovere.	It's threatening to rain.	2bc61af4-bdd5-5393-995d-59959d1e76e2	20	25
Mi scuserò più tardi.	I'll apologize later.	bdc2370a-28fb-5468-ad20-fe832ae6fefe	21	21
Io mi scuserò più tardi.	I'll apologize later.	bf470c62-c64a-5bdf-bafc-34c2a1a906fe	24	21
Come pensa che sia andata?	How does he think it went?	1748a7de-f79c-5472-950f-0aa41a7b2b93	26	26
Lui come pensa che sia andata?	How does he think it went?	708fab4b-ab06-5917-933d-7e7e5a8fd71a	30	26
Questa umidità elevata mi fa sentire stanco.	This high humidity makes me feel tired.	cc5403b7-0a85-5647-abab-3c105ee60b9d	44	39
Questa umidità elevata mi fa sentire stanca.	This high humidity makes me feel tired.	c69a28d1-717f-59b7-a3d7-3bb35d3adf78	44	39
I ratti sono piccoli.	Rats are small.	753ba446-d22b-5383-b487-6038ce098f72	21	15
Non ho alcuna vera scelta.	I don't have any real choice.	e36fe6a5-4fcc-53fb-9960-9e39c6a161e2	26	29
Io non ho alcuna vera scelta.	I don't have any real choice.	ba4d19b5-1aae-5e0b-afe7-57e79eacaf97	29	29
A te piacciono i viaggi?	Do you like trips?	6b5af651-a2e4-5991-8942-b8bd69b7409e	24	18
A lei piacciono i viaggi?	Do you like trips?	8dd46476-2be2-53fb-ac35-d778e87a1bf8	25	18
A voi piacciono i viaggi?	Do you like trips?	39e9bf85-40ff-5378-8e12-6da2cd875ecf	25	18
Ha due libri.	You have two books.	45966bde-7649-5f5d-a562-0be9547b41d6	13	19
Lei ha due libri.	You have two books.	c4aed0f7-13ac-5e68-8d7b-82930ffd55e2	17	19
Voi avete due libri.	You have two books.	7c8e751d-c4d7-5f9d-a811-10ad7d7ef92e	20	19
Tu hai due libri.	You have two books.	30aadfbb-d76f-51f7-9490-f787f69a7c3d	17	19
Non ti rendono felice.	They don't make you happy.	ffca72cc-9f8a-52e4-8dc3-c53cf0508285	22	26
Loro non ti rendono felice.	They don't make you happy.	6897faa9-7b52-5195-869f-18d61735fcba	27	26
Non la rendono felice.	They don't make you happy.	5ba021e7-8b4a-5921-b50b-f61aa60c8353	22	26
Loro non la rendono felice.	They don't make you happy.	a7a28536-4fb8-5604-aa40-08fc3b7c2070	27	26
Non vi rendono felici.	They don't make you happy.	be1c3aae-a45b-5bfa-b352-c0fbb4ef400f	22	26
Loro non vi rendono felici.	They don't make you happy.	25acdddb-83c0-57f6-84af-7f97758cbc48	27	26
Dille che sto semplicemente scherzando con lei.	Tell her that I am just joking with her.	072bd530-90af-50e1-962e-28c8f7f01244	47	40
Ditele che sto semplicemente scherzando con lei.	Tell her that I am just joking with her.	8646d6d0-4128-54af-916e-5b49815d9c53	48	40
Le dica che sto semplicemente scherzando con lei.	Tell her that I am just joking with her.	de4be5da-073c-593a-831c-2f156db87f94	49	40
Con amici del genere, chi ha bisogno di nemici?	With friends like that, who needs enemies?	3fee8fd0-cb2b-5ab3-b8ae-a238a889def3	47	42
Con amiche del genere, chi ha bisogno di nemici?	With friends like that, who needs enemies?	21589bde-ef3b-555c-9a9b-b29b2fa58bbd	48	42
Non riesco a usare questa macchina.	I can't use this machine.	55baa974-98c2-506d-973e-03f8adcfbf26	35	25
Io non riesco a usare questa macchina.	I can't use this machine.	eeea3ada-3ce5-59f2-aa15-a49ff8b176ca	38	25
Non posso usare questa macchina.	I can't use this machine.	98a703e8-2d06-5d4e-b8cb-3ed5d9eb63fc	32	25
Io non posso usare questa macchina.	I can't use this machine.	f48dec4a-471e-51b0-8e61-c5d1a87df194	35	25
Ho davvero bisogno di tequila!	I really need some tequila!	94789bff-d706-5b91-9ee9-45365500fcd5	30	27
Io ho davvero bisogno di tequila!	I really need some tequila!	f998197f-1763-5cf4-a048-cc400bd825f5	33	27
Ho davvero bisogno di un po' di tequila!	I really need some tequila!	7cdb947e-6640-5897-9a46-e63bacbcc167	40	27
Io ho davvero bisogno di un po' di tequila!	I really need some tequila!	1fe1276f-c48e-5b2d-9c40-79ceecf7c247	43	27
Non l'ho fatto.	I didn't do it.	18995664-7c25-5869-8025-91010437b33c	15	15
Vorrei ordinare lo stesso.	I'd like to order the same.	5f3d69a7-9f1a-54bc-8d66-f744a50479b3	26	27
Secondo me non è una buona idea.	That isn't a good idea in my opinion.	8d0c450a-f5d0-5ffa-b2bf-04a42f30efcd	32	37
Non mi ami più?	Don't you love me anymore?	60cfa35d-caed-5ae8-a3a5-42e082406843	15	26
Tu non mi ami più?	Don't you love me anymore?	1336d13c-0cd7-5795-9208-785c189354ed	18	26
Non mi ama più?	Don't you love me anymore?	1f17c708-4d96-5db3-b620-48a434bd8714	15	26
Lei non mi ama più?	Don't you love me anymore?	0c557852-dad8-5a40-8e41-d0724025d4bc	19	26
Non mi amate più?	Don't you love me anymore?	cb83b552-add8-5194-bfbe-907279997f55	17	26
Voi non mi amate più?	Don't you love me anymore?	dd336f03-f21f-5dbe-9e68-b71bea36270f	21	26
Io voglio che tu stia qui con lei.	I want you to stay here with her.	6d789794-c849-5aaa-8948-61218c29e6c4	34	33
Voglio che lei stia qui con lei.	I want you to stay here with her.	662c381a-3673-5c5a-9766-7dc9f3b841d3	32	33
Io voglio che lei stia qui con lei.	I want you to stay here with her.	f0251ef1-23b9-5abf-97c9-48bd2d19a66d	35	33
Io voglio che voi stiate qui con lei.	I want you to stay here with her.	53a11405-59dd-5146-abb4-f561b40a2b97	37	33
Io non ti lascerò mai.	I'll never leave you.	df81d9f4-b52b-5268-bf96-639e1340795a	22	21
Non vi lascerò mai.	I'll never leave you.	353d50c3-2010-5a77-b82a-e9ecb2cc6224	19	21
Io non vi lascerò mai.	I'll never leave you.	b6531e5b-a512-5b64-b077-9c16c2d5eb2d	22	21
Non la lascerò mai.	I'll never leave you.	c778a4f9-ba25-54ec-a46f-0fad07b0d00f	19	21
Io non la lascerò mai.	I'll never leave you.	8d1f29ab-75bc-5afe-8886-356df4d0960c	22	21
Cosa significa questo kanji?	What does this kanji mean?	125a0e52-ab68-5194-a11d-fae4fde31cc0	28	26
Che cosa significa questo kanji?	What does this kanji mean?	d8b272a7-fb9c-562b-bc19-c4110c7bd76e	32	26
Che significa questo kanji?	What does this kanji mean?	e2fcf4f8-e66d-5ff5-a603-26b097ce77fb	27	26
Non voglio che Tom perda l'autobus.	I don't want Tom to miss the bus.	b63b2876-a169-57e3-aaf7-6d7d194a45d4	35	33
Io non voglio che Tom perda l'autobus.	I don't want Tom to miss the bus.	e99c6dab-e405-5c03-99ae-3dd271ba1186	38	33
Tom è impaziente di andare a Boston.	Tom is eager to go to Boston.	5518be60-a2f6-5350-bd4f-d48cdf3a815d	36	29
È vestita con cura.	She is neatly dressed.	7971a5a1-f0b3-550e-b5f1-2074571093dd	19	22
Lei è vestita con cura.	She is neatly dressed.	fb76dbe5-5d67-520a-a950-7c6134bc4a71	23	22
Cosa ti sta tenendo così occupato?	What's keeping you so busy?	b5827840-2612-5284-9ad7-cb2d473794b5	34	27
Cosa ti sta tenendo così occupata?	What's keeping you so busy?	5ab29368-fc01-5e66-be8f-4498a5fa6227	34	27
Cosa vi sta tenendo così occupati?	What's keeping you so busy?	fced276f-86d2-5573-8bb0-161472851e88	34	27
Cosa vi sta tenendo così occupate?	What's keeping you so busy?	e5dc9bfb-9b41-57da-b2c9-a4564dbe0a5d	34	27
Cosa la sta tenendo così occupato?	What's keeping you so busy?	d072ad8d-3a45-5cff-bada-c6e4ed8707dd	34	27
Cosa la sta tenendo così occupata?	What's keeping you so busy?	7484c743-45b3-5b6d-a81d-c14347f34109	34	27
Cosa la sta tenendo così impegnato?	What's keeping you so busy?	65f84853-d48d-52e1-beda-102974218e00	35	27
Cosa la sta tenendo così impegnata?	What's keeping you so busy?	4a59635d-105c-535b-ae0e-e5a1395cf535	35	27
Cosa ti sta tenendo così impegnato?	What's keeping you so busy?	2d409cf8-78e8-585a-8992-91f32d480039	35	27
Cosa ti sta tenendo così impegnata?	What's keeping you so busy?	259e95b6-06a5-5c57-949e-75fd5953ef76	35	27
Cosa vi sta tenendo così impegnati?	What's keeping you so busy?	542e4253-e384-5a83-bb42-3d122d3abb29	35	27
Cosa vi sta tenendo così impegnate?	What's keeping you so busy?	02836cd8-1a86-5384-b672-8438193e8f48	35	27
Sembri familiare.	You seem familiar.	301b488c-8dee-5dda-adf5-c4002c87fe5f	17	18
Tu sembri familiare.	You seem familiar.	2f399491-f478-59fe-a5f4-9763b71fa800	20	18
Sembra familiare.	You seem familiar.	652c589d-b1f8-5f20-bb58-3df9233e7abd	17	18
Lei sembra familiare.	You seem familiar.	641c7357-9bc7-5561-9a7e-e9f43de73fd2	21	18
Sembrate familiari.	You seem familiar.	d4dba271-ca9d-52c0-ad10-962ad274dd6e	19	18
Voi sembrate familiari.	You seem familiar.	0fb0233b-7f84-5739-af1c-a042e56756d0	23	18
L'ho dimenticato in garage.	I forgot it in the garage.	b3cb9e6d-5e6e-5953-ad56-8a33a12413ba	27	26
L'ho dimenticata in garage.	I forgot it in the garage.	b91ad6ad-e290-5834-888f-412061163d35	27	26
L'ho scordato in garage.	I forgot it in the garage.	ab0d5549-87ab-55e4-960d-ea6dfb0d69f1	24	26
L'ho scordata in garage.	I forgot it in the garage.	8b40dd15-3937-56f9-978b-13bb99946c1c	24	26
Io voglio questo edificio come garage.	I want this building for a garage.	a4bdb933-4084-5dc6-b774-d0f6d351ce74	38	34
Chi vedrà Vera l'amerà.	Who will see Vera will love her.	7d742339-e1fa-5c2b-9b52-c7b413bec9eb	23	32
Mi dispiace molto per l'errore.	I'm very sorry about the mistake.	ea01eef2-62ac-5eb4-b61c-70a7be5e2630	31	33
Non si può sopravvivere senza soldi.	One cannot survive without money.	8b8f5390-1336-50a5-9851-338c07ec2068	36	33
Io ho fatto questa cuccia per il cane da solo.	I made this doghouse by myself.	79e1aefc-96a2-579b-a099-18a20ec122de	46	31
Ho fatto questa cuccia per il cane da sola.	I made this doghouse by myself.	4f49b4d3-b3f6-5e80-a597-800ccc35c34a	43	31
Io ho fatto questa cuccia per il cane da sola.	I made this doghouse by myself.	08cbcb81-582a-5fa8-9af7-c6caaf1fed24	46	31
Feci questa cuccia per il cane da sola.	I made this doghouse by myself.	532c1268-ac9c-5adc-bb70-472eb73cd730	39	31
Io feci questa cuccia per il cane da sola.	I made this doghouse by myself.	c70245ec-45c8-50a0-8361-47a93a78c30c	42	31
Io feci questa cuccia per il cane da solo.	I made this doghouse by myself.	23aaffa3-244c-5fad-960e-3463e5686862	42	31
Feci questa cuccia per il cane da solo.	I made this doghouse by myself.	8f9e70f0-0bd1-5dcc-8f03-281ae60fcc6f	39	31
Mi amavi davvero?	Did you really love me?	ce82d7b7-8490-5adb-a272-98f8b4ce1788	17	23
Tu mi amavi davvero?	Did you really love me?	2d918eb0-75e1-5cd6-a22f-5b4cc37e8d95	20	23
Mi amava davvero?	Did you really love me?	79e2459d-06ca-52de-99e5-2094d026864b	17	23
Lei mi amava davvero?	Did you really love me?	3dd4102d-fc98-5c48-8445-712d84b696a9	21	23
Mi amavate davvero?	Did you really love me?	d84ef5f1-0aa8-5a67-bc46-f60da0519999	19	23
Voi mi amavate davvero?	Did you really love me?	185c0cd3-7e75-56d7-adcd-f53d7aaff0ba	23	23
Mi amavi veramente?	Did you really love me?	2f8da03a-91fe-5a91-9be1-d969e41bcdd8	19	23
Tu mi amavi veramente?	Did you really love me?	e48c8b1e-d00e-5b2f-bf55-e24e380e39d7	22	23
Mi amava veramente?	Did you really love me?	5c363b1e-3324-5735-8656-524d83caf489	19	23
Lei mi amava veramente?	Did you really love me?	80ddb7f4-4191-5482-8f07-1f5449f03145	23	23
Mi amavate veramente?	Did you really love me?	a80e30ae-8025-545e-8b27-f83f4a786c37	21	23
Voi mi amavate veramente?	Did you really love me?	99ec3138-4f11-56f9-80c8-b8d5a5c55e11	25	23
Tom lavora come buttafuori in un locale notturno.	Tom works as a bouncer in a nightclub.	fafe36fd-9ec0-5955-8062-af95e09ea841	49	38
Il buttafuori non lo lascerebbe entrare.	The bouncer wouldn't let him in.	114e465a-7650-5111-8bad-74585d511cdb	40	32
Tom lavora come buttafuori.	Tom works as a bouncer.	bdb545dd-254e-5349-ba9e-ad81b5a1c61f	27	23
Senza musica la vita sarebbe un errore.	Without music, life would be an error.	c13c4729-3113-5584-86fe-eb1c6b7a8735	39	38
La mia infanzia era più che felice.	My infancy was more than happy.	05deda62-faa7-5c84-9f45-c5f809208636	35	31
Quanto mi ami?	How much do you love me?	81b58be5-84f2-505c-ab6e-0587a746e866	14	24
Tu quanto mi ami?	How much do you love me?	05a0ee50-dc63-54b4-bff1-2ea13a2eaebd	17	24
Quanto mi ama?	How much do you love me?	dbc5fdd6-1401-57bb-ab45-1b4efedfd815	14	24
Lei quanto mi ama?	How much do you love me?	1ac6b58d-2570-565f-b0f8-63c054965dc8	18	24
Quanto mi amate?	How much do you love me?	0afa4ed6-ffaf-5efa-a6b8-af215460cfb4	16	24
Voi quanto mi amate?	How much do you love me?	fcb62429-79c4-53b9-8e51-f72103841b26	20	24
Non sto sterminando i tuoi ratti.	I'm not exterminating your rats.	9248bb99-1e42-58cd-ba27-24b403e3ac3e	33	32
Io non sto sterminando i tuoi ratti.	I'm not exterminating your rats.	570104cf-b77a-5dd5-b4e4-a2b433dac0ef	36	32
Non sto sterminando i suoi ratti.	I'm not exterminating your rats.	581de1fe-33c1-5eec-bfa0-3d255951d71d	33	32
Io non sto sterminando i suoi ratti.	I'm not exterminating your rats.	e8884ca3-3ede-5fc1-9e4d-1949c8a293fa	36	32
Non sto sterminando i vostri ratti.	I'm not exterminating your rats.	6612d508-95b2-5d3c-a222-6d5dbfe4b63a	35	32
Io non sto sterminando i vostri ratti.	I'm not exterminating your rats.	4e5e5b49-2bdd-52fc-80e6-61d8d414460a	38	32
Tesoro, ti amo.	Honey, I love you.	81e684a8-ce2a-59c8-b496-ff18076d009a	15	18
Non sto esportando i tuoi vestiti.	I'm not exporting your clothes.	1ee0f500-01d6-5677-a996-31ee8722a5a5	34	31
Io non sto esportando i tuoi vestiti.	I'm not exporting your clothes.	e1e76668-26d5-5384-a45b-5c9206c51c60	37	31
Devo lavorare domani.	I have to work tomorrow.	7b5e7508-e162-57b9-8205-97e0398537bf	21	24
Non sto esportando i suoi vestiti.	I'm not exporting your clothes.	8638f080-e98d-5c90-a2bd-5a575a85395f	34	31
Io non sto esportando i suoi vestiti.	I'm not exporting your clothes.	6536408c-ddcd-5652-b955-52ccd518aa30	37	31
Non sto esportando i vostri vestiti.	I'm not exporting your clothes.	92863592-2804-5d14-b512-aa4659a62646	36	31
Io non sto esportando i vostri vestiti.	I'm not exporting your clothes.	86d0fd14-95f2-5444-8533-edc14de024be	39	31
Tom è in posizione?	Is Tom in position?	7f00c8df-4496-526c-87be-6568eb214d97	19	19
Ciao ragazzi. Come va?	Hey, guys. What's up?	8e8f7e51-b0c9-5fc4-9db2-9dd20e5eca5c	22	21
Dovresti sposare qualcuno che ami.	You should marry someone you love.	bce8ac0c-9b9e-5b29-b6f2-e225aa972473	34	34
Sbrigatevi, ragazze, state per essere in ritardo.	Hurry up, girls, you're going to be late.	c76c6824-57b4-53b9-ac8c-94c60c933a5f	49	41
Sbrigatevi, ragazzi, state per essere in ritardo.	Hurry up, guys, you're going to be late.	615b42de-dccb-5b9f-af2b-2f799de6b57d	49	40
Ho tanto lavoro da fare oggi.	I have a lot of work to do today.	297711d2-1869-5dd5-b329-72ca03f90f0d	29	33
Ho solo sei mesi da vivere.	I only have six months to live.	ac5a055d-2480-5fcd-8d55-9c90b1ef28c5	27	31
Il rumore sveglierà il bebè.	The noise will wake the baby up.	c49a470c-82a4-57b8-a2c2-f9b8e1105233	28	32
Non voglio avere problemi.	I don't want to get into trouble.	c0c4b55b-99b8-5a1e-bddd-225dd3d396c0	26	33
Sono quasi qui.	They're almost here.	2f87f5a9-9718-5083-b07c-41def618bd2d	15	20
È un miracolo.	It's a miracle.	f61c3c40-bdf1-5b10-be5b-d67d9a9a1c35	14	15
Vattene. Non voglio vederti.	Go away. I don't want to see you.	bddf802a-dfed-532c-ad4a-442af16dbcf8	28	33
Questo è un miracolo.	This is a miracle.	b177d669-827f-56bc-947d-7a25f12e1e1a	21	18
A me piacciono la pioggia e la neve.	I like rain and snow.	fe12e9c3-9739-5152-ab1f-15d755042562	36	21
Tom non vuole che Mary vada.	Tom doesn't want Mary to go.	7db5ab77-d39b-5f72-befa-ddc3b3af25e3	28	28
Io sto caricando le foto di Capodanno.	I'm uploading pictures from New Year's Eve.	2504c594-9c44-5071-99ca-a8875b31cc19	38	43
Le sue condizioni di salute mi preoccupano.	His health situation worries me.	3f5385c0-e8ed-51e9-a924-9f17ec9c9f9a	43	32
Io sono preoccupato per la sua salute.	I'm worried because of his health.	13d53d27-95d9-5aab-afd7-aab0463e7eed	38	34
Io sono preoccupata per la sua salute.	I'm worried because of his health.	0298d186-18f1-5401-a39f-023e289cc23c	38	34
È il suo cavallo.	That's his horse.	85ceb76a-c655-5dd1-bccc-7f19837425ce	17	17
Quello è il suo cavallo.	That's his horse.	6e71a835-e027-5bf0-a554-3da8fb2edc84	24	17
Chi provi a convincere?	Who are you trying to convince?	505b2e69-0352-5623-b688-db0bfeb26131	23	31
La ragazza sta comprando latte al supermercato.	The girl is buying milk at the supermarket.	846a20e5-c478-55b8-9188-4ffa353558cc	47	43
Penso che dovremmo parlare.	I think we should talk.	d9a14134-44eb-567e-b82f-5bf07b91b62b	27	23
Non è una buona cuoca.	She's not a good cook.	d775b732-7e72-5401-8f19-54bc2587b804	22	22
Non ridere del suo errore.	Don't laugh at his mistake.	c9c2672c-c273-5ce4-9f4e-05186db6f6d2	26	27
Non ridete del suo errore.	Don't laugh at his mistake.	d33ae61c-92a8-5a42-806b-c790b539df91	26	27
Non rida del suo errore.	Don't laugh at his mistake.	32ca0323-7f58-547e-8f35-2f70788deba4	24	27
Sarà un bravo maestro.	He will be a good teacher.	5f1cf5a4-dc23-5f0a-810b-e1ba94d4199c	22	26
Lui sarà un bravo maestro.	He will be a good teacher.	d1c06c7c-031f-5e39-b7eb-6554fcd70e2d	26	26
Mi piace molto la frutta rossa.	I like red fruits a lot.	2a419e3f-91a4-526b-bff4-eadb2dab189f	31	24
A me piace molto la frutta rossa.	I like red fruits a lot.	1c319e10-6428-5c79-9a7d-27c5e1bc0075	33	24
Si è dedicato al giardinaggio.	He's taken to gardening.	8226f07b-bf03-544e-b3da-256e546ee845	30	24
Lui si è dedicato al giardinaggio.	He's taken to gardening.	6ff7c9f1-0e98-53ba-bbf2-dc000180afd6	34	24
Stai giù!	Stay down!	e55f9308-bbdb-5b60-898f-6f58492a6517	9	10
State giù!	Stay down!	a004b170-69cf-578a-86b6-9538ae68b7e3	10	10
Stia giù!	Stay down!	e6b3f470-8227-5808-bd23-42059dada263	9	10
Non devi credermi.	You don't have to believe me.	1de6aab5-21c4-5b39-aed6-946d48e6652c	18	29
Tu non devi credermi.	You don't have to believe me.	db24c531-1858-54c1-9116-0f3e3fff8a5e	21	29
Non deve credermi.	You don't have to believe me.	ad5c9192-f885-51ff-8ac6-bf0116615ac6	18	29
Lei non deve credermi.	You don't have to believe me.	162c3c70-5331-5a15-af65-22c94ae28e68	22	29
Non dovete credermi.	You don't have to believe me.	7d09c007-073d-58d3-9043-dc27267779b2	20	29
Voi non dovete credermi.	You don't have to believe me.	b2e19c2e-a9f9-5bab-92a9-fb7836485ef2	24	29
Hanno accettato il nuovo governo.	They accepted the new government.	26418815-997d-5ce1-8df7-21fddb0d6bdb	33	33
Loro hanno accettato il nuovo governo.	They accepted the new government.	0cc46662-f5f3-5516-8db6-54145a577875	38	33
Accettarono il nuovo governo.	They accepted the new government.	b2b3f2c0-f432-5348-8bba-3109af802c21	29	33
Loro accettarono il nuovo governo.	They accepted the new government.	e85bd8b2-bb0c-5e00-835a-d267016d411f	34	33
Qual è il tuo impiego?	What's your occupation?	5765032b-a972-5570-9357-3c79aa82661a	22	23
Indossa gli stessi tipi di vestiti di sua sorella.	She wears the same kinds of clothes as her sister.	8e7d9fa8-344a-5edc-b671-3514a68fc48e	50	50
Liisa telefona a Markku occasionalmente.	Liisa calls Markku up every now and then.	9877b1d1-c3e7-5f15-9e07-e1a313b79b3f	40	41
Ricordi il signor Saito?	Do you remember Mr Saito?	e9cbc33b-1840-5927-9cbb-40dc53b30694	24	25
Ti ricordi il signor Saito?	Do you remember Mr Saito?	d7b129f9-9218-5dfb-a477-7aff85750419	27	25
Ricorda il signor Saito?	Do you remember Mr Saito?	ecef631a-4e8f-59d9-aca3-80c282a3afa8	24	25
Si ricorda il signor Saito?	Do you remember Mr Saito?	2f2a993e-8f31-5d42-8d7e-18d4308d3757	27	25
Ricordate il signor Saito?	Do you remember Mr Saito?	3a6e96e7-5f6f-5700-bb32-af8db8f6eb3a	26	25
Vi ricordate il signor Saito?	Do you remember Mr Saito?	9d1fc1e6-a227-59da-b8da-23fae0fd3a69	29	25
Te lo ricordi il signor Saito?	Do you remember Mr Saito?	456ca8f9-f50d-570c-9d1a-098ed2de7cab	30	25
Se lo ricorda il signor Saito?	Do you remember Mr Saito?	28761709-5aec-5a05-a1cc-a188e6c6c76e	30	25
Ve lo ricordate il signor Saito?	Do you remember Mr Saito?	1a882db3-a1f7-5c59-ae27-8eddc1be3580	32	25
Suo marito era anche la sua cotta alle superiori.	Her husband was also her high school crush.	41b6f3b0-3eb6-57ae-b309-781b15fcf76c	49	43
Al poeta vennero in mente alcune frasi fini.	Some fine phrases occurred to the poet.	8f086881-af15-5a96-960c-6cd758cc33f4	44	39
Alcune frasi fini vennero in mente al poeta.	Some fine phrases occurred to the poet.	4778fcab-2d5c-59e5-90b0-db422ee30f57	44	39
Tom non chiama quasi mai Mary.	Tom almost never calls Mary.	868fa4b5-5d96-5ae2-a666-94f652e4b602	30	28
Non so niente del suo passato.	I don't know anything about his past.	d070f92e-7fa7-5811-98cb-48cff5816610	30	37
Io non so niente del suo passato.	I don't know anything about his past.	ff9d6034-0585-5d37-a5e0-fe16168350ec	33	37
Non so nulla del suo passato.	I don't know anything about his past.	0776214d-babe-5e1e-8cfc-bb3781fd644c	29	37
Io non so nulla del suo passato.	I don't know anything about his past.	960b08ae-dcbb-5150-a680-7750e0d4dd60	32	37
Io non conosco nulla del suo passato.	I don't know anything about his past.	f7180d46-b5ed-5911-aaa3-8ea90aa9c641	37	37
Non conosco niente del suo passato.	I don't know anything about his past.	a9d11461-1967-5e62-8cf6-34537e1d619c	35	37
Io non conosco niente del suo passato.	I don't know anything about his past.	e86ef7c7-ecc1-57ce-a145-a04607c38440	38	37
So che pensi che non ci sia speranza.	I know you think there's no hope.	ae7fe9c6-7cb0-5b61-b32c-e7b971e35721	37	33
Lo so che pensi che non ci sia speranza.	I know you think there's no hope.	b9220ec8-3f74-5d24-9693-758e3a2624b4	40	33
So che pensa che non ci sia speranza.	I know you think there's no hope.	9a9e8121-3cad-5df3-9008-347401deebac	37	33
Lo so che pensa che non ci sia speranza.	I know you think there's no hope.	fbeea863-a735-524d-9b9d-ad500d8e111a	40	33
So che pensate che non ci sia speranza.	I know you think there's no hope.	b855f252-30e8-5489-9bdc-7990d1574f72	39	33
Lo so che pensate che non ci sia speranza.	I know you think there's no hope.	b7c1eefb-2fd0-5c19-a006-ac0a62f8e2ad	42	33
Il costo della vita in Giappone sta calando.	The cost of living in Japan is going down.	a4e490af-f0b0-550f-ac46-7161412835d5	44	42
Il nome locale di Tsez è cezyas mec.	The local name of Tsez is cezyas mec.	8268b441-bcc6-5c5e-b9ec-36cbfe8c3f73	36	37
Il sospetto ha confessato.	The suspect confessed.	bd779347-9cc3-55ab-9887-f1a87069bf32	26	22
Il sospetto confessò.	The suspect confessed.	0ff7aa06-cbdf-556e-b8c1-4cef52420a30	21	22
Lei sarebbe fiera di me!	She would be proud of me!	5b5a4fed-7b6b-589b-a371-ced73f4e5743	24	25
Sarebbe orgogliosa di me!	She would be proud of me!	5152de21-26e9-5ca8-8911-ffdf1f52f4b2	25	25
Lei sarebbe orgogliosa di me!	She would be proud of me!	1d52444d-8b89-50a1-80fb-f2a5fd72af86	29	25
È stata una scena orribile.	It was a horrible scene.	58685125-c5f6-529c-b6de-e094d2410bcb	27	24
È quello grosso.	It's the big one.	19383226-1d7a-5a21-bdb1-50479a93b01d	16	17
È quella grossa.	It's the big one.	f420a232-f1c3-5994-b9f8-7b9730e5ba3f	16	17
È quello grande.	It's the big one.	0136c0d0-cfe0-5ae8-bdc8-f71d0ee674d2	16	17
È quella grande.	It's the big one.	54e0aaff-7d17-598a-a5d2-579ff226fc18	16	17
Tom mi piaceva, però non ero davvero suo amico.	I liked Tom, but I wasn't really his friend.	b755272c-32e5-5cf4-b270-8b4e91f6687c	47	44
Tom mi piaceva, però non ero davvero sua amica.	I liked Tom, but I wasn't really his friend.	8f6909c9-d62e-54c6-bd0b-85be03b8a572	47	44
Per chi lavora?	Who does he work for?	797da96e-77b1-57dd-9bab-8ac52a6ca9a2	15	21
Per chi lavora lui?	Who does he work for?	fd8fa8f3-f6ed-5061-a0d5-bf9c2225c7f6	19	21
Lui per chi lavora?	Who does he work for?	7705cdd9-872d-55c4-a0ab-e701016931ff	19	21
Partiremo prima che tu arrivi qui.	We'll be leaving before you get here.	3f7ebc93-9da1-5cc8-b4c2-c7fd3e7be6c6	34	37
Noi partiremo prima che tu arrivi qui.	We'll be leaving before you get here.	8e435ec1-8daa-5fc3-a8bb-d7db3a12d6a7	38	37
Partiremo prima che lei arrivi qui.	We'll be leaving before you get here.	48e5d3d8-031e-55d8-a22d-75655adfa768	35	37
Noi partiremo prima che lei arrivi qui.	We'll be leaving before you get here.	e1fdf734-e28c-5f98-b503-028d77c15a95	39	37
Partiremo prima che voi arriviate qui.	We'll be leaving before you get here.	9d84962e-fd31-5dc8-82c9-f4aeee6ff422	38	37
Noi partiremo prima che voi arriviate qui.	We'll be leaving before you get here.	69bdf5d2-e38e-5b75-9805-56195e1e2a83	42	37
Vuoi ancora andare a pranzare?	Do you still want to go to lunch?	59564580-9f46-5529-b291-bdfb5a771ee3	30	33
Vuole ancora andare a pranzare?	Do you still want to go to lunch?	dd56f094-5196-506e-9b4d-88b90a7e4c56	31	33
Volete ancora andare a pranzare?	Do you still want to go to lunch?	8aaf105f-ddd7-5e27-9511-dcf4eae89611	32	33
Non voglio andare a pranzare con Tom.	I don't want to go to lunch with Tom.	12cb2d93-babc-5b98-b903-b74dbeba0881	37	37
Io non voglio andare a pranzare con Tom.	I don't want to go to lunch with Tom.	9efb98cc-39cf-582a-910b-93c6fbfd36fb	40	37
Dove vuoi andare a pranzare?	Where do you want to go to lunch?	3486ce5b-4219-5730-a1d8-5a33c2add55a	28	33
Dove vuole andare a pranzare?	Where do you want to go to lunch?	9a2f27ba-c9a7-5561-b684-0647dda930ad	29	33
Dove volete andare a pranzare?	Where do you want to go to lunch?	7ae64d63-62fe-5d05-b2ea-e6364f112f20	30	33
Quando le lamentele iniziano, non finiscono mai.	Once the complaining starts, it never ends.	ce61abfc-f7ce-5020-9f53-36674c922600	48	43
Quando le lamentele cominciano, non finiscono mai.	Once the complaining starts, it never ends.	2c1d5f78-7acf-5f44-9571-36cccfb0f8e4	50	43
Volerò sulla luna.	I'm going to fly to the moon.	5236ee22-ec28-59ce-a4ab-e0c899ec0973	18	29
Io volerò sulla luna.	I'm going to fly to the moon.	d7c6eb8d-5974-57a5-95fe-74755ba01df7	21	29
Volerò verso la luna.	I'm going to fly to the moon.	3bd294f1-5977-5c7c-8452-7886159f48e1	21	29
Io volerò verso la luna.	I'm going to fly to the moon.	e7c4975a-69ff-5bb0-a8d0-e2ff75541d78	24	29
Pioveva ad intermittenza per tutto il giorno ieri.	It was raining off and on all day yesterday.	77bff24e-e164-5033-a9b9-7bd61d57d5bb	50	44
Questo è lo stezzo dizionario che ho io.	This is the same dictionary as I have.	8d892524-37ad-5f28-8166-0e453d20a9e6	40	38
Non preoccuparti. È un errore comune.	Don't worry. It's a common mistake.	448cb030-f38c-5783-94be-8b3154861b3a	37	35
Non preoccupatevi. È un errore comune.	Don't worry. It's a common mistake.	3e20b33c-0da8-5225-b65c-bd33d90d24ef	38	35
Non si preoccupi. È un errore comune.	Don't worry. It's a common mistake.	1acb2bd6-ce54-5d54-8a5e-3c4ea3d15826	37	35
Devi andarci, anche se non vuoi.	You have to go there, even if you don't want to.	34883f21-a872-5ef6-a3a7-ae38926eded2	32	48
Deve andarci, anche se non vuole.	You have to go there, even if you don't want to.	8a4d46ac-22a9-5c00-982d-f3fcc5625e6d	33	48
Dovete andarci, anche se non volete.	You have to go there, even if you don't want to.	7d690393-e3df-5ccd-ac7b-44ee092e89d8	36	48
Siamo sotto attacco!	We're under attack!	bc2f1ab3-645a-5a87-8868-232cb85c98b9	20	19
Noi siamo sotto attacco!	We're under attack!	bf29359c-4de2-5cd4-9ec6-a18091dc808a	24	19
Ken ha abbracciato la fidanzata di Tom.	Ken hugged Tom's fiancée.	9f743939-6e8b-5017-9fe6-d21377dfe561	39	25
Ken abbracciò la fidanzata di Tom.	Ken hugged Tom's fiancée.	d5aa4ee6-bc90-5b4f-8169-3c8be036a611	34	25
L'onestà paga a lungo termine.	Honesty pays in the long run.	1ccdd528-efac-5434-963f-6e2033d8d3e9	30	29
Togliti il cappello.	Take your hat off.	9946c6a6-13d5-5da9-978a-ad6261b1991a	20	18
Si tolga il cappello.	Take your hat off.	038246f5-d0d5-5de9-98be-4254c6acc3f0	21	18
I pesci grandi mangiano quelli piccoli.	The big fish eat the small ones.	1e4f21ed-0838-5d50-8f30-5d6833461827	39	32
Ho qualche affare di cui occuparmi.	I've got some business to take care of.	1ca486b3-7563-5b0e-ba95-f852508690cd	35	39
Io ho qualche affare di cui occuparmi.	I've got some business to take care of.	02068895-28da-58cc-a866-7b0741eae92d	38	39
Quanto spesso dai da mangiare ai pesci?	How often do you feed the fish?	31900b41-c996-5917-be9f-e742c69f488a	39	31
Quanto spesso date da mangiare ai pesci?	How often do you feed the fish?	2b7bdb98-2a17-529c-acd4-de68b46dfb74	40	31
Quanto spesso dà da mangiare ai pesci?	How often do you feed the fish?	24070f62-4255-5151-a0d5-a8bc0f68a69a	38	31
Sembrano abbastanza falsi.	They look rather fake.	64db68dd-de5c-5f5f-9855-6f19881e52ef	26	22
Loro sembrano abbastanza falsi.	They look rather fake.	91ed868b-086c-56f0-9e79-412b262e1aac	31	22
Sembrano abbastanza false.	They look rather fake.	0e5467ab-4b3d-5b82-9bbe-9847352f6247	26	22
Loro sembrano abbastanza false.	They look rather fake.	360b6b65-8819-5f47-a9f5-4356444d9abf	31	22
Questo è il tuo libro, Mike?	Is this your book, Mike?	82431788-1da9-5253-92f9-b9e5680913f2	28	24
Conosco Tom meglio di te.	I know Tom better than you.	a4919364-2232-592d-a240-cb3fd03bdab3	25	27
Io conosco Tom meglio di te.	I know Tom better than you.	44e93887-4307-56c8-bd7f-b3a97a50996e	28	27
Conosco Tom meglio di voi.	I know Tom better than you.	15c96c9d-3ae8-5058-adc5-83645769e037	26	27
Io conosco Tom meglio di voi.	I know Tom better than you.	bbe5d327-5e77-515c-9c31-011385eb9c8f	29	27
Conosco Tom meglio di lei.	I know Tom better than you.	45b22ced-1da5-5c80-8d6a-72433cbc3551	26	27
Io conosco Tom meglio di lei.	I know Tom better than you.	4bd77104-9c6f-5472-9bcc-f1ae801cd97f	29	27
Avrà successo o fallirà?	Will he succeed or fail?	58dd5e7a-f58b-5968-8d30-93317b91a766	24	24
Lui avrà successo o fallirà?	Will he succeed or fail?	2db94543-9573-5c76-adee-4e00d491071a	28	24
Siamo tutti single.	We're all single.	d03f6f9d-ca54-50b5-9932-4d816675d5d5	19	17
Noi siamo tutti single.	We're all single.	5348b6ae-7c92-57d8-96d2-3990e6854a9e	23	17
Siamo tutte single.	We're all single.	abdc166d-352d-5f08-abc2-4d56d47fa3af	19	17
Noi siamo tutte single.	We're all single.	7731755c-6c12-5f08-a79b-32d29173a498	23	17
Dove li hai prenotati?	Where did you book them?	2c079c9f-a964-567b-811c-cc8b920ef1a0	22	24
Dove le hai prenotate?	Where did you book them?	9e89f762-35cb-56f7-8968-bb607bcb2c77	22	24
Dove li ha prenotati?	Where did you book them?	6d723c4b-c2d0-578f-bf35-f98548624914	21	24
Dove le ha prenotate?	Where did you book them?	9a5c82d0-305b-556a-9a4d-aa8cc77eb8fe	21	24
Dove li avete prenotati?	Where did you book them?	80ed7743-7c21-5c24-bab5-a08cdaaf6034	24	24
Dove le avete prenotate?	Where did you book them?	7705d501-0704-5cd9-8d55-9f8d26401113	24	24
Ho visto mia madre nascondere la torta.	I saw my mother hide the cake.	b8ab88e8-918c-5a91-8f6f-2d6f727ff32d	39	30
Io ho visto mia madre nascondere la torta.	I saw my mother hide the cake.	f669d758-a99c-5d94-af3c-09755a868b4a	42	30
Vidi mia madre nascondere la torta.	I saw my mother hide the cake.	c4806636-4af3-53de-aeac-7312bae37b30	35	30
Io vidi mia madre nascondere la torta.	I saw my mother hide the cake.	fe66ae4e-f885-585c-b8cd-2728dbdffc16	38	30
Seguo sempre le regole.	I always play by the rules.	38ed248d-74ae-5661-ba81-0c62b638ffa2	23	27
Io seguo sempre le regole.	I always play by the rules.	c6c7a23d-1637-5765-9666-9279dc4ee2c5	26	27
Tom assomiglia a suo padre.	Tom looks like his father.	5432244a-7915-51eb-97c3-33d37b18302c	27	26
Tom non assomiglia molto a suo padre.	Tom doesn't look much like his father.	c73ca351-40bd-5380-9de1-d007af0dde11	37	38
Tom non assomiglia per niente a suo padre.	Tom certainly looks nothing like his father.	04bedd74-18f6-57e5-8a86-d20214a4a883	42	44
Tom non assomiglia per nulla a suo padre.	Tom certainly looks nothing like his father.	a0b13e6f-32b8-5f06-bf20-1da7b673860f	41	44
Vorrei andare con te.	I'd like to go with you.	d9da1823-1696-5d25-8b20-f5d3564d16a0	21	24
Io vorrei andare con te.	I'd like to go with you.	a2f0d23a-f3c9-52cb-89d4-7e7a881ded31	24	24
Vorrei andare con voi.	I'd like to go with you.	0b91ee8c-ab73-5df3-a3c1-5c229ab9de54	22	24
Io vorrei andare con voi.	I'd like to go with you.	978d0dc3-eb85-5da7-b4af-f8cac8a2ffcd	25	24
Vorrei andare con lei.	I'd like to go with you.	365b2b25-1c49-50a0-9ba3-5792154dd34b	22	24
Io vorrei andare con lei.	I'd like to go with you.	3a105f7a-ff6d-5a72-a18f-665c9fddb0fb	25	24
Per favore, aspetta trenta minuti.	Please wait for thirty minutes.	32db564c-7f73-5a0b-bc95-7c804caa4ac2	34	31
Per piacere, aspetta trenta minuti.	Please wait for thirty minutes.	07614289-15c8-5681-94ab-422fec54a480	35	31
Per favore, aspettate trenta minuti.	Please wait for thirty minutes.	d33df97c-b805-5614-b6a2-a9f20d522fe9	36	31
Per piacere, aspettate trenta minuti.	Please wait for thirty minutes.	6837ecdb-7b6c-569f-9f6b-0a7c28390ed4	37	31
Per favore, aspetti trenta minuti.	Please wait for thirty minutes.	86614435-4f24-5e23-9133-1ab90f60f490	34	31
Per piacere, aspetti trenta minuti.	Please wait for thirty minutes.	8a1ca0ea-3172-5d0a-9f35-8c9fa79d288f	35	31
Per favore, aspetta mezz'ora.	Please wait half an hour.	4161a0bb-382c-5571-9789-2265a9802f39	29	25
Per piacere, aspetta mezz'ora.	Please wait half an hour.	869c2b8a-da4f-54f3-85f4-75a067918723	30	25
Per favore, aspetti mezz'ora.	Please wait half an hour.	eed2c4ef-0e88-5c16-b900-030666c2c8e5	29	25
Per piacere, aspetti mezz'ora.	Please wait half an hour.	5087c865-3fcf-5c59-a683-b80978d76aba	30	25
Per favore, aspettate mezz'ora.	Please wait half an hour.	7afeea41-126b-5164-853f-22243e51d65b	31	25
Per piacere, aspettate mezz'ora.	Please wait half an hour.	298e13c4-4834-54c9-b953-6464c0d5d9c6	32	25
Il nostro insegnante ci ha detto quando iniziare.	Our teacher told us when to start.	679d6bb7-3376-5a12-8690-e6a23634f117	49	34
La nostra insegnante ci ha detto quando iniziare.	Our teacher told us when to start.	eb5b0dae-a4e2-589f-8435-e6ddb5f4ac78	49	34
Il nostro professore ci ha detto quando iniziare.	Our teacher told us when to start.	2b0f23b8-cd3d-568f-abd7-96d733323d8b	49	34
Facemmo una sosta a Chicago.	We had a stopover in Chicago.	b5b6bad8-bd86-54a4-924d-356a967816b1	28	29
Noi facemmo una sosta a Chicago.	We had a stopover in Chicago.	9863a5d0-6e4c-5e7d-aa6f-fbdbeb08ffa0	32	29
Tom si è offerto di ripagare i danni.	Tom volunteered to pay for the damages.	13a0b160-e5b4-5eb1-b9b2-7d93db6105ef	37	39
Tom si offrì di ripagare i danni.	Tom volunteered to pay for the damages.	ad045e9e-3a12-50eb-9fea-b756ef57a303	33	39
I nostri tassi sono aumentati ad aprile.	Our rates increased in April.	f4a54764-5f79-54a8-8835-df12df211aca	40	29
Penso che Tom stia per fare qualcosa.	I think Tom is up to something.	aeee68a6-d7d0-53b3-ac64-b4c050ec8586	37	31
Io penso che Tom stia per fare qualcosa.	I think Tom is up to something.	4e435d1c-6168-5eb9-9081-437122906162	40	31
Qual è l'orario nel tuo lato?	What's the time on your side?	9180ee2b-2bbd-58bd-baa7-7d6e6f29e44f	29	29
Qual è l'orario nel suo lato?	What's the time on your side?	60965bec-f9bc-5654-a08c-4067b143f5b3	29	29
Qual è l'orario nel vostro lato?	What's the time on your side?	e04d922f-6910-5e2b-89b4-c573d533cef7	32	29
Puoi riposarti.	You can rest.	505dd373-f441-57b0-9924-e60c5eda73d2	15	13
Tu puoi riposarti.	You can rest.	3e2bcd79-5af1-5f0e-8ada-4bcb3f7510b5	18	13
Può riposarsi.	You can rest.	89c49b4c-e6f6-5d2a-8e7f-f52e22406013	14	13
Lei può riposarsi.	You can rest.	eb9fb026-35cb-5360-93bc-2c3aa1ad9edb	18	13
Potete riposarvi.	You can rest.	454fb726-e048-5018-9960-fad7796391b7	17	13
Voi potete riposarvi.	You can rest.	c5c49a83-485c-5d14-9a21-8848976447cd	21	13
Ti puoi riposare.	You can rest.	7603d26d-b7c6-5c3d-8ece-0c57c4217266	17	13
Tu ti puoi riposare.	You can rest.	6bb9229d-fa49-520c-ad62-70e9f4e75b2a	20	13
Si può riposare.	You can rest.	f941f942-b685-5e0e-9e7c-d602d46223a1	16	13
Lei si può riposare.	You can rest.	5fb97940-307d-51a0-a144-5f32b5d3a590	20	13
Vi potete riposare.	You can rest.	e915b2c7-92db-569d-a54c-74830d567907	19	13
Voi vi potete riposare.	You can rest.	34ff46e1-1df9-571d-955e-35d890e0e348	23	13
Chi ti ha segnalato?	Who referred you?	557bb746-24a7-59ca-979a-227356c7d963	20	17
Chi ti ha segnalata?	Who referred you?	d817558d-a0bf-59c4-a181-a8e115c7e7ca	20	17
Chi l'ha segnalato?	Who referred you?	42d79c3b-a516-550f-b44d-f6ef9bcc0ca0	19	17
Chi l'ha segnalata?	Who referred you?	eada177c-e086-5cba-a18e-b4eae6699fd0	19	17
Chi vi ha segnalati?	Who referred you?	58def493-5b1b-5adb-a5c0-430e2cc975ca	20	17
Chi vi ha segnalate?	Who referred you?	b618b768-df49-5465-9d39-154b6294422f	20	17
Non so che altro fare.	I don't know what else to do.	2a2b31b0-57cf-58ca-90e3-e622ba2150d4	22	29
Io non so che altro fare.	I don't know what else to do.	d15ea757-8ba3-5bf8-8b6f-f7284470bfe0	25	29
Ho dormito meglio della scorsa notte.	I slept better than I did last night.	a672eb4a-360a-5a47-8b95-228d569311e2	37	37
Tom ha detto di no.	Tom said no.	d43d2821-85b9-54ac-ab4d-27d95050e990	19	12
Tom disse di no.	Tom said no.	03db4d83-42d3-5472-9bc6-0f23ec8f31ee	16	12
Io ho dormito meglio di ieri notte.	I slept better than I did last night.	b59cf59b-c598-5096-a8b2-949159b85620	35	37
Io ho dormito meglio della scorsa notte.	I slept better than I did last night.	5d8d795d-fb9c-5719-882e-fcce74f32048	40	37
Erano molto emozionate.	They were very excited.	78d265af-6ef6-5b50-b08d-a4812dc990e1	23	23
Loro erano molto emozionate.	They were very excited.	bfe893e3-fe5d-55dd-8c12-1a388b67b317	28	23
Non preoccuparti del passato.	Don't worry about the past.	d893ed24-eae5-52c0-911e-38f35b7ab2d8	29	27
Non preoccupatevi del passato.	Don't worry about the past.	a0d736c4-d715-5536-a373-bba5d7266343	30	27
Non si preoccupi. del passato.	Don't worry about the past.	7ed4752c-6728-50a0-8af8-42cada2ded3b	30	27
Non ti preoccupare del passato.	Don't worry about the past.	2c3fa211-b800-552c-b929-f1b7f6eb6f1b	31	27
Non vi preoccupate del passato.	Don't worry about the past.	1a157dcd-4229-5340-85c0-fccda6858df6	31	27
Sbrigatevi, ragazzi.	Hurry up, guys.	2e7dbd8f-e153-58ec-894a-ea0e5ab7984b	20	15
Datevi una mossa, ragazzi.	Hurry up, guys.	d0f60e3c-d3d9-5814-8fcc-7d77ff9aced7	26	15
Può essere vera la voce di corridoio?	Can the rumor be true?	0acb9f6a-bb7b-5e4e-8906-033a928d459c	37	22
Mi è venuta davvero fame.	I got really hungry.	797d1812-6fe9-5d40-9991-4c696a04e265	25	20
Mi venne davvero fame.	I got really hungry.	98e060b9-aa9a-5e28-a316-3674bf202e94	22	20
Chi ha fatto questo?	Who did this?	222f61ba-9f9f-570e-942a-b1415abfe3f1	20	13
Chi ha fatto questa?	Who did this?	a1c09daa-34c0-5904-90b6-5041d9486adc	20	13
Chi fece questo?	Who did this?	fcb34eee-6e49-5d6f-a416-f7cf6a64c944	16	13
Chi fece questa?	Who did this?	c3058c30-8194-5ac9-ad7b-98dce565974d	16	13
C'erano molte persone nel parco.	There were a lot of people in the park.	9f24d983-ac41-590b-b95b-d68c5db91a60	32	39
C'era molta gente nel parco.	There were a lot of people in the park.	8bd201e2-acb6-5d47-ab02-e097c52daede	28	39
Dille che sono pieno.	Tell her that I am sated.	d946ed49-d229-5ba3-a66d-bc1877072a54	21	25
Dille che sono piena.	Tell her that I am sated.	992a875a-675e-546c-b767-da7de59d851d	21	25
Ditele che sono pieno.	Tell her that I am sated.	6d88641e-3aac-5383-92ae-7b90e059421a	22	25
Ditele che sono piena.	Tell her that I am sated.	f77dcd96-fd4c-503a-9739-79a89f6b3d93	22	25
Le dica che sono pieno.	Tell her that I am sated.	85552473-fce4-5446-8dc7-1c93d737db94	23	25
Le dica che sono piena.	Tell her that I am sated.	5568a275-658c-5523-9754-689014d2032c	23	25
Dille che sono sazio.	Tell her that I am sated.	f6d2a4ee-df05-5b9c-bb12-91ec37446d03	21	25
Dille che sono sazia.	Tell her that I am sated.	23bc386e-9d11-5059-acf5-cd60b294bfb4	21	25
Ditele che sono sazio.	Tell her that I am sated.	f1e45791-c943-55f4-ada8-6b917b386a2c	22	25
Ditele che sono sazia.	Tell her that I am sated.	63b1a2db-e0d0-5711-9bba-4f447cfb0a56	22	25
Le dica che sono sazio.	Tell her that I am sated.	0f645caf-d33c-5d3c-a74b-5891094d765a	23	25
Le dica che sono sazia.	Tell her that I am sated.	5320d9b7-ea8e-5149-be32-6e7afb6255f0	23	25
Mi scuso sul serio.	I do apologize.	24de6c76-30b8-5d56-baa7-0ddd20b004ed	19	15
Io mi scuso sul serio.	I do apologize.	f9893ce3-6a7e-5e31-8162-6f217326fd63	22	15
Spero che tu ti sia divertito alla festa.	I hope you had a good time at the party.	c421dd59-eec8-5e7b-8a2f-e688e806050c	41	40
Spero che tu ti sia divertita alla festa.	I hope you had a good time at the party.	662269c9-4823-5f47-bfd9-38c6b303b88a	41	40
Spero che lei si sia divertito alla festa.	I hope you had a good time at the party.	88ade5f3-11c5-5ffb-9709-5b8da2ad8e4c	42	40
Spero che lei si sia divertita alla festa.	I hope you had a good time at the party.	1a233083-6684-5f44-ac9a-65700b0b665d	42	40
Spero che voi vi siate divertiti alla festa.	I hope you had a good time at the party.	72f841e0-636c-57cd-9ed7-a2dc6d996b64	44	40
Spero che vi siate divertiti alla festa.	I hope you had a good time at the party.	b8d85272-7807-5b76-bfad-97b116055843	40	40
Spero che voi vi siate divertite alla festa.	I hope you had a good time at the party.	c80ca3cc-834b-533f-a212-580a41acba6f	44	40
Spero che vi siate divertite alla festa.	I hope you had a good time at the party.	cc0d5211-5007-5450-b086-189f6fac3083	40	40
Spero che ti sia divertito alla festa.	I hope you had a good time at the party.	ae9c9336-a14d-584e-91cf-ca00f2e17de0	38	40
Spero che ti sia divertita alla festa.	I hope you had a good time at the party.	04bf331d-5635-5101-8925-b1b9f426a207	38	40
Spero che si sia divertito alla festa.	I hope you had a good time at the party.	c49fa843-c017-5e8f-801b-8b7abe6e1ffe	38	40
Spero che si sia divertita alla festa.	I hope you had a good time at the party.	6b996db0-9307-5b24-8a5b-bdcab027c389	38	40
Apprezzo davvero ciò che hai fatto.	I really appreciate what you've done.	886e7e1f-7d96-5414-bc24-cbad374b872b	35	37
Io apprezzo davvero ciò che hai fatto.	I really appreciate what you've done.	4e3723cf-eb6d-5b0b-9cb2-6cc1cf90898d	38	37
Apprezzo davvero ciò che ha fatto.	I really appreciate what you've done.	a58ee3b5-8e6b-5e4f-b6b0-8c359a65476a	34	37
Io apprezzo davvero ciò che ha fatto.	I really appreciate what you've done.	1536cd44-ace1-57a9-a93e-b4677d0c6ab1	37	37
Apprezzo davvero ciò che avete fatto.	I really appreciate what you've done.	fc56a6df-7b70-546c-afb4-5c54c15f7208	37	37
Io apprezzo davvero ciò che avete fatto.	I really appreciate what you've done.	82140fbb-bc3c-514b-9bb5-ef5f27581eb9	40	37
Questo serpente non è velenoso.	This snake is not venomous.	59690978-326c-584e-bf90-3df68624f637	31	27
Tom sembra debole?	Does Tom seem helpless?	97b10e93-74a5-576f-84b4-ecdcbd33642a	18	23
Tom sembra indifeso?	Does Tom seem helpless?	f04a0548-2dbe-5ed2-a2b6-0cc54181be82	20	23
Tom sembra inetto?	Does Tom seem helpless?	6df211c9-93a4-51d8-a5bf-4fdc19365bad	18	23
Tom sembra incapace?	Does Tom seem helpless?	6f641cc5-a836-5744-ba16-86227a54b0a8	20	23
Sono saltati attraverso una finestra nel fiume.	They jumped through a window into the river.	919ef286-06d3-5d8f-be05-e6697df2313e	47	44
Sono saltate attraverso una finestra nel fiume.	They jumped through a window into the river.	0ee3ecc4-fa56-5ff2-a808-0f72c8af773c	47	44
Saltarono attraverso una finestra nel fiume.	They jumped through a window into the river.	1cf9ff8e-a807-57be-bf75-bb5eea68b7f3	44	44
Loro saltarono attraverso una finestra nel fiume.	They jumped through a window into the river.	6eafc34a-5f1f-522f-bc12-98667b2d7869	49	44
Lui se ne pentirà prima o poi.	He'll regret it sooner or later.	b8d5b739-4816-50b2-804e-1d0eb53cdfe0	30	32
Tom è incapace di esprimersi.	Tom is inarticulate.	168086da-0ef8-513e-8a52-7489de2f083b	29	20
Tom è inarticolato.	Tom is inarticulate.	26ebea37-26d7-57e7-ad7f-1f0ad36b2784	19	20
Tom è sconnesso.	Tom is inarticulate.	6c283e5f-9408-5740-bf22-8557079cb038	16	20
L'ho visto con i miei occhi.	I saw it with my own eyes.	5d2a641b-f2d8-52e7-bbf3-cb84932cca75	28	26
Mia sorella l'ha visto con i suoi occhi.	My sister saw it with her own eyes.	57046d2f-fb18-52c8-82b4-7e71a3d65a9c	40	35
Mia sorella l'ha vista con i suoi occhi.	My sister saw it with her own eyes.	edf6ba66-8ba1-5b74-ae7d-a5507795eb60	40	35
Io l'ho visto con i miei occhi.	I saw it with my own eyes.	e338d9db-5469-5b52-a9ad-6a0c6526ee35	31	26
L'ho vista con i miei occhi.	I saw it with my own eyes.	c8c753bc-f403-5f4d-8beb-8333d816e820	28	26
Io l'ho vista con i miei occhi.	I saw it with my own eyes.	0ae5ae80-467d-575d-8be2-6ddf25aeb4f7	31	26
Ieri mi ha detto la verità.	Yesterday, he told me the truth.	e82e80a3-e165-5f54-aae3-ec0262d901e9	27	32
Ieri lui mi ha detto la verità.	Yesterday, he told me the truth.	5aac9f19-4a84-5980-b6eb-34e1c27d2b0d	31	32
Com'è intelligente questo cane!	How clever this dog is!	7752b1ae-67dd-5ae5-992b-537cb434174d	31	23
Ha poteri soprannaturali!	He has occult powers!	b2d837f6-3ba2-53dc-8a96-a5bc48f6d780	25	21
Faccelo sapere nei commenti!	Let us know in the comments!	5ade187e-30ae-5276-b5c4-8679f14c82ed	28	28
Ce lo faccia sapere nei commenti!	Let us know in the comments!	88a28211-866b-5e02-9383-794d70525882	33	28
Fatecelo sapere nei commenti!	Let us know in the comments!	c330af55-ab7f-524c-91da-82d6ed0d533a	29	28
Se avessi le ali, volerei verso di te.	If I had wings, I would fly to you.	81e92a2b-e707-54f2-84f4-6c16eabf8903	38	35
Se io avessi le ali, volerei verso di te.	If I had wings, I would fly to you.	fd966a5b-3120-5690-8db2-20f5b6645c54	41	35
Se avessi le ali, volerei verso di voi.	If I had wings, I would fly to you.	e3be34ea-fbcc-5013-9c7a-07c02da48e12	39	35
Se io avessi le ali, volerei verso di voi.	If I had wings, I would fly to you.	1549e21b-5261-5231-ad3e-bfda732e290b	42	35
Se avessi le ali, volerei verso di lei.	If I had wings, I would fly to you.	3da6a582-3804-58c7-af29-6a02c0ae4576	39	35
Se io avessi le ali, volerei verso di lei.	If I had wings, I would fly to you.	443010f0-4415-5820-a1b1-ea18d1e6617d	42	35
Non riusciva a trattenere le lacrime.	She couldn't hold back her tears.	20a319fb-6f44-54e1-b28b-5d5a68c2b6c0	37	33
Vorrei un controllo di sicurezza alla mia auto.	I'd like a safety check on my car.	5553accd-9044-5d54-a96c-1301d6c2ed2b	47	34
Io vorrei un controllo di sicurezza alla mia auto.	I'd like a safety check on my car.	2567e78b-f28d-5958-ae05-e52c5a67757d	50	34
Sono disperato.	I'm desperate.	20ef4c80-b9e9-5a2d-9794-7e8b4fcad924	15	14
Io sono disperato.	I'm desperate.	b280c95b-8057-5e98-b95b-fa7532f8b12a	18	14
Sono disperata.	I'm desperate.	e46da696-946d-5743-ad0a-d540afb38eac	15	14
Io sono disperata.	I'm desperate.	24ea2b30-533d-5949-b3fe-dfc677f221b2	18	14
Tom non aveva un bell'aspetto.	Tom didn't look very well.	5538a6b9-452c-5b5e-bec3-0f560c03e6d1	30	26
Aw, mio padre andrà in Cina.	Aw, my father's going to China.	132055f7-3a26-54bb-b949-c382f10377ad	28	31
Aw, mio padre sta andando in Cina.	Aw, my father's going to China.	6cfd1405-d4c5-5839-9254-154f79991c0f	34	31
Tom ha spiegato le regole del gioco a Mary.	Tom explained the rules of the game to Mary.	a5611b6b-8eda-53b7-8227-1d6cfa3c3959	43	44
Tom spiegò le regole del gioco a Mary.	Tom explained the rules of the game to Mary.	eb58578b-2c56-5e81-9200-487f52c156cc	38	44
Arrivarono presto alla stazione sulla luna.	They soon arrived at the station on the moon.	e5399b77-710f-5319-8f42-c85a5177abcf	43	45
Loro arrivarono presto alla stazione sulla luna.	They soon arrived at the station on the moon.	2929c2d8-15d8-5543-b786-ad7694375c9c	48	45
Il padre è molto stanco.	The father is very tired.	a39804e3-92ff-5a4f-ae70-aee2dae96875	24	25
Mio padre sta andando in Cina.	My father is going to China.	1ebca041-bbcf-58c9-8886-744a8d90bacb	30	28
Mio padre andrà in Cina.	My father is going to China.	c44e4879-f566-53e8-a740-1894687e8967	24	28
Ieri noi ci siamo divertiti.	Yesterday we had fun.	b895a3b8-9d6d-518a-a3a8-214ec11e5c5f	28	21
Ieri ci siamo divertite.	Yesterday we had fun.	7b2d197b-48ff-5988-b460-2034cad06fef	24	21
Ieri noi ci siamo divertite.	Yesterday we had fun.	b76383b3-906b-53b2-9583-cd202445867a	28	21
Yamamoto aveva centosessantadue navi.	Yamamoto had one hundred sixty-two ships.	f240df0d-8d2f-5e8d-8722-e38dc0e2c646	37	41
Lasciami stare.	Let me be.	1daaba9e-221a-5730-82f3-35f99cfb0257	15	10
Mi lasci stare.	Let me be.	c4700651-534b-597e-91de-8c33a5ba7f93	15	10
Lasciatemi stare.	Let me be.	82aad6e0-3d9e-571e-884a-1b85f1d1dec9	17	10
Tom sta aspettando Mary.	Tom is expecting Mary.	5a525def-eef2-51d6-9ddc-3538ff86e474	24	22
Tom si sta aspettando Mary.	Tom is expecting Mary.	27e363e7-90c9-5c21-b4c8-19c663ae5d3c	27	22
La questione di fronte a noi è urgente.	The question before us is an urgent one.	5e4afe7b-5bab-5007-bcc0-3504d4f96b84	39	40
La questione davanti a noi è urgente.	The question before us is an urgent one.	1badaba6-d597-597e-8e24-9eed598755a9	37	40
Tom ti sta aspettando dentro.	Tom is waiting for you inside.	b4c40a5e-b581-5c16-8a68-d88db7e68db3	29	30
Tom vi sta aspettando dentro.	Tom is waiting for you inside.	8de9a5ca-0c35-5345-a082-534b64e4014f	29	30
Tom la sta aspettando dentro.	Tom is waiting for you inside.	2c02c926-c568-5817-b218-50c2cc7ab096	29	30
Tom ti sta aspettando all'ingresso principale.	Tom is waiting for you at the front door.	08105b9b-40ed-5968-8abd-2a9bfe41b73f	46	41
Tom vi sta aspettando all'ingresso principale.	Tom is waiting for you at the front door.	c4269eee-56b4-522e-b470-7b233e48a06c	46	41
Tom la sta aspettando all'ingresso principale.	Tom is waiting for you at the front door.	d41277a4-11f2-5e7e-9f88-afb333365b86	46	41
Tom sta aspettando che Mary chiami.	Tom is waiting for Mary to call.	d6787cbe-519d-52f7-a5fa-3e590da93fff	35	32
Tom sta aspettando il suo amico.	Tom is waiting for his friend.	551851b1-616f-5b56-98c8-930efcb7d01e	32	30
Tom sta aspettando la sua amica.	Tom is waiting for his friend.	f4cd7e68-c57d-5994-985d-b2ca27e64080	32	30
Tom ti sta aspettando.	Tom is waiting for you.	fedd7186-256d-56bc-b180-d1aebc07182e	22	23
Tom vi sta aspettando.	Tom is waiting for you.	257da19a-c14e-5bd3-ba1d-69b2f87c1e39	22	23
Tom la sta aspettando.	Tom is waiting for you.	e81c3674-1f23-51b2-9509-d54a59470226	22	23
Non so cosa stia aspettando Tom.	I don't know what Tom is waiting for.	83d0764b-b49b-5c94-8a75-711c09c193cb	32	37
Io non so cosa stia aspettando Tom.	I don't know what Tom is waiting for.	45739dae-006c-5c70-a8af-152827658fc1	35	37
Tutti stanno aspettando Tom.	Everyone is waiting for Tom.	40429736-7477-5cb2-a445-825bae5d199f	28	28
Tom è in macchina aspettando Mary.	Tom is in his car waiting for Mary.	6e79228c-8227-5b03-8fa9-9eaf52b09b4c	34	35
Tom è in macchina che aspetta Mary.	Tom is in his car waiting for Mary.	227b1687-63e9-556a-867c-434191f73ae8	35	35
Suona il violino molto bene.	He plays the violin very well.	47543dca-11ac-5e82-ae68-16403474a2ff	28	30
Lui suona il violino molto bene.	He plays the violin very well.	5c66202b-686d-509a-a857-3f02585bddc2	32	30
Sembra diverso.	It looks different.	882d6372-d0e7-540b-acb5-0eef198cfcad	15	19
Sembra diversa.	It looks different.	cf1adbe8-e800-5b20-8dac-33e0d830aaa2	15	19
Sembra differente.	It looks different.	8a9525a5-69c0-5007-963b-f8d7c79d4505	18	19
Sono stati ingiusti con lui.	They were unfair to him.	6179e0f9-03f8-5033-b912-5e98654822f8	28	24
Loro sono stati ingiusti con lui.	They were unfair to him.	1ea55b2c-a29f-5ad2-b3e4-a17d0ed8ad92	33	24
Sono state ingiuste con lui.	They were unfair to him.	d81006b5-fd89-5364-a006-4a4c7b778257	28	24
Loro sono state ingiuste con lui.	They were unfair to him.	5072c431-a4d8-5808-ad02-bc62a87aeaa6	33	24
È successo.	It's happened.	727b8a43-e00f-5940-bc95-4bef1eec12c5	11	14
Lui la guardò con rabbia.	He looked at her angrily.	aebec487-4f9c-5c4c-81e0-f08c5ae04148	25	25
L'ha guardata con rabbia.	He looked at her angrily.	dbbdc143-e41c-5b85-a620-4c534907f989	25	25
Lui l'ha guardata con rabbia.	He looked at her angrily.	adad8dc8-a039-53e3-99b7-c749fcd883ae	29	25
L'archeologia rivela i segreti del passato.	Archeology reveals the secrets of the past.	796f59c7-d754-5b62-abdc-085e1b8af58d	43	43
Mia sorella è una brava nuotatrice.	My sister is a good swimmer.	4d622137-87fe-5985-86ce-1ef8937a8865	35	28
Quello non è credibile.	That's not believable.	bc1b8fc0-b92a-5fda-b973-d2d6c1622e19	23	22
Quella non è credibile.	That's not believable.	817fc282-4ca6-560f-a637-fa3c748c43bd	23	22
Prenderemo un barile di birra per la festa.	We'll get a keg of beer for the party.	7d064b36-5a05-5918-a356-771b83847817	43	38
Noi prenderemo un barile di birra per la festa.	We'll get a keg of beer for the party.	eb5e88f5-7e3a-573a-81c1-46158d8b8c34	47	38
Devi pagarmi per tutte le mie traduzioni.	You have to pay me for all my translations.	23f373bb-87d7-5d0a-a4b5-56b5f63cda98	41	43
Deve pagarmi per tutte le mie traduzioni.	You have to pay me for all my translations.	c529086d-9a09-5a70-9fc9-c7ca69576e22	41	43
Dovete pagarmi per tutte le mie traduzioni.	You have to pay me for all my translations.	ffbb4ec3-9349-5bfa-bf56-b7506486676a	43	43
Questa donna è cieca.	This woman is blind.	dfa4c372-6961-55cf-aed0-94314b16945e	21	20
L'insegnante gestisce bene i suoi alunni.	The teacher handles his pupils well.	6d214a5c-42d9-5d33-b31e-2afcb977d414	41	36
Il maestro gestisce bene i suoi alunni.	The teacher handles his pupils well.	2ce0d467-2c7e-5b4b-afe7-edc84ecd66fc	39	36
La maestra gestisce bene i suoi alunni.	The teacher handles his pupils well.	772a35d0-d8d5-54bd-b08c-d104117060ae	39	36
Devo finirlo.	I've got to finish this.	561541fc-ea6a-5f89-9698-503234ff6cbe	13	24
Io devo finirlo.	I've got to finish this.	0da74300-7a5d-55c3-a1d2-2b509b657d01	16	24
Devo finire questo.	I've got to finish this.	aa18b6de-9f40-567a-87af-0519f4c76c38	19	24
Io devo finire questo.	I've got to finish this.	393dd9c3-4130-5553-9c4f-6d760100da53	22	24
Devo finire questa.	I've got to finish this.	85ca7964-a1a1-5a75-b93d-bf895ce627ec	19	24
Io devo finire questa.	I've got to finish this.	ff4c62dc-ac9e-5b97-9423-b1599f9c96ad	22	24
Quel negozio è andato in bancarotta.	That store went bankrupt.	56e1d37b-b4a7-5755-a586-960ef5948cf9	36	25
Quel negozio andò in bancarotta.	That store went bankrupt.	a2a5adf6-5c1c-5d19-bd96-8b9c1f8b5d1f	32	25
È ridicolo.	That's ridiculous!	52001f1f-aaa7-5329-980d-6ed0b0d20244	11	18
Devo restituire questo libro oggi.	I have to return this book today.	8a9a196a-2557-5479-a3d0-c3cd5767994e	34	33
Io devo restituire questo libro oggi.	I have to return this book today.	896895f1-4ed8-579e-b5f5-22a4145f9702	37	33
Non è ridicolo.	It's not ridiculous.	4775eaed-7591-5c54-b5a0-f6ee32be6c2d	15	20
Essendo domenica, non c'era scuola.	It being Sunday, there was no school.	2d8cc027-2c7f-55e7-b8a3-0317131c9ff7	35	37
Ti devo un pranzo.	I owe you a lunch.	eec75b03-c630-5092-8f03-8cb006db7a23	18	18
Vi devo un pranzo.	I owe you a lunch.	3ed95656-b9e7-558e-b255-2fe17a2ce957	18	18
Le devo un pranzo.	I owe you a lunch.	46e2d16a-0843-5c65-9332-c28de881db4b	18	18
Non ti ricordi niente?	You don't remember anything?	e17fc442-5244-51ab-b68d-b83f3c987309	22	28
Non ti ricordi nulla?	You don't remember anything?	23c85eb3-9e30-5646-a0f8-dbae64e58daa	21	28
Non si ricorda niente?	You don't remember anything?	ff5e5b3f-e382-5921-ac2a-aa8b468c4eaa	22	28
Non si ricorda nulla?	You don't remember anything?	2f46f3f2-8191-512c-9f23-a69bb957a368	21	28
Non vi ricordate niente?	You don't remember anything?	d951b99d-61ea-56f6-8008-0b8908d9e7f4	24	28
Non vi ricordate nulla?	You don't remember anything?	7cbe6a68-7559-5e9f-8a6f-50144465b361	23	28
Voleva andare in spiaggia.	He wanted to go to the beach.	9a477c01-1c60-5f25-bbcf-8289b73024d4	26	29
Lui voleva andare in spiaggia.	He wanted to go to the beach.	2671c8fc-9575-5973-98c1-2dd0ae9b1814	30	29
Mescola la minestra con regolarità.	She stirs the soup regularly.	fd937a95-ee07-535d-a7fe-d07da68762e0	35	29
Lei mescola la minestra con regolarità.	She stirs the soup regularly.	d2ea4a66-9797-5397-a96c-4fb102338d1e	39	29
Mescola la zuppa con regolarità.	She stirs the soup regularly.	c6192ca9-ad62-500c-86ac-5b614cc15496	32	29
Lei mescola la zuppa con regolarità.	She stirs the soup regularly.	4b537c8c-306f-5f7f-9e11-78e91aa710f4	36	29
La samba è un ritmo brasiliano, vero?	Samba is a Brazilian rhythm, isn't it?	40a6d19a-cf9f-5755-8bb2-220f38b2c60c	37	38
Giochiamo al gioco della campana.	Let's play hopscotch.	28c0958b-eec8-549a-ad95-0c8149bad535	33	21
Come si è comportato?	How did he behave?	da413a37-a3af-5ae7-8570-87f614d46f62	21	18
Lui come si è comportato?	How did he behave?	2076fb51-beeb-55f8-8944-0172958967a2	25	18
Come si comportò?	How did he behave?	4805a76b-55c8-5d63-8e03-048f73019855	17	18
Lui come si comportò?	How did he behave?	7c9e2633-4249-509f-8dc2-97e75c7f8bf1	21	18
Tutte le piante hanno bisogno di acqua e luce.	All plants need water and light.	27479fc4-10d9-533b-aab7-d4c67c57463f	46	32
Passa un buon weekend!	Have a good weekend!	3c4302af-a722-5f5b-99c8-c9adb74cb888	22	20
Passate un buon weekend!	Have a good weekend!	0d149af3-dc3d-58b1-a6fd-0af46db892e3	24	20
Passi un buon weekend!	Have a good weekend!	8166603d-8e50-5c84-b498-5ed77dd880ed	22	20
Passate un buon fine settimana!	Have a good weekend!	74fa4d96-024f-53c8-8261-9e463a74310e	31	20
Passi un buon fine settimana!	Have a good weekend!	9e933bb4-9433-587c-b37d-836efb83d1fc	29	20
Sto tornando a casa in autobus.	I'm coming back home by bus.	07bd9b80-4d64-56a9-909b-65a6f660e48e	31	28
Io sto tornando a casa in autobus.	I'm coming back home by bus.	ee39000e-686d-52fe-b004-190971be714e	34	28
È tutta la rabbia.	It's all the rage.	60661818-c05c-544a-a407-65ce061a214b	18	18
Tom ha finito il cibo.	Tom ran out of food.	38af5168-3808-530c-89a8-fdab8fb5e92f	22	20
Tom finì il cibo.	Tom ran out of food.	d848faa0-9fde-5d42-bb96-4e0a763d5603	17	20
Tom ha esaurito il cibo.	Tom ran out of food.	e93bc0ce-4db1-5d19-b874-20c37cbba80e	24	20
Tom esaurì il cibo.	Tom ran out of food.	f2f1e053-f41f-59c5-8de1-b10969e0f1ef	19	20
Dove posso prendere una mappa?	Where can I get a map?	ec1f729d-eaff-5afe-9dcd-0c3821dd8a34	30	22
Dove posso prendere una piantina?	Where can I get a map?	10c93815-435d-5448-9439-76720e623b1d	33	22
Dove posso prendere una cartina?	Where can I get a map?	162418ad-1cd5-5d08-9dbb-ea77c8a83c17	32	22
È perfettamente bianco.	It's perfectly white.	dbc2a825-2b68-5e7e-a1e4-b5d468ca4683	23	21
È perfettamente bianca.	It's perfectly white.	4f7b44cb-2f05-55dd-b668-7d9f88a841a8	23	21
A me piace di più in assoluto l'autunno.	I like autumn most.	d4807af5-f765-5a9b-8b04-20ce93be7d1a	40	19
Stiamo facendo un barbecue.	We're having a barbie.	2dd34fb8-0ef4-531c-9c84-ef8ec8195837	27	22
Noi stiamo facendo un barbecue.	We're having a barbie.	15058384-1754-527b-b613-6b6d82fadc7d	31	22
Questo libro sta vendendo come il pane.	This book is selling like hotcakes.	0a61069e-0f9e-5bb9-b33f-0143f4444f4e	39	35
Duemila persone riempiono questa sala.	Two thousand people fit into this hall.	54c5446c-80ce-5512-b752-619898ccf3dc	38	39
Questa sala contiene 2000 persone.	This hall holds 2,000 people.	a224b6e9-936e-5107-bba1-ddf611722cdf	34	29
Tom non vuole viaggiare da solo.	Tom doesn't want to travel alone.	fbdbb379-2f18-5064-8d88-867937dcb81e	32	33
Sta morendo dal ridere.	He's tickled pink.	adf21ac4-a6d4-5deb-9cf9-adacd64c59d2	23	18
Lui sta morendo dal ridere.	He's tickled pink.	8450ff2a-830a-56a0-bf77-8c11f7d0f475	27	18
Si sta divertendo moltissimo.	He's tickled pink.	47e091e0-adb4-59ea-930d-e6c706763e06	29	18
Lui si sta divertendo moltissimo.	He's tickled pink.	6b4a8bc0-16b6-5e63-a42e-d3d2c8d057bb	33	18
Questa casa verrà affittata facilmente.	This house will let easily.	2f35c097-38b8-5bb7-8506-972e43d7d559	39	27
Sarà facile trovare un locatario per questa casa.	It'll be easy to find a renter for this house.	28e6f2c0-5447-5341-bba4-7ae386354873	49	46
Questo latte ha un sapore abbastanza amaro.	This milk tastes rather sour.	b28ca36a-a92e-5de5-991b-912dca32c2b6	43	29
La noia è l'inizio di tutti i vizi.	Boredom is the beginning of all vices.	812f2256-0fe2-552d-b8ea-e279dc2c3df6	35	38
La mise nella scatola.	She put it in the box.	e96ad60e-b822-5111-ac76-934cc0354940	22	22
Lei la mise nella scatola.	She put it in the box.	f3858590-fd16-59b9-bf73-187029cc0ca0	26	22
Lei lo mise nella scatola.	She put it in the box.	f170fcc9-4520-5a82-88ef-4db74d00ff9b	26	22
L'ha messo nella scatola.	She put it in the box.	666b8f87-2607-5851-93a5-972423741b0a	25	22
Lei l'ha messo nella scatola.	She put it in the box.	d7aaf980-6924-586c-b33d-49e1476b20b4	29	22
L'ha messa nella scatola.	She put it in the box.	d79a1189-295f-5fee-94b0-e40485a85791	25	22
Lei l'ha messa nella scatola.	She put it in the box.	9e8d5086-9821-54c0-8307-1bab85041df9	29	22
Io vedo mio zio domani.	I am seeing my uncle tomorrow.	333ae59b-9dd3-59b2-91b1-d26ae1011ed0	23	30
Vedrò mio zio domani.	I am seeing my uncle tomorrow.	2e6f113f-1ab0-5631-bd33-71f6f09f18be	21	30
Io vedrò mio zio domani.	I am seeing my uncle tomorrow.	e2764ce5-81fc-504b-8963-7bfe8343c64f	24	30
Posso baciarla?	May I kiss you?	c09d308d-8c53-53f8-9c39-db4eb31ee337	15	15
Questo libro era nuovo.	This book was new.	e886d59a-c2cd-570c-9c5b-23436f465181	23	18
Non abbiamo fatto niente.	We've done nothing.	af105c52-2c62-5511-acdc-a2d36f2f5086	25	19
Noi non abbiamo fatto niente.	We've done nothing.	1b4dfd90-5e5c-5e36-9ce5-aa30e9bdfc93	29	19
Non abbiamo fatto nulla.	We've done nothing.	478e978c-91fd-51d2-b768-c80204fe506e	24	19
Noi non abbiamo fatto nulla.	We've done nothing.	6d46a7c7-c9c5-5ca2-ac33-85679058a615	28	19
Tom non è noioso.	Tom isn't boring.	aa40c7ba-b78f-5db8-8ba3-0c6a203e7b7f	17	17
Ho abbattuto la porta perché ho perso la chiave.	I broke down the door because I lost the key.	863c53c9-2a6b-59e1-bcd0-7be9ea2cd91e	48	45
Neppure il suo insegnante lo capiva.	Even his teacher didn't understand him.	4e2a6dea-54ac-5d12-924e-a790bc39baac	36	39
Neanche il suo insegnante lo capiva.	Even his teacher didn't understand him.	c1609d89-ee80-50de-93eb-a5cd08144004	36	39
So che Tom capisce.	I know Tom understands.	9f405e1f-14f9-5baa-ab1f-2f124ac2da55	19	23
Io so che Tom capisce.	I know Tom understands.	59e8d74d-5db9-58a3-9bdf-c6d9d064bfa7	22	23
Lo so che Tom capisce.	I know Tom understands.	5888b0bc-739d-5e18-9c10-9b4f0caeb577	22	23
Io lo so che Tom capisce.	I know Tom understands.	aaf15b98-d4e6-5771-ba93-91870be355da	25	23
So che Tom comprende.	I know Tom understands.	848abd9f-a9a8-59e5-968a-e82792671c90	21	23
Io so che Tom comprende.	I know Tom understands.	80db602f-3db1-5d0a-902f-9a60f01b0829	24	23
Lo so che Tom comprende.	I know Tom understands.	acb4cc80-910d-5119-8e4b-82322647aade	24	23
Io lo so che Tom comprende.	I know Tom understands.	524c7833-065d-5f22-8c51-4a35df2cb03b	27	23
Tom non è molto diverso da chiunque altro.	Tom isn't very different from anybody else.	89ec4280-9422-5bdd-82af-fc3acf7a1d38	42	43
Tom non sapeva i loro nomi.	Tom did not know their names.	52ce8e8a-8352-53dc-a74f-276fe4b4085a	27	29
Tom non conosceva i loro nomi.	Tom did not know their names.	2babbd55-5520-542c-9ca8-709caae7d819	30	29
La nave sta per affondare!	The ship's going to sink!	818f0f7f-e2de-5b39-b856-caec815cc684	26	25
Provare a correggere quel ragazzo è inutile.	Trying to correct that boy is useless.	9c3452ad-8f85-57be-8f11-402367979938	44	38
Mi piacerebbe vederle la schiena.	I'd like to see her back.	c81055f7-6c4c-5837-bbcd-33ef0c8db549	33	25
A me piacerebbe vederle la schiena.	I'd like to see her back.	6f7e2624-9849-5837-bf2e-c2e6c0765e24	35	25
Vorrei vederle la schiena.	I'd like to see her back.	86e46d5c-3e6e-5eb3-b026-42968f931edd	26	25
Io vorrei vederle la schiena.	I'd like to see her back.	6efc81a5-0668-56c8-a3a7-e6cba9ac9e79	29	25
I nostri piani sono di avanzare verso la città.	Our plans are to advance toward the city.	5b2bdabd-4191-5e73-ac11-ead5fc843027	47	41
Non sono felici.	They're not happy.	0b4c5ed5-a74c-584f-bdda-43927740ea0f	16	18
Loro non sono felici.	They're not happy.	e114c614-4428-5d4d-894e-0997768cd5ea	21	18
L'irlandese risponde.	The Irishman replies.	1ae50651-4e81-5d98-ab30-056327d3fdb3	21	21
Il vestito si adatta alla sua forma.	The dress fits her form.	a6649215-aebd-57f8-b09f-d3c17a81f736	36	24
Tu sei arabo?	Are you an Arab?	b299b90d-3387-50e2-b0e8-1d954e241292	13	16
Tu sei araba?	Are you an Arab?	32e80727-d4c2-5ace-ba82-5918031a3adb	13	16
Lei è arabo?	Are you an Arab?	48e6c48a-214b-5593-919d-0d2f20f629b7	12	16
Lei è araba?	Are you an Arab?	b0e6094c-1f94-51e7-a624-9af65d1585a0	12	16
Voi siete arabi?	Are you an Arab?	94fa7376-6384-56da-a286-cb9ee5bbb802	16	16
Voi siete arabe?	Are you an Arab?	68360858-d3b2-51f9-aa70-214482174654	16	16
Mi fidavo di te.	I trusted you.	23cd1a84-78be-5ab1-bf59-814979c48693	16	14
Io mi fidavo di te.	I trusted you.	234e9864-800c-5021-ba24-b31c8701087a	19	14
Mi fidavo di voi.	I trusted you.	73278ee9-cef4-527f-9fe8-82a555e08285	17	14
Io mi fidavo di voi.	I trusted you.	d8adfd82-f24c-51b5-82d0-57eec294d243	20	14
Mi fidavo di lei.	I trusted you.	1e863c36-f693-5473-bd74-0b2a2c3aad6e	17	14
Io mi fidavo di lei.	I trusted you.	94e91221-d35e-519a-9cac-4dd1de6d8b99	20	14
Tom dà sempre dei regali a Mary.	Tom is always giving presents to Mary.	cd60e231-f46f-58d4-8710-bb117a47a2ec	32	38
Ho visto l'uomo saltare.	I saw the man jump.	6977802f-dcef-53a6-a54b-d545206da461	24	19
Io ho visto l'uomo saltare.	I saw the man jump.	7a832b67-c18a-5f3a-8a72-73d0c143ddcc	27	19
Vidi l'uomo saltare.	I saw the man jump.	bac55ab1-c323-5e89-aac6-b1e3401f48f9	20	19
Io vidi l'uomo saltare.	I saw the man jump.	50ac0ccb-5349-574c-a0e8-f8e66ae9dd41	23	19
Gli uccelli volano con le loro ali.	Birds fly with their wings.	dc8a08b5-46e5-5211-b00a-95e98e010463	35	27
Non disse niente.	She said nothing.	6e6bb2b9-3f3f-54bf-a4f7-dcd045d42f23	17	17
Lei non disse niente.	She said nothing.	081e788a-d92c-5be9-89d7-9f0b2fb0362e	21	17
Lei non disse nulla.	She said nothing.	39d910ed-ef44-512c-af8d-8eb49441793c	20	17
Prova ad incoraggiarmi un po'.	Try to encourage me a little.	aca549b0-4279-564c-8d80-90f8b8b8f32c	30	29
Provate ad incoraggiarmi un po'.	Try to encourage me a little.	048649f0-8240-5c38-a950-1783e8fe21bd	32	29
Provi ad incoraggiarmi un po'.	Try to encourage me a little.	672318bf-a9ab-54c8-9c6a-1c22c6624c88	30	29
Ha mentito sull'essere incinta.	She lied about being pregnant.	07bbf696-48a5-5230-a348-dd925bd61f06	31	30
Lei ha mentito sull'essere incinta.	She lied about being pregnant.	4faa497d-e7ef-524a-832e-763e2dc3241a	35	30
Mentì sull'essere incinta.	She lied about being pregnant.	60b70651-8414-5fa8-bd5e-66375768efc5	26	30
Lei mentì sull'essere incinta.	She lied about being pregnant.	caef31d2-bd8a-526c-b79c-d5571e827b5b	30	30
Io ho paura di avere paura.	I'm afraid of being afraid.	3e28ccc5-26c2-51c7-b0e1-b35ebacc63fc	27	27
Io ho paura di essere spaventato.	I'm afraid of being afraid.	75e0d56e-845c-57fe-8abd-50eac362567f	33	27
Io ho paura di essere spaventata.	I'm afraid of being afraid.	d5bbb4fd-eb35-52a2-95ff-2160758546c9	33	27
Sarà sempre nel mio cuore.	She will always be in my heart.	a8c9b728-86e8-5547-bc9e-2b1a23c123dd	26	31
Lei sarà sempre nel mio cuore.	She will always be in my heart.	3833dbef-7aa2-5035-bea1-61b4516cbc1c	30	31
Lui sarà sempre nel mio cuore.	He will always be in my heart.	3380468e-b532-53e2-a061-10c329535cf8	30	30
Questo non era economico, vero?	This wasn't cheap, was it?	0dbf2bdb-48d8-5f28-af60-1a5293d7c7e2	31	26
Questa non era economica, vero?	This wasn't cheap, was it?	e2e439a5-470e-5e78-94fb-7e28c70e88c5	31	26
Questo non era a buon mercato, vero?	This wasn't cheap, was it?	ba356406-9578-5599-97a7-5703bee59b18	36	26
Questa non era a buon mercato, vero?	This wasn't cheap, was it?	48dec809-1c04-588f-89f1-98253ca02c0c	36	26
Lo scorso inverno sono andato a sciare in Canada.	Last winter, I went skiing in Canada.	5f8c672a-a3e7-5523-950d-aa7e22473a5d	49	37
Lo scorso inverno sono andata a sciare in Canada.	Last winter, I went skiing in Canada.	dfa8abc7-47da-5004-a662-3a117c6eed0d	49	37
Qual è la battuta?	What's the joke?	6fd4a6a2-e635-5d23-8e35-ad1eb09d7e1e	18	16
Qual è la barzelletta?	What's the joke?	745f14ce-c5c2-5bc3-927d-85cbe2964f51	22	16
A nessuno è permesso tradurre questa frase.	No one is allowed to translate this sentence.	c872e077-dddc-527b-b3bf-8d281a0e3e55	43	45
Impara a camminare prima di correre.	Learn to walk before you run.	cad73b28-51a5-5921-bb64-2fbe7591eede	36	29
Imparate a camminare prima di correre.	Learn to walk before you run.	8c2a5500-93f8-547d-af44-0ccafad4d603	38	29
Impari a camminare prima di correre.	Learn to walk before you run.	86b62160-4eaa-515e-a2a6-41fbf1c5952f	36	29
Si sta scaccolando.	She's picking her nose.	060dcbc1-fffa-5de7-ae46-580d6f1fd809	19	23
Lei si sta scaccolando.	She's picking her nose.	d059cbfa-7200-5cad-a282-fa78bd0913dc	23	23
La partita probabilmente verrà annullata.	The game will probably be called off.	b3879a75-99a0-51d7-bacf-146c9f88cdd2	41	37
Quale corso consigli?	Which course do you recommend?	609590df-0552-580f-8f48-ce8f41a8d74e	21	30
Quale corso consiglia?	Which course do you recommend?	daa0c788-4e75-58ac-9253-ca9bb087ebc8	22	30
Quale corso consigliate?	Which course do you recommend?	118ec1e3-1748-529a-b6b7-e88174c328b6	24	30
Sono pieno di soldi.	I've got plenty of money.	abad6af3-287d-5a25-8e08-4d76da78ec4a	20	25
Io sono pieno di soldi.	I've got plenty of money.	72875f1b-6359-5770-9396-9b6d26e2eaa8	23	25
Sono piena di soldi.	I've got plenty of money.	1aa7be72-dcc5-505d-80c1-052f705495f6	20	25
Io sono piena di soldi.	I've got plenty of money.	f27ed44a-e8a9-59d9-9f86-aed164a19f93	23	25
Sono pieno di denaro.	I've got plenty of money.	9e58399b-304f-528f-99f1-54cad46626d9	21	25
Io sono pieno di denaro.	I've got plenty of money.	dbba30c3-57ec-5840-a9e9-15e48f1b981c	24	25
Sono piena di denaro.	I've got plenty of money.	04476931-ece7-50f7-8c5c-bf17d4bc23f9	21	25
Io sono piena di denaro.	I've got plenty of money.	501e2bd1-e5cb-5da0-9814-c5c44c27b3d1	24	25
Mi alzo presto al mattino.	I'm an early riser.	47a61f37-eb7e-58a2-88bc-92e6245935c8	26	19
Io mi alzo presto al mattino.	I'm an early riser.	10f95c06-ef5d-5826-9a29-5b84e8251c84	29	19
Poi provo a suonare le prime note.	Then I try to play the first notes.	5063b860-7128-5b32-bd0a-4e19ff56e468	34	35
La carne non è ancora pronta.	The meat's not ready yet.	00d61218-2500-5f18-b092-4eab888849ab	29	25
Mi sento letargico.	I feel lethargic.	47bc7d63-1389-5605-8432-49727c9c785c	19	17
Io mi sento letargico.	I feel lethargic.	563bddf5-feb4-54de-bbf5-ae603a239c88	22	17
Mi sento letargica.	I feel lethargic.	1c73d908-0f5c-5586-9d5e-47211c7b34ea	19	17
Io mi sento letargica.	I feel lethargic.	cb55b009-4f63-5f0a-9ca6-41355db645de	22	17
Mi sento indolente.	I feel lethargic.	a9565c91-1c7e-5623-b239-43a2b397aedf	19	17
Io mi sento indolente.	I feel lethargic.	8ce32d40-ac13-5473-acf1-83327a2c1de2	22	17
Mi sento apatico.	I feel lethargic.	baa66cbf-36e8-5625-9fe9-14edeb15d893	17	17
Io mi sento apatico.	I feel lethargic.	efb11a61-57ce-5d5c-ad48-c8569d42cc1a	20	17
Mi sento apatica.	I feel lethargic.	a23404ff-63c7-5883-9dc1-f9a7c5e9acb1	17	17
Io mi sento apatica.	I feel lethargic.	2493dec3-a3c6-5157-8bb0-88768f58003d	20	17
Mi sento pigro.	I feel lethargic.	72fe2670-1d64-5691-8c10-03d8d35aa124	15	17
Io mi sento pigro.	I feel lethargic.	c8cdee21-5063-597f-acf5-e84eb3ada7ae	18	17
Mi sento pigra.	I feel lethargic.	dd2547d8-9f06-54d6-b9db-24d0ab82bf68	15	17
Io mi sento pigra.	I feel lethargic.	fa022ff9-427e-5e6f-92ce-83a95dfb4427	18	17
I suoi occhi sono azzurri.	His eyes are blue.	57623c07-2958-5b17-8b1e-b4e25db69de6	26	18
Non lasciare estinguere il fuoco.	Don't let the fire burn out.	f6572bee-4e1a-5d4c-8a37-3f118e8c705d	33	28
Non lasciate estinguere il fuoco.	Don't let the fire burn out.	00d32640-33d1-562d-8035-fb1a4c252e2d	33	28
Non lasci estinguere il fuoco.	Don't let the fire burn out.	08100ca9-2d53-5c6c-a439-4f93cbb27a52	30	28
Cos'hai fatto con la tua macchina?	What have you done with your car?	63fe2730-0eba-5dba-b6e6-ce3ca71d6755	34	33
Cos'ha fatto con la sua macchina?	What have you done with your car?	bf8917e0-6852-5b20-8654-26a8fde540ea	33	33
Cos'avete fatto con la vostra macchina?	What have you done with your car?	3d16581b-7e84-536b-adfd-31d7f26af547	39	33
Cos'hai fatto con la tua auto?	What have you done with your car?	d3cd61b8-c5c2-5e72-a00a-c2e05dda4829	30	33
Cos'hai fatto con la tua automobile?	What have you done with your car?	bdb9d5bc-a36e-5406-8859-aba1d8616bb9	36	33
Cos'ha fatto con la sua auto?	What have you done with your car?	98d4ee58-b480-5ec1-9fdd-352e4fe27307	29	33
Cos'ha fatto con la sua automobile?	What have you done with your car?	490dd32a-5caf-5fa7-ba45-9406f7ee4359	35	33
Cos'avete fatto con la vostra auto?	What have you done with your car?	52a96519-f77a-5374-88f7-2d98fb7c45b7	35	33
Cos'avete fatto con la vostra automobile?	What have you done with your car?	c81a03ea-f1bc-5e41-ad71-973b5578c5fb	41	33
Li porterò da Kate.	I'll take them to Kate.	d11f3e2f-5238-572d-aba7-8a18bb265c89	19	23
Le porterò da Kate.	I'll take them to Kate.	8b18323f-67d7-598a-866a-8cfbd2bd10d9	19	23
Non incolpare te stesso.	Don't blame yourself.	f77a86db-fa77-5a63-acd1-a1c91dd74d25	24	21
Non incolpare te stessa.	Don't blame yourself.	137e2f19-242c-5443-b22b-3c4d934dc4a7	24	21
Non incolpi se stesso.	Don't blame yourself.	aab9d069-61e7-5231-a97e-8eb2e1c629ca	22	21
Non incolpi se stessa.	Don't blame yourself.	f43f8f4f-9b05-5875-b97a-4bca3bb65494	22	21
Siamo al verde?	Are we broke?	b4f5c071-1a23-5825-9487-ffb0b0396964	15	13
Noi siamo al verde?	Are we broke?	0c2939eb-de99-5ea2-812b-051272967370	19	13
Siamo atterrati su di un'isola solitaria.	We were landed on a lonely island.	2b21a4d5-3822-50e0-b0f3-07f430fdedd4	41	34
Noi siamo atterrati su di un'isola solitaria.	We were landed on a lonely island.	0a1f87eb-f558-59ae-859a-0355187d81a3	45	34
Siamo atterrate su di un'isola solitaria.	We were landed on a lonely island.	0a689112-33bb-5190-95fb-b1a74ddbc198	41	34
Noi siamo atterrate su di un'isola solitaria.	We were landed on a lonely island.	970a9275-4fcd-5e04-bd72-04cd1842d0aa	45	34
Atterrammo su di un'isola solitaria.	We were landed on a lonely island.	b023bb20-a082-5b81-b281-ef76032d7ec7	36	34
Noi atterrammo su di un'isola solitaria.	We were landed on a lonely island.	efb2934a-949c-58b0-8005-d48d9e4de2b3	40	34
Apprezzo molto il tuo aiuto.	I am much obliged to you for your help.	cf397502-69f5-571f-b6e7-c334692d19af	28	39
Io apprezzo molto il tuo aiuto.	I am much obliged to you for your help.	d889a5c2-1375-557b-9fa1-5bdc0f586ae2	31	39
Apprezzo molto il suo aiuto.	I am much obliged to you for your help.	fa9d5c3b-974a-5dfb-b2dd-f6ed320462a6	28	39
Io apprezzo molto il suo aiuto.	I am much obliged to you for your help.	50313c45-6b4b-5edf-bb47-9db45fc74885	31	39
Apprezzo molto il vostro aiuto.	I am much obliged to you for your help.	d6b87359-9949-5323-9834-091b50874df9	31	39
Io apprezzo molto il vostro aiuto.	I am much obliged to you for your help.	f142f84c-cc98-5ffc-be78-37f833048ea5	34	39
Dovresti provare a vivere con le tue capacità.	You should try to live within your means.	e1e32d06-1bd8-58a7-b9d1-cdf4dcf20170	46	41
Dovreste provare a vivere con le vostre capacità.	You should try to live within your means.	2e118460-e0d2-57c9-a151-d4f3954f8f9c	49	41
Dovrebbe provare a vivere con le sue capacità.	You should try to live within your means.	f5ddecc5-11e2-509f-87f9-9325fd8318b7	46	41
Mary, sei bella. Ti amo.	Mary, you're beautiful. I love you.	86faae65-d9fb-550f-9a0b-4c51ef18b759	24	35
Ti siamo grati per il tuo aiuto.	We are grateful to you for your help.	6346b0ce-d62c-51d8-a9f2-ed6d3ce59928	32	37
Noi ti siamo grati per il tuo aiuto.	We are grateful to you for your help.	55c249d6-b899-529c-92d1-1adc4e91c3d1	36	37
Ti siamo grate per il tuo aiuto.	We are grateful to you for your help.	67d341c4-6739-58b1-8ca8-56c14e3cf9fe	32	37
Noi ti siamo grate per il tuo aiuto.	We are grateful to you for your help.	f306f1bb-410e-5c7c-becf-44f17e6fb094	36	37
Vi siamo grate per il vostro aiuto.	We are grateful to you for your help.	2a3bdb86-de29-58d7-baed-8061350e4970	35	37
Noi vi siamo grate per il vostro aiuto.	We are grateful to you for your help.	fbcf9273-b13f-5a91-a5d1-ec39affe75af	39	37
Vi siamo grati per il vostro aiuto.	We are grateful to you for your help.	ac0b3039-75ea-5146-9811-c2dd487688ea	35	37
Noi vi siamo grati per il vostro aiuto.	We are grateful to you for your help.	b64fc4ca-5fc8-5015-99d3-3c46efa064e2	39	37
Le siamo grati per il suo aiuto.	We are grateful to you for your help.	88cad7f6-7b5e-51e2-8a94-bf6710616899	32	37
Noi le siamo grati per il suo aiuto.	We are grateful to you for your help.	db0c168c-48a2-5e72-ab57-4601d94d5e20	36	37
Le siamo grate per il suo aiuto.	We are grateful to you for your help.	930297b4-c7a8-57f8-b63e-6667a6b9a6ef	32	37
Noi le siamo grate per il suo aiuto.	We are grateful to you for your help.	d1040393-a178-5fa9-8c59-d7fb4fc2f5b6	36	37
Io vorrei un Manhattan.	I'd like a Manhattan.	b4176754-1424-5d3f-8890-776da1166f65	23	21
Mi piacerebbe un Manhattan.	I'd like a Manhattan.	f6ff550f-a982-5ea6-8a84-903b564f520c	27	21
A me piacerebbe un Manhattan.	I'd like a Manhattan.	44590623-6633-5116-834e-64969a85db60	29	21
Ha i denti bianchi.	She has white teeth.	219d797e-6f76-5173-8dc2-d4120d48e439	19	20
Lei ha i denti bianchi.	She has white teeth.	5077c1ec-6d2f-57f7-99f1-0fe6a88d544e	23	20
Lui ha i denti bianchi.	He has white teeth.	11a25a94-4270-5481-949e-75f40c913ddd	23	19
A che ora ti sei svegliato?	At what time did you wake up?	18ced975-2238-5ee3-abbc-7114cb5080b8	27	29
A che ora ti sei svegliata?	At what time did you wake up?	8d0d12ba-41a5-554c-9c9e-4bbb84e4d01f	27	29
A che ora si è svegliato?	At what time did you wake up?	2bbb94d8-a9fb-5bce-bd57-eaebb15fb811	25	29
A che ora si è svegliata?	At what time did you wake up?	4c12c7d8-455c-5bbf-8050-4c0479347078	25	29
A che ora vi siete svegliati?	At what time did you wake up?	c04e9f9a-4b9b-59d9-b3e6-c9ed02e21d40	29	29
A che ora vi siete svegliate?	At what time did you wake up?	e48f405c-4a93-5bbb-a86b-9446de279261	29	29
Quand'ero a New York, ho visitato Brooklyn.	When I was in New York, I visited Brooklyn.	c1750758-51b7-588c-801f-29cefd40b9a5	43	43
Quand'ero a New York, visitai Brooklyn.	When I was in New York, I visited Brooklyn.	df16c3ba-7b3c-5c12-bd8c-e79e89be9093	39	43
La rosa viene chiamata la regina dei fiori.	The rose is called the queen of flowers.	020babdf-87b1-5b5d-9367-bc55bb890891	43	40
Il Queens è il mio quartiere preferito.	Queens is my favorite borough.	a7f26f0d-6e14-505f-a697-bf32a354cdc9	39	30
Conosco quel tedesco con la barba lunga.	I know that German with a long beard.	dd817f7b-68c5-5aa8-9423-fa7654136b87	40	37
Io conosco quel tedesco con la barba lunga.	I know that German with a long beard.	8fdd9dc9-89ce-5736-8fdc-24d4deb20a6f	43	37
Ricordo di aver visto la regina.	I remember I saw the queen.	9d5bbda8-c857-5e35-ba26-8fcc5de25141	32	27
Intendo vedere la regina.	I intend seeing the queen.	5ee33a05-041a-5c61-8a4d-81bf1165015d	25	26
Io intendo vedere la regina.	I intend seeing the queen.	f3ceb406-6008-56e9-b4b8-3efa961961cb	28	26
Ho intenzione di vedere la regina.	I intend seeing the queen.	cb4b20fe-53d8-57f8-bd45-08d8c675248b	34	26
Io ho intenzione di vedere la regina.	I intend seeing the queen.	faf08853-e93d-55a4-8883-99b1fd72f358	37	26
La Regina vive a Buckingham Palace.	The Queen lives in Buckingham Palace.	d070bcbc-156c-55b6-89b3-dfc22ac98c06	35	37
La Regina abita a Buckingham Palace.	The Queen lives in Buckingham Palace.	623f4bca-c0cf-548c-acdf-72976d2fda8b	36	37
Hai mai visto Buckingham Palace?	Have you ever seen Buckingham Palace?	5c1884b7-ec5c-5d06-b728-1e476ff46042	32	37
Tu hai mai visto Buckingham Palace?	Have you ever seen Buckingham Palace?	a7f63b4c-472b-5110-b657-d188ca211e54	35	37
Ha mai visto Buckingham Palace?	Have you ever seen Buckingham Palace?	3fc17891-e12d-5aa9-bf15-a5f4bfdaedda	31	37
Lei ha mai visto Buckingham Palace?	Have you ever seen Buckingham Palace?	5fa96b00-1fb9-5409-87ef-bdfb5abd52b5	35	37
Avete mai visto Buckingham Palace?	Have you ever seen Buckingham Palace?	713bca95-317d-51c1-9047-4cd411aa73b7	34	37
Voi avete mai visto Buckingham Palace?	Have you ever seen Buckingham Palace?	f0a865a2-b94f-5c67-a988-4a8546509dc0	38	37
La Regina visiterà la Cina l'anno prossimo.	The Queen is to visit China next year.	6bcce01c-5356-5024-ba1a-f4dc9f804e8d	43	38
Il burro viene prodotto a partire dal latte.	Butter is made from milk.	64bfddd7-9dc3-5331-a8ae-050e839bd0d7	44	25
Strappò la busta per aprirla.	He ripped the envelope open.	57b19e98-d985-5226-8ef7-d843675f0cde	29	28
Lui strappò la busta per aprirla.	He ripped the envelope open.	54743094-99fc-5326-9714-7c7fccc4bf21	33	28
Ha strappato la busta per aprirla.	He ripped the envelope open.	dcef6639-6f8b-5e1a-a1d0-d1507e14fce3	34	28
Lui ha strappato la busta per aprirla.	He ripped the envelope open.	fab21952-8e76-517e-afac-04fc4f0edf57	38	28
Lunga vita alla Regina!	Long live the Queen!	9e54bc3a-1ab0-5769-9004-9c598936967f	23	20
Possa la regina vivere a lungo!	May the queen live long!	15764d2a-66f4-5f77-9aa5-5d8703718dc2	31	24
Gli sono state date tre navi dalla regina.	He was given three ships by the queen.	8182376a-6ac6-5e31-9738-67421872c864	42	38
Gli furono date tre navi dalla regina.	He was given three ships by the queen.	f84f5228-a4ce-5384-b666-6345c75834f8	38	38
Gli vennero date tre navi dalla regina.	He was given three ships by the queen.	f16ff148-3af8-5324-8a7b-0d8145022bb0	39	38
Il ratto è vivo o morto?	Is the rat alive or dead?	b54b9161-6dc8-50cc-8c11-b88b0c6211d6	24	25
La sua dichiarazione ha creato scompiglio.	His statement raised havoc.	64481fd1-90fb-5aa7-a44f-ecaff99a362a	42	27
La sua dichiarazione creò scompiglio.	His statement raised havoc.	c4b8c3c6-bc71-534d-8668-eb591c9c79a2	37	27
La corona della Regina era fatta d'oro.	The Queen's crown was made of gold.	c350925f-c940-5b97-97dd-a13e2530166a	39	35
La corona della Regina era d'oro.	The Queen's crown was made of gold.	f98808e9-018b-56d1-9d67-ec80921bc966	33	35
La regina delle streghe è morta.	The queen of the witches is dead.	acf36a1b-233f-58dd-bdf2-cb2a19bd13b4	32	33
Che belle che siete!	How beautiful you are!	c51bba0f-ea27-52e3-a03c-7c025f68af72	20	22
Il treno sta per arrivare.	The train is about to arrive.	19f14d87-8bd3-5c52-9696-18ede743c6f9	26	29
Il treno è sul punto di arrivare.	The train is about to arrive.	efc857a5-3543-530a-a039-cf8bb0abd758	33	29
Nel 1891 Liliuokalani diventò regina delle Hawaii.	In 1891, Liliuokalani became queen of Hawaii.	c4e1e8ef-2d47-5b85-ae06-f51802d41ffc	50	45
Che belli che siete!	How handsome you are!	44ef3a5b-f502-5709-9f65-3680f0bd4b4f	20	21
Che bello che sei!	How handsome you are!	5f05c071-1955-5b34-8499-b83a689bb145	18	21
Che bella che sei!	How beautiful you are!	ebedf8bf-6685-5eac-ad8e-8cfcff517edc	18	22
Che bello che è!	How handsome you are!	d41ec16c-9431-55cb-b534-56a1eca4f3a5	16	21
Che bella che è!	How beautiful you are!	63f2a6d1-e299-527e-927b-e3e3faacf2f3	16	22
Quanti anni ci sono in un secolo?	How many years are there in a century?	2805a411-1974-56b6-9161-4ebea6ece466	33	38
Oggi sono completamente senza idee.	Today I'm all out of ideas.	52b1ea5c-7b5b-5cb7-aebd-13f57dfdf040	35	27
Oggi io sono completamente senza idee.	Today I'm all out of ideas.	6795892d-c76b-5f02-b9d5-1110334831fe	38	27
Il re e la regina stanno venendo.	The king and queen are coming.	18a34a1f-5d20-53d4-be98-c5720b3edb61	33	30
Il re e la regina stanno arrivando.	The king and queen are coming.	dbe72d95-0b73-5bce-8d03-90023ba79d41	35	30
Madre, madre, tu sei la regina del mio cuore.	Mother, mother, you are the queen of my heart.	1836f3f6-ed5d-5485-8f4b-5136a8095ee3	45	46
È la signora.	It's the lady.	6d4397ac-611b-59c2-bd8f-f8b8ebd2d7b3	13	14
La Regina Elisabetta è morta nel 1603.	Queen Elizabeth died in 1603.	a2177eaf-72b3-5c45-80b7-9ecc1dad50c5	38	29
La Regina Elisabetta morì nel 1603.	Queen Elizabeth died in 1603.	c3d83b06-53a9-59d2-81b1-a77073f4d3df	35	29
L'aquila è la regina dei venti.	The eagle is the queen of the winds.	45543769-d27d-5b77-ad77-eba538753807	31	36
Mi piace imitare la Regina Elisabetta.	I like to imitate Queen Elizabeth.	6f4b70a6-f4f5-5d36-a5ad-dc8274fe8a52	38	34
A me piace imitare la Regina Elisabetta.	I like to imitate Queen Elizabeth.	405f3963-19a9-5403-aaf4-4f1182102e46	40	34
Vedi la regina?	Do you see the queen?	91730d18-447a-5faf-8bc9-69b7021d1b05	15	21
Tu vedi la regina?	Do you see the queen?	35f86183-1df9-5fa9-9b6d-7d50d0ec481b	18	21
Vede la regina?	Do you see the queen?	c1c252b6-1ddf-57c9-916a-92f69b670817	15	21
Lei vede la regina?	Do you see the queen?	096542ca-01b4-51b7-a756-a1c2bc673851	19	21
Vedete la regina?	Do you see the queen?	07be9d19-a623-5ad4-bbdb-4e65535f9c1f	17	21
Voi vedete la regina?	Do you see the queen?	874544b5-9c57-5baf-8e75-3dc00121f135	21	21
Vedi una regina?	Do you see a queen?	e8a2334e-3cad-5f06-9175-b1df99cdf454	16	19
Tu vedi una regina?	Do you see a queen?	56a68f16-aa3f-5b5f-8433-76b7718da7cb	19	19
Vede una regina?	Do you see a queen?	6afb0fa2-0956-5879-8e15-19bd5f15f4dd	16	19
Lei vede una regina?	Do you see a queen?	c0167a2b-48c0-550b-b834-eed54ae095cc	20	19
Vedete una regina?	Do you see a queen?	0397e3de-dee5-5eb1-88c8-31480830cb39	18	19
Voi vedete una regina?	Do you see a queen?	d91c6015-1053-5521-bc23-c370251c4dbb	22	19
Vedo la regina.	I see the queen.	2ac4e20b-f96d-51b7-a4c0-3402a8532ab0	15	16
Io vedo la regina.	I see the queen.	82ef9591-00d5-5bdc-b820-9c9a481032d7	18	16
Vedo una regina.	I see a queen.	2a511be8-fbca-51f4-8bc1-f8720793e93b	16	14
Io vedo una regina.	I see a queen.	b4bf2e7c-048d-556a-906b-af9c17d52ea2	19	14
È la regina dei pirati.	She's the pirate queen.	d77ba33d-e1d5-562f-8998-9a4559d1e787	23	23
Lei è la regina dei pirati.	She's the pirate queen.	f81fe469-0ede-5a22-8a55-a92d68665473	27	23
Chi era la Regina Elisabetta?	Who was Queen Elizabeth?	1a127f05-cf27-5396-944c-af609ad35944	29	24
Dove si è sposata la Regina Vittoria?	Where did Queen Victoria get married?	d85d75d6-987b-5931-8987-763aa333b5c1	37	37
Dove si sposò la Regina Vittoria?	Where did Queen Victoria get married?	779b6d6c-3287-5010-b7de-781a27bdf98e	33	37
Quand'è nata la Regina Vittoria?	When was Queen Victoria born?	8a3a13ce-1ec9-5ce9-9814-6e7983509812	32	29
Quando è nata la Regina Vittoria?	When was Queen Victoria born?	c3ec9f6e-1330-5ed4-ae29-b5d54b2bfc2c	33	29
Quando nacque la Regina Vittoria?	When was Queen Victoria born?	f2b41f2b-0cdb-5f8d-a8ff-87a044ca4ea5	33	29
Non mi dispiace condividere la stanza con lui.	I don't mind sharing the room with him.	3e855c68-6e70-50be-848b-eba27a2ea7dd	46	39
A me non dispiace condividere la stanza con lui.	I don't mind sharing the room with him.	6ace53ad-e632-53d4-956c-ed3d3496b8a4	48	39
Non mi dispiace condividere la camera con lui.	I don't mind sharing the room with him.	9ae41946-bdf6-5740-8d50-90c6a15efe4b	46	39
A me non dispiace condividere la camera con lui.	I don't mind sharing the room with him.	ffd4a3cd-a57b-5e47-bcbb-539a9003146c	48	39
Ha avuto successo nella vita.	He succeeded in life.	6e773b7d-a701-585d-8364-e4827f64955f	29	21
Lui ha avuto successo nella vita.	He succeeded in life.	9e463209-bd8f-5e33-8588-3a884dc92547	33	21
Ebbe successo nella vita.	He succeeded in life.	bf13fcf6-4124-5aa0-90f4-3ee380fad1b7	25	21
Lui ebbe successo nella vita.	He succeeded in life.	50dbce5a-8005-5264-a155-d70e6fad22bd	29	21
Sei triste.	You're sad.	30a3a0d5-833a-5c91-b2e0-7d2991706193	11	11
Tu sei triste.	You're sad.	cc380621-abe3-51d1-8a8c-d08b1f0828c9	14	11
È triste.	You're sad.	d43c521d-4e5c-5d32-991c-27845479ff54	9	11
Lei è triste.	You're sad.	c4f38b46-366b-5ca3-90b7-fedc929d9f30	13	11
Siete tristi.	You're sad.	31626879-314d-56fd-ad7f-e2ea45696536	13	11
Voi siete tristi.	You're sad.	88b5bf31-5a25-5a60-a340-669fbca41611	17	11
Io penso che sia triste non avere amici.	I think it's sad to have no friends.	59838cb7-2060-5ad9-b266-909e589dac9b	40	36
È triste ora.	It's sad now.	7a016c3b-e336-5672-bc38-3b8495f81d69	13	13
È triste adesso.	It's sad now.	00a04748-b492-533f-8ec6-fcbbde71ed63	16	13
Ci sono molti popoli differenti nel mondo.	There are a lot of different peoples in the world.	1317a15e-e552-5f3a-97e7-157387224a00	42	50
La libertà è solo dove c'è il potere.	Freedom is only where power is.	103a3b08-26cf-539b-99ff-28237dc4d263	37	31
La libertà è soltanto dove c'è il potere.	Freedom is only where power is.	062be9be-ce28-5226-b637-898378350788	41	31
La libertà è solamente dove c'è il potere.	Freedom is only where power is.	9a8d79e6-7ab8-519f-bd37-c0d65bac7050	42	31
Il vento sta soffiando da ovest.	The wind is blowing from the west.	ead437f9-62b6-5237-b5aa-29aae0e7a7ec	32	34
Il vento sta soffiando verso est.	The wind is blowing east.	bd49286d-472c-5ef4-951c-9144c66a357b	33	25
Non sono grasso!	I'm not fat!	61a81b34-bf4e-5e6c-b33d-5422f6f004a9	16	12
Io non sono grasso!	I'm not fat!	f9636da2-57f6-572c-9e39-d653ec8ae538	19	12
Non sono grassa!	I'm not fat!	ff25f96c-6b10-5c7c-855d-52f4b528d9f0	16	12
Io non sono grassa!	I'm not fat!	dfecfb27-02cc-5e16-89eb-17ffdb462081	19	12
È triste vedere Mary così infelice.	It's sad to see Mary so unhappy.	df0b940e-7582-545e-b4cf-083167fb9085	35	32
È triste ma vero.	It's sad, but true.	f604048a-cf47-53c7-a03f-b4687ed3a4bc	17	19
È un complimento o un insulto?	Is it a compliment or an insult?	ab6720e6-01b0-5c3e-9eb1-bc7678d9e49e	30	32
È inutile essere così tristi.	It's no use being so sad.	e253073b-03e7-5bb1-b9ab-75f4490eee0c	29	25
È inutile essere così triste.	It's no use being so sad.	0a656ec0-1b12-5c0e-8eba-bdaf6a5e5768	29	25
È stato ammesso senza sostenere l'esame.	He was admitted without taking the exam.	24d69481-d28a-5cdf-8e3a-0aae10a38e21	40	40
Lui è stato ammesso senza sostenere l'esame.	He was admitted without taking the exam.	66c7a45f-ca96-525e-9f41-a64948704d93	44	40
È davvero triste.	It's really sad.	544de718-dcee-5ad4-8052-05ff72977b14	17	16
È veramente triste.	It's really sad.	7dd68c9c-096e-5a92-b074-6e04acc261e0	19	16
È così triste.	It's so sad.	1c480486-9693-55a3-a426-69918de7799b	14	12
È stato ferito mortalmente.	He was mortally wounded.	692b08b0-2b16-5807-a520-044c4670b03e	27	24
Lui è stato ferito mortalmente.	He was mortally wounded.	e35dc227-ab6a-5ab6-902f-55701f3a4588	31	24
Ha raggiunto il suo obiettivo.	She achieved her goal.	1385d26f-6d37-56f2-97d5-82a0994a74f6	30	22
Lei ha raggiunto il suo obiettivo.	She achieved her goal.	5e0ee930-2b5d-5b94-9b7d-7a0df8e1d41d	34	22
Raggiunse il suo obiettivo.	She achieved her goal.	4343b573-35a6-5e21-92e3-c66d072f6695	27	22
Lei raggiunse il suo obiettivo.	She achieved her goal.	85835c00-559c-5cd6-af47-f052fefd9968	31	22
Attraverseremo quel ponte quando ci arriviamo.	We'll cross that bridge when we come to it.	a1a6e76a-966d-513b-8787-eae320771ac8	46	43
Noi attraverseremo quel ponte quando ci arriviamo.	We'll cross that bridge when we come to it.	a7c96686-ec8b-5028-8955-ea3150d1585c	50	43
Mayuko era molto stanca.	Mayuko was very tired.	9a174489-82d9-5824-a619-1344533b79c5	24	22
Mayuko era morta di fatica.	Mayuko was tired to death.	725749b7-5475-5d73-accd-adfc4b1e1380	27	26
È una cantante famosa.	She is a famous singer.	aa60a876-7d36-5b78-93c2-45e4c57a0063	22	23
Lei è una cantante famosa.	She is a famous singer.	233c4a2a-39f3-5481-a332-637bc9a6e489	26	23
È appassionato di questo genere musicale.	He is fond of this kind of music.	c44f4859-6297-56d0-9bef-5556d1056f18	41	33
Lui è appassionato di questo genere musicale.	He is fond of this kind of music.	fafbdbb8-ccbe-5422-9506-151a648b1bb8	45	33
Non riesco a smettere di fumare.	I can't stop smoking.	009ba8b0-ebd1-530a-b2cd-b8cf713b3448	32	21
Io non riesco a smettere di fumare.	I can't stop smoking.	92d3b433-b87c-56e1-89b6-bcb07ded0f06	35	21
Non posso smettere di fumare.	I can't stop smoking.	839d7510-d58d-50ef-886d-92a999440608	29	21
Io non posso smettere di fumare.	I can't stop smoking.	c6a9f03d-178f-524e-b9ca-b18c48bd41f6	32	21
È la segretaria del signor Uda.	She is secretary to Mr Uda.	e77fc3a4-87a3-51ff-9c61-441ba41175de	31	27
Sono davvero preoccupato.	I'm really worried.	7324001f-9f80-548f-a985-21b17b3fb8de	25	19
Io sono davvero preoccupato.	I'm really worried.	360ed930-5f64-5183-a943-47158206f1c7	28	19
Sono davvero preoccupata.	I'm really worried.	68f08f98-d8de-5e7d-b6cb-e2f2f1d0a0a9	25	19
Io sono davvero preoccupata.	I'm really worried.	d5ab7234-800a-574f-a8d4-9adc242ab84b	28	19
Sono veramente preoccupata.	I'm really worried.	64ee1cad-6921-5f35-90b3-6bdcf26a072f	27	19
Io sono veramente preoccupata.	I'm really worried.	9882e3a6-c6f5-5134-b4a5-efafde04d54c	30	19
Sono veramente preoccupato.	I'm really worried.	e8ba8d25-6bbe-54c0-b1bc-64884c710ec4	27	19
Io sono veramente preoccupato.	I'm really worried.	53958162-e71c-55ad-bafc-58c80e2cca14	30	19
Vivi da solo?	Do you live alone?	400911ba-fe84-50cb-8eab-03199dc85375	13	18
Tu vivi da solo?	Do you live alone?	8109ea91-abb5-55cd-ae7e-1debae56b8d6	16	18
Vivi da sola?	Do you live alone?	d2e42a2e-4067-517d-acf8-79a08e1acb37	13	18
Tu vivi da sola?	Do you live alone?	9ccf4bf9-7093-5529-8de7-f9a608eadbf0	16	18
Vive da sola?	Do you live alone?	f9c5b7fb-c91f-5114-869a-3469435af466	13	18
Lei vive da sola?	Do you live alone?	1c0c0a0d-5002-5ae0-b359-61e71c7d987e	17	18
Vive da solo?	Do you live alone?	8863f16c-8064-5290-be34-e6bb80ded474	13	18
Lei vive da solo?	Do you live alone?	a4ea939e-ab9d-5fd6-b66c-159cd7399357	17	18
Vivete da soli?	Do you live alone?	1ecc91f4-cb68-518f-a4ae-810c18746278	15	18
Voi vivete da soli?	Do you live alone?	02aa7cc5-430b-5d9f-957f-e1bff705b449	19	18
Vivete da sole?	Do you live alone?	baa94800-a5c1-5668-a9fd-785b3ab83389	15	18
Voi vivete da sole?	Do you live alone?	43376ecc-ee42-5fb7-b7c1-fa62344e0b2d	19	18
Cos'è questa?	What's this?	78277099-5d72-5eae-b5cb-244f37c95032	13	12
Che cos'è questo?	What's this?	e4ed7cae-8d69-57ca-addb-c4ffd1194a31	17	12
Che cos'è questa?	What's this?	5ae7a44b-eba8-5a23-9b80-64e6f9ed96c3	17	12
Tom è entrato nella stanza dopo di Mary.	Tom entered the room after Mary.	8fc8da85-cb20-5a58-8d35-db1430533d49	40	32
Tom è entrato nella camera dopo di Mary.	Tom entered the room after Mary.	102af997-7b82-5198-b79d-8aa4c07aa3b8	40	32
Tom entrò nella camera dopo di Mary.	Tom entered the room after Mary.	8a3ff351-675b-550b-b563-3c74f773b8be	36	32
Tom entrò nella stanza dopo di Mary.	Tom entered the room after Mary.	25fc63b5-e37c-560a-83ef-b6fddd16576b	36	32
Hai molti amici.	You have many friends.	46e74bd8-768c-5198-9063-6dee9302f52c	16	22
Tu hai molti amici.	You have many friends.	bc957726-4bab-5b63-9d34-463ebabc3cbd	19	22
Ha molti amici.	You have many friends.	e4778d59-0502-5f9b-9c9b-d9f26ffe09e6	15	22
Lei ha molti amici.	You have many friends.	66c6f957-7679-5c9a-9cd8-b5aae48f5ce6	19	22
Avete molti amici.	You have many friends.	36b1b1e1-5c0a-5f97-80c9-b9585048e6d6	18	22
Voi avete molti amici.	You have many friends.	373a4f24-f5a8-5a8c-bda0-a4238d437c64	22	22
Hai molte amiche.	You have many friends.	e2156867-2642-5f05-979b-5652f702040a	17	22
Tu hai molte amiche.	You have many friends.	2d4b18e7-e8e7-57af-9633-6df4cc2f6132	20	22
Ha molte amiche.	You have many friends.	128ae65a-fb44-5ae3-9d3c-0c993d9ba8d5	16	22
Lei ha molte amiche.	You have many friends.	eb71d29e-3381-5d76-a3e3-dd51979603c9	20	22
Avete molte amiche.	You have many friends.	9ae79857-9aee-5c2b-aef2-aef461e00f8c	19	22
Voi avete molte amiche.	You have many friends.	51743cac-8a49-58f2-82f8-93bee261e188	23	22
L'America ti ama.	America loves you.	299ef7d5-3ef9-5509-a1a1-11e4e47e94a3	17	18
L'America vi ama.	America loves you.	0c61555a-3c49-5c45-92d5-5264b1e7d689	17	18
L'America l'ama.	America loves you.	39b547b7-7c30-515a-bccb-1d65ddf81792	16	18
L'America ha dei nemici.	America has enemies.	5ee92661-713f-5239-ab6f-0380cc59c9c5	24	20
L'America ha bisogno di te.	America needs you.	ca5d00db-6481-50bb-9a32-42064019076b	27	18
L'America ha bisogno di voi.	America needs you.	a3cf42a0-3bec-5e73-b20f-082da5f5534d	28	18
L'America ha bisogno di lei.	America needs you.	9d8ad185-ee58-5c20-a8a3-e40126b326f6	28	18
L'acqua era blu.	The water was blue.	998763b5-c76d-5fb1-b601-2f0e21fde339	16	19
Questa è una vecchia lettera.	This is an old letter.	701734b3-b24d-50fa-8919-7e8a94efd9bc	29	22
A lui piace molto l'inglese.	He likes English very much.	95b80ba9-87e3-5011-b5a3-198cbe09adff	28	27
Avrei dovuto chiederti il permesso?	Should I have asked your permission?	b027b833-0279-589c-a80a-4d668afc23e8	35	36
Avrei dovuto chiedervi il permesso?	Should I have asked your permission?	121c7ccb-062c-5a13-939c-6a33b05dbb38	35	36
Avrei dovuto chiederle il permesso?	Should I have asked your permission?	8a0acdd5-a47b-55f9-bcab-c17d2bbc8711	35	36
Ho appena ricevuto una chiamata dalla polizia.	I just got a call from the police.	b676ac94-8065-5de3-a6ee-a41b6348afa4	46	34
Io ho appena ricevuto una chiamata dalla polizia.	I just got a call from the police.	ea648424-9d97-58fa-9bef-675dc99521ea	49	34
Io non ho avuto problemi a trovare il suo ufficio.	I had no trouble finding his office.	b894e0ba-093d-56eb-a2ec-a16ee34103d1	50	36
Io non ebbi problemi a trovare il suo ufficio.	I had no trouble finding his office.	eca46627-e4e0-5b77-beea-ab4bdf9dfd88	46	36
Voglio visitare le rovine di Atene.	I want to visit the ruins of Athens.	ac84d306-dad6-59ed-a205-0214e6b2788c	35	36
Io voglio visitare le rovine di Atene.	I want to visit the ruins of Athens.	4fe3af35-39f1-557d-9f05-fb06c61146b6	38	36
Ci sono volute due ore per arrivare ad Atene.	It took us two hours to get to Athens.	2c32e4ac-2a09-51bd-aef6-002d85a8b3f6	45	38
Ci vollero due ore per arrivare ad Atene.	It took us two hours to get to Athens.	9e613aa6-11b7-549f-a92e-c49f3963201b	41	38
Non ti fidi dei tuoi istinti?	Don't you trust your instincts?	10a1e7a8-e146-5973-b7cf-7ef2a6734be4	29	31
Tu non ti fidi dei tuoi istinti?	Don't you trust your instincts?	a1d7611c-59f1-56ea-95a7-bad25cb23ac7	32	31
Non si fida dei suoi istinti?	Don't you trust your instincts?	64bfb3bf-b91b-5033-bd3c-5343d42fae93	29	31
Lei non si fida dei suoi istinti?	Don't you trust your instincts?	f9eba701-2f4e-5a22-b145-2128fe519eaf	33	31
Non vi fidate dei vostri istinti?	Don't you trust your instincts?	b5bf8406-987f-516e-9a5f-8cdc189b484e	33	31
Voi non vi fidate dei vostri istinti?	Don't you trust your instincts?	38668932-3322-5e22-97a7-17dffba654e9	37	31
C'è un uomo sulla porta.	There is a man at the door.	7d856b28-09ff-5e4a-b982-237310c8d915	24	27
Io non piaccio a questo cane.	I am not liked by this dog.	00943a13-2fdc-5e6c-8399-1feb26d3d6cd	29	27
Qualcuno è sulla porta.	Someone is at the door.	1deb1567-72f5-555b-98db-0191689d954a	23	23
C'è qualcuno sulla porta.	There's someone at the door.	bf5bd3b8-f8d4-5862-9b1e-682b504b777c	25	28
Dammi una tazza di caffè.	Get me a cup of coffee.	7c0acac4-efd3-5b35-81cb-a582a16d1920	25	23
Datemi una tazza di caffè.	Get me a cup of coffee.	b4e9a19c-4b4b-5e3f-a135-3da26aecc373	26	23
Mi dia una tazza di caffè.	Get me a cup of coffee.	7110b4ce-8e3d-5064-8f01-771432e1ec28	26	23
Sarò lì subito.	I will be there right now.	bec3b497-cb32-520e-bdf3-d77692d75de2	15	26
Mi devo fermare.	I have to stop.	7d64132f-6762-59b8-a8f1-0db1bf58f207	16	15
Non voglio essere coinvolto in ciò.	I don't want to get involved in this.	c9097b99-786d-5cc9-9a38-410b19f343fc	35	37
Io non voglio essere coinvolto in ciò.	I don't want to get involved in this.	6c40352c-013d-5771-aa60-58fe1df134ab	38	37
Non voglio essere coinvolta in ciò.	I don't want to get involved in this.	a3b1e43f-6128-55c6-8058-f1dfa880049b	35	37
Io non voglio essere coinvolta in ciò.	I don't want to get involved in this.	ac997fe9-31b0-5643-95ff-da3571fd8e3b	38	37
Quanto tempo hai intenzione di rimanere?	How long are you planning to stay?	2ea7f35e-2193-5b16-b2cd-b8701789b337	40	34
Quanto tempo hai intenzione di restare?	How long are you planning to stay?	06810072-59eb-5668-8427-735edfad3de8	39	34
Quanto tempo ha intenzione di rimanere?	How long are you planning to stay?	ac535a16-c618-5ac4-9931-0370a21437b7	39	34
Quanto tempo ha intenzione di restare?	How long are you planning to stay?	8770c829-f724-5f23-8ef7-ee3ec95e5369	38	34
Quanto tempo avete intenzione di rimanere?	How long are you planning to stay?	c576ee0e-6962-53a1-884c-2d3df9eb7503	42	34
Quanto tempo avete intenzione di restare?	How long are you planning to stay?	2a4d5486-abff-5900-900c-eca366a0fbe2	41	34
Smettila di essere così ridicolo!	Stop being so ridiculous!	d9d1b7b0-5659-530b-9073-70e22cc19c32	33	25
Smettila di essere così ridicola!	Stop being so ridiculous!	6dd1a50a-7f66-5c1c-96a4-5c62021873bf	33	25
La smetta di essere così ridicolo!	Stop being so ridiculous!	0c9cc6a0-94a4-5e04-acf5-f4e1a068b015	34	25
La smetta di essere così ridicola!	Stop being so ridiculous!	d12efe2d-7b23-5131-8e80-787820a4dd00	34	25
Smettetela di essere così ridicoli!	Stop being so ridiculous!	963fc0b8-e266-54df-8c43-308e3851be6f	35	25
Smettetela di essere così ridicole!	Stop being so ridiculous!	7360dc62-ef1a-5049-91eb-ff115426827f	35	25
Riesco a vedere Tom.	I can see Tom.	848d9792-8eea-5370-9b16-2eacbf2d5ad4	20	14
Io riesco a vedere Tom.	I can see Tom.	9c95d5ec-fb99-5201-9ee2-5bd94cda62f4	23	14
Posso vedere Tom.	I can see Tom.	bf90c660-9667-5f9c-bbaf-d808dc4d4dd4	17	14
Io posso vedere Tom.	I can see Tom.	cbd7a3cc-27c1-5600-afc8-032035c6206f	20	14
Temo che potrei essere in ritardo.	I'm afraid that I might be late.	5ba7dbe5-9453-57f4-aeb0-0e19e73592ca	34	32
Io temo che potrei essere in ritardo.	I'm afraid that I might be late.	aa14e428-41ac-55e6-8e4b-ed3b4199dc5a	37	32
So già il tuo segreto.	I already know your secret.	a8f2c6b4-680a-5463-be17-36eeb0634f71	22	27
Io so già il tuo segreto.	I already know your secret.	6137a744-ae5c-5460-8963-325e4e28f5bb	25	27
So già il suo segreto.	I already know your secret.	2db3806e-84c0-5f0a-9a4b-de77500c0715	22	27
Io so già il suo segreto.	I already know your secret.	bd1fe917-1439-5995-922b-149aa5f0c7e8	25	27
So già il vostro segreto.	I already know your secret.	1527618b-ada4-58ba-b97f-2c34e1722f8e	25	27
Io so già il vostro segreto.	I already know your secret.	f6a32d8a-e02a-5893-a1b5-a3de9693918d	28	27
Conosco già il tuo segreto.	I already know your secret.	9864dad2-994a-5a69-a6f4-f37514794699	27	27
Io conosco già il tuo segreto.	I already know your secret.	08f006ba-b806-545c-b8e8-0bcf6a93c058	30	27
Conosco già il suo segreto.	I already know your secret.	d9656d24-8ccf-5e0a-859a-a52935424556	27	27
Io conosco già il suo segreto.	I already know your secret.	0948a1a6-20a1-5436-ad6a-020bf3339061	30	27
Conosco già il vostro segreto.	I already know your secret.	6c780062-7b41-58d2-8c98-7919a704622d	30	27
Io conosco già il vostro segreto.	I already know your secret.	cc119443-06b0-5077-bfa3-254e344ba489	33	27
Secondo me la ragazza è svedese.	In my opinion, the girl is Swedish.	cc6913b2-5bc1-599b-b894-62371b1806ba	32	35
È stato Jack a rompere la finestra ieri.	It was Jack that broke the window yesterday.	67e2d5ec-b61b-5342-8b75-50b32c844b79	40	44
Tom non ha capito.	Tom didn't understand.	43b92f9f-b6b4-5125-980b-81c73cd54163	18	22
Tom non capì.	Tom didn't understand.	1a5b491c-334f-5007-8186-4d15e521797e	13	22
Tom non capiva.	Tom didn't understand.	c83562df-ef15-550c-babd-2c1faf4aad55	15	22
Tom non ha compreso.	Tom didn't understand.	00460648-26d5-5ec7-b256-e68667dac7ed	20	22
Tom non comprese.	Tom didn't understand.	cdfa253a-9fc5-5239-b8ff-56bf901242cd	17	22
Tom non comprendeva.	Tom didn't understand.	5e6d813e-3826-5668-9cf4-333dede183c4	20	22
Non ti porterò più a pescare.	I'm never taking you fishing again.	e9ad89d2-67b6-5cd1-abc0-72fa538a137f	29	35
Io non ti porterò più a pescare.	I'm never taking you fishing again.	7ea4be17-94e1-5344-b58b-d07838bc9ede	32	35
Non vi porterò più a pescare.	I'm never taking you fishing again.	c03dda26-52e4-5d35-b25a-803625e4557e	29	35
Io non vi porterò più a pescare.	I'm never taking you fishing again.	595f77f1-37b0-5a1f-9117-4aaaf12e3916	32	35
Non la porterò più a pescare.	I'm never taking you fishing again.	f9eb8395-d5d6-5340-b408-141d32ecab16	29	35
Io non la porterò più a pescare.	I'm never taking you fishing again.	166cc2a1-babd-5d55-99c8-d71c52957ca8	32	35
Ho bisogno di cambiare.	I need to change.	c4dfbbae-76ed-5540-90d8-823fac5790d7	23	17
Io ho bisogno di cambiare.	I need to change.	10bb4143-80e4-52c5-bffb-014555479213	26	17
L'ho vista raramente così calma.	I've rarely seen her so quiet.	74cab06a-6da6-5245-b4aa-e4a86e506038	32	30
Io l'ho vista raramente così calma.	I've rarely seen her so quiet.	ec6022cf-0299-5e0c-9383-34901979d803	35	30
Il Lussemburgo è un paese piccolo.	Luxembourg is a small country.	9cfa641f-191c-5b53-8ef5-ed3349ad507d	34	30
Sto lavorando troppo.	I'm working too much.	0a502dcd-0ee0-58d1-bbf3-e9543d7a3b3b	21	21
Io sto lavorando troppo.	I'm working too much.	670be50b-4027-54c4-88ec-5d9d52bca307	24	21
Sono stanco perché ho lavorato troppo.	I'm tired because I worked too much.	7161e8d9-4bcf-5c69-a7d6-6d0b054abf3b	38	36
Io sono stanco perché ho lavorato troppo.	I'm tired because I worked too much.	f8a10ab0-35e2-50b8-82c4-0c6633ce1120	41	36
Sono stanca perché ho lavorato troppo.	I'm tired because I worked too much.	774485aa-a572-55d9-b664-80cafccedf8a	38	36
Io sono stanca perché ho lavorato troppo.	I'm tired because I worked too much.	735ac6b2-0118-5eed-9409-6c228fba6ea7	41	36
Quell'uomo brutto ha una moglie bella.	That ugly man has a beautiful wife.	8456ba94-85d7-5ee3-a7a5-a9a11b1da4c7	38	35
Tom è vivo!	Tom is alive!	16c64bf6-b53f-54e5-90c4-4e79a1f3f2aa	11	13
Voglio andare a vivere in Lussemburgo!	I want to go and live in Luxembourg!	04bd3372-9a28-578a-af54-11af237459df	38	36
Questi pantaloni sono troppo larghi.	These trousers are too large.	998c2d02-8220-5cbc-ae91-87e8b3e82374	36	29
Vorrei un po' di gelato.	I'd like some ice cream.	79a04acf-4e63-5981-93b4-449ffba5b691	24	24
Io vorrei un po' di gelato.	I'd like some ice cream.	15fb001f-b5b3-56cb-9758-1efe1fdd489f	27	24
Mi piacerebbe un po' di gelato.	I'd like some ice cream.	14e6e508-a3bb-5267-a82e-bd5dd67d6880	31	24
A me piacerebbe un po' di gelato.	I'd like some ice cream.	d28f1d80-6719-58d0-825a-610b28700576	33	24
Questo bicchiere è sporco.	This glass is dirty.	66dae71a-2307-553a-b1da-3cadf0b41692	26	20
Questo vetro è sporco.	This glass is dirty.	d7934ecb-fde5-5d7c-99d0-e66d0545fa18	22	20
In Cina studiano anche l'esperanto.	In China they also study Esperanto.	d06d3c5c-2a98-50c6-b536-3ab0eaf6e2b1	35	35
Non aveva alcun desiderio di baciarla.	He had no desire to kiss her.	c1edcd90-59cb-5431-b5a7-220c6d4ba1b8	38	29
Lui non aveva alcun desiderio di baciarla.	He had no desire to kiss her.	17602c82-f3dd-53f2-9999-7ba86b3957d9	42	29
Solo mia madre mi capisce davvero.	Only my mother really understands me.	fd5fb60a-edfc-5364-ba6e-d827d77df9e1	34	37
Soltanto mia madre mi capisce davvero.	Only my mother really understands me.	d2ec9ba0-8f1c-5f74-8fa4-f8da0c1c6c9a	38	37
Soltanto mia madre mi capisce veramente.	Only my mother really understands me.	d5d2f045-0aaf-5064-9616-ef843ff78786	40	37
Solamente mia madre mi capisce davvero.	Only my mother really understands me.	98a7880a-e975-529c-99ef-31021497fcd2	39	37
Solamente mia madre mi capisce veramente.	Only my mother really understands me.	699c25b5-7342-5e86-9bf1-834c6d55bfbe	41	37
La multa dev'essere pagata in contanti.	The fine shall be paid in cash.	3a2c56ae-a0cb-55f2-8bba-8fb8e94fefa1	39	31
Voglio un'altra occasione.	I want another chance.	ef058d14-9753-5a00-85cf-b3338edd859f	26	22
Io voglio un'altra occasione.	I want another chance.	6e44f1cb-6956-5ffc-873f-adc176dee43a	29	22
Voglio un'altra possibilità.	I want another chance.	93191556-9297-52b0-be44-1eff244d8e9e	28	22
Io voglio un'altra possibilità.	I want another chance.	2859bc96-9d3c-5586-919f-d73cd27ed0dc	31	22
Voglio un'altra opportunità.	I want another chance.	efd5ced9-c378-5171-a358-b199411fbf0d	28	22
Io voglio un'altra opportunità.	I want another chance.	cfa38055-b2bc-5b37-9659-e912489097a8	31	22
Il signor Smith ora è in servizio.	Mr Smith is now on duty.	1a91ac92-9c94-5173-a844-d693a28a52d4	34	24
Il signor Smith adesso è in servizio.	Mr Smith is now on duty.	a825da24-512c-5587-9442-d21ec8a9b51a	37	24
Ho scoperto perché Tom è sempre in ritardo.	I've figured out why Tom is always late.	33994b93-7585-5c56-9400-3870b7086ce3	43	40
Io ho scoperto perché Tom è sempre in ritardo.	I've figured out why Tom is always late.	5903d8ab-7160-5ff1-bf72-7f2041beacd3	46	40
Tom è molto schizzinoso riguardo a ciò che mangia.	Tom is very particular about what he eats.	66ed16bc-0fe2-54a9-b13d-0ee77351ef30	50	42
Tom è schizzinoso riguardo a ciò che mangia.	Tom is particular about what he eats.	010012c5-66f9-590e-a843-2a58ac538748	44	37
Non volevo che Tom mi disturbasse.	I didn't want Tom to bother me.	38299b41-6f65-5cdb-be6c-bd67e465a9a3	34	31
Io non volevo che Tom mi disturbasse.	I didn't want Tom to bother me.	eb177939-7a35-5960-881e-7f94f169f95c	37	31
Questo è vero anche per te.	This is true of you, too.	a19819c4-3eac-5380-941b-61c269263646	27	25
Questo è vero anche per voi.	This is true of you, too.	de08e455-a2cd-5f50-b144-e51c72446402	28	25
Questo è vero anche per lei.	This is true of you, too.	9c5abdad-098f-5cc5-ae94-d4fef6d08b16	28	25
Avevo paura di prendere un raffreddore.	I was afraid of catching a cold.	232789dd-f50e-5122-a718-f5907a46e1a4	39	32
Io avevo paura di prendere un raffreddore.	I was afraid of catching a cold.	c1ad00d4-fbfa-5ab8-8a00-5622c5a4b40b	42	32
Temevo di prendere un raffreddore.	I was afraid of catching a cold.	5c41bd89-b5e0-593b-b1ab-64ae4b1138b1	34	32
Io temevo di prendere un raffreddore.	I was afraid of catching a cold.	f4863cf1-df5d-51dd-a7a1-892e24fbf693	37	32
Bisognava prendere una decisione.	A decision had to be made.	49c6c0bc-24ac-5048-b4af-bbedc05b8def	33	26
Stai zitto e siediti.	Shut up and sit down.	f92685d8-bc04-5aa2-bcb2-f805dd59119b	21	21
Stai zitta e siediti.	Shut up and sit down.	723f1a1e-3c81-5188-9ada-0748d1ae0920	21	21
Stia zitto e si sieda.	Shut up and sit down.	c3775dc9-0e1b-5c70-b6ac-60109f071abf	22	21
Stia zitta e si sieda.	Shut up and sit down.	604ae231-0dce-594b-a18e-dcba0ef83377	22	21
State zitti e sedetevi.	Shut up and sit down.	9b255250-4724-524e-acd5-f70f9d86a0a0	23	21
State zitte e sedetevi.	Shut up and sit down.	8a9530f2-74c1-5776-8cb6-85606c62afe2	23	21
Quindi?	So?	2f679e4f-49d8-586e-a270-e73cd9d4fe4a	7	3
C'è una condizione.	There's a condition.	d5c9156a-ea65-5d83-8425-724c85632280	19	20
Studia la storia americana.	He studies American history.	4dc14d77-0e98-5cde-97d3-8e83aa5f333d	27	28
Lui studia la storia americana.	He studies American history.	45d48369-27a3-5fdd-856d-bc54e90bb735	31	28
Tom dovrebbe partire.	Tom should get going.	3a24e70b-2715-5d6b-b61e-239050b79f70	21	21
Chi sa quand'è il compleanno di Hu Jintao?	Who knows Hu Jintao's birthday?	1f490173-6eef-5388-bdc9-52ba362de56a	42	31
Chi è che sa quand'è il compleanno di Hu Jintao?	Who knows Hu Jintao's birthday?	219467aa-3243-5fa3-a656-714ee5890995	48	31
Spero che Tom non lo rifaccia più.	I hope that Tom will never do that again.	852b58dd-2978-5bda-8b79-5b55cde3fc08	34	41
Io spero che Tom non lo rifaccia più.	I hope that Tom will never do that again.	2ac5819e-c531-5dd2-b27c-068b664fede7	37	41
Lui non mangia carne, vero?	He doesn't eat meat, does he?	002114df-b6b4-52e6-8227-7c732d645223	27	29
Sto facendo molti errori?	Am I making lots of mistakes?	310e8939-9867-5b30-a670-07e3b9cf9d20	25	29
Io sto facendo molti errori?	Am I making lots of mistakes?	45ecada5-831b-52d3-a3f5-db6f93ca5263	28	29
Abbiamo cenato in un ristorante.	We ate dinner at a restaurant.	fbe433de-d754-5023-8fb1-486d4d86a923	32	30
Noi abbiamo cenato in un ristorante.	We ate dinner at a restaurant.	1d3f911b-5702-5f37-b39a-e789d9b1d9ea	36	30
Cenammo in un ristorante.	We ate dinner at a restaurant.	6177d78b-5031-5206-bc0f-49a7aa1e7a6f	25	30
Noi cenammo in un ristorante.	We ate dinner at a restaurant.	633c58fc-943c-5426-9cb9-7699df83b643	29	30
Da quel che so, non è ancora arrivato.	As far as I know, he has not arrived yet.	2b17b0c5-4514-5e67-8cae-bbb0efb13291	38	41
Da quel che so, lui non è ancora arrivato.	As far as I know, he has not arrived yet.	a3064721-f61e-569b-a523-656a68d54f4b	42	41
Non c'erano segni di vita nella casa.	There was no sign of life in the house.	98f1540e-3fa2-5185-9e6b-165bf7b3de05	37	39
Non c'era alcun segno di vita nella casa.	There was no sign of life in the house.	10c08d97-8d4a-5310-bb92-343452cd10b5	41	39
Mio fratello chiude gli occhi quando beve.	My brother closes his eyes when he's drinking.	6f605f92-1b0d-5fcf-8173-cc2efa247ca4	42	46
Lei è scoppiata in lacrime.	She broke into tears.	6a35dd0f-31d0-5e7a-aa83-e8792efbb984	27	21
Scoppiò in lacrime.	She broke into tears.	95884391-cfe4-5712-9582-acd6b39633be	19	21
Lei scoppiò in lacrime.	She broke into tears.	bc7da1ce-6df3-5f03-82e9-88722abc79fd	23	21
Ho comprato una mezza dozzina d'uova.	I bought half a dozen eggs.	c7ae631d-7069-5988-b583-3140d6ed156b	37	27
Io ho comprato una mezza dozzina d'uova.	I bought half a dozen eggs.	a63c8dc1-4484-5ecb-95dc-5d86382b5ab7	40	27
Comprai una mezza dozzina d'uova.	I bought half a dozen eggs.	21ffbb77-383b-5062-b850-a8120b4e9af4	33	27
Io comprai una mezza dozzina d'uova.	I bought half a dozen eggs.	78c435cd-a048-5ecd-adb9-105082c3a06e	36	27
Sappiamo fare delle scarpe.	We can make shoes.	7cd6269a-a8f2-5cc2-8443-a62e0487a1f9	27	18
Noi sappiamo fare delle scarpe.	We can make shoes.	68d08188-56f2-5d72-8086-b2288ba8b8d9	31	18
Possiamo fare delle scarpe.	We can make shoes.	38a9fe59-e022-5998-b9ca-fa18b635aa39	27	18
Noi possiamo fare delle scarpe.	We can make shoes.	ed477ad7-560b-596f-9e2e-7609ce70c3a0	31	18
Riusciamo a fare delle scarpe.	We can make shoes.	d7863fab-ad94-5443-83eb-6463a33ea6a1	30	18
Noi riusciamo a fare delle scarpe.	We can make shoes.	1b8b484a-732a-598b-a002-d0b15df6b911	34	18
I tuoi genitori non sono venuti, vero?	Your parents didn't come, did they?	7286c7c6-8660-558a-a64f-160566f3c593	38	35
I suoi genitori non sono venuti, vero?	Your parents didn't come, did they?	dd57e36a-3ccc-5d3d-82d0-d9a1122e72a9	38	35
I vostri genitori non sono venuti, vero?	Your parents didn't come, did they?	d63e169d-7dda-5337-8ac6-f08b2986374a	40	35
Quand'è nata Lucia?	When was Lucia born?	d063c536-330f-5774-829a-925496ee3be2	19	20
Com'è la vita?	How's life?	f5032484-c47b-5a70-aaa9-e4c414591b43	14	11
Mio zio ritorna dall'America lunedì prossimo.	My uncle comes back from America next Monday.	03b774bb-69ad-542c-93c6-b2a1ae819fc1	45	45
Con chi sei andato in spiaggia?	Who did you go to the beach with?	706d1be1-1bc2-5bd7-8d30-c4740ffa6c9f	31	33
Con chi sei andata in spiaggia?	Who did you go to the beach with?	037dc928-0216-5e49-a7f2-26e3fb3bff18	31	33
Con chi è andato in spiaggia?	Who did you go to the beach with?	bb42867c-3d40-5bdd-acce-ebc2d54e1b1c	29	33
Con chi è andata in spiaggia?	Who did you go to the beach with?	75f2999c-64b7-5e5d-a921-e24ccf24271c	29	33
Con chi siete andati in spiaggia?	Who did you go to the beach with?	257534fe-e3eb-51b9-aadf-51b57e13c2dd	33	33
Con chi siete andate in spiaggia?	Who did you go to the beach with?	cb5a06d4-7e38-5175-9f24-1c753c85d541	33	33
Amo andare in spiaggia.	I love going to the beach.	64fb911a-86dc-5247-ab8c-ff11d04573ae	23	26
Io amo andare in spiaggia.	I love going to the beach.	be737b21-5059-5ea3-956c-454717279add	26	26
Il tè è veramente delizioso.	The tea is really delicious.	61622f96-9fc4-5629-8648-c797caea0728	28	28
Il tè è davvero delizioso.	The tea is really delicious.	a2ae2149-fe27-5c23-9c6a-127d63c3db9b	26	28
Non mi sono laureato.	I didn't graduate.	eac733fa-c40e-5071-b971-9f4886aaadbf	21	18
Io non mi sono laureato.	I didn't graduate.	8493c1db-ac6c-5ac4-abd1-9bbf9dfd7023	24	18
Non mi sono laureata.	I didn't graduate.	46add46c-78af-5eb8-b361-8b51b12f212d	21	18
Io non mi sono laureata.	I didn't graduate.	31ebd68e-3056-5cdf-8173-8de14059fcba	24	18
Non toccarmi ancora.	Don't touch me again.	df0f9c3f-7d79-521a-8666-113396b1eb27	20	21
Non toccarmi di nuovo.	Don't touch me again.	3ab009fd-ff91-588c-a1b3-23e67a487dff	22	21
Non mi tocchi ancora.	Don't touch me again.	0b1861ac-4b0c-5be9-9a62-73108227aed2	21	21
Non mi tocchi di nuovo.	Don't touch me again.	23dfe890-f51a-57d5-a1d7-f3c70f9c0efe	23	21
Non toccatemi ancora.	Don't touch me again.	f16b8541-4521-577b-930a-d7f1816a77e0	21	21
Non toccatemi di nuovo.	Don't touch me again.	a3d68a31-8204-5277-98b1-b90c4b41771b	23	21
Mi scusi, dov'è il reparto delle scarpe maschili?	Excuse me, but where is the men's shoe department?	43a451be-aadb-5f92-b7a8-a84b74e75339	49	50
Non riesco più a sopportare quel rumore.	I cannot stand that noise anymore.	a5c874da-5e21-5a59-8398-84f10e1e0c4a	40	34
Io non riesco più a sopportare quel rumore.	I cannot stand that noise anymore.	8e622e2d-ebae-5930-9092-f40b9f7adb2c	43	34
Non riesco più a sopportare il rumore.	I cannot put up with the noise any longer.	a98f046e-f768-509a-8e56-cc49997f0dd5	38	42
Io non riesco più a sopportare il rumore.	I cannot put up with the noise any longer.	89a11cdb-9dad-5658-ac5a-b29a64c10968	41	42
Perché sei ritornato dalla Germania?	Why did you come back from Germany?	e5b3d9df-30ae-5201-9978-a4e119026412	36	35
Perché sei ritornata dalla Germania?	Why did you come back from Germany?	781ca84c-59df-544a-b0b5-cdd089632c63	36	35
Perché è ritornato dalla Germania?	Why did you come back from Germany?	d2202b2d-8e8b-57a4-b184-8ff47f7c4ed0	34	35
Perché è ritornata dalla Germania?	Why did you come back from Germany?	46a2d910-698f-555f-83bb-2d789d0be6e5	34	35
Perché siete ritornati dalla Germania?	Why did you come back from Germany?	271460f0-e2d9-580c-b265-7cd12f9aa26a	38	35
Perché siete ritornate dalla Germania?	Why did you come back from Germany?	3030f5dc-ddb3-5341-b4bf-bbb938be2ca5	38	35
Mi dispiace. Non sono di queste parti.	I am sorry. I am not from here.	0dca5f03-ab20-501e-8d43-55125a0f34d0	38	31
Mi dispiace per te.	I am sorry for you.	e4f68a8f-dbe8-56be-abb6-9a57937e27a6	19	19
Mi dispiace per voi.	I am sorry for you.	5bb33581-1491-5219-8180-80c31b03bfe8	20	19
Mi dispiace per il suo errore.	I am sorry for his mistake.	21ddc071-ad2c-5bf1-bd56-33094a6cab64	30	27
A me dispiace per il suo errore.	I am sorry for his mistake.	65ae2f35-77c5-51d0-81e5-2c84b42b41b1	32	27
A me dispiace molto.	I am very sorry.	a96270d6-1ad0-5bd1-83b0-0f52e4ce553c	20	16
Volevo dirti quanto mi dispiace.	I wanted to tell you how sorry I am.	edbc1d4f-b844-5a78-9ab0-cae6780e5fd6	32	36
Io volevo dirti quanto mi dispiace.	I wanted to tell you how sorry I am.	d3be088c-6fda-52dc-99f8-ec9b9bed3db9	35	36
Volevo dirvi quanto mi dispiace.	I wanted to tell you how sorry I am.	c47e329f-3c9c-5060-8cb8-8ed8709ef736	32	36
Io volevo dirvi quanto mi dispiace.	I wanted to tell you how sorry I am.	893418ea-d281-5b88-9e06-cbf590db4d52	35	36
Volevo dirle quanto mi dispiace.	I wanted to tell you how sorry I am.	f25dbeda-593e-541d-b0a7-f555aaed074e	32	36
Io volevo dirle quanto mi dispiace.	I wanted to tell you how sorry I am.	8e040a6f-a305-51ba-9a17-4b6af6ada4ca	35	36
Me ne scuso.	I apologize for it.	19009332-36d4-599e-8c11-0ef19522f816	12	19
Io me ne scuso.	I apologize for it.	1831a222-b500-52b8-9e2f-340015c8b9bb	15	19
A me dispiace.	I'm sorry.	3a28b3cf-23b8-5541-b04d-0d71d7c62ac4	14	10
Scusami.	I'm sorry.	9e040548-bf63-5d82-9930-65a5161e56e9	8	10
Mi scusi.	I'm sorry.	68ff4c76-1e38-5616-871b-5cecfd851478	9	10
Scusa per l'altro giorno.	I'm sorry about the other day.	98bbb5da-11fb-5f01-9f17-0cd6e40dd82f	25	30
Tom è scoppiato a ridere.	Tom burst out laughing.	e1e5eef0-f1aa-5e68-aec4-9ae046c19ced	25	23
Tom scoppiò a ridere.	Tom burst out laughing.	c192a85e-9ab6-5c84-a451-91e93fa3d037	21	23
Vieni qui, John.	Come here, John.	d47c463e-e6aa-5f05-97e5-89ee88a32c47	16	16
Non ha avuto effetti su di lui.	It has had no effect on him.	2cfa0f2e-2420-5766-97f7-cc20e474066e	31	28
Non ha avuto alcun effetto su di lui.	It has had no effect on him.	1853acb5-bbea-512d-be44-0e3824bfff23	37	28
Cosa stai leggendo?	What are you reading?	99118d63-16d1-5d4b-b6d3-f0caa4933c28	19	21
Cosa sta leggendo?	What are you reading?	727de07b-fba3-507c-a887-32ee2ac3692c	18	21
Cosa state leggendo?	What are you reading?	14093696-908d-5f80-bd79-cf95b860911b	20	21
Con chi ci vai?	Who are you going with?	0ca86bf7-d7d7-577c-bc58-b8376c5c0aaf	15	23
Con chi ci va?	Who are you going with?	9e4db817-655a-57bf-8b79-70d287dfa45c	14	23
Con chi ci andate?	Who are you going with?	d494faa6-5fa7-5eda-b158-5783fef3d44c	18	23
Con chi ci andrà?	Who are you going with?	fb1270f6-2bbf-5409-b88f-77b8d1a289ee	17	23
Con chi ci andrai?	Who are you going with?	91059ee9-4b2b-5b23-a38d-174367b080b0	18	23
Con chi ci andrete?	Who are you going with?	f1847e17-2aed-52b5-872d-5e3338b4760a	19	23
Sei responsabile della morte del bambino.	You are responsible for the death of the child.	38393509-5718-5aba-9480-da6d117de4de	41	47
Tu sei responsabile della morte del bambino.	You are responsible for the death of the child.	065c2130-1bf3-5b18-8e39-057e7bdd34cc	44	47
È responsabile della morte del bambino.	You are responsible for the death of the child.	8cf2152b-9653-524e-be07-36c7b6aa926c	39	47
Lei è responsabile della morte del bambino.	You are responsible for the death of the child.	db7b5782-6a07-5a30-9727-97ace028e62d	43	47
Siete responsabili della morte del bambino.	You are responsible for the death of the child.	4ba4376f-78c4-5e4b-a2a7-8c8a1b164574	43	47
Voi siete responsabili della morte del bambino.	You are responsible for the death of the child.	d01d6eb1-6de3-5d2c-9aa9-2e5a28a37dd5	47	47
Avevo la stessa versione.	I had the same version.	a0189656-dc30-5cc4-8953-15ebaf949743	25	23
La macchina è stata rubata.	The car was stolen.	1419b0e1-edd0-5e23-aa38-c8a00f5d6c98	27	19
L'auto è stata rubata.	The car was stolen.	423be6f7-b5cc-5dcf-9a3e-c6670458be46	22	19
L'automobile è stata rubata.	The car was stolen.	def9bb70-51c6-5827-9b3e-4b198d4ffe26	28	19
La risposta è giusta.	The answer is right.	db874826-7160-5253-8c99-21cd504c5cde	21	20
Cos'ho appena guardato?	What did I just watch?	ef0b84a5-9605-5e78-b2f1-60921e0e0121	23	22
È scoppiato un incendio la scorsa notte.	A fire broke out last night.	c8fe9f25-b406-5c1e-a85f-9a5399950756	40	28
Questa frase è così difficile da dire.	This sentence is so hard to say.	b2e8d32b-a32b-5c86-89e4-8ed8964f1b1e	38	32
Sono nato l'anno in cui è finita la guerra.	I was born the year the war ended.	60d5da10-4460-5ced-8bdf-9e75167bd1cc	43	34
Io sono nato l'anno in cui è finita la guerra.	I was born the year the war ended.	47d3c959-0411-5d19-aab1-bd9b5fffc0a0	46	34
Sono nata l'anno in cui è finita la guerra.	I was born the year the war ended.	787773c9-b2d8-52c5-a1f1-9a57f40ff685	43	34
Io sono nata l'anno in cui è finita la guerra.	I was born the year the war ended.	07b888db-6456-5560-b738-742aaa849cdf	46	34
Hai dei figli?	Do you have any children?	f6e9a84a-d98b-5b88-8c9c-fd31c904353d	14	25
Tu hai dei figli?	Do you have any children?	80c68318-1f6a-5f41-ab4e-62c2fee8dc6a	17	25
Ha dei figli?	Do you have any children?	009f7086-7250-50cb-aca1-91721b222aad	13	25
Lei ha dei figli?	Do you have any children?	d6caf3f5-544b-5c18-953f-fc9fd1230d9e	17	25
Avete dei figli?	Do you have any children?	47467cbb-ca4d-5d79-a07f-fb1516ccb7c0	16	25
Voi avete dei figli?	Do you have any children?	692b8213-772d-5d7c-a1a6-4b69583918e6	20	25
Posso farti qualche altra domanda?	May I ask you some more questions?	1cff21d1-f0cc-5fb9-938e-5a5ad2af54c9	34	34
Posso farvi qualche altra domanda?	May I ask you some more questions?	2aa44ec9-03fe-5c5e-896f-7812335112cb	34	34
Posso farle qualche altra domanda?	May I ask you some more questions?	fd37cbd2-3a52-5185-9052-6b128a4f38e2	34	34
Solo Dio lo sa.	Only God knows.	a208007d-e080-5005-8e66-9c2d17bd02ab	15	15
Tom è un giocatore di cricket eccellente.	Tom is an excellent cricket player.	7ea15fd2-1a90-5c71-9539-ff215ac3fa80	41	35
La T-shirt costa dieci euro.	The T-shirt costs ten euros.	e4611178-c516-553e-99f8-b0f689a84e30	28	28
Non sembra felice.	He does not look happy.	e2afb6fd-d76b-51b9-aa84-19120ac93f0c	18	23
Lui non sembra felice.	He does not look happy.	830ba145-8cc9-5649-8397-2dfeca705d48	22	23
Lei non sembra felice.	She doesn't look happy.	4e4f9fd8-1e8f-5135-bae9-19fd190a7662	22	23
Non sembra felice di vedermi.	She doesn't look happy to see me.	5440d485-87c0-5f44-b817-912eb66ab1e5	29	33
Lei non sembra felice di vedermi.	She doesn't look happy to see me.	cd0469d2-19fc-5044-8634-28c42d742284	33	33
Non sembra felice di vederci.	She doesn't look happy to see us.	59f3ff28-5543-54b5-83c9-d16d26d5e2e4	29	33
Lei non sembra felice di vederci.	She doesn't look happy to see us.	d2141293-ce95-5975-8ad6-349d130141ce	33	33
Sono andati a Disney World.	They went to Disney World.	3d08839d-6acb-59a4-b348-66fa4481f27b	27	26
Loro sono andati a Disney World.	They went to Disney World.	33f54941-10e3-5a15-923a-87eecf34e7d3	32	26
Sono andate a Disney World.	They went to Disney World.	36adffd2-3a69-508e-b3e1-3447e8704e8a	27	26
Loro sono andate a Disney World.	They went to Disney World.	e60f764d-5e86-5b44-954a-69459d9a8b34	32	26
Andarono a Disney World.	They went to Disney World.	888238cb-2f53-52d5-9ad5-36d3e6676d0a	24	26
Loro andarono a Disney World.	They went to Disney World.	6b1dc85e-cd47-568f-92a0-c0cdfba1a69d	29	26
Qual è il suo film Disney preferito?	What's your favorite Disney movie?	6b0d91c3-213c-5502-b7b4-f5427814e71b	36	34
Qual è il vostro film Disney preferito?	What's your favorite Disney movie?	e96fea0e-10e4-5b82-b307-87528650e54b	39	34
Gli piace la Disney.	He likes Disney.	18ee5d0d-c2b5-5a59-80b6-dd94da35de3f	20	16
A lui piace la Disney.	He likes Disney.	7d8a9c2c-28d6-5dc0-b22c-02af09064101	22	16
Può S. Jobs riportare la magia alla Disney?	Can S. Jobs bring back the magic to Disney?	2b5350ae-1c91-57a8-bf9c-cea37f56757f	43	43
Qual è il tuo personaggio della Disney preferito?	Who's your favorite Disney character?	9bbf239b-f445-5e3b-99e6-613bb7dba4ac	49	37
Qual è il suo personaggio della Disney preferito?	Who's your favorite Disney character?	c267df57-8304-5b22-a1a5-9cfc2e3b1f44	49	37
Mi hai convinto.	You convinced me.	8841bee2-c565-5e90-871a-1b3918757c48	16	17
Mi hai convinta.	You convinced me.	5889294b-c41c-5ac0-bcb6-cb7dcf7fa017	16	17
Mi ha convinto.	You convinced me.	bd66339f-5eb2-5c50-bcaa-bc6a53576467	15	17
Mi ha convinta.	You convinced me.	ae298b05-8597-515d-b8bb-a54acaf8f130	15	17
Mi avete convinto.	You convinced me.	ba2513fd-af5b-5f8d-900c-db963254a94d	18	17
Mi avete convinta.	You convinced me.	a3280389-0871-52a5-882c-8c307ddff9ac	18	17
Potrei ordinarti di farlo.	I could order you to do that.	ff0633a7-3b89-5704-b0a9-0d08210043e9	26	29
Potrei ordinarvi di farlo.	I could order you to do that.	60a5d1cd-6954-5560-b5c1-3f9e7b2c2b2a	26	29
Potrei ordinarle di farlo.	I could order you to do that.	803ec787-0053-5a7f-abf3-33342bff8b00	26	29
Quanti gatti ci sono nel giardino?	How many cats are there in the garden?	8470cee6-6f05-5b6d-9f1b-dfefaea67992	34	38
Veniva trattato terribilmente.	He was treated terribly.	33ee95e5-753c-598c-94b1-45717f09ab4e	30	24
Lui veniva trattato terribilmente.	He was treated terribly.	72fafb44-ee10-55ee-8af0-a80c31f9bc82	34	24
Hai sentito tua sorella di recente?	Have you heard from your sister lately?	6eefdf89-38b7-56eb-b36e-309b0ffec950	35	39
Ha sentito sua sorella di recente?	Have you heard from your sister lately?	9d4d3b1d-9492-50f8-8c14-4e0f1ee878f3	34	39
Avete sentito vostra sorella di recente?	Have you heard from your sister lately?	c381abfb-3ecf-59a3-81c9-35252cf23748	40	39
Abito a Ribeirão Preto.	I live in Riberão Preto.	74704c03-8b06-5b7e-9a09-a10a9211df0f	23	24
Io abito a Ribeirão Preto.	I live in Riberão Preto.	b51af5fe-8498-502d-bd7c-4bf47f48ea8e	26	24
Vivo a Ribeirão Preto.	I live in Riberão Preto.	3ee3fa65-2e9a-5b88-b282-88792b222536	22	24
Io vivo a Ribeirão Preto.	I live in Riberão Preto.	e9fb1959-b532-51c1-8585-2aa841f5da44	25	24
Ero l'unico uomo.	I was the only man.	2702fe8e-322d-5473-8856-d1616ee59722	17	19
Io ero l'unico uomo.	I was the only man.	62f4b7ff-5e22-5797-892f-8bd5e0110e13	20	19
Probabilmente hai solo il raffreddore.	You probably just have a cold.	410eaab6-a429-5466-a3f2-4cb66773d0e8	38	30
Chi altri sanno che la tua casa è infestata?	Who else knows that your house is haunted?	f58b6aa6-a077-57e8-873a-4e2627b24af1	44	42
Chi altri sanno che la sua casa è infestata?	Who else knows that your house is haunted?	c3e004b0-0280-5acc-96e7-64de43f3ad53	44	42
Chi altri sanno che la vostra casa è infestata?	Who else knows that your house is haunted?	10418db9-57a5-5b94-b90f-5a38d7b9bc1b	47	42
Ovviamente io andrò.	Of course I will go.	40812152-29ec-5150-b362-64075d33fa03	20	20
Che donna egoista!	What a selfish woman!	81f5d5a5-e8a9-557f-99d7-9a0c963b216a	18	21
Il cavallo ha quattro piedi.	The horse has four feet.	77095bb5-1a6a-51fe-ac32-036f58ac2013	28	24
Ha salvato il bambino dalla casa in fiamme.	He rescued the child from the burning house.	51447007-aec7-5a8b-acec-938501ae0895	43	44
Lui ha salvato il bambino dalla casa in fiamme.	He rescued the child from the burning house.	75fd9001-7928-580d-a628-25ab7d5bb4a5	47	44
Salvò il bambino dalla casa in fiamme.	He rescued the child from the burning house.	77386772-fea5-5898-a316-b9c9976fa027	38	44
Lui salvò il bambino dalla casa in fiamme.	He rescued the child from the burning house.	1a9d3017-3701-5c38-a435-a73589a6fd92	42	44
Sei premuroso.	You're considerate.	695d4a94-e8bd-5cb4-b9cc-b7d3e2ce053d	14	19
Tu sei premuroso.	You're considerate.	3b45ae77-c4e0-57e5-86a8-543d77701d0a	17	19
Sei premurosa.	You're considerate.	2740df4f-6d7a-5eea-a4e2-9655562f8c6e	14	19
Tu sei premurosa.	You're considerate.	7949e918-784f-59f1-9996-5cbf4a5f7348	17	19
Siete premurosi.	You're considerate.	f393d1f6-a68b-524f-9297-43522ff8c5c4	16	19
Voi siete premurosi.	You're considerate.	56ad8cae-fe00-5b6b-992f-a34900de38d3	20	19
Siete premurose.	You're considerate.	322bbaee-5798-5fa3-92b4-8aad2c9c0051	16	19
Voi siete premurose.	You're considerate.	5c3833e6-7320-54b0-997d-f3e9904134e3	20	19
È premuroso.	You're considerate.	27318de4-3111-502d-be9b-b459512fde8e	12	19
Lei è premuroso.	You're considerate.	a75feed7-1879-5cfb-a121-8b5f7fc71a25	16	19
È premurosa.	You're considerate.	5b1ad559-67a2-5f9f-8115-506da23b1d7a	12	19
Lei è premurosa.	You're considerate.	cf572cf1-d905-5555-9421-86cff69dc03a	16	19
Aiutò suo marito nel suo lavoro.	She helped her husband with his work.	ca5cc646-88b7-5b55-8c10-3c9056edcdb0	32	37
Lei aiutò suo marito nel suo lavoro.	She helped her husband with his work.	3e2ed003-38f4-5478-a2c2-9a3ae6632bda	36	37
Ha aiutato suo marito nel suo lavoro.	She helped her husband with his work.	e8cd3932-008d-57a0-ad67-0b830ae51563	37	37
Lei ha aiutato suo marito nel suo lavoro.	She helped her husband with his work.	fd36aad5-46fe-5308-9d7f-7e546770ecb7	41	37
Bill ha non meno di sei dollari.	Bill has not less than six dollars.	0f352ccc-3c0c-5c97-a288-cbd54ada8995	32	35
Al momento non ho piani per viaggiare.	At the moment, I have no plans to travel.	eae4d837-e4a3-56fc-a403-517b684b0700	38	41
Al momento io non ho piani per viaggiare.	At the moment, I have no plans to travel.	5a32b16b-45b4-53a5-9f2c-e1302618c50d	41	41
Al momento non ho alcun piano per viaggiare.	At the moment, I have no plans to travel.	eeda6f4a-e0ce-5b1c-b1ab-a4ce94480576	44	41
Al momento io non ho alcun piano per viaggiare.	At the moment, I have no plans to travel.	9b27eafd-8244-52f5-96fc-54d08088af96	47	41
Questo fatto spiega la sua ignoranza.	This fact accounts for his ignorance.	2655380c-f199-5473-a3b2-fc4195be4286	37	37
Questo fatto giustifica la sua ignoranza.	This fact accounts for his ignorance.	4d347640-a5ca-5c67-be38-76f0cccaaf12	41	37
Ha parlato di pace.	He spoke about peace.	2bbb9334-55c9-5a96-a6bd-3af838f4f897	19	21
Lui ha parlato di pace.	He spoke about peace.	de4f464e-3f49-500b-beae-a76e00146215	23	21
Parlò di pace.	He spoke about peace.	389acc9e-6edd-546d-a93d-320ec7b49b56	14	21
Lui parlò di pace.	He spoke about peace.	28970219-402e-59cc-a0b1-83f32431217a	18	21
Non riesco a camminare perché ho la gamba rotta.	I can't walk because of my broken leg.	e5f55716-adc6-5c0e-b7ed-8edaeb9bb811	48	38
Non posso camminare perché ho la gamba rotta.	I can't walk because of my broken leg.	dbddd608-90df-5fab-b647-cd3df4271782	45	38
Io non posso camminare perché ho la gamba rotta.	I can't walk because of my broken leg.	04ea92be-1dbb-50c7-a01a-2224d33cbedf	48	38
Mamma, non c'è niente da mangiare.	Mom, there is nothing to eat.	acf41206-fdb7-5d0e-9613-e43c20ef62b6	34	29
Mamma, non c'è nulla da mangiare.	Mom, there is nothing to eat.	2dc49fd7-6510-575c-a537-55c8ce6c93d9	33	29
Ha già pranzato.	He has already had lunch.	3e2f9447-90dd-5ad4-a573-8ec354e79233	16	25
Lui ha già pranzato.	He has already had lunch.	8ddc0acf-3920-5858-bdb1-2df1787e8012	20	25
Voglio che lasci in pace la mia famiglia.	I want you to leave my family alone.	5cb36550-d511-5fc7-8363-8133af51f21c	41	36
Voglio che lasciate in pace la mia famiglia.	I want you to leave my family alone.	6bcf634f-7a82-5704-8c65-61378a843e08	44	36
Appartiene a me ora.	It belongs to me now.	401d995a-2dae-5701-b9d2-10780feb8b54	20	21
Appartiene a me adesso.	It belongs to me now.	295d01b0-586e-5196-a2df-2eb0f7acd6ca	23	21
Mi appartiene ora.	It belongs to me now.	358f01af-4002-5a0c-9b42-4e6a185d5d4e	18	21
Mi appartiene adesso.	It belongs to me now.	0621df93-74c0-53d4-97d9-be19719dacf9	21	21
È arrivata l'ora di alzarci.	The time has come for us to stand up.	a37bd6f9-2dbc-57bc-8d1e-37bf78c3bdd5	28	37
Lo farò domani.	I will do it tomorrow.	99fade18-83b3-55c1-beb5-0d14d9df6820	15	22
La farò domani.	I will do it tomorrow.	75f680ab-3da2-544a-9f30-1b9932174880	15	22
Vive nella porta accando alla nostra.	He lives next door to us.	a71222f7-81f8-5b8b-aa87-034c8f77068e	37	25
Lui vive nella porta accando alla nostra.	He lives next door to us.	48b6912d-8e92-50bf-a82e-18fbe9e58a01	41	25
Abita nella porta accando alla nostra.	He lives next door to us.	9316a0cc-cfc6-5501-9917-35ad4809f7e3	38	25
Lui abita nella porta accando alla nostra.	He lives next door to us.	efd1290c-66a9-56d6-94c7-b39df3fa900f	42	25
Il castello in rovina sta venendo restaurato ora.	The ruined castle is now under restoration.	b49d19ec-ad5d-53b3-b83c-f6bc8d0dce52	49	43
Vorrei presentarti ad alcuni dei miei amici.	I'd like to introduce you to some of my friends.	6dac17f4-082e-5785-959a-1e5779919542	44	48
Vorrei presentarvi ad alcuni dei miei amici.	I'd like to introduce you to some of my friends.	359d80df-d24c-505f-a680-816e06895499	44	48
Vorrei presentarla ad alcuni dei miei amici.	I'd like to introduce you to some of my friends.	c1b5f938-698f-59fb-8590-65a6b6118d37	44	48
Vorrei presentarti ad alcune delle mie amiche.	I'd like to introduce you to some of my friends.	30bdc168-284a-5195-9087-d46724336f81	46	48
Vorrei presentarvi ad alcune delle mie amiche.	I'd like to introduce you to some of my friends.	c1cc1432-f5f9-593e-926f-072fbeac4b11	46	48
Vorrei presentarla ad alcune delle mie amiche.	I'd like to introduce you to some of my friends.	9d3bf837-1377-51b3-95b2-8a7acfe7a4fd	46	48
Ti dispiacerebbe parlare più lentamente?	Would you mind speaking more slowly?	7453139e-b1ad-5db7-af69-9b9d9f6c1af7	40	36
Vi dispiacerebbe parlare più lentamente?	Would you mind speaking more slowly?	45f4c040-df63-5b57-8d04-d6545af1e347	40	36
Le dispiacerebbe parlare più lentamente?	Would you mind speaking more slowly?	c334c065-739c-5066-ab7d-cc3c81f5b46d	40	36
Ho chiesto a Tom cosa non andava.	I asked Tom what was wrong.	646c9b13-681d-5ff6-b090-268d61bb5c28	33	27
Io ho chiesto a Tom cosa non andava.	I asked Tom what was wrong.	1dbe3646-6156-56bd-b7b4-f03eb1f59edb	36	27
Chiesi a Tom cosa non andava.	I asked Tom what was wrong.	f7d722aa-8d18-5ed5-8590-5748d1e57407	29	27
Io chiesi a Tom cosa non andava.	I asked Tom what was wrong.	2477b954-60c7-5a5c-824e-9a46fc41cf30	32	27
Ti stavo aspettando.	I have been expecting you.	4a5c451c-d21c-52ff-a198-4decb21549b2	20	26
Vi stavo aspettando.	I have been expecting you.	11fed0e4-6a4f-53dd-90fd-ae3274aa4e02	20	26
La stavo aspettando.	I have been expecting you.	6222313a-b748-5368-a54b-c64138eb7f74	20	26
Chi è il tuo compagno di danza?	Who is your dance partner?	4ac2e964-b4e4-5799-9edf-eaafee7fe52b	31	26
Chi è il suo compagno di danza?	Who is your dance partner?	9c026f4a-83dd-5c72-8339-2a350fa0fe4f	31	26
Chi è la tua compagna di danza?	Who is your dance partner?	6ad73a14-28f3-5a51-94a0-c96784f01a64	31	26
Chi è la sua compagna di danza?	Who is your dance partner?	5cdea6a5-6519-5d0d-8283-027fc48c786a	31	26
I fratelli si odiano a vicenda.	The brothers hate each other.	564bd4c8-6074-5ecf-a636-35da0401795f	31	29
Ha qualche relazione con quel gruppo.	She has some relation to that group.	945a9193-ad02-5d8b-a875-f8807f28bebd	37	36
Lei ha qualche relazione con quel gruppo.	She has some relation to that group.	1f14d21d-e73c-5ef9-8549-ee1c976f7e71	41	36
Ha alcune relazioni con quel gruppo.	She has some relation to that group.	3fda29f9-1fba-59e8-aed5-74e8365ee44b	36	36
Lei ha alcune relazioni con quel gruppo.	She has some relation to that group.	d272cf02-b00d-5644-b6f2-86f0588be84b	40	36
Questa medicina rinnova la tua forza.	This medicine renews your strength.	64a386e5-6d25-5cf8-8254-c3c976da47d7	37	35
Questa medicina rinnova la sua forza.	This medicine renews your strength.	7a5e995f-70c2-53ba-80c9-a553db6243f3	37	35
Questa medicina rinnova la vostra forza.	This medicine renews your strength.	ef7d7ac2-6628-508e-9316-9ab999d63410	40	35
Vado a Nîmes domani.	I'm going to Nîmes tomorrow.	8347f314-d29f-5205-9e2c-30ddcf4508fb	20	28
Io vado a Nîmes domani.	I'm going to Nîmes tomorrow.	eaa7271c-30fa-5df3-ace1-b1e72d46ab19	23	28
Dov'è Nîmes?	Where is Nîmes?	8a619ef2-fd7c-511d-a2e3-eaf20f2370c4	12	15
Andrò a Nîmes domani.	I'm going to Nîmes tomorrow.	acd2ac63-459c-5fe2-a8fc-bbe2b9054527	21	28
Io andrò a Nîmes domani.	I'm going to Nîmes tomorrow.	28b43d66-276a-5c7b-a11f-6ca6aa178984	24	28
Hai un aspetto magnifico.	You look wonderful.	ad999973-0ca0-5f76-9add-6dd911af4bde	25	19
Tu hai un aspetto magnifico.	You look wonderful.	c931c070-6400-5eaf-9338-c7caee162d56	28	19
Ha un aspetto magnifico.	You look wonderful.	f71065ef-2820-5401-8734-160820d3e557	24	19
Lei ha un aspetto magnifico.	You look wonderful.	56ec65e0-ba6e-56ef-8a1e-234bf34b3949	28	19
Avete un aspetto magnifico.	You look wonderful.	ab494a7a-cd54-56bb-8c09-dc3d8031dbe6	27	19
Voi avete un aspetto magnifico.	You look wonderful.	ed32817a-cd1e-58bf-9fae-90df01857bda	31	19
L'avvocato stava aspettando Ben.	The lawyer was expecting Ben.	e51070b0-24bf-5d4c-9341-a63c9e5489ca	32	29
Fai come ti è stato detto.	Do as you are told.	1d0f2adc-8790-5ac1-91cf-2e851e2ef574	26	19
Fate come vi è stato detto.	Do as you are told.	ce6b28c2-4d62-5144-aea3-2f81ef753faf	27	19
Faccia come le è stato detto.	Do as you are told.	795935ea-d199-5095-befe-c7197305418d	29	19
Sembri perso.	You look lost.	aa23ba91-d4a2-52cc-9878-ade277863a49	13	14
Sembri persa.	You look lost.	6b4b5af5-5d23-58b2-86d6-492ed0c01306	13	14
Sembra perso.	You look lost.	f8b5c45a-e235-5fba-93e4-05b898c4623e	13	14
Sembra persa.	You look lost.	58df8cac-d05f-53d7-a00e-d715f17b6b03	13	14
Sembrate persi.	You look lost.	773cab85-2fa9-5c21-a575-c5e9cc30f8eb	15	14
Sembrate perse.	You look lost.	a0784100-65b6-584d-9159-f70f4b115c54	15	14
La conosci.	You know her.	049e6dbc-9729-5378-b3ba-354eb52c207a	11	13
Tu la conosci.	You know her.	46092732-dcec-556f-be8d-c0db11be8efb	14	13
La conosce.	You know her.	99b56594-7b44-5485-976d-8872f00e2b9a	11	13
Lei la conosce.	You know her.	bfcf2f13-4c0b-5508-aa68-4b300454c0e2	15	13
La conoscete.	You know her.	281ad233-bc57-5cbf-8b61-73e36522b5f4	13	13
Voi la conoscete.	You know her.	27e7172e-f046-52a0-928d-0021b4d00b03	17	13
Ora sono impegnato.	Now I am busy.	017b69f3-f941-599d-a22f-dc4728ea9b16	19	14
Ora sono impegnata.	Now I am busy.	f25977e1-da2e-56a7-b0b6-dee7e104b836	19	14
Adesso sono impegnata.	Now I am busy.	ec5c3605-1fa9-5f51-a759-8361dea5f376	22	14
Mia madre ama la musica.	My mother loves music.	e7ca4cd2-4b00-5df6-9717-1bc2a4ff9172	24	22
Non conosci Tom?	Don't you know Tom?	ae416686-35a4-56bf-96f6-7d5ad90e6b9d	16	19
Non conosce Tom?	Don't you know Tom?	5cfab8a0-3bd1-5c89-adf7-23206ddab5da	16	19
Non conoscete Tom?	Don't you know Tom?	3697a008-7e7b-538d-9c8a-25e3fcb5dc0e	18	19
Mayuko fece un sogno strano.	Mayuko dreamed a strange dream.	f1ea7775-569a-5d62-9933-0849111b01ac	28	31
Oltre ad essere economico, è divertente.	Besides being economical, it's fun.	77f4396a-0d7c-5258-a19b-6301c528e0a8	40	35
Oltre ad essere economica, è divertente.	Besides being economical, it's fun.	402cd7d8-918f-57ea-9b3a-088da4d5aab1	40	35
Sono molto serio.	I'm very serious.	eb79d062-cd6d-52a5-89ff-55e3f8119711	17	17
Io sono molto serio.	I'm very serious.	8e1e983d-3a0c-5975-827a-139e1cd6c260	20	17
Sono molto seria.	I'm very serious.	db2f8e59-a8d9-5d27-86c5-5e1cf964f007	17	17
Io sono molto seria.	I'm very serious.	314f3176-9ff4-52a3-818b-56083b8df13e	20	17
Ha ammesso di essere colpevole.	He admitted that he was guilty.	9535fc54-c9b0-5b9f-baac-a120f3cb0c0e	31	31
Lui ha ammesso di essere colpevole.	He admitted that he was guilty.	b8073e2b-f595-5050-9d4a-6cbc4ce6ea1f	35	31
Ammise di essere colpevole.	He admitted that he was guilty.	dca24274-4a68-58e9-b0c8-5545ddd26de5	27	31
Lui ammise di essere colpevole.	He admitted that he was guilty.	d3d0a61c-cfa0-59ce-843b-fa0636273a9b	31	31
Spero che venga confermata la condanna.	I hope the sentence will be confirmed.	879386f3-561f-5e9e-8504-ba937c8ccc63	39	38
Vaglielo a dire.	Go and tell him.	4974470f-890f-5afd-a021-b6a54e70684a	16	16
Oh, però quella è una questione noiosa!	Oh, but that is a mundane matter!	6222c82d-3d22-5825-866e-cc7e64e340ad	39	33
Oh, però quella è una questione banale!	Oh, but that is a mundane matter!	a2571b1f-ae61-5cfe-bf35-71ba335b2bc7	39	33
Oh, però quella è una questione mondana!	Oh, but that is a mundane matter!	a6c99046-8e55-5a93-966a-b4c1d8bf72fd	40	33
Il 7 è sempre stato il mio numero preferito.	Seven has always been my favorite number.	d88e4382-657a-5442-9287-f33cb67f74a8	44	41
Glielo vada a dire.	Go and tell him.	af79a298-c0db-5075-8c34-117904f59394	19	16
Andateglielo a dire.	Go and tell him.	ad730f18-faee-55fc-a8e5-b8ed56bcfbc5	20	16
Le banche hanno chiuso le loro porte.	Banks closed their doors.	5c6247ab-ca0c-5ab4-bc17-ebb527a92b68	37	25
Le banche chiusero le loro porte.	Banks closed their doors.	b0057af0-cd8f-5c82-bdfe-85fd57204ce7	33	25
Dov'è il suo portafoglio?	Where's your wallet?	6efcdc25-efe7-54b3-87da-4e2be24fefe2	25	20
Dov'è il vostro portafoglio?	Where's your wallet?	2a4d3fbd-a845-5cf1-89a5-989415f1b26d	28	20
Ci vuole del tempo per rilassarsi.	It takes time to relax.	524a9f65-bf21-5cdb-b6d5-556c613ef48c	34	23
Semplicemente non capisco.	I just don't understand.	32c152f8-d2f0-5ffe-ac0c-05109cb0690b	26	24
Non mi importa sul serio.	I really don't care.	667e0207-f0f8-5313-946b-ef8cd25b92f7	25	20
Mi sono dimenticata di chiederglielo.	I forgot to ask him.	0ae72364-02cc-5b2b-94e4-1b3fc9ae30c9	37	20
Mi sono scordato di chiederglielo.	I forgot to ask him.	41877727-7534-5eda-a9a3-0e6b7c5a84a4	34	20
Mi sono scordata di chiederglielo.	I forgot to ask him.	f30d643a-a395-57b9-80b9-9aa90f30af57	34	20
L'abbiamo visto tutti!	We all saw it!	26ef0e43-60fc-5b9f-9163-ca2007696d58	22	14
Ti sostengo.	I'm supporting you.	2d4f28a4-6131-541c-b74d-1bf6e2268540	12	19
Io ti sostengo.	I'm supporting you.	f62f946f-bb13-5f65-b968-a26bf252c6bf	15	19
Sediamoci all'ombra.	Let's sit in the shade.	0839103b-a833-59d3-a795-e2617da65e15	20	23
Vi sostengo.	I'm supporting you.	c6e9ea92-ee65-5e0b-8377-dab1a8dc5624	12	19
Io vi sostengo.	I'm supporting you.	c562778d-904b-5804-beb6-90fd961f534d	15	19
La sostengo.	I'm supporting you.	32fdddba-a436-5b2f-abb3-fa98427f35d0	12	19
Io la sostengo.	I'm supporting you.	71ecdb2e-26d7-5926-bd4c-745b18e48baf	15	19
Ti sto sostenendo.	I'm supporting you.	2865ece7-64c4-5acd-a467-1a7bb96fb14b	18	19
Io ti sto sostenendo.	I'm supporting you.	cb6441a0-8f14-5eb8-9704-2b8dae494208	21	19
Vi sto sostenendo.	I'm supporting you.	078455ce-ebfc-549c-8396-fed6e2e1f675	18	19
Io vi sto sostenendo.	I'm supporting you.	81723042-dff7-57a5-bf28-8b83debae48d	21	19
La sto sostenendo.	I'm supporting you.	d4929f01-de2e-5342-8bf4-bef6fddc9928	18	19
Io la sto sostenendo.	I'm supporting you.	a6a3f548-6597-5b4f-8b16-a0f1aa406071	21	19
Il soggetto è fuori dalla sua sfera.	The subject is out of his sphere.	e6f899bf-5702-5efd-aea7-d91caf9d6ae3	36	33
Il soggetto è fuori dal suo ambito.	The subject is out of his sphere.	b3e8e514-f629-575c-a57d-0ee69b9b373e	35	33
Non è lo stesso.	It's not the same.	b316b744-c777-5716-bdb9-ac710cd70214	16	18
Non è la stessa.	It's not the same.	02d71a34-9080-55b8-85fd-b12b14faf417	16	18
Farei lo stesso.	I would do the same.	25cb07bc-511e-5ca0-9f5f-10fd89c1154a	16	20
Io farei lo stesso.	I would do the same.	abda345a-60c6-51a9-8951-fef0fdec4bb8	19	20
Beh, qualcuno dovrà farlo.	Well, someone's gonna have to do it.	264b0236-d24b-5312-bef9-aa42dd922cb8	26	36
Non invecchiano mai.	They never get old.	8ef7dc26-a9ea-5c1a-ad0a-8936e30df042	20	19
Loro non invecchiano mai.	They never get old.	bfd1de8e-b19b-5b07-93ea-757cd4d58378	25	19
Gli offrirei una birra.	I would buy him a beer.	bf2f6aaf-5d76-5c94-ba6c-0e5bd8a790aa	23	23
Io gli offrirei una birra.	I would buy him a beer.	03084914-13e8-53a8-a46a-6ce301455475	26	23
Dagli le corna.	Give him the horns.	4d8e8b17-f24f-5e96-86a2-f79957b16641	15	19
Dategli le corna.	Give him the horns.	927f1b34-1fe6-50ae-95df-141e2021170c	17	19
Gli dia le corna.	Give him the horns.	b8092933-dc98-5f26-857d-feeb61dbe6b6	17	19
Fagli le corna.	Give him the horns.	1245bbc0-a01a-59f2-aca0-b0a6873ec6bf	15	19
Gli faccia le corna.	Give him the horns.	92ea4e3a-8385-58bf-978c-bf1f312dc7a8	20	19
Fategli le corna.	Give him the horns.	fdf2ba25-b30e-5083-8eed-423bc60ad692	17	19
Lo leccherei nell'orecchio.	I would lick him in the ear.	3b0243b9-18d6-5b95-88ce-3086362938e3	27	28
Io lo leccherei nell'orecchio.	I would lick him in the ear.	0d7c45b2-d11f-5046-9e4b-9b6aaaee785d	30	28
Offrigli una birra.	Buy him a beer.	828adbba-584b-5739-943e-bf20b695398d	19	15
Offritegli una birra.	Buy him a beer.	54632cd8-3a59-598c-b5de-51b158b01eb2	21	15
Gli offra una birra.	Buy him a beer.	b6c9f015-5710-57a5-8be5-31ce36632d43	20	15
Ha del legno.	He's got wood.	131b04b1-5715-5144-8578-0b8c1cb6e932	13	14
Lui ha del legno.	He's got wood.	e86bb8c6-8af3-5eaf-a2c5-bf9166906df3	17	14
Gli piacciono le crocchette di pollo.	He likes chicken nuggets.	b54180f4-9c80-5598-9905-ab8cfed6c556	37	25
A lui piacciono le crocchette di pollo.	He likes chicken nuggets.	960d5c21-b13d-51ce-912c-75c48cb28d80	39	25
Verrai con me, vero?	Come with me, will you?	b9c9261d-5155-53f5-9cba-f5f74ec6a5e1	20	23
Tu verrai con me, vero?	Come with me, will you?	bd99521c-2844-5a9f-998b-77cbe631215c	23	23
Verrà con me, vero?	Come with me, will you?	9e029eb9-e836-57bf-b955-44a9002ef6fb	19	23
Lei verrà con me, vero?	Come with me, will you?	36f864aa-5e5b-50ba-8dd7-9125ba1d6de1	23	23
Verrete con me, vero?	Come with me, will you?	37531655-dbe1-54f5-a8fe-8cf9101e5c81	21	23
Voi verrete con me, vero?	Come with me, will you?	4699ca52-e2d5-5ba3-a186-c13bf371ba8c	25	23
Questa medicina funziona bene.	This drug works well.	38e445ed-3482-5ebc-b841-f5fa44eb20e6	30	21
Tom ha guardato la pioggia di meteore.	Tom watched the meteor shower.	4a38e3f8-ddf0-5c2d-a547-66ef6c80fac7	38	30
Tom guardò la pioggia di meteore.	Tom watched the meteor shower.	a3d35a3f-70e7-5623-bccf-31530535c3a6	33	30
Dovresti smettere di bere.	You should stop drinking.	abcdde6e-4514-545c-8c27-c57905bf9b15	26	25
Dovreste smettere di bere.	You should stop drinking.	8c4a8426-4fec-52d8-9bf4-24c819a5bc76	26	25
Dovrebbe smettere di bere.	You should stop drinking.	51330363-deae-58dd-a7ae-5934cb217fd3	26	25
Ce l'hai un cane?	Do you have a dog?	60d7e66c-1a8c-53ca-9335-dd466e9d8b38	17	18
Tu ce l'hai un cane?	Do you have a dog?	7cab375d-2562-539a-a1fc-7898e708f6a6	20	18
Ce l'ha un cane?	Do you have a dog?	e119edf7-54c7-5153-b3e2-af87db0383bf	16	18
Lei ce l'ha un cane?	Do you have a dog?	677e479f-8bd1-57dc-8ba5-6bc2ab55ed86	20	18
Ce l'avete un cane?	Do you have a dog?	95f5b5b5-7173-5517-9a2f-98f5405c69e6	19	18
Voi ce l'avete un cane?	Do you have a dog?	31e0b8ba-d08d-5802-8bbb-feaa6755b06e	23	18
A volte sarò debole.	Sometimes I will be weak.	3ec99caa-3aeb-51be-b664-e319ff35bdf4	20	25
A volte io sarò debole.	Sometimes I will be weak.	c43e1c40-8df7-596b-a294-de39d6dc1cd7	23	25
Non ci sono luci.	There're no lights.	c29f8243-2aad-57c4-96ac-3e21ed9ceb60	17	19
Non c'è alcuna luce.	There're no lights.	72fb2eb4-2391-5aa0-8dcf-4f1cff8f84f6	20	19
Mi scuserò.	I'll apologize.	82692872-c416-59fd-b03f-9b6cc301be20	11	15
Io mi scuserò.	I'll apologize.	d2dc242e-37cd-57c6-a3d2-48d39441194d	14	15
Ci sono i miei ragazzi.	There're my kids.	bc7417f4-cb4f-5804-af65-a2726ebfa191	23	17
Là ci sono i miei ragazzi.	There're my kids.	6b0ddbfc-acb9-51b7-a5dd-ff6baeff06cc	26	17
Ci saranno dei guai.	There'll be trouble.	a5e7a76c-09a0-5714-908e-32b3aae4be44	20	20
Ci sarà altro.	There'll be more.	1960c1c2-eda9-5821-8e05-a99050b3f938	14	17
Ci sarà di più.	There'll be more.	35350688-f9b9-56e2-a0ff-6d8f43d41e06	15	17
C'erano dei sopravvissuti.	There were survivors.	71e5ef52-8133-5719-9b96-aa6106a3cebe	26	21
C'era qualcosa.	There was something.	2b2c8cf2-7a08-576a-a11f-8ebcb05d7634	15	20
Non c'era tempo.	There wasn't time.	ddb4145d-0743-51ee-b3c2-cbbc2fecc4d6	16	18
C'erano dei testimoni.	There were witnesses.	855cd73f-6187-5fe9-bc99-8a121feadc27	22	21
Non ci sono garanzie.	There're no guarantees.	8b9703cc-e4a5-550d-9af8-acaee83e967f	21	23
Non c'è alcuna garanzia.	There're no guarantees.	1ae3c0ca-9e87-5abe-8462-0341fff6b8a2	24	23
C'è una differenza.	There's a difference.	66d65ebd-6b10-5e80-a924-9cbb4b0fb307	19	21
C'è una falla.	There's a leak.	88ed7668-96bc-5d1f-af78-92db2ed1abb8	14	15
C'è uno specchio.	There's a mirror.	82b81ec4-c912-5232-ad77-5b52833cee3c	17	17
C'è un problema.	There's a problem.	cfab9e60-41fb-544a-9456-f1f0af874197	16	18
Ha non meno di cinquecento libri.	He has no fewer than five hundred books.	3c08b99c-bba7-5278-8ff6-19b8098b3f0d	33	40
Lui ha non meno di cinquecento libri.	He has no fewer than five hundred books.	9c9b1b13-352d-5fcc-9680-6ef49a436eea	37	40
Ecco come lo farei.	That's how I would do it.	d6017127-d9a9-5475-b1f2-2d2dfe17515e	19	25
Ecco come lo farei io.	That's how I would do it.	b041d0db-81bd-5fdf-9ed9-34034336b231	22	25
Ecco come la farei.	That's how I would do it.	cb297870-56d7-5484-877f-50717b9f3cc3	19	25
Ecco come la farei io.	That's how I would do it.	29163d7d-5a16-5a2e-9260-e4ea0c26500f	22	25
Il mio cervello sta esplodendo.	My brain is exploding.	795e8e13-bee5-52fa-883d-d799bfd8a42b	31	22
Non aveva l'abitudine di bere.	He didn't use to drink.	3d7c5096-8bc7-515f-af8a-c98300ee6c08	30	23
Lui non aveva l'abitudine di bere.	He didn't use to drink.	abf1f859-7106-59b7-a134-87ce2e7ee049	34	23
C'è un rischio.	There's a risk.	e689f253-c1e9-5edd-8496-3901eefb88b9	15	15
C'è un tavolo.	There's a table.	6ab659a2-86a3-5ce4-abe7-61d5bfb0bfa1	14	16
C'è un testimone.	There's a witness.	ef453dc0-f7f8-5e2c-9264-d77e3fb48883	17	18
C'è sempre della speranza.	There's always hope.	58c36e25-c52e-5c83-9cfb-25c0de00a41b	26	20
C'è sempre tempo.	There's always time.	ef84c6c1-22b9-57ad-b4c3-87b083ff2f8b	17	20
C'è un'altra opzione.	There's another option.	2184a1cf-e894-572a-8bd9-a66d68337fd0	21	23
C'è un'altra possibilità.	There's another possibility.	914bcffa-6456-533d-9743-a40ca89226eb	25	28
C'è un'altra ragione.	There's another reason.	c83ab8ff-6a80-525a-81d0-a1c93f510982	21	23
C'è del cibo gratis.	There's free food.	38b7cf22-e559-5f08-9e8e-61371d627a66	20	18
C'è la mia squadra.	There's my team.	862309c1-845a-5b11-b63c-269e9d82d4a0	19	16
Non ci sono scelte.	There's no choice.	4eda649e-5207-5af3-93fd-34c53d7770b6	19	18
Non c'è caffè.	There's no coffee.	1400df25-bd6c-57f4-b88d-7caec16916a9	14	18
Non ci sono cure.	There's no cure.	1a936d2a-82b4-5774-ac8c-50b15e3ca8c6	17	16
Non c'è alcuna cura.	There's no cure.	3bafee7b-f033-585f-9b7a-46c31ca5d2cd	20	16
Non ci sono differenze.	There's no difference.	e7918968-b4a7-5338-bcfc-2df9cdcb7d49	23	22
Non c'è alcuna differenza.	There's no difference.	67b01bf3-c58c-5aa7-9f0e-5a3c25c08a35	26	22
Non ci sono porte.	There's no door.	948c03f9-5aa3-5229-aa01-66ed362cbfb5	18	16
Non c'è alcuna porta.	There's no door.	e7304b6a-6edf-5b14-8a1a-fe54c918c0b7	21	16
Non ci sono ascensori.	There's no elevator.	db3d6369-b3e5-525d-a97c-b7007de86058	22	20
Non c'è alcun ascensore.	There's no elevator.	98d38a32-afbf-5d33-b093-b717be59459c	24	20
Non c'è alcuna via di fuga.	There's no escape.	3736be4e-6682-5eed-8394-e979d3a40d0f	27	18
Non ci sono vie di fuga.	There's no escape.	d7e1a0a5-1cf3-5ea2-bf78-9e8fdcff6555	24	18
Non c'è cibo.	There's no food.	670a631f-9161-5345-9130-9c122b38b185	13	16
Non c'è oro.	There's no gold.	46793784-6ba8-5092-92f2-75945e4cf76f	12	16
Non ci sono limiti.	There's no limit.	1eb01f7d-e49d-5fb6-baa6-712c8f2614d5	19	17
Non c'è alcun limite.	There's no limit.	b105c559-01fb-5472-b439-d0aba666b56a	21	17
Non ci sono problemi.	There's no problem.	dfec69e0-3687-59f2-8449-85447dca07db	21	19
Non c'è alcun problema.	There's no problem.	4a81e2c6-55ff-5d2e-9cb4-5358e9fa9b72	23	19
Non c'è alcuna prova.	There's no proof.	a5549fb2-4863-5078-b841-bf171024b0da	21	17
Non c'è tempo.	There's no time.	c8ab6813-3093-5fdd-a225-8fe510e74cf5	14	16
Non c'è alcuna urgenza.	There's no urgency.	30d7ffb4-90cd-5479-8547-72b4ca6b1860	23	19
Cosa ne dici di andare da un dottore?	What do you say to seeing a doctor?	aaf2f9d9-b953-5d0a-a745-6e6f2470a9d6	37	35
Quasi non arrivavamo in tempo in chiesa.	We almost didn't make it to the church on time.	b4ed9c27-1c81-5c88-b668-71e8abdf490e	40	47
Cosa ne dice di una birra?	What do you say to a beer?	bbc5f2d2-78fa-58f4-843a-f22dc17d79d6	26	26
Che ne dice di una birra?	What do you say to a beer?	fda239a3-b238-536c-b4de-dd2577f52c47	25	26
Che ne dici di una birra?	What do you say to a beer?	88126163-789d-58c0-8cdc-39aa8ce6df84	25	26
Che ne dite di una birra?	What do you say to a beer?	46e8d62a-c865-56fd-bbc6-33b14ffae203	25	26
Cosa ne dite di una birra?	What do you say to a beer?	9f232af4-46e8-540e-97d9-df94b8fe3ef4	26	26
A dire il vero, non mi piace.	To tell the truth, I don't like him.	52df394f-d35d-5c2b-8a11-6c3adccdf275	29	36
A dire il vero, lui non mi piace.	To tell the truth, I don't like him.	077029fe-d43a-521f-8e2d-b3f5667acb1e	33	36
Il treno è arrivato con dieci minuti di ritardo.	The train arrived ten minutes late.	8c97a1f8-ca7e-57fa-8249-1f20d87b3122	48	35
Il treno arrivò con dieci minuti di ritardo.	The train arrived ten minutes late.	24815bd1-00d3-5109-ac51-c621bcd4d363	44	35
È stato licenziato per aver rubato.	He was fired for stealing.	70bf7acf-3a61-5f0d-978d-3b8680b90c63	35	26
Lui è stato licenziato per aver rubato.	He was fired for stealing.	eab94599-8453-57ef-90fc-651734008f7a	39	26
Cosa ne dici?	What do you say?	8417c6ca-34cb-5494-bc20-1200b1001982	13	16
Che ne dici?	What do you say?	50e0eaec-0c29-51e4-8f82-489f2adba0f6	12	16
Cosa ne dice?	What do you say?	fb3a1194-5222-516b-847d-54f4aa8581b5	13	16
Che ne dice?	What do you say?	0cb56d63-ef99-5fa8-9545-9d4c3cc9a9e0	12	16
Cosa ne dite?	What do you say?	245da70b-a584-5d26-adc3-57b5b2c7990b	13	16
Che ne dite?	What do you say?	b0d5fd57-7c24-5af7-a5f3-63d4124c10ea	12	16
Mary è la ragazza di Tom.	Mary is Tom's girlfriend.	9a793d43-94f9-5fd5-b591-2191b3c2288f	25	25
Mary è la morosa di Tom.	Mary is Tom's girlfriend.	2bec9091-5892-523d-98c3-2e4bb68b57db	24	25
Devo consegnare il mio rapporto oggi.	I have to turn in my report today.	f3040b38-c9e8-59fa-bf5a-0acdf3bbd13b	37	34
Io devo consegnare il mio rapporto oggi.	I have to turn in my report today.	d281090e-e6d3-5d1e-a00f-211372c18407	40	34
Stammi dietro.	Stay behind me.	3fc0a1bd-e077-5c57-8902-ea5585019385	14	15
Statemi dietro.	Stay behind me.	48763e38-e81f-5d98-a828-7e2e25220020	15	15
Mi stia dietro.	Stay behind me.	c5b0c2ab-aea4-546d-99a7-1681b32b1028	15	15
Quella bandiera è molto carina.	That flag is very nice.	32bbb59b-1e11-5f45-8767-ef780ee06ea2	31	23
Quella bandiera è molto bella.	That flag is very beautiful.	92856cf6-91cb-54cf-aadb-e73a70a19335	30	28
È la loro unica scelta.	It is their only choice.	ef4ffce9-ea0e-53d0-a84f-d67feb15f41e	23	24
Penso che la mia valigia sia stata rubata.	I think my suitcase was stolen.	d14c4d72-a4b3-53bc-bc4c-1cfb7062e6d6	42	31
Io penso che la mia valigia sia stata rubata.	I think my suitcase was stolen.	af7e48b4-b1c5-530c-aaf1-8f7be97f23c8	45	31
Non mi piace questo tipo di barzelletta.	I don't like this kind of joke.	8a6589da-9a74-5a07-a039-c7f1a8687bb7	40	31
A me non piace questo tipo di barzelletta.	I don't like this kind of joke.	772f7d53-5aba-50fe-af51-b9d51587ddf9	42	31
Questi cavalli sono tuoi.	These horses are yours.	84b9e0d4-2d40-5bd0-a3e1-7b8b952aea91	25	23
Questi cavalli sono vostri.	These horses are yours.	91f52a36-5dfe-50f2-89d6-d24b3f8c8f83	27	23
Sono grande.	I'm big.	f070ee86-7a38-5d6e-9e7b-ee84dc98c554	12	8
Io sono grande.	I'm big.	aec61f7d-7089-544d-a8c8-7111557edf8b	15	8
Io voglio andare a vedere un film.	I want to go to see a movie.	bf848d28-0c26-5c54-a18a-c58fd95ad842	34	28
Io sono alto.	I am tall.	d324d7a1-cd2f-55f7-bb29-ab4c7e6165ba	13	10
Sono alta.	I am tall.	f589f245-f970-524b-9110-2474e7cef209	10	10
Io sono alta.	I am tall.	a723fdbe-5136-5a4b-b868-f6c64e797125	13	10
Sono grasso.	I'm fat.	76e81986-2636-501e-be7b-6eda7bac700d	12	8
Io sono grasso.	I'm fat.	b45657f0-3863-5864-af23-aa7ee49922b2	15	8
Sono grassa.	I'm fat.	8fd20865-e320-5f2c-88bd-03ca6a8190c8	12	8
Io sono grassa.	I'm fat.	d7d4c406-096f-5aea-9ce1-9cbb7beb13b0	15	8
Sto ingrassando!	I am getting fat!	9b4f7cff-916b-5bc5-83cf-f8709c05cf68	16	17
Io sto ingrassando!	I am getting fat!	654e92ca-7e1f-5986-ab95-5105cb37934d	19	17
Sono grasso?	Am I fat?	1cb84df0-e568-59a4-9d92-d47572b8fe2f	12	9
Io sono grasso?	Am I fat?	8869a0d6-c57c-5c8a-9583-340fa906b470	15	9
Sono grassa?	Am I fat?	e471cbae-d235-587b-b3ad-81231d73c92c	12	9
Io sono grassa?	Am I fat?	6002818f-b4e1-5f3d-968b-98f674d5cd38	15	9
Sto ingrassando perché mangio molti dolci.	I am getting fat because I eat a lot of sweets.	e84035e3-c18a-5abf-915d-53b8489333df	42	47
Io sto ingrassando perché mangio molti dolci.	I am getting fat because I eat a lot of sweets.	f2c09149-001f-5202-ad9c-42260de07062	45	47
Si adattò alla sua nuova vita.	He adapted himself to his new life.	0bcbe18a-d2d5-54f4-84cd-73f0fd3a918e	30	35
Lui si adattò alla sua nuova vita.	He adapted himself to his new life.	170ceae7-fe44-57aa-bf24-823bec41e73c	34	35
Si è adattato alla sua nuova vita.	He adapted himself to his new life.	88b8bdec-2ad7-596a-a5e6-397e16ba9cb8	34	35
Lui si è adattato alla sua nuova vita.	He adapted himself to his new life.	940acf5d-6fc5-58fd-97cd-83c04660536e	38	35
Perché è così stanca oggi?	Why are you so tired today?	11be84bf-fdb5-5d7c-9f00-2e7a4f75e46f	26	27
Perché sei così stanca oggi?	Why are you so tired today?	d345209c-b491-52a1-abcb-0f65d8419f94	28	27
Perché sei così stanco oggi?	Why are you so tired today?	5e4cdab0-af3e-5c65-8609-70e12641724f	28	27
Perché siete così stanchi oggi?	Why are you so tired today?	59702d1c-9c15-513d-b568-f64195372f54	31	27
Perché siete così stanche oggi?	Why are you so tired today?	667caa31-d2ca-5a4c-9efe-5668e4dc893f	31	27
Ci sono dei rischi.	There are risks.	258ccbf9-9ef4-5724-83d8-7ec2e1b7d981	19	16
Ci sono delle regole.	There are rules.	088f9ef8-6c49-5d74-b7de-5cc4798387a6	21	16
Ci sono delle similitudini.	There are similarities.	55a46695-72ff-5def-aa04-e601618aa6bd	27	23
Ci sono delle somiglianze.	There are similarities.	745b78d6-e5e3-5443-84a5-a0266c5ba286	26	23
La mia memoria è lenta.	My memory is slow.	acb878ac-cbcc-5ef8-ab4d-10b433efa1dc	23	18
Le tue figlie sono belle.	Your daughters are beautiful.	990b7c3b-abb2-5d6d-9997-9a662b18a8bb	25	29
Le sue figlie sono belle.	Your daughters are beautiful.	40c5fb8f-1aa3-5938-a909-485d68b44c6d	25	29
Le vostre figlie sono belle.	Your daughters are beautiful.	1983b7a5-7f2b-55f7-9933-2dc85ac7892a	28	29
Neanche le nostre dita si assomigliano.	Not even our fingers look alike.	cccfada8-80f1-5c98-bd33-eac141a10e20	39	32
Neanche le nostre dita delle mani si assomigliano.	Not even our fingers look alike.	d83d581b-3fab-59a5-a535-d3653c4af036	50	32
È l'unico modo per farlo.	That's the only way to do it.	936b186e-e55a-56e0-8e68-23a7068c7778	25	29
Quello è l'unico modo per farlo.	That's the only way to do it.	14c77a41-27fa-58a6-ad75-42faf871f7be	32	29
Chi ha fame?	Who's hungry?	6c4a6dd0-8a6c-5e07-be8b-966a8f1cb725	12	13
Chi è che ha fame?	Who's hungry?	b45a8ea0-7057-5e2e-b7ac-2d47709d87b5	18	13
Devo cancellare molti file dal mio computer.	I have to delete many files from my computer.	c98ca983-a112-50ff-abdd-d58f50476907	44	45
Io devo cancellare molti file dal mio computer.	I have to delete many files from my computer.	c9d404f9-5c9f-5660-8b15-c056d889bcec	47	45
Dovresti scrivere un libro!	You should write a book!	25c882bb-9e14-5165-9e1b-3e1333cd7437	27	24
Dovreste scrivere un libro!	You should write a book!	1259e91b-d0da-5153-86c6-a75422b70688	27	24
Dovrebbe scrivere un libro!	You should write a book!	708852a1-b7a9-5b83-afbb-443da6d963ce	27	24
Ciò si sta spingendo troppo in là.	This is going too far.	5d3a3ec3-46f8-5ac4-a257-72ef1300014a	34	22
Ecco dove sta il problema.	That's where the problem lies.	ff1d7179-ae2b-5b27-a211-73392bfa69d9	26	30
Ecco dov'è il problema.	That's where the problem is.	229dbc17-04f8-5927-837e-33cf0a6332b0	23	28
Ecco dov'è Tom.	That's where Tom is.	95287bde-4591-5088-ba66-7807dcf98692	15	20
Ecco dove sta Tom.	That's where Tom is.	56e1e086-9651-5bea-b726-5298a96437e3	18	20
È un discreto personaggio!	He's quite a character!	d2931174-6302-50df-9467-56a9b4cd3cb4	26	23
Lui è un discreto personaggio!	He's quite a character!	5c4d36d5-6a36-5496-b04c-8a28515b1b13	30	23
Cose del genere succedono tutte le volte.	Such things happen all the time.	9850a11c-ba81-5e7e-a35b-cdb3d0397d87	41	32
Cose del genere capitano tutte le volte.	Such things happen all the time.	92c90c89-acec-58e7-b53f-4fc4dd459d33	40	32
Lui è ubriaco.	He is drunk.	ba23617a-5e7b-5790-8551-6559aa36dd87	14	12
È davvero ubriaco.	He's really drunk.	17280219-8f4a-5a90-8561-ecb2e0aa4f94	18	18
Lui è davvero ubriaco.	He's really drunk.	b881e7a9-dc05-5324-89c2-831a5de7b592	22	18
È un po' ubriaco.	He's a bit drunk.	988f74b9-a6d6-5e5a-934b-34bb53229a5b	17	17
Se hai fame, allora mangia.	If you're hungry, then eat.	16b850b9-a06f-5114-ba3d-1f4bd8c0152b	27	27
Se ha fame, allora mangi.	If you're hungry, then eat.	656f0019-240e-585a-a745-a8945e12ad86	25	27
Se avete fame, allora mangiate.	If you're hungry, then eat.	8a49cba9-efea-5124-9558-d6f4bdf2c5f8	31	27
È troppo ubriaco.	He's too drunk.	eb6d7af6-49e4-5a1a-9dfd-c53870e1a975	17	15
Lui è troppo ubriaco.	He's too drunk.	c25d499c-5cdb-52cb-ad01-8778cb2cc575	21	15
Il bambino aveva paura di entrare nell'acqua.	The child was scared to get into the water.	c0b3b5a2-9228-5dac-831f-d074657f87e2	45	43
È completamente andato.	He's completely gone.	2ab7f46c-6331-5e90-80e2-e2da6210d19d	23	21
Lui è completamente andato.	He's completely gone.	d99c4fea-6af5-519a-9612-580a2daf266a	27	21
Ho paura.	I am afraid.	4988df19-e96d-585e-b6d2-bdcd5557488c	9	12
Io ho paura.	I am afraid.	e258a6a4-d85f-5eae-815f-1293be2e138c	12	12
Sono terrorizzato.	I'm scared.	a81ffef4-a322-5fed-a9ed-94c4234264e9	18	11
Io sono terrorizzato.	I'm scared.	327e691f-50dc-53a6-8334-f0bacb009a11	21	11
Sono terrorizzata.	I'm scared.	569ac34c-409c-554a-bf38-be0e8e7a27c0	18	11
Io sono terrorizzata.	I'm scared.	257ee12e-d444-56fc-a0cc-630cdc74ae56	21	11
Tutti loro non sono poveri.	All of them are not poor.	f6ab3806-8534-5825-90e7-b7ed12ec704a	27	25
Tutte loro non sono povere.	All of them are not poor.	1f01ff92-bdce-566f-967e-84b95a24240b	27	25
Ti ho già salvato la vita due volte.	I've already saved your life twice.	a4704b64-a18b-5769-84d9-95d05dc70407	36	35
Le ho già salvato la vita due volte.	I've already saved your life twice.	eaa0ba6a-d483-5919-97d7-04e3d3b6de63	36	35
Mangio.	I eat.	496e2482-1690-5222-bd39-c91a910f2b56	7	6
Io mangio.	I eat.	68d021a2-e565-5497-b4a5-31eb82497fc6	10	6
Io vorrei qualcosa da bere.	I'd like something to drink.	def3936d-8039-5087-917d-2021fafa066d	27	28
Io voglio qualcosa da bere.	I want something to drink.	7d1823b5-67a8-5173-becb-e3f72152adb9	27	26
Tom ha mandato a Mary una lettera di tre pagine.	Tom sent Mary a three-page letter.	e4749d96-5b4b-58a8-a798-1056843c5521	48	34
Tom mandò a Mary una lettera di tre pagine.	Tom sent Mary a three-page letter.	28620224-6c3f-5c03-b975-d54b0720d52c	43	34
L'arrivo del caos è inevitabile.	The coming of chaos is inevitable.	b5c9c363-3042-5586-9828-c1ab1e5741be	32	34
La venuta del caos è inevitabile.	The coming of chaos is inevitable.	cf3a3a80-5870-55c7-b4ae-52622e991bb8	33	34
Tom è il prossimo.	Tom is next.	1003523c-ccf9-56e1-916a-96f552423246	18	12
Siamo in estate, non in inverno.	We're in summer, not winter.	a6aecdbc-89a7-5a6a-8802-1f5a1d4218f2	32	28
Noi siamo in estate, non in inverno.	We're in summer, not winter.	bf59a7a3-c310-5c53-8cc8-6495ce4a5e7f	36	28
Dov'è la biglietteria?	Where is the ticket office?	7fb4b6a8-bdb5-5448-b6f3-64a5d101d7a6	22	27
Questo è l'ultimo treno.	This is the last train.	7ea7fa7b-dce4-5960-8b8c-46647f783d3a	24	23
Tom sta annuendo.	Tom is nodding.	79de33b6-6348-5d8d-bb26-f2f546e54805	17	15
Tom è stupefatto.	Tom is nonplussed.	c0712fdf-13c9-54b3-aa29-1375411b8089	17	18
Che delusione che sei!	What a disappointment you are!	6549858b-9056-571e-8d85-b0d2ad943bca	22	30
Tom è insensibile.	Tom is numb.	4884b1ad-722b-52b8-be2c-c7e08d6e098e	18	12
Tom è intorpidito.	Tom is numb.	403a750b-87d7-59c9-9dd1-8a55fcbd2ca0	18	12
Tom è inconsapevole.	Tom is oblivious.	b09ea2f1-bc71-5b02-ad87-08929792b180	20	17
Tom è ignaro.	Tom is oblivious.	40b05efd-f63b-55b3-b174-bede06d650a4	13	17
Tom sta osservando.	Tom is observing.	81cda558-12eb-507a-9d95-e43808fe4083	19	17
Tom è ossessivo.	Tom is obsessive.	0e1703b6-117d-5d3f-bfcf-ffbc1fa5a2e2	16	17
Tom è maniacale.	Tom is obsessive.	33f69142-bec3-547a-a058-4bca518b1290	16	17
Tom è ossessionato.	Tom is obsessive.	efdbae13-6634-54ff-94d4-c7dbca4f4f91	19	17
Tom è ossessionante.	Tom is obsessive.	f2145959-06e0-58cb-9d3d-63d529ca9277	20	17
Tom è occupato.	Tom is busy.	4dc5b971-1941-5af6-9c57-8258855aaf58	15	12
Tom è impegnato.	Tom is occupied.	be2917fc-7fa7-5027-a1cd-89940e6e6ef2	16	16
Tom è offensivo.	Tom is offensive.	57df30c1-45a5-5df9-af06-71b391cbc652	16	17
Tom è diretto.	Tom is outspoken.	18aee170-b107-5da3-b1a9-c6f1a0c39f86	14	17
Tom è franco.	Tom is outspoken.	d8d079f4-f158-5547-a18f-93b4a54e70c2	13	17
Tom è schietto.	Tom is outspoken.	913347cf-b566-5c15-bba3-036efeb85eca	15	17
Tom è eccezionale.	Tom is outstanding.	98cd100d-1e5c-51f5-91dc-902c76f8c37c	18	19
Tom è notevole.	Tom is outstanding.	353d1cab-1370-5559-98a6-e7b29e750e4c	15	19
Tom è pieno di gioia.	Tom is overjoyed.	a6a835ef-a30c-5d91-b808-494e2e34a980	21	17
Tom è felicissimo.	Tom is overjoyed.	08b79548-6d50-533e-8ac8-25368c9f190a	18	17
Tom sta camminando a passo regolare.	Tom is pacing.	42534dd8-1670-51ce-88d0-84a5f37362a2	36	14
Tom sta tinteggiando.	Tom is painting.	f18499ba-a141-55be-a8e5-662ece610340	21	16
Tom è pallido.	Tom is pale.	ba9711da-c031-5472-8d8f-40bad4567d13	14	12
Tom si sta lasciando prendere dal panico.	Tom is panicking.	1f74e3b8-eb53-5a21-af90-856c79a042b5	41	17
Tom è appassionato.	Tom is passionate.	786d3428-5b37-5157-94b0-f6f3fd266d20	19	18
Tom è ardente.	Tom is passionate.	df967c61-4d3a-58e5-a354-bf23523fd2a6	14	18
Tom è patetico.	Tom is pathetic.	37701925-e9f1-5d81-bbbd-2d060abf661d	15	16
Tom è perplesso.	Tom is perplexed.	61227d60-b54c-516a-9b86-24049b9ab7a9	16	17
Tom è perseverante.	Tom is persevering.	3b2cfe62-b2ec-5009-bc79-542ae542150e	19	19
Tom è fiducioso.	Tom is persevering.	cee88936-3151-5d2e-a0fc-4101c5cf2fb1	16	19
Tom è diligente.	Tom is persevering.	c7a3e80b-374b-552c-a2f8-e77537cc3465	16	19
Tom è stabile.	Tom is persevering.	38a12b58-70b3-5996-a9e8-b97f92c86404	14	19
Tom è sicuro.	Tom is persevering.	df0f37ef-c639-5c60-8af3-18d602edda50	13	19
Tom è piacevole.	Tom is personable.	e40eeef9-a215-5fcd-9053-7c040632cbec	16	18
Tom è gradevole.	Tom is personable.	70f2f7db-6ce3-5d09-b1f6-117da6b4cb77	16	18
Tom è sicuro che Mary ha ragione.	Tom is sure Mary is right.	904e9c7b-82e9-5b0b-9b97-919ada9386c4	33	26
Tom è sicuro di venire licenziato.	Tom is sure to be fired.	8fb932ec-519f-5880-a375-0910b54af2d4	34	24
Tom sta traspirando.	Tom is perspiring.	794a6fcf-726c-52af-a392-4e9436276a60	20	18
Tom è perverso.	Tom is perverse.	779cf413-98a7-5705-8079-3a7965295927	15	16
Tom è deviato.	Tom is perverse.	03418fd2-5463-52dd-95b7-e7342874668c	14	16
Tom è depravato.	Tom is perverse.	7ab3f6af-875c-5d64-a3c1-946dec51a0ff	16	16
Tom è lieto.	Tom is pleased.	f009f19d-9245-5e45-bf25-6a418f4424cf	12	15
Tom è soddisfatto.	Tom is pleased.	470b0910-7907-5d51-9849-ac2e60999430	18	15
Tom è compiaciuto.	Tom is pleased.	1104bcab-56b9-5123-b874-2ea2035b4e18	18	15
Tom è presuntuoso.	Tom is pompous.	fb09bc4b-6abc-55f9-8ec2-2c02d7c65098	18	15
Tom è tronfio.	Tom is pompous.	fd927e9a-cc40-5d42-b2ab-4db4b8c6298b	14	15
Tom è borioso.	Tom is pompous.	b5470eca-71b9-5a2d-8f8f-3811f506cbb2	14	15
Tom è pomposo.	Tom is pompous.	4759c6d7-b9e7-5234-a0a8-e0f8047cbf73	14	15
Tom è sfarzoso.	Tom is pompous.	9624f6bb-ece3-5456-9ca6-6e4c9e049a5a	15	15
Tom è altezzoso.	Tom is pompous.	1517149e-cea9-552d-8a50-af6c26eea091	16	15
Tom è solenne.	Tom is pompous.	5691cd02-3cf0-5dd9-b4ce-dc2137d58308	14	15
Tom è posseduto.	Tom is possessed.	1df4443b-322b-5a87-b1cb-cd57803f5171	16	17
Tom è possessivo.	Tom is possessive.	608876d1-6861-5ee9-8a98-6415d3ce3696	17	18
Tom è presente.	Tom is present.	66ed597b-6315-5463-850f-a4beaaf3d6ad	15	15
Tom è protettivo.	Tom is protective.	310e1ca2-b0ac-5111-852c-1a26f21fd043	17	18
Tom è interdetto.	Tom is puzzled.	d87ab124-cdf1-5a4c-99e8-4e860915dd34	17	15
Tom è radicale.	Tom is radical.	55744070-585f-54b3-8afe-ecc7d2b4b9fb	15	15
Tom è pronto.	Tom is ready.	5c382110-15d4-5fef-83b3-9d5fd56326bb	13	13
Tom si sta riprendendo.	Tom is recovering.	1e91a606-6190-5a6d-83e2-bb72671434ae	23	18
Tom sta guarendo.	Tom is recovering.	6005060b-7003-59e7-8b14-9ea16a00f1f5	17	18
Tom è ravveduto.	Tom is reformed.	c1b32c40-e7c6-56ce-8484-3aacd8e51a7e	16	16
Tom è riabilitato.	Tom is reformed.	90a1e11e-2b5a-5b82-a700-d09bc4ef801e	18	16
Tom è rammaricato.	Tom is regretful.	8bdab54b-2c6d-5348-a457-120f44216cb8	18	17
Tom è addolorato.	Tom is regretful.	b6d29cc3-b741-56de-abf3-a68267bdcc63	17	17
Tom è desolato.	Tom is regretful.	08ee7b19-bd91-5e6f-867e-96def11a6a3c	15	17
Tom è rincresciuto.	Tom is regretful.	a2ecf914-024c-5365-b6ff-5f20bc58f1ab	19	17
Tom è implacabile.	Tom is relentless.	17b3ab7d-9d25-5c5e-bcc1-0ebc03f1d4a0	18	18
Tom è sollevato.	Tom is relieved.	c0340349-f743-5726-ab44-58d6dffa2eb3	16	16
Tom è rincuorato.	Tom is relieved.	c5cff274-76fa-51ab-9500-7c7fa02e6a51	17	16
Tom è riluttante.	Tom is reluctant.	fb010b7f-21e9-5893-88c6-21cc5a73944a	17	17
Tom è contrito.	Tom is remorseful.	66c508f9-1c19-530b-bac4-74211136e8ab	15	18
Tom è tormentato dal rimorso.	Tom is remorseful.	1070d449-e124-5491-bfed-b72e4db2ccb9	29	18
Tom è rispettabile.	Tom is reputable.	9e463fc0-28c6-5b99-b3f9-82dc36af0754	19	17
Tom sta rassegnando le dimissioni.	Tom is resigning.	3b83f680-a8e5-5ecd-a04d-eac8057b8ebc	34	17
Tom si sta licenziando.	Tom is resigning.	bb4602d2-8257-53ac-8dad-feb52d52c78f	23	17
Tom si sta dimettendo.	Tom is resigning.	ff3c9807-cc2b-52ce-a6c4-ff470d2adfc9	22	17
Tom è risoluto.	Tom is resolute.	c6a32550-d966-5675-82f0-04651c114717	15	16
Tom è rispettoso.	Tom is respectful.	4f49bd85-6645-5abe-b634-5531626e4ad5	17	18
Tom è riposato.	Tom is rested.	de4d959b-a783-5a32-be01-0ee40b237e61	15	14
Devo uscire di qui.	I need to get out of here.	d9c18151-4f04-516d-abbc-edb630979d1a	19	26
Io devo uscire di qui.	I need to get out of here.	dfc8375b-e342-5351-b2e7-46a913cc0510	22	26
Ho bisogno di uscire di qui.	I need to get out of here.	748f5eee-9225-5c3b-86b5-deafcaecd286	28	26
Io ho bisogno di uscire di qui.	I need to get out of here.	9a7af58b-237d-51db-b90a-6a825cd1dd0d	31	26
È successo davvero.	It really happened.	b9e3ea9e-7ddd-54d5-b7f6-b34d5a69ae32	19	19
È successo veramente.	It really happened.	ffdd18ea-28d8-579d-b565-2768662b23f9	21	19
È successo veramente, vero?	It really happened, didn't it?	27d65380-ae53-577d-b116-70a7437ebd56	27	30
Sta succedendo davvero.	It's really happening.	54241c2b-1e98-5d77-93b4-25ff73d49de5	23	22
Sta succedendo veramente.	It's really happening.	acaddd28-0e5d-54d2-8537-513ef25eeb7a	25	22
Cosa vuole da noi Tom?	What does Tom want from us?	a71f7e54-9e57-54e1-a3bf-00e304c52d09	22	27
Che cosa vuole da noi Tom?	What does Tom want from us?	ebf80fc0-fee4-533b-987a-a5b9369aa356	26	27
Che vuole da noi Tom?	What does Tom want from us?	970c97e6-dea8-5ffe-823a-106e796fc312	21	27
Tom vuole sorprendere Mary.	Tom wants to surprise Mary.	f6ab05f0-aa56-54e3-9f14-8912c5cbea84	27	27
Tom vuole fare una sorpresa a Mary.	Tom wants to surprise Mary.	18e4256e-e496-5022-827d-2ccb4f4dbcd2	35	27
Smettere di trovare colpa con me!	Quit finding fault with me!	25cb8c44-e47f-5383-83ce-737c7a455709	33	27
Egli trova sempre colpa con me!	He always finds fault with me!	d3f1b7b5-debf-5c25-8590-fb6cbdb04792	31	30
Per piacere, smettila di trovarmi degli errori!	Please quit finding fault with me!	3510d15e-21ac-544a-9bdd-24e2dd9ddf7b	47	34
Io sono a Parigi.	I am in Paris.	3b4923e3-d5ff-5bdf-af6e-4c29111a915a	17	14
Andrò a Parigi in autunno.	I'm going to Paris in the fall.	c53efb66-683a-513e-8c0b-da11cd5a0d85	26	31
Io andrò a Parigi in autunno.	I'm going to Paris in the fall.	5c4cc9db-4bd4-5611-9356-cf88ccbbcab8	29	31
Mi ha fatto un inchino educato.	She made a polite bow to me.	2a266694-6aa6-5af1-9e7b-b3c381fc19c9	31	28
Lei mi ha fatto un inchino educato.	She made a polite bow to me.	0c680d48-e1a3-5e8c-96b4-c9c4e715d3e5	35	28
Mi fece un inchino educato.	She made a polite bow to me.	cd7acc79-1902-5a8c-9a72-ef9cb9862205	27	28
Lei mi fece un inchino educato.	She made a polite bow to me.	4ca8eae4-1fe6-53df-a46b-9d47795921a0	31	28
Non le piace questo gioco.	She doesn't like this game.	2424d8c4-7993-5882-b9de-e71f0439a9e0	26	27
A lei non piace questo gioco.	She doesn't like this game.	e4d94139-f59d-5755-bcd9-1ff3b5027dac	29	27
Non le è piaciuto questo gioco.	She didn't like this game.	1be08644-eb87-5a72-b562-97455e085d0c	31	26
A lei non è piaciuto questo gioco.	She didn't like this game.	be9d4f30-dee4-5a09-88b5-03351b0d577a	34	26
Quando ti sei alzato?	When did you get up?	039e6981-a867-571a-a538-a868f2ebe7f5	21	20
Quando ti sei alzata?	When did you get up?	937ce7fb-ec52-5e6f-b681-ba5b57ceaa1e	21	20
Quando si è alzato?	When did you get up?	17b24386-69db-5726-952c-af62fc945077	19	20
Quando si è alzata?	When did you get up?	fe72ce1e-4de6-5e21-a347-bc12d1afca6f	19	20
Quando vi siete alzati?	When did you get up?	056ce57c-e94c-5acf-af47-eecb67305daf	23	20
Quando vi siete alzate?	When did you get up?	ae84559c-a44f-55d6-b950-aff86a6990e5	23	20
Ecco il mio cuore.	Here is my heart.	ca2be5ad-8d69-521f-a2d6-1a04505c2e88	18	17
Ho molte idee.	I have a lot of ideas.	61112917-2586-5e0e-8615-62b1bce1a599	14	22
Io ho molte idee.	I have a lot of ideas.	cc2ed1c4-adb5-5dbe-9b99-128ceab8ac58	17	22
Sono a Boston.	I'm in Boston.	a1273fed-bc3c-5c31-8a96-024a731ce6b9	14	14
Io sono a Boston.	I'm in Boston.	775b58e6-e7cb-5dd9-b17c-cacffb34cbc5	17	14
Abbiamo corso 10 kilometri.	We ran for 10 kilometers.	cc96761d-6f92-5ea8-a5a6-5c283816e6f5	27	25
Noi abbiamo corso 10 kilometri.	We ran for 10 kilometers.	6f6544a1-c421-5961-8ed9-b6f11cb00084	31	25
Abbiamo corso 10 chilometri.	We ran for 10 kilometers.	27a97330-cce8-522c-a2e0-51f220c2704f	28	25
Noi abbiamo corso 10 chilometri.	We ran for 10 kilometers.	c21fcd0f-9640-5b98-8215-8b3e9f9f64f5	32	25
Non era una pianista molto brava.	She was not a very good pianist.	75e9d426-b80e-50a3-b43a-fcabb0fee0dc	33	32
Lei non era una pianista molto brava.	She was not a very good pianist.	1be1e380-d48b-54ad-a43d-59d9a7fe6a62	37	32
Sono semplicemente fortunato.	I'm just lucky.	1c01d769-398b-5280-9bb3-6a52290dbcd7	29	15
Io sono semplicemente fortunato.	I'm just lucky.	13ff04cb-78e7-505f-be60-44b94a47d32b	32	15
Sono semplicemente fortunata.	I'm just lucky.	cc0b3e4e-71b6-599a-94af-6928d5355e95	29	15
Io sono semplicemente fortunata.	I'm just lucky.	f98e358c-63e5-5fb5-a6af-67b65192a1fb	32	15
Ciò che dice non ha alcun senso.	What he says makes no sense at all.	8aef05ff-c99f-54f7-9e04-e9defc721a35	32	35
Ha supposto che io fossi un dottore.	She supposed me to be a doctor.	34414408-fdd5-56d5-97c1-844be441d214	36	31
Lei ha supposto che io fossi un dottore.	She supposed me to be a doctor.	1b5ba101-495b-50c9-a416-4619f299049a	40	31
Suppose che io fossi un dottore.	She supposed me to be a doctor.	7dcdaa48-cc8a-55dd-b81a-4431b10b500c	32	31
Lei suppose che io fossi un dottore.	She supposed me to be a doctor.	0beaf937-e730-56d8-9ef8-aa888931bacf	36	31
Sembrava che non ci fosse nessuno nel villaggio.	It seemed that no one was in the village.	ca4b0f1a-bfe2-5387-b7d6-84ea1cd70757	48	41
Sembrava non ci fosse nessuno nel villaggio.	It seemed that no one was in the village.	ca0712b3-5a9b-5bc4-bb5d-09964e46471e	44	41
Non andare nella mia stanza.	Don't go in my room.	8e7e3ae7-1d77-56e3-a8d4-fab23d2e4500	28	20
Non andare nella mia camera.	Don't go in my room.	5de1952a-0127-5edc-9f30-c1ed0a46df7f	28	20
Non andate nella mia stanza.	Don't go in my room.	58b1dbbf-5992-5dc0-9946-5978591286ca	28	20
Non andate nella mia camera.	Don't go in my room.	568b778e-ba95-5cbf-8b2b-13acd1431536	28	20
Non vada nella mia stanza.	Don't go in my room.	c31162f8-55ca-5a0b-a23a-da937efc3faf	26	20
Non vada nella mia camera.	Don't go in my room.	9452d98e-140a-5a0e-8984-f360fd40b6d8	26	20
Questa sedia dev'essere riparata.	This chair needs to be fixed.	781117f7-3a7b-57c0-8a76-3d4d99e3afda	33	29
Questa sedia ha bisogno di essere riparata.	This chair needs to be fixed.	77200752-d740-5918-8e37-c09de2f8e5b6	43	29
È buona.	She's good.	b4f4b67a-6117-502f-9490-dcbf3c5614bd	8	11
Lei è buona.	She's good.	03467b3e-f8fd-51b2-a874-99684d2b8817	12	11
È brava.	She's good.	7fe84581-1ddf-56c3-a281-380742967207	8	11
Lei è brava.	She's good.	656913f6-b8e8-5dbb-bf81-75d95769f1ac	12	11
Lui è bravo e coerente.	He is good and coherent.	af955029-805f-5233-8c59-8a82595e5f88	23	24
Guarda! Il treno è arrivato!	Look! The train has arrived!	c485879b-0125-5ada-a7a9-ef2a0561d11d	28	28
Guardate! Il treno è arrivato!	Look! The train has arrived!	ca9cefb3-6bad-5072-b39a-26ff151b413d	30	28
Guardi! Il treno è arrivato!	Look! The train has arrived!	ddb5667b-a4f7-57ce-9b98-12cc3b3ac9e4	28	28
L'hanno licenziato.	They've fired him.	1e779d4b-9abf-50b2-8b4b-7692eab5b0d3	19	18
Loro l'hanno licenziato.	They've fired him.	0aa04721-d51d-5bcc-a3ee-a9ab7f3bd229	24	18
Serve una chiave per aprire la scatola.	You need a key to open the box.	bbbccab3-2bfa-5771-bded-66177606197e	39	31
Serve una chiave per aprire la cassa.	You need a key to open the box.	1989a516-64e1-59fb-aaf4-d741e1478b1d	37	31
La casa sul lago è la mia.	The house by the lake is mine.	29c2989b-0dba-588b-aac7-debf82e2d0a6	26	30
Ha comprato anche il dizionario.	She also bought the dictionary.	2e6fce1a-95c2-546d-9603-1f4463bde279	32	31
Lei ha comprato anche il dizionario.	She also bought the dictionary.	57224100-ebd8-5cb0-8bd0-dfb95fc16460	36	31
Anche lei ha comprato il dizionario.	She bought the dictionary, too.	12606f42-84d0-59a4-9056-21eaa006d4e9	36	31
Sto ordinando della pizza.	I'm ordering pizza.	d3259a8a-64e2-5694-995e-42f732751c95	26	19
Io sto ordinando della pizza.	I'm ordering pizza.	d2adc293-3086-55b1-bedd-77255c302bff	29	19
Stavo lavorando sotto la neve.	I was working under snow.	fe386bbb-468c-5b93-92c9-c7823950919b	30	25
Io stavo lavorando sotto la neve.	I was working under snow.	0046c4cf-4e8a-5347-b510-a181cd69a052	33	25
Stava lavorando sotto la neve.	He was working under the snow.	428b1178-9fbb-5798-97c9-cbd748c558da	30	30
Lui stava lavorando sotto la neve.	He was working under the snow.	e37cffec-29f6-541b-9b98-ea5a1beebe83	34	30
Sono il nemico di nessuno.	I am nobody's enemy.	7af5d472-aa07-585b-941f-f290a4cd4197	26	20
Io sono il nemico di nessuno.	I am nobody's enemy.	0b4d47c3-1b74-5460-8322-af58b54222da	29	20
Sono la nemica di nessuno.	I am nobody's enemy.	a1c26638-ab23-5deb-8a6f-f2ae7d898cce	26	20
Io sono la nemica di nessuno.	I am nobody's enemy.	d23bcbb2-48d6-5e92-876c-0f3f54e3600f	29	20
Si è perso mentre stava passeggiando per i boschi.	He got lost in the course of walking in the woods.	2d94aa77-56dc-57f8-a7d2-0c34d4e8c19f	50	50
Si perse mentre stava passeggiando per i boschi.	He got lost in the course of walking in the woods.	28d726d0-b0c2-5242-baca-51b964b1e9a8	48	50
Non ho ordinato questo.	I didn't order this.	a3e3bc0a-5361-5a01-908c-2a8e441ba7c0	23	20
Io non ho ordinato questo.	I didn't order this.	8cbb4d72-37c6-5c00-a958-8983b4292b2c	26	20
Non ho ordinato questa.	I didn't order this.	257fe66d-31ec-5acc-bf68-0693e02f45ce	23	20
Io non ho ordinato questa.	I didn't order this.	ed872ccb-4c2d-5bea-ab93-9a4eb7329ab6	26	20
Il cognome di Tom non è facile da pronunciare.	Tom's last name isn't easy to pronounce.	9cbc4bf4-120d-588a-90d6-1b45b3961f8a	46	40
Gli uccelli stanno volando vicino alla gente.	The birds are flying near the people.	adcd3e9c-e6dc-54f1-977a-59ab80bd361e	45	37
Gli uccelli stanno volando vicino alle persone.	The birds are flying near the people.	0f51d65f-0677-5369-a174-0e99d74b517d	47	37
È rimasto fedele alla sua promessa.	He stuck to his promise.	07208123-319d-5a67-8bc0-28bdcaa40c57	35	24
Lui è rimasto fedele alla sua promessa.	He stuck to his promise.	9d1fe735-da7f-5ee1-b503-125ba47f34a5	39	24
Rimase fedele alla sua promessa.	He stuck to his promise.	471a8cfd-827c-5534-b1e1-e99a75104276	32	24
Lui rimase fedele alla sua promessa.	He stuck to his promise.	1a185b89-72db-52d3-8b66-3c795af5b462	36	24
Lui è stato fedele alla sua promessa.	He stuck to his promise.	11b9a7e5-074e-510d-8cb3-d2d715769e6a	37	24
Non ti incolpo per averlo colpito.	I didn't blame you for hitting him.	c95fa4b4-2588-5543-8f82-7fe53919e380	34	35
Io non ti incolpo per averlo colpito.	I didn't blame you for hitting him.	ad18fa9d-b64b-5d59-a8df-26574229bb49	37	35
Non vi incolpo per averlo colpito.	I didn't blame you for hitting him.	67c49cdb-95bd-5a26-9b81-bd9842df4376	34	35
Io non vi incolpo per averlo colpito.	I didn't blame you for hitting him.	aa2eb8a9-6ec6-539e-89f8-00795a6ad9d1	37	35
Non lo incolpo per averlo colpito.	I didn't blame you for hitting him.	1089cede-e852-5b66-925d-ac03dfd978f1	34	35
Io non lo incolpo per averlo colpito.	I didn't blame you for hitting him.	253f4801-c397-5292-9488-fad42b7aca12	37	35
Non la incolpo per averlo colpito.	I didn't blame you for hitting him.	6d86cb65-7da3-55a7-9fd8-7ef300d33256	34	35
Io non la incolpo per averlo colpito.	I didn't blame you for hitting him.	d3aa0749-a7e1-506a-b504-a5f546ab2394	37	35
Ha chiesto di mia madre.	He asked after my mother.	a9a1c193-6aec-53e0-ab1e-03500ad20605	24	25
Lui ha chiesto di mia madre.	He asked after my mother.	3130cadb-39c5-54c7-ae52-e90347fb2f16	28	25
Chiese di mia madre.	He asked after my mother.	a938a568-df3e-5237-af11-e073bfdcece9	20	25
Lui chiese di mia madre.	He asked after my mother.	4b0a8870-7f1d-5f3c-a738-1801c5a84587	24	25
Cameriere, ho bisogno di un coltello.	Waiter, I need a knife.	299b3b77-2052-5a92-9421-f96f5d113e54	37	23
Loro si incontreranno in albergo domani.	They are going to meet at the hotel tomorrow.	592cace5-78b0-58d1-842e-6fdbc1992266	40	45
Sono completamente nudo.	I'm completely naked.	d4927a28-0df3-560f-9ea9-02cbd8e9d4ce	24	21
Io sono completamente nudo.	I'm completely naked.	d1b8cc73-70e7-5aad-a4e0-e46c68799fc5	27	21
Sono completamente nuda.	I'm completely naked.	aeb2009c-1f0d-5703-9dd2-ae808e2f443f	24	21
Io sono completamente nuda.	I'm completely naked.	198feead-227e-5b96-a1ba-cb4da6671244	27	21
Da qui si può vedere il Monte Fuji.	From here, one can view Mt. Fuji.	4e155be2-047a-5f68-ab2d-d9afa31f0a49	35	33
Voleva aiutarli.	She wanted to help them.	a00fef77-bddb-5444-b606-1e4981851520	16	24
Lei voleva aiutarli.	She wanted to help them.	6f500e38-caa1-5484-a27f-7a8dc98c991a	20	24
Voleva aiutarle.	She wanted to help them.	bbf701f7-2162-5958-a80b-26327b2dd35c	16	24
Lei voleva aiutarle.	She wanted to help them.	17b98eef-1e6e-5cab-947d-4e4cc89d0be3	20	24
Ha l'influenza.	He is ill with influenza.	1637020d-1750-532f-9163-c2314bad1362	15	25
Lui ha l'influenza.	He is ill with influenza.	6c2b5d63-1da1-5771-89e1-2b99abe7f378	19	25
Alcune informazioni sono molto importanti.	Some of the information is very important.	c6f6eae4-d4b5-53c7-ab79-38531d640d18	42	42
Alcune delle informazioni sono molto importanti.	Some of the information is very important.	9648854d-82e3-5e75-b9fc-ce3bcacce316	48	42
Vale la pena visitare il museo.	It is worthwhile visiting the museum.	5cf7e922-e6ee-5cd7-85cb-7c05f785cbfe	31	37
Ne vale la pena visitare il museo.	It is worthwhile visiting the museum.	d55ac4db-2f8d-5dd2-97be-45d4fa2df151	34	37
Che fine avete fatto?	What have you been up to?	5154b2da-4cb0-519a-a8a7-351da1c1d2b1	21	25
Stavamo giusto per votare.	We were just about to vote.	6ec8902f-4754-590f-9021-e11241a52823	26	27
Noi stavamo giusto per votare.	We were just about to vote.	b85b3ca3-8e9b-595a-8512-6094d7625bba	30	27
Io non credo che i fantasmi esistano.	I don't believe that ghosts exist.	ba594256-c642-5dfc-8d70-c13c5fbac35c	37	34
Hai ringraziato Tom per il regalo.	You thanked Tom for the present.	e061c13c-9599-520c-a058-07e9258e2f7e	34	32
Tu hai ringraziato Tom per il regalo.	You thanked Tom for the present.	2c3632e6-34a7-5c6e-b413-3063c5c9b3d5	37	32
Ha ringraziato Tom per il regalo.	You thanked Tom for the present.	88c8fbde-b215-5bac-a211-9eda703ff6f8	33	32
Lei ha ringraziato Tom per il regalo.	You thanked Tom for the present.	5a1af616-b17b-50c9-911e-8e7975bb8dcc	37	32
Avete ringraziato Tom per il regalo.	You thanked Tom for the present.	d9db2872-3b1b-5d62-86e5-dee6bc2dcd43	36	32
Voi avete ringraziato Tom per il regalo.	You thanked Tom for the present.	e9cfd488-5a74-590c-b12f-85e13d7e670d	40	32
Da che binario parte il treno?	What platform does the train leave from?	3e69e645-d0c9-5df2-9a90-3b2b3dda293e	30	40
Hanno ringraziato Tom per il regalo.	They thanked Tom for the present.	9b1c8088-8165-5437-8152-a92f37a16bce	36	33
Loro hanno ringraziato Tom per il regalo.	They thanked Tom for the present.	2f2524ba-3832-5d02-a771-48b69c01d0cb	41	33
Tom è chiaramente perso.	Tom is clearly lost.	767e15ae-48d0-54f5-8fd0-8158f9af5ecf	24	20
Ho l'asso di cuori.	I have the ace of hearts.	ba4ba184-5c6d-589b-afbd-aac7aaf12801	19	25
Io ho l'asso di cuori.	I have the ace of hearts.	c92b80d3-2f79-5fd3-8c00-0d132a27140f	22	25
Ho l'asso di picche.	I have the ace of spades.	91dec060-c43e-5ad4-8e4f-b5fe007645bb	20	25
Io ho l'asso di picche.	I have the ace of spades.	5393c9b4-4611-5b6a-9027-a5b5d06d0103	23	25
Ho l'asso di fiori.	I have the ace of clubs.	bbd5fc01-4c4b-53d8-9fac-3942e4e1d0ac	19	24
Io ho l'asso di fiori.	I have the ace of clubs.	f4e70346-5ef5-5788-904d-d99574277073	22	24
Ho l'asso di quadri.	I have the ace of diamonds.	a8bc7d22-294d-56fb-99aa-0f244f061f73	20	27
Io ho l'asso di quadri.	I have the ace of diamonds.	68f72337-b3f6-515e-bb00-529a35a8b9a9	23	27
Sembra che abbia trovato un fidanzato.	She seems to have found a boyfriend.	3b7a7a80-532d-500f-96ef-585b0689bd20	38	36
Sembra che lei abbia trovato un fidanzato.	She seems to have found a boyfriend.	15d11484-ea19-5bc6-831a-472a19383eee	42	36
Sembra che abbia trovato un ragazzo.	She seems to have found a boyfriend.	d9f4e2c2-98ad-5988-8863-aaed8637aaa4	36	36
Sembra che lei abbia trovato un ragazzo.	She seems to have found a boyfriend.	f0a8ffe0-7192-5b5c-ba4f-95b0816c108f	40	36
Sembra che abbia trovato un moroso.	She seems to have found a boyfriend.	5b5fd8e6-ebc6-5eb4-82d8-e83827371e6c	35	36
Sembra che lei abbia trovato un moroso.	She seems to have found a boyfriend.	abc267fc-a381-5604-8fda-12d232c6e729	39	36
Tom è tutto vestito elegante.	Tom is all dressed up.	454ea2f7-ea68-5000-9165-e555edc953a9	29	22
Lei è impegnata. Aspetta un minuto.	She is busy. Wait a minute.	1941c79b-bb10-5834-90a1-28f8b007ac53	35	27
È impegnata. Aspetta un minuto.	She is busy. Wait a minute.	2dff57f8-c073-57c2-9e05-a48649a6a947	31	27
Lei è impegnata. Aspetti un minuto.	She is busy. Wait a minute.	f12a9fc6-8600-5087-8b6a-d2f33630f2e5	35	27
È impegnata. Aspetti un minuto.	She is busy. Wait a minute.	ed8c15f8-07f9-56e6-a0cd-ab65705494d8	31	27
Lei è impegnata. Aspettate un minuto.	She is busy. Wait a minute.	5f04ec72-7264-54e3-929b-152f75fcd8ac	37	27
È impegnata. Aspettate un minuto.	She is busy. Wait a minute.	99eb3423-9f97-53a0-8e4a-a566c7bed8b2	33	27
Posso consolarla.	I can comfort her.	4387378e-e436-5813-a5b4-c196b7977412	17	18
Io posso consolarla.	I can comfort her.	e3a51f40-e519-5194-a263-cc4beb84fe52	20	18
Riesco a consolarla.	I can comfort her.	488704ff-90e6-5344-9e35-d0b08af2d1e7	20	18
Io riesco a consolarla.	I can comfort her.	8cceb51e-d3a6-5472-9023-f7da09f28dd2	23	18
Hai ancora dei dubbi su ciò che ho detto?	Are you still in doubt about what I have said?	a45ada87-8385-5d55-9f33-a72a9af76b23	41	46
Ha ancora dei dubbi su ciò che ho detto?	Are you still in doubt about what I have said?	222c6b78-c021-54d3-a353-8203be23a78f	40	46
Avete ancora dei dubbi su ciò che ho detto?	Are you still in doubt about what I have said?	f66f3232-b9f1-5b75-9f3b-d2d712f2913e	43	46
Hai ancora dei dubbi su quello che ho detto?	Are you still in doubt about what I have said?	7ea62acb-6093-5057-b85c-e447c51804c7	44	46
Ha ancora dei dubbi su quello che ho detto?	Are you still in doubt about what I have said?	bba51b41-7d1d-5fcf-9ad1-247a977f33cc	43	46
Avete ancora dei dubbi su quello che ho detto?	Are you still in doubt about what I have said?	1971dbf4-5dfa-52b9-a72a-480ea178c054	46	46
Sentivo l'impulso di urlare forte.	I felt an impulse to cry out loud.	038e3ccd-e71d-5020-991e-3fa860187a81	34	34
Io sentivo l'impulso di urlare forte.	I felt an impulse to cry out loud.	c57054e5-3c22-5061-b32c-46d91c1c33a9	37	34
Mi sento un'ameba.	I feel like an amoeba.	4d49a177-c985-5d03-a1c4-a674067e6da0	18	22
Semplicemente non mi piace il calcio.	I just don't like football.	55fa267f-d3b3-5ebd-a34c-ec2a2cf8dfa9	37	27
Semplicemente non mi piace il football.	I just don't like football.	231bc38e-f0e9-57da-b7ff-19a5c01b5664	39	27
Ha provato a impressionarlo.	She tried to impress him.	395bf907-1769-5575-92e6-e8cbce824f5c	28	25
Lei ha provato a impressionarlo.	She tried to impress him.	3e26396e-bd3b-5aba-8105-746cb9188879	32	25
Provò a impressionarlo.	She tried to impress him.	7b0d1cdb-496a-5615-ae8f-013857d1613d	23	25
Lei provò a impressionarlo.	She tried to impress him.	735144bb-9d59-59c9-9747-bab3b1dabb01	27	25
Io non vado a scuola.	I do not go to school.	2acb1d7f-de5f-58d0-b71f-77e29e184764	21	22
Il signor Tanaka è un uomo cavalleresco.	Mr Tanaka is a chivalrous man.	94a862f7-0049-5a2f-889e-c3c1876b2895	40	30
Il signor Tanaka è un uomo galante.	Mr Tanaka is a chivalrous man.	1f02914d-8cc8-5168-8042-5db280903717	35	30
Devo dire che mi dispiace.	I have to say that I'm sorry.	8289821f-d779-5028-877a-42b2064d24fc	26	29
Io devo dire che mi dispiace.	I have to say that I'm sorry.	bf86d1ee-e760-51dd-b5c3-e72e89808418	29	29
Mia madre sembra giovane per la sua età.	My mother looks young for her age.	4a0436db-9608-5836-b034-ab22a8aedc83	40	34
Questo è l'armadietto di Tom.	This is Tom's locker.	ba9f8a26-8253-5ebc-b132-5ce97c6600b4	29	21
Questo è il ripostiglio di Tom.	This is Tom's locker.	71bcc38f-7157-5cd2-bf2f-b8f4260052bb	31	21
Tom ha tre milioni di dollari in banca.	Tom has three million dollars in the bank.	e2306f42-711b-5f35-9499-3b1145139417	39	42
Stiamo leggendo.	We're reading.	7d7cc72d-55c5-5fb9-96f8-3ddb8250b469	16	14
Noi stiamo leggendo.	We're reading.	f622cb17-67d6-5f57-902b-a19b8e80fc66	20	14
Tom sta leggendo.	Tom is reading.	630c07dc-9f24-52bf-83e7-0bf5870987b4	17	15
Preferirei morire che vederti piangere.	I'd prefer to die rather than see you crying.	f911a7b6-b4ce-5b0b-805c-a3fefcb3d5bf	39	45
Io preferirei morire che vederti piangere.	I'd prefer to die rather than see you crying.	ca8f15bd-275d-555d-aa00-7201540d00d9	42	45
Preferirei morire che vedervi piangere.	I'd prefer to die rather than see you crying.	eba73cfb-488f-5619-830a-c0d3cdaf7032	39	45
Io preferirei morire che vedervi piangere.	I'd prefer to die rather than see you crying.	58b36842-cb63-51db-8594-91e9dcb07f4c	42	45
Preferirei morire che vederla piangere.	I'd prefer to die rather than see you crying.	f7a6f860-cafd-5f38-9572-2f29ffe7ccbd	39	45
Io preferirei morire che vederla piangere.	I'd prefer to die rather than see you crying.	6c8f4fca-63c4-571b-822d-b04d39731210	42	45
Tom ha rifiutato.	Tom refused.	15b5934a-f9f5-54b0-b8cd-d82e1d9f1d6e	17	12
Tom rifiutò.	Tom refused.	c1963158-6f46-5689-b9c3-147edc4a8840	12	12
Ha un po' di esperienza nell'insegnamento.	He has little experience in teaching.	ef71dd35-04a1-560a-b32e-c2b4467e322a	42	37
Lui ha un po' di esperienza nell'insegnamento.	He has little experience in teaching.	96b3b8c4-837e-5563-8e4a-2d411a071ca5	46	37
In realtà non è così semplice.	It actually isn't that simple.	5dfa08e3-0b52-5afe-b664-bad2ac58e612	30	30
È spiacevole.	That's unfortunate.	eb3647a2-7d9f-5d36-90d4-09ac58c4047d	13	19
Ha iniziato il suo viaggio verso ovest.	He began his trip to the West.	650bd9c0-6cf8-53cd-bf40-b643f09fe0cb	39	30
Lui ha iniziato il suo viaggio verso ovest.	He began his trip to the West.	cda5fc9b-27e1-5b86-a2b8-6c04cdee2f7a	43	30
Ha scritto un libro sull'uccello.	She wrote a book about the bird.	c5ba119a-e356-5c18-9dbf-7f56a0c2b72b	33	32
Lei ha scritto un libro sull'uccello.	She wrote a book about the bird.	f8e9b79f-f206-55d3-9596-b3c3b635c2f1	37	32
Scrisse un libro sull'uccello.	She wrote a book about the bird.	41271b5b-9cac-5931-b0ae-e6f23a87f8de	30	32
Lei scrisse un libro sull'uccello.	She wrote a book about the bird.	3fd4311c-29f8-546c-9ac8-4af2932f8713	34	32
Ha scritto un libro riguardo all'uccello.	She wrote a book about the bird.	4f806d5f-72ad-53e9-bdac-a6239f02cb3f	41	32
Lei ha scritto un libro riguardo all'uccello.	She wrote a book about the bird.	988eb4e8-0ccb-525e-85fc-8e5f47507e07	45	32
Scrisse un libro riguardo all'uccello.	She wrote a book about the bird.	babd13bc-9d6a-560e-8d8f-9fb9373b9ddb	38	32
Lei scrisse un libro riguardo all'uccello.	She wrote a book about the bird.	4fd5d563-4d05-5952-aa45-920fe9b66edf	42	32
È stato molto divertente. Rifallo!	That was very funny. Do it again!	4d429fc2-2a34-58c2-9e7e-39f42ab057cf	34	33
È stato molto divertente. Rifatelo!	That was very funny. Do it again!	10f0de2b-3b3a-5caa-be00-de3b48479024	35	33
È stato molto divertente. Lo rifaccia!	That was very funny. Do it again!	a0a84ac7-21d8-5f4e-85f4-72028cfe53c9	38	33
Tom non è religioso.	Tom isn't religious.	9139532f-9599-54fb-9340-1b2bba4460a0	20	20
Non è povera.	She isn't poor.	381be2d9-9e13-516e-af75-d21bdfd7a9b7	13	15
Raggiungerà Hakodate stasera.	He will reach Hakodate tonight.	1d1d38d7-3aa6-514f-9c66-e06f40baebb3	29	31
Lui raggiungerà Hakodate stasera.	He will reach Hakodate tonight.	4c04bdb6-4901-5b58-8801-419a97473a13	33	31
Raggiungerà Hakodate stanotte.	He will reach Hakodate tonight.	165398c1-4dfe-53b4-bedb-a64cee95c182	30	31
Lui raggiungerà Hakodate stanotte.	He will reach Hakodate tonight.	d71cd8e6-8ee5-5221-9331-ea039b080b10	34	31
Tom non ha né confermato né negato le voci.	Tom neither confirmed nor denied the rumors.	dccdc858-7750-5815-a82b-506c93b37434	43	44
Tom non ha né confermato né negato le dicerie.	Tom neither confirmed nor denied the rumors.	6307da2f-d810-5046-954c-08a6aca6d58d	46	44
L'effetto era immediato.	The effect was immediate.	5b42692a-0caf-5dbf-afe9-d6526f518b9a	24	25
L'effetto fu immediato.	The effect was immediate.	d5c7d1ec-8a9e-5fbf-95db-d605a7a00851	23	25
Ho dato quel libro a Tom stamattina.	I gave that book to Tom this morning.	e3986fcf-cad1-5e8b-8436-cf0008252830	36	37
Ho dato quel libro a Tom questa mattina.	I gave that book to Tom this morning.	3adcbdd7-ca29-5f99-ad64-59b4a25cb5a6	40	37
Questo è il miglior modo di morire.	This is the best way to die.	158a01a5-232a-5136-9d90-af5a458ee019	35	28
Questo è il miglior modo per morire.	This is the best way to die.	3c75ef10-e8d3-5531-a366-2d8c8b337f18	36	28
Puoi allungare le tue vacanze di qualche giorno?	Can you extend your holiday by a few days?	8e855340-a2db-55f0-aa90-e244d62ccd7a	48	42
Può allungare le sue vacanze di qualche giorno?	Can you extend your holiday by a few days?	193fa700-49a5-51d6-8de6-4277911b0a98	47	42
Ha dato in pegno il suo oro.	She pawned her gold.	5526a897-1118-5353-b7e4-34b05c6720d7	28	20
Lei ha dato in pegno il suo oro.	She pawned her gold.	813486d5-6803-509e-aa3e-6cd574ba1bc0	32	20
Diede in pegno il suo oro.	She pawned her gold.	a1a393e3-f939-580d-8555-ba0bf7448b01	26	20
Lei diede in pegno il suo oro.	She pawned her gold.	9522b4d3-d569-5bd0-9ddb-b414c47126bf	30	20
Tom sta lavorando lì.	Tom is working there.	e3cf08c8-3535-5783-b753-57ae374c4dc6	21	21
Hai la mia benedizione.	You have my blessing.	18d1ab8b-6d46-5771-affd-dbcf2c628fc4	23	21
Tu hai la mia benedizione.	You have my blessing.	8632ebdc-7b22-5e92-b22f-3f7167115da4	26	21
Ha la mia benedizione.	You have my blessing.	1a253d12-d0bf-5e2e-93d8-c469a231f6a5	22	21
Lei ha la mia benedizione.	You have my blessing.	b66ad017-bb17-56f9-b4c5-8a8168aac235	26	21
Avete la mia benedizione.	You have my blessing.	daefb656-2427-582e-9766-fa786fd8dad6	25	21
Voi avete la mia benedizione.	You have my blessing.	b65adcc0-3ad8-5780-875c-20b3a0e304cc	29	21
Noi impariamo molto dall'esperienza.	We learn much from experience.	93a11eea-7142-53db-835a-102856beb279	36	30
Metti un po' di sale nell'acqua che bolle.	Put some salt into the boiling water.	bcd2cca7-91a7-5ecd-8e66-065ec5c9549a	42	37
Metta un po' di sale nell'acqua che bolle.	Put some salt into the boiling water.	8373898e-cc19-5d36-9af0-16e05bda7a91	42	37
Mettete un po' di sale nell'acqua che bolle.	Put some salt into the boiling water.	c2da18a3-f3b1-548d-b4bc-b5c8c9acff8b	44	37
Vedranno loro zio domani.	They are seeing their uncle tomorrow.	72f96177-51e7-56fb-a522-cfc27fe9f27e	25	37
Loro vedranno loro zio domani.	They are seeing their uncle tomorrow.	b6662d5f-37b7-5175-aa10-f4f15442e472	30	37
Non tollererò un linguaggio del genere!	I won't tolerate such language!	a7e9e6ce-59b2-5808-bc77-c56121ba3041	39	31
Io non tollererò un linguaggio del genere!	I won't tolerate such language!	f05cb7d7-6a25-5fef-bf6b-ba0e88ddbffb	42	31
Un'ora all'evento.	One hour until the event.	e0c8cb8e-c6da-542a-99cb-6ab92ab0e203	18	25
Puntiamo a quell'obiettivo.	We aim at that objective.	3b3b5ca7-c92d-5bf6-9d28-7791c1b7ebd2	27	25
Noi puntiamo a quell'obiettivo.	We aim at that objective.	3dd81f41-efdb-5043-9ec8-418b1a4ec6c8	31	25
Tom aspettava impazientemente.	Tom waited impatiently.	520d1523-dcca-5763-8d88-952e19c247bd	30	23
A nessuno importa più a riguardo.	No one cares about that anymore.	282c77f6-ad39-51e7-a25d-10a7d0253fe9	33	32
Non toccare la mia borsa.	Don't touch my bag.	f5b053b6-58eb-5b90-85f2-a7c1d1e4ffc1	25	19
Non toccate la mia borsa.	Don't touch my bag.	8e1fe4ab-9a0d-53fa-9e46-fcb85b24a455	25	19
Non tocchi la mia borsa.	Don't touch my bag.	45bdc626-c12a-5292-b977-e45261761152	24	19
Non c'erano ferrovie in Giappone all'epoca.	There were no railroads in Japan at that time.	d9a573e2-504c-5cb9-aebe-f1a0b1e34086	43	46
Non c'erano ferrovie in Giappone a quell'epoca.	There were no railroads in Japan at that time.	ce4a0cc3-50ca-538d-aa2c-66a3f00983f3	47	46
Vieni a conoscere Tom.	Come meet Tom.	81a054ad-3295-505c-b6af-1abce119aaf5	22	14
Venite a conoscere Tom.	Come meet Tom.	a949e5cb-a8ab-5fd5-987e-c880e4cb1a23	23	14
Venga a conoscere Tom.	Come meet Tom.	4378538a-1fd0-52c6-bf45-415c4f5bd370	22	14
Una palla ha colpito la sua gamba destra.	A ball hit her right leg.	0cfacc22-a7d3-5bd1-b899-e221aa26ce27	41	25
Una palla colpì la sua gamba destra.	A ball hit her right leg.	bd73112b-4e6e-5b02-9b9b-df1a0923c730	36	25
È di mio gradimento.	It's of my liking.	1df1cf12-3caa-564f-a1c6-9846a5dc0278	20	18
Vuoi davvero essere qui?	Do you really want to be here?	891d042e-c7a7-54e8-a410-dd2a557e1112	24	30
Vuole davvero essere qui?	Do you really want to be here?	434d2aca-67fc-5c09-bc62-6790665174f4	25	30
Volete davvero essere qui?	Do you really want to be here?	69f1287a-9b07-5178-853f-d10446b7074d	26	30
Non mi dispiace se lo faccio!	I don't mind if I do!	72f31216-5bb2-519d-b4ce-1e2c1421cd4a	29	21
A me non dispiace se lo faccio!	I don't mind if I do!	ca078d80-23ab-5feb-9233-67daf9b81f68	31	21
Il suo nome mi è sfuggito di mente.	Her name slipped my mind.	43d853bf-cf15-589d-b08e-3ea78ad27e36	35	25
A lui sanguinava il naso.	His nose bled.	7ca022c8-ff9d-56dc-b015-3e4298450cbc	25	14
Voglio che tu mi dica di Tom.	I want you to tell me about Tom.	a4d44e56-c322-5510-861a-b194abb129af	29	32
Io voglio che tu mi dica di Tom.	I want you to tell me about Tom.	2cc1ef27-53f0-5fa6-a22a-45c9631e4432	32	32
Voglio che lei mi dica di Tom.	I want you to tell me about Tom.	4a0e4f3c-96c8-5149-833f-536d42a0f611	30	32
Io voglio che lei mi dica di Tom.	I want you to tell me about Tom.	faef34ff-c589-566c-a23f-a5a4bd761786	33	32
Voglio che voi mi diciate di Tom.	I want you to tell me about Tom.	f0d268e8-ca5a-5b61-961a-4a04c0603545	33	32
Io voglio che voi mi diciate di Tom.	I want you to tell me about Tom.	744f6e2d-cd51-548e-bc94-7fe6220552dc	36	32
Domani sarà il giorno della verità.	Tomorrow will be the day of truth.	dacf35b2-2f28-56d3-9094-a616cbc42ba0	35	34
Chiamatemi Ismaele.	Call me Ishmael.	98d4a4ed-df3f-51f2-9b61-68b2d826001d	19	16
Mi chiami Ismaele.	Call me Ishmael.	80f0c46b-8486-5562-a8b7-61899dc14cb7	18	16
Non chiamerà stasera.	She won't call this evening.	805137b0-03b4-5c61-b914-5c2630e87cf5	21	28
Lei non chiamerà stasera.	She won't call this evening.	7bfe775c-4e43-53da-9404-39d208cea392	25	28
Non chiamerà questa sera.	She won't call this evening.	1db54d5b-d893-5737-ac2a-cea17e13da00	25	28
Lei non chiamerà questa sera.	She won't call this evening.	08ef0ac6-65fb-5cd6-ba7a-b25974991530	29	28
È una donna gelosa.	She's a jealous woman.	73253e48-8d05-5eac-8339-05ea708dfce7	19	22
Lei è una donna gelosa.	She's a jealous woman.	69bd3730-388f-5a9a-a498-c482986cd99f	23	22
Ha affermato di aver visto l'incidente.	He affirmed that he saw the crash.	871cea86-345f-5bde-8fc1-70ae39c1b11e	39	34
Lui ha affermato di aver visto l'incidente.	He affirmed that he saw the crash.	16c4fc86-96bb-5518-bde4-9e50d9c9730b	43	34
Affermò di aver visto l'incidente.	He affirmed that he saw the crash.	f2c45cc2-31f9-5a36-aa2e-b5151731fad1	34	34
Lui affermò di aver visto l'incidente.	He affirmed that he saw the crash.	ffd8210f-f7d6-55fd-9df7-d3eb5f36266b	38	34
Cosa ti aiuta a dormire meglio?	What helps you sleep better?	cd899bdb-a8ab-5656-b200-0c98f07ebdb6	31	28
La classe consiste di 50 ragazzi.	The class consists of 50 boys.	46a3a592-5bb3-5ee6-bdf1-777719cad814	33	30
Non ho bisogno del permesso di nessuno.	I don't need anybody's permission.	4b0278ec-6850-595b-9a69-c74155a736a9	39	34
Io non ho bisogno del permesso di nessuno.	I don't need anybody's permission.	132bc28c-3da5-5f0e-bb47-481ca26e5481	42	34
Oggi non è andato bene.	Today didn't go well.	22b0e97a-7896-5921-b280-5be9e93f0d94	23	21
Tom ha lasciato a suo figlio una fortuna.	Tom left his son a fortune.	dfd23ad0-6608-54fb-90d9-6b65d711ed3b	41	27
Tom lasciò a suo figlio una fortuna.	Tom left his son a fortune.	c30891a6-f849-53e2-876e-ddf02d0dfc8d	36	27
Qual è il valore di questo anello?	How much is this ring worth?	d819516e-aca8-52d9-b5f6-cf123fba351e	34	28
Sto andando a prendere il biglietto.	I'm going to take the ticket.	692038ec-ebd2-56d3-a3b3-fbe38f095e8d	36	29
Dammi una mela.	Give me an apple.	ebbd6a84-30be-54cb-b433-ef5170b85a46	15	17
Mi dia una mela.	Give me an apple.	93ea2d6f-0f02-5cde-b225-567b7f02f048	16	17
Datemi una mela.	Give me an apple.	a019139b-a7f3-5f1d-9315-4dffd45d0d79	16	17
C'è molta competizione nel commercio.	There's a lot of competition in business.	951ce822-7dd4-5c71-a76e-6845b7e52646	37	41
La ragazza sta leggendo felice.	The girl is happily reading.	cc5d2109-592c-5f4f-8b9e-0d731ee3c3f0	31	28
Tom non è morto da solo.	Tom didn't die alone.	c70f27cd-5290-5086-9495-4db11f79d0f9	24	21
Tom non morì da solo.	Tom didn't die alone.	ff2ba870-d0e4-5e16-87b7-bd71b65a9d22	21	21
Nessuno legge del mio paese.	Nobody read about my country.	c4cb7e9d-4ec3-59f7-999b-0fade22c77a5	28	29
Nessuno ha studiato il mio paese.	Nobody studied my country.	a9f5560e-32f5-5dbc-8b3e-1bca40eb31c6	33	26
Nessuno studiò il mio paese.	Nobody studied my country.	7bf5d446-dde4-5390-840f-0a4a6d324a97	28	26
Sono famoso.	I'm famous.	d78ed60a-b2dd-5b30-bfb1-5e09c4c70465	12	11
Io sono famoso.	I'm famous.	99b8b1a5-ba81-55b1-a802-ba52a046c04b	15	11
Sono famosa.	I'm famous.	adba7efa-d9f0-5eff-97af-5547e106a945	12	11
Io sono famosa.	I'm famous.	235484c0-e018-5db8-8780-5e4f7ab05762	15	11
Sono l'ex di Tom.	I'm Tom's ex.	c1939eca-34c1-57f1-953c-6adbaa4dd9da	17	13
Io sono l'ex di Tom.	I'm Tom's ex.	764ad473-4f0d-5ca9-a7e4-465002556833	20	13
Vogliamo solo fare qualche domanda a Tom.	We just want to ask Tom a few questions.	d443de15-7273-5ce2-9d71-085391d12df6	41	40
Noi vogliamo solo fare qualche domanda a Tom.	We just want to ask Tom a few questions.	f1ae82e5-a0f7-57fd-9960-cddac88f0c84	45	40
Sua figlia ha fritto la carne.	Her daughter fried the meat.	ee3bc3b8-7059-5d04-8dee-4e6bbeb59651	30	28
Sua figlia frisse la carne.	Her daughter fried the meat.	34601173-b56e-51c0-aa93-60c35572f1a2	27	28
Il redattore ed editore è mio cugino.	The editor and publisher is my cousin.	8c8c2aab-ff2e-5b2f-bf10-ac1651c54797	37	38
Non costa nulla ed è veloce!	It's free and fast!	eb03d6da-54b3-55e2-90e7-6b3df37f0bac	28	19
Non ti piace scommettere, vero?	You don't like gambling, do you?	d0342cdf-1540-5120-a98f-5b5bddedda23	31	32
Non vi piace scommettere, vero?	You don't like gambling, do you?	0ed0e5dc-5fc8-5c3e-a046-cacbf0e53375	31	32
Non le piace scommettere, vero?	You don't like gambling, do you?	15465912-ee74-52fb-b5c3-ddf637e9e4d3	31	32
A te non piace scommettere, vero?	You don't like gambling, do you?	301779f0-1824-54f6-88ac-7608733f0869	33	32
A lei non piace scommettere, vero?	You don't like gambling, do you?	75fdb416-4935-5a9b-964c-1ce2cce9f95a	34	32
A voi non piace scommettere, vero?	You don't like gambling, do you?	4e3b151b-340e-50df-b744-632a409d63c7	34	32
Vivi in città?	Do you live in the city?	f0d75989-3d32-5abc-80bd-e3ff30c78d99	14	24
Tu vivi in città?	Do you live in the city?	61957b16-5423-5f1e-ab81-920e3365b9c4	17	24
Vive in città?	Do you live in the city?	84fa2e3b-dc7f-5c8c-9d80-fd8b797d3790	14	24
Lei vive in città?	Do you live in the city?	8580cfa4-3c93-56a3-bdc1-dd27464e5fae	18	24
Vivete in città?	Do you live in the city?	2a832cfa-9f36-5312-ad32-14c2d4640fea	16	24
Voi vivete in città?	Do you live in the city?	8d6ac443-3122-5ae9-a8ac-f7679b964b0c	20	24
Odio rifare il letto.	I hate to make the bed.	f3a829fd-5767-543f-b54e-b988ec6f0c6a	21	23
Io odio rifare il letto.	I hate to make the bed.	af15c589-cdb0-5956-839a-04722d4d7dbb	24	23
Quest'associazione sarà chiamata E.S.S.	This association shall be called the E.S.S.	fc5842b9-3cd9-5f53-a808-b2581494ee59	39	43
Tom non pensa che Mary verrà.	Tom doesn't think that Mary will come.	126b5c28-1079-5fe1-96d3-104f08e8d817	29	38
Tutto ciò che Tom sembra volere è il denaro.	All Tom seems to want is money.	71fde0b3-245a-50e2-a1bf-67aaa95dd005	44	31
Tutto ciò che Tom sembra volere sono i soldi.	All Tom seems to want is money.	8a1f4ec8-a980-5211-956a-3314f6dd07f3	45	31
Ci aiuterà?	Is he going to help us?	70c36d15-7224-5a75-8c75-69afa424a837	11	23
Lui ci aiuterà?	Is he going to help us?	0e35b869-b13f-5bbd-ab7b-3cd935bab68b	15	23
Non bisognerebbe fare aspettare le persone.	You should not keep people waiting.	06ec9e47-aee6-5f09-91db-60f635c92893	43	35
Non bisognerebbe fare aspettare la gente.	You should not keep people waiting.	a7b19dab-374f-5d76-af9d-989978a24f4c	41	35
Cosa significa questo segno?	What does this sign signify?	b4c1f4e0-6dec-58ea-9de6-b31ad50c9dd9	28	28
Che cosa significa questo segno?	What does this sign signify?	81e282bc-e708-5ba3-8b27-d84e0414e097	32	28
Non possiamo aiutare Tom.	We can't help Tom.	5926f853-6441-5ae6-b24e-693dacdbc106	25	18
Noi non possiamo aiutare Tom.	We can't help Tom.	d04719a9-2b2a-5a0c-bab9-916f3b541567	29	18
Lo so che hai cose più importanti da fare.	I know you have more important things to do.	5e15fadb-31d1-5785-9d6b-dbeb3c656978	42	44
Gli ho ordinato di lasciare la stanza.	I ordered them to leave the room.	bb9764b3-0bb7-5466-a546-b72ea8578651	38	33
Gli ordinai di lasciare la stanza.	I ordered them to leave the room.	e1997d47-52f8-5c2c-ae3c-218a53d977f9	34	33
Non sarà facile.	It's not going to be easy.	e1ac8e5d-3fb9-59cc-ac48-7247320db32a	16	26
Ammetto che non sarà facile.	I admit it won't be easy.	cf205e3c-689f-5208-b7aa-297dc1f91beb	28	25
So che non sarà facile.	I know it won't be easy.	5a3820e5-fac7-559e-bec2-51e3e531f15c	23	24
Lo so che non sarà facile.	I know it won't be easy.	e3f984fe-23b3-5177-b3d0-9d595800e747	26	24
Sono stati chiamati dei dottori alla Casa Bianca.	Doctors were called to the White House.	fd4fa7f0-d930-5235-9a7e-c850c595ea02	49	39
Furono chiamati dei dottori alla Casa Bianca.	Doctors were called to the White House.	ac046374-b67c-5090-a1c5-6b93ca38ec3d	45	39
Vennero chiamati dei dottori alla Casa Bianca.	Doctors were called to the White House.	ce96bea0-dd16-5fad-a8a6-40a709a28ef7	46	39
Va sempre al lavoro alle 8 di mattina.	He always leaves for work at 8:00 a.m.	b38a7368-1458-5586-836b-aad6dc66881c	38	38
Lui va sempre al lavoro alle 8 di mattina.	He always leaves for work at 8:00 a.m.	52cc3c63-cd33-5324-bc15-07872e5ef3a6	42	38
Kate prova a camminare in punta di piedi.	Kate tries to walk on tiptoe.	cc81713f-bbd4-5b52-84a6-0282cd2834ca	41	29
I prezzi continuavano ad aumentare.	Prices continued to rise.	ac6dff10-c036-50b3-a58a-76cb97a75236	35	25
I prezzi continuavano a crescere.	Prices continued to rise.	fb914b74-ab2f-5197-91ed-6663487f9618	33	25
Serve altro?	Need anything else?	5be41155-5bbe-5062-bdf0-677144a1b329	12	19
Ho bisogno di te nella mia vita.	I need you in my life.	d2da5d59-0751-5432-95e0-d34757382098	32	22
Io ho bisogno di te nella mia vita.	I need you in my life.	453c20a2-c6be-53ae-85be-aea2277df643	35	22
Ho bisogno di lei nella mia vita.	I need you in my life.	c01b4034-dcbb-5d83-b7bb-82626444a44e	33	22
Io ho bisogno di lei nella mia vita.	I need you in my life.	f8b3c3a4-a2ff-5e24-8c41-9dcdbc63f639	36	22
Ho bisogno di voi nella mia vita.	I need you in my life.	a2113d7b-64ba-52ab-a04b-a1d78bbe71ff	33	22
Io ho bisogno di voi nella mia vita.	I need you in my life.	68155bdf-1ee6-5e36-91b6-dd86ebf443c2	36	22
Tom non aveva bisogno di contanti.	Tom didn't need cash.	1b61c249-ef4a-5e19-8dca-8942c3c727c7	34	21
Alla fine aveva ancora qualcosa da dire.	In the end, she still had something to say.	a9a5a031-ca7f-5d86-8da1-78d026c4d372	40	43
Tom ha detto a tutti che ha passato l'esame.	Tom told everyone that he passed the exam.	169efada-4210-5b62-ba97-1259e0818b2e	44	42
Che altro devo fare?	What else do I need to do?	6a756f7c-7175-5a49-9981-355b915521eb	20	26
Che perdita di tempo!	What a waste of time!	8a0ad173-407d-5f7c-bfff-b08e5d1d707b	21	21
Qual è il periodo di garanzia?	What is the warranty period?	d8630973-0da2-59bf-86a4-ea9ee8ffebb4	30	28
Quanto dura la garanzia?	What is the warranty period?	6c99e449-6018-5d56-93fd-7e959e04912f	24	28
Qual è la durata della garanzia?	What is the warranty period?	a0cb33db-157f-52d2-a474-905c95f56883	32	28
Tom ha dichiarato di non aver visto niente.	Tom claimed that he didn't see anything.	30fb2c46-ff62-5f90-876a-c8990869040e	43	40
Tom ha dichiarato di non aver visto nulla.	Tom claimed that he didn't see anything.	53e4c201-9048-5304-af9e-3a790d839f70	42	40
Tom dichiarò di non aver visto niente.	Tom claimed that he didn't see anything.	0b82d84d-e49c-5f7c-ba6d-4143240299d1	38	40
Tom dichiarò di non aver visto nulla.	Tom claimed that he didn't see anything.	28483a36-0538-5af4-a70c-8702d39cb488	37	40
È proprio ora di prendere una moto.	It's high time to get a motorcycle.	69bd347c-9c2b-5c2b-8036-883c563d402e	35	35
Quella cosa è tua?	Is that thing yours?	a1bad0d2-d7bb-56ea-94dc-5d9d23f02a3b	18	20
Quella cosa è sua?	Is that thing yours?	c970b118-fa9b-5274-b9eb-08ead3ec459a	18	20
Quella cosa è vostra?	Is that thing yours?	86199e3a-c777-5798-a082-17ddd1a41653	21	20
Bill, dammi un colpo di telefono stasera.	Bill, give me a call this evening.	7675829f-7c03-5514-aaab-192cc6a44280	41	34
Bill, dammi un colpo di telefono questa sera.	Bill, give me a call this evening.	2b677dcb-7fdd-5fe7-ac4a-4165cc274283	45	34
Cuoci il riso.	Cook the rice.	549da0cb-760d-5a44-bce7-982e6a88b1af	14	14
Dobbiamo superare questa difficoltà.	We must get over this difficulty.	acdb2d14-30de-5c9c-a7df-cdb7625ddc64	36	33
Noi dobbiamo superare questa difficoltà.	We must get over this difficulty.	4fd75254-6128-5fe9-b0d6-bd4949b04405	40	33
Tom li ha abbandonati.	Tom abandoned them.	db9cf24a-4529-558f-8bad-35e0bc8f5294	22	19
Tom le ha abbandonate.	Tom abandoned them.	eb4c87c3-5dd3-5f89-a65a-c268c34fe93e	22	19
Tom li abbandonò.	Tom abandoned them.	5eb3c903-191a-5205-ba5e-897233cf91d2	17	19
Tom le abbandonò.	Tom abandoned them.	47d24016-2889-5df3-99f3-cabfc705ea6e	17	19
Studio spesso con la musica.	I often study with music.	d7017765-f3c2-544d-b412-3a4a7a408f11	28	25
Io studio spesso con la musica.	I often study with music.	7167a668-ee03-54bf-a53b-2131d50453fe	31	25
Tom lavorava come un forsennato.	Tom worked like a madman.	697617a9-8576-5cea-808a-f7873eebc690	32	25
Non sembra troppo duro.	It doesn't sound too hard.	944888e8-7b52-5dd5-aa51-524efc599c79	23	26
Non sembra troppo difficile.	It doesn't sound too hard.	823dec16-9616-57ac-850c-76e24e12a3f6	28	26
Sta bene?	Are you doing fine?	340c0de3-e7da-5c62-ad35-288b10196b7c	9	19
State bene?	Are you doing fine?	19295c0b-2c45-50c6-8ca5-7ff842860ad5	11	19
Lo troverò.	I'll find it.	24596059-b526-55eb-abcf-408f00655c5c	11	13
Io lo troverò.	I'll find it.	7e37e4eb-bf1a-52b1-a994-3f13d10ec697	14	13
La troverò.	I'll find it.	6ad6f299-eab5-52da-ab51-d59cadde24f1	11	13
Io la troverò.	I'll find it.	f7a3b3df-14ab-5700-a144-c0eb0ed1a83b	14	13
Siamo abbastanza bravi.	We're pretty good.	17a1447c-9c24-5972-9314-e0f7ff92191d	23	18
Noi siamo abbastanza bravi.	We're pretty good.	ab552a8b-0513-5606-8242-ba71a43271c3	27	18
Siamo abbastanza brave.	We're pretty good.	a7c0f799-4c1f-513a-8b2c-10f6a40f4479	23	18
Noi siamo abbastanza brave.	We're pretty good.	28ced076-f288-5fa1-b8f4-4766c1127ca2	27	18
È bassa ma grassa.	She's short, but fat.	1f29c10f-ded1-537b-927f-be14ee8845ab	18	21
Lei è bassa ma grassa.	She's short, but fat.	2e2cf928-e871-56ab-bd48-8af51e78851b	22	21
Svegliami alle otto.	Wake me up at eight o'clock.	cc5c8dae-20c6-5a0b-972a-c26090dde478	20	28
Svegliatemi alle otto.	Wake me up at eight o'clock.	b6a1f45f-0b59-5adf-aa21-18243c177805	22	28
Mi svegli alle otto.	Wake me up at eight o'clock.	17f210d6-2822-5ba1-b28b-3acca1da86f8	20	28
Un cane stava correndo.	A dog was running.	4ba9ff6f-e24a-543b-bd7b-5dfe117bd450	23	18
Tom è l'unica persona che riesce ad aiutarmi.	Tom is the only person who can help me.	85e53ce2-dbdd-5a18-8a62-2d5003200648	45	39
Tom è l'unica persona che può aiutarmi.	Tom is the only person who can help me.	12a19c31-fe77-5659-96e7-41a947514acb	39	39
Tom è l'unica persona che mi può aiutare.	Tom is the only person who can help me.	90cbeace-0058-5141-bd03-74d972f95c4f	41	39
Il piano richiede una grande quantità di denaro.	The plan requires a large sum of money.	d9093082-e4e0-5398-8c7e-cc78c9edd565	48	39
Tom non ha sollevato un dito per aiutare.	Tom didn't lift a finger to help.	a3ba90a1-65aa-5bb1-92ab-0789a80a07fc	41	33
Tom non sollevò un dito per aiutare.	Tom didn't lift a finger to help.	4ae179a6-a455-503d-81dd-6b2a758dc88e	36	33
Siamo riconoscenti.	We're grateful.	470764f5-b801-5d6a-97d5-c0feb1dc1e45	19	15
Noi siamo riconoscenti.	We're grateful.	8405da1f-11ca-558e-aca6-4000ab86f6af	23	15
Tom ha detto che era infelice.	Tom said that he was unhappy.	cc925d16-bd7d-57f9-830c-210fdc3e61d5	30	29
Tom ha detto di essere infelice.	Tom said that he was unhappy.	af577d17-bb8e-5894-b65d-ee6db07df037	32	29
Tom disse che era infelice.	Tom said that he was unhappy.	2210d5a9-26ee-5dfb-8b18-49af1ca139b4	27	29
Tom disse di essere infelice.	Tom said that he was unhappy.	c100729e-92e8-57c2-8deb-193e1bc83f19	29	29
Tom è allergico alle noccioline.	Tom is allergic to peanuts.	fbf0f309-07a4-5bca-885d-900d178cc3f8	32	27
Tom è allergico alle arachidi.	Tom is allergic to peanuts.	4bc71d07-e360-533a-8496-9f0f794ac771	30	27
Tom è da solo con Mary.	Tom is alone with Mary.	c86df44b-aaf5-5078-b510-c7688234d3e3	23	23
Devo ancora sentire quella storia.	I have still to hear that story.	945ba825-7e2f-5339-a79f-56abd6ee864d	34	32
Io devo ancora sentire quella storia.	I have still to hear that story.	c93f22d2-a22f-58d9-9b45-a15ad80a58a1	37	32
Tom non aveva intenzione di ferire Mary.	Tom didn't mean to hurt Mary.	6d86dace-5a92-5a40-96ee-726ee05a8796	40	29
Verrà servito del caffè dopo il pasto.	Coffee will be served after the meal.	ddb878e9-8a87-5212-b0ea-938ce74ddfb3	38	37
È il tuo funerale.	That's your funeral.	51110590-11ce-5ef4-89bd-74a15935a888	18	20
Quello è il tuo funerale.	That's your funeral.	2997c60a-2c58-5c3c-be18-3ed497ac5f9b	25	20
Non stavo parlando.	I wasn't talking.	873a0c60-d703-5cba-b5d7-3b2151221690	19	17
Io non stavo parlando.	I wasn't talking.	ee4154b3-da02-50a9-adf0-da7476120746	22	17
Per favore, comprami il nuovo CD di Shakira.	Please buy me the new Shakira CD.	f4488a34-da54-55f8-b0fd-e908c8f2f478	44	33
Per piacere, comprami il nuovo CD di Shakira.	Please buy me the new Shakira CD.	0b33c961-5a3a-54c9-b55a-3887547583db	45	33
Per favore, compratemi il nuovo CD di Shakira.	Please buy me the new Shakira CD.	4c05474a-5812-53e6-a72a-074a68412299	46	33
Per piacere, compratemi il nuovo CD di Shakira.	Please buy me the new Shakira CD.	c07cfdf4-0086-5789-95d6-c98a02190fbb	47	33
Per favore, mi compri il nuovo CD di Shakira.	Please buy me the new Shakira CD.	be6a858d-6645-5f04-9dc7-66569735333b	45	33
Per piacere, mi compri il nuovo CD di Shakira.	Please buy me the new Shakira CD.	e1867a9c-80c9-5673-8bd2-dfafd3ef2a9a	46	33
Qualcosa non va bene.	Something isn't right.	fe37faa5-96e0-5970-adec-cc22cb47db50	21	22
Si sono presi gioco del mio accento.	They made fun of my accent.	e0fdd39c-ea62-589f-9242-77dd01998740	36	27
Loro si sono presi gioco del mio accento.	They made fun of my accent.	58f240c1-0e47-59b9-9460-f0f202df8394	41	27
Si sono prese gioco del mio accento.	They made fun of my accent.	a5d03911-d4d7-5d87-9546-9712678c7f27	36	27
Loro si sono prese gioco del mio accento.	They made fun of my accent.	f1747c07-3296-5422-a1be-586e76a1e975	41	27
Si presero gioco del mio accento.	They made fun of my accent.	12175789-29a5-5fa4-ac3a-aa2057619e12	33	27
Loro si presero gioco del mio accento.	They made fun of my accent.	cb21a82d-d000-52ab-968c-3e879fd2d64f	38	27
Il cibo qui è terribile.	The food here is terrible.	8b5e30f6-5952-583a-a1e0-c50f25aaf83d	24	26
Lei ha comprato un servizio da tè.	She bought a tea set.	06c4732a-1546-5e35-a06f-3511fdf0a580	34	21
Comprò un servizio da tè.	She bought a tea set.	4131beb3-ab54-59e9-99bd-0bf6c3d4050c	25	21
Lei comprò un servizio da tè.	She bought a tea set.	655c2c34-4bab-5a06-829b-9808ea6296ad	29	21
Sudo molto di notte.	I perspire a lot at night.	05c256d9-e431-53e7-b128-9a800646263d	20	26
Io sudo molto di notte.	I perspire a lot at night.	a9985b6a-1539-5c8d-ad1d-3e486a487413	23	26
Non avevo intenzione di essere egoista.	I didn't mean to be selfish.	80932c5d-2e8f-5db8-b4bf-5292cbad1bf7	39	28
Io non avevo intenzione di essere egoista.	I didn't mean to be selfish.	fbb1143f-81d1-5737-8213-208001adf7bb	42	28
C'è qualcosa dentro questa scatola.	There's something inside this box.	0920561e-557c-5c3c-b4f6-0870e8f27229	35	34
Ciao! Sta bene?	Hi! Are you ok?	5f04d0af-7f86-5074-b4e1-c48e07d630b9	15	15
Siamo canadesi.	We're Canadians.	095335e4-25ba-5790-8848-aa9d1653e707	15	16
Noi siamo canadesi.	We're Canadians.	3243c56e-78f2-5f8e-9b22-86f08fddf6de	19	16
Bevi birra?	Do you drink beer?	a1de849d-a203-5d5e-abd3-275ae8a8af21	11	18
Tu bevi birra?	Do you drink beer?	f869cd36-8986-53b4-acfe-114c23a1b91e	14	18
Beve birra?	Do you drink beer?	30624a91-faa9-5429-ae18-45448c2c6898	11	18
Lei beve birra?	Do you drink beer?	7edc50db-05ec-5597-a31d-3c7ebe22fddf	15	18
Bevete birra?	Do you drink beer?	38f205ac-a288-56a4-83e1-2f4b245fd7e0	13	18
Voi bevete birra?	Do you drink beer?	73dcc691-c1c5-5a46-a75e-be91eb1f5fb7	17	18
Prendiamo quello.	Let's get that one.	81b66bb7-e553-5bb0-9ce7-465d49a4be8a	17	19
Prendiamo quella.	Let's get that one.	d1d2d0b9-d041-5a39-8a58-38518add91e6	17	19
Li abbiamo visti.	We've seen them.	6f950b37-b4c2-52c6-8964-b45a01dbf6c8	17	16
Noi li abbiamo visti.	We've seen them.	ae427f98-7da3-5dc1-b2c1-b67ebd62ab49	21	16
Le abbiamo viste.	We've seen them.	ac2fe9ca-f025-5d68-af47-6397a12f52f5	17	16
Noi le abbiamo viste.	We've seen them.	f2eb2646-24c0-5108-9500-a5fcc229065a	21	16
La amava.	He used to love her.	814ed5d1-63cd-593b-8857-31461c3206c1	9	20
Lui la amava.	He used to love her.	215a7a93-a1c6-5b7b-9d78-31f45525ea4a	13	20
Tutti hanno paura di fare delle cose nuove.	Everyone is afraid of doing new things.	74a1e270-2146-5388-87da-43b302424eaf	43	39
Quanto può essere cattivo?	How bad can it be?	217af278-0095-5746-961d-3cf9f572894d	26	18
Quanto può essere cattiva?	How bad can it be?	888b57b6-187b-578f-a370-950a4506c19f	26	18
Tom non ha indizi.	Tom doesn't have a clue.	caad61e6-fe13-5d16-8381-4bcda760b003	18	24
Tom non ha alcun indizio.	Tom doesn't have a clue.	56821acc-2355-57e5-bdc5-3acf4e111c0d	25	24
Perché vuoi venderlo?	Why do you want to sell it?	e91008e4-db8e-5c34-88bd-71acac1e3e75	21	27
Perché vuoi venderla?	Why do you want to sell it?	0ff76815-b405-525a-bc23-f0e3649b7d1b	21	27
Perché vuole venderlo?	Why do you want to sell it?	6e3056a2-43d7-5d00-913c-08490394a3c8	22	27
Perché volete venderlo?	Why do you want to sell it?	82021cb8-6650-5abe-9369-a10f3a4860a0	23	27
Perché volete venderla?	Why do you want to sell it?	cb8b7ac4-4746-5cfd-8b75-b41c48cc66f9	23	27
Perché vuole venderla?	Why do you want to sell it?	537f4c62-b628-53bd-a57a-a78f21d0a362	22	27
Lui ha letto la poesia ad alta voce.	He read the poem with a loud voice.	0df90d90-3331-5ec8-abd8-addc78f96678	36	35
Lui lesse la poesia ad alta voce.	He read the poem with a loud voice.	c1e66b81-05e5-5d4e-8b48-d05ad5d624f9	33	35
Il significato di questa frase è oscuro.	The meaning of this sentence is obscure.	1faee60b-4632-5f1d-b821-3fcecec61d55	40	40
Qual è il limite di velocità su questa strada?	What's the speed limit on this road?	a6cb6f56-41f3-5192-bca3-7f0a20cfa8df	46	36
Non faccio una vacanza da anni.	I haven't had a vacation in years.	2e18a115-fa74-508f-990d-e4f9c296a047	31	34
Io non faccio una vacanza da anni.	I haven't had a vacation in years.	8848fe01-ffbd-516e-af59-a785a9bdaeec	34	34
L'amava.	He loved her.	b875b5b3-84ac-516a-baa8-53128b802792	8	13
Lui l'amava.	He loved her.	174115e3-8c7f-526e-947a-36faf4edbb92	12	13
Che fine hai fatto, Erin?	What have you been up to, Erin?	b47f8414-b309-570d-8f4d-8c9f903e3cf0	25	31
Che fine hai fatto?	What have you been up to?	20456661-2d46-5aed-a3ee-e6b7cf43291b	19	25
Che fine ha fatto?	What have you been up to?	1fd66162-6e0f-5555-bcf0-455915fb4761	18	25
Ho portato qualcuno dei miei libri da leggere.	I brought some of my books to read.	75bca510-68d2-5622-b91f-8a4600f8a153	46	35
Io ho portato qualcuno dei miei libri da leggere.	I brought some of my books to read.	df0f658d-96cf-5546-b28b-60fbba825c33	49	35
Tu pensi troppo!	You think too much!	fc45bd35-d360-5271-98f8-3ea2d53584b7	16	19
Lei pensa troppo!	You think too much!	b2e8e757-e9cc-5bdd-a802-7645aec13a6c	17	19
Voi pensate troppo!	You think too much!	7256b0d5-d50c-50d6-803e-5fb356a834e5	19	19
Noi abbiamo ancora un sacco di tempo.	We still have plenty of time.	6ef02e7c-7a54-51de-9419-85e055197b65	37	29
Abbiamo ancora molto tempo.	We still have plenty of time.	9fe57469-a279-5fee-8b4b-e84213875022	27	29
Noi abbiamo ancora molto tempo.	We still have plenty of time.	ddda883d-f7d2-5a15-8677-2e8077c25230	31	29
Non riuscivo quasi a sentirti.	I couldn't quite hear you.	2c890244-fbd0-59a4-9caa-011250aab539	30	26
Io non riuscivo quasi a sentirti.	I couldn't quite hear you.	659a6c9c-84a1-5b95-b0a0-e3573ebb82f7	33	26
Non riuscivo quasi a sentirvi.	I couldn't quite hear you.	dc5c8309-e7e8-5b44-aa6c-e6453224fbb8	30	26
Io non riuscivo quasi a sentirvi.	I couldn't quite hear you.	36d2124c-ec97-5534-9d49-0cee301ac6dc	33	26
Non riuscivo quasi a sentirla.	I couldn't quite hear you.	b71c0539-be8b-5457-8ecb-fa447ca37cf7	30	26
Io non riuscivo quasi a sentirla.	I couldn't quite hear you.	a97559ec-614b-596d-8763-3b8c7eab93b1	33	26
Etciù! Salute! Grazie.	Achoo! Bless you! Thanks.	d526f53b-d0ec-5e5b-9fc7-bb021fa5c281	22	25
Sto sanguinando pesantemente.	I'm bleeding badly.	616e2a61-c187-5b23-85ae-2265444ef19e	29	19
Io sto sanguinando pesantemente.	I'm bleeding badly.	8728327b-740d-5cfe-a14f-0e21bce2114e	32	19
Sanguino pesantemente.	I'm bleeding badly.	001d3dc2-642f-5f9e-993b-97ea89634d11	22	19
Io sanguino pesantemente.	I'm bleeding badly.	98a93900-4545-5866-8236-5f0fc5b681da	25	19
A che ora finisce il vostro corso?	At what time does your class end?	4451c1f8-60cd-5869-bb43-e7cca6484032	34	33
A che ora finisce il suo corso?	At what time does your class end?	d74aa82f-1356-570e-8879-efb1d7f2be84	31	33
A che ora finisce il tuo corso?	At what time does your class end?	e9ce49e8-b846-5b5e-aa31-cc9be6b497da	31	33
È la persona più avara che conosco.	He is the stingiest person I know.	6f94e9e8-4efa-5305-abcc-4bfce23b032b	35	34
Lui è la persona più avara che conosco.	He is the stingiest person I know.	3d0b2cbb-9351-5695-b11a-e468c8c390cf	39	34
È la persona più taccagna che conosco.	He is the stingiest person I know.	b226a182-cf3c-5fcc-b4be-ac00ff7fe698	38	34
Lui è la persona più taccagna che conosco.	He is the stingiest person I know.	daeff228-333d-562c-afe5-d2b2e9d56d26	42	34
È la persona più gretta che conosco.	He is the stingiest person I know.	4d9a708a-5567-5c8c-aeed-b90dd8d4f021	36	34
Lui è la persona più gretta che conosco.	He is the stingiest person I know.	bc639f4f-adeb-56d2-af81-806723d99c97	40	34
È la persona più tirata che conosco.	He is the stingiest person I know.	8e47a7b7-a571-502a-9037-138b52113a3d	36	34
Lui è la persona più tirata che conosco.	He is the stingiest person I know.	ef2b49d1-efd0-58ba-8bb1-b590591fa057	40	34
La decorazione non è male.	The decorating isn't bad.	63a7ef12-ef82-5db4-9d46-a7c56686cd0f	26	25
Le decorazioni non sono male.	The decorating isn't bad.	fc79a02c-88b6-5578-8d98-6a410a27b29f	29	25
Mi prometti che non mi lascerai mai?	Will you promise me that you will never leave me?	84cc3ac4-bb42-5c91-93e4-5fd0bb4e2604	36	49
Tom ha guardato Mary partire.	Tom watched Mary go.	a97f171c-65d8-5815-9929-3033dc8fc760	29	20
Gli ha consigliato di non andare.	She advised him not to go.	64e50d35-a9e5-5809-9710-b148b4391830	33	26
Lei gli ha consigliato di non andare.	She advised him not to go.	df18b283-aada-58ff-a8e6-23fb86117aa3	37	26
Gli consigliò di non andare.	She advised him not to go.	4f8bb00b-e8de-567a-a113-6431a8751e44	28	26
Lei gli consigliò di non andare.	She advised him not to go.	d97fad0a-a3ee-57bd-addb-43ad95be36e5	32	26
Ci è voluta mezz'ora per montare la tenda.	It took us half an hour to set up the tent.	fe922045-386a-5660-a54a-f4bc905e36b0	42	43
Ci volle mezz'ora per montare la tenda.	It took us half an hour to set up the tent.	cb3a396a-1adb-540e-ac66-195a38fd458b	39	43
Sto andando a imbucare questa lettera.	I'm going to mail this letter.	715f0eef-e3b8-526d-8d3e-e3ffd9e2e7ce	38	30
Io sto andando a imbucare questa lettera.	I'm going to mail this letter.	5b37a2f3-bf7c-52d4-92dc-4f5cd0b3f4b5	41	30
E anche tua mamma.	And your mom also.	a69f4845-e336-5f95-bda6-714570dee759	18	18
Dobbiamo cambiare il nostro piano.	We have to change our plan.	7289cc4a-f632-5d49-b22d-527f115d4ef4	34	27
Noi dobbiamo cambiare il nostro piano.	We have to change our plan.	9a949b1e-cb90-5cf7-9504-7005b93d5fe6	38	27
Laverà la bici questo pomeriggio.	She is going to wash the bike this afternoon.	d049ac0c-410e-52a7-bce1-0e9f0c89d839	33	45
Non è la soluzione corretta.	It is not the correct solution.	ceedd656-9e55-5eb7-9f37-ffa1bd682d38	28	31
Sono andato sulla scena del crimine.	I went to the scene of the crime.	eefb2fcf-ea16-557a-965a-6b58e2bed518	36	33
Io andai sulla scena del crimine.	I went to the scene of the crime.	2de8ae21-1544-5808-8ffd-e7ea42ab59a1	33	33
Questo è uno stallone o una cavalla?	Is this a stallion or a mare?	147f8254-eb4e-5276-babc-3d0c967477a1	36	29
Questo è uno stallone o una giumenta?	Is this a stallion or a mare?	99b31549-4534-5e2f-9cfa-461de11ea70a	37	29
È come un sogno.	It's like a dream.	4d91ba2e-73a4-5e44-bb8e-8c0fc1ad2fa0	16	18
È come un sogno diventato realtà.	It's like a dream come true.	72cb47f9-4a44-504d-af6a-98ef1f9f7953	33	28
Lui conosce New York come le sue tasche.	He knows New York inside out.	39ceb9d0-4997-50e8-af11-d95dfafa01d1	40	29
Conosce New York da cima a fondo.	He knows New York inside out.	6792dcf2-ffb2-5609-972d-aac9cff8f3c0	33	29
Lui conosce New York da cima a fondo.	He knows New York inside out.	a74509bd-9a68-5d6e-a07d-0874195da1c8	37	29
Devo entrare.	I need to go in.	25b7271a-8e22-5c92-89d1-59385e3e6e53	13	16
Io devo entrare.	I need to go in.	4c982475-ecc8-5e66-bcac-e05578fc7804	16	16
Ho bisogno di entrare.	I need to go in.	8f97fe6c-dbc9-54fe-b2a0-2dd57c019c9d	22	16
Io ho bisogno di entrare.	I need to go in.	f9d73194-2181-5ac1-993b-1cfb37ed2fda	25	16
Ho un sasso nella scarpa.	There's a rock in my shoe.	5ac71447-7037-5a3b-8eed-168e6fb1d87e	25	26
Ho un sassolino nella scarpa.	I have a pebble in my shoe.	38f23bfd-fa64-50e8-8718-42c3333ff1ad	29	27
Lui è occupato.	He's busy.	60e963f3-ca77-5324-b362-51d450f4dbba	15	10
È impegnato.	He's busy.	2e9e9ec0-2f79-50a3-8618-36752db77395	12	10
Lui è impegnato.	He's busy.	53d6614a-3001-5d8f-8cd0-33053e055b3e	16	10
I crisantemi hanno un odore dolce.	Chrysanthemums smell sweet.	01f5788d-ab0f-57b6-846c-47a986746f98	34	27
Annusiamo con il naso.	We smell with our noses.	f91ed748-8faf-5e86-9b89-7aba64dd57dc	22	24
Noi annusiamo con il naso.	We smell with our noses.	f102f45f-c22e-545d-ab6d-99b300318b1b	26	24
Lei è stata indotta a rubare dalla fame.	She was driven to stealing by hunger.	921eba14-1afe-5003-9991-adabf2acd8d7	40	37
È sulla buona strada.	He's on the way to go.	e9197887-0b1b-570d-bff4-7484659b320e	21	22
Lui è sulla buona strada.	He's on the way to go.	a774fb74-c972-5a14-b808-a4960c1746f1	25	22
L'acqua è tiepida.	The water is lukewarm.	7e58301e-cc43-5f74-bce4-1614a6f42eec	18	22
Hai visto che è impossibile?	Did you see it is impossible?	19b42cf7-7f11-5d5d-969b-eba81586021c	28	29
Ha visto che è impossibile?	Did you see it is impossible?	24335252-65aa-592a-9e61-5a5d8efa6f65	27	29
Avete visto che è impossibile?	Did you see it is impossible?	e2687dcd-2301-512c-8d85-8e1bbda5e91b	30	29
Non è seduto su una panchina.	He is not sitting on a bench.	c27bd58a-afeb-56bb-990d-de0aca3d549c	29	29
Lui non è seduto su una panchina.	He is not sitting on a bench.	435e0462-e3aa-5f04-b4c8-ec35330fc5d8	33	29
Non è seduto su una panca.	He is not sitting on a bench.	d7f31c45-cd28-5583-90f3-b9a731597071	26	29
Lui non è seduto su una panca.	He is not sitting on a bench.	55820962-eb57-5bb9-81c8-08d2c53391b8	30	29
Ce la caveremo.	We'll manage.	a23424ed-d81a-5bd2-a522-ab17e5e14f34	15	13
Noi ce la caveremo.	We'll manage.	1b95a820-24ec-588a-b536-a4769d3b7e1b	19	13
Non la voglio.	I don't want it.	9cf8f207-4b5f-5b90-af14-032565202437	14	16
Io non la voglio.	I don't want it.	11ed7327-4d68-5633-82bb-fee7161b9ef7	17	16
Non voglio questo.	I don't want this.	d31d2fe5-88e9-5343-bde5-ec250a72ee3f	18	18
Io non voglio questo.	I don't want this.	d793c84b-d701-5109-ad78-d882dc65f1bb	21	18
Non voglio ciò.	I don't want this.	9f7a5e49-5c5f-5478-888f-7200ac74f1f5	15	18
Io non voglio ciò.	I don't want this.	1e16a563-b6e1-5dd8-b0a8-552606fd5ecf	18	18
Non voglio quello.	I don't want that.	66c8d413-a63f-5eee-800b-a39cd53e0e1b	18	18
Io non voglio quello.	I don't want that.	026fe920-61a9-57a8-8a8a-a7eb7d6ad1e7	21	18
Non voglio quella.	I don't want that.	c025f9f3-1733-5095-bb32-b620d25d59a9	18	18
Io non voglio quella.	I don't want that.	f363e8c9-e115-5cc2-805f-5783ac115e7f	21	18
Non voglio che succeda.	I don't want that to happen.	358e027e-9b9c-5d3d-ab07-21c57414a624	23	28
Io non voglio che succeda.	I don't want that to happen.	a456fcfc-3aaa-586b-8aeb-994d7f5cb8e5	26	28
Non voglio che succeda quello.	I don't want that to happen.	6d2c7f46-22a1-5188-87ce-48b9a012c037	30	28
Io non voglio che succeda quello.	I don't want that to happen.	26e40587-342c-5705-b12b-c193cf416692	33	28
Lui insegna da 20 anni.	He has been teaching for 20 years.	74eeb3b8-1133-55c6-adc7-b8acf6b0ce06	23	34
Insegna da vent'anni.	He has been teaching for 20 years.	01494e77-8ab2-54e8-ac57-3665ba5559b5	21	34
Lui insegna da vent'anni.	He has been teaching for 20 years.	29940977-a7a8-5b9c-aa85-4ee56caba87c	25	34
Mi chiedo quanto ci vorrà.	I wonder how long it's going to take.	fde23551-fcbb-5cce-a838-ef308d7b12cb	26	37
Mi chiedo quanto tempo ci vorrà.	I wonder how long it's going to take.	99fe1827-e72b-5a93-869b-fd20f315ee96	32	37
Aiuterò.	I'll help.	88259ea2-d9b4-51b3-9434-f9b6882c56fb	8	10
Io aiuterò.	I'll help.	1679896f-fbaf-505c-930e-9b3afabe4897	11	10
Mi manca Tom.	I miss Tom.	16037162-faa1-504d-b07f-e072ba76a389	13	11
A me manca Tom.	I miss Tom.	2e91480e-d5bf-5e17-910b-982ae11af6d0	15	11
È una trappola.	It's a trap.	a76fb50e-82f2-5334-abfb-a7bbf5b4eac2	15	12
È stupido.	It's stupid.	2b79f892-687a-5fad-a8ff-bf12d65db757	10	12
È stupida.	It's stupid.	19dbbc15-9b49-5113-ae98-429cde93ab6d	10	12
È un regalo.	It's a gift.	306fb4dc-d716-511f-8876-6dbce35877a5	12	12
È per me.	It's for me.	4a24596a-7720-5cce-8660-9f392b215be3	9	12
È per noi.	It's for us.	04fb62c5-a123-5d94-ae60-d90672fd2557	10	12
Lui non è stupido.	He's not stupid.	021dd3f8-7ac3-55b7-bbc1-7d20f5e89f0f	18	16
È stupido e disonesto.	He's stupid and dishonest.	a002bc5e-8b98-530e-916a-b0c87f2e13ea	22	26
Lui è stupido e disonesto.	He's stupid and dishonest.	9e7a01d6-908f-5e52-865f-193d44befb95	26	26
È stupido e arrogante.	He's stupid and arrogant.	58800675-b5cb-59b1-a750-b61136ebd0d7	22	25
Lui è stupido e arrogante.	He's stupid and arrogant.	09031d62-41c9-51b0-b68d-ee58b8eb1ebe	26	25
Lui è così stupido.	He's so stupid.	94c1f573-4755-5436-9eed-32b62d2e6a34	19	15
È patetico e stupido.	He's pathetic and stupid.	e028f30a-449d-58bd-be5a-f61490a5e496	21	25
Lui è patetico e stupido.	He's pathetic and stupid.	28dde2bd-5c3b-5114-a25a-bebc2d406d2f	25	25
Lui è stupido.	He's stupid.	a3477ab1-a6c5-5615-8785-e9f1128cb4eb	14	12
Lei è stupida.	She's stupid.	8b0452c4-338d-5b7d-851d-dacb0a756845	14	13
Tom venne a Boston nel 2001.	Tom came to Boston in 2001.	41a1e322-0923-5082-be8b-8a5f33b08dcb	28	27
Tom è stupido.	Tom is stupid.	4928e626-387e-5713-9a26-864b0da12969	14	14
A lui piace cucinare per la sua famiglia.	He likes cooking for his family.	abb4e52f-e870-5e72-8ae1-d7bc12eba5ae	41	32
Non è qualcosa che farebbe Tom.	That's not something Tom would do.	a4bcb800-bf42-5a92-b30d-316d6835ebe6	31	34
Non è qualcosa che Tom farebbe.	That's not something Tom would do.	79f43cb2-0d3a-5d23-9e14-cf1c9068be3b	31	34
Tom vive qui?	Does Tom live here?	d2186346-eefb-55b7-9537-c495140041ea	13	19
Tom abita qui?	Does Tom live here?	4b396d2c-699c-506e-a558-1bc674e095af	14	19
Ti piace il cibo qui?	Do you like the food here?	59c5d7d0-3494-5be7-a90c-9a8723f262b6	21	26
Vi piace il cibo qui?	Do you like the food here?	948a16ae-e5d9-501e-9d23-515e140708a5	21	26
Le piace il cibo qui?	Do you like the food here?	44a71770-5be7-538d-a7ea-c147d76309fb	21	26
A te piace il cibo qui?	Do you like the food here?	a5d91c3d-1890-5a24-ad08-fb26d865e433	23	26
A voi piace il cibo qui?	Do you like the food here?	48f5cae0-8dbf-5edb-8be1-20311a7f7585	24	26
A lei piace il cibo qui?	Do you like the food here?	36eee9e5-d83a-5ce7-8486-2a72794f6dd1	24	26
Il treno ha due motori.	The train has two engines.	efb5e7ad-80f2-5436-bd60-7bfbdcd0ea93	23	26
Tom ha incoraggiato i nostri sforzi.	Tom encouraged our efforts.	0cb2a5d0-16ea-51a5-8212-c769a18fcc67	36	27
Tom incoraggiò i nostri sforzi.	Tom encouraged our efforts.	2aafe7b3-3890-57ed-bd02-45a9602dc698	31	27
A me piacciono i cavalli.	I like horses.	c90e3300-e2a3-569d-a0e1-513d05beb808	25	14
Io amo i cavalli.	I love horses.	32da97d4-8565-567c-94f6-ad4f9046bc00	17	14
Nego tutto.	I deny everything.	07c688e5-8ce4-5582-84dc-a200437a2e69	11	18
Io nego tutto.	I deny everything.	6e820a48-6471-5e37-afd9-daa729ddaa84	14	18
Lui ha negato tutto.	He denied everything.	5f47ff5a-fc02-55bc-b702-4f9bb83e4fb1	20	21
Negò tutto.	He denied everything.	414900db-9280-5797-ab52-946f8d55f883	11	21
Lui negò tutto.	He denied everything.	21437f53-7d39-5f82-8d77-4c9b5778b34f	15	21
Lei ha negato tutto.	She denied everything.	bf87273a-b34b-58d5-bdc7-087554247c6a	20	22
Lei negò tutto.	She denied everything.	9ef09546-43af-53b9-8c74-fd798394096c	15	22
È stato terribile.	It was awful.	3b264f8b-ee78-5cb5-b517-bdb50f9b06d8	18	13
Tom vuole sposare Mary.	Tom wants to marry Mary.	e459f320-4376-511a-820a-0b6d0b27b150	23	24
Tom vuole sposarsi con Mary.	Tom wants to marry Mary.	56ce9d57-c011-55b0-9c15-e2473277b699	28	24
Lo ammetto.	I admit it.	5c0df0ee-d07e-5086-962c-8c0b40334d43	11	11
Io lo ammetto.	I admit it.	55cdea20-8f6b-588d-8031-422599b449ad	14	11
Tom sembra molto distante oggi.	Tom seems very distant today.	3c538853-a252-586b-ab26-1dd42509fe54	31	29
Quella è stata una cena eccellente.	That was an excellent dinner.	c9fcf735-74d8-5199-a096-21c91d74f9e8	35	29
Continua.	Go on.	26629931-7f12-5ae2-ab72-4715cc39ef36	9	6
Continui.	Go on.	ee721a40-488b-564a-82d5-765ec210cfbc	9	6
Continuate.	Go on.	f96d561b-00c8-5d9f-b683-a6aef69a2141	11	6
Vada avanti.	Go on.	6b0eca53-3149-565f-8259-64f7a22387c3	12	6
Andate avanti.	Go on.	e601faf5-9a4a-5763-9256-c89a4ad66d70	14	6
Peso 130 libbre.	I weigh 130 pounds.	5cd8ce78-fcc8-5fb8-99a4-d9c356df8189	16	19
Io peso 130 libbre.	I weigh 130 pounds.	795a5821-2e6a-51d7-9d8e-12ec36f2f5b5	19	19
Peso centotrenta libbre.	I weigh 130 pounds.	af32a23d-3e54-5918-bda4-f942b0145875	24	19
Io peso centotrenta libbre.	I weigh 130 pounds.	b265dfb6-95ac-5b7f-b947-d9fb7190c2d4	27	19
Potrebbe succedere.	It might happen.	be03a8df-504b-56ec-8f32-b0ad856e34cb	19	16
Potrebbe capitare.	It might happen.	82f30683-95cd-5424-8068-e4ad6ac216c0	18	16
Posso rimanere.	I can stay.	62d6b56d-0817-50cf-b374-1693a0fbdfca	15	11
Io posso rimanere.	I can stay.	9dae4b99-821d-539e-9727-7f2212e59c67	18	11
Posso restare.	I can stay.	73a3ef19-2e67-54ce-9d8a-92f66b85ec0c	14	11
Io posso restare.	I can stay.	0ea1fe59-2f97-504f-ac0d-18a8c813b6c7	17	11
Conosco Tom.	I know Tom.	30178f53-25ad-557b-9841-7ca3966fea2a	12	11
Io conosco Tom.	I know Tom.	e412bfec-380f-561d-9154-a008f359f7b7	15	11
So cantare.	I can sing.	596cd4cf-d214-5f7a-b10f-86be841326fd	11	11
Io so cantare.	I can sing.	f0193e87-996e-5769-aaf1-c420728b6689	14	11
Posso cantare.	I can sing.	0af26d6a-9cbe-5562-9f21-53600fb1c041	14	11
Io posso cantare.	I can sing.	b3b4946c-cad7-5762-a740-ba5ecc546efa	17	11
L'ho rotto.	I broke it.	3b43f439-e8f3-5fbc-8f1b-57a07be57797	11	11
Io l'ho rotto.	I broke it.	4bd00ab3-d9c1-566d-924d-779927eab94e	14	11
L'ho rotta.	I broke it.	7f1efe70-85cb-5e0b-b6ee-fec55e366ed8	11	11
Io l'ho rotta.	I broke it.	dfec7ab4-fd08-54f4-948c-c8f0f925d693	14	11
Mi è stato detto di aiutare.	I was told to help.	e6c3b572-2cdb-5ec8-86d5-392ea09b03e1	28	19
Posso aspettare.	I can wait.	45e1386b-4331-5848-897e-20e700931aae	16	11
Io posso aspettare.	I can wait.	477039ed-d826-5bf9-9906-6d2423677bb2	19	11
Posso camminare.	I can walk.	7bfc6359-4e41-52d3-934d-afe88aefed14	16	11
Io posso camminare.	I can walk.	773577fc-213d-5475-bdcc-725458aec0bb	19	11
Riesco a camminare.	I can walk.	719a47af-0aa4-5f2f-b1d0-2942bef7a7c2	19	11
Io riesco a camminare.	I can walk.	a1ccd5f2-48be-5f7d-9d54-333a560d9bdb	22	11
Mi piace Tom.	I like Tom.	2ece05f6-38fc-52ec-bc8c-93e1d494021f	13	11
Tom mi piace.	I like Tom.	4b149f43-2b93-5f13-839d-e3210c769100	13	11
A me piace Tom.	I like Tom.	0260fbb0-3883-55c3-9bda-65a346322ba9	15	11
Ero in ritardo.	I was late.	dcc34582-dda2-52dd-9c7e-5f8d5361796c	15	11
Io ero in ritardo.	I was late.	d1a7430c-f5ff-5fd8-a657-2fdd42dc993e	18	11
L'ho detto a Tom.	I told Tom.	2aa8edf5-3394-5931-bfdb-9b6a4e81bd21	17	11
Io l'ho detto a Tom.	I told Tom.	8cec2ab8-bc5e-5a4c-a595-e109f8e08b61	20	11
Mi serve Tom.	I need Tom.	3517c605-99c7-593d-9883-473f4afa077c	13	11
A me serve Tom.	I need Tom.	32e9a8ca-4370-530d-9b20-eb72d5401636	15	11
Ho bisogno di Tom.	I need Tom.	1f7309dc-1e67-5a94-bb53-f3c316fc1ad8	18	11
Io ho bisogno di Tom.	I need Tom.	f7654c56-da2c-53a5-94ee-dcc4c88d7479	21	11
Ero occupato.	I was busy.	a0d79cc9-f242-5202-97aa-a7f29e8aaf98	13	11
Io ero occupato.	I was busy.	cd757dc1-02ea-561a-9578-b75fa8fea78b	16	11
Ero occupata.	I was busy.	6b13e5be-96ee-56c9-8781-d5fc5682018a	13	11
Io ero occupata.	I was busy.	ddc70edd-c194-5dd5-a440-1e77d33c0e62	16	11
Ero impegnato.	I was busy.	2f613643-9aff-56f6-9827-10601f8a8101	14	11
Io ero impegnato.	I was busy.	dc4031d7-d4ca-593f-9b4b-2126c48e3621	17	11
Ero impegnata.	I was busy.	3d512f9e-8e79-547e-99be-23bf563d61fa	14	11
Io ero impegnata.	I was busy.	9450bf41-851e-5174-a58e-feb5e40a0b47	17	11
L'ho provato.	I tried it.	148cc768-cc69-5e2b-b15b-668f10bdad13	13	11
Io l'ho provato.	I tried it.	b0756a42-4f37-57c1-bda6-456f04d04845	16	11
L'ho provata.	I tried it.	517c50d1-6231-5af1-b766-b18235918e26	13	11
Io l'ho provata.	I tried it.	45111754-adc8-5601-b858-e3eeef9916d7	16	11
Lo provai.	I tried it.	6f1e3d50-0c1a-5481-8c29-810f6a6c1b51	10	11
Io lo provai.	I tried it.	a75bf779-8c1b-5a7f-b526-6f059dd74b3d	13	11
La provai.	I tried it.	d0f43372-7226-590b-8352-754fcbb943f6	10	11
Io la provai.	I tried it.	c6b337e7-6cae-5d90-b039-060da8325fc9	13	11
Ero via.	I was away.	7363a054-f64a-579f-813e-85149b20404a	8	11
Io ero via.	I was away.	d4e3e911-285c-5e5a-8102-9ddcf1539763	11	11
Accetterei.	I'd accept.	22d2a931-0740-5eab-ac6c-5bad53183367	11	11
Io accetterei.	I'd accept.	8f7594ab-5862-5c15-99b1-ddd3f697dcaa	14	11
Ero debole.	I was weak.	c85ff476-7718-56ff-853d-0ba6c0e82928	11	11
Io ero debole.	I was weak.	a283a8e8-361f-5f86-b76c-4ed81457a732	14	11
Posso iniziare?	Can I begin?	33b90186-5678-5828-aaa0-cf528747ea0a	15	12
Posso cominciare?	Can I begin?	c96e5598-de30-5a9f-9d09-8b47c397128d	17	12
Venga a trovarmi.	Come see me.	e673af24-553f-5f33-a558-46947d8f8470	17	12
Venite a trovarmi.	Come see me.	73bb4181-968b-55db-9374-274f6188d336	18	12
Contaci.	Count on it.	fa3cfeef-f0c1-5dcb-ac51-4c388f2a2f23	8	12
Ci conti.	Count on it.	1c214498-f6f2-5e00-9e71-8246341a2ab7	9	12
Contateci.	Count on it.	aef965cb-2f71-5f97-99a8-e07f5ef2f8e1	10	12
Conta su di me.	Count on me.	98689f43-27ab-5d9c-82ed-1218586acb09	15	12
Contate su di me.	Count on me.	db521408-b00f-507b-af07-de7a28a9f6de	17	12
Conti su di me.	Count on me.	b49846a7-2cde-5127-96a0-73fb5046269e	15	12
Sono diretto.	I'm direct.	4e20576f-1959-5737-b59b-692bf489e0c1	13	11
Io sono diretto.	I'm direct.	4042dcc4-6cc2-5a17-9a95-3d367ae94f23	16	11
Sono diretta.	I'm direct.	372197ff-dece-5509-bbbf-67a92d5f4617	13	11
Io sono diretta.	I'm direct.	e4778852-b699-59cc-98c8-a5a73061de15	16	11
Sono a favore.	I'm for it.	d9c90058-2acb-5fce-a6b1-5731681452b4	14	11
Io sono a favore.	I'm for it.	2009596e-0be7-5695-bbcb-7c88dc41cc6a	17	11
Chiamami Tom.	Call me Tom.	78b69bd3-cef4-552e-a68b-8ee0b325b2d2	13	12
Mi chiami Tom.	Call me Tom.	8ef3037a-7b4c-559f-8489-0147edc1d492	14	12
Chiamatemi Tom.	Call me Tom.	345f5129-ff08-5d5b-a131-7181baee08a6	15	12
Sono tendenzioso.	I'm biased.	577e1513-dd7d-52cc-bde6-bd3b9de54d05	17	11
Io sono tendenzioso.	I'm biased.	fc9a6f33-6b42-5bc7-8458-2c1d7c94fa76	20	11
Sono tendenziosa.	I'm biased.	2d3635d8-a351-50b8-acf6-77823a79f0ee	17	11
Io sono tendenziosa.	I'm biased.	e57bd285-dc33-5038-91af-0c41bf868d2f	20	11
Sono di parte.	I'm biased.	ddd133d8-ec55-57d0-b6a1-70a2f73401d5	14	11
Io sono di parte.	I'm biased.	65c09574-b7ed-55e0-9697-950795eff13e	17	11
Sono parziale.	I'm biased.	b13b5c71-1c48-5bf9-9d99-17479a9ac2ae	14	11
Io sono parziale.	I'm biased.	f9db5c26-197c-540f-8788-b5ce23773c27	17	11
Sono fazioso.	I'm biased.	a541f416-ee96-5eab-bb43-4648e7c52cbd	13	11
Io sono fazioso.	I'm biased.	ffc9a591-c705-55c5-92d1-b8957719cd9e	16	11
Sono faziosa.	I'm biased.	e2ca5a88-e3d5-509f-b764-97a08991fd27	13	11
Io sono faziosa.	I'm biased.	b2dec65c-8933-5dff-876f-447593106fd4	16	11
Tom ha vinto?	Did Tom win?	d7c6ccd9-16b6-5222-83d2-93fb201c5b26	13	12
Tom ha provato?	Did Tom try?	bec0bb9a-dfca-531d-92a5-9f6549acaa84	15	12
Hai vinto?	Did you win?	84f56a8f-5293-5df4-ab52-8a311810cad9	10	12
Tu hai vinto?	Did you win?	e581ef14-0b65-5d80-b7be-d034ba095290	13	12
Ha vinto?	Did you win?	c88f8aef-13ed-5a1e-96ae-dc4cb4754ff0	9	12
Lei ha vinto?	Did you win?	08434d67-bda4-5e4d-b343-e70aa76de71b	13	12
Avete vinto?	Did you win?	297cf936-02dd-5833-afaf-af12eeac5463	12	12
Voi avete vinto?	Did you win?	3f31b99a-1dce-5872-896d-1fd46bc3d681	16	12
A te importa?	Do you care?	7cb52077-0cd5-57db-974f-fbe6680809b9	13	12
A voi importa?	Do you care?	cdd99d46-ca89-55ea-95bc-f0fcd0e3cf55	14	12
A lei importa?	Do you care?	d4d88a3e-ff83-545d-8e6f-2c50dc423bfb	14	12
Non entrate.	Don't go in.	d06648fe-ebf7-5429-a665-66f6f65dfa28	12	12
Non entri.	Don't go in.	c76ad672-9f28-5052-bfa7-990fe9a1b40c	10	12
Non andare dentro.	Don't go in.	0a8e9ac0-768f-5dd6-9440-83173d39be8f	18	12
Non andate dentro.	Don't go in.	6359f8b8-56b4-5365-8127-d19a53e4d543	18	12
Non vada dentro.	Don't go in.	38d8a24c-26b6-5969-9823-8106fd1762f0	16	12
Fai il tuo lavoro.	Do your job.	6877771b-6071-54aa-ab14-697165dcfdb4	18	12
Fate il vostro lavoro.	Do your job.	076e150c-b666-563d-b05f-1b0c5cd4070a	22	12
Faccia il suo lavoro.	Do your job.	db834c31-61c5-5678-8dfa-ba6ff84a4a21	21	12
Ti dispiace?	Do you mind?	55cad604-1175-59c4-ba20-0baa4a717eb7	12	12
Vi dispiace?	Do you mind?	399fa701-bf9b-5d2b-8406-92d760b52ea6	12	12
Le dispiace?	Do you mind?	eaa2ab95-9474-5eef-b35a-f75d3567e735	12	12
Mangia con noi.	Eat with us.	46e9b1a2-d6ab-5b3f-bf31-32768a8e6aad	15	12
Mangi con noi.	Eat with us.	fe5bd236-6c3d-52b1-a294-1cf4eadc53d0	14	12
Mangiate con noi.	Eat with us.	180b5a4d-3e2d-5341-95be-c6f349675ba6	17	12
Prendi la scatola.	Get the box.	455c4bd4-c5b0-519e-8cbf-dee89ad99161	18	12
Prenda la scatola.	Get the box.	e4009bc8-515e-5934-9a63-cd1d18627633	18	12
Prendete la scatola.	Get the box.	70e793f5-e2b2-5b49-b915-83faa1bed955	20	12
Vai a dirlo a Tom.	Go tell Tom.	d6d27af5-dfea-585e-aafe-c35a469ac23b	18	12
Vada a dirlo a Tom.	Go tell Tom.	f2856015-5f44-553f-882d-1e9e3fc37284	19	12
Andate a dirlo a Tom.	Go tell Tom.	637c4f9d-c255-5c69-962b-bfdb9f607343	21	12
Vai a scoprirlo.	Go find out.	2aa84caa-5651-581f-8ec0-ea4ee04f664a	16	12
Vada a scoprirlo.	Go find out.	2bbd0709-95ea-55a3-be16-0ab3979ad3cd	17	12
Andate a scoprirlo.	Go find out.	c41aa45b-06f1-5140-abf5-5be9ece5f107	19	12
Vai a sederti.	Go sit down.	51229fd0-407c-54af-89d6-c0a5f691fbd9	14	12
Vada a sedersi.	Go sit down.	2dd05db5-73e3-533c-8ac3-5147990c5b9b	15	12
Andate a sedervi.	Go sit down.	7ce2a69b-117c-5375-956d-6083a90853ba	17	12
Prendi un posto.	Grab a seat.	30e78287-7857-553b-8767-1285da854ef9	16	12
Prenda un posto.	Grab a seat.	8bd2c35c-dcdd-5f0b-9edc-35282ca7b899	16	12
Prendete un posto.	Grab a seat.	217877c2-f23a-5c6b-960f-4a18f4fc2695	18	12
Prendi una birra.	Have a beer.	ac644863-b1c8-53b6-aa1e-454ae17cffe1	17	12
Prenda una birra.	Have a beer.	4a1b36cf-0f74-57c4-8955-edfb991e33a8	17	12
Prendete una birra.	Have a beer.	e5685a55-1063-5a57-9d14-27f2791800b7	19	12
Dai un'occhiata.	Have a look.	094e1990-e74f-5e65-ab4c-e5812f53352e	16	12
Dia un'occhiata.	Have a look.	1d5d0e38-93d9-5a83-ab43-d126c61f51ac	16	12
Date un'occhiata.	Have a look.	280d017e-1a55-5f94-9988-a1f721644010	17	12
Potrei provare.	I could try.	bddda72d-c640-539d-b6f9-a2cf09d49436	15	12
Ci conosciamo?	Have we met?	ea53eb53-7674-5237-bd28-fc229dcc84a8	14	12
Noi ci conosciamo?	Have we met?	98f5a6b8-4eac-519a-949b-088bc3280a42	18	12
Noi non ci conosciamo neanche.	We don't even know each other.	8aa474e5-d77a-5477-8ca7-e49c36120ea4	30	30
Sei morto.	You're dead.	b0c6d1f2-6cfa-5e9b-bd27-68fb4b4a4ede	10	12
Tu sei morto.	You're dead.	988648ae-bdfe-51b4-b99d-1d2caa9e1ac4	13	12
Sono morta.	I'm dead.	85fe32fd-598f-57ed-9dbe-0a64b8025651	11	9
Io sono morta.	I'm dead.	670c82b7-db67-5ec0-b71c-bf85965944b0	14	9
Sono morto.	I'm dead.	4ce5b519-a1d8-58a7-91bb-cdf3b4c61e49	11	9
Io sono morto.	I'm dead.	1af52b09-455b-52b7-a0b6-6bd06584861e	14	9
Mi sono annoiato.	I got bored.	9198d1f5-a7a8-5db1-9130-3271fb55f5ce	17	12
Io mi sono annoiato.	I got bored.	78a1026d-fc5b-515a-b215-db74bd644418	20	12
Mi sono annoiata.	I got bored.	1ff9dc30-b06d-56e5-8bb4-36f65ed2a114	17	12
Io mi sono annoiata.	I got bored.	e9dbd696-ba08-5cb6-a862-deb929c4185b	20	12
Rimarrò là fino alle sei.	I'll stay there till six o'clock.	797cb12d-662d-5a55-917a-3549950390a0	25	33
Io rimarrò là fino alle sei.	I'll stay there till six o'clock.	8e707d62-98a4-57f7-b6a1-56b24887abd2	28	33
Io resterò là fino alle sei.	I'll stay there till six o'clock.	72c5f733-7d6d-53b9-9335-8510029ea068	28	33
Starò là fino alle sei.	I'll stay there till six o'clock.	1773965d-bbe4-54b1-8200-0208af70bd06	23	33
Io starò là fino alle sei.	I'll stay there till six o'clock.	18b5edbf-0202-5433-838c-f0c8923a7dbe	26	33
Ho trovato Tom.	I found Tom.	46dcb68b-7389-5ea5-80e9-0d9e5a423ceb	15	12
Io ho trovato Tom.	I found Tom.	d289aa7c-0d8a-5fe8-a6e4-aae2f33f3cbb	18	12
Trovai Tom.	I found Tom.	74a2533a-87bc-5878-9727-e6a5a93254fb	11	12
Io trovai Tom.	I found Tom.	ca279685-7fbf-5a06-9497-2cc664be3318	14	12
Odiavo Tom.	I hated Tom.	65dbe4ad-bf04-59a1-9cd7-d20314f947c9	11	12
Io odiavo Tom.	I hated Tom.	4ee68e8b-328e-5cc9-ba13-bfc1b7b845e1	14	12
Non sono andato.	I didn't go.	2a1d5b03-b4c0-5c74-a6f1-f340a6ab707b	16	12
Io non sono andato.	I didn't go.	6b36efd7-912f-57f1-b08d-7add3de2d7f2	19	12
Non sono andata.	I didn't go.	478dcf1b-d7aa-552f-865e-33c2ed29098a	16	12
Io non sono andata.	I didn't go.	5393b1f7-40a1-5ae0-9406-e144a0ceda02	19	12
Non andai.	I didn't go.	2f2c4d43-6a6c-54a4-99c8-4538202953ef	10	12
Io non andai.	I didn't go.	d86e53ea-0a86-5d86-a993-bf51b68e8038	13	12
Ho sentito Tom.	I heard Tom.	3c47e1eb-778e-56b8-a12f-1524dab41465	15	12
Io ho sentito Tom.	I heard Tom.	6ae89374-a0bd-5599-bade-1a6296685873	18	12
Sentii Tom.	I heard Tom.	28ad8306-3627-536d-8cdd-458e91f4000c	11	12
Io sentii Tom.	I heard Tom.	935fd9f5-8622-5b4b-8296-a2447abc3011	14	12
Sei a Boston.	You're in Boston.	76f191b1-7ab5-57ef-a40c-a4eefa09d996	13	17
Tu sei a Boston.	You're in Boston.	933a7a2e-36a7-5d12-ae03-2d8bcdb83621	16	17
Siete a Boston.	You're in Boston.	9a2f9956-5b68-50ca-8c12-18b909601096	15	17
Voi siete a Boston.	You're in Boston.	cee87149-c9ea-5f72-b2d8-dc8ea6561e44	19	17
È a Boston.	You're in Boston.	b38c2d59-7e06-5c86-b7ab-09e3ab8d157d	11	17
Lei è a Boston.	You're in Boston.	46f8a52e-762c-56d9-9cc0-0a64969773e9	15	17
Lui non ha mangiato niente ieri.	He did not eat anything yesterday.	2129edbf-7017-5c98-ac6b-b89b073d4399	32	34
Lui non ha mangiato nulla ieri.	He did not eat anything yesterday.	80ffed84-b843-5d14-b9dd-f0ef9f9b2635	31	34
Ero arrabbiato.	I was angry.	7457e29e-d15b-5d0d-8efb-dc5a1ceda924	15	12
Io ero arrabbiato.	I was angry.	3022a9ca-ac22-56a5-9cb6-7b16e887bdf5	18	12
Tom è troppo ubriaco.	Tom is too drunk.	b4f0b309-06cc-5728-9d9a-601043601837	21	17
Lei è troppo ubriaca.	She's too drunk.	c2fc83de-4adf-5583-816c-3d37f23849a6	21	16
È troppo ubriaca.	She's too drunk.	7f66e34b-84f1-5008-b3ff-362aa046d2d3	17	16
Siamo troppo ubriachi.	We are too drunk.	b0c5131d-7bdc-506d-bfd0-01848c139b6d	22	17
Noi siamo troppo ubriachi.	We are too drunk.	92236a5a-4245-5893-8cf2-2cbfd35359fe	26	17
Siamo troppo ubriache.	We are too drunk.	a73d3669-f0d3-571c-9f81-9d3554d5fd04	22	17
Noi siamo troppo ubriache.	We are too drunk.	5cc5b1ff-b06f-5630-82a0-958c959eb30b	26	17
Sono troppo ubriache.	They are too drunk.	ddeec425-9502-52ee-97ad-c587ec11ea06	21	19
Loro sono troppo ubriache.	They are too drunk.	fa456656-f30f-5a90-bc82-ec1013aca498	26	19
Sono troppo ubriachi.	They are too drunk.	711288f1-cafd-5581-a6e3-3782b465f14e	21	19
Loro sono troppo ubriachi.	They are too drunk.	974bc269-cfcd-5d04-ba07-59d99cda91f6	26	19
Ero ubriaco.	I was drunk.	f6e055b2-3f64-5393-a9e2-60be53ccf096	12	12
Io ero ubriaco.	I was drunk.	ea143dde-70dd-5169-8dea-c958bc93172e	15	12
Ero ubriaca.	I was drunk.	ac564a9f-4b46-56ea-8b9c-d8e14f6c683b	12	12
Io ero ubriaca.	I was drunk.	c35aa646-9e72-55f9-897d-6fcaaa3ae685	15	12
Tom è arrossito.	Tom blushed.	a960113c-fda7-58eb-8ca2-101172852e87	16	12
Tom arrossì.	Tom blushed.	2c712870-e089-57af-ba2c-1a69f8a34019	12	12
Amano la musica.	They love music.	844fe7c2-27c3-583b-af65-fb1d292921c7	16	16
Loro amano la musica.	They love music.	42e69741-9570-5712-9a58-e04775115d1c	21	16
Tom va a Nîmes domani.	Tom is going to Nîmes tomorrow.	dd6ded88-b8cb-5fbd-912d-3807ac62172f	22	31
Puoi darmi questo, per piacere?	Can you give me this one, please?	b12f0cd4-058a-5c3e-b98d-3b65a817495b	31	33
Puoi darmi questa, per piacere?	Can you give me this one, please?	3d72e75b-8f82-5bad-ac04-04a28e257323	31	33
Può darmi questo, per piacere?	Can you give me this one, please?	3018ab94-f547-52ab-b0a4-03b5dd38bf71	30	33
Può darmi questa, per piacere?	Can you give me this one, please?	fd5410b0-bc4c-59a9-9de5-8b5caff703fe	30	33
Potete darmi questo, per piacere?	Can you give me this one, please?	3e10935d-84b6-5cf3-8157-3bba6288edd8	33	33
Potete darmi questa, per piacere?	Can you give me this one, please?	0505ce07-7cab-5263-8cf4-35a2f678c544	33	33
Vanno a Nîmes domani.	They are going to Nîmes tomorrow.	3829a40c-346e-5208-b566-f56ae86f89bd	21	33
Loro vanno a Nîmes domani.	They are going to Nîmes tomorrow.	c1eb1e61-f81c-5ed8-b51e-ea52c88541ea	26	33
Vuoi che ti insegni qualche parolaccia?	Do you want me to teach you some swear words?	f737d0a5-39f6-5736-8215-47eccb1b1cb8	39	45
Vuole che le insegni qualche parolaccia?	Do you want me to teach you some swear words?	45342d49-145b-5e40-9127-ca0d55dba267	40	45
Volete che vi insegni qualche parolaccia?	Do you want me to teach you some swear words?	ce135d07-4626-54dc-9997-711e6fe4eb4f	41	45
Tom appare disorientato.	Tom appears disoriented.	e5a8a751-e4ee-520e-a3bb-635d45c49218	24	24
Ero annoiato.	I was bored.	4e952e01-6ce4-529f-b4c9-43209907511f	13	12
Io ero annoiato.	I was bored.	5aa1df7b-4d26-59ec-83fa-72e2c2ae2717	16	12
Ero annoiata.	I was bored.	ab316c7a-ecfc-5b46-a63d-0e4be8e12cd7	13	12
Io ero annoiata.	I was bored.	77c156c4-4570-52d3-99f7-e498a26897d4	16	12
Ero felice.	I was happy.	81cc8d05-088f-51c9-a40c-f38cb9b86f8a	11	12
Io ero felice.	I was happy.	b5af423f-be57-52c6-8576-df9650b2e980	14	12
Ero sveglio.	I was awake.	f83970a3-c1e5-5d98-8b6a-241fd58a21ea	12	12
Io ero sveglio.	I was awake.	6d8cee34-dc9f-50d4-9434-a58e652c8ee7	15	12
Ero sveglia.	I was awake.	2b472f12-0604-5de1-af6b-260ca7bd265a	12	12
Io ero sveglia.	I was awake.	376ce9c0-f2ef-5601-9cf6-4723a92277d2	15	12
Ho assunto Tom.	I hired Tom.	d82a63b6-2b40-50e6-89b6-3d914efb825b	15	12
Io ho assunto Tom.	I hired Tom.	089e483b-eec3-5bbc-9d52-8e0ff7bc105e	18	12
Assunsi Tom.	I hired Tom.	e23785fc-eb88-55c4-b797-a260613abad9	12	12
Io assunsi Tom.	I hired Tom.	532c1363-df07-5d5b-82e1-3b690edd4430	15	12
Tom mi piaceva.	I liked Tom.	434c65fa-326f-530d-9b06-54f2a9f53b20	15	12
Mi piaceva Tom.	I liked Tom.	35e3e32b-37aa-5fd5-9681-8ae2172f0463	15	12
A me piaceva Tom.	I liked Tom.	4d13222e-0f18-5068-bd30-02e1b456c5f8	17	12
Dove li hai indossati?	Where did you wear them?	b3cdc212-73c4-561a-8975-8267d7e7c21b	22	24
Dove le hai indossate?	Where did you wear them?	f21cc3f0-db71-5796-ac92-35e503836cf1	22	24
Abbiamo fatto buoni affari oggi.	We made good business today.	463697d3-d9a2-5e1e-a1b0-dfa05e7bc31e	32	28
Noi abbiamo fatto buoni affari oggi.	We made good business today.	2d050ab7-d825-5964-94ed-2e9eb67f82f2	36	28
Ha chiamato per dire che sarebbe stato in ritardo.	He called in to say that he'd be late.	dab0a6de-9509-5084-a759-04abb8cc8d35	50	38
A me piacerebbe andare.	I'd like to go.	be8275bf-4bf4-59be-b32b-05383244899c	23	15
Vorrei andare.	I'd like to go.	a9def56c-3293-54ca-b359-f90694b3061d	14	15
Io vorrei andare.	I'd like to go.	043bdc80-f0fb-5588-a98d-52a51e3c61b1	17	15
Ho finito il lavoro.	I finished the work.	77fb4b73-759a-53ba-9171-a688a6b011a2	20	20
Io ho finito il lavoro.	I finished the work.	676ea196-2bd1-571b-a2fa-c04f386eb8e4	23	20
Ho terminato il lavoro.	I finished the work.	2b0e842c-3dfe-5891-83f4-0274cb6fbdcc	23	20
Io ho terminato il lavoro.	I finished the work.	ea66d01b-a738-5439-abb1-d3ff2259339e	26	20
Emily e Kate sono amiche.	Emily and Kate are friends.	80171f1f-be74-5a4b-8f96-9d87a1c22f23	25	27
Emily va a scuola.	Emily goes to school.	17d8f550-e9c0-5f93-8f9c-671cb67f8839	18	21
Il gatto è molto carino.	The cat is very cute.	5090a4bd-3138-5d2c-852c-e56062265147	24	21
Ero al verde.	I was broke.	ae0f71c0-d00a-5311-a7b1-16eee120174d	13	12
Io ero al verde.	I was broke.	8aea7735-8971-5f06-a59f-b4b4d56410b3	16	12
C'ero.	I was there.	50460e18-df39-524e-8f05-d8933e905b2f	6	12
Io c'ero.	I was there.	5d66a5a6-db55-5a81-8360-62749e9294ab	9	12
Ero lì.	I was there.	95aca1b8-c296-5194-a901-b2b4512f2ade	7	12
Io ero lì.	I was there.	11c524c7-a14a-544e-bfff-fd7f9514c622	10	12
Ero nudo.	I was naked.	6ad187f5-ea81-5949-bed7-3f7db88e18c3	9	12
Io ero nudo.	I was naked.	1a55eb04-667c-57c4-b33c-9e6ab72a8f38	12	12
Ero nuda.	I was naked.	6fc20f35-b813-5a76-8ff6-a8a093ba868b	9	12
Io ero nuda.	I was naked.	25eeaf8b-7393-5ad1-b624-f721432a4933	12	12
Non chiederò.	I won't ask.	877d31c6-4825-503d-8d90-6ac639a94193	13	12
Io non chiederò.	I won't ask.	0a358c01-50eb-5f21-968a-9fcd2aa57746	16	12
Lavoro duramente.	I work hard.	ba04b9f7-4287-5a6b-9cf4-7a8bcf37d839	17	12
Io lavoro duramente.	I work hard.	cf0ea876-efc1-5238-91cb-56b987fdac78	20	12
Non mentirò.	I won't lie.	49630fb0-51a2-56eb-acac-0ea6b96e1ec7	12	12
Io non mentirò.	I won't lie.	4c14e59b-ba51-5841-ae83-170a054e1b30	15	12
Ero nella stanza.	I was in the room.	34584bc6-c506-57a4-9afa-50c9f9f476eb	17	18
Io ero nella stanza.	I was in the room.	96599bc1-11c4-5f04-a429-5bbea0f6fd03	20	18
Lo mangerò.	I'll eat it.	cae07028-34fb-5734-acf1-c31bf05c049a	11	12
La mangerò.	I'll eat it.	9d0800c0-605a-55c7-a13c-3ffc939f8d66	11	12
Non correrò.	I won't run.	8ce9cfac-3256-5854-bd75-681070e3eb2e	12	12
Io non correrò.	I won't run.	c5455315-45be-5853-934a-30113b2e1b70	15	12
Lo riparerò.	I'll fix it.	92820a54-b739-5e46-85ab-37895165b3c0	12	12
Io lo riparerò.	I'll fix it.	0cc36ad5-8519-5399-a7f7-f22eae7ac4d6	15	12
La riparerò.	I'll fix it.	63ffedf9-a0de-53ac-86ee-b11e277a73e3	12	12
Io la riparerò.	I'll fix it.	2de4281f-dbf6-559e-9d1f-cca7112de8f9	15	12
Chiederei a Tom.	I'd ask Tom.	3247b6f0-577d-5d0d-9d34-f7169d36b9fb	16	12
Io chiederei a Tom.	I'd ask Tom.	f83a9466-a2e8-58f7-b5d5-57884c91a592	19	12
Le porte sono aperte.	The doors are open.	c581c31d-449c-53fd-8823-0dbd78958f5a	21	19
Io non posso accettare questo regalo.	I cannot accept this gift.	c5ad2528-0062-5579-acb0-ce9aa30b97b0	37	26
Ha un gusto un po' amaro.	It tastes a little bitter.	1732c66c-5ec3-5f45-9081-f69f6d14be64	25	26
Darò una bella pulita alla stanza.	I'll give the room a good cleaning.	09a06891-1f55-5bb5-a2fc-c57762021a60	34	35
Lui dev'essere molto felice.	He must be very happy.	c0a997ce-b102-5caa-b912-f2e5029e0766	28	22
A tutta birra!	Full speed ahead!	dfddf5ef-d2f6-59d9-a795-ac5023a9007c	14	17
La giuria ha raggiunto un verdetto?	Has the jury reached a verdict?	cd6882ee-2261-55e6-b717-123357623d5d	35	31
Due, quattro, sei e otto sono numeri pari.	Two, four, six and eight are even numbers.	71fb957d-c0ff-5250-8fd9-1f69c62f658a	42	42
Cosa ne sarà del Giappone?	What will become of Japan?	4b51607e-7f25-5a54-a4c8-d8a0afcdb541	26	26
Che cosa ne sarà del Giappone?	What will become of Japan?	2b4709c2-680b-5c98-8f21-e2eb44405505	30	26
Che ne sarà del Giappone?	What will become of Japan?	f077f226-54ba-5bdb-85bf-d665c60d8240	25	26
Siamo venuti assieme per formare un gruppo.	We came together to form a group.	9d1e7143-3ca8-5365-bbcf-4c8f89a9d818	43	33
Noi siamo venuti assieme per formare un gruppo.	We came together to form a group.	57f773f0-47b8-5cdb-acb0-9daaeeaa9f8c	47	33
Siamo venute assieme per formare un gruppo.	We came together to form a group.	5716a798-b770-5b03-9a28-39e66af5c6aa	43	33
Noi siamo venute assieme per formare un gruppo.	We came together to form a group.	73f2b1a3-3feb-5ea5-b6db-bf07c9166a06	47	33
Lancia una moneta.	Flip a coin.	cce24577-490d-55c8-8d42-bb4d4cf8bf31	18	12
Lanci una moneta.	Flip a coin.	fb3b61e5-5266-5bd2-976a-a874f5349b16	17	12
Lanciate una moneta.	Flip a coin.	ac58eff4-b22b-5ef9-b9dd-53c82427eb21	20	12
Alzati ora!	Get up, now!	f48ae92c-60a6-5a74-864e-4deb136f3bb8	11	12
Alzati adesso!	Get up, now!	27f2a114-e5c7-562c-bfcd-1ff6962c4b19	14	12
Si alzi ora!	Get up, now!	7edb5529-2992-5f15-a33b-ba660431fff9	12	12
Si alzi adesso!	Get up, now!	c0400dba-5516-5c0f-b308-6a5037d74b06	15	12
Alzatevi ora!	Get up, now!	84cf9800-737d-5958-9d7b-872b3ccd096e	13	12
Alzatevi adesso!	Get up, now!	6c159f7b-f37e-55db-aac7-4485121d4073	16	12
Ero turbato.	I was upset.	8ea84a1f-af30-5c10-9fad-b6f222c6f818	12	12
Io ero turbato.	I was upset.	8ac137d7-e6f3-534c-bdb2-41a64807d190	15	12
Ero turbata.	I was upset.	dc5ac21e-bf0a-53bd-bb5b-53a0da52c14a	12	12
Io ero turbata.	I was upset.	92c76cbc-9026-53b4-8c14-852606dcbf77	15	12
Ero sconvolto.	I was upset.	9dd06a24-ff2b-5106-b008-9a921834348d	14	12
Io ero sconvolto.	I was upset.	92a7652b-27c0-5e41-91d9-5d85c9fc1f83	17	12
Ero sconvolta.	I was upset.	cdaf0dcc-4b1d-5154-8c06-3a8abb8657f9	14	12
Io ero sconvolta.	I was upset.	425cf961-98e7-5fcc-910f-8b28a670dec2	17	12
Ero agitato.	I was upset.	d3b353ad-cfc9-5f2c-94d7-1a082ec0708c	12	12
Io ero agitato.	I was upset.	9e9b67f2-9ddc-5956-9844-00a3a321e930	15	12
Ero agitata.	I was upset.	5aae466d-bce1-5b67-8f80-4e725b72a308	12	12
Io ero agitata.	I was upset.	892ea68e-9926-56fe-8eff-cc809b9ced77	15	12
Ero scioccato.	I was upset.	6926e75f-e9d0-51ac-9ca4-af7a66f6ab12	14	12
Io ero scioccato.	I was upset.	1efaba37-5d6c-547a-a2bb-baf7d01d66ac	17	12
Ero scioccata.	I was upset.	da563c49-a473-5f10-8e9f-6d22cbaf915c	14	12
Io ero scioccata.	I was upset.	205140bd-0ac8-56e1-b646-387f7c263db8	17	12
Obbedirò.	I will obey.	257d30b8-98a3-5d7a-a6f8-7a098352bba7	9	12
Io obbedirò.	I will obey.	21523b21-0c9c-53cd-891d-7dd22fb77a62	12	12
Ubbidirò.	I will obey.	dbe87bb3-9fc1-5037-9451-731652a54073	9	12
Io ubbidirò.	I will obey.	1194f5b6-09d0-5411-959f-bdb774b25f18	12	12
L'ho lavato.	I washed it.	e586892a-9012-5e62-b60a-bd8ed75c64ca	12	12
Io l'ho lavato.	I washed it.	8573c247-14ca-5afa-ad96-e980fffe39fc	15	12
L'ho lavata.	I washed it.	67d2e3c7-2330-5937-8c78-246139ee212d	12	12
Io l'ho lavata.	I washed it.	48b5ae8d-de74-5fd7-bd4c-bc808dc076f0	15	12
Lo lavai.	I washed it.	87a20665-19ba-54b3-896f-3eede5b47feb	9	12
Io lo lavai.	I washed it.	c7b7fccc-add4-55db-8460-cc74b592364e	12	12
La lavai.	I washed it.	db07fa12-53de-5845-9b3e-b855f1cc7009	9	12
Io la lavai.	I washed it.	686917cb-1935-524c-bf16-43ce4a981900	12	12
Camminerò.	I will walk.	cd70d7c3-989d-57a5-ad7c-2a5950ee0a4c	10	12
Io camminerò.	I will walk.	1b51a1cd-e8c8-539c-a1cf-8e70a1b8623b	13	12
Io sono imbarazzato.	I'm ashamed.	b1d27cf2-bbac-547a-a726-5e0405141edb	20	12
Io sono imbarazzata.	I'm ashamed.	1d33b160-3275-5a77-93c8-8e73ee921a7e	20	12
Io sono confuso.	I'm confused.	046974c0-6f8a-50c7-9965-0c6dd003e0de	16	13
Io sono confusa.	I'm confused.	e53bfd4a-9470-515d-9578-890691a0502d	16	13
Sono al lavoro.	I'm at work.	70d21161-9883-5067-90b0-dbea684b283e	15	12
Io sono al lavoro.	I'm at work.	60209271-9139-5be2-900e-b8ec61e16e3f	18	12
Loro sono al lavoro.	They are at work.	07f0070f-9fce-5273-a705-85fc399ed4fb	20	17
Quand'è andato in Europa?	When did he go to Europe?	47303e1b-ec53-52d6-a2d1-640ddd10a0a8	25	25
Lui quand'è andato in Europa?	When did he go to Europe?	05ff76ab-c18e-5288-9e41-c5cf13687079	29	25
Andrò a vedere.	I'll go see.	0cae27e1-e204-534a-ba61-62bdba89e9ef	15	12
Io andrò a vedere.	I'll go see.	97d16d09-c50e-516b-9e3d-5237385a836b	18	12
Andrò a trovarla domani.	I'm going to see her tomorrow.	7a77c0fd-2a63-524a-a6fa-6ee15cbd0c10	24	30
Io andrò a trovarla domani.	I'm going to see her tomorrow.	e360d44a-92a6-5f4f-b62f-7872d6ea8cba	27	30
Lo proverò.	I'll try it.	57724f63-be50-55a0-a7ea-296f77931932	11	12
Io lo proverò.	I'll try it.	228ac648-3649-513e-bd90-a5ecd222edf4	14	12
La proverò.	I'll try it.	4d18eeda-1301-5867-8861-f9fe90bb7626	11	12
Io la proverò.	I'll try it.	a956c14d-af2d-56ee-8e3e-3d85dcb829ca	14	12
Sono cauto.	I'm careful.	f40a5911-eade-5bf9-bc8d-c19628d4f6c0	11	12
Io sono cauto.	I'm careful.	5a01a6ff-5dd4-54b2-9122-187492fa2a6b	14	12
Sono cauta.	I'm careful.	fbc15d2d-ec3a-53d2-9c0b-e8399775536f	11	12
Io sono cauta.	I'm careful.	c5429e6c-9ff6-5482-9161-511a5ae99087	14	12
Sono prudente.	I'm careful.	57e7b448-8e37-5501-b869-441ee7c2031b	14	12
Io sono prudente.	I'm careful.	23c3c258-ee46-5676-9ac0-ad6b01b6a62a	17	12
Starò qui.	I'll stay here.	7be029ed-1758-5b9e-bfca-cd631b888ac3	10	15
Io starò qui.	I'll stay here.	cd4f63d5-8d13-5798-8ef9-66f8ea04a524	13	15
Rimarrò qui.	I'll stay here.	3a1125aa-c4c6-5aa0-9570-d86a4d5eb99e	12	15
Io rimarrò qui.	I'll stay here.	08e4c737-9427-55ad-84e9-c72f820ec231	15	15
Resterò qui.	I'll stay here.	3ed95cf1-3b95-5951-8c0b-4915774fb619	12	15
Io resterò qui.	I'll stay here.	6e2a5d09-17c8-5256-b797-461ee2914376	15	15
Ho ragione.	I'm correct.	6ca0a332-c804-518e-8c2e-edba6ec2243b	11	12
Io ho ragione.	I'm correct.	a0f33541-5cde-5e88-a76e-4532793910e8	14	12
Posso dimostrare che ho ragione.	I can prove that I am right.	12ceda07-0473-5271-bd2f-21844a4374e1	32	28
Io posso dimostrare che ho ragione.	I can prove that I am right.	d00d6d36-b498-5db5-a693-f898ad43e175	35	28
Io sono destrimano.	I am right-handed.	f6562628-7f1c-5ddc-9456-d22b074a10bd	19	18
Prendiamo un po' di caffè.	Let's get some coffee.	eb78f37d-ef81-5f40-8687-5f24b362303c	26	22
Posso finire?	Can I finish?	2169709f-e4ce-5a8a-8905-67d76f5969eb	13	13
Posso vederla?	Can I see it?	c5ad8ef5-537c-5d8e-b3c2-e873e3449bed	14	13
Posso usarlo?	Can I use it?	b141a8c2-35ee-543f-b62b-b3d98029198e	13	13
Posso usarla?	Can I use it?	fe54aeea-b4c2-59f9-978e-5dc1b70c7fe2	13	13
Posso utilizzarlo?	Can I use it?	a2c25ea3-0fb7-5730-a2eb-25a3c67d5efd	18	13
Posso utilizzarla?	Can I use it?	0f91df68-2bee-5fec-8920-097659e07a16	18	13
Sono minuzioso.	I'm finicky.	522b574b-15f8-5228-a97f-6ee0364c6766	15	12
Io sono minuzioso.	I'm finicky.	5881b92f-52a2-59df-8ef8-5ba5f068bd11	18	12
Sono minuziosa.	I'm finicky.	7c698986-32ef-563d-aa56-b02bc44ed841	15	12
Io sono minuziosa.	I'm finicky.	c2acafa4-18bc-5163-9012-a439b9f0929e	18	12
Sono meticoloso.	I'm finicky.	27a38885-ece0-508e-8c5b-61c0145684f7	16	12
Io sono meticoloso.	I'm finicky.	f330cf85-4bee-5d2b-8fe3-6e37401e3cdb	19	12
Sono meticolosa.	I'm finicky.	c38a6268-3fcd-5d5b-842b-c434a839032e	16	12
Io sono meticolosa.	I'm finicky.	71c14eb3-5a7b-5ffd-b6ca-b70371e9921b	19	12
Sono puntiglioso.	I'm finicky.	6159db64-98a8-50a5-89db-8aa09d22b251	17	12
Io sono puntiglioso.	I'm finicky.	e9e795b3-6a4b-5237-9aa1-a412b4b79747	20	12
Sono puntigliosa.	I'm finicky.	54c70f18-983c-5f80-9cb3-cfddf63334ce	17	12
Io sono puntigliosa.	I'm finicky.	89ea4927-fb15-5476-8065-6a8c3588abea	20	12
Sono schizzinoso.	I'm finicky.	af25108f-7332-55b8-b7d3-c4a89d75cfad	17	12
Io sono schizzinosa.	I'm finicky.	19e5a082-7b20-5437-8669-23ed79e06bdb	20	12
Sono un perfettino.	I'm finicky.	3a8cf306-8415-5f67-8491-99e941a582f9	19	12
Io sono un perfettino.	I'm finicky.	7922c5ee-ea3e-5555-97b4-0931e535d5a6	22	12
Sono perfettina.	I'm finicky.	3a182fcb-f70d-5360-a0c9-26dd5fd45ece	16	12
Io sono perfettina.	I'm finicky.	c3f91ae1-17ce-5524-be07-8b27bad873ed	19	12
Possiamo farlo?	Can we do it?	0083d7d2-e06d-5267-aba8-4afc3bd22001	15	13
Vieni fuori ora.	Come out now.	599944c5-a96d-5b29-9465-2ba55be2bd3e	16	13
Vieni fuori adesso.	Come out now.	96622d28-388f-52a6-8e4f-9ce12ec13b49	19	13
Venga fuori ora.	Come out now.	efe12613-2694-5d2b-b9ee-955630332d3f	16	13
Venga fuori adesso.	Come out now.	9423e82c-ead0-52a0-99df-f124ae555074	19	13
Venite fuori ora.	Come out now.	a4dec3ef-9be2-53b1-91b1-968d1e9baadf	17	13
Venite fuori adesso.	Come out now.	28472035-d6a6-5369-b4ff-15f8952d3e11	20	13
Conta fino a dieci.	Count to ten.	adbbd0e9-e0aa-5922-92a2-3b4dee00c792	19	13
Contate fino a dieci.	Count to ten.	f6633899-f65b-521d-9b91-f21ba26c2119	21	13
Conti fino a dieci.	Count to ten.	c540a572-5159-52b0-ac53-582c917de661	19	13
Tom ha aiutato?	Did Tom help?	de4cc7ca-9f45-5bfb-8651-67bb50694de5	15	13
Tom ha pregato?	Did Tom pray?	77c79afe-3804-501c-961b-0df4961f5415	15	13
Hai dimenticato i soldi?	Have you forgotten your money?	da0b9b94-88e4-5b58-ab27-af47dd04e789	24	30
Hai dimenticato il denaro?	Have you forgotten your money?	fd961d1a-72ad-58de-bac4-cc015039bf6c	26	30
Ha dimenticato i soldi?	Have you forgotten your money?	522d98e0-2abf-51e0-81e8-7dcf76f8cdbf	23	30
Ha dimenticato il denaro?	Have you forgotten your money?	e2db99ea-49f1-5b11-b654-06231c174c17	25	30
Avete dimenticato i soldi?	Have you forgotten your money?	c67b9858-026e-52a4-a03f-86d34bb3206b	26	30
Avete dimenticato il denaro?	Have you forgotten your money?	4a2fafd6-65e5-5b24-9082-b83dd7f6e2c6	28	30
Voi ragazzi dove siete andati?	Where did you guys go?	166cf325-cf86-55df-a21b-908a1c54bb5c	30	22
Il problema potrebbe essere nel motore.	The trouble may lie in the engine.	b89be0d3-b5bf-5e5e-b802-38e987098b7c	39	34
Tom lo sapeva?	Did Tom know?	e831703b-7af8-5571-885f-adfe3e77b95c	14	13
Tom ha nuotato?	Did Tom swim?	cf2c41c4-9f48-5f69-8f6a-f11f1e9c2a99	15	13
Fallo lunedì.	Do it Monday.	abab7794-a3fc-5f67-b466-77996997940e	13	13
Lo faccia lunedì.	Do it Monday.	3882365b-cc5b-5a94-a4e1-630840dbe025	17	13
Fatelo lunedì.	Do it Monday.	dc5f31d5-ff93-5d10-bd56-e379582b6102	14	13
Fallo in ogni caso.	Do it anyway.	46aeb912-0d59-5767-a731-d98458bf8e5f	19	13
Fatelo in ogni caso.	Do it anyway.	d67e3a3e-be0f-5852-afd3-fa0080ed9203	20	13
Lo faccia in ogni caso.	Do it anyway.	9c0dc525-9498-5d47-acf7-4fc29b080f7a	23	13
Fallo con gentilezza.	Do it gently.	43d4984a-f473-5e08-8b4d-d838dae67013	21	13
Fatelo con gentilezza.	Do it gently.	68ef65a9-4c81-5306-a97d-1d24df094d2d	22	13
Lo faccia con gentilezza.	Do it gently.	1ce5c512-2d5c-585a-9ccf-bcb4519cbc1f	25	13
Non essere riservato.	Don't be coy.	0a7064f0-6820-5d1b-986a-ead149e3b677	21	13
Non essere riservata.	Don't be coy.	f4df5bbb-41b9-53b9-a53f-69ba28d27fda	21	13
Non essere schivo.	Don't be coy.	4014a34d-287d-5116-9406-458631d789ea	18	13
Non essere schiva.	Don't be coy.	08186dcc-c777-5646-8c74-b30f86283456	18	13
Non essere ritroso.	Don't be coy.	7a1fd961-c66a-53f3-b7fd-310e2583328d	19	13
Non essere ritrosa.	Don't be coy.	6a250ce6-d1bb-50f7-b6ff-d3345ae6d640	19	13
Tu balli?	Do you dance?	7a6d41f0-fc25-5e86-868f-4a7d3c7708cf	9	13
Tu danzi?	Do you dance?	ee992662-9b01-54ff-aa93-e9f7f6ee3c09	9	13
Lei balla?	Do you dance?	dcab04b9-1966-5755-96ae-cf88a8448489	10	13
Lei danza?	Do you dance?	2c3fb0e9-7053-557c-b2c2-509656f52864	10	13
Voi ballate?	Do you dance?	41e424c3-99da-5591-b093-499530b5cf78	12	13
Voi danzate?	Do you dance?	b54b76ef-557f-559b-90fa-c09f1ffb6c03	12	13
Sono sotto la doccia.	They're in the shower.	cfa6a707-6525-57ba-95e2-4543d6d09b76	21	22
Loro sono sotto la doccia.	They're in the shower.	14b983e8-c059-5841-a03f-ffed41acd10d	26	22
Sono nella doccia.	They're in the shower.	26ac2683-2dc6-5d88-a446-7f253982b140	18	22
Loro sono nella doccia.	They're in the shower.	5aa1caa9-7485-536e-b1fb-448de6be71ad	23	22
Lo capisco un po', però non lo so parlare.	I understand it a little, but I can't speak it.	1987abea-f6b9-56b8-b157-04d115c2fabf	42	47
Io lo capisco un po', però non lo so parlare.	I understand it a little, but I can't speak it.	1bef77d0-3c99-5b1d-bfc4-e9cb0027feaa	45	47
È sotto la doccia.	She's in the shower.	275a81cf-ca43-58be-800c-8be3124a8287	18	20
Lei è sotto la doccia.	She's in the shower.	f61d42eb-9b65-5ad3-96f5-6973b239c30f	22	20
È nella doccia.	She's in the shower.	cbe3e48f-ea00-5f76-ac24-53472df01223	15	20
Lei è nella doccia.	She's in the shower.	72d5e7a8-072e-5d0a-8725-ba9a0c47798b	19	20
Lo sanno?	Do they know?	13996662-3fbf-5f44-883d-f0289e27b2a4	9	13
Loro lo sanno?	Do they know?	5c3c02f6-3dfd-5876-93b3-fe21b597719e	14	13
Era sotto la doccia.	He was in the shower.	446d395b-d3bf-512e-8043-0a33420a377a	20	21
Lui era sotto la doccia.	He was in the shower.	a6563521-8d43-5118-a40f-059a49f3a3fa	24	21
Era nella doccia.	He was in the shower.	8154b0d6-699d-5bf3-811c-2accd8589868	17	21
Lui era nella doccia.	He was in the shower.	547e8d67-466d-50be-b67e-1d957dc6b285	21	21
Vai in classe.	Get to class.	b2779341-ddb0-5870-b4d6-6c91e0379ed7	14	13
Vada in classe.	Get to class.	3ab1db5b-458d-5b51-9a51-c44b0bce544f	15	13
Andate in classe.	Get to class.	2b153761-4569-50df-931e-5f0a9ac6bfd5	17	13
Prendi il libro.	Get the book.	a019ed13-b287-579d-bad3-2f1384ee6d8e	16	13
Prenda il libro.	Get the book.	0d8c8350-ea06-545b-b8ff-1aaaaa09ed3f	16	13
Prendete il libro.	Get the book.	caa5ed04-bb59-535c-abef-55a8eb831c5d	18	13
Combatti o muori.	Fight or die.	61edc287-a381-5857-bafb-5290c1204117	17	13
Lotta o muori.	Fight or die.	c605d798-1788-55df-947c-b8193a98d74a	14	13
Non colpirmi.	Don't hit me.	07322a41-4aee-5482-bf19-07df4c3f2929	13	13
Non mi colpire.	Don't hit me.	c32f6671-a24e-54b6-9664-2481f2f835d3	15	13
Non colpitemi.	Don't hit me.	ab0d0e88-309e-567a-9fda-a0e62628ee03	14	13
Non mi colpite.	Don't hit me.	b0ca5223-d84e-5f30-b0e5-1074dcbdca4b	15	13
Non mi colpisca.	Don't hit me.	5e16dcba-5d6a-5ab1-b029-527efbdd10f1	16	13
Non ti alzare.	Don't get up.	70343e1c-0e22-546c-9ccf-5f9ce6157cdd	14	13
Non vi alzate.	Don't get up.	04c41097-7235-51bf-a46d-a952dca1461f	14	13
Vattene, Tom.	Go away, Tom.	92f593c2-3623-5f19-9a6d-e1fc4379f870	13	13
Vai via, Tom.	Go away, Tom.	09666272-ec20-5b61-9ffc-a7e9213d0fbf	13	13
Vattene via, Tom.	Go away, Tom.	75b550b3-c57f-5f1e-bad9-0c3a7f3634c5	17	13
Torna indietro, Tom.	Go back, Tom.	c5802047-8872-5146-b559-17c7b3e14d28	20	13
Afferralo, Tom.	Grab it, Tom.	d49c348e-a323-5aae-b5f2-aad7fccd26e3	15	13
Afferrala, Tom.	Grab it, Tom.	2d4324f6-6f58-5be8-9018-3468c39552c9	15	13
Cresci, Tom.	Grow up, Tom.	b53573ac-82a8-53c3-94f7-64801d63f504	12	13
Rimani in linea, Tom.	Hang on, Tom.	606601f8-257d-57b0-82a1-292240c67074	21	13
Tom è partito?	Has Tom left?	42c9d6d0-d1f1-5ee7-a635-a84841afa9db	14	13
Hey, svegliati!	Hey, wake up!	a8eafe3c-6505-5f20-959f-ed4e979c8a2f	15	13
Hey, svegliatevi!	Hey, wake up!	215decee-d7bf-59b6-b04b-1d240cfe5f10	17	13
Hey, si svegli!	Hey, wake up!	08131f0d-b365-57cb-83b2-879e216a29c2	15	13
Ecco una penna.	Here's a pen.	64b1132a-6183-505b-ab4b-8d8003adf15d	15	13
Ecco una biro.	Here's a pen.	64552820-9cb1-5fdc-a521-c915c7e31d44	14	13
Aiutami, Tom.	Help me, Tom.	d7cb24b8-9235-5377-908d-671eeb8bf409	13	13
Aiutaci, Tom.	Help us, Tom.	b6954c67-8651-5209-8bbe-d62a43c5db35	13	13
Prendi un assaggio.	Have a taste.	a5c0779b-fae2-567b-88b7-865d23502a15	19	13
Prenda un assaggio.	Have a taste.	32af7fcd-b7d8-5456-b570-ec914e34ed5d	19	13
Prendete un assaggio.	Have a taste.	9566bf8e-fcb6-5506-8fe3-3edc15dc2bfa	21	13
Me lo merito.	I deserve it.	98587b66-cd71-553d-8fcc-1b280b95c7f3	13	13
Ce la posso fare.	I can manage.	b50aa8cd-989c-55e6-92c4-0ac9d26c5a95	17	13
Io ce la posso fare.	I can manage.	ae416bd1-3bb2-5750-beda-6a4ee33afa83	20	13
Potrei aiutare.	I could help.	209b9f76-5e28-5096-830c-a51b529d1c5f	15	13
Io potrei aiutare.	I could help.	9db1dc0b-6434-5b2a-ace0-4328be8b58a7	18	13
Ho chiamato Tom.	I called Tom.	c02433ec-371d-5b3d-b970-36b0677c46f7	16	13
Io ho chiamato Tom.	I called Tom.	2e7e897a-91c8-5522-95e4-26736ea4eb33	19	13
Chiamai Tom.	I called Tom.	d229c416-c552-5708-a27e-0848fab3a855	12	13
Io chiamai Tom.	I called Tom.	bfb55953-4e87-5472-a0dd-4fa602304f75	15	13
Ci credo.	I believe it.	d9af31a4-0158-5583-ad86-d6c1804881b8	9	13
Io ci credo.	I believe it.	75e061c1-5511-5319-be43-75348b491a43	12	13
Tom probabilmente sta dormendo.	Tom is probably asleep.	0202ea23-647b-50af-b85f-c02e6acd54ee	31	23
Questa risposta l'ha fatto arrabbiare.	This answer made him angry.	7f9e841a-3a3f-5788-98eb-ed754180234a	38	27
Questa risposta lo fece arrabbiare.	This answer made him angry.	e4e15436-6596-5664-8fa5-02a9684c6bbf	35	27
Tom non sa che ora è.	Tom doesn't know what time it is.	818c6164-bea1-58b4-b77a-c6d6cd9d0622	21	33
Potrei camminare.	I could walk.	0df494dd-7caf-5c47-811b-2ca5682849a0	17	13
Io potrei camminare.	I could walk.	900c1579-19b0-5357-a18d-d468bb4324cc	20	13
Potrei passeggiare.	I could walk.	1b485906-aa7a-58b2-82b1-f1d015e31ae3	19	13
Io potrei passeggiare.	I could walk.	8a45aca6-a4c4-5d1f-94c8-208adc2530a6	22	13
Sono stato preso.	I got caught.	d5ffcdd4-162e-5023-8a85-9eb30ab569fe	17	13
Io sono stato preso.	I got caught.	b3c8e7c1-3ec6-53f2-a9a9-a4218df605cd	20	13
Sono stata presa.	I got caught.	ecfa5385-cf41-5351-af9a-fb9ab067d239	17	13
Io sono stata presa.	I got caught.	77c76237-cbde-5f4d-bfb9-f622be0f63f0	20	13
Tom non sa come si chiama questo in inglese.	Tom doesn't know what this is called in English.	6589b3a6-3ab6-5371-9f8e-efaa84d9fbd7	44	48
Tom non sa come si chiama questa in inglese.	Tom doesn't know what this is called in English.	e4e52402-8472-54bb-8123-ea35a649702e	44	48
Tom non mosse un muscolo.	Tom didn't move a muscle.	47cfd769-1e67-54cf-9a22-67a00bb40f38	25	25
Tom non ha mosso un muscolo.	Tom didn't move a muscle.	de06112b-43eb-593e-a08a-9174b112c16f	28	25
Un poliziotto è venuto da me.	A policeman came up to me.	d3479289-ae77-5e07-80e7-1f15a703e9d4	29	26
Un poliziotto venne da me.	A policeman came up to me.	d2ca710b-209a-5a3f-a8c1-ad09c245e395	26	26
Quando sarai online?	When will you be online?	550546ca-a55a-58f5-a772-587ecc303b4c	20	24
Quando sarà online?	When will you be online?	26b5d739-73a0-531d-adc8-6c7172f0c17f	19	24
Quando sarete online?	When will you be online?	f7f93595-8247-52dd-bb00-d0a13cfe86ed	21	24
Quando sarai in linea?	When will you be online?	30061767-582f-5369-8a8a-01c49471a82d	22	24
Quando sarà in linea?	When will you be online?	2fcfdcae-71d6-5f6f-bca4-c06b912262fd	21	24
Quando sarete in linea?	When will you be online?	3805c231-7f13-569b-9735-b092cbb5ded9	23	24
So che ce la posso fare.	I know I can make it.	e324f104-ffa3-511a-833a-b15c081825c3	24	21
Lo so che ce la posso fare.	I know I can make it.	c81bcbe4-babb-57ed-9558-42bde83f6f18	27	21
Ce la posso fare in due ore.	I can make it in two hours.	48617575-6340-5e48-87ed-fae56f59ff0a	28	27
Io ce la posso fare in due ore.	I can make it in two hours.	176be17d-2397-5b72-a7f3-93809e533350	31	27
Mi è venuta fame.	I got hungry.	5727c657-9efb-5b1c-9f4c-4c4c0c79049a	17	13
Ho aiutato Tom.	I helped Tom.	0d26981c-68b2-5427-9831-c8a8e87a89f8	15	13
Io ho aiutato Tom.	I helped Tom.	69ea8d38-8a48-5c68-b699-90699ae1cf3b	18	13
Aiutai Tom.	I helped Tom.	41dc4619-14c2-5ba3-99a8-750967771503	11	13
Io aiutai Tom.	I helped Tom.	1c304a6a-d8de-55ec-a8ac-a1d6a50a3687	14	13
Mi sono spaventato.	I got scared.	83a52f9d-8798-5a57-95be-ee8f15f50eb1	19	13
Io mi sono spaventato.	I got scared.	5bc92ec0-6b3f-55d1-bc99-93db74f6ff1a	22	13
Mi sono spaventata.	I got scared.	2a21143d-8734-59b3-81ed-21a6003edc61	19	13
Io mi sono spaventata.	I got scared.	57d83bae-7d67-5bcd-9156-a4996387a5c4	22	13
Odio l'opera.	I hate opera.	dc00e828-92f8-50e2-bdd4-dace66b78c48	13	13
Io odio l'opera.	I hate opera.	c2eef9b9-7cbf-5ab6-8abb-28d92ff10765	16	13
È perché mi ama.	It's because she loves me.	15c8b246-aff1-5be9-bb44-176abfba67b2	16	26
È perché lui mi ama.	It's because he loves me.	d956929c-d02d-51ad-9e02-c85f2f2014e8	20	25
Mi ama per ciò che sono.	He loves me for who I am.	abc9a35b-7caa-548f-82d0-473c2d602058	24	25
Lui mi ama per ciò che sono.	He loves me for who I am.	0bdfd92c-987f-51fd-9aac-d2914069644a	28	25
Mi ama.	He loves me.	1125bbca-df0c-54d6-bed8-634443c5fdf3	7	12
Lui mi ama.	He loves me.	359e041d-93d2-53f1-acdb-2c75c9ea4f3d	11	12
Lei mi ama.	She loves me.	90e290eb-de24-57a5-87dd-4bf78f2e9725	11	13
Mi ha detto che mi amava.	She told me she loved me.	219c0073-d53a-502d-b6fb-499af233f5e5	25	25
Lei mi ha detto che mi amava.	She told me she loved me.	f66205e1-ed5d-53ed-858b-bd7ae75e4817	29	25
Lei mi ama e io la amo.	She loves me, and I love her.	7b515558-897b-52e8-b44c-1782402aafb1	23	29
Io amo mia madre e lei ama me.	I love my mother and she loves me.	4fe7738c-05d3-5eac-b5a3-48cd970087d1	30	34
È perché lei mi ama.	It's because she loves me.	38444222-9ab5-56f4-9beb-d070575e3766	20	26
Uno per tutti e tutti per uno.	One for all and all for one.	5b99a1a5-ee7c-57cb-80ae-7e6ae31a6466	30	28
Ha contemplato il loro piano.	He contemplated their plan.	3720f120-7ab9-53cc-8848-578e51c2fdc5	29	27
Lui ha contemplato il loro piano.	He contemplated their plan.	ea8d8e48-e9a1-51b7-b6c5-4d7d610f85a1	33	27
Contemplò il loro piano.	He contemplated their plan.	6f642056-a0d8-55b2-805c-2a08dc726160	24	27
Lui contemplò il loro piano.	He contemplated their plan.	33f28b1a-a89e-5d8a-bbed-65c43e6e8b62	28	27
Sapevo che eri la persona giusta a cui chiedere.	I knew you were the person to ask.	40ba6312-86bd-53a0-a629-3d430acbb7ef	48	34
Sii come me e prendi un bicchiere di vino.	Be like me and have a glass of wine.	231d4deb-25f8-58c9-98a4-4f2e564be8b0	42	36
Sia come me e prenda un bicchiere di vino.	Be like me and have a glass of wine.	900f013a-3f2f-54df-9912-1b3c3bb94d2e	42	36
Siate come me e prendete un bicchiere di vino.	Be like me and have a glass of wine.	a33a33a6-fb6d-5818-9c16-fd8e0029fa64	46	36
Non comportarti come se non sapessi ballare.	Don't act like you don't know how to dance.	5585a51a-fe2b-52c3-9a4b-755772bba0aa	44	43
Non si comporti come se non sapesse ballare.	Don't act like you don't know how to dance.	2c60cc8d-c8b9-548c-ab0d-c06ed0e44322	44	43
Non comportatevi come se non sapeste ballare.	Don't act like you don't know how to dance.	e34f077d-6bf8-5c74-a8b3-6cd5a3bb7f38	45	43
Guarda cosa mi ha portato per il mio compleanno!	Look what she brought me for my birthday!	2950243e-ff00-577c-ba06-4238fbac4578	48	41
Guardate cosa mi ha portato per il mio compleanno!	Look what she brought me for my birthday!	b2aaccc1-8b3d-5b9c-8509-258657450b4a	50	41
Guardi cosa mi ha portato per il mio compleanno!	Look what she brought me for my birthday!	bf009622-05a7-5298-a52c-43557af45b97	48	41
Quando hai imparato a nuotare?	When did you learn to swim?	aeaa3b60-bf6e-59d4-8aca-41b226955daf	30	27
Quando ha imparato a nuotare?	When did you learn to swim?	30960238-eb6f-5573-890d-fcee01a14548	29	27
Quindi non è più giustizia.	It is then no longer justice.	a066083d-d0b1-5887-b771-b2e93b1cbc6f	27	29
Quindi non si tratta più di giustizia.	It is then no longer justice.	ea02f3f0-31c8-5d48-85b1-41d5525dde48	38	29
Non devi rispondere.	You don't have to answer.	7d457c91-357b-521c-bc5c-f9596c155470	20	25
Non deve rispondere.	You don't have to answer.	6238f440-4de0-56cf-aa17-ca6110551e32	20	25
Non dovete rispondere.	You don't have to answer.	b10507da-16b5-5a03-90fd-3b922619e6ed	22	25
Ha tirato un sasso nel lago.	He threw a stone into the lake.	d0181313-c3e2-503b-b40f-e4873fe3726e	28	31
Lui ha tirato un sasso nel lago.	He threw a stone into the lake.	1597386e-8176-527d-a33a-f59d2f169e13	32	31
Tirò un sasso nel lago.	He threw a stone into the lake.	f72aae35-588f-5f85-aa65-ce1cc8cafc07	23	31
Lui tirò un sasso nel lago.	He threw a stone into the lake.	12727583-0c93-5c44-873b-796f81af8b04	27	31
Tom si è tolto il cappotto e i guanti.	Tom took off his coat and gloves.	d5858846-74d1-53aa-91f1-f4311fce851b	38	33
Tom si tolse il cappotto e i guanti.	Tom took off his coat and gloves.	763a1d27-2681-510b-a468-8e28f31909ff	36	33
Sei sicuro di non volere nulla?	Are you sure you don't want anything?	93190b5d-b14b-53fe-af58-60a4cc8a4340	31	37
Sei sicura di non volere nulla?	Are you sure you don't want anything?	d1d28833-9e49-5d2c-ad65-528d2462aa92	31	37
Siete sicuri di non volere nulla?	Are you sure you don't want anything?	2322948d-2297-5b14-a04c-4a96b8fa4318	33	37
Siete sicure di non volere nulla?	Are you sure you don't want anything?	02e9bf1e-1f94-5ee9-b713-2b135aeb78a0	33	37
È sicuro di non volere nulla?	Are you sure you don't want anything?	016f4c0c-14b3-54cf-87d2-f4803fbae97a	29	37
È sicura di non volere nulla?	Are you sure you don't want anything?	bbbabd6c-2007-511c-80fd-c15e2aec7ae7	29	37
Indossava un vestito bianco.	She wore a white dress.	106978f5-00b8-5a79-b644-84315d39f762	28	23
Lei indossava un vestito bianco.	She wore a white dress.	2fd380ef-a03f-5131-acd9-d5306a87236f	32	23
Quel posto è occupato.	That seat is taken.	b9ee9e11-af4f-54c6-a436-33dbddf19e02	22	19
La sua spiegazione non è chiara.	His explanation is not clear.	3da44664-044d-5f45-a24a-773f37d2a796	32	29
Provo sempre.	I always try.	ce2cc218-7574-504a-87cd-494102b29a81	13	13
Io provo sempre.	I always try.	d4ae0d4b-dbc0-51e7-b64e-d12425e30dae	16	13
Come sono andato?	How did I do?	d684d2b8-3cc0-5a66-b2e6-8d683a7c421b	17	13
Come sono andata?	How did I do?	9af29e4a-02a5-5d9e-b1bb-da7c5d4a3457	17	13
Io me lo merito.	I deserve it.	d9171775-4184-5528-9a9f-2a16fecdf6ad	16	13
Sono stato scaricato.	I got dumped.	5a0cc83d-bf52-5212-919d-3b854fc72957	21	13
Io sono stato scaricato.	I got dumped.	8d181f79-0a39-55c4-8cbd-e6bf8fb06a32	24	13
Sono stata scaricata.	I got dumped.	cc5f4d25-da0b-5ff0-b9d2-893ff762f044	21	13
Io sono stata scaricata.	I got dumped.	2b15eeb2-06bd-5526-81a0-fa4f2dc0916d	24	13
Ho bisogno di un abbraccio.	I need a hug.	0425bb0e-91f2-5b81-868e-acebe4207b22	27	13
Io ho bisogno di un abbraccio.	I need a hug.	a25c1a32-17e2-551c-93d5-250d8718e36b	30	13
Mi serve un abbraccio.	I need a hug.	9e286e22-4fef-5b79-a841-e75ca5bad568	22	13
A me serve un abbraccio.	I need a hug.	d6ad3571-9e91-5f1c-a99d-5b80cfe2a82e	24	13
Mi è mancato Tom.	I missed Tom.	bb5e8ab3-2ad8-5b4a-aadf-08cf8e135a1e	17	13
Tom mi è mancato.	I missed Tom.	6a010ea1-1197-5b13-be0d-c905b455a742	17	13
A me è mancato Tom.	I missed Tom.	f7bdfd66-63de-5404-a08b-b982094894e6	19	13
Mi serve una macchina.	I need a car.	e33605b1-6352-51b0-a5f1-03e1ea0a3374	22	13
Mi serve un'auto.	I need a car.	7f9be970-e540-5393-8a29-e54556588ce3	17	13
Mi serve un'automobile.	I need a car.	b96f59ea-2292-5081-bf08-0cea6c10d4c0	23	13
Ho bisogno di una macchina.	I need a car.	d615a278-5d4a-5459-a28a-e90013ecff83	27	13
Ho bisogno di un'auto.	I need a car.	43e47a9e-c88f-5a44-afe8-491d1638d776	22	13
Ho bisogno di un'automobile.	I need a car.	d165b1e1-b5f8-5e65-8be8-d2f9acd7e22c	28	13
Mi serve una borsa.	I need a bag.	ef48a0a4-8569-5684-ba7f-04690d7463d4	19	13
Ho bisogno di una borsa.	I need a bag.	36e7db1e-cda5-5efd-8a67-d0fff6ea532a	24	13
Mi serve un taxi.	I need a cab.	4779e3b6-15d4-55d8-995f-f84379cab39f	17	13
Ho bisogno di un taxi.	I need a cab.	2997046d-900e-5b20-b102-87a3fa9a3646	22	13
Insegno qui.	I teach here.	7873754d-7290-567f-a082-3326a0572c32	12	13
Io insegno qui.	I teach here.	7dc0a75e-9334-5b9d-bec6-0e727f0be79a	15	13
Ho corso dei rischi.	I took risks.	5ef55aab-57a8-5d40-bef7-470f586ec736	20	13
Io ho corso dei rischi.	I took risks.	6c6cc21d-ad46-5863-a983-e20ffad8b37b	23	13
Corsi dei rischi.	I took risks.	413da51e-5ca9-545a-8120-97ac4015e5e8	17	13
Io corsi dei rischi.	I took risks.	77760177-63b8-53ad-9d2c-2b0a402d5671	20	13
Voglio dei tacos.	I want tacos.	85d89ff6-db14-5172-9f49-6de159a90e42	17	13
Io voglio dei tacos.	I want tacos.	05814d54-fe9b-502a-8453-c6a54574998f	20	13
Ho provato duramente.	I tried hard.	e1cb3a41-f6f6-5d18-94e2-f078ecf1c216	21	13
Io ho provato duramente.	I tried hard.	675baa38-dd5b-5b6b-85ea-a6e35fcd11a7	24	13
Provai duramente.	I tried hard.	3c8edb09-0203-51e6-98d2-f9bde61708b7	17	13
Io provai duramente.	I tried hard.	ebbf1119-4d40-5f17-b7be-fd8f9c6003db	20	13
Non verrò.	I won't come.	61f03a36-185f-52a0-99a7-b760c18323c7	10	13
Io non verrò.	I won't come.	ba47b97b-bef1-5255-bee1-f07bb7e1a2f7	13	13
Prenderò del ghiaccio.	I'll get ice.	d2623284-9432-5144-9604-f1bbda5512f2	22	13
Io prenderò del ghiaccio.	I'll get ice.	0dc561b1-6888-51e1-8f4f-ead1106054a9	25	13
Io sto bene.	I'm doing OK.	016946c2-984e-5a5f-aa7d-a87892536482	12	13
Sono creativo.	I'm creative.	982c858f-a413-537c-ad8a-5e70f41c17a2	14	13
Io sono creativo.	I'm creative.	02065235-f981-5eb0-8215-ac2f555f0122	17	13
Sono creativa.	I'm creative.	a38544da-00d7-51c9-81bb-786c975373c7	14	13
Io sono creativa.	I'm creative.	4abc0563-a6d3-5117-99f9-4f6981f2d692	17	13
Sono diligente.	I'm diligent.	66f7cfba-f71b-54b8-9b14-001ed5adfa86	15	13
Io sono diligente.	I'm diligent.	65a1a4de-1ca8-5f0a-8618-a40b5bf05d96	18	13
Sono coscienzioso.	I'm diligent.	27d67a1d-a651-5efb-849c-52675c6ce8d7	18	13
Io sono coscienzioso.	I'm diligent.	1b391388-cf54-56ec-a412-de91b5e239ac	21	13
Sono coscienziosa.	I'm diligent.	4628a2a2-254e-589d-87c6-789eca7fb515	18	13
Io sono coscienziosa.	I'm diligent.	253466cf-8ed8-50a9-9a03-86028f17a4a8	21	13
Sono accurato.	I'm diligent.	5c8f0927-2ac9-593d-a09a-6cec15e1de49	14	13
Io sono accurato.	I'm diligent.	7e02e889-3af2-5f72-a874-d2d3610f9c57	17	13
Sono accurata.	I'm diligent.	efc8c4ed-3771-545f-b4dc-226c9b2ff8f4	14	13
Io sono accurata.	I'm diligent.	9e9162e3-a2a0-50fe-a54b-af2e65be298c	17	13
Sono riservato.	I'm discreet.	6f3282df-48d0-563a-b5a2-2c91d07a5f8b	15	13
Io sono riservato.	I'm discreet.	2b34a012-4dcd-52b4-8bf7-2f829b05b5f9	18	13
Sono riservata.	I'm discreet.	cfebab95-8037-58ef-bc7f-964366449d37	15	13
Io sono riservata.	I'm discreet.	6ae58f41-4864-56a8-a007-3d4d95194253	18	13
Sono discreto.	I'm discreet.	6c92792e-f95a-5ea2-aa35-4f8c13115ef6	14	13
Io sono discreto.	I'm discreet.	c1dac282-9c03-500b-9c27-daf4b9c41cb1	17	13
Sono discreta.	I'm discreet.	b2d8a8c7-dc7b-5436-bcb5-b1d17e8fb590	14	13
Io sono discreta.	I'm discreet.	bf483869-0bc5-551b-849f-db4e7a7f98ed	17	13
Sono colto.	I'm cultured.	14c29f28-ce18-52a7-9871-644969ac0bbf	11	13
Io sono colto.	I'm cultured.	d5b171a2-5fb8-5ca6-a332-2e94dedc0b36	14	13
Sono colta.	I'm cultured.	5c1b6ec5-6c89-5e74-b511-3f63578a4994	11	13
Io sono colta.	I'm cultured.	aebbb1d7-f96c-58ba-9ef0-5639453f765a	14	13
Sono acculturato.	I'm cultured.	8d92f0d6-a586-5e85-910f-1cbfce5f4dd7	17	13
Io sono acculturato.	I'm cultured.	521bc700-267d-52e2-b151-e182a2f80390	20	13
Sono acculturata.	I'm cultured.	98718ab1-d49a-53f2-a97b-b8f769af2e01	17	13
Io sono acculturata.	I'm cultured.	3420e6c9-e02c-5410-bda7-d965dcffad58	20	13
Sono deciso.	I'm decisive.	bfc37c5e-b61b-51db-b334-f794f309bff7	12	13
Io sono deciso.	I'm decisive.	84e3d0e5-2f95-5374-9700-6f2d4b56475d	15	13
Sono decisa.	I'm decisive.	469d49c0-a2a0-5731-8a2d-13fbe9244c8e	12	13
Io sono decisa.	I'm decisive.	895db469-6da3-5120-802a-c16ec39ee2e4	15	13
Sono fermo.	I'm decisive.	9bb8b68c-c356-54e0-8b84-969b557c08df	11	13
Io sono fermo.	I'm decisive.	bb6c5b8b-150c-5d44-87b6-b29e9d81fc27	14	13
Sono ferma.	I'm decisive.	8423774a-5580-526e-bdb4-41a9d2bcd0cf	11	13
Io sono ferma.	I'm decisive.	2e06bc11-6914-5a02-ae41-b03a3f027beb	14	13
Sono risoluto.	I'm decisive.	bbaf392a-c96d-511f-a47c-739e6e439abb	14	13
Io sono risoluto.	I'm decisive.	923cf7cc-9332-53c0-ab0d-bf3adaab5bcc	17	13
Sono risoluta.	I'm decisive.	ff81821c-2ae0-558a-ab92-8f5f34a67d4e	14	13
Io sono risoluta.	I'm decisive.	9f05ee7f-2c28-58c4-bdc3-a55541d46ca0	17	13
Sto bluffando.	I'm bluffing.	713f02b6-0d5b-5cca-bea8-30df3afd792c	14	13
Io sto bluffando.	I'm bluffing.	8171bc1d-8c02-502d-8a1e-09170ffebadc	17	13
Entrambi si sono seduti.	Both sat down.	fc066a5d-16f3-5d64-a62a-2e936a48aa53	24	14
Entrambe si sono sedute.	Both sat down.	60aa3a96-2c4f-5792-b644-7089b9e85817	24	14
Entrambi si sedettero.	Both sat down.	cbe18cfe-a1c6-578c-909f-460128abb065	22	14
Entrambe si sedettero.	Both sat down.	c6adee8c-ff41-562b-81eb-f78368d02310	22	14
Sei un poliziotto?	Are you a cop?	cb7801c2-3da0-529d-bf67-22afd0145dd1	18	14
Tu sei un poliziotto?	Are you a cop?	0895bc44-c664-55de-bbd6-89f0c0e2611e	21	14
È un poliziotto?	Are you a cop?	61de9dc8-901a-5b15-8f91-2b70409afa38	16	14
Lei è un poliziotto?	Are you a cop?	092fb02d-9e58-5498-8103-24056ee9a04c	20	14
Sono flessibile.	I'm flexible.	91bf6cc5-3623-5cca-8bcb-dbd14ae1aa2e	16	13
Io sono flessibile.	I'm flexible.	3385e073-5d83-54e0-a197-f86095c3316f	19	13
Sto bene ora.	I'm fine now.	3fabc466-3c62-5147-afc0-453a1d8d5d99	13	13
Io sto bene ora.	I'm fine now.	e79f7df6-f2e9-58da-868c-0c9a78f08ede	16	13
Sto bene adesso.	I'm fine now.	b4b35bb6-c057-5984-81dd-c0ffa11e2e67	16	13
Io sto bene adesso.	I'm fine now.	17e4884d-cf3d-53c5-8b24-26ca6b40002e	19	13
Sono a favore di quello.	I'm for that.	c132ca7e-ee2b-5f1b-934f-f62c6569c980	24	13
Io sono a favore di quello.	I'm for that.	452caf37-c23b-5e3b-990d-dd7bb72c421a	27	13
Sono a favore di quella.	I'm for that.	d7542590-1148-5e58-9da6-e199f7d97c1c	24	13
Io sono a favore di quella.	I'm for that.	661bf7be-e899-59a0-9d45-53f129c662b6	27	13
Sono fedele.	I'm faithful.	bb4e15ac-809d-5166-a25c-57244ba994f2	12	13
Io sono fedele.	I'm faithful.	71f6f95e-445b-59fb-8b51-7d881ccb1990	15	13
Sono leale.	I'm faithful.	ce64ca28-cc34-5faf-80d2-fc9458334602	11	13
Io sono leale.	I'm faithful.	c860ca63-0182-570e-aea0-3b1db06128a1	14	13
Sono fidato.	I'm faithful.	1e84eec3-7d0c-50c7-aa7b-c29cb4349e13	12	13
Io sono fidato.	I'm faithful.	3cf78fc7-ee67-5320-9ce6-db68694e2865	15	13
Sono fidata.	I'm faithful.	86b4e12b-073e-5db5-be49-eb76f81a4f38	12	13
Io sono fidata.	I'm faithful.	ae9c20c0-bf61-52de-970f-8cb6e49f0b2e	15	13
Tom canta.	Tom sings.	fd9e87ab-6408-5994-849f-847c63fa6764	10	10
Tom è annegato?	Did Tom drown?	b3298765-50e7-5d08-a6c4-34103793ae68	15	14
Tom ha riso?	Did Tom laugh?	6b9103d1-9eed-58a8-bd6e-861cbce54614	12	14
L'ha fatto Tom?	Did Tom do it?	30cf24e9-22ef-50ce-8be5-fde4a455254d	15	14
L'ha fatta Tom?	Did Tom do it?	63fefd46-eacd-5d74-bcd1-5a998d26adf8	15	14
Fai davvero attenzione.	Do be careful.	b91f2ac3-48b1-5cf4-9c51-6f73d19c3a4d	23	14
Faccia davvero attenzione.	Do be careful.	ff0e7acc-876a-5f51-8ef5-1103e1856898	26	14
Fate davvero attenzione.	Do be careful.	3069baab-e0fd-5cf6-9482-447d47eab387	24	14
Non andartene.	Don't go away.	ee8fe4c4-29b1-577d-a65c-d6c142f374e2	14	14
Non andatevene.	Don't go away.	eb9c1ab3-d366-59ae-8c1b-07a2c673a160	15	14
Non se ne vada.	Don't go away.	6824ab55-fa85-5aba-9cd6-94078e2c03e0	15	14
Lava i piatti.	Do the dishes.	e2769394-b47e-52c3-bba7-63a86681e2bf	14	14
Lavate i piatti.	Do the dishes.	b5e56f1b-cdd1-5efe-a6e1-c1cac8862349	16	14
Lavi i piatti.	Do the dishes.	1bd922ee-ad68-5bfc-9d79-0444fafa427f	14	14
Non odiarmi.	Don't hate me.	630b4509-a269-5605-a4dc-8afd9430dbe4	12	14
Non mi odi.	Don't hate me.	deaf46c2-2af3-5fe3-b4fe-13cbdf28b59c	11	14
Non odiatemi.	Don't hate me.	9f874d15-d952-51eb-9f69-f543caeba6bb	13	14
Torna qui!	Get back here!	a1bfc68e-2aea-5aed-be6b-aecccc00da5a	10	14
Tornate qui!	Get back here!	06843075-75d0-5e40-8aa3-ffbbe1947e6a	12	14
Torni qui!	Get back here!	128880c5-17e9-5d14-92bb-f51e9c9424b4	10	14
Afferra la corda.	Grab the rope.	52d08592-be8d-5108-80a8-68871e138556	17	14
Afferrate la corda.	Grab the rope.	4e8c9cd2-594e-5a80-898a-6351faec2cb2	19	14
Afferri la corda.	Grab the rope.	d6a131e3-4bbd-5033-a9f2-4e143255bcfd	17	14
Ecco una copia.	Here's a copy.	ff9a1eb9-b71a-5ac1-a1dc-764b49d064ff	15	14
Divertiti.	Have some fun.	ae520745-1817-526b-9a50-5a45d0e87141	10	14
Divertitevi.	Have some fun.	277b075e-1683-58ba-8359-031cfa7d2eb3	12	14
Si diverta.	Have some fun.	52e1c183-9947-58d3-9dd6-dca87a5fc370	11	14
Dammi quelli.	Give me those.	9e41dd2d-d855-5216-94d4-64628751079d	13	14
Dammi quelle.	Give me those.	755b4e17-c991-5ced-a97c-7650aeb263e9	13	14
Mi dia quelli.	Give me those.	e998da72-a67c-50ee-8836-64e7208958f1	14	14
Mi dia quelle.	Give me those.	b3466422-52c8-59bd-89e3-af6933996fe1	14	14
Datemi quelli.	Give me those.	4738537b-9727-5280-8e51-9f9510953617	14	14
Datemi quelle.	Give me those.	0b430307-1ab2-524d-a394-6c8385e53370	14	14
Credo a Tom.	I believe Tom.	8fa525ca-71a8-5bbc-a517-8d469d0050a3	12	14
Io credo a Tom.	I believe Tom.	d2def1f5-8d99-5d4b-a9ac-b35a06539311	15	14
Perdo sempre.	I always lose.	11ea75b5-bbf6-55f0-90c9-3945bcf1613e	13	14
Io perdo sempre.	I always lose.	953ee627-1d16-58f8-a852-f5db38f7b449	16	14
Non posso partire.	I can't leave.	c6eeaf4a-9e91-5dd3-bf3d-ff5892601f3d	18	14
Io non posso partire.	I can't leave.	eb4b37d9-c872-5b8b-acfe-d7b55f947fa7	21	14
Non lo sapevo.	I didn't know that.	a93164b5-cb5f-558d-a4d0-ec0649584214	14	19
Io non lo sapevo.	I didn't know that.	90fc0c0b-6ebb-5362-816d-92fdaea01192	17	19
Non ho guardato.	I didn't look.	790474cb-c20e-5b88-ba86-474113e4777a	16	14
Io non ho guardato.	I didn't look.	c2bc55b2-ddcd-52bb-bdb3-7dd237501873	19	14
Non mi sono fermato.	I didn't stop.	129b62dd-c56d-51e4-b0d0-d646c1a69d8d	20	14
Io non mi sono fermato.	I didn't stop.	a5efc36e-c328-5f4c-a6b1-936868b826b2	23	14
Non mi sono fermata.	I didn't stop.	7646e41d-784a-580d-ac2e-6d4ee0bd7af5	20	14
Io non mi sono fermata.	I didn't stop.	9e93b0cf-9202-5018-a597-37f4a86e005e	23	14
Odio Boston.	I hate Boston.	01bca307-f82f-5ad1-a812-0e00a9f784a4	12	14
Io odio Boston.	I hate Boston.	ad72c8bb-515e-5f71-aeb6-4f4c69582dc7	15	14
Mi sono sposato.	I got married.	2196fab0-b2b9-55a8-9ae1-b70991306113	16	14
Io mi sono sposato.	I got married.	121f5a9e-a9cc-5900-bc56-9864993dd806	19	14
Mi sono sposata.	I got married.	7ac48ea2-8100-5a31-97e7-b51c6e5af98e	16	14
Io mi sono sposata.	I got married.	cd13171c-4a86-5924-b953-1f13fe18d057	19	14
Conosco il francese.	I know French.	12621ab1-e1ea-5159-836d-309c6d0827ec	20	14
Io conosco il francese.	I know French.	0c352c04-360e-5201-b879-095231f7b035	23	14
Ti lascio vincere.	I let you win.	2c95b5a4-91dc-5973-acf9-5268ce8dcb29	18	14
Vi lascio vincere.	I let you win.	2c2b979f-7b92-5a40-a4a1-1a754699d1c6	18	14
La lascio vincere.	I let you win.	3526500e-40b2-5633-b803-e0ae1df7eaa1	18	14
Io ho perso il mio cappello.	I lost my hat.	bd834bbc-945b-51af-a7a8-6a6f5c2a4e6a	28	14
Amo il mio papà.	I love my dad.	7ba2f70d-d4d3-5c49-ac9e-cdc93a5f7f3c	16	14
Io amo il mio papà.	I love my dad.	72681760-6ddc-5c12-be69-fef8016559e5	19	14
Mi sono innervosito.	I got nervous.	d9099b89-55f9-5f3c-982c-c266955c0ead	20	14
Io mi sono innervosito.	I got nervous.	6fa4a457-afdc-5b9a-a1ed-b6c9989186fd	23	14
Mi sono innervosita.	I got nervous.	e1128b88-76f4-5fee-8137-74c28954edda	20	14
Io mi sono innervosita.	I got nervous.	59cf466a-2535-516e-9959-bf436af97d6c	23	14
Mi sono ingelosito.	I got jealous.	04675598-7fbb-51bf-976e-e4e2c9197415	19	14
Io mi sono ingelosito.	I got jealous.	d834c484-65b2-5100-9c65-26d67595200b	22	14
Mi sono ingelosita.	I got jealous.	c9e79685-6f4c-5726-b1b8-3c51c704f362	19	14
Io mi sono ingelosita.	I got jealous.	ee8b5468-2b8e-56a3-9aa6-8f8697b68dc4	22	14
Devo vederlo.	I must see it.	a2aea200-4ab4-5194-808d-b2b07ada26a9	13	14
Io devo vederlo.	I must see it.	b0862fb4-baeb-5d42-a4b6-5d8c035bd2b5	16	14
Devo vederla.	I must see it.	5ade66b4-0f44-5c04-8482-a3e2becdaaec	13	14
Io devo vederla.	I must see it.	062df632-0ec0-5a29-b8a5-84cbc860982d	16	14
Mi manca Boston.	I miss Boston.	79d8f075-c5cb-5a32-818b-1ff09a0f6906	16	14
A me manca Boston.	I miss Boston.	0ec7a642-8a0e-58f2-82d5-a82b1d128d0b	18	14
Ho sposato Tom.	I married Tom.	9f7bb5c1-a0e0-5193-b50f-46db43b33f13	15	14
Io ho sposato Tom.	I married Tom.	af82e8b4-7a8b-53c0-8e74-b3514329205f	18	14
Sento odore di bacon.	I smell bacon.	c0abef44-d5f8-5cc3-9be3-5d2be4f016fe	21	14
Io sento odore di bacon.	I smell bacon.	c11056a5-6f4b-5e02-8a9c-f5e0a850e45b	24	14
Sento odore di pancetta.	I smell bacon.	ae12b3f4-32ea-5df0-9ea8-24720ecec2cf	24	14
Io sento odore di pancetta.	I smell bacon.	03b3d566-0c60-5878-9ae6-6a402c74a6cd	27	14
Rispetto Tom.	I respect Tom.	ef062f2c-d91d-559b-919f-6eb5110ee6a5	13	14
Io rispetto Tom.	I respect Tom.	0f0f7ee7-3fa1-56ec-8146-36a15a02c43b	16	14
Ero al lavoro.	I was at work.	82c89b16-11b5-527e-90cb-47514ad3aad1	14	14
Io ero al lavoro.	I was at work.	9ee21256-55f6-50d0-bcaf-352b1dfb61ac	17	14
Ero troppo timido.	I was too shy.	37f0f0f3-124f-5fae-ad79-9e5edf2fed48	18	14
Io ero troppo timido.	I was too shy.	73cedf97-6ed9-5041-a84c-f3cbd74bff10	21	14
Ero troppo timida.	I was too shy.	83ea0941-af8c-5d4e-9a25-c762e88c3954	18	14
Io ero troppo timida.	I was too shy.	53420639-b1e4-532e-9d50-f162295aed0e	21	14
Non ero a casa.	I wasn't home.	7fbe2c3e-17f9-5b7e-ae2b-d1a26ebaad66	15	14
Io non ero a casa.	I wasn't home.	b40d687f-96dd-503c-b856-f27388321dc9	18	14
Indosso dei boxer.	I wear boxers.	01c593d8-ce6e-57e4-8257-aa1b219e4755	18	14
Io indosso dei boxer.	I wear boxers.	3ca1b7af-6bbf-5517-975d-515e0849f819	21	14
Ascolterò.	I will listen.	31a3307d-93a1-5179-83af-473e014a6c14	10	14
Io ascolterò.	I will listen.	78658a66-ccf3-51cf-a90e-9deec7719bc3	13	14
Di chi è questo?	Whose is this?	35666fa0-dbfd-5fb4-9581-1712b82cb6db	16	14
Di chi è questa?	Whose is this?	f658d3d4-96cf-5bb5-84f8-62d939fb1473	16	14
A chi appartiene questo?	Who does this belong to?	a436491f-2366-5688-95d9-a6410fafe034	24	24
A chi appartiene questa?	Who does this belong to?	1748f651-732b-53ba-87c4-73ebdaa335d3	24	24
Ho svegliato Tom.	I woke Tom up.	2660762c-5ce2-5447-aa91-83c311c4bdd8	17	14
Io ho svegliato Tom.	I woke Tom up.	3e85fd52-77eb-5a93-8df2-cc2aebe65319	20	14
Non riderò.	I won't laugh.	a9e5da3b-f826-5bde-8264-3ecad3ee720b	11	14
Ti batterò.	I'll beat you.	4e3a90f8-0d22-5040-aa5b-93ed86030e04	11	14
Io ti batterò.	I'll beat you.	1fe9e560-2742-514d-a56d-19a62a90325b	14	14
Vi batterò.	I'll beat you.	25b2203c-39b2-5fc2-98bc-03ccdc741176	11	14
Io vi batterò.	I'll beat you.	e654caec-804f-508f-8ba1-1e8450bb33da	14	14
La batterò.	I'll beat you.	4089d074-6d14-5342-a474-e5ca18c98cc0	11	14
Io la batterò.	I'll beat you.	a8041542-92cd-52c7-969a-638b9e23f733	14	14
Sarò da solo.	I'll be alone.	54bd8399-d453-5481-a9af-12911d0a251a	13	14
Io sarò da solo.	I'll be alone.	177700b7-181b-5e9d-a635-0012de87a668	16	14
Sarò da sola.	I'll be alone.	35ed1175-3679-56dd-b5f9-4d3b33f483e3	13	14
Io sarò da sola.	I'll be alone.	deac7b91-74fe-5d6b-b85e-fd5222f34ab9	16	14
Sarò veloce.	I'll be quick.	d2bebb22-566d-518b-b96a-bdf427ddb831	12	14
Io sarò veloce.	I'll be quick.	301a3de8-8f4a-5f37-9990-1cee1befe554	15	14
Comprerò quello.	I'll buy that.	48a44a59-edfc-5cdc-9da7-8a5a623d9d2a	16	14
Comprerò quella.	I'll buy that.	b16e6767-81a7-5db1-b615-227a0670d2b8	16	14
Mangerò del pesce.	I'll eat fish.	866d47a6-68a8-53f3-bbfb-ed10c4e7d62b	18	14
Io mangerò del pesce.	I'll eat fish.	7ecd2858-7873-555a-877d-139aeb412152	21	14
Ti troverò.	I'll find you.	0413f546-fa66-5c0e-9c38-60fb0d2d4373	11	14
Io ti troverò.	I'll find you.	c8d5b964-9867-5aff-9f27-429e7fb3fe3d	14	14
Vi troverò.	I'll find you.	09088031-4ed6-5340-8759-d97a4a5b1633	11	14
Io vi troverò.	I'll find you.	f8a776b0-4574-5613-ae9d-183990c465bd	14	14
Ha finto di essere ammalata.	She pretended that she was sick.	2ae5bcf0-c60c-519f-820f-99f97cc7aa2b	28	32
Lei ha finto di essere ammalata.	She pretended that she was sick.	54f6187e-4b76-57ee-b670-69869a335cb5	32	32
Finse di essere ammalata.	She pretended that she was sick.	2065c682-e4b1-5da5-b3a1-e594ccf913c7	25	32
Lei finse di essere ammalata.	She pretended that she was sick.	c2a7822f-321b-5890-a550-27f4102fcac4	29	32
Lui parte per Tokyo domani.	He leaves for Tokyo tomorrow.	ef824f67-e7c0-5b43-a2cd-021a016b1a86	27	29
Sono pronti tutti?	Is everybody ready?	ac88b06c-676c-5b0e-80e5-b8f59912eae6	18	19
Io ho molti sogni.	I have a lot of dreams.	2be0d9d5-a446-57fa-9baf-c80c3e16615f	18	23
Giocavo a tennis quand'ero uno studente.	I used to play tennis when I was a student.	5337f8e6-5c3c-57ae-8ca1-303747783290	40	43
Io giocavo a tennis quand'ero uno studente.	I used to play tennis when I was a student.	c204ba1d-5916-5fe2-8aaa-05a06656e0a0	43	43
Giocavo a tennis quand'ero una studentessa.	I used to play tennis when I was a student.	016e42c7-dbf1-5f06-8742-033b236b8a46	43	43
Io giocavo a tennis quand'ero una studentessa.	I used to play tennis when I was a student.	446f02bf-0768-5f99-b3da-e9576ccedea8	46	43
Tutti sono pronti?	Is everybody ready?	3e43f19e-200b-5c80-b9fc-b6929ad4e58c	18	19
Faresti meglio ad andare di persona.	You had better go in person.	3cbd1eab-c00a-5986-afc7-835391373cf0	36	28
Fareste meglio ad andare di persona.	You had better go in person.	65c51509-645e-5339-8474-938f7ad7636f	36	28
Farebbe meglio ad andare di persona.	You had better go in person.	131c295c-bac3-5c4b-bbaa-a1fabfb83261	36	28
Dovresti andare di persona.	You should go in person.	500062e4-6c8b-50cf-977a-1caaae48c1e3	27	24
Dovreste andare di persona.	You should go in person.	a545fd58-7c09-57ff-b447-26b973ceeaad	27	24
Dovrebbe andare di persona.	You should go in person.	49b4af27-c2b7-5cc1-bd78-661dc1f71c42	27	24
Tu mi piaci molto.	I like you very much.	9e4fb49b-0c80-5b7a-874d-033f31e92bf7	18	21
Lei mi piace molto.	I like you very much.	5886bea1-93eb-5c33-aa45-b7c7e8cb90cd	19	21
Mi piacete molto.	I like you very much.	76333140-a2f9-50ec-acb1-9212507e4770	17	21
Voi mi piacete molto.	I like you very much.	6f786034-bd3c-5c71-b9b0-260da33fd22e	21	21
Ho avvisato Tom.	I warned Tom.	c1814127-6adb-5b3c-bf4b-2cafa0fa7a14	16	13
Io ho avvisato Tom.	I warned Tom.	51591acb-b9cd-50dd-b00e-ee255a80cc42	19	13
Avvisai Tom.	I warned Tom.	3fab88d4-9c9e-5bb9-a0e4-72450b37bad7	12	13
Io avvisai Tom.	I warned Tom.	4755cb95-ecc0-5cac-b916-cfcce31e7354	15	13
Io ti avevo avvisato.	I warned you.	04d46075-aa8b-5231-b28b-cbffa0875759	21	13
Io ti avevo avvisata.	I warned you.	c9b1245c-574b-550e-b26a-8c3affdd6634	21	13
Io vi avevo avvisati.	I warned you.	b33c2715-21cc-5ef7-91fe-028b4a9798c6	21	13
Io vi avevo avvisate.	I warned you.	a9dfda03-610d-5283-85fb-d9f13218a747	21	13
Io l'avevo avvisato.	I warned you.	207d92a0-25e6-58b5-ae78-06989508ea0d	20	13
Io l'avevo avvisata.	I warned you.	6b0a7772-f3fb-5a19-8bdc-b5815688a6b2	20	13
Non ho tempo di aiutarti con il lavoro.	I have no time to help you with the work.	17264a3d-2d5c-5eb1-af79-df497b91662b	39	41
Io non ho tempo di aiutarti con il lavoro.	I have no time to help you with the work.	ed12dda6-4ef5-5981-bc44-eb8206090b8b	42	41
Non ho tempo di aiutarvi con il lavoro.	I have no time to help you with the work.	0aaaa37e-6d3e-564d-bc26-351736f10269	39	41
Non ho tempo di aiutarla con il lavoro.	I have no time to help you with the work.	e5b664ed-91ca-5334-b183-9388c44b4795	39	41
Io non ho tempo di aiutarvi con il lavoro.	I have no time to help you with the work.	4bceec67-c43b-5cd1-92a0-99f93c7434d7	42	41
Io non ho tempo di aiutarla con il lavoro.	I have no time to help you with the work.	83222bcf-c142-54f5-b961-92da9f0520fc	42	41
Il legno galleggia, però il ferro affonda.	Wood floats, but iron sinks.	1dc79704-cd20-5d09-ba7d-d5a5cee85b63	42	28
Mi stavo nascondendo.	I was hiding.	e962f84a-b1f9-5823-81d0-14932e17daf1	21	13
Io mi stavo nascondendo.	I was hiding.	ce78fc62-73c3-5557-b2b7-8ddbaefd1cd4	24	13
Stavo scherzando.	I was joking.	c05db10a-ff30-58c5-9aba-d3b05202a157	17	13
Io stavo scherzando.	I was joking.	d0f40eeb-3431-5c58-ae6b-f4f133fae762	20	13
Ero forte.	I was strong.	e0a36613-f947-56cf-9d45-2194ca0aad77	10	13
Io ero forte.	I was strong.	1685bcdc-45f4-5bdc-b649-67c3eb8978cd	13	13
Ero stupido.	I was stupid.	f7d0d320-a8b6-554e-8e85-553d6156343b	12	13
Io ero stupido.	I was stupid.	09c67631-ddd2-5dd4-b93c-4b890998cd23	15	13
Ero stupida.	I was stupid.	30e38559-cd8b-562b-bb45-3f20e42af19a	12	13
Io ero stupida.	I was stupid.	fba680aa-7986-52db-a1c8-71156651e9ef	15	13
Ero spaventato.	I was scared.	7fe9c010-a539-5c83-a995-07eb33beeef6	15	13
Io ero spaventato.	I was scared.	d825f229-1bca-5a61-b2a3-829eca365016	18	13
Ero spaventata.	I was scared.	29540af4-99c0-578f-a7d0-8ebddc06c068	15	13
Io ero spaventata.	I was scared.	3b9f37d2-87ec-55b9-8bd1-04d051f7db7f	18	13
Non morderò.	I won't bite.	2d357e76-e553-54ed-ab62-8f5230e8731e	12	13
Io non morderò.	I won't bite.	2c492ba2-8a33-5fdf-bc57-10145e76d2b7	15	13
Sarò buono.	I'll be good.	c5fcf898-cbce-58fc-83bf-289044234efc	11	13
Io sarò buono.	I'll be good.	1700f564-a04b-5257-9219-216e75dbaefe	14	13
Sarò buona.	I'll be good.	3393585f-2658-59c2-9c46-9012dc787bf0	11	13
Io sarò buona.	I'll be good.	acca8f60-2eae-5743-8e62-8c5bdf829187	14	13
Sarò gentile.	I'll be nice.	2d32f9e3-0f07-5133-ad1b-64eaa13aba7e	13	13
Io sarò gentile.	I'll be nice.	49df67b3-03a3-5c26-93d6-5dee119fc9c7	16	13
Ho scritto quello.	I wrote that.	99be6ad0-45d8-510d-8a77-4be61cc5b19b	18	13
Io ho scritto quello.	I wrote that.	3f519eff-33fe-548a-bf22-8516eefcd2a9	21	13
Scrissi quello.	I wrote that.	ed344ed8-2fad-5b43-866c-41219017aa5a	15	13
Io scrissi quello.	I wrote that.	ab7d9962-2c8c-5639-b6cf-f36294c3e70d	18	13
Tornerò indietro.	I'll go back.	48d65076-fa01-5817-b484-956ece91ca99	17	13
Io tornerò indietro.	I'll go back.	336d7667-64ae-5088-8c71-f0103f29f4e6	20	13
Farò questo.	I'll do this.	2c00a67d-537f-5c07-9fa0-b2d1b5e1f614	12	13
Io farò questo.	I'll do this.	b1846bea-ad1f-58a4-9a0e-a073508447b5	15	13
Farò quello.	I'll do that.	dbf3eb94-8f2a-52a0-a183-680b091af833	12	13
Io farò quello.	I'll do that.	ed37c3b5-3246-547b-bc6f-5a1e71a7ddde	15	13
Sono un genio.	I'm a genius.	5cb2cb29-78be-54a3-b2aa-7b915e08edb6	14	13
Io sono un genio.	I'm a genius.	35c886d3-5434-5516-93c2-70de7eeb3be9	17	13
Sono un cliente.	I'm a client.	3390e4fc-0ffe-57f8-b0dd-6ca946f572fb	16	13
Io sono un cliente.	I'm a client.	d58b2b5b-56c4-5405-9039-c1fc928bc3a3	19	13
Sto sanguinando.	I'm bleeding.	2532bcd3-23e1-56c7-843e-7c51125c2cc4	16	13
Io sto sanguinando.	I'm bleeding.	0b528ab1-eba5-5398-b6e1-d17a288bc21c	19	13
Sono atletico.	I'm athletic.	d23e45c9-fcff-5d3a-8b7e-6721fcd3d62c	14	13
Io sono atletico.	I'm athletic.	65b402e3-617f-5bfb-a0e5-f7498257e0ae	17	13
Sono atletica.	I'm athletic.	961d5e0a-af17-5322-9bd2-aacc891e6d25	14	13
Io sono atletica.	I'm athletic.	1ff424c4-56d0-5fb3-b5b5-72680f2a2350	17	13
Sono affamato.	I'm famished.	3ee4bcfc-29b5-54e1-bab6-fbdb33a1f52b	14	13
Io sono affamato.	I'm famished.	05b43f44-b05b-58eb-b953-f8bdcb4cec0a	17	13
Sono famelico.	I'm famished.	804b59ec-0419-5433-afb0-8639df29a1f4	14	13
Io sono famelico.	I'm famished.	188cdba2-3a24-5a6a-b6eb-33e88858066b	17	13
Sono famelica.	I'm famished.	cfcf615c-68ec-5a2d-9ce3-ddfb37b95fc7	14	13
Io sono famelica.	I'm famished.	3f464697-50d6-5623-a772-1e196be64912	17	13
Sono affamata.	I'm famished.	d2fc4d58-3654-54fc-af95-a3ce46b60a69	14	13
Io sono affamata.	I'm famished.	1295b230-3c49-55f3-8b17-e656d79bcc3f	17	13
Obietti?	Do you object?	f0beb91f-ba11-5d50-9c83-6187b2a20cf4	8	14
Tu obietti?	Do you object?	a7e24f3a-2cd6-5867-9efe-c3e12f51a891	11	14
Obietta?	Do you object?	42bc2a85-2935-56b1-bd0a-a6bc88109f1f	8	14
Lei obietta?	Do you object?	a4f681bb-59f8-50fc-b0e1-1525ab8c3e75	12	14
Obiettate?	Do you object?	827c1455-7ff0-5cb3-af3e-2206f7883139	10	14
Voi obiettate?	Do you object?	11f988f9-8cd5-5fe3-bd6f-0c16b3ecfcf7	14	14
Non perderlo.	Don't lose it.	34e7d2d6-8793-57cd-8178-2f485e668b1c	13	14
Non perderla.	Don't lose it.	3a0644c8-3f0b-5dc5-b166-aa6774de076f	13	14
Non lo perda.	Don't lose it.	83df6684-da2e-59dd-8961-9bdfcd314522	13	14
Non la perda.	Don't lose it.	9b51b020-79f6-5383-9b65-332df04a9833	13	14
Non perdetelo.	Don't lose it.	484d217c-1941-5b13-8bda-919b9809d66e	14	14
Non perdetela.	Don't lose it.	90874eed-3d11-5246-8c73-9d65cceb05a7	14	14
Siete riusciti a dormire?	Did you manage to sleep?	a0264152-ae4a-5eff-af61-41996a6b635f	25	24
Siete riuscite a dormire?	Did you manage to sleep?	a241e2d5-c38b-56e7-87f8-f630a5318a94	25	24
Sei riuscito a dormire?	Did you manage to sleep?	b9082d2c-219d-5abd-b5a0-51d86e2a52fc	23	24
Sei riuscita a dormire?	Did you manage to sleep?	03f62c0a-6d26-58b0-94a4-943645ce5a98	23	24
È riuscito a dormire?	Did you manage to sleep?	17ab5a11-1be0-5a50-a4e3-a7b57364df01	21	24
È riuscita a dormire?	Did you manage to sleep?	667c3263-c6d5-5309-9b4a-ab701fc2a1ce	21	24
C'era un altro problema.	There was another problem.	07ae696b-31c8-5bd1-985f-dbfdbecc3f90	24	26
Mi rimangono a malapena dei soldi.	I have hardly any money left.	c3c4e07a-29a2-5371-8b8e-a3794e120019	34	29
Mi rimane a malapena del denaro.	I have hardly any money left.	96a79b53-b095-561a-8f4c-5b28b4f8745c	32	29
È successo qualcosa qui, però non so cosa.	Something happened here, but I don't know what.	721490d1-10c9-5ceb-bf54-cc9eb9fa92fa	42	47
Era completamente perplesso.	He was utterly perplexed.	d55fa4d6-7ca1-5ac0-bcd5-6a6c4a43f28a	28	25
Lui era completamente perplesso.	He was utterly perplexed.	5b7d92dd-d85c-5db3-bf73-8927fe58c83c	32	25
Era totalmente perplesso.	He was utterly perplexed.	232fb74c-6ab0-572b-a3b0-30f95a6977a8	25	25
Lui era totalmente perplesso.	He was utterly perplexed.	04e9ef77-8475-5132-a0d7-b9d2a9d4fe34	29	25
Stiamo andando nella direzione sbagliata.	We're going the wrong way.	1f36da8b-8cad-5107-91b4-ed16b7ab17bd	41	26
Noi stiamo andando nella direzione sbagliata.	We're going the wrong way.	cf557ef9-c750-5928-a63e-adadb455b0aa	45	26
Il successo dipende dal tuo sforzo.	Success is dependent on your effort.	d67ac50d-a3f7-5d5c-9412-58f29a88e487	35	36
Il successo dipende dal suo sforzo.	Success is dependent on your effort.	539b10b9-c0c5-55e3-ab46-04a2892465b8	35	36
Il successo dipende dal vostro sforzo.	Success is dependent on your effort.	a002341f-cc84-5b2e-b24d-ab6b69e23773	38	36
Ci sono molte parole vere dette per scherzo.	There's many a true word spoken in jest.	b5d609e7-c051-5b90-a6f2-7c2c43fa8a0d	44	40
Non sembra giusto.	It doesn't seem fair.	cf0ecfa2-01d9-5b8e-aae5-1fa3531cf14f	18	21
Non sembra equo.	It doesn't seem fair.	f9b6e1ae-b3ef-5b2d-84be-7cb7c57c4e7f	16	21
Prendi il tuo cappotto.	Get your coat.	7b0a7f64-a818-5ae7-bbb8-d48231581e11	23	14
Prenda il suo cappotto.	Get your coat.	f9d3fbb7-c483-5e93-9a7d-c47ea8c7aa10	23	14
Com'è delizioso!	How delicious!	1b3b9bfb-2995-5e8d-aea9-686eded5dbd4	16	14
Com'è deliziosa!	How delicious!	46d67cab-01f3-5c93-ab12-a03ae44c68c0	16	14
Come sono deliziosi!	How delicious!	064e62a1-1795-535f-9efd-c71828cad501	20	14
Come sono deliziose!	How delicious!	063809ee-5b88-50c1-a269-093aef1307f9	20	14
L'ho progettato.	I designed it.	73e83554-5a6e-5ba1-b21e-12c9c823fd46	16	14
Io l'ho progettato.	I designed it.	04859ef4-5128-5635-b82e-8d7baad8efed	19	14
L'ho progettata.	I designed it.	0db8c29d-e587-5fec-a6bd-9f934f58d04b	16	14
Io l'ho progettata.	I designed it.	a8cc1d47-d7b7-52d2-b314-dab8c678be4b	19	14
L'ho progettato io.	I designed it.	8479dff5-4932-541a-9717-14f49e380b43	19	14
L'ho progettata io.	I designed it.	144192be-387b-5814-9432-13bb0e98a9af	19	14
È la mia risposta definitiva.	That's my final answer.	659c1371-756c-5ed0-838b-2e4d364d6534	29	23
Quella è la mia risposta definitiva.	That's my final answer.	15ae257b-b6c7-548d-b136-9cb9fc8b2b15	36	23
Dobbiamo superare molte difficoltà.	We must get over many difficulties.	263616c4-51f1-51f2-94c0-3f4e53ab78fc	35	35
Noi dobbiamo superare molte difficoltà.	We must get over many difficulties.	187bd935-9f82-5779-9a3f-f3d7494151fe	39	35
Non voglio davvero vivere qui.	I really don't want to live here.	eaa6dcde-16f0-5a26-9165-30fabb29beaa	30	33
Io non voglio davvero vivere qui.	I really don't want to live here.	ebf931c2-3263-5aad-91ee-a8beada0de01	33	33
Mi piace il poker.	I enjoy poker.	3e286531-59a4-5b68-a9b0-8bcbff68167f	18	14
A me piace il poker.	I enjoy poker.	f8dc1a06-a90a-5e2a-bbc8-ec3b7fc1c7fb	20	14
Mi serve un passaggio.	I need a ride.	ff209231-6a98-5f58-b1da-2ce250bcb793	22	14
A me serve un passaggio.	I need a ride.	6f1ece91-a362-5c05-9c70-0f2f9993cc2b	24	14
Mi serve un prestito.	I need a loan.	bdda96f2-a44d-5afc-b439-11af9d003a1a	21	14
A me serve un presto.	I need a loan.	f4aad5fe-8ea2-581f-91fe-8879b4cd8226	21	14
Mi serve una stanza.	I need a room.	779f02b5-cbb7-5bb2-becc-a1a7af1a2154	20	14
A me serve una stanza.	I need a room.	f69c9e76-f6a9-5f13-9c9e-177f593ba7a6	22	14
Mi serve una mano.	I need a hand.	f9597d7f-c7d0-54d3-875f-8d544c4c28d3	18	14
A me serve una mano.	I need a hand.	f89bba81-5fab-5d55-85d1-eb13e8317f02	20	14
Ho toccato Tom.	I touched Tom.	369f498b-7ec3-58bd-9eba-95c136f9105a	15	14
Io ho toccato Tom.	I touched Tom.	af367221-7104-541b-b746-39f4110b89fb	18	14
Toccai Tom.	I touched Tom.	3d82961d-0f09-52f9-818d-b66cd31537be	11	14
Io toccai Tom.	I touched Tom.	5d8ed208-d8de-5353-8c27-def838d8f70b	14	14
Ero curioso.	I was curious.	1cabab44-f8a2-520e-970d-cc03275d6589	12	14
Io ero curioso.	I was curious.	f1af17fc-005b-5cc8-ba5b-b82a7b578e4c	15	14
Ero curiosa.	I was curious.	6c7b3864-9d08-53ec-8a71-03046b701187	12	14
Io ero curiosa.	I was curious.	2842bc10-adb8-56a3-b29a-7cb7a6d2690b	15	14
Ero drogato.	I was drugged.	b6a7f54a-2c02-543c-b438-a84caec53a44	12	14
Io ero drogato.	I was drugged.	eccd1e54-70e5-59c8-b174-5c025e5e78ad	15	14
Ero drogata.	I was drugged.	fe1596f6-9aac-538f-9038-3a9640976acd	12	14
Io ero drogata.	I was drugged.	3d7a90ac-ce04-5fc1-83b4-e265ba0362d9	15	14
Avevo ragione.	I was correct.	c16254d5-f56f-56ca-ba70-0ea841997282	14	14
Io avevo ragione.	I was correct.	3724e720-778d-5153-b8f5-a8badf0b1810	17	14
È ciò che sto cercando.	That's what I'm looking for.	c76025f3-41ff-5136-9759-f582c445496b	23	28
Quello è ciò che sto cercando.	That's what I'm looking for.	71cb07e2-824b-52b9-a395-197a4d74e33f	30	28
Tutti stanno mangiando.	Everyone's eating.	4aac0502-dc93-55bd-9e1e-3ecf177d491a	23	18
Ero ferito.	I was injured.	6a606a7f-d491-521e-bbd3-8a9ae9466bdf	11	14
Io ero ferito.	I was injured.	59837ad2-bbf1-5f91-909b-13a10d635e5d	14	14
Ero ferita.	I was injured.	82e61b9d-c533-5683-8a92-f169d807e691	11	14
Io ero ferita.	I was injured.	5c2f8bfd-6fa8-5a4b-af17-94e033f0b630	14	14
Ero nervoso.	I was nervous.	99cdf074-de6e-5839-9db0-6292a3e5ae41	12	14
Io ero nervoso.	I was nervous.	65de07d9-d018-5db7-ae09-c7222c24892f	15	14
Ero nervosa.	I was nervous.	3967d5f0-dd6e-5eba-8797-2f0da3b4946e	12	14
Io ero nervosa.	I was nervous.	5d8c92fc-7d51-5f4e-9485-1bba9bbc5ca6	15	14
Questa stanza è troppo grande.	This room is too big.	ced8d60a-2d8f-52cf-87af-ff64b9663ca6	30	21
Questa camera è troppo grande.	This room is too big.	135bc1b3-2552-5725-900f-b8d3d4a8b472	30	21
Saltano sempre la scuola.	They skip school all the time.	3ae69345-aa29-5d38-a163-1854cd3678b4	25	30
Loro saltano sempre la scuola.	They skip school all the time.	dd1c5aac-15aa-513c-9821-bbaa6d69fcfc	30	30
Lui abitava in Spagna, penso.	He lived in Spain, I think.	35efb1b1-5cb6-5d0c-b167-2368e0f34373	29	27
Viveva in Spagna, penso.	He lived in Spain, I think.	ba3cbb87-40fc-5980-a506-47038d016bd5	24	27
Lui viveva in Spagna, penso.	He lived in Spain, I think.	7442c56a-3c85-5030-b6ef-c666e9708b38	28	27
Ho fatto solo ciò che mi è stato detto.	I only did as I was told.	f127d757-1eba-5cf8-a4b5-46a45a2114d0	39	25
Io ho fatto solo ciò che mi è stato detto.	I only did as I was told.	bee73b6f-b7ad-50d0-9cbd-c8c90bb9f2d4	42	25
Ho fatto solo quello che mi è stato detto.	I only did as I was told.	86e51a69-7d58-56cc-9efd-5fff70fc42f0	42	25
Io ho fatto solo quello che mi è stato detto.	I only did as I was told.	c7f6117d-4283-51ff-a000-2efefed0b45d	45	25
Ero compiaciuto.	I was pleased.	b85196f1-86f4-5826-95f2-f169ff084658	16	14
Io ero compiaciuto.	I was pleased.	af81706d-4ca6-501d-a441-97a3ce6eccfb	19	14
Ero compiaciuta.	I was pleased.	e5c0c6cb-a132-51ae-8e61-9cf0e4f22113	16	14
Io ero compiaciuta.	I was pleased.	20aa6e84-39f5-5b37-8fbe-c068ed7286a3	19	14
Visitò un istituto per l'assistenza all'infanzia.	He visited a children's home in Texas.	2a7c7cd8-283c-58f1-902a-9ca1c95beeaa	49	38
Semplicemente non ha senso.	It just makes no sense.	ba1f8fc0-6348-51fc-9a4b-76f0be2f1d6c	27	23
Semplicemente non ha alcun senso.	It just makes no sense.	11ee487f-8f1a-5665-a79c-58ced1d85bc3	33	23
Mi piace l'astrologia.	I like astrology.	eb34c44b-7b36-550e-8940-b045bcbbf150	22	17
A me piace l'astrologia.	I like astrology.	05df5b6a-2ebc-5295-9e1b-e196001a7bfe	24	17
Gli ha detto che credeva nell'astrologia.	She told him that she believed in astrology.	46e54430-70c4-52f4-bb76-0efb16c130ed	41	44
Lei gli ha detto che credeva nell'astrologia.	She told him that she believed in astrology.	45692305-d48a-5331-b786-7d7626a44d0f	45	44
Gli disse che credeva nell'astrologia.	She told him that she believed in astrology.	681b794c-fba3-52ad-be84-4712e03db7cc	38	44
Lei gli disse che credeva nell'astrologia.	She told him that she believed in astrology.	ae0bf75a-e19e-55c2-a9d5-a2bd47b36c17	42	44
Mary non canta molto bene.	Mary doesn't sing very well.	d802c7ac-030c-5c02-89d4-cb35ee9f8fb0	26	28
Non canta molto bene.	She doesn't sing very well.	aa953e0d-d0dd-5249-9d46-24461f6e9df2	21	27
Lei non canta molto bene.	She doesn't sing very well.	d714699a-f0d7-57cb-b2c9-78b54c0e4d37	25	27
Lui non canta molto bene.	He doesn't sing very well.	23a7933c-ed8f-543b-b67f-c683b1e7eb02	25	26
Ero disarmato.	I was unarmed.	7da689d3-bf53-56fb-84c4-dc226abb8e00	14	14
Io ero disarmato.	I was unarmed.	1d01a954-0fbc-5d8a-a2a1-491207cacfed	17	14
Ero disarmata.	I was unarmed.	5c0e2f5d-d35e-5666-ac95-2253e4373fd0	14	14
Io ero disarmata.	I was unarmed.	391cc434-1bc2-5214-b0e7-5768b38dc8bc	17	14
Ero serio.	I was serious.	41e00a86-25f7-519f-abc4-4b6bcdafa6c2	10	14
Io ero serio.	I was serious.	132c14ec-60c0-56ba-9914-be918e230a11	13	14
Ero seria.	I was serious.	90ff2a5c-f4e0-5533-bebe-07da0533a2d3	10	14
Io ero seria.	I was serious.	942b11d1-7ee4-5a0c-a57b-451c79ef583f	13	14
Ero rilassato.	I was relaxed.	61bf19f1-14f9-5663-8d12-4e5bef4a91e8	14	14
Io ero rilassato.	I was relaxed.	03b6f8c2-30a3-55fb-b525-8553ebf50a68	17	14
Ero rilassata.	I was relaxed.	7bbf3d07-8ef9-5cee-bfd9-abebc8c78b5c	14	14
Io ero rilassata.	I was relaxed.	1160ce4e-b89d-5fa4-ae7b-c7b0f40cd35f	17	14
Ero tentato.	I was tempted.	92694e46-72a4-5d24-8fc2-92be16a31a78	12	14
Io ero tentato.	I was tempted.	f44febd0-fd2e-5aa8-808a-923a71ec1707	15	14
Ero tentata.	I was tempted.	08cc061c-efb1-55b4-8763-bff2cf6f72f5	12	14
Io ero tentata.	I was tempted.	1141532c-9bee-55d2-9a0f-723ac69ac45f	15	14
Ero intrappolato.	I was trapped.	74fdd1d5-35d8-5f89-9e65-359b552bab38	17	14
Io ero intrappolato.	I was trapped.	20a56624-b1ae-5373-a4e7-36d5dd4e38c4	20	14
Ero intrappolata.	I was trapped.	8ed3715a-0694-50d3-8363-0646267635bc	17	14
Io ero intrappolata.	I was trapped.	3a942776-3e7b-5ed2-a988-83979db57af7	20	14
Avevo così freddo.	I was so cold.	b619d991-ac18-5661-a983-f25bc0117b57	18	14
Io avevo così freddo.	I was so cold.	92174755-6e03-5518-9cd0-6d480d8598e9	21	14
È vero che hai chiuso il negozio alle nove?	Is it true that you closed the shop at nine?	f025860b-2668-5947-8a73-c1315ddb70e6	43	44
È vero che ha chiuso il negozio alle nove?	Is it true that you closed the shop at nine?	bef4d2ed-4a74-595c-bf64-8f7995818af7	42	44
È vero che avete chiuso il negozio alle nove?	Is it true that you closed the shop at nine?	f9c8064e-c9c6-59e4-ba4f-53a6a3fa7a8e	45	44
Non avevo finito.	I wasn't done.	0fd79875-6cd4-5a56-86b0-b4f1bf083d42	17	14
Io non avevo finito.	I wasn't done.	17153298-02ff-52a5-99f1-0506fbe54f74	20	14
Mi comporterò bene.	I will behave.	a502edec-fbb0-5c59-a08a-110822cfef36	19	14
Io mi comporterò bene.	I will behave.	6920017f-009f-5054-bb83-20bc39e5144a	22	14
Non mi è stato detto.	I wasn't told.	d8201e3b-4552-52ee-be07-b78e64c77530	21	14
Non dormirò.	I won't sleep.	2ffcb6f7-5fc1-56ac-b4db-4efeecdf7eef	12	14
Io non dormirò.	I won't sleep.	6765971a-bae8-59d5-b467-2a1fc8a8f25a	15	14
Non ballerò.	I won't dance.	65124d9d-3d86-5d36-a60d-269c40ce9aee	12	14
Io non ballerò.	I won't dance.	2d5374e9-2295-5bac-a961-a36501287d77	15	14
Non danzerò.	I won't dance.	da7b6964-a8a8-582a-b7c6-621fae650132	12	14
Io non danzerò.	I won't dance.	dc5959fc-6420-5ef1-b316-9dcbfa0f2625	15	14
Sarò breve.	I'll be brief.	dbb3edc2-614a-5e0f-b4b5-23daca3994b2	11	14
Io sarò breve.	I'll be brief.	9c4288b3-b7fd-580e-a217-d59c3cac90b3	14	14
Ci sarò.	I'll be there.	e17c90ba-965a-5861-8e2f-c3d86cd077e7	8	14
Io ci sarò.	I'll be there.	df19e10b-bce3-54ee-87a4-c1700aed28be	11	14
Sarò lì.	I'll be there.	568b4218-dead-5cf4-a3d0-ff6419b0498d	8	14
Io sarò lì.	I'll be there.	9bc9187d-3d05-54a3-a096-8f933289f2f4	11	14
Incontrerò Tom.	I'll meet Tom.	c3e52970-9497-5e82-9ad7-d93a6c8634e6	15	14
Io incontrerò Tom.	I'll meet Tom.	022898eb-1df1-5933-b553-de9bf8424be7	18	14
Conoscerò Tom.	I'll meet Tom.	229e58eb-1837-56ba-8a6b-517191f69804	14	14
Io conoscerò Tom.	I'll meet Tom.	b945cee1-0b2d-5481-a166-29e9f8bc105d	17	14
Preparerò del tè.	I'll make tea.	7eeaf8df-3759-5c19-8ce3-34162ef62360	17	14
Io preparerò del tè.	I'll make tea.	75b5b42f-d5f5-5329-b952-c029d60fd5ce	20	14
Andrò a controllare.	I'll go check.	3efd591c-8922-588b-8dbd-f4421d5f798b	20	14
Io andrò a controllare.	I'll go check.	70bdfaf8-da6b-5a27-9587-4eebce840612	23	14
Mi unirò a te.	I'll join you.	9cdfe8ff-7b88-5dba-900e-bb64867bcc1b	14	14
Io mi unirò a te.	I'll join you.	384439b3-1ffc-5b5f-85c0-5ea1f2a86118	17	14
Mi unirò a voi.	I'll join you.	e6644ef2-1dfc-5f76-a853-d6b759f87a49	15	14
Io mi unirò a voi.	I'll join you.	7d0715ec-e66a-5166-888c-375615694e97	18	14
Mi unirò a lei.	I'll join you.	80001a64-7047-5dfe-ad41-2fcfc1b14f1e	15	14
Io mi unirò a lei.	I'll join you.	216adbdf-c90f-5f38-bbbb-e52b9d2d70f1	18	14
Aiuterò Tom.	I'll help Tom.	39055c2b-b287-58a8-bddc-9ea67393bb7b	12	14
Io aiuterò Tom.	I'll help Tom.	d2c2a4d3-48d7-54c6-a1f0-e88852c731b0	15	14
Non parla inglese.	He doesn't speak English.	2f34214b-bb37-5b0f-b380-52809feafeb4	18	25
Lui non parla inglese.	He doesn't speak English.	6ef5c91a-d988-5060-beba-f00cc5d37bc0	22	25
Lei non parla inglese.	She doesn't speak English.	74c455a0-8c5d-5cb2-be07-6bcef453b923	22	26
Mi mancherà Tom.	I'll miss Tom.	38c3b1b8-f7ee-5238-a4b0-836278ef3d02	16	14
Tom mi mancherà.	I'll miss Tom.	13940c87-3f44-54a5-b0b4-13c3486545d8	16	14
Lo dimostrerò.	I'll prove it.	fac5bbfe-38f4-56e1-b014-d928aa3d8440	14	14
Io lo dimostrerò.	I'll prove it.	c3fcd997-268f-53d5-9a80-6eb220fb8f07	17	14
Salverò Tom.	I'll save Tom.	a2a8a5a4-c27e-5a4f-81d3-a90a4e75d41a	12	14
Io salverò Tom.	I'll save Tom.	c5d94a31-a3ae-5cb9-9758-e8488ad73583	15	14
Ti salverò.	I'll save you.	29581a4f-0850-5327-b846-5c09c17e42df	11	14
Io ti salverò.	I'll save you.	41df06f8-a9d3-5103-a0f5-8e8d3f9e4006	14	14
Vi salverò.	I'll save you.	8b2f44ad-d819-5de8-8e3b-8a97390cce44	11	14
Io vi salverò.	I'll save you.	2aecabd5-364a-535d-8e85-73be0ff002d3	14	14
La salverò.	I'll save you.	2f8e4bbd-97f8-5f22-b389-783c1bf31011	11	14
Io la salverò.	I'll save you.	bed74a5c-9bec-52de-9147-dfd670bd7638	14	14
Fermerò Tom.	I'll stop Tom.	71419e2e-3afa-5228-aa99-31d9b4c951d5	12	14
Io fermerò Tom.	I'll stop Tom.	53a78eec-b6eb-5701-bcb7-10e65aa149f2	15	14
Avviserò Tom.	I'll warn Tom.	d34a25cf-e7d0-5719-94d9-c1f50c6362dc	13	14
Io avviserò Tom.	I'll warn Tom.	c542d786-c3d7-5190-b443-8dd52fee3bcc	16	14
Lo dirò a Tom.	I'll tell Tom.	886aa862-31cd-5321-9d73-d468a9915473	14	14
Io lo dirò a Tom.	I'll tell Tom.	a2d624e2-d92e-53e1-abaf-b1d5651d87e0	17	14
Sono completamente da solo.	I'm all alone.	09081800-2c20-5d0a-8b6a-05ea48bd5a2b	27	14
Io sono completamente da solo.	I'm all alone.	2d80e858-793d-527f-81b6-72cd697f4608	30	14
Sono completamente da sola.	I'm all alone.	45075e98-b521-52d0-9bde-456b4e316c36	27	14
Io sono completamente da sola.	I'm all alone.	cb5f28bc-68d1-53b3-924c-a5344e60b6b7	30	14
Sono tutto tuo.	I'm all yours.	2f0c2874-caba-5669-b675-d65b9e6c8061	15	14
Sono tutta tua.	I'm all yours.	dbd40593-17c5-510d-b203-d29838b69072	15	14
Sono tutto suo.	I'm all yours.	29a7cecb-4471-54b1-9995-94d1c225131a	15	14
Sono tutta sua.	I'm all yours.	1033260e-4fd0-529a-be94-c3f1c6db9576	15	14
Sono tutto vostro.	I'm all yours.	5d4d4d83-3ba9-5c26-b4a3-df961ecbda5e	18	14
Sono tutta vostra.	I'm all yours.	50c0765b-0e5a-5bc2-8396-c9003534f397	18	14
Sono adattabile.	I'm adaptable.	3087dcbf-9955-5e3c-848d-af72806ba72d	16	14
Io sono adattabile.	I'm adaptable.	93325dcc-3ca2-5cea-88dd-21a4c042f136	19	14
Sono un tirocinante.	I'm a trainee.	9a52621e-48a8-5bb6-a852-97fa9cead3ef	20	14
Io sono un tirocinante.	I'm a trainee.	440a927d-7b6e-58c9-8ee7-fad98619f0f0	23	14
Sono una tirocinante.	I'm a trainee.	10ccfea1-2ff0-5865-9b67-bf7a32239912	21	14
Io sono una tirocinante.	I'm a trainee.	bd8b5d84-96f9-58a3-86c9-d7c90943016c	24	14
Sono un apprendista.	I'm a trainee.	8d1ad498-4683-58c5-bf76-3bd2b960ef6a	20	14
Io sono un apprendista.	I'm a trainee.	429f9a4b-d62a-5d6e-bf10-e6e3466b6636	23	14
Sono un'apprendista.	I'm a trainee.	049b00b6-5632-5a58-ab67-5ad3c78e0619	20	14
Io sono un'apprendista.	I'm a trainee.	070f3bfa-b429-553c-8e5e-2b7257140f8d	23	14
Proverò quello.	I'll try that.	8f7696af-d8f0-53c9-887f-4bc68ff29cef	15	14
Io proverò quello.	I'll try that.	eb3b15de-1be9-5825-9fda-55659803a29b	18	14
Proverò quella.	I'll try that.	e5108294-ae60-54dd-8194-93fc4ea274c1	15	14
Io proverò quella.	I'll try that.	a2ea9eab-8394-56a1-9bfa-e8b51c41bc65	18	14
Sono ambizioso.	I'm ambitious.	37aa64c5-a3d0-5fc4-b82e-7fa54e433762	15	14
Io sono ambizioso.	I'm ambitious.	4e1b73f8-f0b6-52e6-afee-627ce677ff54	18	14
Sono ambiziosa.	I'm ambitious.	7b8ce0a2-ba3e-539b-a211-05515865314e	15	14
Io sono ambiziosa.	I'm ambitious.	d13262c2-192f-536a-8f35-d9b812738ea3	18	14
Sono bilingue.	I'm bilingual.	2fe045a2-e9af-5cc0-8246-728dabc226e7	14	14
Io sono bilingue.	I'm bilingual.	c1cc04fe-e0ce-5d49-a553-2569aa62d1dd	17	14
Sono impegnato, Tom.	I'm busy, Tom.	294ea1cf-c903-5046-aab1-f6ac626dbc8e	20	14
Io sono impegnato, Tom.	I'm busy, Tom.	bc29cd42-134c-569a-a2a0-cae9efcd784e	23	14
Sono impegnata, Tom.	I'm busy, Tom.	e17111b6-3ccc-5bef-b69e-c72af38d0414	20	14
Io sono impegnata, Tom.	I'm busy, Tom.	d926ff48-a4d0-5721-bcd5-05d7526a6e77	23	14
Sono occupato, Tom.	I'm busy, Tom.	4d6c1a03-8fb8-5293-9c62-311aeda39ccc	19	14
Io sono occupato, Tom.	I'm busy, Tom.	4971c09f-4a40-5b28-899b-3ad6ecd2f469	22	14
Sono occupata, Tom.	I'm busy, Tom.	54e386a7-e974-5e14-a9d3-417084c26d68	19	14
Io sono occupata, Tom.	I'm busy, Tom.	987ab7c4-7b26-5805-a556-be77c546a253	22	14
Anche io sono impegnato.	I'm busy, too.	a16012ac-042c-5d09-b2b9-6a775857f6d3	24	14
Anche io sono impegnata.	I'm busy, too.	3b8daa09-e765-5bf6-bd91-eb5c55cfd745	24	14
Anche io sono occupato.	I'm busy, too.	d7e2a4ac-0a8e-5502-a137-8c477ecf7e35	23	14
Anche io sono occupata.	I'm busy, too.	3fac5008-d3e4-5851-9188-cc0e1a6b0223	23	14
Sono attento.	I'm attentive.	991afc5b-dcda-5341-9cdf-c9f0ed6907bd	13	14
Io sono attento.	I'm attentive.	a4a8e1f8-fcdf-5578-8969-d0eecf334b1f	16	14
Sono attenta.	I'm attentive.	b2811f4b-42b4-5309-8f01-74a5833965d8	13	14
Io sono attenta.	I'm attentive.	1674b6de-a662-5596-aec5-c20bfb786c1e	16	14
Sono vigile.	I'm attentive.	7f2d298a-960e-5bb1-89be-7f44a58cd64f	12	14
Io sono vigile.	I'm attentive.	b16b201b-e152-553d-9756-76438f908fd6	15	14
Sono sveglio ora.	I'm awake now.	50137f4f-cce0-5340-a7b1-b9f7ccd8bd67	17	14
Sono sveglio adesso.	I'm awake now.	f864d433-69e0-5315-b123-db28e3f321c6	20	14
Sono sveglia ora.	I'm awake now.	e5d484a2-1c45-532c-bcb5-ce83bebd3f27	17	14
Sono sveglia adesso.	I'm awake now.	3e6a4f03-6713-5618-b0d6-38aa1007b51a	20	14
Sono per conto mio.	I'm by myself.	8e097c8b-b75b-5d4d-b138-40227cb7a158	19	14
Io sono per conto mio.	I'm by myself.	497ed7b5-e591-5171-ac65-f8ed7324a2f3	22	14
Se hai fame, prendi qualcosa da mangiare.	If you're hungry, have something to eat.	ade8398b-12b7-5216-b418-0909c6e6d8aa	41	40
Se ha fame, prenda qualcosa da mangiare.	If you're hungry, have something to eat.	0cc2a644-867e-50e8-b809-3d7710c47876	40	40
Se avete fame, prendete qualcosa da mangiare.	If you're hungry, have something to eat.	8d654de9-d60a-5f01-ab3f-788f52275c80	45	40
Sono diverso.	I'm different.	ef89bf74-855e-51e7-a054-1fcafc7cbdbd	13	14
Io sono diverso.	I'm different.	473dfcd8-fc8b-5f42-b4a0-da5d6448046d	16	14
Sono diversa.	I'm different.	86c3df99-f697-5133-903c-8f57c80d2d61	13	14
Io sono diversa.	I'm different.	f6caa465-8f0c-51d9-84ae-ca83a75ce2b7	16	14
Ho finito qui.	I'm done here.	d17c87d1-8eb9-5a39-8193-336f341ae407	14	14
Io ho finito qui.	I'm done here.	b903a12a-6fc9-5bd5-9c26-7df94ed87fb4	17	14
Sono efficiente.	I'm efficient.	ea3a25bb-9801-5b5a-92b1-084460c95aee	16	14
Io sono efficiente.	I'm efficient.	cb6965f1-5c6e-59bc-ad5b-00cf06e6f80c	19	14
La mia opinione è diversa dalla tua.	My opinion is different from yours.	b05591b0-7710-5708-a0c3-b8ff2d2b352c	36	35
La mia opinione è diversa dalla sua.	My opinion is different from yours.	75c6cbad-5845-5a13-914e-1e1e597fbf43	36	35
La mia opinione è diversa dalla vostra.	My opinion is different from yours.	94c42a05-2492-56d3-9ad5-b3b6868ac578	39	35
Ho restituito la borsa a Ken.	I gave the bag back to Ken.	cc7cecc9-0f0c-5bb6-a94b-82fc7236d6b3	29	27
Io ho restituito la borsa a Ken.	I gave the bag back to Ken.	6a3f2521-8685-56ab-b943-e624aeb6a6b3	32	27
Restituii la borsa a Ken.	I gave the bag back to Ken.	1a8538f0-519f-5c72-8c27-037987b0354f	25	27
Io restituii la borsa a Ken.	I gave the bag back to Ken.	83e7942e-40a8-5cf7-be0b-a7d82210bc76	28	27
Non sono quello che ero dieci anni fa.	I am not what I was ten years ago.	def4dda5-05c6-5e4b-80a9-679cf368dca8	38	34
Io non sono quello che ero dieci anni fa.	I am not what I was ten years ago.	fd31678d-7c51-517f-88c7-f7c35cc0ba09	41	34
Sta viaggiando per il mondo.	She is traveling around the world.	0a6abc5e-aa2e-589a-addf-89f46825bd5c	28	34
Lei sta viaggiando per il mondo.	She is traveling around the world.	b89a0070-6638-5226-b201-8e0806ecb634	32	34
Damasco è una bella città.	Damascus is a beautiful town.	885262c6-cdeb-5dcb-a38a-487ef6065dd8	26	29
Casey vive a Tver.	Casey lives in Tver.	c32d8cc3-d016-5684-9797-4392639221d5	18	20
Casey abita a Tver.	Casey lives in Tver.	e581bd71-54de-5e4e-ac22-3d4737237741	19	20
Gli amanti si sono scambiati numerose lettere.	The lovers exchanged numerous letters.	4267d0ed-3bd1-513b-9de4-05a1c178cf15	46	38
Gli amanti si scambiarono numerose lettere.	The lovers exchanged numerous letters.	24c79f63-07a8-5735-bdef-144028bd3d6b	43	38
Sei sicuro che non sia un problema?	Are you sure it's no trouble?	7bbe47b7-f9b3-5d3f-a3e1-eb666770490f	35	29
Sei sicura che non sia un problema?	Are you sure it's no trouble?	fddb055f-e631-5124-8c40-1c385e893fcb	35	29
È sicuro che non sia un problema?	Are you sure it's no trouble?	a8849694-6f6f-500a-8574-4315273fd265	33	29
È sicura che non sia un problema?	Are you sure it's no trouble?	16bcf1ee-7e5a-5a78-bc96-193e0f35103e	33	29
Siete sicuri che non sia un problema?	Are you sure it's no trouble?	2589f7e3-418a-512c-b827-3b6ea582a6c4	37	29
Siete sicure che non sia un problema?	Are you sure it's no trouble?	745957f1-5ca1-5802-bd24-fba6c9023d3c	37	29
Sono felice.	I'm contented.	36d2ae65-d9af-5f6a-964f-0444e72cd3a0	12	14
Io sono felice.	I'm contented.	ac4a97ed-908d-5f5b-8b52-2e26fdbf215a	15	14
Sono contento.	I'm contented.	a149b61d-a9fd-5259-aed3-0ae2d89ece9e	14	14
Io sono contento.	I'm contented.	d8cc5d5c-bf71-517d-a1ee-1b6719d48d0a	17	14
Sono contenta.	I'm contented.	1c792198-fe55-5c03-88b4-61e9128d6077	14	14
Io sono contenta.	I'm contented.	3091f61d-8b6e-5dee-a7a4-11169aca8b50	17	14
Sono appagato.	I'm contented.	00da8832-db14-5259-8878-893b266dd9fc	14	14
Io sono appagato.	I'm contented.	d80e99f5-b840-5c26-9db4-38a9a4f5d3b8	17	14
Sono appagata.	I'm contented.	d44797f1-8c6c-5423-99c0-fe8b32c72ec0	14	14
Io sono appagata.	I'm contented.	e72b89eb-4d4c-56c1-a40b-bbd1d7700064	17	14
Sono quaggiù.	I'm down here.	af58381e-9196-5971-bfb6-2d2ee0d93d4b	13	14
Io sono quaggiù.	I'm down here.	7fe628f2-721f-5e09-bbfc-df2a1f617fae	16	14
Sono fantastico.	I'm fantastic.	067a3394-d6c0-5e41-b2d1-011791580cfe	16	14
Io sono fantastico.	I'm fantastic.	e8a35342-bd79-5c78-acb6-5f3395aea6f7	19	14
Sono fantastica.	I'm fantastic.	eaa8ff95-55c8-5831-8991-a2b2f54dc75a	16	14
Io sono fantastica.	I'm fantastic.	ac0c3284-e382-5dda-91b4-bb30b2e7b63e	19	14
Sono energico.	I'm energetic.	0a8fd0bc-88f7-5f46-8851-c35c8f0e1ae6	14	14
Io sono energico.	I'm energetic.	abbe9dd6-3390-568d-b797-6eaebf5c6e14	17	14
Sono energica.	I'm energetic.	6b6d7a80-16ee-5a3a-93f4-7a04aea206b9	14	14
Io sono energica.	I'm energetic.	48ff59c8-043d-5f13-9e7f-ce47692d0069	17	14
Sono vitale.	I'm energetic.	be302455-d8fa-5246-b3fa-73cbe6965cd3	12	14
Io sono vitale.	I'm energetic.	1a954396-cc3b-5227-8d91-a23b61c04f5e	15	14
Sono vivace.	I'm energetic.	d9e12048-f5b7-5c89-927f-86f73f7acdfd	12	14
Io sono vivace.	I'm energetic.	7acf9f3f-9208-53e7-8c26-062a175a3891	15	14
Sono zelante.	I'm dedicated.	174990b7-3835-5c6e-ba7b-33504ecf5e35	13	14
Io sono zelante.	I'm dedicated.	76d3d7e0-2f20-5be6-89ed-771c7b0839f3	16	14
Sono scrupoloso.	I'm dedicated.	608ff1ee-6ff4-513d-9662-6b5173e50aa7	16	14
Io sono scrupoloso.	I'm dedicated.	075fd00c-1efe-5f81-bc1d-3f829dd1f94f	19	14
Sono scrupolosa.	I'm dedicated.	4a54957e-83be-5d65-9935-08cfaf39e2ad	16	14
Io sono scrupolosa.	I'm dedicated.	8138ac20-ab1a-5ee0-aa4a-f54988b2eacf	19	14
Sono impegnato.	I'm dedicated.	2887aa3e-4bbf-5a10-9eaf-c0f79bb0c796	15	14
Io sono impegnato.	I'm dedicated.	d90dd6f3-9aee-57b4-9b75-d9268e5bbea3	18	14
Sono impegnata.	I'm dedicated.	182f5345-eb25-533b-b338-d7442c8f5686	15	14
Io sono impegnata.	I'm dedicated.	23549f2a-90e1-52a4-862d-d041f35690f5	18	14
Portala qui.	Bring her here.	633b0d65-06bc-5d37-bd73-1c178475b8cc	12	15
Portatela qui.	Bring her here.	24218578-8d91-5046-8b31-c92987fe7bcb	14	15
La porti qui.	Bring her here.	6a3fde5a-c20a-566b-91cc-c65d5a08a2ce	13	15
Sono smemorato.	I'm forgetful.	f4902898-4e14-5bc8-8fbe-feeb610d0f56	15	14
Io sono smemorato.	I'm forgetful.	4fc6d094-aa14-5424-9560-2ef97f1577c4	18	14
Sono smemorata.	I'm forgetful.	b01ed3c9-3ec3-5204-8e94-8d20f88e7881	15	14
Io sono smemorata.	I'm forgetful.	e296e0bc-d805-57a0-aefa-cde181d0d7df	18	14
Sono distratto.	I'm forgetful.	d5887fa3-5177-5ff0-b465-0f030567c49d	15	14
Io sono distratto.	I'm forgetful.	c6096992-4be5-5fb6-a6df-f1ac71156bf3	18	14
Sono distratta.	I'm forgetful.	f993dc7e-2864-511f-bfb0-13e8af504153	15	14
Io sono distratta.	I'm forgetful.	e9d923a8-60f5-5ee8-9c5c-cdb5d41020f7	18	14
Dove hai preso quel cappello?	Where did you get that hat?	06d362ac-7066-58aa-b762-9f6811f3ce9d	29	27
Dove ha preso quel cappello?	Where did you get that hat?	9bf1b6fb-1e81-5096-9751-7c4338c20295	28	27
Dove avete preso quel cappello?	Where did you get that hat?	d30fbbbc-d477-5b1e-9c8e-0d1bf31aa672	31	27
Sto andando ora.	I'm going now.	ae092c8d-361e-5310-9316-3e0b0c819cc5	16	14
Io sto andando ora.	I'm going now.	47f4bbb3-2085-5480-8415-e8ce6b0f1e5d	19	14
Sto andando adesso.	I'm going now.	26e278d2-21c6-5031-9c31-c28d77c4a6e4	19	14
Io sto andando adesso.	I'm going now.	38296507-1720-5a8a-9565-8607d31cb90d	22	14
Fai attenzione, OK?	Be careful, OK?	395ed9a8-9e43-528e-83a3-5590a5aa30e0	19	15
Faccia attenzione, OK?	Be careful, OK?	479435aa-1005-5f14-b1de-86ad4071036c	22	15
Fate attenzione, OK?	Be careful, OK?	dba7ac8f-52c0-51a2-ac79-dbda4d5caf4f	20	15
Dove lo hai preso quel cappello?	Where did you get that hat?	90948a45-3859-5cd7-8577-90697063f02b	32	27
Dove lo ha preso quel cappello?	Where did you get that hat?	90066cde-e16e-5f5d-b247-54ede8bab925	31	27
Dove lo avete preso quel cappello?	Where did you get that hat?	f705d6c1-0e8c-5a7a-b350-59411002ee4c	34	27
Quella nuova canzone si chiama Lollipop.	That new song is called Lollipop.	86cd9aae-e793-5536-ac63-51ecfab8f094	40	33
Il cambio è buono.	Change is good.	384e601d-a94e-544f-a23e-6682cceb74a5	18	15
Controlla il tuo cappello.	Check your hat.	dd894908-da70-5c40-b35f-94bd6c6b5116	26	15
Controlli il suo cappello.	Check your hat.	c4ea7027-0824-58d0-96d5-acdf9a4daa23	26	15
Chiama tua moglie.	Call your wife.	0204be28-e826-5884-a3b8-76b7f70951f5	18	15
Chiami sua moglia.	Call your wife.	b8b698b7-08c4-572b-905f-1392da0198ac	18	15
Non sai leggere?	Can't you read?	537a141a-de8d-589a-9868-96ace09c3a26	16	15
Non sa leggere?	Can't you read?	d18d230f-e903-5b43-a889-05e0565d1891	15	15
Non sapete leggere?	Can't you read?	4b543347-5fe3-52a5-b10f-382cc55ae401	19	15
Non sai nuotare?	Can't you swim?	27ccdea8-e538-5b28-a796-3832925f62bf	16	15
Non sa nuotare?	Can't you swim?	8ba0f0fb-7887-5616-9982-3d16cae35684	15	15
Non sapete nuotare?	Can't you swim?	b5833a03-8c44-5b24-ad0d-d33843211e8b	19	15
È meglio in contanti.	Cash is better.	0c5f9039-0289-53e8-abed-0b0b312c2886	21	15
Tom ha ricevuto una telefonata dall'ospedale.	Tom got a phonecall from the hospital.	ef68fb10-ebe8-50a3-8b92-dc15acdf0893	45	38
Tom ricevette una telefonata dall'ospedale.	Tom got a phonecall from the hospital.	2d7767e7-01a3-5d87-8ac9-707b4b953424	43	38
Richiamali.	Call them back.	fa940939-6b20-5237-9231-846a5d377542	11	15
Richiamale.	Call them back.	0bf6b0df-98bb-5ef5-ba63-829b910539ec	11	15
Li richiami.	Call them back.	e1d400b7-b33d-5fd5-ab47-4a51d3446647	12	15
Le richiami.	Call them back.	57c4b862-c841-5b7d-9ded-189faa15b127	12	15
Richiamateli.	Call them back.	4f000d4c-c711-580c-ac69-e382e5154ee9	13	15
Richiamatele.	Call them back.	c5e04ca3-8c5c-5c04-ab41-de303f17cde8	13	15
Contatta mio figlio.	Contact my son.	ad268438-5fa0-555a-a269-563ada9e7eb2	20	15
Contattate mio figlio.	Contact my son.	b24aecd6-10e6-563d-8b27-5feb2d8e2f7f	22	15
Contatti mio figlio.	Contact my son.	ef9f71f7-7351-5429-b6b3-6e9562405b8b	20	15
Torna a casa presto.	Come home soon.	cb71f42c-f32b-5cfb-9922-a9a6284615a8	20	15
Chiudi il libro.	Close the book.	9a427123-0ed4-5db5-8157-02784b68228a	16	15
Chiuda il libro.	Close the book.	19b7aac8-bbfa-5cc5-b192-0462a34a848e	16	15
Chiudete il libro.	Close the book.	77baaaa4-d6df-5b2e-bc49-ad34598d63ae	18	15
Ballare è divertente.	Dancing is fun.	29cdd6af-fe11-5c84-8a61-e21efe908dc5	21	15
Danzare è divertente.	Dancing is fun.	626c313b-49b9-567f-a8ad-d0ea1c8bd1d7	21	15
Copia questo file.	Copy this file.	edfc20c6-53e9-5c6b-a8ff-76cb0be109e7	18	15
Copi questo file.	Copy this file.	df524fd1-d3f2-568e-b1c4-dba37c39712b	17	15
Copiate questo file.	Copy this file.	ffab2795-aa9d-545d-b159-e5a1ebe320ca	20	15
Le è stato dato il permesso di usare la macchina.	Permission to use the car was accorded to her.	3cadff84-39b4-5bf1-982a-5be2c20394c3	49	46
Le fu dato il permesso di usare la macchina.	Permission to use the car was accorded to her.	8d31ab25-cde3-5dbe-a83a-c6f4b480ec40	44	46
Le è stato dato il permesso di usare l'auto.	Permission to use the car was accorded to her.	d4cc9add-90c5-5764-aec6-b65de347c808	44	46
Le fu dato il permesso di usare l'auto.	Permission to use the car was accorded to her.	38207854-0418-5903-8b9d-cdea9583a7fc	39	46
Le è stato dato il permesso di usare l'automobile.	Permission to use the car was accorded to her.	152acd4e-f69b-57c8-b5ec-59aedb9a4a95	50	46
Le fu dato il permesso di usare l'automobile.	Permission to use the car was accorded to her.	3ba97320-8006-5db6-9076-7bb3cdfc65b9	45	46
Tom è scappato?	Did Tom escape?	736531a7-0636-5b16-9a21-e33d4a83315c	15	15
Tom è fuggito?	Did Tom escape?	25dd1e3a-f17c-54cb-98b4-c17e5af7d7bd	14	15
Aiuta?	Does that help?	57909167-d43e-5c7f-96ee-cb166a4dc2ce	6	15
È di aiuto?	Does that help?	1ccde502-d106-5174-aca5-b74cdf1b636c	11	15
Quello aiuta?	Does that help?	19589c5c-c606-5d62-9d30-6e0ff4869806	13	15
Quello è di aiuto?	Does that help?	d208f02c-55ce-558e-8629-2e2b3e6de2a5	18	15
Tom se n'è accorto?	Did Tom notice?	9b3051b1-b806-56bf-ad3e-914cff760cc5	19	15
Tom ha finito?	Did Tom finish?	de31a197-f087-5d2e-9c0d-97b89d3c5ddf	14	15
Lo vuoi?	Do you want it?	185251d6-763f-534b-b2f7-54324ce8d99f	8	15
La vuoi?	Do you want it?	9c7cb32c-a738-55bf-bb63-207b7358d154	8	15
Tu lo vuoi?	Do you want it?	c340a264-80ec-5dc0-8361-24c5d13075fa	11	15
Tu la vuoi?	Do you want it?	aa0610c8-7e01-5914-8da5-e4b67602e7af	11	15
Lo volete?	Do you want it?	81efbabb-a0ca-5cd3-b843-ffe35f8aec68	10	15
Voi lo volete?	Do you want it?	83ade9ec-4f04-512b-a0b1-6bce941f0156	14	15
La volete?	Do you want it?	b1886e83-5875-54f6-8f3b-9a7edf6da55e	10	15
Voi la volete?	Do you want it?	3d593d6a-aacf-55f2-bf13-b7150ba82980	14	15
Lo vuole?	Do you want it?	1abef7e2-e4f6-51b8-b1e4-a0c4f5e8569f	9	15
Lei lo vuole?	Do you want it?	8cf572e1-3165-521a-97a5-d0e1588e6218	13	15
La vuole?	Do you want it?	e1cb6a95-cc8d-56b8-8541-a23172055326	9	15
Lei la vuole?	Do you want it?	5b999c00-56d5-5cca-ad6e-6cdd496d5e0e	13	15
Tom ha obiettato?	Did Tom object?	387d2a8b-1f7d-5b87-bc52-a6a5a712830b	17	15
Era incoraggiata dalla notizia.	She was encouraged by the news.	28010dc7-397f-5c52-9dea-91352d362b5c	31	31
Lei era incoraggiata dalla notizia.	She was encouraged by the news.	5f124102-fa9a-5dca-938a-ab04eb03e338	35	31
Era incoraggiata dalle notizie.	She was encouraged by the news.	efe10818-9d40-5fe9-b5e4-47869548cfd6	31	31
Lei era incoraggiata dalle notizie.	She was encouraged by the news.	777d232d-2444-5f90-94ea-d9d9e2c40e61	35	31
Quello fa male?	Does that hurt?	d5fa67ba-a291-5bc2-9601-05c7c2455bd7	15	15
Quella fa male?	Does that hurt?	e6a0e5ac-f71c-5853-8449-f5ffc991c9b9	15	15
Quello funziona?	Does that work?	d731abd7-dd41-53fd-b1e3-ce3120e186c9	16	15
Quella funziona?	Does that work?	b61aa183-0a9b-5e9e-ba1d-ee0e1e8571db	16	15
Non licenziare Tom.	Don't fire Tom.	1ecebf25-b8a6-54fd-b6db-3862a5e43017	19	15
Non licenziate Tom.	Don't fire Tom.	0a71111d-4f5f-57f7-ae3a-4d35b63c80eb	19	15
Non licenzi Tom.	Don't fire Tom.	0b4063e1-052e-5066-bf12-26731e76bab4	16	15
Non giudicarmi.	Don't judge me.	f1cdea9a-19b4-5e19-ad05-e1ae9707fe9b	15	15
Non giudicatemi.	Don't judge me.	ef63acf4-d62b-5de2-bbca-5feda57434fe	16	15
Non mi giudichi.	Don't judge me.	c86a0db6-3c64-5234-b10e-22170c034d79	16	15
Non mi giudicare.	Don't judge me.	f63a20c7-6742-5007-a385-074dd15654be	17	15
Non mi giudicate.	Don't judge me.	4a79bcc6-f4b1-52a7-9878-c6a172be9dcd	17	15
Non sentirti male.	Don't feel bad.	eae77832-a941-5348-8f9e-8708025a6ddc	18	15
Non si senta male.	Don't feel bad.	c64757a6-b8e1-57fc-84f7-fadb0412ea23	18	15
Non sentitevi male.	Don't feel bad.	70f5c701-e454-53c5-935e-e0802f4ba1d5	19	15
Non comprare quello.	Don't buy that.	292b90d9-67c4-5dd2-8d69-caaa7a3f2764	20	15
Non comprare quella.	Don't buy that.	4ef4223f-0d50-5cb6-973d-aac26226886f	20	15
Non comprate quello.	Don't buy that.	202eb238-71f3-5a88-87cc-5fe6013bf4f8	20	15
Non comprate quella.	Don't buy that.	4ddd0de8-f623-59bb-8e0b-51a1230ce77e	20	15
Non compri quello.	Don't buy that.	2f9bad92-a1c4-50e4-bae6-57ff754fcc62	18	15
Non compri quella.	Don't buy that.	3d788cc8-7ac1-5981-9b4a-436f3075345c	18	15
L'ha perdonato.	She forgave him.	a7bd2375-20b9-5f6a-a73f-b4fd766f74b7	15	16
Lei l'ha perdonato.	She forgave him.	3d0bafae-d00e-5c9a-9f3a-a377b193c10a	19	16
Lo perdonò.	She forgave him.	f2cc1b6e-c03c-5aa5-a02b-9778dd260e23	11	16
Lei lo perdonò.	She forgave him.	71891584-1907-5918-b2f5-86dec18e3014	15	16
Odio il francese.	I hate French.	350a51e8-1514-5725-b1fb-256d2515efd4	17	14
Io odio il francese.	I hate French.	57e9c9a8-ac1f-5ca9-b567-39d44803ae3b	20	14
Combattete come uomini.	Fight like men.	9c499228-9071-5394-8bfc-32d8f66e2549	23	15
Lottate come uomini.	Fight like men.	5b260599-8301-5c60-97ff-e27377ee405d	20	15
Finisci il lavoro.	Finish the job.	43284ab2-5bd6-5603-a805-0706ae11c19a	18	15
Finisca il lavoro.	Finish the job.	994b6818-4217-576d-9814-45e169dc20c6	18	15
Finite il lavoro.	Finish the job.	4b09188d-e87a-5c1b-8cf6-74f6ed691608	17	15
Non dirlo a Tom.	Don't tell Tom.	4914aea8-dd9a-5600-bc59-460389ea352f	16	15
Non ditelo a Tom.	Don't tell Tom.	a828f88e-66c2-51ad-9815-ab790cd8ecf8	17	15
Non lo dica a Tom.	Don't tell Tom.	331c5e8a-89bc-58a3-bd9a-4d00e49ff30a	18	15
Non premerlo.	Don't press it.	ea386800-6174-5bda-bef1-883afce4defc	13	15
Non premetelo.	Don't press it.	667abc04-79d6-5896-b7c5-8a394874e119	14	15
Non lo prema.	Don't press it.	37bfeff4-3c05-555d-b470-ff6357ca6569	13	15
Non badare a Tom.	Don't mind Tom.	97d4327b-cbbf-5e23-8722-195a7e647bdd	17	15
Non badate a Tom.	Don't mind Tom.	33e1254e-d61d-57d9-a36c-7b345a196cba	17	15
Non badi a Tom.	Don't mind Tom.	89d9e4d2-7bf8-533f-b564-c12e686ecc74	15	15
Prendi un po' di torta.	Have some cake.	6b88bda6-27c1-5b50-b323-6817193554e1	23	15
Prenda un po' di torta.	Have some cake.	6757899a-ee7f-5241-9899-886773fd2ede	23	15
Prendete un po' di torta.	Have some cake.	2231ade9-2b97-5581-ad75-a7f5c76415c2	25	15
Ecco la chiave.	Here's the key.	19921d19-7b92-53a7-bac8-23c60c656a5f	15	15
Ecco la mappa.	Here's the map.	cfae0690-5de6-53b6-ad71-9153aeec72cc	14	15
Ecco la carta.	Here's the map.	d4d823d3-2825-5c7b-938d-b73cfdcc8a24	14	15
Ecco la piantina.	Here's the map.	b4d1e582-884c-5896-ba6a-61b4d096c9e0	17	15
Devo indossare una cravatta al lavoro?	Do I have to wear a tie at work?	3fb00add-91a9-5f85-af56-a7c6832b9cad	38	32
Io devo indossare una cravatta al lavoro?	Do I have to wear a tie at work?	3034c9f0-757e-5ef0-88e9-51de73c55174	41	32
Tieni stretto Tom.	Hold Tom tight.	875d2bf1-5434-512e-b904-4139d010c2ca	18	15
Tenga stretto Tom.	Hold Tom tight.	20f4d764-42ed-5a76-bfcd-07c4c0c3a1a8	18	15
Tenete stretto Tom.	Hold Tom tight.	474114c3-b905-57a2-9bad-ea8ca8b595cb	19	15
L'ho assemblato.	I assembled it.	520d6db3-f49f-5631-9ade-eef7f9992eb3	16	15
L'ho assemblata.	I assembled it.	2ca0f621-71bc-5ed1-a925-652dfe4c9a1f	16	15
Lo assemblai.	I assembled it.	7461b05c-6aa9-5eea-be0a-7dddb3321aab	13	15
La assemblai.	I assembled it.	ed6224d3-754e-58cf-b2d4-d462d5549a18	13	15
Credevo a Tom.	I believed Tom.	044b876b-d6fe-52af-a4d0-a2004f5f3bb4	14	15
Io credevo a Tom.	I believed Tom.	c34ae780-f543-53f5-8022-7d7d3a83a45f	17	15
Ho portato il mio.	I brought mine.	54d4a7c0-ff18-53ad-b322-13b2e7172522	18	15
Ho portato la mia.	I brought mine.	bc7c8633-c084-599f-b8b7-5c2f004de39f	18	15
Ho portato i miei.	I brought mine.	7bf19e52-38de-5b7f-9163-acefb59aa098	18	15
Ho portato le mie.	I brought mine.	84c65ee4-de92-5dd6-8172-a8791ec4d864	18	15
Ho portato del vino.	I brought wine.	b112908d-4d5e-5231-aed0-2d822e718a1d	20	15
Io ho portato del vino.	I brought wine.	7ea557de-e9b0-55fe-858c-5c1fa2a99445	23	15
L'ho corretto.	I corrected it.	19a54380-3564-53bb-a870-b9175c317733	14	15
L'ho corretta.	I corrected it.	bfd258c2-f459-511c-a3b8-8d0dcbb8baa4	14	15
Sono allergico ai gatti.	I am allergic to cats.	a36255be-add6-5d7b-bae6-fe7dbe4300a5	24	22
Io sono allergico ai gatti.	I am allergic to cats.	203135bb-2ef2-530d-9fd1-a664c3e4766c	27	22
Sono allergica ai gatti.	I'm allergic to cats.	ab0c241e-8ef4-53b7-97e8-5511828fe60e	24	21
Io sono allergica ai gatti.	I am allergic to cats.	b38caa60-cfa6-51f9-a3dd-e84bb981c3fb	27	22
C'erano dei fiori qui.	There were flowers here.	09722f98-6aad-5a63-914b-d13bbf27f032	22	24
Sembra caldo.	It looks warm.	b7729bb2-8941-5d50-a6d3-ec3dd1a167c1	13	14
Sembra calda.	It looks warm.	392f1ad9-c818-5888-b3f8-1138f7a62925	13	14
Aveva senso.	It made sense.	7478e12e-9e80-56cb-93b6-a1d7684b3f03	12	14
Copriti gli occhi.	Cover your eyes.	c0f456ea-52c9-52a6-a6f8-89fc3be8ce7d	18	16
Si copra gli occhi.	Cover your eyes.	2f9caf63-3151-58d8-8d7f-98c432af68f6	19	16
Copritevi gli occhi.	Cover your eyes.	f98488d7-0bdf-5526-b7a4-6df441cdc505	20	16
Mi merito questo.	I deserve this.	e629ca45-5c8c-50fb-89b2-0edb5e5f894f	17	15
Io mi merito questo.	I deserve this.	16ac1253-2594-57c8-bbdb-a02a8b7f3961	20	15
Sono stato arrestato.	I got arrested.	47e76647-d63d-5e29-99fa-3860957fa180	21	15
Io sono stato arrestato.	I got arrested.	c1356f7e-5159-5b7e-9c63-e3b4f5a967ce	24	15
Sono stata arrestata.	I got arrested.	ebca3cc7-23a8-5248-8f39-b2e041d57cc9	21	15
Mi è venuta nostalgia di casa.	I got homesick.	6e486c4b-88f5-5bf9-82f5-28b93f36a535	30	15
Non ho riso.	I didn't laugh.	0d482290-81ee-515f-99e6-f65c8c9f964e	12	15
Io non ho riso.	I didn't laugh.	10e594c3-c17b-5598-99b5-0968244b437f	15	15
Non sono stato bocciato.	I didn't flunk.	3f84f0aa-26d3-591f-8155-360bdcafe2ba	24	15
Io non sono stato bocciato.	I didn't flunk.	d0dff906-b11d-5d70-a29c-cec9e37c6fcd	27	15
Non sono stata bocciata.	I didn't flunk.	2a13de36-2065-542c-95c8-8f05ac01eb24	24	15
Io non sono stata bocciata.	I didn't flunk.	0927b321-319f-5d40-9909-b3bc86160910	27	15
Non sono stato segato.	I didn't flunk.	f798a7d6-d751-5e6a-b089-a2d827ae6bb5	22	15
Io non sono stato segato.	I didn't flunk.	452163c9-d16e-5f72-bddd-0afe2a5dbea5	25	15
Non sono stata segata.	I didn't flunk.	ff6ee1fb-b6cb-5cd8-9913-2be3fd5c72f8	22	15
Io non sono stata segata.	I didn't flunk.	bca8d3b5-2f47-55be-b845-b7ce551f63bf	25	15
Ho seguito Tom.	I followed Tom.	3d89e0ec-9ab1-5784-b446-1e5973eb8e2a	15	15
Io ho seguito Tom.	I followed Tom.	cc69b103-5601-53dc-b9a7-a197a1e18fb2	18	15
Ho la mappa.	I have the map.	3f523251-bd73-57f4-a7f9-0394cde8e84a	12	15
Io ho la mappa.	I have the map.	ebe34c93-4e6f-5795-8187-4c5f16ea3956	15	15
Ho la piantina.	I have the map.	842471a1-947f-5b81-a594-91958084a422	15	15
Io ho la piantina.	I have the map.	40c14c48-4661-55ed-b33b-68b7da057869	18	15
Ho la carta.	I have the map.	9e6f07de-6e98-5bff-afeb-91056c3244b4	12	15
Io ho la carta.	I have the map.	9b2527ee-3839-5bff-b66c-851bf08c373a	15	15
Sono stato promosso.	I got promoted.	a1da01d0-b327-520c-a054-aab6f34b8332	20	15
Io sono stato promosso.	I got promoted.	616b3136-2131-5d3b-9441-a377d366a580	23	15
Sono stata promossa.	I got promoted.	3d0bf2e1-1e64-5ea9-960e-b0cee9e87715	20	15
Io sono stata promossa.	I got promoted.	2178f021-0463-5f8f-9370-2d05e5c14b85	23	15
Odio le carote.	I hate carrots.	56f8bc1c-feca-5ab0-9595-2a65da20e85f	15	15
Io odio le carote.	I hate carrots.	6fc7a1e1-f0f3-5b09-8229-e00f21605246	18	15
Non ho cibo.	I have no food.	dfebf5d1-a30b-5a7b-a067-fe3e0d65f286	12	15
Io non ho cibo.	I have no food.	c2ec95df-24fc-5923-bf9d-49983ffa4687	15	15
Amavo Boston.	I loved Boston.	c11991a1-221b-5920-ab72-5f1fe3cb74a0	13	15
Io amavo Boston.	I loved Boston.	2ae6d11d-9374-5bb9-b98b-ddedf7a1cdca	16	15
Conosco la strada.	I know the way.	edda0bf2-3ecd-5317-9d2c-db054b044575	18	15
Io conosco la strada.	I know the way.	a0498ff4-e009-54a4-9b7a-189e703bf130	21	15
Semplicemente lo voglio.	I just want it.	cbeb4a14-4e47-5a75-a08d-9bca0873b082	24	15
Semplicemente la voglio.	I just want it.	2e4c4039-49f1-5a69-b648-305a8e607348	24	15
Ho incontrato Tom qui.	I met Tom here.	61a843b0-ddc8-52b2-8593-85fe19499626	22	15
Io ho incontrato Tom qui.	I met Tom here.	2a85056a-fd24-54a6-af28-d4676dc3f58b	25	15
Ho conosciuto Tom qui.	I met Tom here.	163af4dd-0949-5960-b2cf-1f2e7e3d2318	22	15
Io ho conosciuto Tom qui.	I met Tom here.	b2dbcbdd-e197-5dfb-84a9-f66fdeec5386	25	15
Mi serve un aumento.	I need a raise.	bee92b56-643a-5d93-af93-23a974ecbfec	20	15
A me serve un aumento.	I need a raise.	822a3223-272f-59c8-b238-6d63da09f833	22	15
Ho bisogno di un aumento.	I need a raise.	10a5977e-5c60-56e7-91b2-53ce0c06ee6b	25	15
Io ho bisogno di un aumento.	I need a raise.	83afc47e-632d-5fa1-9f69-41bbf691ead7	28	15
Mi manca mia moglie.	I miss my wife.	e5d9b9ee-4485-5151-aa89-8025a2053faa	20	15
A me manca mia moglie.	I miss my wife.	4ca58d34-6f23-562f-b8c9-e122bd2def3f	22	15
Mia moglie mi manca.	I miss my wife.	3788c097-f452-5235-98cb-686ec241f11c	20	15
Potrei avere ragione.	I may be right.	8b6d7333-7074-5493-8573-5527f4161e48	21	15
Io potrei avere ragione.	I may be right.	fee34163-c119-5419-a0c7-1af55466d59b	24	15
Devo essere sicuro.	I must be sure.	696069aa-ef4b-5d0c-b898-8fe7aee5f859	19	15
Io devo essere sicuro.	I must be sure.	8a699e39-bb89-59ce-afa8-c26fb173a299	22	15
Devo essere sicura.	I must be sure.	ec911bb1-bb0e-5c45-9788-ff4792552253	19	15
Io devo essere sicura.	I must be sure.	5474adb2-5a2b-5f17-b31d-373a1af781fc	22	15
Devo vederti.	I must see you.	2eff27e0-c026-5dd6-91a1-389baeac8b05	13	15
Io devo vederti.	I must see you.	c505ae44-a071-5c8f-96e0-1222ac240ca0	16	15
Devo vedervi.	I must see you.	dfef8d1b-dc5a-5967-aa7a-bbd599ca1375	13	15
Io devo vedervi.	I must see you.	39f0e53e-a165-5e4c-a5db-6a1defe3b087	16	15
Mi serve una pausa.	I need a break.	20c4c172-70f9-55e5-acf3-02a55738e534	19	15
A me serve una pausa.	I need a break.	a3ae94c1-a9b0-5aed-94cf-7302aa52a001	21	15
Ho bisogno di una pausa.	I need a break.	c8706aa9-cc02-5366-b01e-ec8da50ceadb	24	15
Io ho bisogno di una pausa.	I need a break.	d3555767-851d-5ca1-8e28-f81189a978ef	27	15
L'ho promesso a Tom.	I promised Tom.	999bdf69-f18b-5844-ba6b-29f9b67b2637	20	15
Ho promosso Tom.	I promoted Tom.	cd70c605-40b7-5918-a0eb-fe46954d6097	16	15
Ho punito Tom.	I punished Tom.	08f02870-757d-5fdf-8078-016485e9a419	14	15
Ricordo Tom.	I remember Tom.	cb9404e5-e4c7-5d58-a5b6-56c5ba137690	12	15
Mi ricordo di Tom.	I remember Tom.	3f6034d3-80e1-51cc-b779-89b1bc67bf60	18	15
Ero un dottore.	I was a doctor.	3ca5e57d-2561-559c-86f2-b43cc708c5df	15	15
Io ero un dottore.	I was a doctor.	96566fa3-be30-5c00-8f97-8127f1176124	18	15
Ero un membro.	I was a member.	7c3a9b28-cd03-5a3e-a106-b17c7eb6019d	14	15
Io ero un membro.	I was a member.	923ecc5e-4593-5fc8-a53e-814582858373	17	15
Ero un idiota.	I was an idiot.	054be83a-3816-57a7-a5b1-032d655a1ec8	14	15
Io ero un idiota.	I was an idiot.	6e1da182-6fe5-504c-8c87-62560337b546	17	15
Ero un'idiota.	I was an idiot.	4c2b6ca5-c4e5-5780-aa6a-3855c0d8c8d9	14	15
Io ero un'idiota.	I was an idiot.	dce133d9-6e6b-5fc3-9ebd-d99a2000e9c3	17	15
Voglio una ciambella.	I want a donut.	1ed44db8-468e-555a-afd3-40582e8f74bd	21	15
Io voglio una ciambella.	I want a donut.	39a4316c-0147-5c76-811b-a55193585ace	24	15
Viaggio molto.	I travel a lot.	5fc411ad-6d05-5f5b-866c-5cb69fa2618d	14	15
Io viaggio molto.	I travel a lot.	a6c53cd2-48e4-5f0d-abd4-f4da3d2b0ff1	17	15
Viaggio leggero.	I travel light.	369e229c-1317-5cd4-9d1c-fe369def1a11	16	15
Io viaggio leggero.	I travel light.	472e39b8-baa1-52b3-93b7-40857ed127f7	19	15
Viaggio leggera.	I travel light.	03573493-c8d1-583a-a0bf-bd9e32fc3813	16	15
Io viaggio leggera.	I travel light.	8f648f70-78c5-5be7-b71c-4981aeb1a193	19	15
Ero a piedi nudi.	I was barefoot.	c193c3db-eacf-5ccd-8bc4-ef7d8ec2de08	17	15
Io ero a piedi nudi.	I was barefoot.	79a186c9-905d-5a09-afa6-488e6c171cd0	20	15
Ero all'aperto.	I was outdoors.	683625e1-237a-5b14-a5ef-b44f6f6f0712	15	15
Io ero all'aperto.	I was outdoors.	288ddaa0-27e5-5541-9c9b-ebe11f1f60fb	18	15
Ero troppo in ritardo.	I was too late.	7a7806c2-1a17-5c2a-8d97-f1b9a3488476	22	15
Io ero troppo in ritardo.	I was too late.	051d53cc-c4e5-590f-9344-60541a2b838e	25	15
Ero così felice.	I was so happy.	05442262-9492-574d-8caa-dc2e3248397b	16	15
Io ero così felice.	I was so happy.	fce9ffb7-0aef-5864-981f-e514b6549b54	19	15
Stavo morendo di fame.	I was starving.	fb529213-9801-5cd1-ba78-83276ef86386	22	15
Io stavo morendo di fame.	I was starving.	1275281c-e7f6-5cb5-bba0-008180c58a13	25	15
Non stavo mentendo.	I wasn't lying.	9f1174c4-19d3-50eb-97e6-d2fdc8427e8f	19	15
Io non stavo mentendo.	I wasn't lying.	c7f56db6-09cd-54b0-847b-6a0844147621	22	15
Ero al piano di sopra.	I was upstairs.	447261d2-8d07-5d33-ba0e-2c963407a13a	22	15
Io ero al piano di sopra.	I was upstairs.	f6c345c0-d0f0-54cf-87ec-8ecd2d75c7b7	25	15
Non mi sbagliavo.	I wasn't wrong.	943440c3-1bec-5fda-84b3-367aba9b4236	17	15
Io non mi sbagliavo.	I wasn't wrong.	77c4d5d4-714b-52af-ac96-3825e3f2b93e	20	15
Non ero da solo.	I wasn't alone.	26d1eba8-4433-5a68-93e1-174217e4b207	16	15
Io non ero da solo.	I wasn't alone.	729d6db4-1af3-53b1-9935-5299e0737606	19	15
Non ero da sola.	I wasn't alone.	f909f17c-8e27-5610-8e74-fddfa75990d5	16	15
Io non ero da sola.	I wasn't alone.	22715089-2f90-5ead-8dc4-ba1d9f1bd642	19	15
Testimonierò.	I will testify.	9087be4c-ab8b-583d-9771-e28d091f0c8e	13	15
Io testimonierò.	I will testify.	bc4e83ab-a71d-5468-b5cf-242e2d17263e	16	15
Non mi dimenticherò.	I won't forget.	ca38ae39-18b9-5ef8-963b-f6fead876a24	20	15
Io non mi dimenticherò.	I won't forget.	65243dc4-61dd-5b1f-b4a8-542e813b42bc	23	15
Non mi scorderò.	I won't forget.	b1239356-a35d-59f0-8884-d3cfecbc8a01	16	15
Io non mi scorderò.	I won't forget.	11343cd6-fa4b-5bdd-a51b-c3065f073f30	19	15
Non darò le dimissioni.	I won't resign.	357b5ca0-1ee8-5259-9cbe-5303904c7fc6	23	15
Io non darò le dimissioni.	I won't resign.	b685154f-8884-56cf-8975-46fdfb0ca334	26	15
Non tornerò.	I won't return.	13f717a8-3059-5514-ad0d-4c39a5ccafc5	12	15
Io non tornerò.	I won't return.	2521934d-5109-5b72-9d28-d5e5bef09fc1	15	15
Io non ritornerò.	I won't return.	632c520b-042a-5845-825b-e3065f585c8a	17	15
Preferirei morire.	I'd rather die.	541f3013-584b-54b7-85c8-aa79f54adacf	18	15
Io preferirei morire.	I'd rather die.	2660bd0d-1f46-52ea-a0f6-7a0c53ba553b	21	15
Lavoro a casa.	I work at home.	b68f0253-8c28-5214-b409-353be55d60da	14	15
Io lavoro a casa.	I work at home.	89e38d30-2ffb-53c7-892f-8cd690b7f338	17	15
Io farei attenzione.	I'd be careful.	9fb2be2b-d562-59c8-abb2-32ece57be8eb	20	15
Sarei onorato.	I'd be honored.	f53d7a3f-25fe-58c6-affd-5c8314e573b8	14	15
Io sarei onorato.	I'd be honored.	375bb0b2-fc2d-5a6e-8f53-c98d1ee75ef7	17	15
Sarei onorata.	I'd be honored.	c01df570-9f84-5b25-921e-e99d1dccd0cf	14	15
Io sarei onorata.	I'd be honored.	3cb40028-23fa-5d12-8c6b-4712e536f9d0	17	15
Chiederò più tardi.	I'll ask later.	4c2f7ed0-fb23-51f9-8d7a-67cccb7bd077	19	15
Porterò Tom.	I'll bring Tom.	b6570173-43e5-52a0-a5ff-332e30e98c21	12	15
Io porterò Tom.	I'll bring Tom.	ccaee4c2-ac20-5017-967b-f296953de3f1	15	15
Sarò dentro.	I'll be inside.	65b4f3b7-21f2-5031-814e-3696b04b97a9	12	15
Io sarò dentro.	I'll be inside.	7874e598-38fa-52ee-b73c-77b223e7d2b3	15	15
Sarò diretto.	I'll be direct.	f12c9f8f-b134-5bdd-8ac3-7605f58f34c2	13	15
Io sarò diretto.	I'll be direct.	a7bfd6cb-60bf-5546-88c3-a16c89eff8ef	16	15
Sarò diretta.	I'll be direct.	8420f31d-3f3b-519b-b646-24318cf0866c	13	15
Io sarò diretta.	I'll be direct.	6b488633-64b8-50d5-98eb-0928a1529a1b	16	15
Sarò onesto.	I'll be honest.	7abf9653-07d2-5265-b66a-713ae27339dc	12	15
Io sarò onesto.	I'll be honest.	a6f24072-7207-5e6f-83c0-531fd3b767b4	15	15
Sarò onesta.	I'll be honest.	5b15b6ba-787d-5507-8424-dac73a9dc639	12	15
Io sarò onesta.	I'll be honest.	73a25e8a-bb51-5441-954b-a5a146cf0971	15	15
Richiamerò.	I'll call back.	e7889ef1-d830-5170-a19f-be7405526cf4	11	15
Lo annullerò.	I'll cancel it.	6a757e61-44a7-544b-9d3c-959b9e80a32b	13	15
La annullerò.	I'll cancel it.	ca2417a8-fdc1-5510-a47a-bd0acefca32b	13	15
Ti prenderò.	I'll catch you.	37fdf4cc-ab13-5572-99fc-4471c7c485e9	12	15
Io ti prenderò.	I'll catch you.	fd92fa40-d427-596d-8bf4-df48ea948925	15	15
Vi prenderò.	I'll catch you.	d79781ea-1b45-5fe0-b419-c3b79014e427	12	15
Io vi prenderò.	I'll catch you.	c455eb4c-2db6-58ab-9543-1565587faa40	15	15
La prenderò.	I'll catch you.	d32288b2-aee6-51e5-9341-0ec531059ff7	12	15
Io la prenderò.	I'll catch you.	ab0ee7ef-5cbb-587e-a08c-1f1c966384f4	15	15
Lo cambierò.	I'll change it.	1dbf8ccb-2e67-59e2-a8cb-dcfac64b2681	12	15
La cambierò.	I'll change it.	3e40d767-c6a5-568a-86ea-397b17331c75	12	15
Verrò a casa.	I'll come home.	8ebe338f-147b-59e4-a2e7-2daf504ea33d	13	15
Io verrò a casa.	I'll come home.	9a628737-cd3f-5973-89cf-aa0ff5386033	16	15
Li troverò.	I'll find them.	c7cd9867-4cde-5f9f-861f-41958572fce3	11	15
Io li troverò.	I'll find them.	b58fbe1e-7f19-5988-bded-c6437105e5d6	14	15
Le troverò.	I'll find them.	bd8fe423-4823-53f2-b46f-9c511eacd5e1	11	15
Io le troverò.	I'll find them.	3a6c8a67-0b1c-545b-b4f4-d6d05b7fde82	14	15
Prenderò un taxi.	I'll get a cab.	e44d745f-cd57-5393-9733-ba62d8adbc93	17	15
Io prenderò un taxi.	I'll get a cab.	c57d4485-112c-544a-b287-32c40da23d2c	20	15
Farò meglio.	I'll do better.	4bb5d961-cc2b-52c7-9048-9ea14814c8c3	12	15
Io farò meglio.	I'll do better.	27e228af-bdc7-58e1-a683-4a82a0658301	15	15
Andrò in ogni caso.	I'll go anyway.	5dd0c210-f8ad-56b8-add3-f5cb199c24cb	19	15
Io andrò in ogni caso.	I'll go anyway.	99c0da30-5a2c-53da-b87e-f6b4668b96ee	22	15
Prenderò questi.	I'll get these.	2131aa5e-c853-5923-a04f-5ff83f03f8b3	16	15
Prenderò queste.	I'll get these.	02a5241f-b60b-5aa5-af15-56dba896ed12	16	15
Semplicemente aspetterò.	I'll just wait.	45c2ae4c-7288-5df1-be5c-b8a073718282	24	15
Pregherò duramente.	I'll pray hard.	54f5d7a9-a39d-5386-b6b8-b06249ee8302	19	15
Io pregherò duramente.	I'll pray hard.	cb936527-f3a1-593d-a758-a4c06b06868a	22	15
Ringrazierò Tom.	I'll thank Tom.	b59caf0f-3da8-5fda-a6e5-169f07cd142c	16	15
Io ringrazierò Tom.	I'll thank Tom.	7b78c505-890d-5fde-bc30-48c58152dfe4	19	15
Ce la farò.	I'll make it.	5addc474-cc2f-5870-8da7-baceb9866ac9	11	13
Avrò bisogno di aiuto.	I'll need help.	65b98d10-b324-56a0-b879-65af1a390449	22	15
Io avrò bisogno di aiuto.	I'll need help.	b2a57203-b0c7-5cff-9969-16930f2adf73	25	15
Sono un civile.	I'm a civilian.	1de0ec5f-7cec-53fd-acf1-dabed226b9a0	15	15
Io sono un civile.	I'm a civilian.	2f8c4b67-a255-5327-a134-29088eb4ab88	18	15
Mi devi un bacio.	You owe me a kiss.	97645a49-5074-5aa9-a00b-88ab599520d2	17	18
Tu mi devi un bacio.	You owe me a kiss.	c237c357-c81e-546c-a5ec-c88ee645bf86	20	18
Sono un uomo impegnato.	I'm a busy man.	a05564be-c4a8-597c-aa60-9f9e5a43897b	23	15
Io sono un uomo impegnato.	I'm a busy man.	bc95acb3-baa8-5dda-bba9-7e57043a869b	26	15
Sono un po' in ritardo.	I'm a bit late.	00c5718f-0850-56dc-ae4f-652e3996c020	23	15
Io sono un po' in ritardo.	I'm a bit late.	6fe64698-0eed-5144-b047-5e04732265fc	26	15
Mi fiderò di te.	I'll trust you.	dcc21f52-ccbe-5ad4-89c5-6c3123f2b014	16	15
Mi fiderò di voi.	I'll trust you.	eb812334-dce6-5677-92c0-5ee38a2c3024	17	15
Mi fiderò di lei.	I'll trust you.	9bbabeff-893c-530c-81dd-bb751ec7eb2d	17	15
Guarderò Tom.	I'll watch Tom.	09aabc3e-e8cc-5b94-8c42-d13786c41b9f	13	15
Io guarderò Tom.	I'll watch Tom.	dc1a5d25-9291-5817-85f0-0711b6c05174	16	15
Sono in palestra.	I'm at the gym.	9d041114-01c3-55fe-9e1e-2494422290ba	17	15
Io sono in palestra.	I'm at the gym.	51234e18-6e6c-55d3-81f2-6d1fbf8ce504	20	15
Ho praticamente finito.	I'm about done.	f2191679-c099-5039-9e03-34e8d069fb11	23	15
Io ho praticamente finito.	I'm about done.	63af5ecb-eebd-5a1a-a659-9bd57952b99b	26	15
Sono un pacifista.	I'm a pacifist.	0fe1cbfc-105d-5de2-b9bd-bcfd5846c907	18	15
Io sono un pacifista.	I'm a pacifist.	5ddf54ce-23fc-51b9-9d80-c6fe8b50fd8d	21	15
Sono una pacifista.	I'm a pacifist.	20cf420d-4679-5a70-9ce5-89fccce323c0	19	15
Io sono una pacifista.	I'm a pacifist.	594edde8-ad0b-5767-a962-e5208fe6730c	22	15
Io sono al piano di sotto.	I'm downstairs.	b1c50922-91d2-5fec-8e9d-890b9fbec674	26	15
Mi serve un asciugamano.	I need a towel.	bd4cae58-654b-563d-aa5c-692fa81a8a01	24	15
Ho bisogno di un asciugamano.	I need a towel.	c5283136-150e-556d-bc22-c0ee8c84c976	29	15
Mia nonna è deceduta.	My grandmother died.	6fa793c9-837b-5a86-b113-947f3f2c4998	21	20
È deceduta mia nonna.	My grandmother died.	ee8bd340-401d-5b9f-bf99-57382ee28a5c	21	20
Mia nonna è morta.	My grandmother died.	0a7cadf8-9843-59f3-a2b5-46baf3f63dbd	18	20
È morta mia nonna.	My grandmother died.	ffc038c0-0a38-5d8c-b1ac-0f1b1e32200e	18	20
La mia connessione a Internet è lenta e costosa.	My Internet connection is slow and expensive.	5f48b79c-a21e-5649-839e-f6348e15731a	48	45
Anche io sono annoiato.	I'm bored, too.	7cf26a90-e8a8-5783-abc9-2a1f179f6697	23	15
Anche io sono annoiata.	I'm bored, too.	820b3498-ff62-5518-addf-790a236ec5f3	23	15
Sto venendo usato.	I'm being used.	78bc8d3f-986f-55a1-9e55-3c5f492ff5e6	18	15
Io sto venendo usato.	I'm being used.	cf90f515-91ce-5871-96c4-752b1ff43b33	21	15
Sto venendo usata.	I'm being used.	9cc0b784-6493-5bec-a0ab-63c9645cd3a9	18	15
Io sto venendo usata.	I'm being used.	dd12f9ab-f2be-5ea7-954e-e9505bb3a45f	21	15
Sono uno stuntman.	I'm a stuntman.	56bd5e55-518d-5c01-aa94-50cc6fe11519	18	15
Io sono uno stuntman.	I'm a stuntman.	1df222c7-bad3-5e89-ac3f-3e7d3731aa7c	21	15
La voce della ragazza diventava sempre più debole.	The girl's voice became weaker and weaker.	a75c0e17-f6af-56e5-bb3a-72cec73b5884	50	42
Ti piacciono le mele o le arance?	Do you like apples or oranges?	83887c30-41b0-58fa-80a9-1b11367a4e24	33	30
Vi piacciono le mele o le arance?	Do you like apples or oranges?	eeffd356-7608-53fb-9794-3e6b4a490b1f	33	30
Le piacciono le mele o le arance?	Do you like apples or oranges?	cae814c0-89b5-5386-b110-a56dc3c8112b	33	30
La mia salute mi rende un lavoratore molto lento.	My health makes me a very slow worker.	24130aea-3c4c-599f-b2a1-c611bc562f56	49	38
La mia salute mi rende un operaio molto lento.	My health makes me a very slow worker.	4e761fe2-4513-5af2-9c1f-e2ac22659440	46	38
Sii felice per me.	Be happy for me.	d4646f9e-affa-5eae-8d14-284689dd6236	18	16
Sia felice per me.	Be happy for me.	563912e9-2cbb-5c5d-8d5f-a9e09b1619d2	18	16
Siate felici per me.	Be happy for me.	b2db5566-bba9-5e19-9c34-021900224c3c	20	16
Il cambiamento è spaventoso.	Change is scary.	de7606c1-54be-5fe4-92d2-c76ac6125af8	28	16
Controlla la tua lista.	Check your list.	ecdb41e9-227a-5341-93f1-440692b4f85b	23	16
Controlla il tuo elenco.	Check your list.	58de1c33-ee1e-5888-96bf-263761b2ac2c	24	16
I corvi sono neri.	Crows are black.	711c05ff-44b9-5485-af2a-624d4a504af4	18	16
Tom ha approvato?	Did Tom approve?	433589bd-43fe-50f1-ae24-3bb4417bbb55	17	16
Tom ha confessato?	Did Tom confess?	1486133d-a1a9-5d8f-a369-4a2c94ac6d69	18	16
Tom ha protestato?	Did Tom protest?	dbfe02b2-4046-5586-91fb-c30df4dec4ab	18	16
A qualcuno è importato?	Did anyone care?	0bbe339c-e10e-5ab2-a5cd-a2ac9b2166ff	23	16
Vieni verso di me.	Come towards me.	cad20aef-be9c-501a-9df3-91c9e5268486	18	16
Venga verso di me.	Come towards me.	51f0f738-b3d0-57f9-9c70-669e514138b6	18	16
Venite verso di me.	Come towards me.	f7a39828-a1fa-54f2-a317-98ec23bc17a7	19	16
Non funziona?	Doesn't it work?	1fcf4354-16c1-5e46-903e-643cda43a124	13	16
La cena è alle sei.	Dinner's at six.	da223747-1338-5a83-b110-3e03f80c0178	19	16
Questo conta?	Does this count?	cdabf51b-1475-55d1-94d6-07fbba02357d	13	16
Questa conta?	Does this count?	0a7e574d-0cb2-5bcb-9f53-ffcb7edf335b	13	16
Tom ha risposto?	Did Tom respond?	6a18b469-a278-598c-9c37-fbdba06745da	16	16
Non insultarmi.	Don't insult me.	75cb9d85-499f-5bb2-957a-dad52ea0682b	15	16
Non insultatemi.	Don't insult me.	dbf23dac-a0b2-54b4-8ed2-7b6a889f64f1	16	16
Non mi insulti.	Don't insult me.	a2476ef2-fd81-5e44-949d-6d460fdf74c0	15	16
Non mi insultare.	Don't insult me.	77dc16f7-38d6-5c3c-93e5-b88b10b10ca1	17	16
Non mi insultate.	Don't insult me.	c3463254-0dd7-5d94-ad8b-5344bb2f5a8b	17	16
Non incolpi Tom.	Don't blame Tom.	d0f5c1d7-c24d-5580-a024-e6f4b10dc5d8	16	16
Non incolpare Tom.	Don't blame Tom.	ab5f4411-5b70-580f-9436-b932110cc32a	18	16
Non incolpate Tom.	Don't blame Tom.	5a75e52c-bd2a-56a8-98a7-3dc9e3b5a9fe	18	16
Non ubriacarti.	Don't get drunk.	9404168b-9b97-5cfe-9349-5033f0823465	15	16
Non ubriacatevi.	Don't get drunk.	058c2302-e597-5731-939f-aeddce86f21d	16	16
Non si ubriachi.	Don't get drunk.	a1989839-0b31-5f43-8577-3c693ba7b3e3	16	16
Non ti ubriacare.	Don't get drunk.	854a1e4d-7b12-57bd-81e1-d01558189c3b	17	16
Non vi ubriacate.	Don't get drunk.	64f2baf0-3340-55ab-b9b1-ab041aef2aed	17	16
Raddoppia la dose.	Double the dose.	29c65130-abfd-598a-a8de-c6e24bb19ee0	18	16
Raddoppi la dose.	Double the dose.	c695106e-cb89-5cf9-837a-f633092c15f1	17	16
Raddoppiate la dose.	Double the dose.	daaa2537-2183-5b4a-b617-4b1b0fd0bc69	20	16
Non iniziare ancora.	Don't start yet.	054ec405-4255-578b-8eda-0e181d42d7ba	20	16
Non iniziate ancora.	Don't start yet.	c19edbea-7eba-5317-86ca-51763ae2c36d	20	16
Non inizi ancora.	Don't start yet.	2c275c72-cf1b-548f-aea3-5eac9ba3c53a	17	16
Non dirglielo.	Don't tell them.	455852b6-c9f6-595d-947a-5f7e60b4e07f	14	16
Non diteglielo.	Don't tell them.	aa5ec17c-3de6-589d-acae-584d54b1ee90	15	16
Non glielo dica.	Don't tell them.	f7f11dce-6785-5a60-b99c-96477cc7db3a	16	16
Non sei d'accordo?	Don't you agree?	6e080478-c192-56f6-a975-995c08145ee5	18	16
Tu non sei d'accordo?	Don't you agree?	bd6f15fe-8d83-5756-ac25-695523f1a6a7	21	16
Non siete d'accordo?	Don't you agree?	1ede10fa-3954-5e2a-bb0e-defad5d2b898	20	16
Voi non siete d'accordo?	Don't you agree?	3913ff1d-7fe8-5d64-8414-653d1c9312bf	24	16
Non è d'accordo?	Don't you agree?	60e40ccc-c58f-5ad6-bc63-5398128222c1	16	16
Lei non è d'accordo?	Don't you agree?	407553bd-3cc4-5177-8a8a-3ccc1c711666	20	16
Bevi il tuo latte.	Drink your milk.	316350b2-b76a-5011-a846-6e872ddaba15	18	16
Beva il suo latte.	Drink your milk.	c952edf2-cb45-53d3-8e2b-e1359565ec9a	18	16
Bevete il vostro latte.	Drink your milk.	8b4f405e-2463-5e09-a074-c579329916b2	23	16
Scusa per il casino.	Excuse the mess.	59b2ba6f-ce13-5038-8854-7aed143ba3a3	20	16
Scusi per il casino.	Excuse the mess.	a56cb7e9-9730-5f2c-af30-9c782bdb92b1	20	16
Scusate per il casino.	Excuse the mess.	326038f8-3787-523e-8d3c-7d801e4eadaf	22	16
Raddoppia la tua scommessa.	Double your bet.	9beb502d-8748-5f74-b7d7-bb261c83b708	27	16
Raddoppi la sua scommessa.	Double your bet.	f1f9209a-d5cb-5363-94a0-825314b6e49f	26	16
Raddoppiate la vostra scommessa.	Double your bet.	a172ef7e-1908-5d56-be7d-9290a6bc138e	32	16
Entra nella Jeep.	Get in the Jeep.	7781a935-b7b6-54fb-9d6e-a6e0b2a8fac5	17	16
Entrate nella Jeep.	Get in the Jeep.	d09e4f53-693a-5776-bf10-37cd430f8747	19	16
Entri nella Jeep.	Get in the Jeep.	e15d91ee-0ea7-5ea5-acd0-88eacf3a46da	17	16
Fatti una vita, Tom.	Get a life, Tom.	ad11f0ef-839d-5995-8018-f031cd8cb46a	20	16
Non aspettarti pietà.	Expect no mercy.	5908a131-14ae-5c2b-883c-ec66fd3d7fb9	21	16
Non aspettatevi pietà.	Expect no mercy.	3affb568-0d43-5be4-a591-2336ce370df6	22	16
Non si aspetti pietà.	Expect no mercy.	2399e3e5-6930-546c-adff-5edde6a28872	21	16
Prendi il capitano.	Get the captain.	1bef71a0-9c29-5e4c-afc4-b65805788b7c	19	16
Prenda il capitano.	Get the captain.	ef4d641d-456d-5067-871a-2a988b8704ef	19	16
Prendete il capitano.	Get the captain.	5351ad63-9693-5eef-bcb0-f9d4c761e434	21	16
Sali sulla barca.	Get in the boat.	3b92b442-a605-571f-aa60-2d577c21b221	17	16
Salite sulla barca.	Get in the boat.	a30a37bd-7491-5787-b0e6-2e3656534d68	19	16
Salga sulla barca.	Get in the boat.	dab525f2-292d-56bb-a79f-3dca35fd08c2	18	16
Divertente, vero?	Funny, isn't it?	ea3456d3-3a55-5db3-8965-3e2118cebedd	17	16
Ecco il file.	Here's the file.	e2d3d513-4f58-5392-9e6b-b88de4a483bb	13	16
Ecco la bolletta.	Here's the bill.	4e8d67fb-9217-5e3e-bf56-ab1d740eaef5	17	16
Ecco il raccoglitore.	Here's the file.	5b9cb155-69e6-5308-8bbd-0af0e7edbd17	21	16
Ecco lo schedario.	Here's the file.	90324771-82f8-5222-bcab-659406dfc88a	18	16
Ecco la lima.	Here's the file.	3567bcd8-77e3-52ae-ae61-7659bfa5c106	13	16
Ecco la falla.	Here's the leak.	60ab557f-7374-5e30-b7b1-4a4b57f9a724	14	16
L'elio è un gas.	Helium is a gas.	38ed723e-ede8-5b6b-8818-8268617c13dc	16	16
Tom è arrivato?	Has Tom arrived?	35d493e8-ecad-589a-8a0a-461bc9a883d9	15	16
Prendi la tua roba.	Grab your stuff.	a0966942-fa5d-536d-8491-6aaee7478bed	19	16
Prenda la sua roba.	Grab your stuff.	5b418a5f-3548-586d-b7bf-e9e7620c0e19	19	16
Prendete la vostra roba.	Grab your stuff.	170b28d9-a927-540f-b5fe-fb1ed76d5ce6	24	16
Prendi le tue cose.	Get your things.	c9059623-0fd9-57e4-b27b-8c32267a6568	19	16
Prenda le sue cose.	Get your things.	9aa32d00-3415-53d4-8bc8-ad14a96a4477	19	16
Prendete le vostre cose.	Get your things.	c86e7156-0874-5684-91df-09731b0a12f2	24	16
Reggi la candela.	Hold the candle.	22dde781-0028-58c4-80e5-ae68821dac5b	17	16
Regga la candela.	Hold the candle.	74afd6d8-3204-5979-9af5-61fd72a5cf89	17	16
Reggete la candela.	Hold the candle.	83a4548b-a8a4-5614-b799-53ac8835013f	19	16
Ecco la tua chiave.	Here's your key.	ca8d1e56-0b8e-51e3-a2c2-85928b7aa390	19	16
Ecco il piano.	Here's the plan.	e2fc8352-6404-5512-8a1c-74f90f6054bf	14	16
Com'è il cibo?	How is the food?	82fd0470-b564-5703-b978-7b8d6f5a8159	14	16
Com'era la torta?	How was the pie?	c4d76ce5-9010-50a8-abfd-7c1dcf5e09a0	17	16
Ecco la tua tazza.	Here's your mug.	06f5aa67-895e-597c-8c0e-f0258c6327d1	18	16
Ecco la sua tazza.	Here's your mug.	e910cf23-41b8-535a-9048-4efb08988dcf	18	16
Quanto è ricco Tom?	How rich is Tom?	1837ba15-4bf0-5c6e-8336-6f18dd3f94be	19	16
Tom ha ferito qualcuno?	Did Tom hurt anyone?	3c8b4811-fc1a-596f-a03b-b744452a08c6	23	20
Ho consultato Tom.	I consulted Tom.	dc54dc07-468a-518d-9d7a-691753fcd5f7	18	16
Io ho consultato Tom.	I consulted Tom.	ecb6c6d6-0a6d-57cf-8732-0edbfb4f7058	21	16
Consultai Tom.	I consulted Tom.	c480c0cb-0bab-5d35-afc5-c09d39fbd5ce	14	16
Io consultai Tom.	I consulted Tom.	0952aa4d-71bd-5c92-999d-e065b5023d8e	17	16
Non ammetto niente.	I admit nothing.	1b017573-fe13-5d36-bdf9-3aeb96564e37	19	16
Io non ammetto niente.	I admit nothing.	380f7d65-990c-5c10-bab8-71ec9655704b	22	16
Non ammetto nulla.	I admit nothing.	9ad2b345-cdcf-5af8-8dd7-eb25be6fe975	18	16
Io non ammetto nulla.	I admit nothing.	bdd33f1e-e587-5dfb-8a15-92913379536f	21	16
Come andiamo?	How're we doing?	2e7c2dcc-631b-50c6-8f66-d7c0def74167	13	16
Ho chiesto a Tom di uscire.	I asked Tom out.	dc20be75-cdf6-5098-a0b3-db17ea191406	27	16
Io ho chiesto a Tom di uscire.	I asked Tom out.	c9b764ea-b924-56a4-86e6-51a27b9bed48	30	16
Mi sono quasi scordato.	I almost forgot.	d8139620-ff59-50c6-b51a-875f7fe76d80	23	16
Mi sono quasi scordata.	I almost forgot.	e7c8285b-d668-5190-a838-e9e97752b9d0	23	16
Mi sono quasi dimenticato.	I almost forgot.	07762676-8283-5f98-991f-340757d7ec69	26	16
Mi sono quasi dimenticata.	I almost forgot.	7652b549-5fa4-53ab-bebc-42769acd6a00	26	16
Mi sono divertito.	I amused myself.	c1257f8f-b328-5f63-b85b-e57ef38e5db3	18	16
Io mi sono divertito.	I amused myself.	493e7bd0-0d32-5da2-b0d4-0332c8ba535e	21	16
Mi sono divertita.	I amused myself.	4d330c01-7651-5b60-9db3-a72394b84bf0	18	16
Io mi sono divertita.	I amused myself.	5598c8dd-507f-5e23-96be-9914da19a1b9	21	16
Odio i pomodori.	I hate tomatoes.	0e72957a-b4f9-5744-871b-fdb68b398240	16	16
Io odio i pomodori.	I hate tomatoes.	32be1a20-4bdd-54ff-b066-9edb1908b956	19	16
Ho contattato Tom.	I contacted Tom.	1f7003b1-b160-5363-a2b4-be97284cbd8a	18	16
Io ho contattato Tom.	I contacted Tom.	cd709549-5f04-5192-b920-ad0b2db5bd3a	21	16
Non ho urlato.	I didn't scream.	b103e6d9-bf76-5785-8cdd-501c7722fb86	14	16
Io non ho urlato.	I didn't scream.	da88b9fa-22ed-5617-8c56-104f99844cd2	17	16
Me lo sono meritato.	I deserved that.	de710b63-7fb3-59f1-8265-cde9aed13161	20	16
Io me lo sono meritato.	I deserved that.	ff0f9fb4-6a62-56a7-a261-53651c3e816f	23	16
So come sto.	I know how I am.	1ef52642-ca7a-55f2-9571-5fd0df7fc2c1	12	16
Lo so come sto.	I know how I am.	7fb3bbb9-cfff-537c-a24a-6fc06b2658fe	15	16
Ho trovato il mio libro.	I found my book.	8eb73e46-7fcd-5bfb-bda2-5a9a5eaf2691	24	16
Conoscevo bene Tom.	I knew Tom well.	71cc54fe-a49d-5898-afc6-004d08be5157	19	16
Io conoscevo bene Tom.	I knew Tom well.	6e73330c-b27e-5459-adc8-b711f39ecb8d	22	16
Semplicemente mi manchi.	I just miss you.	4556e6ee-de6a-57fc-9cc0-f7343506dfcb	24	16
Semplicemente mi manca.	I just miss you.	c668d64a-73f0-5f67-af10-3c6557cc3108	23	16
Semplicemente mi mancate.	I just miss you.	73bd80b7-729e-5847-acb9-e6e3f7590a19	25	16
So troppo.	I know too much.	df3d48ef-8290-5f97-b8f0-3d87bed4a2f6	10	16
Io so troppo.	I know too much.	99999bde-e75c-5778-9305-f5e2761c1af6	13	16
Conosco la zona.	I know the area.	ee115b98-8909-5755-b498-d67b052469c4	16	16
Io conosco la zona.	I know the area.	5570ce51-e720-5296-a1f5-e64056a39add	19	16
So che è Tom.	I know it's Tom.	0acc60b7-8aa0-589b-a697-94a5fdfd57aa	13	16
Lo so che è Tom.	I know it's Tom.	64ad8db9-e2b3-5146-859d-0ee6c57af810	16	16
So che Tom è morto.	I know Tom died.	e58a5ef1-4762-5415-9ff8-475f6c12572b	19	16
Io so che Tom è morto.	I know Tom died.	1f444a84-0b3f-518a-a553-734008de5afd	22	16
Amo gli hot dog.	I love hot dogs.	f0ddefa6-1340-5836-ac3c-c9bc2a259ab1	16	16
Io amo gli hot dog.	I love hot dogs.	2a4d46de-d43e-5c6c-8dc6-93079d1b1632	19	16
Amo l'idea.	I love the idea.	740c7b3a-70a9-52e1-887e-e31da3f5b111	11	16
Io amo l'idea.	I love the idea.	4c762c5a-37b7-5b1b-ac37-cb43d7313936	14	16
Avevo intenzione di chiamare.	I meant to call.	d5c6b11a-d0eb-5769-81f3-3ddff26ff4ab	29	16
Io avevo intenzione di chiamare.	I meant to call.	8751e8e6-2ca4-526f-8bb7-2b1359b0ecc4	32	16
Ora lo so.	I know that now.	697dcdd3-ac0e-561e-9671-6a1f46a5c7a2	10	16
Adesso lo so.	I know that now.	f6888539-9ba2-581a-860b-a45e861800a0	13	16
Ho giudicato male Tom.	I misjudged Tom.	82c80dc3-87ac-54cc-86d7-200e229a6405	22	16
Io ho giudicato male Tom.	I misjudged Tom.	a200c2c0-47cf-5952-8b1d-8ff8e2e130ee	25	16
Potrei dire di sì.	I might say yes.	0cf2aa04-4978-5f8a-a958-1374fe50bda9	18	16
Io potrei dire di sì.	I might say yes.	e0e51d18-b419-58ef-970c-82c1c4a40e20	21	16
Devo incontrare Tom.	I must meet Tom.	9a3aa436-b93c-5bc6-8157-feff02b6506e	20	16
Io devo incontrare Tom.	I must meet Tom.	c5269fca-8cb7-5920-a48b-157f1551d1fa	23	16
Devo conoscere Tom.	I must meet Tom.	4c7f21d8-f3e9-5941-a157-c216c1cc0067	19	16
Io devo conoscere Tom.	I must meet Tom.	4596b746-004f-5ec3-918d-0dd0b2c3410d	22	16
Devo obbedire a Tom.	I must obey Tom.	91c985e3-74d5-5267-bc1e-77d9dea095d2	20	16
Io devo obbedire a Tom.	I must obey Tom.	19a6efbc-7856-5129-90b2-a9340700ec98	23	16
Devo ubbidire a Tom.	I must obey Tom.	c17d17c1-2475-559e-9190-6f8d5217c108	20	16
Io devo ubbidire a Tom.	I must obey Tom.	008dc71d-c88b-5721-9d43-201ad1476628	23	16
Devo scoprirlo.	I must find out.	38917dba-ad8b-56a0-8ca2-64de093ad418	15	16
Io devo scoprirlo.	I must find out.	84735b62-4686-5ccd-b847-420adb935059	18	16
Mi mancate ragazzi.	I miss you guys.	d968a9ed-bb5c-5cec-b995-8f305242717d	19	16
Mi serve il suo nome.	I need his name.	93f5b38d-b325-5226-86c8-74b1b96ba34b	21	16
Non conosco nessuno chiamato Tom.	I don't know anybody named Tom.	0f4cf44a-6da3-5795-a24e-08d2fcb678c1	33	31
Io non conosco nessuno chiamato Tom.	I don't know anybody named Tom.	db29d82d-21be-5e2f-b546-f65b9adda754	36	31
La cuccia del cane è fuori.	The dog's house is outside.	822d6ae9-e32a-5e87-90d6-90e53ae8d602	27	27
È stato così esilarante.	It was so exhilarating.	1b3605aa-e663-5f20-80b8-d7e8b0866642	24	23
È stata così esilarante.	It was so exhilarating.	c5e7f31b-f1f6-59d1-ad7f-fd1368ac8bc1	24	23
Era così esilarante.	It was so exhilarating.	a5dea08e-e473-5266-9c6f-63c23ba51f9a	20	23
È una passera.	She's a beaver.	d14fc0c4-4466-5f45-a307-d4cbf91627ed	14	15
Lei è una passera.	She's a beaver.	55c5026b-1252-568d-9488-adf2652cddf2	18	15
È una topa.	She's a beaver.	a3af6068-6387-5f23-8c95-08a7d75a9cbe	11	15
Lei è una topa.	She's a beaver.	4294ed40-5655-545b-999a-320d728c8367	15	15
È un castoro.	She's a beaver.	d983cbca-4581-5c83-8ca0-cea43a138208	13	15
Lei è un castoro.	She's a beaver.	e08ae72d-dd86-59c1-8d8f-0098db7efb2c	17	15
Stabiliamo qualche regola di base,	Let's establish some ground rules.	d90f0884-1c29-5200-9728-1a38e1ee585f	34	34
Ho bisogno di un po' d'aria.	I need some air.	af9aa501-9512-5fb2-b6f7-512737507781	28	16
Io ho bisogno di un po' d'aria.	I need some air.	4a5b890e-9d53-578f-b285-c9d6f1e2652b	31	16
Me ne serve un altro.	I need one more.	3fffa0b9-e273-57d8-804d-47784a0d42e4	21	16
Me ne serve un'altra.	I need one more.	754afcb9-e459-5d78-aae0-55ebb5fb043b	21	16
Mi serve questo.	I need this one.	2cc6a95f-00ed-586e-a0ab-80a154be7288	16	16
Mi serve questa.	I need this one.	a52a50dc-473e-52bd-ae7f-fa6df0437025	16	16
Ho bisogno di un po' di tè.	I need some tea.	71b8fdde-c5a0-51fc-a4e5-c0c0115ebf60	27	16
Mi serve questo lavoro.	I need this job.	a5c38c32-9a61-5364-b914-52f3a38a0ed3	23	16
A me serve questo lavoro.	I need this job.	0c9a26f4-429d-58cf-a8b0-3796455ce746	25	16
Prendo delle vitamine.	I take vitamins.	14b1cfe0-d244-5434-a5b8-5de696c2b3c6	22	16
Io prendo delle vitamine.	I take vitamins.	de5f6237-fd21-5157-a7bd-6d942f7fecd8	25	16
Sento odore di guai.	I smell trouble.	4c746668-a9fc-5906-a641-3de34cb65a9c	20	16
Io sento odore di guai.	I smell trouble.	1f900ed3-617e-5af4-a0c2-11d829d91f1e	23	16
Rispettavo Tom.	I respected Tom.	976f4c86-5250-5161-bb77-4c47001531cd	15	16
Io rispettavo Tom.	I respected Tom.	c351330b-d019-5dcf-9d4d-4dd63baebfa3	18	16
Ho votato per Tom.	I voted for Tom.	367b4325-f483-53a2-9ce8-51bfe7261312	18	16
Io ho votato per Tom.	I voted for Tom.	0e4b9d52-0133-5b2b-bbf8-be78edb5b9ce	21	16
Ho provato a nascondermi.	I tried to hide.	1f743d3e-1467-58c1-b334-d2d19c996ba7	25	16
Io ho provato a nascondermi.	I tried to hide.	7fcc6256-d7c8-5411-ba6c-99bf25dbb871	28	16
Ho provato ad aiutare.	I tried to help.	54bbb2fd-9c23-5068-bbef-7e72a5054a23	22	16
Voglio un dollaro.	I want a dollar.	5eb46b26-dcfd-5446-8458-ae90a7e0466e	18	16
Io voglio un dollaro.	I want a dollar.	6a9bc056-eee3-53fa-b672-f062a5dd4131	21	16
Voglio qui Tom.	I want Tom here.	d13c626c-df80-505e-887c-e9c8e0a2df6c	15	16
Io voglio qui Tom.	I want Tom here.	95bc6281-e61a-5e0f-bcf0-9b85b5cecb27	18	16
Ti voglio, Tom.	I want you, Tom.	df779b73-b1b1-5765-996b-e47e347690cc	15	16
Io ti voglio, Tom.	I want you, Tom.	a67fe2a6-8fd3-5a89-bb06-25bf1dc8ddef	18	16
Volevo morire.	I wanted to die.	1d0e580a-120e-54d2-a4ac-5580854b74b2	14	16
Io volevo morire.	I wanted to die.	7f039770-c486-5f5e-83b1-7d819082c9f9	17	16
A New York ho perso la mia strada.	In New York I lost my way.	3554a3d8-7223-5567-90b6-d77f6aae5329	34	26
A New York persi la mia strada.	In New York I lost my way.	9b9f4150-0b9c-5f47-8b7f-25d8c4b7b767	31	26
Ero un testimone.	I was a witness.	7e6a9ba8-bba8-5d57-90fa-dab481551892	17	16
Io ero un testimone.	I was a witness.	34f2052d-fcd1-512e-b55e-b3576dc060e6	20	16
Ero una testimone.	I was a witness.	6482588c-d534-5f93-a6eb-528a7e086fde	18	16
Io ero una testimone.	I was a witness.	4371fd3d-9f1a-5fc0-b022-841d84381df4	21	16
Ha premuto l'interruttore.	She pressed the switch.	078473df-6e29-534a-9ecc-9381e0bb4bf6	26	23
Lei ha premuto l'interruttore.	She pressed the switch.	c1d85ce7-9b32-5462-b542-289fe14629a7	30	23
Premette l'interruttore.	She pressed the switch.	17888a35-e7f9-5f7f-a451-2b267c74db31	24	23
Lei premette l'interruttore.	She pressed the switch.	2b6ecb7d-0f33-52fd-a9d3-12c45f183a5a	28	23
Sono stato rapito.	I was kidnapped.	c8fd1b28-1374-51cb-89d4-afd23a7d3c4a	18	16
Io sono stato rapito.	I was kidnapped.	fb249f97-810b-5821-b4a7-185267c62d97	21	16
Sono stata rapita.	I was kidnapped.	c8498e4c-9913-53ba-b48d-06383fa0a410	18	16
Io sono stata rapita.	I was kidnapped.	8b3b2e55-3b60-560c-ac3d-cc959e1cd6b4	21	16
Ero a scuola.	I was at school.	b64ea3c8-3ede-52ac-8705-917950194f0e	13	16
Io ero a scuola.	I was at school.	720eb8d8-728e-509f-b4f7-306fc603d3fc	16	16
Ero disperato.	I was desperate.	a84987a5-13f5-5988-b105-9352941683a7	14	16
Io ero disperato.	I was desperate.	e1225f14-afb4-51ad-ad19-b78c7ce40d39	17	16
Ero disperata.	I was desperate.	2a3bd9f3-5c07-5067-815c-df37786970f1	14	16
Io ero disperata.	I was desperate.	0028e31e-b988-52e1-a558-28cea4aeeba2	17	16
Sono stato assalito.	I was assaulted.	201d3fa2-cd07-501b-8775-dc7fc7200bdd	20	16
Io sono stato assalito.	I was assaulted.	0afc6b94-8c30-5c38-802d-1fbb8992583e	23	16
Sono stata assalita.	I was assaulted.	eb81b459-c45f-5f5f-9967-14096264c277	20	16
Io sono stata assalita.	I was assaulted.	d381beec-abc4-525d-b0f9-b370075852dd	23	16
Ero troppo ubriaco.	I was too drunk.	6b61933f-7299-56c4-ae50-4bf9c02cef06	19	16
Io ero troppo ubriaco.	I was too drunk.	033b3350-9cc8-5d18-bd88-ab6688983330	22	16
Ero troppo ubriaca.	I was too drunk.	5f692833-b7fa-5b8b-86a0-d998ed102a3c	19	16
Io ero troppo ubriaca.	I was too drunk.	b6a4f9cd-a575-5309-a04a-92227549eee8	22	16
Ero scettico.	I was skeptical.	58a7fad8-d652-51d2-ae41-2a9171abebc2	13	16
Io ero scettico.	I was skeptical.	0cc73ac2-2595-58c4-8461-f5b085226837	16	16
Ero scettica.	I was skeptical.	e38bfc95-41e8-5a75-9117-78252ba1c072	13	16
Io ero scettica.	I was skeptical.	069f3ba8-e7a9-5a47-8fa6-785a7523c9b3	16	16
Avevo così fame.	I was so hungry.	996208cf-b1ba-5d38-9f72-5abed0033b1d	16	16
Io avevo così fame.	I was so hungry.	367575ff-dca0-598e-8124-875533b8d821	19	16
Ero così affamato.	I was so hungry.	c61e5ef3-eb57-5bb3-a99f-5e054382f754	18	16
Io ero così affamato.	I was so hungry.	7fa776d6-5297-5ada-ac77-e55d964feffa	21	16
Ero così affamata.	I was so hungry.	e240c825-8c50-585a-afa6-6d7eb394cb14	18	16
Io ero così affamata.	I was so hungry.	7704653f-f18c-5e0f-855a-5bae1fa01f34	21	16
Ero sorpreso.	I was surprised.	c16fb72e-e466-57f7-b880-d94b60cba74f	13	16
Io ero sorpreso.	I was surprised.	8f54aef1-93c6-54ef-935a-105ef88de77e	16	16
Ero sorpresa.	I was surprised.	069ffc7b-7408-577d-8733-cb48dc604c19	13	16
Io ero sorpresa.	I was surprised.	00663c2a-c8ad-5376-a41c-dee9fd149c2a	16	16
Ero terrificato.	I was terrified.	9505a121-7ef9-5dbc-ba9a-b346371f95a7	16	16
Io ero terrificato.	I was terrified.	e8c1ee38-ae92-5426-8212-e1b1da387689	19	16
Ero terrificata.	I was terrified.	6b9163b3-ccb2-5cee-871c-fe7f6be94e52	16	16
Io ero terrificata.	I was terrified.	e2722d6e-8a3a-5a87-9bdb-5cf285f3cc3e	19	16
Ero pietrificato.	I was petrified.	c6d920ba-c2a9-5a2a-9513-94ce5e4b3635	17	16
Io ero pietrificato.	I was petrified.	9bf21b6e-c8e7-5741-aee6-89bf353a6ba6	20	16
Ero pietrificata.	I was petrified.	5c9cbca3-c146-5227-9da0-4ea461a0d04a	17	16
Io ero pietrificata.	I was petrified.	62aa3300-febb-5d67-bdb7-29e928655678	20	16
Ero di guardia.	I was on patrol.	a26a33fe-f6d3-5c5b-bbdc-d8dadfd93a27	15	16
Io ero di guardia.	I was on patrol.	9182e6aa-b738-5a4e-ad62-736c3e2723db	18	16
Non ero spaventato.	I wasn't scared.	2bf6143a-95e1-5bb1-b5d6-bdb924a615a9	19	16
Io non ero spaventato.	I wasn't scared.	a95c7931-eb33-5e51-b84e-582d680d4e0f	22	16
Non ero spaventata.	I wasn't scared.	256e6ab2-5449-5de7-ba3f-fb50cb7ee48f	19	16
Io non ero spaventata.	I wasn't scared.	dc04a89d-d578-55cd-858d-3533f088b940	22	16
Non avevo paura.	I wasn't afraid.	339043f2-c0df-5e91-9af5-3b826728f545	16	16
Io non avevo paura.	I wasn't afraid.	2a4eebba-a9fa-59a2-af41-d783edc8a9e1	19	16
Non stavo scherzando.	I wasn't joking.	5123cbca-bb9a-5ba6-9680-3933100b6f99	21	16
Io non stavo scherzando.	I wasn't joking.	715c3e8c-33c3-5911-8113-f50c6cef83d0	24	16
Non avevo fame.	I wasn't hungry.	36c1ba68-49b6-5208-9fd3-0aa55b048bae	15	16
Io non avevo fame.	I wasn't hungry.	03f396b2-e4d2-57b6-a56f-5ba3d05f9e62	18	16
Continuerò.	I will continue.	ae111a6e-f723-5936-ab62-3e1825cf57d1	11	16
Io continuerò.	I will continue.	3d6543e0-1935-5322-be41-c81e5f7e1be7	14	16
Io mi sono alzato presto.	I woke up early.	e19f9611-df29-59fd-9d03-4bb0320c17b4	25	16
Io mi sono alzata presto.	I woke up early.	0e883681-56e6-5343-80a0-90e2af81e381	25	16
Ho solo diciott'anni.	I'm only eighteen.	4c4f65f1-99df-5483-a2e9-65ac449f85cb	21	18
Io ho solo diciott'anni.	I'm only eighteen.	ab651a77-49c6-50b9-ae4a-7b4b004ea8e5	24	18
Ho soltanto diciott'anni.	I'm only eighteen.	e926f0c1-1778-5845-ab7d-b56f036d43e3	25	18
Io ho soltanto diciott'anni.	I'm only eighteen.	f6b16b3e-4616-5376-8601-ac77ba3be722	28	18
Ho solamente diciott'anni.	I'm only eighteen.	41a22140-fb48-5f91-9f2d-3c2c7124a10b	26	18
Io ho solamente diciott'anni.	I'm only eighteen.	b6fdd919-62b1-5731-afa1-c5986f842372	29	18
Sono in libertà vigilata.	I'm on probation.	84f57e9b-eb68-5724-baf4-a0f8883b8520	25	17
Io sono in libertà vigilata.	I'm on probation.	0bde503a-62f9-5939-8c38-a99281257410	28	17
Sono in libertà condizionale.	I'm on probation.	68c18a1b-35e5-57a6-a316-9932612db228	29	17
Io sono in libertà condizionale.	I'm on probation.	7f786022-0b75-5944-b6c0-c1193033a897	32	17
Sono andato a dormire.	I went to sleep.	79637c4c-158a-5fa9-b8b4-057ec5eba4af	22	16
Io sono andato a dormire.	I went to sleep.	62700cfb-fb40-55de-9041-a73d4cfdefcc	25	16
Sono andata a dormire.	I went to sleep.	def214aa-c2d2-536c-974b-687f9d86903b	22	16
Io sono andata a dormire.	I went to sleep.	8913afa5-a3e5-5999-890c-c805a10bb175	25	16
Lavoro in un bar.	I work at a bar.	d78c33bb-e78c-56fb-aad5-42b94a1830ad	17	16
Io lavoro in un bar.	I work at a bar.	4e45e4d1-9ecd-5bfb-8f49-5b0f2476c7ac	20	16
Ne sarei grato.	I'd be grateful.	7fa62ebc-a867-5dc3-8c4b-5bfdb5693a36	15	16
Ne sarei grata.	I'd be grateful.	541ea194-c3eb-5564-a67f-1bb03f1e5dbd	15	16
Avrei pagato.	I would've paid.	4dceb369-5592-5a75-8f85-0267c559e482	13	16
Io avrei pagato.	I would've paid.	ec6ac6fb-2f19-5396-be1c-44388f629ad7	16	16
Chiamali stasera.	Call them this evening.	a20467dc-2f50-5109-bad5-d00b1172213d	17	23
Chiamali questa sera.	Call them this evening.	9fa984b5-fbed-5cba-ba7a-a3c37f40119a	21	23
Chiamale stasera.	Call them this evening.	bbcf9077-b352-5387-83d5-f17e6aae6efd	17	23
Chiamale questa sera.	Call them this evening.	d22c2a71-7e36-5f47-9839-4e033f9f62d0	21	23
Li chiami stasera.	Call them this evening.	d2c753a0-50ef-534c-b97a-eef0ccc0aace	18	23
Le chiami stasera.	Call them this evening.	449aef90-00dc-58fa-9937-44e9e9515d51	18	23
Li chiami questa sera.	Call them this evening.	342cefc7-9dd9-52d0-a254-af21e9912dba	22	23
Le chiami questa sera.	Call them this evening.	e18ae5c5-10f5-556b-b21d-20c65af3b39a	22	23
Chiamateli stasera.	Call them this evening.	b6e7b993-a8e5-5e18-af0c-2e625924b0f5	19	23
Chiamatele stasera.	Call them this evening.	cdd92a34-37ae-5c64-96c7-e16d2e16bd41	19	23
Chiamateli questa sera.	Call them this evening.	024a630d-6a86-5b10-b1d8-5d65557bd376	23	23
Chiamatele questa sera.	Call them this evening.	28114863-c567-5764-bae8-2b3732e143a5	23	23
Ha un fratello maggiore.	She has an older brother.	963c0c0d-6c3c-5d20-8256-d9a572dd4f16	24	25
Lei ha un fratello maggiore.	She has an older brother.	11a1e72b-3e49-5a7d-8742-1bb3de3045a2	28	25
Sei mai stato in vacanza?	Have you ever taken a vacation?	22589494-631b-5975-9c5c-032c634419c4	25	31
Sei mai stata in vacanza?	Have you ever taken a vacation?	ac1c01d4-78ba-55c6-9b7a-443be8d5901a	25	31
È mai stato in vacanza?	Have you ever taken a vacation?	8dc22adc-953f-5d24-a484-3f59c64915f0	23	31
È mai stata in vacanza?	Have you ever taken a vacation?	934537a7-402d-546e-a517-6dd18d9a61a9	23	31
Siete mai stati in vacanza?	Have you ever taken a vacation?	67f9b814-75fb-504c-853e-d4c7cf7bff1c	27	31
Siete mai state in vacanza?	Have you ever taken a vacation?	44b07849-be57-5f6b-ae23-06faa35892d5	27	31
Mi ha comprato una macchina molto veloce.	He bought me a very fast car.	82fb175a-4e90-5d75-a7c2-fcee793f462c	41	29
Lui mi ha comprato una macchina molto veloce.	He bought me a very fast car.	eb9acf9b-ff99-531d-8c64-9f8044e477c4	45	29
Mi ha comprato un'auto molto veloce.	He bought me a very fast car.	666cb161-0179-57a4-b8ae-0ea092d8b0b2	36	29
Lui mi ha comprato un'auto molto veloce.	He bought me a very fast car.	28469512-f833-5f5c-866a-de4437fc4158	40	29
Mi ha comprato un'automobile molto veloce.	He bought me a very fast car.	dcf560ce-3975-59de-b72a-b6697a61aeef	42	29
Lui mi ha comprato un'automobile molto veloce.	He bought me a very fast car.	b5c1f756-6491-5839-8927-81d35c723d49	46	29
L'ho annotato.	I wrote it down.	4ecdb160-d4c4-5021-b0ef-80338a18cfdc	14	16
Io l'ho annotato.	I wrote it down.	752c7867-c289-5b72-92af-6e9a6c274beb	17	16
L'ho annotata.	I wrote it down.	dd01d516-1ec1-55c6-ab13-2a6fbc1aea51	14	16
Io l'ho annotata.	I wrote it down.	89b4f7ed-695f-5e12-956c-651313275b4b	17	16
Non starò zitto.	I won't shut up.	7cfb9ffd-e4cd-58ae-9618-59bcead77e3a	16	16
Io non starò zitto.	I won't shut up.	a8b2df2b-7655-5ac5-88d1-37b63d627ee0	19	16
Non starò zitta.	I won't shut up.	93241846-2dcf-5b52-8fb3-b2b1653f18ed	16	16
Io non starò zitta.	I won't shut up.	e4f23805-4a35-583b-9d3e-e4d958a5502b	19	16
Ho vinto il combattimento.	I won the fight.	571dcd2b-419a-5f5b-ba1d-59ef235e159c	26	16
Io ho vinto il combattimento.	I won the fight.	9e79a665-fbfc-5166-876e-3051b2ec9628	29	16
Ho vinto io il combattimento.	I won the fight.	6ecbb414-4cc0-5ad0-9682-e06ee3552343	29	16
Sarò in città.	I'll be in town.	76b8f2a3-7fef-5e31-8cfa-359e7aa544ef	14	16
Io sarò in città.	I'll be in town.	9a93d0cc-1105-5af5-bb6d-95660d9c6630	17	16
Vorrei provare.	I'd like to try.	73ddbc6a-4441-51eb-8a61-0caed98eaa30	15	16
Io vorrei provare.	I'd like to try.	38dd9319-3760-52c5-9fa6-34f01f15a409	18	16
Mi piacerebbe provare.	I'd like to try.	536a33fb-9d10-50f5-b4e3-51c7618f8c1f	22	16
A me piacerebbe provare.	I'd like to try.	8cf9d957-e0c3-5ae6-ab17-79c0e6ab0999	24	16
Sarò fuori.	I'll be outside.	720198ce-02a4-562c-876e-de56ec766e2d	11	16
Io sarò fuori.	I'll be outside.	456d61aa-f1a1-58d4-b09a-9354c1b5bc65	14	16
Sarò puntuale.	I'll be on time.	88ad41ec-7abc-584b-b93e-fc6cfb66b5af	14	16
Io sarò puntuale.	I'll be on time.	44033a0b-c520-555f-b5ab-67fd8fdba855	17	16
Sarò in orario.	I'll be on time.	353d9838-0b7e-502c-a46d-bdc3eece17dc	15	16
Io sarò in orario.	I'll be on time.	e41731f3-6968-5869-9f36-9924dea6836d	18	16
Chiederò in giro.	I'll ask around.	e8218ab2-f549-5c4b-bd4b-0fba868ab605	17	16
Io chiederò in giro.	I'll ask around.	04657b12-bae9-5fc9-924e-aa255309ac2f	20	16
Permetterò ciò.	I'll allow this.	8ec1c48b-3fc8-51e1-b3de-c15a082ea0d1	15	16
Io permetterò ciò.	I'll allow this.	ff6a3bf6-47ae-5c58-9a3e-3ba4a90d3a64	18	16
Chi manca in questa foto?	Who's missing from this photo?	8aef8c27-5645-5e77-9f85-045ae19e680f	25	30
Chi manca in questa fotografia?	Who's missing from this photo?	ad941bd0-6c4a-518c-8c57-39b1f016ad6f	31	30
Chi è che manca in questa foto?	Who's missing from this photo?	a6693187-3243-5eb6-bded-c56c77e23827	31	30
Chi è che manca in questa fotografia?	Who's missing from this photo?	2cc41c61-356e-568a-abd8-a40ceced92c4	37	30
Ti assisterò.	I'll assist you.	deafecf4-9025-507e-9c0f-56d6170dac1a	13	16
Io ti assisterò.	I'll assist you.	09fa80b7-cdf4-5fc3-b5e8-d15d8e953c46	16	16
Vi assisterò.	I'll assist you.	a16d539e-51d9-5840-a9f3-413017da2daa	13	16
Io vi assisterò.	I'll assist you.	bc9ae7ef-ac8d-5394-ad56-c0a2568310ba	16	16
La assisterò.	I'll assist you.	e3f39be8-47d9-56ed-a3cf-ab08dee81392	13	16
Io la assisterò.	I'll assist you.	d16c97a2-8730-55c8-90b1-47580c55220f	16	16
Vuoi uscire stasera?	Wanna hang out tonight?	0ee2679f-c2d1-57bc-a5fe-4363ad23b4b8	20	23
Vuoi uscire stanotte?	Wanna hang out tonight?	bbe645fb-3eaf-5ed7-b149-704444d4f0ad	21	23
Vuole uscire stasera?	Wanna hang out tonight?	e5dfbf62-697d-5784-ba8c-31257369d480	21	23
Vuole uscire stanotte?	Wanna hang out tonight?	91a43d6c-a2a5-5d99-87ba-af644a886ee3	22	23
Volete uscire stasera?	Wanna hang out tonight?	f2c5277f-90d3-538c-8635-4e3cda002aa9	22	23
Volete uscire stanotte?	Wanna hang out tonight?	5ed12b32-537a-512b-8b31-1a9aee47ef4b	23	23
Sarò presente.	I'll be present.	b6e90095-0432-506c-aac1-e05672aade4e	14	16
Io sarò presente.	I'll be present.	a5733367-c6f6-5ca1-b429-3dfbb49e81df	17	16
Resterò.	I'll be staying.	6d298707-b37f-518f-aa91-a65dcc11b2ea	8	16
Io resterò.	I'll be staying.	66e66fb5-34b4-53f2-83ed-a5bbd6978d98	11	16
Verrò da solo.	I'll come alone.	62daa367-b6f8-50e4-953a-8d447aceac12	14	16
Io verrò da solo.	I'll come alone.	6546a30a-fcd5-50d2-8f88-1fc2ee27bdce	17	16
Verrò da sola.	I'll come alone.	b86c9b7d-6eec-53ae-a4c2-b82486c97f32	14	16
Io verrò da sola.	I'll come alone.	f98fe7df-3c2f-5d1a-b8ec-c02ebc0eb8f2	17	16
Lo distruggerò.	I'll destroy it.	38c4bbf5-c6cc-5620-83d2-a77283af5068	15	16
Io lo distruggerò.	I'll destroy it.	b64a3a24-7080-589c-8f2b-96d37abd9e15	18	16
La distruggerò.	I'll destroy it.	8fc73301-bf45-5b11-b23f-2f4ab7f27ca7	15	16
Io la distruggerò.	I'll destroy it.	104f9b46-05a3-524e-a270-e4826039cad4	18	16
Seguirò Tom.	I'll follow Tom.	5db99baa-38d5-53fb-ac18-1c002a00c5d4	12	16
Io seguirò Tom.	I'll follow Tom.	d1cba2b9-00a1-5c54-a4f3-a2656674b45a	15	16
Morirò provandoci.	I'll die trying.	ece579c4-64d0-5476-b035-ac52cb2fb34c	18	16
Io morirò provandoci.	I'll die trying.	568b6751-00c6-5e8d-9808-9c7e149c6075	21	16
Anche io lo farò.	I'll do it, too.	a278fee6-f51f-56a9-8af0-bbaa37be1ed6	17	16
Anche io la farò.	I'll do it, too.	4f1b0e3b-c87e-50d3-9740-71b3134f17f6	17	16
Ti scorterò.	I'll escort you.	613b8f84-9028-58c9-a6e8-6c72ef97005a	12	16
Io ti scorterò.	I'll escort you.	03823fbf-b87f-587c-b47d-416c488abf03	15	16
Vi scorterò.	I'll escort you.	827f2fc8-f8d3-5306-8f5f-4ed50d43f757	12	16
Io vi scorterò.	I'll escort you.	df096ecd-ca0a-58ee-b483-11c21fa258e1	15	16
La scorterò.	I'll escort you.	d65db073-6f11-57ae-84ed-2971a0dc5b3a	12	16
Io la scorterò.	I'll escort you.	c225dc71-1b16-5e08-8699-ce0a70c271c2	15	16
Ti seguirò.	I'll follow you.	97322c12-462c-5be9-87a4-b48e92e6232a	11	16
Io ti seguirò.	I'll follow you.	b5b36d61-5b0b-59a9-9a25-c587619d39f4	14	16
Vi seguirò.	I'll follow you.	10ffe53e-6a11-58ca-99b3-cbb7c119f262	11	16
Io vi seguirò.	I'll follow you.	91c6d20e-ec56-5d4b-a104-f49555ad3654	14	16
La seguirò.	I'll follow you.	67f56b3e-0887-5088-b3e3-ee3c2a82b25a	11	16
Io la seguirò.	I'll follow you.	ada696b3-53c7-5a74-925f-627c067ef4a3	14	16
Mi sentirò solo.	I'll get lonely.	801dce25-cfba-54e3-bd8b-63baf7f01f87	16	16
Io mi sentirò solo.	I'll get lonely.	adf52068-12bb-5db0-a1d1-183d4bb45c73	19	16
Mi sentirò sola.	I'll get lonely.	effdfcf3-1522-5352-9106-c7da48b06280	16	16
Io mi sentirò sola.	I'll get lonely.	ee8aa7cf-3de4-58e1-b501-04390526be2b	19	16
Prenderò la mia borsa.	I'll get my bag.	d7ff6495-37d9-52e9-ba62-4e89a0a642c6	22	16
Io prenderò la mia borsa.	I'll get my bag.	6f24de9f-c9f8-508b-9eef-e7378817c5b8	25	16
Andrò in taxi.	I'll go by taxi.	acada451-53ea-56f3-8f06-d96c645d26fd	14	16
Io andrò in taxi.	I'll go by taxi.	6ce72f3d-6a97-583a-aac7-771e75ddbdb5	17	16
Prenderò la mia macchina.	I'll get my car.	67ba5575-1502-5983-a152-06735d9c6e6e	25	16
Io prenderò la mia macchina.	I'll get my car.	4e7d3506-cdad-54f2-bc4a-9faa94c8803b	28	16
Prenderò la mia auto.	I'll get my car.	57f00183-860e-5d98-9fe4-2459b38c0d43	21	16
Io prenderò la mia auto.	I'll get my car.	4cd0b711-76e0-50cf-8bd2-7a0da0edd143	24	16
Prenderò la mia automobile.	I'll get my car.	d5bf0e06-2427-532c-b46e-851a1e9d5496	27	16
Io prenderò la mia automobile.	I'll get my car.	80552389-7033-5e4f-8949-613cead73aeb	30	16
Andrò a farlo.	I'll go do that.	fef0c94d-ffd2-5eda-8e91-9724c06951d5	14	16
Io andrò a farlo.	I'll go do that.	ff92cedf-1eed-5a27-8780-d1656e3368f5	17	16
Quel bambino si è annoiato.	That child got bored.	f983aaec-1679-56d3-8dc7-ab81ed44799a	27	21
Quella bambina si è annoiata.	That child got bored.	2c1c5f12-f535-5217-a914-7d8c51ddc7fb	29	21
Quel bambino si annoiò.	That child got bored.	efdad24e-9a30-56e3-a53e-a8a2274474b8	23	21
Quella bambina si annoiò.	That child got bored.	ac108027-7006-52d5-acde-2a51d292e63a	25	21
Informerò Tom.	I'll inform Tom.	422e93f1-441c-51b9-897d-3eb91a48187f	14	16
Io informerò Tom.	I'll inform Tom.	32a6fd1c-5f6f-592a-bc62-ac32bd653eb6	17	16
Muoio per te.	I'm dying for you.	9d82920c-0357-514b-bd37-d1c5ddcb29d3	13	18
Io muoio per te.	I'm dying for you.	e321d484-50c5-51ca-b7ce-9dca9f911e40	16	18
Muoio per voi.	I'm dying for you.	300435f3-f410-5cf7-bad6-f0990cfcb205	14	18
Io muoio per voi.	I'm dying for you.	9d5c03cb-556b-541d-a03f-8b8ca7ea6c63	17	18
Muoio per lei.	I'm dying for you.	cfdf10d6-dc03-52e2-ad68-079d44c8ddfb	14	18
Io muoio per lei.	I'm dying for you.	07c3e1b9-9e34-578c-b0f6-3a03fcca5991	17	18
Sto morendo per te.	I'm dying for you.	e04785d0-646a-5fc0-9c13-308272e0a2b7	19	18
Io sto morendo per te.	I'm dying for you.	4e16ae38-e087-581f-983a-91fa23d545fb	22	18
Sto morendo per lei.	I'm dying for you.	d3b21756-6dc3-5b71-9880-f79a04a2fcea	20	18
Io sto morendo per lei.	I'm dying for you.	9d3d666d-6d62-52c6-a3d4-769bb2ec0965	23	18
Sto morendo per voi.	I'm dying for you.	73a5cd0a-6f13-549c-ba6e-6149fa1c3f85	20	18
Io sto morendo per voi.	I'm dying for you.	a4e285cd-cca4-5ba4-82cf-4a1c282a8af3	23	18
Era ferito.	He was hurt.	66e81449-053c-5c3e-b571-4bb739201f52	11	12
Lui era ferito.	He was hurt.	662012a1-4377-54e5-869d-3f6534a86874	15	12
Mary era ferita.	Mary was hurt.	7ab85420-fab8-5511-9d9e-f756d58cbd63	16	14
Eravamo feriti.	We were hurt.	224014c1-044e-5147-8d8c-837f301a6210	15	13
Noi eravamo feriti.	We were hurt.	f5e4be72-2e99-5d5a-bc86-e693f7d6b782	19	13
Eravamo ferite.	We were hurt.	d770f21d-5ffd-5ac3-86b5-52ece54207e8	15	13
Noi eravamo ferite.	We were hurt.	120cae62-2bb6-500b-9af3-256804f1a9ca	19	13
Vedo Tom.	I see Tom.	fcc0ed26-6b59-5c86-bbc8-60ca9f673019	9	10
Io vedo Tom.	I see Tom.	8b28a206-7058-5ec6-bdc4-be63fbe69ea8	12	10
Prenderò in noleggio una macchina.	I'll rent a car.	bd0e085b-bf8b-57d6-9763-d8196e98e817	34	16
Io prenderò in noleggio una macchina.	I'll rent a car.	b16c5f6d-12f5-5c54-9bb4-0187492adcf8	37	16
Prenderò in noleggio un'auto.	I'll rent a car.	12b89f79-d446-55a8-8176-9e66e92ef083	29	16
Io prenderò in noleggio un'auto.	I'll rent a car.	51a37356-4633-5bc6-bfb2-aa8dbeae0bff	32	16
Prenderò in noleggio un'automobile.	I'll rent a car.	36e16419-2578-56fa-aece-e5cabdb8a7e9	35	16
Io prenderò in noleggio un'automobile.	I'll rent a car.	34a2120e-36c0-5cbf-8361-7ca9d285f4dd	38	16
Starò vicino.	I'll stay close.	0ff64d61-73df-528b-aa40-11940f4531d4	13	16
Io starò vicino.	I'll stay close.	b16bac76-27fb-5d6f-af5e-333c85eb07f2	16	16
Rimarrò vicino.	I'll stay close.	8b56ff31-e30d-546b-88d8-88449046aa48	15	16
Io rimarrò vicino.	I'll stay close.	5ad19d8b-2d87-56fe-9d0f-daf968d3f1b9	18	16
Resterò vicino.	I'll stay close.	53f4a854-d890-5300-aac4-8f4ccfecf7d2	15	16
Io resterò vicino.	I'll stay close.	0dbc2abf-552d-5495-8dd4-c9a7f34182df	18	16
Prenderò quelli.	I'll take those.	eb7fe157-b72b-543b-9cd9-09af4c640dea	16	16
Io prenderò quelli.	I'll take those.	8a0c78c3-7e22-5955-a709-180a4d6ff5ac	19	16
Prenderò quelle.	I'll take those.	ec39a0a3-0f90-5309-9eab-0af36e53662b	16	16
Io prenderò quelle.	I'll take those.	5058736a-04f0-5040-b089-ade3d6f9217e	19	16
Notificherò Tom.	I'll notify Tom.	07220330-8ff7-5aa6-8716-28c3701dc2aa	16	16
Io notificherò Tom.	I'll notify Tom.	87a1d86f-7648-538d-b275-d6b21d33e9c7	19	16
Ordinerò del cibo.	I'll order food.	9a169ce6-595f-57c4-8dc2-4f5872ba246f	18	16
Io ordinerò del cibo.	I'll order food.	bdb1a6e8-7d5c-53ae-b606-8f951b4107b3	21	16
Non lo dirò mai.	I'll never tell.	e00b71ad-4678-5d72-baf4-dff559694339	16	16
Io non lo dirò mai.	I'll never tell.	1a09a24b-2403-53c6-8582-4267303d2968	19	16
Ti premierò.	I'll reward you.	3b167ac6-5a7b-5d61-bcfe-d6430f27fae3	12	16
Io ti premierò.	I'll reward you.	e19baaaa-b900-5789-800b-dae770922485	15	16
Vi premierò.	I'll reward you.	88026199-402d-53ad-9e88-3e3bc92c2077	12	16
Io vi premierò.	I'll reward you.	5672f89f-c60c-5033-917d-b46a23756c6e	15	16
La premierò.	I'll reward you.	ed73ffdb-5ec2-5776-b196-6a4f08107bc9	12	16
Io la premierò.	I'll reward you.	acf85b1a-43ac-503a-b0b2-c2cc4b919c60	15	16
Proverò più duramente.	I'll try harder.	91c021ef-6ce5-50aa-9b05-7d42e7e62a9c	22	16
Io proverò più duramente.	I'll try harder.	148b920e-a53b-5f0c-8560-554cc8f8040e	25	16
Sono un tipo fortunato.	I'm a lucky guy.	f2dfed1c-0890-5a4d-ae94-fd64dc1aad0c	23	16
Io sono un tipo fortunato.	I'm a lucky guy.	1ffacbd8-ad34-5c25-8339-86ec9d97f5ac	26	16
Sono cristiano.	I'm a Christian.	4d935d6f-fc03-5932-a0ac-73d9f4eb3c76	15	16
Io sono cristiano.	I'm a Christian.	6bce1a87-e173-5193-87dd-422d2e93693d	18	16
Sono cristiana.	I'm a Christian.	5747db57-2f23-520b-8492-acc3a9be37b9	15	16
Io sono cristiana.	I'm a Christian.	3b1472cf-b51b-50f5-b490-4ce8dbe761d5	18	16
Sono un avvocato difensore.	I'm an attorney.	e272dc49-2c11-56a0-8d65-ad54ed369c9c	27	16
Io sono un avvocato difensore.	I'm an attorney.	62447881-4572-52ff-9187-a42548d8d5f2	30	16
Sono avventuroso.	I'm adventurous.	13c0bd97-e365-5df7-8452-963d20876c62	17	16
Io sono avventuroso.	I'm adventurous.	4ce9560f-d4b5-5788-b69e-52317c083859	20	16
Sono avventurosa.	I'm adventurous.	99eddf7b-89e8-5d17-97fd-bf963d95c479	17	16
Io sono avventurosa.	I'm adventurous.	0a3463f0-3aa5-5f8c-839d-260206c9864f	20	16
Visiterò presto.	I'll visit soon.	d551193c-ec3c-572b-9771-8471c602abda	16	16
Io visiterò presto.	I'll visit soon.	5ae69f4d-b0db-5662-b0b8-6177742b78f9	19	16
Porta anche tua madre.	Bring also your mother.	27cbbf14-14e6-51f0-b225-aa5fffc65e3e	22	23
Porti anche sua madre.	Bring also your mother.	6f771750-987d-5a6b-bce9-d1ca2f46137c	22	23
Portate anche vostra madre.	Bring also your mother.	f4962dbb-4355-55cc-876b-f12e0d3b8148	27	23
Sono in banca.	I'm at the bank.	60099814-56f5-5e8b-9225-7d9ec4c75a09	14	16
Io sono in banca.	I'm at the bank.	3f3956fc-a202-52e7-97b2-88b3672bc24b	17	16
Ne sono consapevole.	I'm aware of it.	aa04c31c-5475-5689-8a9f-10ba45baaee2	20	16
Io ne sono consapevole.	I'm aware of it.	1520f76a-f2cb-5653-be95-f9bcbd5566cd	23	16
Sono competitivo.	I'm competitive.	dc86feb9-e493-50be-910a-e760bfa6fdd5	17	16
Io sono competitivo.	I'm competitive.	d6ab42b0-a692-5920-bc82-6e0981908248	20	16
Sono competitiva.	I'm competitive.	e81f09c1-702a-5ba3-9c0e-b00fc59e849c	17	16
Io sono competitiva.	I'm competitive.	4f561bd4-d320-58cf-88d1-9cd8b834ec99	20	16
Sto venendo licenziato.	I'm being fired.	e83f52d4-e7bc-57e6-b091-fd1ba720304f	23	16
Io sto venendo licenziato.	I'm being fired.	0e184dc0-7ba3-5a99-97eb-223026953bf0	26	16
Sto venendo licenziata.	I'm being fired.	5c8d08a5-f02b-53b0-b954-8f88522df24a	23	16
Io sto venendo licenziata.	I'm being fired.	f9a57242-1b69-527a-a434-337f3ef5b37f	26	16
Sto chiamando Tom.	I'm calling Tom.	4ace6cca-91a8-557d-8f91-ab39d7cc1b54	18	16
Io sto chiamando Tom.	I'm calling Tom.	1e89e29f-43d4-5b44-acc6-c4ebdc616165	21	16
Sono indifeso.	I'm defenseless.	ec62baa5-5441-5ee7-b8f9-58e83011c8c2	14	16
Io sono indifeso.	I'm defenseless.	cc2cc69f-5441-5ee0-b47d-097f1bed5a6f	17	16
Sono indifesa.	I'm defenseless.	a8714ed5-8fbf-5021-a62a-b896b8030469	14	16
Io sono indifesa.	I'm defenseless.	53538378-a29c-59b0-b9bf-0ab64b29a7df	17	16
Sto andando alla grande.	I'm doing great.	80229a06-41da-5f9f-93e0-7fe55ff9ce48	24	16
Io sto andando alla grande.	I'm doing great.	4862473e-7630-52eb-95fd-8c9fbac64343	27	16
Sono di Boston.	I'm from Boston.	e8fb828e-72ac-58b7-9f50-3089168e525d	15	16
Io sono di Boston.	I'm from Boston.	1d46d521-0c0b-50f7-95f7-f548a35fc34d	18	16
Vengo da Boston.	I'm from Boston.	cad797e1-ebb6-5e54-8c70-462e176f0099	16	16
Io vengo da Boston.	I'm from Boston.	d3daaae8-41b8-5c41-88e3-572c5c4ce535	19	16
Sono esperto.	I'm experienced.	0b79dbf2-f1c4-5389-ab73-6e6cf63ac19a	13	16
Io sono esperto.	I'm experienced.	372a3c36-c7b0-548f-af8a-ff1c13e0cf06	16	16
Sono esperta.	I'm experienced.	2ae2d0bf-8109-55e4-8143-2e767d1d2a14	13	16
Io sono esperta.	I'm experienced.	59654701-4f47-50d0-83e9-222a17ea4dde	16	16
Sono pratico.	I'm experienced.	77572f38-33e0-5a78-a2a0-7eedd62e506a	13	16
Io sono pratico.	I'm experienced.	2d37189f-3f6e-52ed-a829-0cfde00d2c2c	16	16
Sono pratica.	I'm experienced.	ca21f800-8114-53f7-9581-74c59ff71c0b	13	16
Io sono pratica.	I'm experienced.	6f7f2a2b-db08-5609-9638-b85932ea6cd6	16	16
Mi sto accaldando.	I'm getting hot.	024fcd49-a1ac-5822-b3ca-065fedff1aae	18	16
Io mi sto accaldando.	I'm getting hot.	c9b29951-82a4-5c59-b02d-703067bbaa69	21	16
Mi sta venendo caldo.	I'm getting hot.	951e1b83-f896-511d-ba4a-ac1b865fdb6e	21	16
A me sta venendo caldo.	I'm getting hot.	efac8a50-cee0-5731-8245-1db10fae8c91	23	16
Mi fa piacere essere venuto.	I'm glad I came.	65876ade-7082-5288-8f54-a6598841b0e4	28	16
Mi fa piacere essere venuta.	I'm glad I came.	348288eb-4623-5081-b26e-6d8bbd4bed3d	28	16
A me fa piacere essere venuto.	I'm glad I came.	50a22835-9cd9-5d20-8979-4e5db391fd55	30	16
A me fa piacere essere venuta.	I'm glad I came.	03fec514-368e-51c4-8f58-ab07e0e7b7ff	30	16
Entrambi gli uomini hanno riso.	Both men laughed.	915e90ea-30eb-538f-8641-dafb3253428e	31	17
Entrambi gli uomini risero.	Both men laughed.	09ff4a99-9b07-5f68-b094-b66c6edf06d6	27	17
Porta dentro Tom.	Bring Tom inside.	bac43ee5-69f7-5917-9fee-e0141269e451	17	17
Portate dentro Tom.	Bring Tom inside.	d4d94a31-2f18-5bc0-9924-66d935af4bfc	19	17
Porti dentro Tom.	Bring Tom inside.	728324de-786c-5949-9e25-cc8d2422fcdc	17	17
Respira normalmente.	Breathe normally.	da2a5ca7-0327-5ae4-a765-e92e0854be8b	20	17
Respiri normalmente.	Breathe normally.	dc4f4a1b-8622-5d87-80ec-0b75df6e0fc5	20	17
Respirate normalmente.	Breathe normally.	49425a7a-c2fe-55ce-a6df-af0922eba845	22	17
Ero quasi dentro!	It was almost in!	c75bf564-5e30-5503-b921-f4551e3bb7ae	17	17
Io ero quasi dentro!	It was almost in!	57689188-f93a-5774-8a9b-eb46106cb11d	20	17
Ha mancato per poco!	It barely missed!	2ef22a0f-0fac-5a4e-9243-70cbd3ec3047	20	17
Chiama tuo padre.	Call your father.	48b821f1-6541-5030-a70e-da2aec4691ff	17	17
Chiami suo padre.	Call your father.	fb2b061d-d004-556b-a9bf-48ff2011844a	17	17
Chiamate vostro padre.	Call your father.	44b2d590-3459-5833-8e77-8892f798f9a4	22	17
Gli affari vanno bene.	Business is good.	52e771d3-c7cc-51c6-bf36-b298343142a0	22	17
Chiama questo numero.	Call this number.	0a37f273-1793-5b46-8532-1b4549b03851	21	17
Chiamate questo numero.	Call this number.	0034fa51-79b3-5b12-a176-ccbd336c70b3	23	17
Chiami questo numero.	Call this number.	292a0b0d-4965-545e-804d-9eb57f2df040	21	17
Riescono a vedere tutti?	Can everyone see?	57b92c99-2d66-52fb-b29b-c5509ef2c29b	24	17
Posso prendere in prestito 30 dollari?	Can I borrow $30?	826f6f28-f848-556a-9534-9cc3daf83f4b	38	17
Posso prendere in prestito trenta dollari?	Can I borrow $30?	a8b453a0-9d6e-520d-9b2c-3b0ade044941	42	17
Posso avere un lavoro?	Can I have a job?	f0a6a384-c412-5094-afe6-e9ec8a4ee65f	22	17
Non riesci a decidere?	Can't you decide?	b5b165fe-5982-53b1-9b59-dcc338e525cd	22	17
Non riesce a decidere?	Can't you decide?	d9b97cd3-4c66-5d8a-ae5a-12ae4c1c78b6	22	17
Non riuscite a decidere?	Can't you decide?	2d61ce42-3f40-5f60-a1f1-0e19a434191c	24	17
Vivi a Sasayama?	Do you live in Sasayama?	5c29bfb9-4186-52ec-9ca3-5f598746093a	16	24
Tu vivi a Sasayama?	Do you live in Sasayama?	c80ad202-dd8b-52e2-aabf-2a8a9d07078f	19	24
Vive a Sasayama?	Do you live in Sasayama?	f6386a27-5efa-5f8b-b5e6-518bb1b2118d	16	24
Lei vive a Sasayama?	Do you live in Sasayama?	412cfb38-8639-5d4f-bd41-fee6c40810e7	20	24
Vivete a Sasayama?	Do you live in Sasayama?	ddb7839e-7b63-5d8c-aa6b-a6e484abde08	18	24
Voi vivete a Sasayama?	Do you live in Sasayama?	8bd40c45-e28c-58c7-a844-680f15695445	22	24
Dov'era questo spettacolo?	Where was this show at?	80a3a132-cc67-5157-bd64-e48e60722c31	26	23
Il Molise non esiste.	Molise doesn't exist.	4732f8ef-2414-5e3d-a215-167862e30382	21	21
Imparare l'inglese è un duro lavoro.	Learning English is hard work.	9b4592f9-d4cf-5db7-87c0-ad28248cf1a8	36	30
Le lezioni sono finite.	Classes are over.	13636eac-69cd-5107-9fbd-3fbb7e721083	23	17
Passa domani.	Come by tomorrow.	6f3501e3-0e3a-5e93-90ce-d360822d14f6	13	17
Passi domani.	Come by tomorrow.	82fe1a39-86fd-5c3e-9f05-543b0abb4474	13	17
Passate domani.	Come by tomorrow.	8e07e2d9-a0f0-506a-a86d-aca8a175030f	15	17
Chiudi le tendine.	Close the blinds.	93ab8541-5022-5bcf-9f81-e684f5f745cf	18	17
Chiudete le tendine.	Close the blinds.	994ebaf2-3d90-5fe1-829a-c4a1624d6daf	20	17
Chiuda le tendine.	Close the blinds.	bc5340f9-82b8-5a0d-b13f-95324d2289bf	18	17
Vieni fuori con calma.	Come out quietly.	f0c27ab6-e5dc-5b3b-9168-54d242366e5f	22	17
Venga fuori con calma.	Come out quietly.	faba1c6d-cc22-5bc3-8af0-d104ee0cda6d	22	17
Venite fuori con calma.	Come out quietly.	1cbaf450-efca-5cbd-b729-14c0415e2e4a	23	17
Attraversa il ponte.	Cross the bridge.	24c0ff25-4574-575c-b8fc-fa5bebc5b96a	20	17
Attraversate il ponte.	Cross the bridge.	5151ff69-4f82-547b-b871-157f604d0565	22	17
Attraversi il ponte.	Cross the bridge.	f64f23fa-f888-5324-8b12-711a89df2465	20	17
Controlla la tua posta in arrivo.	Check your inbox.	810f72f3-db21-525f-96e2-a3c859e3ef73	33	17
Controlli la sua posta in arrivo.	Check your inbox.	a0c7f4ea-1422-58e1-8a38-1b0496d4977f	33	17
Controllate la vostra posta in arrivo.	Check your inbox.	f4e385bd-d3bc-5889-bee8-f8e2257298b7	38	17
Tom è andato da solo?	Did Tom go alone?	4d65a1f9-e97f-56d4-9b62-f8a4896c56e2	21	17
Fallo delicatamente.	Do it delicately.	84c2d0e1-94f3-5d28-b4f6-e2fd02815439	20	17
Fatelo delicatamente.	Do it delicately.	54d81ebe-3606-5f4f-bccf-55d7dbedb07e	21	17
Lo faccia delicatamente.	Do it delicately.	89f276ac-364b-5408-bc79-e520c0b140e0	24	17
Fallo con delicatezza.	Do it delicately.	563a6946-6aed-5827-8f65-6b0354c5794c	22	17
Fatelo con delicatezza.	Do it delicately.	4cce2b64-f44d-5977-9a9f-a8049f4a29a1	23	17
Lo faccia con delicatezza.	Do it delicately.	0b43a0e6-9dfe-50e9-b660-88a1041bddd0	26	17
Tom ti ha fatto del male?	Did Tom hurt you?	633deb11-73ca-593e-84a4-fd8f55ef8eec	25	17
Tom vi ha fatto del male?	Did Tom hurt you?	6481d081-7ceb-5a31-b370-59839cca3718	25	17
Tom le ha fatto del male?	Did Tom hurt you?	49f12300-5bd4-5b68-a628-b85eaddd70a9	25	17
Importa?	Does that matter?	b9f2ea67-34b9-5a22-a437-36fc88def182	8	17
Quello importa?	Does that matter?	6fa51103-87eb-5b03-85df-e606a9eeb231	15	17
Quella importa?	Does that matter?	808d7bda-eb27-55af-8b2c-f24842b03c04	15	17
Vuoi questo?	Do you want this?	67e30cab-7e0c-54d0-b80c-83106df42a99	12	17
Tu vuoi questo?	Do you want this?	c9e75c99-b09f-53d2-b269-a3bad82bd78f	15	17
Vuole questo?	Do you want this?	a8a08087-930e-5286-ac96-c3c3e77e5459	13	17
Lei vuole questo?	Do you want this?	4ca4c3bd-164c-58be-a5bf-5d28a0280a02	17	17
Volete questo?	Do you want this?	83f365a6-ae02-5ddd-bb83-df8bd3b45f34	14	17
Voi volete questo?	Do you want this?	573a4426-a9cb-5ad3-ac73-1790e932dca0	18	17
Non crederci.	Don't believe it.	19006893-75c7-57f0-a17f-41718e2ce590	13	17
Non credeteci.	Don't believe it.	453d0f5c-3bc9-5449-af29-ed6096a484ee	14	17
Non ci creda.	Don't believe it.	2fede1a9-3269-5ff4-abcb-85b0ecbe2e43	13	17
Non partire mai.	Don't ever leave.	d38005ca-adfe-5b4f-bf23-403fe89187d8	16	17
Non partite mai.	Don't ever leave.	a7fbd28f-f716-51fc-a57d-304e974b564a	16	17
Non parta mai.	Don't ever leave.	2cfc8b62-2fd7-5707-989c-14e0eba2525e	14	17
Non dimenticarti di Tom.	Don't forget Tom.	9f7a75e3-340c-59c9-8417-8ed66969418f	24	17
Non dimenticatevi di Tom.	Don't forget Tom.	8436749a-a817-5dfa-a74c-266cec676ec7	25	17
Non scordarti Tom.	Don't forget Tom.	30eda456-6c93-52a2-b43c-265fafc0501c	18	17
Non si dimentichi di Tom.	Don't forget Tom.	4e404fb9-686c-5b26-9c09-718f9e4b6eb5	25	17
Non scordatevi Tom.	Don't forget Tom.	98798d9a-5bb4-5e5a-a7bc-1db021549eb0	19	17
Non si scordi Tom.	Don't forget Tom.	364a504a-a11b-552b-b942-69373fbb83f8	18	17
Bevi un po' d'acqua.	Drink some water.	09f1ed9f-05a7-53a4-b1d7-87ce0c88b81b	20	17
Beva un po' d'acqua.	Drink some water.	7e0c1fda-6403-5661-86d5-25840a1fa578	20	17
Bevete un po' d'acqua.	Drink some water.	b157096a-05fe-5295-9752-45723866e638	22	17
Entra qui, Tom.	Get in here, Tom.	5618c120-3373-5005-90e1-e6a62d1e8d65	15	17
Bevi questo succo.	Drink this juice.	13bd444b-2eb4-51da-8214-31b2349b1605	18	17
Beva questo succo.	Drink this juice.	7a4102a2-f399-5253-8cd3-59c33841df4e	18	17
Bevete questo succo.	Drink this juice.	ae675455-012c-58fb-8401-0e8038a73e19	20	17
Finisci la storia.	Finish the story.	21e4f337-0246-5ea7-bd2c-8401d3a633c4	18	17
Finisca la storia.	Finish the story.	e5bd6599-bb06-559a-a7f4-6821e3936cf2	18	17
Finite la storia.	Finish the story.	ca3a0042-301d-5d2f-a65d-8b2346ccafc3	17	17
Dimenticati di Tom.	Forget about Tom.	28c9d718-4800-5b2e-8304-20b52b584acb	19	17
Dimenticatevi di Tom.	Forget about Tom.	c5702c25-8e9a-57d5-99e9-3276ba0e9fd9	21	17
Si dimentichi di Tom.	Forget about Tom.	ec5aa082-e8ba-575f-8bb3-e23e77ad6dd7	21	17
Tutti si sono divertiti.	Everyone had fun.	adea9b58-551f-5f93-a68f-b120aa4b05ca	24	17
Vai a giocare con Tom.	Go play with Tom.	512af4b6-6934-563f-85c6-8bef59baf86e	22	17
Vada a giocare con Tom.	Go play with Tom.	d598f414-90b6-54d9-bfc7-f464e5fe7f3b	23	17
Andate a giocare con Tom.	Go play with Tom.	f4cc4e90-7eb5-5175-9465-b7677b194a8f	25	17
Aspettate tutti.	Hang on everyone.	812e2842-805c-559f-b76f-94278b3daf02	16	17
Come sono le uova?	How are the eggs?	ea1fa3b1-54b1-5128-a09d-251ce0e12628	18	17
Com'è l'insalata?	How is the salad?	70967c1a-5155-5fb5-ad57-80c336b5f23f	17	17
Trattieni il fiato.	Hold your breath.	fcfe3a7d-be34-500a-a292-f23756f0c089	19	17
Trattenga il fiato.	Hold your breath.	bdf2bacc-ce7f-54e1-b179-4fb4a0b61093	19	17
Trattenete il fiato.	Hold your breath.	457981a7-9f4d-5331-8f91-0d7a1262ec6b	20	17
Prendi un posto, Tom.	Have a seat, Tom.	3dbd0796-85d3-54ab-9602-b7876077ce40	21	17
Prendi un croissant.	Have a croissant.	48585bb3-39f0-5100-85bc-ddc8564c1fad	20	17
Prenda un croissant.	Have a croissant.	f263235c-2d83-57fd-a9bc-31e267688288	20	17
Prendete un croissant.	Have a croissant.	9b64d3e3-0358-5588-8c3f-358523e8d576	22	17
Prendi un cornetto.	Have a croissant.	7b0498b0-8445-52b8-9626-2e02ae2c19f8	19	17
Prenda un cornetto.	Have a croissant.	3a0e193a-a09a-5610-8d1b-12d5c8c9045c	19	17
Prendete un cornetto.	Have a croissant.	b0a8b9d7-e97c-56f0-8ecb-3f0320cbefe8	21	17
Come sono le probabilità?	How are the odds?	7494c155-371e-57ed-ba76-f6f20302c829	25	17
Come sono le quote?	How are the odds?	85dd4a9a-84aa-5bc4-ba8f-482f97cddde3	19	17
Come sono le quotazioni?	How are the odds?	d8a3bcd0-5bf5-58e9-b0d5-bbb4db4982f9	24	17
Prendi un po' di liquore allo zabaione.	Have some eggnog.	9ca6d32f-f628-5e76-b984-b35c91a626cf	39	17
Prenda un po' di liquore allo zabaione.	Have some eggnog.	62460c27-1fa9-50b2-9761-2fc1879fab52	39	17
Prendete un po' di liquore allo zabaione.	Have some eggnog.	c3d413cd-e014-58ee-b9b2-6847a6f67fd9	41	17
Prendi un po' di eggnog.	Have some eggnog.	1ae35bf0-c02a-560c-8d7e-6399790ff9a4	24	17
Prenda un po' di eggnog.	Have some eggnog.	25013661-eff6-5fd0-afad-034bc8c37b1e	24	17
Prendete un po' di eggnog.	Have some eggnog.	8c38a46d-a5f9-5336-baae-b5d94516577d	26	17
Prendi un po' di latte di gallina.	Have some eggnog.	f3feb059-6154-5ec1-92c1-a8ca202878ae	34	17
Prenda un po' di latte di gallina.	Have some eggnog.	01b7594e-a2b8-5c2c-bb96-0ed264478e38	34	17
Prendete un po' di latte di gallina.	Have some eggnog.	021625d6-a762-56db-9bd1-c9046eca65bc	36	17
Merito di meglio.	I deserve better.	3e0f748a-0ff1-525f-b6d0-824a4dd39830	17	17
Io merito di meglio.	I deserve better.	17a50d26-45c1-55d3-b0f3-1f87cb4ce154	20	17
Eravamo mediocri.	We were mediocre.	d720111e-e883-502f-b497-db5a12391988	17	17
Noi eravamo mediocri.	We were mediocre.	54b091e7-2d24-5d30-81df-1f7df5dcd5e2	21	17
Erano mediocri.	They were mediocre.	5aa1c31e-fcd8-5836-98d1-d8f6e37d33d9	15	19
Loro erano mediocri.	They were mediocre.	5d7899e1-3110-5475-8330-648ab1c05d43	20	19
Io non lo volevo.	I didn't want it.	3623b969-dc8b-5d91-8084-5992270e48d2	17	17
Non la volevo.	I didn't want it.	f24670ef-4299-58f6-b254-2064c00e69c4	14	17
Io non la volevo.	I didn't want it.	8ddcced3-49ae-5a35-be1d-e46d383b8959	17	17
Com'era il gioco?	How was the game?	c8437a69-08f6-55cf-891d-3be2f6d25f03	17	17
Com'era la partita?	How was the game?	122c0171-1232-5a95-ab6b-bf3468d74bc7	19	17
Com'è stato il gioco?	How was the game?	27f5ea76-7ad4-59c8-ae1f-6e8ecac39d31	21	17
Com'è stata la partita?	How was the game?	97203cb1-bdc8-58cc-a0af-3b1fbbceef41	23	17
L'ho confiscato.	I confiscated it.	f4143983-fa9c-5e4b-bb76-0e6c36a27fb6	16	17
L'ho confiscata.	I confiscated it.	41413387-b483-51a9-a608-71eaf28790f6	16	17
Odio gli asparagi.	I hate asparagus.	9e18f2e1-9da2-51a1-8787-b35cfc4d64b6	18	17
Io odio gli asparagi.	I hate asparagus.	7b0403f8-e305-5ae8-ada7-988b71d046a3	21	17
Odio Halloween.	I hate Halloween.	79791a65-15d0-5ac6-a504-a49fe4420661	15	17
Io odio Halloween.	I hate Halloween.	b5286089-4470-50e6-9984-cc18f6980c67	18	17
Non ne voglio uno.	I don't want one.	8b7daebb-b691-582a-a169-fa7e51abcc14	18	17
Io non ne voglio uno.	I don't want one.	a8dc9a71-b851-56d1-ad6e-439af492c2e7	21	17
Non ne voglio una.	I don't want one.	d86ad6b3-5446-5253-9c1b-6a3fa1ff268e	18	17
Io non ne voglio una.	I don't want one.	a3f44085-6cb2-5632-816f-7dbe300934ca	21	17
Non amo Tom.	I don't love Tom.	5b83b028-7a6c-5f7f-bab8-6125a00ae17e	12	17
Io non amo Tom.	I don't love Tom.	3e502c8f-860b-5325-bd3b-b82bae931e63	15	17
Mi sento così solo.	I feel so lonely.	38290699-d76a-56c4-a294-610c057a6522	19	17
Io mi sento così solo.	I feel so lonely.	c973f58d-ca32-5442-9784-7bd0738d3ee5	22	17
Mi sento così sola.	I feel so lonely.	f1058a21-140e-5800-897d-4ef72b67318b	19	17
Io mi sento così sola.	I feel so lonely.	e01515a7-20e5-54ac-9e37-3b294d7e448f	22	17
Ho sentito un urlo.	I heard a scream.	361ccb0d-9f05-5360-8e4b-82c342078909	19	17
Io ho sentito un urlo.	I heard a scream.	17aaa5da-cec9-5c85-8f6d-afeafae0e488	22	17
Ho semplicemente bisogno di tempo.	I just need time.	0b63228a-5c56-5fd6-b275-3f12273dd177	34	17
Io ho semplicemente bisogno di tempo.	I just need time.	88e90c0c-6b62-5226-afe5-fb78c35f0ec0	37	17
So di te.	I know about you.	f1a1e04d-cda4-524c-ae82-35459292dd71	9	17
Io so di te.	I know about you.	915361ea-f6f7-5abe-b0d1-bfad6adcef5d	12	17
So di voi.	I know about you.	3c1c4d98-2133-5c50-a4a1-a9c7c97d9d3b	10	17
Io so di voi.	I know about you.	5d4976ac-559e-5728-a97b-c840b29beb67	13	17
So di lei.	I know about you.	34539e43-19f2-5408-ae31-2856ca6c77d8	10	17
Io so di lei.	I know about you.	4bf5e25a-4367-595d-900a-ebdf83c1c580	13	17
So che è vero.	I know it's true.	2f461bfb-771e-5f8a-a577-dc6f0384f2f7	14	17
Io so che è vero.	I know it's true.	59335e89-125f-593e-9c22-dd4535ba5cae	17	17
Lo so che è vero.	I know it's true.	5887eee3-d38b-5fde-9fef-2b141b1da111	17	17
Mi manca la mia famiglia.	I miss my family.	1fdc472f-0c20-5f8a-ba7e-3aec231b5476	25	17
A me manca la mia famiglia.	I miss my family.	31903565-f230-58c0-ada7-99be84b4f173	27	17
La mia famiglia mi manca.	I miss my family.	21cccf70-c58e-5c66-8079-ff65674443e2	25	17
Mi serve un miracolo.	I need a miracle.	197acefb-e166-518d-b753-6d1fcdde7414	21	17
A me serve un miracolo.	I need a miracle.	594b08f6-9888-5a51-aa4b-877e09f63da5	23	17
Mi serve una vacanza.	I need a holiday.	8b0d82a7-4e48-57d9-a743-63abc9d844fd	21	17
A me serve una vacanza.	I need a holiday.	cd00bcee-aa37-55b3-bf04-1c5ab602c453	23	17
Ho bisogno di più spazio.	I need more room.	4ad623c0-6f73-5255-b3dd-03c82312adb3	25	17
Io ho bisogno di più spazio.	I need more room.	1e122aaf-a33b-50d8-9107-b1f5fc259846	28	17
Me ne serve uno nuovo.	I need a new one.	5a732e80-2c97-5af9-bc20-16c8f87e7f89	22	17
Me ne serve una nuova.	I need a new one.	4839410b-f658-5e0b-8073-5568c088f4a3	22	17
Ho visitato Boston.	I visited Boston.	0218600a-4653-56e6-b027-b1f6a858c4a8	19	17
Io ho visitato Boston.	I visited Boston.	3559854f-0e3e-5a9f-8d69-fe0217f3d7a1	22	17
Visitai Boston.	I visited Boston.	4f110a21-8547-50e5-a718-9992afa1784d	15	17
Io visitai Boston.	I visited Boston.	96fbb890-a138-5828-950c-3022dab9cb74	18	17
Mi sono completamente scordato.	I totally forgot.	8778896e-d2e3-5d77-be40-d4b9c3c09e51	31	17
Mi sono completamente scordata.	I totally forgot.	f9234cae-ec26-5465-ac9c-6731ed727064	31	17
Mi sono completamente dimenticato.	I totally forgot.	86e31331-8b41-5688-9fd2-cd49d5cb65ce	34	17
Mi sono completamente dimenticata.	I totally forgot.	597cb3e3-e602-5c80-b416-c50574b66e4f	34	17
Ho detto la verità.	I told the truth.	d05a6005-ff85-5445-8404-4daf60963d5e	19	17
Io ho detto la verità.	I told the truth.	15f240c3-deab-5bcb-9e84-e5452da3079e	22	17
Dissi la verità.	I told the truth.	44f295c2-93f2-5fa8-9a0c-685b25fd2a7f	16	17
Io dissi la verità.	I told the truth.	bd785ed3-8909-5ace-a84f-7ab39bcbac05	19	17
Amo ancora Tom.	I still love Tom.	c0b906c3-9f50-5d6c-8a08-6af368f2079c	15	17
Io amo ancora Tom.	I still love Tom.	c7a9d3be-b62f-55ec-a42d-c3bdbfc228c7	18	17
Ho detto di stare indietro!	I said stay back!	c695ba05-fa97-5880-a23a-a269c19aa54e	27	17
Voglio la verità.	I want the truth.	3a6128f2-4d99-52f9-9b4e-baf7c2ef6b13	17	17
Io voglio la verità.	I want the truth.	70690055-dd22-5160-8860-756999fcac64	20	17
Ero distratto.	I was distracted.	58f791fd-8158-5e8c-b9fc-622884d4cb5d	14	17
Io ero distratto.	I was distracted.	6003e315-f7ef-5ff7-8218-feb7522dadc5	17	17
Ero distratta.	I was distracted.	1d1a1d0d-428e-5226-80bc-2c357aa20f50	14	17
Io ero distratta.	I was distracted.	6f47349b-833b-5a04-9252-d9164843ca2f	17	17
Ho aspettato un'ora.	I waited an hour.	09e5fa7a-d2d4-5746-b6c5-feb43890283b	20	17
Io ho aspettato un'ora.	I waited an hour.	2d3bd503-fe4d-507c-b60f-d33cc7fdba9f	23	17
Voglio un po' di aiuto.	I want some help.	7eb18f7e-fb0b-5036-8212-91c0c0246f8c	23	17
Io voglio un po' di aiuto.	I want some help.	92e1e5be-aae1-51ca-bd46-0627a5c1cbe3	26	17
Ho aspettato Tom.	I waited for Tom.	4e4b0bce-9873-58b6-a8f5-a2e733bcc8a6	17	17
Io ho aspettato Tom.	I waited for Tom.	5c204bcb-5afb-5d14-9dee-3837859d260a	20	17
Avevo 13 anni nel 2003.	I was 13 in 2003.	e274afa9-4940-5456-b030-5bcc8e0abf78	23	17
Io avevo 13 anni nel 2003.	I was 13 in 2003.	7888150e-5413-5c84-95f2-d322952894c1	26	17
Voglio cambiare.	I want to change.	ff833395-378f-5451-861f-872721541145	16	17
Io voglio cambiare.	I want to change.	700aff85-23f2-5f7a-9f68-648a0703f0f2	19	17
Voglio uscire.	I want to go out.	25e5d619-e569-58db-b0c9-24412c8007ce	14	17
Io voglio uscire.	I want to go out.	ff8e0a08-63e3-5e8d-9135-0bd43f7afd8d	17	17
Io voglio andare fuori.	I want to go out.	c7166f59-8bc2-55af-b00a-359e1a615f7c	23	17
Ero in palestra.	I was in the gym.	0a0c7888-b8c4-535d-975c-df769f6a6436	16	17
Io ero in palestra.	I was in the gym.	d120b6e6-a040-5b5b-8493-fdbbbe7e15d0	19	17
Ero in comando.	I was in command.	28580170-216b-5f34-be87-16e4c3f98778	15	17
Io ero in comando.	I was in command.	86ae237d-a4ed-5b1a-a8ee-87d5be6f347b	18	17
Ero terrorizzato.	I was frightened.	21f600fb-7b4c-5475-965b-395b69c1794e	17	17
Io ero terrorizzato.	I was frightened.	adbbb6d5-a0cd-5084-af25-7488b773c196	20	17
Ero terrorizzata.	I was frightened.	0888af74-0583-5546-88fc-9a895bd829f8	17	17
Io ero terrorizzata.	I was frightened.	193648ca-91d0-5e86-8647-68666b4e20e9	20	17
Mi stavo divertendo.	I was having fun.	9f4f0808-0100-5fb7-a793-11b9a3b240b9	20	17
Io mi stavo divertendo.	I was having fun.	ee1cf70f-e7e5-59e2-b42e-0639f490ee9a	23	17
Ero in macchina.	I was in the car.	ce31e8b7-48c2-54f5-9003-c45cf2784eff	16	17
Io ero in macchina.	I was in the car.	e575c56b-0381-53af-ad52-c60a9ca844c9	19	17
Qualcosa del genere può capitare a chiunque.	Something like this can happen to anyone.	821c6e84-0b34-5a89-af74-23f3769e5eb8	44	41
Era uno scenario sublime.	It was sublime scenery.	0987d69d-1945-5d55-afc7-4ce3e2347328	25	23
Era un paesaggio sublime.	It was sublime scenery.	134717fd-6032-56c8-b4fd-28c74f8f643b	25	23
Era una scena sublime.	It was sublime scenery.	b5f3513b-dd70-55c2-a501-355c44614536	22	23
Temevo di perdermi al buio.	I was afraid of getting lost in the dark.	11e83ab9-b6f6-5bc7-b53f-3d70c7aa0e80	27	41
Avevo paura di quello.	I was afraid of that.	bf2dab24-3396-5e8e-81be-6fffd8ca462f	22	21
Io avevo paura di quello.	I was afraid of that.	02adf49d-05ef-5765-9a31-5e3342b0a7f0	25	21
Avevo paura di quella.	I was afraid of that.	eb15a1f8-53fc-5bcb-8e4b-e1f24e1f7102	22	21
Io avevo paura di quella.	I was afraid of that.	eb813d8b-bc25-5e6e-aff9-bfd06f4ae485	25	21
Avevo paura.	I was afraid.	b78297ec-883e-53dc-ae26-69489e5fcfe7	12	13
Io avevo paura.	I was afraid.	d0c20bb7-79fc-5b85-a4d4-8792f12b9b67	15	13
Ero in pausa.	I was on a break.	d6cd2374-80e2-5ab1-bb48-92c59a7c5c0e	13	17
Io ero in pausa.	I was on a break.	93ddf53a-1a11-55d7-9eb2-4cc4dd9b6a10	16	17
Avevo troppa paura.	I was too afraid.	3f53feed-5680-52d9-9864-03a277aba464	19	17
Io avevo troppa paura.	I was too afraid.	ee7e9a54-5eea-5e33-969f-fd6f4eb79ebf	22	17
Ero così preoccupato.	I was so worried.	12f8fa9b-16e9-5027-8446-6806e8dc24bd	21	17
Ero così preoccupata.	I was so worried.	595eda9a-b1ff-5ca6-9788-e5822fcf8f6d	21	17
Ne ero sicuro.	I was sure of it.	a31fef9a-892f-5103-83fc-4f683bdbcd95	14	17
Ne ero sicura.	I was sure of it.	9a9b5713-192b-5aa0-ae3f-013fd6a31852	14	17
Ero così sicuro.	I was so certain.	7df8cb8e-4d5d-512c-adc9-766a9ec0994b	16	17
Ero così sicura.	I was so certain.	254c74e0-6a1a-598e-8904-84527b3cd914	16	17
Ero così prudente.	I was so careful.	b2520b3e-cc8d-5748-b372-5042d0a53846	18	17
Ero impreparato.	I was unprepared.	20da8c09-e6f3-587c-a763-8c6d93c9e4be	16	17
Ero impreparata.	I was unprepared.	c56e4839-eda5-5171-a970-43c98478b032	16	17
Loro da dove vengono?	Where are they from?	1f1dadf1-f57a-51fe-a78a-ead1b32d9e60	21	20
Se ne pentirà.	He will regret this.	ae6c8a27-e89c-59e0-90a3-31845be559ee	14	20
Lui se ne pentirà.	He will regret this.	8dce87e8-2f09-512d-99cf-b0f514d9dd9e	18	20
Lei se ne pentirà.	She's going to regret this.	3dce2beb-f181-5573-9c73-efb9541e84b8	18	27
Non stavo guardando.	I wasn't looking.	db420ec8-ff4c-5099-86c1-0ab4b41e1eb0	20	17
Io non stavo guardando.	I wasn't looking.	3ad35472-d33a-5380-a640-a2e371875974	23	17
Non ero serio.	I wasn't serious.	5a2e9ebb-ea07-5449-aefb-3e688e802706	14	17
Io non ero serio.	I wasn't serious.	47301490-86ba-596c-b008-7cfe6c0dbdb8	17	17
Non ero seria.	I wasn't serious.	10dac3cf-d1b1-503b-a7ad-775e42affe64	14	17
Io non ero seria.	I wasn't serious.	90b635f1-7c7d-546a-ab5f-2fe9d89780ed	17	17
Non sono serio.	I'm not serious.	1107cebd-4bc1-5e51-8012-cd7cc15ddd9c	15	16
Io non sono serio.	I'm not serious.	a0f819df-0ae5-5347-a3f0-0af679828b5b	18	16
Non sono seria.	I'm not serious.	27831f1a-2d0f-5a22-a087-9cea7ce30512	15	16
Io non sono seria.	I'm not serious.	deb4f133-5799-537c-b1b1-04cada747d74	18	16
Non ero intrappolato.	I wasn't trapped.	89e6f550-0ea6-5006-a465-5430324065f3	21	17
Io non ero intrappolato.	I wasn't trapped.	ec49cdb3-afe4-5368-af1f-4c36c0b6407a	24	17
Non ero intrappolata.	I wasn't trapped.	a5dcc72d-563b-5d80-9204-c1fd30c1538a	21	17
Io non ero intrappolata.	I wasn't trapped.	cfb24835-00f2-57da-905b-663da085257e	24	17
Non stavo fissando.	I wasn't staring.	6fd8d129-5745-58bd-bbdf-3c5e7aa467ee	19	17
Io non stavo fissando.	I wasn't staring.	655f5745-d0a6-5331-acd2-e0203e5806aa	22	17
Non stavo lavorando.	I wasn't working.	47cb045e-61e3-52a4-900d-4d4e86cd2981	20	17
Io non stavo lavorando.	I wasn't working.	45bf660a-3c5b-5855-804b-8572121f39b4	23	17
Ero giovane una volta.	I was young once.	50125caa-3369-5577-a4d9-ad7147e149d7	22	17
Io ero giovane una volta.	I was young once.	5b263aa5-f364-5cf3-bbc7-dca825971089	25	17
Non ero invitato.	I wasn't invited.	855fe4bf-7d7b-55cd-96ba-f84ae2739bb9	17	17
Io non ero invitato.	I wasn't invited.	ccae39c1-1785-5fcb-8c71-3f9abebd1c50	20	17
Non ero invitata.	I wasn't invited.	89342b45-fc1b-5576-ac69-5296af7a309c	17	17
Io non ero invitata.	I wasn't invited.	8fa09ac6-b372-5821-9b91-9623903bb666	20	17
Non stavo gridando.	I wasn't yelling.	2d6b51f2-5403-5bb7-92ab-dc2af170f827	19	17
Io non stavo gridando.	I wasn't yelling.	a4ad0604-5ccb-5cbf-ac0b-3d9c2d3d2023	22	17
Non ero preoccupato.	I wasn't worried.	f85445c1-d655-566c-9252-1eac790c96f6	20	17
Io non ero preoccupato.	I wasn't worried.	6cb6d17a-f253-560b-b456-4a16cf83b3dc	23	17
Non ero preoccupata.	I wasn't worried.	8a165c97-2b41-57cf-ae6f-c40d428970bc	20	17
Io non ero preoccupata.	I wasn't worried.	3e3ab7b6-2084-599e-8c58-3889971ccad8	23	17
Tradurrò.	I will translate.	b7af93c8-640c-5d95-b041-d5c6b68de13e	9	17
Io tradurrò.	I will translate.	6850dc2c-6bb9-5e4b-8733-2992c9d6a6ec	12	17
Non sarò da solo.	I won't be alone.	44d324bf-b849-5ac9-8749-a352c64a1996	17	17
Io non sarò da solo.	I won't be alone.	f57b1b09-4619-58df-be33-9a5efb00261f	20	17
Non sarò da sola.	I won't be alone.	71282632-3b1d-5f05-99a1-0acecf35a6a9	17	17
Io non sarò da sola.	I won't be alone.	0fcd937d-d9c8-5151-bdab-f1589478099f	20	17
Non ti aiuterò.	I won't help you.	c11fbb2e-e172-5deb-a8d6-f61c7195556f	15	17
Io non ti aiuterò.	I won't help you.	9b4ad916-14d0-5feb-a299-f1509fc61b30	18	17
Non vi aiuterò.	I won't help you.	315720e9-8ea8-57ab-8f23-a53fabbd1c04	15	17
Io non vi aiuterò.	I won't help you.	2066a7f8-fede-59cb-9e97-c42075061a1e	18	17
Non la aiuterò.	I won't help you.	48b53647-74f4-580e-9202-abdbf00d450c	15	17
Io non la aiuterò.	I won't help you.	d23ac38f-2c77-57b9-b030-9b85ec5de3a6	18	17
Non lo farei.	I wouldn't do it.	ec1585a4-9615-5918-88b1-93b49eb19945	13	17
Io non lo farei.	I wouldn't do it.	9a3d0503-437d-59d2-9ad7-69eee939588e	16	17
Non la farei.	I wouldn't do it.	7b3bb8c5-33cb-505e-8c8f-8e7eb3030b05	13	17
Io non la farei.	I wouldn't do it.	856d56b8-40ca-513b-8103-ad3f2bca1552	16	17
Avrei detto di no.	I'd have said no.	0cb036f2-7322-514b-8ec6-949ea8034f2d	18	17
Io avrei detto di no.	I'd have said no.	e1043fc0-00fc-553f-8308-4d4bce6f70a5	21	17
Vorrei un'insalata.	I'd like a salad.	7cdc48a1-90ce-522b-a8c1-38d456c17863	19	17
Io vorrei un'insalata.	I'd like a salad.	a81de3d4-58c2-5149-8fcf-a49e0c3bbd77	22	17
Mi piacerebbe un'insalata.	I'd like a salad.	f3cd9242-0fb9-5eea-b099-5647d4dc3968	26	17
A me piacerebbe un'insalata.	I'd like a salad.	81feb3db-e9db-55e1-bb60-9e971317e151	28	17
Verrò punito.	I'll be punished.	6f33205d-f30f-5fc9-9201-114e11bd8348	13	17
Io verrò punito.	I'll be punished.	745c9eca-9524-5b8c-beb7-22f1328e7668	16	17
Verrò punita.	I'll be punished.	48373cde-125d-5c6b-8ce0-2dad76424065	13	17
Io verrò punita.	I'll be punished.	7cf9b6ba-ae65-51e6-88fb-a445d86aaa4a	16	17
Guarderò.	I'll be watching.	b5bf32f2-94bf-5f6a-a9f0-79a1fee03daa	9	17
Io guarderò.	I'll be watching.	cbbace38-8c4f-542d-b86c-3044a36190a1	12	17
Ti perdonerò.	I'll forgive you.	bccaf898-8c00-5080-b248-7969fc34f676	13	17
Io ti perdonerò.	I'll forgive you.	9e16e711-f913-5f47-b5df-33d04e600a45	16	17
Vi perdonerò.	I'll forgive you.	8f7f080d-1e12-5440-95c8-7af3989bc680	13	17
Io vi perdonerò.	I'll forgive you.	daa7159a-75d2-5046-83af-7f227b574c16	16	17
La perdonerò.	I'll forgive you.	32796690-e147-5516-9e66-b220efadc784	13	17
Io la perdonerò.	I'll forgive you.	df800d2b-64ac-58d6-b8d8-ab770daf823b	16	17
Farò il resto.	I'll do the rest.	2574832d-3ffa-5642-89f0-cda659568f5d	14	17
Io farò il resto.	I'll do the rest.	f1ba3fb0-f49d-555c-a568-79f627861ee4	17	17
Lo considererò.	I'll consider it.	5b66aa3d-67c0-59ec-af44-39027cdaee34	15	17
Io lo considererò.	I'll consider it.	74b061ff-b7ea-58b9-8c9e-9e456a9c0e4b	18	17
Mi cambierò.	I'll get changed.	d052ee97-b078-5e78-b251-587bdbd7af11	12	17
Io mi cambierò.	I'll get changed.	96af8c97-9fd8-5cdf-a30f-63513a044e74	15	17
Tom compose un sonetto.	Tom composed a sonnet.	95b2bec7-72a9-5d34-8d7d-e30879108d58	23	22
Cenerò.	I'll have dinner.	847cb832-8022-5519-ab18-91967380af9a	7	17
Io cenerò.	I'll have dinner.	31e9a785-afd2-53b7-b11d-b3abff30fd98	10	17
Andrò da questa parte.	I'll go this way.	b33d1b00-c612-5732-97d3-6c17c989351d	22	17
Io andrò da questa parte.	I'll go this way.	0b77c354-98c5-5b2d-b073-c33b3ac9c53e	25	17
Andrò a trovare Tom.	I'll go find Tom.	40a25a25-b7f2-5d36-8968-df778aa691fa	20	17
Io andrò a trovare Tom.	I'll go find Tom.	c50f208d-df21-5e9e-ab8f-4cfe0314a8ce	23	17
Andrò a prenderne un po'	I'll go get some.	41a28c80-3f39-5acd-8898-32acc92ac416	24	17
Andrò a prenderli.	I'll go get them.	a1b83281-f47c-52d8-bcec-35df87a5d938	18	17
Andrò a prenderle.	I'll go get them.	24572403-9ffc-524a-b80a-71c89eb1cb33	18	17
Lo supererò.	I'll get over it.	4c043200-e7a6-5c19-a7d7-96010ff01947	12	17
La supererò.	I'll get over it.	f00cb009-d901-588e-aa43-f4ab13b824c8	12	17
Ti proteggerò.	I'll protect you.	09aa014f-3fba-52f6-b298-8115f99c4134	14	17
Io ti proteggerò.	I'll protect you.	c425972f-9571-5de7-9f8c-01764b021730	17	17
Vi proteggerò.	I'll protect you.	b6acfc35-b9d7-587f-97cb-e57af38992f9	14	17
Io vi proteggerò.	I'll protect you.	49c70722-7afb-5e60-86e2-a758d6987c00	17	17
La proteggerò.	I'll protect you.	eee1f9e6-e011-50e0-b7fe-80dd7da95a4c	14	17
Io la proteggerò.	I'll protect you.	65e8e7a5-56bc-5188-8bc3-82352eda38ed	17	17
È finalmente finito.	It's finally finished.	d7913678-2889-5dcb-9210-6b3049fa15db	20	22
È finalmente finita.	It's finally finished.	aad4e69d-71e4-5b12-987e-70dfedce8523	20	22
Rimpiazzerò Tom.	I'll replace Tom.	1fe02ad4-8d88-58e4-8654-7da272a26736	16	17
Io rimpiazzerò Tom.	I'll replace Tom.	643e7a0b-a74b-5fe1-8f8f-872db4107205	19	17
Non partirò mai.	I'll never leave.	00023af6-145d-54d3-abec-33b3938f4c4f	16	17
Io non partirò mai.	I'll never leave.	d4e9cdbb-2466-5869-b48a-a2510641f7b1	19	17
Non imparerò mai.	I'll never learn.	52781dfc-b083-545e-b95a-059f15b88893	17	17
Io non imparerò mai.	I'll never learn.	b1c34a2f-6f8e-5dde-a597-0574e323f5db	20	17
Perderò peso.	I'll lose weight.	2b4db351-0eb4-5892-bbe7-f3c4a3504f5e	13	17
Io perderò peso.	I'll lose weight.	e0b6fa22-d0a2-5d71-890d-cfa58a8f820e	16	17
Mi guarderò attorno.	I'll look around.	168f1127-6b43-5bca-b7d5-acb376740e10	20	17
Io mi guarderò attorno.	I'll look around.	8e148afc-6c90-51a9-85a3-ad36b8bfcd50	23	17
Ci sono frequentemente dei terremoti in Giappone.	There are frequently earthquakes in Japan.	e9259b2e-2cb4-5bb3-9501-9b258ba72385	49	42
Sono un fumettista.	I'm a cartoonist.	c219580f-f406-5000-a512-2f6bd8eec69f	19	17
Io sono un fumettista.	I'm a cartoonist.	363f02b3-7a98-57e8-91ed-97d9622aee5d	22	17
Sono una fumettista.	I'm a cartoonist.	df713402-bf87-50d6-bae8-cb127620fc89	20	17
Io sono una fumettista.	I'm a cartoonist.	eff07488-48fc-5df2-a0cb-c29f2b2ae643	23	17
Sono un disegnatore.	I'm a cartoonist.	c623f56f-4f60-5c9f-a42e-229704a7fb4c	20	17
Io sono un disegnatore.	I'm a cartoonist.	e4e17f04-e6b3-584b-83b1-42cbe9a47d9b	23	17
Sono una disegnatrice.	I'm a cartoonist.	b3658786-9cf7-5406-b489-c1fab825ad8e	22	17
Io sono una disegnatrice.	I'm a cartoonist.	5395d060-cf52-55b9-ad29-3873e71a8ca6	25	17
Non ci sono cure per il carattere.	There is no cure for personality.	4e1ce719-2996-525e-a656-d762de4f1b43	34	33
Non ci sono cure per la personalità.	There is no cure for personality.	80404645-6eb0-55a4-b8eb-2cb67e166a61	36	33
Non ci sono cure per il temperamento.	There is no cure for personality.	8e65a3b3-d2ce-588a-92e8-2358470e3df5	37	33
Non c'è alcuna cura per il carattere.	There is no cure for personality.	a58d2a39-53bc-5f73-946d-59cb73bb8339	37	33
Non c'è alcuna cura per il temperamento.	There is no cure for personality.	5af194fc-f204-501f-ba46-9ded3bcd2b86	40	33
Non c'è alcuna cura per la personalità.	There is no cure for personality.	871b6bea-9cf0-5794-84c4-59526545309f	39	33
Sono onesto.	I'm being honest.	1afadffe-5b93-56f3-92ea-ec79bf323152	12	17
Io sono onesto.	I'm being honest.	1d3f06df-e9b8-5b51-923e-609acef43183	15	17
Sono onesta.	I'm being honest.	cd0550f8-0ad5-5257-952a-0eafbd1f3716	12	17
Io sono onesta.	I'm being honest.	3747c497-c93c-5860-ad8d-a2245ad67d21	15	17
Sono un assistente.	I'm an assistant.	7a11c1e2-764e-5a81-8fa0-2d92f9f77041	19	17
Io sono un assistente.	I'm an assistant.	648643a6-0a51-5512-88ed-9fbb03baae8b	22	17
Sono un'assistente.	I'm an assistant.	d1fb8c2c-13f5-5eac-8b1b-826131a373a9	19	17
Io sono un'assistente.	I'm an assistant.	f535fe21-3613-5f6e-90ef-54158fd3fa7c	22	17
Sono un alcolizzato.	I'm an alcoholic.	f0e2a64d-af25-52cd-85f1-245cd189dfbb	20	17
Io sono un alcolizzato.	I'm an alcoholic.	9d729540-9a88-57da-9ab5-06436d68e9a6	23	17
Sono un'alcolizzata.	I'm an alcoholic.	56af1aaa-0188-5440-bffb-a8f208694d7b	20	17
Io sono un'alcolizzata.	I'm an alcoholic.	b149c258-ea58-5def-be71-c0af6a565f91	23	17
Sono sempre felice.	I'm always happy.	f6c393a6-b933-5462-a62a-e82c92c63c9b	19	17
Io sono sempre felice.	I'm always happy.	002e692e-4e23-5e46-bf5b-a9cb4a1e96b0	22	17
Sono quasi al verde.	I'm almost broke.	13024c99-92c3-5984-a0ed-26b7195cfd62	20	17
Io sono quasi al verde.	I'm almost broke.	085b73ba-5b94-5920-8ed3-b04c0801dabc	23	17
Sono un contabile.	I'm a bookkeeper.	2e5958dc-3ec2-5bde-8ff1-462179de2eda	18	17
Io sono un contabile.	I'm a bookkeeper.	e56bef69-75f1-56ad-9396-ad5fef7c6398	21	17
Sono serissimo.	I'm dead serious.	eb19979c-61d2-5660-8362-539978bf890b	15	17
Io sono serissimo.	I'm dead serious.	5c44f0c6-49db-5ec4-9883-c11336d4cf78	18	17
Sono serissima.	I'm dead serious.	36f414a0-7231-580d-b611-6fb1fbc8b8ab	15	17
Io sono serissima.	I'm dead serious.	fc6ef62e-a86b-52ce-95f6-991b55083ce1	18	17
Sono disorganizzato.	I'm disorganized.	30867fb9-08e5-5ecd-81c3-534d4df81d15	20	17
Io sono disorganizzato.	I'm disorganized.	d26480d3-cd44-5ef8-98e3-b34d0b015cd8	23	17
Sono disorganizzata.	I'm disorganized.	24cb1ea3-6730-582e-8c23-b1fca523ed51	20	17
Io sono disorganizzata.	I'm disorganized.	cb121b40-95a4-5976-a18d-766071271407	23	17
Verrò presto.	I'm coming early.	c4a559cf-7247-5232-a3ee-facd9bb33c0b	13	17
Io verrò presto.	I'm coming early.	ede144f8-0009-5030-b6fd-7aea3fda8c65	16	17
Mi sento triste.	I'm feeling down.	b3d2c404-caeb-5296-ad7d-9572465620c3	16	17
Io mi sento triste.	I'm feeling down.	5f1dad79-6f9c-5fb6-ab04-91cbc9df52a8	19	17
Mi annoio facilmente.	I'm easily bored.	2ad44334-2044-5434-85ac-25bda04b9b49	21	17
Io mi annoio facilmente.	I'm easily bored.	b3ffbcd0-0a02-5979-b458-8b550c68606d	24	17
Ho finito di lavorare.	I'm done working.	8133e0ea-9691-5ee1-af51-6fcff33a1b49	22	17
Io ho finito di lavorare.	I'm done working.	9f824b91-7894-5a1d-a3e9-a6ae1d450b6a	25	17
Ho finito ora.	I'm finished now.	c0ac931b-9bf7-56ef-89a3-b4ba0d973124	14	17
Ho finito adesso.	I'm finished now.	3bb025da-6dde-5db2-9e65-9a145bc495db	17	17
Sono entusiasta.	I'm enthusiastic.	7ce1761b-4d4e-5365-a6f9-0eaa51da2952	16	17
Io sono entusiasta.	I'm enthusiastic.	5ad0aedd-eacd-5e96-95b5-adaac61a8b2f	19	17
Sto salendo a bordo.	I'm going aboard.	ef74f721-f93e-5ba3-8cc6-8752f09d4610	20	17
Io sto salendo a bordo.	I'm going aboard.	7b1fe900-c108-5938-afdc-49be28ed2c4f	23	17
Sto andando dentro.	I'm going inside.	07829aeb-6aaf-56e2-a503-17f167caae5e	19	17
Io sto andando dentro.	I'm going inside.	88ce7519-7137-5580-b27b-cc0f888f0bb6	22	17
Prendi fiato.	Catch your breath.	548c7e4a-722f-56d6-acbd-d6bf5840ede9	13	18
Prenda fiato.	Catch your breath.	5a1c00e0-1e1f-5d61-99f7-e4be6db883f8	13	18
Prendete fiato.	Catch your breath.	3380cd34-5e81-50a8-8b06-5437ba364000	15	18
Chiama tuo fratello.	Call your brother.	4e89db67-9bd4-54e2-8ad7-88b4c9b45e8a	20	18
Chiamate vostro fratello.	Call your brother.	a8cf3817-47f9-509f-bd82-51670cc65eca	25	18
Chiami suo fratello.	Call your brother.	7be55b97-292a-59e5-815f-30bb6d519acc	20	18
Tom si è arreso?	Did Tom surrender?	8dde41e0-c855-5f4a-b5a9-e7b1428daa91	16	18
Volevi questo?	Did you want this?	e6bfb5ad-5f59-505e-9912-d4fb6c7269d9	14	18
Tu volevi questo?	Did you want this?	94fbd9fb-48af-57bb-8d54-776b36f0ef08	17	18
Voleva questo?	Did you want this?	f9b49962-ca3d-562f-a4e2-be51c88b0ee3	14	18
Lei voleva questo?	Did you want this?	e7ff4a6b-e836-531b-b60c-23826037d40a	18	18
Volevate questo?	Did you want this?	453dd369-106b-5bd3-b683-1855c8a51f77	16	18
Voi volevate questo?	Did you want this?	da5d39c0-e3f6-5729-928b-bdfa5d2f9d9b	20	18
Giochi a scacchi?	Do you play chess?	8ff6dc66-11e7-5bc0-81f7-6041b154a798	17	18
Tu giochi a scacchi?	Do you play chess?	f0183d69-a35d-59f9-a185-1e482d078d7d	20	18
Gioca a scacchi?	Do you play chess?	d9ace26e-ade5-5bde-b4b5-1e2c21a78ac8	16	18
Lei gioca a scacchi?	Do you play chess?	3934ab69-7fcc-5f80-bb31-11ebac53caa3	20	18
Giocate a scacchi?	Do you play chess?	b2dc2ebf-1e29-5773-b42b-c39dd518a8fd	18	18
Voi giocate a scacchi?	Do you play chess?	7841ebfc-54df-5bb9-a375-b4b380851bab	22	18
Tom ha dormito troppo?	Did Tom oversleep?	63260158-3d34-527f-9e94-e47bbbbf7a98	22	18
Vuoi un taxi?	Do you want a cab?	6f4cbbb7-a197-56f1-875e-79d90a40b475	13	18
Vuole un taxi?	Do you want a cab?	46608d45-ed6e-56a4-aaaa-898723754ea3	14	18
Volete un taxi?	Do you want a cab?	5ed0fa73-8110-5b68-828c-b099451d3045	15	18
Sarò il tuo incubo peggiore.	I'll be your worst nightmare.	f6a1a67a-1df9-5900-83d3-e10a5335a4c0	28	29
Io sarò il tuo incubo peggiore.	I'll be your worst nightmare.	b08b9f9a-8559-52b6-b310-6efb8a01dffb	31	29
Sarò il suo incubo peggiore.	I'll be your worst nightmare.	aee26fbf-a51a-5d08-a7b3-90f24adbcefe	28	29
Io sarò il suo incubo peggiore.	I'll be your worst nightmare.	edc9313f-a1e6-5d0a-96dc-bff7e1c9c9bc	31	29
Sarò il vostro incubo peggiore.	I'll be your worst nightmare.	f9598b9f-fba4-58d6-adfe-7a5831a40f57	31	29
Io sarò il vostro incubo peggiore.	I'll be your worst nightmare.	95f04e03-40b9-5bed-91db-fdcabc1b31b8	34	29
Mia sorella è un genio!	My sister is a genius!	b4a44cc6-8b85-5f15-bf44-7c50fa0d6930	23	22
La ricordo questa musica.	I remember this music.	1277c559-ff76-5acd-8db1-335429dbc16c	25	22
Io la ricordo questa musica.	I remember this music.	72807bef-6b2d-508a-972e-79c215459ea4	28	22
Sei molto gentile.	You're very nice.	1ba2b653-9470-5a92-905d-1c900ef970e6	18	17
Tu sei molto gentile.	You're very nice.	0a8d98cf-f801-55d6-baa5-b449e0e9bbfd	21	17
Lei è molto gentile.	You're very nice.	8c4e13b9-987f-5ee6-bb56-04f7504b6af6	20	17
Siete molto gentili.	You're very nice.	76c4426e-b9be-5957-84be-99dc381e5f1a	20	17
Voi siete molto gentili.	You're very nice.	21ca4807-714c-51a8-84e2-ab17442f19cb	24	17
Felice di aiutarti!	Happy to help you!	e6563f7d-a998-57dc-a4b2-5acf6fc54d7f	19	18
Felice di aiutarvi!	Happy to help you!	fbb4e490-b52c-525a-af43-ffa8a049f209	19	18
Felice di aiutarla!	Happy to help you!	7f323c2c-0f1a-5ae5-8a62-8c27c4b63904	19	18
Richiamerò tra venti minuti.	I'll call back in twenty minutes.	64f0a9b3-5c2a-5f3a-8a23-fb6722c02000	28	33
Tra i due litiganti il terzo gode.	Two argue, and a third benefits.	722a90e1-253e-597f-86c9-881e07a43daa	34	32
Fra i due litiganti il terzo gode.	Two argue, and a third benefits.	898a5eaf-1190-5807-96ae-d694a64603da	34	32
Perché ti sei arruolato nell'Esercito?	Why did you join the Army?	14a0527e-ea7c-59a7-adb4-15969e45a03f	38	26
Perché ti sei arruolata nell'Esercito?	Why did you join the Army?	f426cdac-a57c-599b-9a4a-709218e9f7d4	38	26
Perché si è arruolato nell'Esercito?	Why did you join the Army?	3041abc8-a365-5c7f-be88-2420c90e62c5	36	26
Perché si è arruolata nell'Esercito?	Why did you join the Army?	37662091-dd2a-56df-8bd6-8bbe1bb8979c	36	26
Perché vi siete arruolati nell'Esercito?	Why did you join the Army?	a43938a4-dad9-5de2-a1fd-fe1110976e7f	40	26
Perché vi siete arruolate nell'Esercito?	Why did you join the Army?	508e2bf1-69ac-53b3-9307-e6e1839dca09	40	26
Nella casa dei demoni, Ravana è Dio.	In the home of demons, Ravana is God.	3b9ccf9e-a327-50e2-919e-55ddf9cca88f	36	37
Non andrò.	I'm not going.	510df295-d81a-5087-995c-365e64f0fd21	10	14
Io non andrò.	I'm not going.	6224aae4-3fea-51f7-a96b-7b7e451c48ec	13	14
Parla per te.	Speak for yourself.	e2e87908-e90a-5961-9943-17eeef7bc1ce	13	19
Parli per lei.	Speak for yourself.	4dae1e0a-e7e9-5370-a8eb-fd92df0fb4ab	14	19
Goccia dopo goccia, il lago si riempie.	Drop by drop, the lake fills.	c8909d8d-f881-5d0b-b17a-c11eb8e59d84	39	29
Non sposarti.	Don't get married.	e587f2a3-6dca-5fd2-b7ab-93737dc872bf	13	18
Non sposatevi.	Don't get married.	438b3e82-7c01-527a-81d4-2c9c0792f30a	14	18
Non si sposi.	Don't get married.	647502e4-7a4b-53df-8afa-31889e0bb80b	13	18
Non chiamare nessuno.	Don't call anyone.	40e8904e-ec43-557b-a4e5-56fc66c68ca0	21	18
Non chiamate nessuno.	Don't call anyone.	638b8408-7a46-5b72-8c68-d15ac290af74	21	18
Non chiami nessuno.	Don't call anyone.	0243fd77-fad2-5236-9227-214282f3753f	19	18
Non cambiare mai.	Don't ever change.	d6372d8f-b72a-5e75-9b09-108052cddecb	17	18
Non cambiate mai.	Don't ever change.	3a1086d5-ef34-5d5a-a38a-010aea2922bb	17	18
Non cambi mai.	Don't ever change.	8b579ef6-7eb6-5df7-81a1-f1e450ec381a	14	18
Non dimenticare questo.	Don't forget this.	1d9c62a7-4b51-54a1-9338-4c11e6ac3c11	23	18
Non dimenticate questo.	Don't forget this.	c39e1936-5ce5-5eb5-9bef-79386f844db5	23	18
Non dimentichi questo.	Don't forget this.	ac77f800-c9b3-504d-89f2-a08a90c79618	22	18
Non dimenticare questa.	Don't forget this.	57ac8901-a0d6-5c03-9dcf-38f613149cad	23	18
Non dimenticate questa.	Don't forget this.	ec3b7c56-2956-591f-ae44-6119fe99111f	23	18
Non dimentichi questa.	Don't forget this.	a5105258-9a21-5c1e-ac7f-59eb7ef7e261	22	18
Non essere patetico.	Don't be pathetic.	31c9a4e2-e2cf-5fae-841c-2ff1263ee608	20	18
Non essere patetica.	Don't be pathetic.	f9e64df8-87c7-50d0-a7f1-7f1b2941b3c2	20	18
Non sia patetico.	Don't be pathetic.	c3c8d9dd-7426-574d-980e-be14485d3219	17	18
Non sia patetica.	Don't be pathetic.	9b946dcf-e3cc-59b3-94f8-39a5be4cd1fa	17	18
Non siate patetici.	Don't be pathetic.	20ac119b-3378-50f0-99fe-de5ef774fbfd	19	18
Non siate patetiche.	Don't be pathetic.	59cbc251-c3ac-576c-9d28-ed955d42c1d9	20	18
Non essere paranoico.	Don't be paranoid.	2a6128c6-95d7-5d6c-86b8-04d84097945f	21	18
Non essere paranoica.	Don't be paranoid.	660c72f7-00e9-5bad-acb4-d8bc19853b2f	21	18
Non sia paranoico.	Don't be paranoid.	9e2117f2-ab6f-5ac8-be80-15337f8cd784	18	18
Non sia paranoica.	Don't be paranoid.	3495a0f8-c0f4-540b-a0b1-2cf9bfd9fb87	18	18
Non siate paranoici.	Don't be paranoid.	160375a4-91a1-5381-994f-49a94f5467a1	20	18
Non siate paranoiche.	Don't be paranoid.	ab7cb6e5-c3d1-5149-9694-0ee70b3f9feb	21	18
Tutti conoscevano Tom.	Everyone knew Tom.	1213415c-9606-56af-916c-d4dc0ce38f4a	22	18
Non andare da nessuna parte.	Don't go anywhere.	3c8ea26b-a66a-506a-998b-f6c3dd9da326	28	18
Non andate da nessuna parte.	Don't go anywhere.	9bb81c00-472a-5aef-9ff8-d7d308c7e72b	28	18
Non vada da nessuna parte.	Don't go anywhere.	e34e5341-ad0b-54e8-89d2-8ca2e3896487	26	18
Ho un orario flessibile.	I have a flexible schedule.	2f3e087f-7234-5a0f-88a9-4302e6496b9f	24	27
Io ho un orario flessibile.	I have a flexible schedule.	4d5dc076-2463-530c-a090-5c9ca03eda0a	27	27
Fai uscire tutti.	Get everybody out.	1ceda300-5ca7-57a2-897f-78d165c82009	17	18
Fate uscire tutti.	Get everybody out.	38443a9b-4b9e-520b-a4af-54e4ad737952	18	18
Faccia uscire tutti.	Get everybody out.	13c25844-cd55-57e1-bbbe-b64f3b3f099f	20	18
Felice anniversario!	Happy anniversary!	620b5183-18e4-5606-9187-54c2d75b749d	20	18
È ancora lì?	Is she still there?	c9d55acd-2d6d-5379-82ed-53b8cda52907	12	19
Lei è ancora lì?	Is she still there?	14854caf-af10-5f93-8f43-c5004b3a6404	16	19
Lui è ancora lì?	Is he still there?	469ecdca-c136-5df1-b502-938184bc3312	16	18
Non dirlo al mio fidanzato.	Don't tell my boyfriend.	50e70de1-ee26-59ef-a94d-4aa68fc93650	27	24
Non dirlo al mio ragazzo.	Don't tell my boyfriend.	324bcb6b-811e-5d94-92fb-2acae38a5b41	25	24
Non dirlo al mio moroso.	Don't tell my boyfriend.	c408513b-dc61-533c-819d-5fdfb4049a2f	24	24
Non ditelo al mio fidanzato.	Don't tell my boyfriend.	00261a33-fb4d-5b68-94bd-0b9133ff7cc5	28	24
Non ditelo al mio ragazzo.	Don't tell my boyfriend.	9cfa2da6-a2cc-5b50-9147-3fb4b94dd923	26	24
Non ditelo al mio moroso.	Don't tell my boyfriend.	dd9f92dd-4896-554e-9d34-8da8d6b0211a	25	24
Non lo dica al mio ragazzo.	Don't tell my boyfriend.	fdaa9d1f-325d-51cb-9099-e51b709f2c6c	27	24
Non lo dica al mio fidanzato.	Don't tell my boyfriend.	1baac6b4-3c56-58e0-a862-ee04aec9dff1	29	24
Non lo dica al mio moroso.	Don't tell my boyfriend.	d010c8e9-748a-5399-bbaf-7892a5d65b56	26	24
Sono arrivato a Narita l'altro ieri.	I arrived at Narita the day before yesterday.	4f510522-e350-5bfd-a05d-cf8d43f8ae0d	36	45
Io sono arrivato a Narita l'altro ieri.	I arrived at Narita the day before yesterday.	8fe9fbbc-f85c-514f-ac55-972132f06352	39	45
Sono arrivata a Narita l'altro ieri.	I arrived at Narita the day before yesterday.	5afaa89e-425a-5c6b-9a5f-f44f7bb2ee5a	36	45
Io sono arrivata a Narita l'altro ieri.	I arrived at Narita the day before yesterday.	f0cf7bbd-39cd-5830-ab62-b65241c7da3d	39	45
Camminavano fianco a fianco.	They walked side by side.	d6b3b9a8-302e-547d-9f93-20e145528e2f	28	25
Loro camminavano fianco a fianco.	They walked side by side.	d12074a4-149c-5e46-b9a5-22e89bc0a88f	33	25
Passeggiavano fianco a fianco.	They walked side by side.	a3574c0d-1ba5-525f-b581-14f93ea83503	30	25
Lui passeggiavano fianco a fianco.	They walked side by side.	b154f694-469c-51e1-9a57-c615ced39db0	34	25
Il poeta vede ciò che il sole non vede.	The poet sees what the sun does not.	d699fe58-1abd-5699-9c8f-26cd2ba09355	39	36
Ora che sono un insegnante, la penso diversamente.	Now I am a teacher, I think otherwise.	f6290a35-b393-5800-be34-915f590321fe	50	38
Ora che sono un'insegnante, la penso diversamente.	Now I am a teacher, I think otherwise.	d0455bff-feea-5d97-813c-216396ec618d	50	38
Il bambino ha un caso di varicella.	The child has a case of chicken pox.	695beee8-4fec-5771-b807-85543b0b9e04	35	36
La bambina ha un caso di varicella.	The child has a case of chicken pox.	c94bce4f-5c64-5224-bcfe-202e1f4de59a	35	36
La varicella è una malattia comune tra i bambini.	Chicken pox is a common sickness in children.	548db625-b001-5411-b422-30989c4eb463	49	45
Dove c'è un ago c'è un filo.	Where there's a needle, there's a thread.	57f27ad1-ff4f-5ad9-8014-e94b71e68217	28	41
Siamo preoccupati per te.	We are worried about you.	e990c904-8d95-57cc-9c57-68e11e1abbd3	25	25
Noi siamo preoccupati per te.	We are worried about you.	41058300-aa24-56ba-af64-2f2378e66b09	29	25
Siamo preoccupati per voi.	We are worried about you.	18d917d3-b985-50e5-91e2-0bac81831789	26	25
Noi siamo preoccupati per voi.	We are worried about you.	fcb223e6-08ad-5b27-86e1-e7490a58584d	30	25
Siamo preoccupati per lei.	We are worried about you.	c5c589b5-9da6-597a-915c-559d8dbaa1a4	26	25
Noi siamo preoccupati per lei.	We are worried about you.	294692a5-845e-55b1-b3ab-b1c39be8d7c3	30	25
Siamo preoccupate per lei.	We are worried about you.	5b578a4e-9491-5d26-87c1-0c2ff3045dd3	26	25
Noi siamo preoccupate per lei.	We are worried about you.	3d547326-0403-5abf-8184-37829d30f456	30	25
Siamo preoccupate per voi.	We are worried about you.	087e4b67-67ea-5db4-af57-e0905947f7c4	26	25
Noi siamo preoccupate per voi.	We are worried about you.	d21a9ca9-d5cc-5d07-957e-81f82d31bfd7	30	25
Siamo preoccupate per te.	We are worried about you.	6de3d72c-e0c9-59c6-b358-959c5bd2819a	25	25
Noi siamo preoccupate per te.	We are worried about you.	297d7028-e57d-5c53-bfa6-09023dd6ab48	29	25
Potete andare, se volete.	You can go if you want.	f0964100-40f6-513d-bd59-7127cc0eb599	25	23
Dov'è l'aeroporto?	Where's the airport?	7b9298ed-6145-58cc-b161-5bb223d3e858	18	20
Ho controllato fuori.	I checked outside.	e2dc52af-17e0-5ac7-a394-77eafc01d77d	21	18
Io ho controllato fuori.	I checked outside.	186d0f96-b509-59a5-9d8e-19e8ef7189a3	24	18
Ecco il tuo drink.	Here's your drink.	72daadb0-e7da-55ea-99bb-f14dee801444	18	18
Mi scuso ancora.	I apologize again.	59707540-79fe-5255-9f64-e75d0fd09550	16	18
Mi scuso di nuovo.	I apologize again.	4eade97d-6e58-510b-9721-fe4fa42ddff4	18	18
Ho già controllato.	I already checked.	ce8af796-fcb7-5a1d-bd79-cf583411a789	19	18
Semplicemente voglio andare.	I just want to go.	495c48ef-83bd-5668-9fa3-7159a983ce93	28	18
Semplicemente io voglio andare.	I just want to go.	15142af1-f1a0-5926-afce-1a5209a7ac91	31	18
Non si può applaudire con una sola mano.	You can't clap with just one hand.	1603225c-e0b4-5399-93e8-5c03e5dc0e1a	40	34
Stavo tossendo.	I was coughing.	a2396bd9-01ab-5560-b2ac-92dc8ea19128	15	15
Io stavo tossendo.	I was coughing.	5e9818d6-261f-5138-8500-e040803175c3	18	15
Parla italiano! io non capisco il tedesco.	Speak Italian! I can't understand German.	1d328963-5be9-5409-a426-75c511b57848	42	41
Non ci serve altro!	We don't need anything else!	c73f36f5-ef28-59b9-8c9c-a65dd04a68a8	19	28
Rappresentavo il mio paese.	I represented my country.	406027b2-ebed-52a7-b932-f3a00b50ac1c	27	25
Io rappresentavo il mio paese.	I represented my country.	2be9a6c2-5074-51f8-8683-61810446b776	30	25
Potevo intervenire.	I could intervene.	4b8f595c-2968-5d58-8e1d-f4965a75a159	19	18
Io potevo intervenire.	I could intervene.	4ceb9b50-be6d-5b73-a3e1-7e442553c087	22	18
Quest'uomo è tuo amico, ricordi?	This man is your friend, remember?	d0b46900-4057-5d85-aa5c-88b3551eab83	32	34
Quest'uomo è suo amico, ricorda?	This man is your friend, remember?	5e00fbe5-dbb9-58d4-b703-a2c63687a751	32	34
Quest'uomo è vostro amico, ricordate?	This man is your friend, remember?	aad2531f-fa72-5ca1-9811-8cae2210756b	37	34
Quest'uomo è tuo amico?	Is this man your friend?	51be3954-7b01-5925-af87-1282735b77d5	23	24
Quest'uomo è suo amico?	Is this man your friend?	e23ca351-0702-5bf5-b533-5fe8f9fc1c63	23	24
Quest'uomo è vostro amico?	Is this man your friend?	9b5840f3-ecc0-599c-8bec-193c870ed045	26	24
Stava diventando sempre più forte.	It was getting louder and louder.	a5e393e3-5e07-576f-926e-464e21c536e7	34	33
Dov'è il tuo berretto?	Where is your cap?	6cce71e0-9046-55f8-a509-930b4f6cb895	22	18
Quest'uomo potrebbe essere tuo amico?	Might this man be your friend?	e0f9b5a0-9391-5346-875a-cb0601e8bcf2	37	30
Quest'uomo potrebbe essere suo amico?	Might this man be your friend?	a521921c-c98b-5f5d-9856-40b23e6b71c2	37	30
Quest'uomo potrebbe essere vostro amico?	Might this man be your friend?	69a3df49-b4ec-548c-b533-b256c5f2cad1	40	30
Quest'uomo è tuo amico, giusto?	This man is your friend, right?	3d1e2953-faa4-5a28-9bd5-b4dcde1943e9	31	31
Quest'uomo è suo amico, giusto?	This man is your friend, right?	978cda85-eb8c-5d54-a79a-d60e71405a37	31	31
Quest'uomo è vostro amico, giusto?	This man is your friend, right?	17a27255-0005-5bd3-ba2e-7a04fb9164dc	34	31
Quest'uomo è tuo amico.	This man is your friend.	ca4fa3de-6419-5c12-9c4b-5928440eb849	23	24
Quest'uomo è suo amico.	This man is your friend.	b7998cc9-afe6-54ad-b20a-438cd3258a24	23	24
Quest'uomo è vostro amico.	This man is your friend.	a5d3835b-a658-57f8-96ff-e7856d0e1352	26	24
Quindi quest'uomo è tuo amico?	So is this man your friend?	767aae98-aa49-5e8b-8539-fab0568412bd	30	27
Quindi quest'uomo è suo amico?	So is this man your friend?	1e462593-d78f-5104-8a60-2e429fbdf20d	30	27
Quindi quest'uomo è vostro amico?	So is this man your friend?	3fab93d9-8779-5f98-bc34-fbe00eca7a69	33	27
Il sole ha seccato il terreno.	The sun has dried up the ground.	034d0e4c-21e4-5df1-a930-c931b358dc53	30	32
Non li voglio.	I don't want them.	76db18de-8933-5c78-845e-976efa923cb5	14	18
Io non li voglio.	I don't want them.	8e2eb63b-e046-5358-8277-c1dfad3bb03f	17	18
Non le voglio.	I don't want them.	f14e68d6-b389-5f7b-ae9f-1888012cbaeb	14	18
Io non le voglio.	I don't want them.	b16e0d8b-686a-5d2f-b4d5-d3a016e4908a	17	18
Essere grasso è un problema serio per me.	Being fat is a serious problem for me.	73779e0b-d01c-577f-babd-475f95b45b9e	41	38
Essere grassa è un problema serio per me.	Being fat is a serious problem for me.	59bb7150-4781-5035-ad20-49610495a208	41	38
Essere grassi è un problema serio per me.	Being fat is a serious problem for me.	5915d8c5-a481-5191-ac35-d627c8e155b5	41	38
Essere grasse è un problema serio per me.	Being fat is a serious problem for me.	35611297-97ba-5cf3-bb04-185ea5a9dfba	41	38
Lo sapevo che eri tu.	I knew it was you.	62ffe400-eaca-5967-8835-d1f190967210	21	18
Lo sapevo che era lei.	I knew it was you.	faac5fd8-f214-568d-af47-aa3d4d306e20	22	18
Lo sapevo che eravate voi.	I knew it was you.	20623e49-ca4c-57c4-b7c3-690fd2a63b44	26	18
Lo sapevo che era Tom.	I knew it was Tom.	530f6946-f38d-55b8-990e-0f667e289ea0	22	18
Conosco quel posto.	I know that place.	40ad4239-cfee-5ad8-ad12-1de0e59342a6	19	18
Io conosco quel posto.	I know that place.	49707690-ce77-5b4e-b4b2-f30be18ddb48	22	18
Lo conosco quel posto.	I know that place.	c17c8a87-d157-57df-944f-467af1bb9dd5	22	18
Io lo conosco quel posto.	I know that place.	54efb337-0aa8-5e7c-bfd4-7b34bea0dd29	25	18
Andrò in Grecia.	I'll go to Greece.	9ce98d74-feee-502f-ad50-b262ec38d3cf	16	18
Frank Sinatra era un cantante americano.	Frank Sinatra was an American singer.	c549b750-afe0-5d1f-a1e6-d02cd0fbc06e	40	37
Frank Zappa era un musicista americano.	Frank Zappa was an American musician.	1fa06983-10b0-5130-87de-706ecf14e41d	39	37
Io andrò in Grecia.	I'll go to Greece.	e59f555e-bfc9-58b1-b5da-cb62d8aea6bc	19	18
Tom ha compiuto un pellegrinaggio.	Tom made a pilgrimage.	8b565dda-5b91-5505-abe9-23c8ff3c4922	34	22
Dov'è l'albergo?	Where is the hotel?	b7248bc2-771f-5b3b-aca4-4984b4bec937	16	19
So la risposta.	I know the answer.	d1f11ebc-c03d-5222-8669-eefe80a308bd	15	18
Io so la risposta.	I know the answer.	e7ebcfcf-d084-5a82-a4ac-c175e2e5d205	18	18
Conosco quella voce.	I know that voice.	efb73e03-691b-544d-b989-121f8fd025be	20	18
Io conosco quella voce.	I know that voice.	195d636b-889e-5035-890e-addd4561b03f	23	18
Conosco quel suono.	I know that sound.	32025029-b085-56d2-b487-b8838e606bd4	19	18
Io conosco quel suono.	I know that sound.	7244557a-9057-56fa-a4c4-4b00918fcfa2	22	18
Non è giusto?	Isn't that right?	b8c3523d-269b-599c-bc50-c30defc2a447	13	17
Non è giusta?	Isn't that right?	77ace35f-8a74-5cb0-a511-0c3b0e6c1739	13	17
Non è corretto?	Isn't that right?	772740b9-1a92-5602-80d0-0fc73caf22c0	15	17
Non è corretta?	Isn't that right?	1ae8c342-4619-5ca5-8fab-5cc0868d067f	15	17
C'è uno scandalo su di lui.	There is a scandal about him.	10677f21-d7b7-5e6b-81f0-c394620b1f44	27	29
Non ci siamo divertiti molto.	We didn't have much fun.	28ca0d61-ff8c-5320-9fe4-f548b029204f	29	24
Noi non ci siamo divertiti molto.	We didn't have much fun.	65706fbb-ac5e-5fbc-86b8-207e5bf4c23d	33	24
Non ci siamo divertite molto.	We didn't have much fun.	72db49c8-1f24-5f19-b0ea-b79bd34809b4	29	24
Noi non ci siamo divertite molto.	We didn't have much fun.	8b84347b-5013-5695-b991-0f2bc5267dd8	33	24
Non sono sicura di seguire quello che sta dicendo.	I'm not sure I follow what you're saying.	3dc11ddd-b6ca-58ee-ad15-5a3a28b088b8	50	41
Non sono sicuro di seguire quello che sta dicendo.	I'm not sure I follow what you're saying.	04e4e6aa-7258-5997-8544-e6501e5c4b26	50	41
Dimmi di chi è questo cappello.	Tell me whose hat this is.	d16b98a8-4b9f-50d6-aebe-2d7b9dc21be3	31	26
Ditemi di chi è questo cappello.	Tell me whose hat this is.	f13abf1f-7048-5afe-9a6c-f1f7ade51ed1	32	26
Mi dica di chi è questo cappello.	Tell me whose hat this is.	fbc858c3-750b-51e0-9ebb-65f400bcfc65	33	26
Eri giovane.	You were young.	cd0db2f5-b62d-5747-a635-b5714ae809a2	12	15
Tu eri giovane.	You were young.	d9f7d4b6-552c-5b1a-a934-92450229753c	15	15
Eravamo giovani.	We were young.	1e2ee39b-eb78-53fc-a3bc-1d52e9214769	16	14
Noi eravamo giovani.	We were young.	078be824-9e0d-53fd-bcc3-a2ab5f50b4b0	20	14
Ero gelosa.	I was jealous.	a1fdda6c-8b85-5659-af1c-fde9ee3c4b69	11	14
Io ero gelosa.	I was jealous.	70105e32-ca3e-5a19-a032-3bd033a1d373	14	14
Ero geloso.	I was jealous.	20764d1d-1e8b-5d0d-b359-35eaa125810b	11	14
Io ero geloso.	I was jealous.	52af1296-a81c-5165-8555-05b03990e729	14	14
Io ero geloso di mio fratello.	I was jealous of my brother.	47e13822-d398-5131-a96e-d2d97338617f	30	28
Ero gelosa di mio fratello.	I was jealous of my brother.	5b8a30a7-a275-51bd-8d61-62fc5290d154	27	28
Io ero gelosa di mio fratello.	I was jealous of my brother.	37401703-a868-5a33-8d24-29be2de07b1f	30	28
Ero geloso di lei.	I was jealous of her.	4aa99d7d-e014-5ba7-8597-c190b3fd3884	18	21
Io ero geloso di lei.	I was jealous of her.	d297276a-f244-5e81-9f85-6910684002f7	21	21
Ero gelosa di lei.	I was jealous of her.	899a8e72-daf3-54e9-9513-ef5e9c95e34b	18	21
Io ero gelosa di lei.	I was jealous of her.	2c940d6d-f914-51b1-bc27-e2ceed5ba5ce	21	21
Era giovane.	He was young.	8be474d9-6db3-5303-98b7-b9ebdf07c0fe	12	13
Lui era giovane.	He was young.	c1c2fcf8-652b-5bc0-ab6a-2f3938a0aeff	16	13
Lei era giovane.	She was young.	e297d26f-a838-56f6-86b9-5725ec59bac2	16	14
Sono finito nei guai.	I got into trouble.	3aac0bfe-4bf1-57fa-92a2-7560186ebc2b	21	19
Io sono finito nei guai.	I got into trouble.	6fa28dbe-7166-54bc-8fc2-76d3f702a30e	24	19
Sono finita nei guai.	I got into trouble.	e10c7639-dd92-565d-828c-66025f5ed018	21	19
Io sono finita nei guai.	I got into trouble.	20837bd5-fd17-529e-9b59-2f7a749cd2cc	24	19
Conosco il lavoro di Tom.	I know Tom's work.	116cb91a-43f9-5b2e-8ba9-958864bc30d2	25	18
Io conosco il lavoro di Tom.	I know Tom's work.	52614e0c-fd87-528a-8c1e-7d9785a44f7d	28	18
Conosco la moglie di Tom.	I know Tom's wife.	399b5b45-b770-5cf0-b5de-4f3607e71792	25	18
Io conosco la moglie di Tom.	I know Tom's wife.	3fa97781-fd8a-5749-90eb-a32183a882b0	28	18
Devo andare subito.	I must go at once.	878cba9a-b912-5c4a-9dd9-7385a7e3f6ed	19	18
Io devo andare subito.	I must go at once.	13a8b95e-b50b-5fb3-be54-31cfaf9d62a3	22	18
Devo andarmene da qui.	I must leave here.	c3e4e852-1338-511f-b881-4b271fc27286	22	18
Io devo andarmene da qui.	I must leave here.	5f89e124-033a-5b8e-ac4f-025ea716b13f	25	18
Mi servono 30 minuti.	I need 30 minutes.	18b33d0b-a990-51e3-985a-e1bbf8f61e41	21	18
A me servono 30 minuti.	I need 30 minutes.	83c24330-7c1b-5958-8d39-4a9224143ebc	23	18
Mi servono trenta minuti.	I need 30 minutes.	42bf74e9-6d9c-5106-b012-38c5d4e469fa	25	18
A me servono trenta minuti.	I need 30 minutes.	1cf0af20-3224-56d3-bb4b-8101866135c1	27	18
Tom era giovane.	Tom was young.	47a90f0c-2a5c-5bf5-9059-23ab18ba2e8a	16	14
Mary era giovane.	Mary was young.	5b84d448-d88b-5be7-b0df-7fc43f7e59d3	17	15
Sto venendo punito.	I'm being punished.	0ca41784-4c2e-5bcc-b2cc-33e97b1f3b59	19	19
Io sto venendo punito.	I'm being punished.	6bdcad46-13c8-5840-9cf0-1481002bc086	22	19
Sto venendo punita.	I'm being punished.	942e3bdf-d6ea-5430-bc80-62fd437f3dbf	19	19
Io sto venendo punita.	I'm being punished.	9ce067bd-a014-5bf0-822f-e1dec20b34f5	22	19
Semplicemente voglio uscire da qui.	I just want out of here.	438a728a-d505-5a1b-9fc8-1e7eb1bcd1c5	35	24
Semplicemente io voglio uscire da qui.	I just want out of here.	4472c4da-7349-5083-80c2-e46f3583cd4f	38	24
Vorrei farti qualche altra domanda.	I'd like to ask you a few more questions.	77cb6c9d-538a-5976-8d27-1e46197f3944	35	41
Vorrei farvi qualche altra domanda.	I'd like to ask you a few more questions.	df251019-aec2-5ac3-87c8-661e24558724	35	41
Vorrei farle qualche altra domanda.	I'd like to ask you a few more questions.	097ad8eb-920d-5ff9-b714-e553064825b1	35	41
Infine giunsero a una decisione.	At last, they came to a decision.	72fc412c-b5ea-5d92-88a5-edf2e22d9dd0	32	33
Infine loro giunsero a una decisione.	At last, they came to a decision.	5734d5f5-b958-5836-ba7c-7464f7a00ccc	37	33
Ho bisogno di una vacanza.	I need a vacation.	e842c8cf-ba81-5997-b3df-e1615ee774de	26	18
Io ho bisogno di una vacanza.	I need a vacation.	f56b59dd-7fa3-5f85-8504-1cbfbc5db6b0	29	18
Ero fuori.	I was outside.	17445fbc-7fdb-59cb-8f0d-e979a9b1d53b	10	14
Io ero fuori.	I was outside.	e18d6db5-64d5-5d16-8642-eafd9a4aa466	13	14
Ha il doppio dei miei libri.	He has twice as many books as I do.	7c886256-1bf6-54bd-9ebf-41316fac7614	28	35
Lui ha il doppio dei miei libri.	He has twice as many books as I do.	239c0645-6c9d-5a6d-969f-700a17a668c7	32	35
Erano fuori.	They were outside.	10024fcc-0b55-53d0-a423-4427221f76cf	12	18
Loro erano fuori.	They were outside.	af7a1f7c-eca4-521f-844f-e35add6e021d	17	18
Sono già fidanzato.	I'm already engaged.	c04f4089-1958-584d-8def-18bb2a0ed24d	19	20
Io sono già fidanzato.	I'm already engaged.	52aef919-9ab6-5bf5-890e-d6fdcac3def1	22	20
Sono già fidanzata.	I'm already engaged.	7d07276c-a90f-56ba-a333-e48d20fa1959	19	20
Io sono già fidanzata.	I'm already engaged.	34aa5879-66c2-546a-804f-c9961d3d6423	22	20
Sono già annoiato.	I'm already bored.	79eb6593-9e17-5ef5-838c-293b1f1e738a	18	18
Io sono già annoiato.	I'm already bored.	14d35c77-f715-5232-8e7a-822bd152c3f9	21	18
Sono già annoiata.	I'm already bored.	e6f1aa6b-bebd-5c3d-a1cf-8123b95fb75e	18	18
Io sono già annoiata.	I'm already bored.	d5419f6e-1beb-50f4-8ffc-6e57ea647b37	21	18
Mi servono un po' di soldi.	I need some money.	88852f2c-7529-505c-9e91-a94b29f18d5d	27	18
Mi serve un po' di denaro.	I need some money.	616043cb-eed5-545f-b832-05111be5d584	26	18
Mi serve un po' di luce.	I need some light.	31a6665e-6e14-5210-8bc0-4872792300bb	24	18
Ho bisogno dei miei occhiali.	I need my glasses.	366aa451-d275-53e1-ba22-3a6f290f5b18	29	18
Io ho bisogno dei miei occhiali.	I need my glasses.	2848e862-06e2-535f-a6fa-5d8cfb283b43	32	18
Non mi è mai piaciuto Tom.	I never liked Tom.	c1fd8082-c93e-5f38-a046-fc87152ded9f	26	18
A me non è mai piaciuto Tom.	I never liked Tom.	fb5528d5-999d-5b7a-832f-99c7788df973	28	18
Tom non mi è mai piaciuto.	I never liked Tom.	04f7aff6-e498-51b4-b0b6-a6615bb2f5ab	26	18
A me Tom non è mai piaciuto.	I never liked Tom.	88c07692-2a3f-53fe-b4ae-7f35d03bfd05	28	18
Dovrei essere felice.	I should be happy.	211ef748-4ceb-5f8b-bd27-4b07ad56b642	21	18
Io dovrei essere felice.	I should be happy.	692cec0f-c819-5bbf-ba89-73121650c87b	24	18
Sono da solo qui.	I'm alone here.	f02567f9-fc78-5727-8ba5-d03f523aff82	17	15
Io sono da solo qui.	I'm alone here.	16d2ef62-0121-5250-8d32-ee76fc9c09d6	20	15
Sono da sola qui.	I'm alone here.	35263128-84ee-55c3-a59b-84607288c719	17	15
Io sono da sola qui.	I'm alone here.	35b525f2-f35b-52d9-9315-d6f00538a3f1	20	15
Avrei dovuto chiedere.	I should've asked.	3b3eea6a-bdc9-5edc-b17d-7457448c5aff	22	18
Non dovrei bere.	I shouldn't drink.	9ecc22c4-35d1-5dbc-b1e1-c08e60892155	16	18
Io non dovrei bere.	I shouldn't drink.	9d5bd43d-fc4a-599d-bc69-2df034a8b8f3	19	18
Avrei dovuto saperlo.	I should've known.	3e415fce-df6a-5043-8365-cae6c7f525c7	21	18
Io avrei dovuto saperlo.	I should've known.	ad421065-d686-5239-9c0a-11b3b9ee436d	24	18
Non dovrei preoccuparmi.	I shouldn't worry.	61d90379-9742-572a-9a08-acd576722393	24	18
Io non dovrei preoccuparmi.	I shouldn't worry.	b8eb2675-b17d-57ca-98b0-2595e03618ba	27	18
Ho raccomandato Tom.	I recommended Tom.	31a61ebd-f839-5329-9ed5-949b9b736c73	20	18
Io ho raccomandato Tom.	I recommended Tom.	874a43bf-68a3-5a97-9559-90dea7a5ba07	23	18
Raccomandai Tom.	I recommended Tom.	5fe52795-c294-5a4b-8321-894e774dc752	16	18
Io raccomandai Tom.	I recommended Tom.	b8e64d4d-0ce0-56a9-b8ef-7e84b7776e2c	19	18
Devo a Tom così tanto.	I owe Tom so much.	07a26db0-c3bb-5902-ae2d-a6456837f34e	22	18
Io devo a Tom così tanto.	I owe Tom so much.	72d5d0d5-9f1a-50c2-9c6c-095c3997223a	25	18
Mi manca davvero Tom.	I really miss Tom.	388d4233-201c-5da1-9b42-9692a56b304f	21	18
A me manca davvero Tom.	I really miss Tom.	4069f092-04cf-520f-b886-1c8c059c218d	23	18
Tom mi manca davvero.	I really miss Tom.	5d157158-c4af-5878-b594-b8855ec48313	21	18
A me Tom manca davvero.	I really miss Tom.	ecf7c0ff-eb86-5a32-9263-e7a5b28b1059	23	18
Voglio che Tom vinca.	I want Tom to win.	205074f3-bce9-54b3-a136-04b512105d52	21	18
Io voglio che Tom vinca.	I want Tom to win.	a7da1cb3-1698-5ea5-ac87-d59b8f4db714	24	18
Volevo lottare.	I wanted to fight.	4783ed2d-0979-5ebb-956f-f3af7701b385	15	18
Io volevo lottare.	I wanted to fight.	8f77a30c-6d77-5983-9193-c50ceec0b7f0	18	18
Volevo combattere.	I wanted to fight.	69405c6a-43c5-52af-8541-b36a920893fc	18	18
Io volevo combattere.	I wanted to fight.	b7e736dd-a2ae-5610-939b-48fcac0d1855	21	18
Sono stato discreditato.	I was discredited.	16574215-05e6-5e8c-bd50-c8a4a442dd90	24	18
Io sono stato discreditato.	I was discredited.	e3ad8713-7953-5729-8c98-c7ce83e01edf	27	18
Sono stata discreditata.	I was discredited.	19169c3e-5538-5778-8a27-27958697d3e4	24	18
Io sono stata discreditata.	I was discredited.	e2194acd-59b5-5cb2-9f47-31a90575f637	27	18
Ero in bagno.	I was in the bath.	fb85cfc2-ab2a-56cd-a168-fd08e1662379	13	18
Io ero in bagno.	I was in the bath.	0d028823-c7e0-58b2-a1eb-86d461f8511e	16	18
Ero inerme.	I was defenseless.	a6bd2c0e-cf33-5340-8e4e-e912c64c1bf1	11	18
Io ero inerme.	I was defenseless.	c3bde3eb-6088-5dc6-879e-40ddcb7faf35	14	18
Stavo per andare.	I was about to go.	fdc16da7-5c33-52aa-b7f2-4ac42ba48210	17	18
Io stavo per andare.	I was about to go.	dab203dc-c9dd-5285-a62c-ddf9067ee26d	20	18
Mi stava piacendo.	I was enjoying it.	c1ba3e09-210d-55f0-9801-c281a2f74e7f	18	18
A me stava piacendo.	I was enjoying it.	ab3d919a-df97-593d-b426-771c16164845	20	18
Stavo aiutando.	I was helping out.	3012beb2-3ad9-58c1-a4d1-0deb8c737d43	15	18
Io stavo aiutando.	I was helping out.	2dec781f-b767-5ab1-aaa9-cb13f0144211	18	18
Ero disinformato.	I was misinformed.	731e2709-0c3d-5384-8190-3072737585f1	17	18
Io ero disinformato.	I was misinformed.	baca3a0a-979d-5e42-b788-6da82c03fc4a	20	18
Ero disinformata.	I was misinformed.	645d9949-cece-5e03-a572-d05fb2fc65ab	17	18
Io ero disinformata.	I was misinformed.	4782178e-0ef3-53fc-8fbb-ba52c49ab3cd	20	18
Ero semplicemente spaventato.	I was just scared.	3326c400-a26e-55de-b724-df70b99822de	29	18
Io ero semplicemente spaventato.	I was just scared.	5c3b6fc7-bda6-5795-9137-88a7009b2fc0	32	18
Ero semplicemente spaventata.	I was just scared.	76f5f523-a2ae-587b-9782-d3954b333c74	29	18
Io ero semplicemente spaventata.	I was just scared.	c3a36925-0225-572d-89d9-a2f294b70177	32	18
Non ero informato.	I wasn't informed.	a37f1c9c-ff83-55f4-b1d1-1b97d22e117f	18	18
Io non ero informato.	I wasn't informed.	59a0b96c-282d-55e5-bbe7-7c258671f456	21	18
Non ero informata.	I wasn't informed.	29b1e5a1-7d48-5694-8b26-695b3ffcdc59	18	18
Io non ero informata.	I wasn't informed.	a9b737ca-2768-538f-b534-6ae368af27ee	21	18
Ero in vacanza.	I was on vacation.	e02f187e-e473-53f7-85d8-fe5c16d59758	15	18
Io ero in vacanza.	I was on vacation.	92c987d6-8bbe-542f-8603-7b679cdefb4e	18	18
Ero per strada.	I was on the road.	a5c77c11-0343-5e17-af9e-4127bf3fdddf	15	18
Io ero per strada.	I was on the road.	5a9ade78-c69a-5d18-85e5-a575d89e3901	18	18
Non stavo dormendo.	I wasn't sleeping.	bfd34f9e-68d9-5133-aeba-b217506654f2	19	18
Io non stavo dormendo.	I wasn't sleeping.	a63111b1-532f-57a6-ab31-976088c4231c	22	18
Non ero coinvolto.	I wasn't involved.	73f5c48a-8e65-5cc7-8dee-423efb1d8a68	18	18
Io non ero coinvolto.	I wasn't involved.	df2d086b-4cbb-5269-aa88-0a5888bcfb19	21	18
Non ero coinvolta.	I wasn't involved.	a8060c70-1e54-5665-a89c-4a6cfddf959c	18	18
Io non ero coinvolta.	I wasn't involved.	07e6c9ee-52c9-58dc-b2b3-5af8f77946b5	21	18
Non stavo pensando.	I wasn't thinking.	a82f6c14-e2b4-5fa1-947f-6b712a8d7007	19	18
Io non stavo pensando.	I wasn't thinking.	df5d596a-28ed-501c-83b9-4a053a566f25	22	18
Sono andato a fare una passeggiata.	I went for a walk.	dc584361-0b83-5954-9e2e-93dc4140cef6	35	18
Io sono andato a fare una passeggiata.	I went for a walk.	f7a26079-4bd3-51b2-9055-8f6523e0c4ed	38	18
Sono andata a fare una passeggiata.	I went for a walk.	30baf789-d7c2-518d-b04f-02e919dfe525	35	18
Io sono andata a fare una passeggiata.	I went for a walk.	7788ce8c-9614-5d89-be19-3c1351c79c41	38	18
Andai a fare una passeggiata.	I went for a walk.	6f71592d-c90e-5d47-bb48-ff8de49939f6	29	18
Io andai a fare una passeggiata.	I went for a walk.	90e312a7-774d-5898-a295-7b5d688de2f6	32	18
Lavoro allo zoo.	I work at the zoo.	a2b3c58d-1f59-59ee-896a-d75ae6961879	16	18
Io lavoro allo zoo.	I work at the zoo.	185bce22-3942-5f1d-a818-3857fbea3e2e	19	18
Avrei aspettato.	I would've waited.	301a0042-7819-5279-9ca5-4ef3df6867b1	16	18
Io avrei aspettato.	I would've waited.	48d2212f-738e-518b-b9dd-1f500ea961b9	19	18
Lo apprezzerei.	I'd appreciate it.	c7c6cc74-efe4-58b7-b1d2-420739747326	15	18
Io lo apprezzerei.	I'd appreciate it.	cce25c4f-7a20-55ce-8768-df4324543139	18	18
La apprezzerei.	I'd appreciate it.	0e121f2a-b5c3-59bb-9eb1-dd7a1f0e9c48	15	18
Io la apprezzerei.	I'd appreciate it.	b39e5c3b-ad33-5e63-9f97-57c9b040c07a	18	18
Anche io sarei arrabbiato.	I'd be angry, too.	77f5c066-4a0e-5721-b22f-b5f84a943f2f	26	18
Anche io sarei arrabbiata.	I'd be angry, too.	9b338c67-d188-5126-b7d8-0233542ab1a6	26	18
Sarei devastato.	I'd be devastated.	44f73089-4de8-572d-94a8-37c506d93224	16	18
Io sarei devastato.	I'd be devastated.	181c9a3c-09fb-5627-8192-0ad731beb1d9	19	18
Sarei devastata.	I'd be devastated.	01c22b5f-2d4e-5ce5-a7f9-89bc79834368	16	18
Io sarei devastata.	I'd be devastated.	d35fe557-81b9-588c-ad7a-137ac1d665b6	19	18
Non lo farei mai.	I'd never do that.	610f5beb-33a3-5142-a2bf-6f02521d3d99	17	18
Io non lo farei mai.	I'd never do that.	cf14be82-31c8-5988-98f5-17bbef574ecf	20	18
Mi preoccupo per te.	I worry about you.	4870f98e-9576-51b7-9746-010865b72028	20	18
Io mi preoccupo per te.	I worry about you.	cb7c802a-528d-514d-88cc-224b3c13a189	23	18
Mi preoccupo per voi.	I worry about you.	6cc02f5b-f004-546f-8185-1276a6a1a43a	21	18
Io mi preoccupo per voi.	I worry about you.	d0568e18-4fa1-5cdf-888d-1d4873c96f7c	24	18
Mi preoccupo per lei.	I worry about you.	21a3bc6e-7207-5807-bc87-c4eecaababef	21	18
Io mi preoccupo per lei.	I worry about you.	39e2c42c-d754-57a2-8791-e551c13dc4a7	24	18
L'ho scritto di persona.	I wrote it myself.	38c2e88f-0a83-5d0f-870b-f2678fe953ba	24	18
L'ho scritta di persona.	I wrote it myself.	e46032bc-b9ac-5be3-a729-0016f7fce652	24	18
Chiederò a Mary di uscire.	I'll ask Mary out.	f72ca23f-60ae-52f7-8f84-ad3f6f218bf8	26	18
Io chiederò a Mary di uscire.	I'll ask Mary out.	f7302520-fa96-5224-a8a1-d00902cd9ebd	29	18
Sarò a casa presto.	I'll be home soon.	04027053-9515-5948-9f67-d938695261d5	19	18
Io sarò a casa presto.	I'll be home soon.	880c7c2f-065d-5d9a-b85f-ae5b40705652	22	18
Non lo prenderei mai.	I'd never take it.	c2a55e40-3a12-5b46-967a-6d9f8d4630ef	21	18
Io non lo prenderei mai.	I'd never take it.	eb9befba-b1ba-591c-9691-03fb8d7b387d	24	18
Non la prenderei mai.	I'd never take it.	510be48a-ac9d-5314-b1b0-36aa07b65ee1	21	18
Io non la prenderei mai.	I'd never take it.	407853f2-29ba-57de-86fa-3423d4657f36	24	18
Starò bene qui.	I'll be fine here.	84c41619-0063-5a06-a67c-7d2a0bc9ab3e	15	18
Io starò bene qui.	I'll be fine here.	24647bbe-4bba-5179-9433-70bed50a4cc7	18	18
Voleva comprare un libro.	He wanted to buy a book.	9cb937fd-6b5e-59fb-b619-7d2c7814ecdc	25	24
Lui voleva comprare un libro.	He wanted to buy a book.	0418e5c4-8a08-54da-b5a2-9daa9806af29	29	24
Sarò nel mio laboratorio.	I'll be in my lab.	42871c8b-aeb9-5397-9742-a16ab20d6a31	25	18
Io sarò nel mio laboratorio.	I'll be in my lab.	dfc2c85e-86e3-579d-bde2-c40ee9a3fc09	28	18
Chiamerò qualcuno.	I'll call someone.	c5425b4d-d103-5d88-a72a-87ca4f46554b	18	18
Io chiamerò qualcuno.	I'll call someone.	230e2c71-f963-583f-9ddd-90d2cc399142	21	18
Verrò subito.	I'll come at once.	0b711435-563c-53c9-806e-842fd0f4cbb8	13	18
Io verrò subito.	I'll come at once.	f43ecffb-5699-5d57-b877-4d737d6e6694	16	18
Sanno tutto.	They know everything.	8deb6f2b-7d1e-5cb3-9e5e-8b5d06a8860f	12	21
Loro sanno tutto.	They know everything.	161a5745-5554-53f4-b1db-c0d7f7a77e5b	17	21
È ciò che penso che sia?	Is it what I think it is?	97c0229d-1831-586a-aba2-08b201aed97e	24	25
Lo farò di persona.	I'll do it myself.	785f09a2-fcca-56c0-829c-d00c4b27750a	19	18
Troverò qualcuno.	I'll find someone.	fe62df5a-a9c0-56aa-b8c5-8c16ea200f1c	17	18
Io troverò qualcuno.	I'll find someone.	c04c7120-5630-5ee3-ad57-b15d35bab7d1	20	18
Lo prenderò più tardi.	I'll get it later.	e70f6c05-e82b-51d9-9f45-1927f05cd462	22	18
La prenderò più tardi.	I'll get it later.	1c8293d7-0135-569d-8936-99adf0ce33a0	22	18
Verrò fuori.	I'll come outside.	1af02412-0857-58d6-a00d-f1c90620160a	12	18
Ne prenderò un altro.	I'll have another.	34ff79c9-710a-57fb-8aa8-363cea36d859	21	18
Ne prenderò un'altra.	I'll have another.	fdf3b84d-1867-5417-ba87-d2bb1a775761	21	18
Lo raccomanderò.	I'll recommend it.	fbd8e2ca-8a70-5c72-87e1-53a1f13ccfc1	16	18
Mi siederò con Tom.	I'll sit with Tom.	23be4d52-a6f2-5911-a5ef-19e3f116a4b2	19	18
Io mi siederò con Tom.	I'll sit with Tom.	1d8f2360-edaa-5ee4-aaab-ca249be3435a	22	18
Sono una cheerleader.	I'm a cheerleader.	0ca1be8f-e2e1-53c5-bfef-d6aade84100c	21	18
Io sono una cheerleader.	I'm a cheerleader.	31969465-06fd-56ee-80b1-49c4263afbd0	24	18
Sorprenderò Tom.	I'll surprise Tom.	c824be28-04d6-5804-86a9-5bce0d7d69af	16	18
Io sorprenderò Tom.	I'll surprise Tom.	d4010679-5e26-55a6-9aba-70e9bfc96dc3	19	18
Prenderò l'autobus.	I'll take the bus.	42439538-92a4-58cd-9e24-2cf2d46cd3e5	19	18
Io prenderò l'autobus.	I'll take the bus.	72f11efd-9ab1-5e3e-bbf2-5af70abb9266	22	18
Lo dirò a qualcuno.	I'll tell someone.	04ded979-8d93-5653-a493-b928f0bf0c8c	19	18
Io lo dirò a qualcuno.	I'll tell someone.	94f6c5d4-5e18-51a7-977d-257ab07a0eae	22	18
Ho paura di Tom.	I'm afraid of Tom.	08460c91-909d-58ea-ac5a-205676ef724c	16	18
Io ho paura di Tom.	I'm afraid of Tom.	5c07a3fd-a116-5839-b3af-87aa03bb7059	19	18
Sono un membro qui.	I'm a member here.	7c0f62ed-1776-594c-8b7a-84d36d6266c6	19	18
Io sono un membro qui.	I'm a member here.	95896d13-c748-5a4f-bbea-29f9dfb5338e	22	18
Ho quasi trent'anni.	I'm almost thirty.	bd5ead95-5c90-5552-ac82-92110cda71e9	20	18
Io ho quasi trent'anni.	I'm almost thirty.	0acb1eab-4db0-50ca-bd82-1237ad7e35cf	23	18
Sono figlio unico.	I'm an only child.	1a2056cd-69a9-5afa-9d17-0ec0a358e0da	18	18
Io sono figlio unico.	I'm an only child.	420605a5-4b64-546f-8eea-d05a9df48fba	21	18
Sono figlia unica.	I'm an only child.	22b57226-0043-51c5-9690-f799fc20aa18	18	18
Io sono figlia unica.	I'm an only child.	0333bc83-7daf-5be5-ac0c-3aa0dae74a66	21	18
Sono in prigione.	I'm at the prison.	d9a4ac6a-d820-5d52-8804-75c89c8924e1	17	18
Io sono in prigione.	I'm at the prison.	f619bce6-c695-5bbc-ad74-aceb84a7fb4e	20	18
Sono un vecchio amico.	I'm an old friend.	d0d1ff8e-1e0c-5d7d-8145-aea6022015ef	22	18
Io sono un vecchio amico.	I'm an old friend.	c601053f-da84-53d9-abfa-d9095ca59424	25	18
Sono una vecchia amica.	I'm an old friend.	46c06e02-be1a-56e7-893d-4084c4ce348e	23	18
Io sono una vecchia amica.	I'm an old friend.	84dd6e86-45bf-54ed-944e-5cf609d00e5b	26	18
Questa macchina è facile da guidare.	This car is easy to drive.	404e220b-4a3b-5255-8686-aadecddf49f0	36	26
Quest'auto è facile da guidare.	This car is easy to drive.	b24e154d-b091-5911-a98d-85933604ff47	31	26
Quest'automobile è facile da guidare.	This car is easy to drive.	59850ecf-5680-5096-9f77-8a777a34b896	37	26
Sto facendo il mio dovere.	I'm doing my duty.	83a7c05f-6866-5230-9fa2-f04efc475788	26	18
Io sto facendo il mio dovere.	I'm doing my duty.	152f9347-7851-5e5a-9ab3-22bc764ce4b0	29	18
Sono diverso ora.	I'm different now.	47130cca-f6f9-50da-8200-567b4dd7011d	17	18
Io sono diverso ora.	I'm different now.	f998befa-53f9-59e2-8595-5f13b650ec3f	20	18
Sono diversa ora.	I'm different now.	8b8ad6d8-a988-5e0e-8b0d-7674d358e22f	17	18
Io sono diversa ora.	I'm different now.	d9a489aa-4355-548c-90ab-247201755afc	20	18
Mi diverto facilmente.	I'm easily amused.	40399500-0f19-5278-aa1d-b2ea51d016a0	22	18
Io mi diverto facilmente.	I'm easily amused.	4ccbcaf0-f9cc-5f30-86fe-1053a3d619f2	25	18
Sono rigoroso.	I'm conscientious.	f0f14561-3c0f-5996-90e6-d6a46ae3cc51	14	18
Io sono rigoroso.	I'm conscientious.	0912d233-1d61-5470-886f-23dfdd4740ca	17	18
Sono rigorosa.	I'm conscientious.	1128f6b7-b59a-50d3-a1d8-47ce0fc13e25	14	18
Io sono rigorosa.	I'm conscientious.	6130399a-42c0-5520-996a-ef2ba1c0f645	17	18
Sono in doppia fila.	I'm double-parked.	b2329030-4fcc-5075-8a07-28512305e588	20	18
Io sono in doppia fila.	I'm double-parked.	35a31145-6b8c-505f-af7c-0846528a41a8	23	18
Ho parcheggiato in doppia fila.	I'm double-parked.	d16f51f4-e72b-563a-aeff-7b8e34b9f511	31	18
Io ho parcheggiato in doppia fila.	I'm double-parked.	aa9ba25e-cad9-5b6c-b435-729ff39b475d	34	18
Ho finito di pensare.	I'm done thinking.	4793611e-c6d4-5873-bbdc-83dd584135a5	21	18
Io ho finito di pensare.	I'm done thinking.	df38de84-b15d-511d-b94a-a35eae7eeec9	24	18
Mi sento ubriaco.	I'm feeling drunk.	b554301c-234b-514c-ae60-81a771b54528	17	18
Io mi sento ubriaco.	I'm feeling drunk.	51cdeaa1-8245-55e6-b6a7-ac461579099a	20	18
Mi sento ubriaca.	I'm feeling drunk.	92484bf7-c926-5a16-bc7a-f508f782430d	17	18
Io mi sento ubriaca.	I'm feeling drunk.	e9d2f12c-aea7-54ef-be1f-2f4da5709c1e	20	18
Sto seguendo Tom.	I'm following Tom.	bb8bc472-4860-58ea-9835-533a8beb095c	17	18
Io sto seguendo Tom.	I'm following Tom.	215e84aa-4b70-5b9e-8a9c-e667c4fd48bf	20	18
Ti sto seguendo.	I'm following you.	fa680cbd-d097-5aed-a332-82dbaa75832d	16	18
Vi sto seguendo.	I'm following you.	49df3365-14f2-5eea-b34f-2ec4f5675c61	16	18
La sto seguendo.	I'm following you.	48089900-d38f-5db6-ac66-6a481dbd629f	16	18
Sto andando fuori.	I'm going outside.	cbed541e-1c90-511a-919d-0aade78ac97d	18	18
Io sto andando fuori.	I'm going outside.	83ea5a80-3924-5288-b130-48c5732d814f	21	18
Sto andando a correre.	I'm going running.	d1941eca-a13a-573b-a375-cb4f6025d095	22	18
Io sto andando a correre.	I'm going running.	e8fe5672-8d9f-5932-a2da-08db68f8621e	25	18
Mi sto stancando.	I'm getting tired.	4df7a5b4-157b-5aea-85ee-90a963bfd077	17	18
Io mi sto stancando.	I'm getting tired.	139358df-b74b-5cb2-b427-f7ceb7bc734c	20	18
Porta i tuoi amici.	Bring your friends.	0a7feef7-b171-5266-9878-db853f7ae9f5	19	19
Porta le tue amiche.	Bring your friends.	d83b00e2-c2e1-54e5-95b8-19f887f4c0db	20	19
Porti i suoi amici.	Bring your friends.	8685660a-5245-5342-8999-cd99dabc6676	19	19
Porti le sue amiche.	Bring your friends.	797160bb-3977-5726-8f7b-4431dd725765	20	19
Portate i vostri amici.	Bring your friends.	fa3ff506-d8cb-5003-b771-f0a5ceaf8fc4	23	19
Portate le vostre amiche.	Bring your friends.	59050cc8-2f00-529a-a9fb-da3d92a76594	25	19
Lei è il dottore?	Are you the doctor?	8d2dade0-b59d-55f2-af5b-1a59f54134d6	17	19
Verrò.	I'm going to come.	3b4df594-faae-5f54-bf67-e40d4fca1cc6	6	18
Io verrò.	I'm going to come.	f0cd4a85-1ee6-553b-b7b1-2bfc9e350423	9	18
Ti sto confondendo?	Am I confusing you?	929beac3-e3a5-5d86-89fb-1f23b87f1e3a	19	19
Vi sto confondendo?	Am I confusing you?	38e2dcc2-7065-5364-b1fb-adae9760344b	19	19
La sto confondendo?	Am I confusing you?	2a3e7fb9-289f-529b-958d-4aa1896f14e4	19	19
Cambia il soggetto.	Change the subject.	0d1fe055-21dc-5cd8-bee8-1c2e8892ce24	19	19
Cambiate il soggetto.	Change the subject.	c82da96c-d329-5124-b86a-5eca2d449d20	21	19
Cambi il soggetto.	Change the subject.	24898356-bf69-503a-8a2f-e945d5590d58	18	19
Lo vuoi ora?	Do you want it now?	f9598ddd-71c1-5cee-96e7-2e3ab8d70b16	12	19
Lo vuoi adesso?	Do you want it now?	458422d4-e972-5338-9a91-1f2efb2e4ce3	15	19
Lo volete ora?	Do you want it now?	d6c73ec5-c4a3-5473-b8b2-c56b7b631c60	14	19
Lo volete adesso?	Do you want it now?	50d2ea61-b084-5a8a-8dbf-706d989da0e7	17	19
Lo vuole ora?	Do you want it now?	9fdacd6f-2da5-550a-9451-b63a7bb75923	13	19
Lo vuole adesso?	Do you want it now?	218814ca-cd88-5110-a7e1-87179a1ac7e7	16	19
La vuoi ora?	Do you want it now?	524bdd9d-dd74-531b-bc96-4ed1af782702	12	19
La vuoi adesso?	Do you want it now?	f7e4f6cc-1f6d-525c-acc8-ce57aaac47c6	15	19
La vuole ora?	Do you want it now?	b0d197cf-ed1e-5c9b-91de-cf63481a8e6d	13	19
La vuole adesso?	Do you want it now?	ad78cc83-07c0-51f5-9132-37989918528b	16	19
La volete ora?	Do you want it now?	6ea5f1c2-04ff-5d7e-8514-d4962ad697dd	14	19
La volete adesso?	Do you want it now?	6b9c6791-2545-5eee-866a-c524f3922fc0	17	19
Tom sembrava felice?	Did Tom seem happy?	2f959eb1-e90d-5462-b7ef-a3d2273734a0	20	19
Pulisci la tua stanza.	Clean up your room.	dd07c357-c6ef-5229-9e88-e08d1b6c8975	22	19
Pulisci la tua camera.	Clean up your room.	65e2e756-8002-529b-940b-50748ed8f014	22	19
Non farlo per me.	Don't do it for me.	13e983b1-13cc-5c88-9851-75ad5137429f	17	19
Non fatelo per me.	Don't do it for me.	27824d5d-90d0-5d3c-976f-b48a4b1b7bd3	18	19
Non lo faccia per me.	Don't do it for me.	21d1050c-6d57-59d1-98ac-de07688c189c	21	19
Non mettermi in imbarazzo.	Don't embarrass me.	d0180225-e3aa-5492-8614-07abd8d524e3	26	19
Non mettetemi in imbarazzo.	Don't embarrass me.	6ab84c88-bd08-54b9-8e4a-de1213b71019	27	19
Non mi metta in imbarazzo.	Don't embarrass me.	2b3e9cb3-75c5-5c25-9ddc-07ec362adf58	26	19
Non essere difficile.	Don't be difficult.	36fad71c-7995-5e85-835d-5a894ea5b34c	21	19
Non siate difficili.	Don't be difficult.	34126eef-c98c-5523-8986-c5aa3cd49aa5	20	19
Non sia difficile.	Don't be difficult.	172e9e59-bdd8-558d-9361-ea3b9f4c7988	18	19
Non fare del male a nessuno.	Don't hurt anybody.	a8928c1b-fb01-57d5-ba56-10e38aea1d07	28	19
Non fate del male a nessuno.	Don't hurt anybody.	754f2952-d63a-5a41-b43c-d86bc81d6dc0	28	19
Non faccia del male a nessuno.	Don't hurt anybody.	9ff0b03a-0ddf-5641-928c-f0e81927bccd	30	19
Non farti coinvolgere.	Don't get involved.	49272514-e131-5de7-98b1-05ff8aae08e3	22	19
Non fatevi coinvolgere.	Don't get involved.	0717b70b-5e82-5051-bc20-0ac8bf76332a	23	19
Non si faccia coinvolgere.	Don't get involved.	7df85649-ee40-58be-bde2-84f6318f66af	26	19
Non prenderla sul personale.	Don't get personal.	2cdadf83-157e-5bc0-8ace-6ec0b8e6eaf7	28	19
Non prendetela sul personale.	Don't get personal.	b7a93edb-abb6-5bcc-96d3-c0057c3a8465	29	19
Non la prenda sul personale.	Don't get personal.	b5a50857-91a4-596a-b8bc-85fbfac44992	28	19
Non fare pressione a Tom.	Don't pressure Tom.	24b55822-8439-5ea8-aaea-68d02ef18451	25	19
Non fate pressione a Tom.	Don't pressure Tom.	029c669c-e398-54a2-9ef9-807cb92be104	25	19
Non faccia pressione a Tom.	Don't pressure Tom.	10dab6e5-175a-57f7-8045-c3e449940d6f	27	19
Svuota le tasche.	Empty your pockets.	327cd27e-ba79-56d5-918c-d5cbf9b2a06a	17	19
Svuotate le tasche.	Empty your pockets.	4f2c538c-efaf-58bc-9bac-9f585469d5f6	19	19
Svuoti le tasche.	Empty your pockets.	25767ad6-9990-59da-bf3c-e4fa89c773d2	17	19
A tutti piaceva Tom.	Everyone liked Tom.	17d3d87b-fb58-5b4e-b1e6-2f8a4ca9a36e	20	19
Tom piaceva a tutti.	Everyone liked Tom.	192cafec-0876-5a3f-ae7c-55b683b0e0fb	20	19
Non ricordi?	Don't you remember?	4d7e2449-cf20-5429-a25e-7497ae9b7a2b	12	19
Non ricorda?	Don't you remember?	11490882-24ab-51d8-a2db-bc29a61b934c	12	19
Non ricordate?	Don't you remember?	ba6bb17d-d431-5d46-9f94-381e2e38b8b3	14	19
Non dimenticare questi.	Don't forget these.	d98a76fd-ce90-5924-bb44-90d9177e700d	23	19
Non dimenticare queste.	Don't forget these.	b45f5f00-f060-5ad8-9222-6c21149373f4	23	19
Non dimenticate questi.	Don't forget these.	cc860463-adc1-57e3-9a60-4fb212ab7f44	23	19
Non dimenticate queste.	Don't forget these.	c98b9940-e29f-5aeb-9726-3d077fdc5887	23	19
Non dimentichi questi.	Don't forget these.	2e2182cb-ce3b-5e2f-9ce2-42afdf99b3ac	22	19
Non dimentichi queste.	Don't forget these.	bad3e7f5-6578-5a80-8bda-17e9025d5d8a	22	19
Tutto è sbagliato.	Everything's wrong.	416843ab-d437-5d0d-8180-f20a4c505b99	18	19
È tutto sbagliato.	Everything's wrong.	55813929-a986-59e4-b967-20626da202b8	18	19
Chiama i paramedici!	Get the paramedics!	64c73d9a-b15d-55f7-96de-b4859ebae87f	20	19
Chiamate i paramedici!	Get the paramedics!	f8c9f4fc-22b9-5322-9665-185ffd1bac15	22	19
Chiami i paramedici!	Get the paramedics!	a6b32731-8ecf-56f5-9328-4c72d8bde028	20	19
Tutto è andato.	Everything is gone.	4a8b56d3-456e-587c-8953-713c4bf74f38	15	19
È andato tutto.	Everything is gone.	dc1e1acb-47d9-5782-9893-0aba5a82f928	15	19
Piaci a tutti.	Everyone likes you.	d91ff8f2-e5c9-54fa-91dc-f25c569eb02a	14	19
Tu piaci a tutti.	Everyone likes you.	44c0bdf3-7935-5c05-8df5-eec6cf91cb17	17	19
Piacete a tutti.	Everyone likes you.	183f6cad-d641-57e5-b29a-43ac900e7691	16	19
Voi piacete a tutti.	Everyone likes you.	1823d5ed-e277-5aa2-b6bb-babef7b7f4cf	20	19
Eccone un altro.	Here's another one.	12d5e2b5-d64d-5cfa-acf5-09fa782c67c6	16	19
Eccone un'altra.	Here's another one.	1a74fe9d-b25d-55de-bf26-d06b5714ab74	16	19
Ecco i fatti.	Here are the facts.	ad70e725-1960-596c-ab1d-e952f67d84b6	13	19
Ecco che arrivano i guai.	Here comes trouble.	f862158e-8590-57ca-b442-24fdaee2cf2f	25	19
Ecco il tuo biglietto.	Here's your ticket.	5f337ed2-1807-58fa-88aa-82ef9679a89b	22	19
Ecco il suo biglietto.	Here's your ticket.	59a71b07-d377-5c67-8513-74d773b85486	22	19
Odio guardare la TV.	I hate watching TV.	2ae5831f-fc61-56ed-957b-91c80555f556	20	19
Io odio guardare la TV.	I hate watching TV.	5b875092-200e-55b4-976a-f144f755fdaf	23	19
Non volevo questo.	I didn't want this.	54ad3fbe-cd9b-56da-b5f2-9f37370a8ca0	18	19
Io non volevo questo.	I didn't want this.	01988429-3e2c-5247-bfe4-ad29485d1e23	21	19
Ho appena preparato la cena.	I just made dinner.	0f0d5bbf-47b8-5c93-9292-f90f7ffe6520	28	19
Io ho appena preparato la cena.	I just made dinner.	10f0874f-9ca5-5a12-925e-7462fce7446c	31	19
Ho appena visto un fantasma.	I just saw a ghost.	7ad01473-e8d6-5c21-a6ad-c91f4ee3e45d	28	19
Io ho appena visto un fantasma.	I just saw a ghost.	9c981234-077c-568e-a586-1b9d18ce755c	31	19
Ho appena perso il mio lavoro.	I just lost my job.	a66b67e7-f887-54f4-90fb-d12e65a367e5	30	19
Io ho appena perso il mio lavoro.	I just lost my job.	8aacd077-0ac8-5f3f-8f9c-5d721bf4798b	33	19
Lui è incompetente.	He is incompetent.	661bf883-7f80-550f-b1ab-a678c49ee2c1	19	18
Tom è tranquillo.	Tom is quiet.	e16082cd-4b5a-50c5-b0de-a2c29a62bf1a	17	13
Tom è quieto.	Tom is quiet.	1979ba1a-b945-56d2-bb57-095f67710519	13	13
Conosco la vedova di Tom.	I know Tom's widow.	455deba6-1aa2-5e82-a60f-e08a5f11d5e8	25	19
Io conosco la vedova di Tom.	I know Tom's widow.	ff857a21-2cc9-5379-bc3c-ce326936bc23	28	19
So che ce l'hai.	I know you have it.	5b189756-f150-5325-a69c-2b7728654b98	16	19
So che ce l'ha.	I know you have it.	d7682bb9-61c5-51df-a551-43dc5d5b60e0	15	19
So che ce l'avete.	I know you have it.	063d5ba6-51b9-5c26-94ae-b7fca024041a	18	19
So che Tom sta bene.	I know Tom is fine.	0914a8d5-d130-5798-a84f-f7f75dd8c46f	20	19
Conosco bene Boston.	I know Boston well.	0909edaf-e7b3-5813-8f80-b1ad576deba1	20	19
Io conosco bene Boston.	I know Boston well.	e3e07104-6158-50fe-914d-f22ed1c8ef16	23	19
Lo sapevo che era reale.	I knew it was real.	bf5480ec-21cc-5f51-9384-75ee91a73d92	24	19
Io lo sapevo che era reale.	I knew it was real.	e5bcd822-2e45-56c3-9a1f-12c2141f1255	27	19
Tom ha due figli.	Tom has two children.	ed9cd74e-19fe-5349-965f-29b41d675c2d	17	21
Tom ha due bambini.	Tom has two children.	bb532aad-1bab-5a3e-8894-0feaf6b20193	19	21
Tom ha due bambine.	Tom has two children.	bb8e9ef9-d8ba-5aa3-be90-46706370b97a	19	21
Mary ha descritto le scene.	Mary described the scenes.	1734a440-ade4-5a83-b847-066319a77b9a	27	26
Mary descrisse le scene.	Mary described the scenes.	e2300e9d-6dab-55c1-8826-54fafb0a7ce4	24	26
Tom ha descritto le scene.	Tom described the scenes.	fc009528-e147-5af2-8471-5ba278de4ca5	26	25
Tom descrisse le scene.	Tom described the scenes.	601a92db-7291-5c9a-9a5c-8e161bfbaf25	23	25
Il ragazzo si prendeva gioco della ragazza.	The boy made fun of the girl.	8b16699e-64df-543f-8b20-c5404d8a3c81	43	29
Amo i miei bambini.	I love my children.	58c95e30-e74d-57b3-921e-d62635686369	19	19
Io amo i miei bambini.	I love my children.	2a2ed2e3-b5c0-5568-b207-9131f5d7d4c3	22	19
Amo le mie bambine.	I love my children.	fbf40493-a67d-5e61-a481-25154dff6100	19	19
Io amo le mie bambine.	I love my children.	7bd07ebb-43a6-550c-b24c-c65bf57c69dd	22	19
Mi mancano i miei bambini.	I miss my children.	eeffa726-ac17-5397-b269-5626531b7161	26	19
Mi mancano le mie bambine.	I miss my children.	28b9152e-b959-56e3-884f-45e700de45f4	26	19
Potrei non laurearmi.	I may not graduate.	72427786-005d-5bc9-a96b-9e14bafe262f	21	19
Io potrei non laurearmi.	I may not graduate.	d93da985-5c79-5ca8-bb1a-c176ef058460	24	19
Non ho più l'energia per parlare.	I no longer have the energy to talk.	84529d6b-741a-524c-8a71-a663c003c681	33	36
Io non ho più l'energia per parlare.	I no longer have the energy to talk.	f0e8b511-c77e-5df3-8810-e199df9b6867	36	36
Potrebbe aiutarmi un po'?	Could you help me a little?	3ad9652f-7fb4-52b7-9a2b-86ed26a31eea	25	27
Puoi aiutarmi un po'?	Can you help me a little?	765774d6-6f9a-5bd2-afc0-3f3398759342	21	25
Può aiutarmi un po'?	Can you help me a little?	1a3af103-5af4-5a62-8cbe-35f6cb3c91ba	20	25
Potete aiutarmi un po'?	Can you help me a little?	5bd9e299-e4c1-55f1-b408-fd12bec83f19	23	25
Voglio qualche bicchiere vuoto.	I want a few empty glasses.	7dae9039-4fb8-51b8-88c3-66bfb1414f10	31	27
Io voglio qualche bicchiere vuoto.	I want a few empty glasses.	f537f83b-603f-5101-8fef-5c900b08af00	34	27
Io amo Hitomi.	I love Hitomi.	968e1f7b-ea05-5064-a770-6dcfbcce3a0d	14	14
Questo è il mio posto.	This is my seat.	fa0dccf6-5c90-5364-adad-c5c17c32888c	22	16
Devo contattare Tom.	I must contact Tom.	9da3c1be-e324-5367-b914-41c8efd93b57	20	19
Io devo contattare Tom.	I must contact Tom.	7b32320e-7e51-5e8b-b787-cbe4f2b523cc	23	19
Devo fare una chiamata.	I must make a call.	1a74b72b-6679-55e4-9daf-0529b9d99e6a	23	19
Io devo fare una chiamata.	I must make a call.	4de88768-4bc4-55fa-a473-2637214232d6	26	19
Ho perso la mia occasione.	I missed my chance.	e85067cd-fa64-572e-90d4-57b9b73fcf78	26	19
Io ho perso la mia occasione.	I missed my chance.	f53ce0aa-2ae8-5645-a3e6-f6105fd8a976	29	19
Ho perso il mio volo.	I missed my flight.	ca6cac23-18a7-58d2-a3d6-1698d7a9ae30	21	19
Io ho perso il mio volo.	I missed my flight.	f83bb225-85da-5b26-a082-92985b549c38	24	19
Ho bisogno di più burro.	I need more butter.	6421a19f-7f34-560a-a410-02679302f3e1	24	19
Io ho bisogno di più burro.	I need more butter.	70ad2280-c279-5e11-a378-850cff895aa9	27	19
Mi serve più burro.	I need more butter.	a4ae6399-eb9b-5ce8-8a18-dff5a8d04791	19	19
Mi serve un passaggio a casa.	I need a ride home.	f57f1c7d-1e87-503b-ba20-cfa7194658fc	29	19
A me serve un passaggio a casa.	I need a ride home.	d0120cdc-63f5-5a58-86e8-bfc9ca014a20	31	19
Ho bisogno di un passaggio a casa.	I need a ride home.	8afad498-5cb6-5b35-ae1c-40374e44d479	34	19
Io ho bisogno di un passaggio a casa.	I need a ride home.	31dae82c-7d41-57db-91ee-7d38699ddc14	37	19
Mi serve un altro lavoro.	I need another job.	18ef61ed-0c4b-5b62-a584-2abe34b98d67	25	19
A me serve un altro lavoro.	I need another job.	704333f6-c215-51fb-bd62-3b263bf75838	27	19
Mi serve un grosso favore.	I need a big favor.	0cefc8ee-7385-5c06-9f0b-124114cb2cd0	26	19
Ho bisogno di un grosso favore.	I need a big favor.	a0380707-8dbb-54fd-b1c1-45903512bd7e	31	19
La tua camera è grande.	Your room is big.	dca38288-2e94-5ec0-9a7d-fbc38c9f5edc	23	17
La sua camera è grande.	Your room is big.	c490a270-d2a0-52a1-a4c5-7485e848b796	23	17
La vostra camera è grande.	Your room is big.	e31b1928-57a7-56a3-8e18-ee91dc9e9184	26	17
La tua camera è molto grande.	Your room is very big.	ed9bec59-118e-5df6-a596-8da2c2d1a333	29	22
La sua camera è molto grande.	Your room is very big.	d85d91e2-5acd-51b0-8b84-45d45a3b24ec	29	22
La vostra camera è molto grande.	Your room is very big.	be284a3a-43a4-505a-9049-b0dc283ffa2f	32	22
Non è bravo come avvocato.	He is no good as a lawyer.	361316e9-b087-5821-bc67-65ab37199dd8	26	26
Lui non è bravo come avvocato.	He is no good as a lawyer.	4a094d9d-7515-50ba-bdc3-95110d26f50c	30	26
Non voglio vivere qui.	I don't want to live here.	668c2559-25a5-5147-b5f3-fc39f8bf4b5d	22	26
Io non voglio vivere qui.	I don't want to live here.	8a0bb3ca-4a37-52a9-996b-5ed3437278d3	25	26
Non ho resistito.	I did not resist.	d8d08bf2-420c-57cf-9560-e2e07f784cf6	17	17
Io non ho resistito.	I did not resist.	60b30312-72f1-53a0-8d80-4d0ab6296357	20	17
Non hanno resistito.	They did not resist.	7ec2dab3-c223-5940-bf1d-dc810b3104e4	20	20
Loro non hanno resistito.	They did not resist.	d4a07aa8-2def-54d5-b237-9f242588b1ff	25	20
Non ha resistito.	He did not resist.	a34e2327-2993-5e9c-ac53-f8198bd57d01	17	18
Lui non ha resistito.	He did not resist.	82dab9ae-c003-5bfa-acc0-adc1c4b7baaf	21	18
Lei non ha resistito.	She did not resist.	8e47ab66-e896-5af7-9f8d-91c92acfcd43	21	19
È riuscito a scappare.	He managed to escape.	38c186fa-4b2d-5a63-a1b5-2d305b3f35b0	22	21
Lui è riuscito a scappare.	He managed to escape.	c91adb11-eeed-55e2-999c-f048f9604090	26	21
Riuscì a scappare.	He managed to escape.	03655e62-4af6-5433-b205-7467dd25ff75	18	21
Lui riuscì a scappare.	He managed to escape.	4649a01d-af30-5db6-b623-af949051360b	22	21
Non sai cosa ti stai perdendo.	You don't know what you're missing.	dc302dd0-483d-5469-9921-25ada25b4cfe	30	35
Tu non sai cosa ti stai perdendo.	You don't know what you're missing.	665c92f7-c3cd-5363-a4b2-52ae616ab42a	33	35
Non sa cosa si sta perdendo.	You don't know what you're missing.	dc065964-a430-51ac-bcb3-5c5d06b63ba3	28	35
Lei non sa cosa si sta perdendo.	You don't know what you're missing.	2eb1b71a-1ce1-5384-b398-b06398066e23	32	35
Non sapete cosa vi state perdendo.	You don't know what you're missing.	0fd8583e-a61a-5026-9552-a8b1ea6a1d32	34	35
Voi non sapete cosa vi state perdendo.	You don't know what you're missing.	dc2a650d-a71e-5c90-a422-c18c5a8b7710	38	35
Mi servono quei file.	I need those files.	0f97e1d4-36f4-55a2-8d80-e017c427709d	21	19
Ho bisogno di quei file.	I need those files.	e1b3ba10-850e-5104-8752-bd05b5b2825f	24	19
Io ho bisogno di quei file.	I need those files.	ec2eb408-12a2-57df-b9b9-1b5d22e0dc93	27	19
Devo chiamare Tom.	I need to call Tom.	693d8f86-3a53-5bbf-8bef-d5cf706c51c8	18	19
Io devo chiamare Tom.	I need to call Tom.	5215cd08-66b7-5d34-8be7-05ef606b16f1	21	19
Ho bisogno di chiamare Tom.	I need to call Tom.	482ca6e9-bb52-50af-a296-9b9ad6a011a5	27	19
Io ho bisogno di chiamare Tom.	I need to call Tom.	8d9c2601-a585-5dff-bdb1-48b6ee09e414	30	19
Basta mentire.	Stop lying.	031aa9d5-dbcb-5e1d-b806-699fef7f62c2	14	11
Sembrava compiaciuta di vedermi.	She seemed pleased to see me.	1001b4f9-ca23-5b36-9c89-4a2c657064d8	32	29
Lei sembrava compiaciuta di vedermi.	She seemed pleased to see me.	17b574f3-a665-5c38-8f5b-e9c51bc6ee23	36	29
Sembrava compiaciuto di vedermi.	He seemed pleased to see me.	b8bf883d-0dbc-50ef-90d2-d5673b35ea9d	32	28
Lui sembrava compiaciuto di vedermi.	He seemed pleased to see me.	330a7cc5-fffe-50b9-9e30-c2f4ba8b3ad3	36	28
Sei pronto a divertirti?	Are you ready to have fun?	1da9d7c9-4de2-528a-8fa0-3d0b9d83faea	24	26
Sei pronta a divertirti?	Are you ready to have fun?	64a7d182-6160-5d92-9cc1-9d835a7bcb5d	24	26
È pronto a divertirsi?	Are you ready to have fun?	3f90efa1-c555-5d40-9d36-9541ba23cb66	22	26
È pronta a divertirsi?	Are you ready to have fun?	227c980e-4416-50e7-8031-66ea5a4112c0	22	26
Siete pronti a divertirvi?	Are you ready to have fun?	1d57164b-7bf9-552d-b29a-7a688b42f922	26	26
Siete pronte a divertirvi?	Are you ready to have fun?	7b7b3493-ac3e-5185-acc7-bc1d4d332855	26	26
Non ti ho mai dimenticato.	I never forgot you.	f6bb1965-566a-5cdf-a3a1-6a5b755413a9	26	19
Non ti ho mai dimenticata.	I never forgot you.	bf82d589-a2d1-544d-82c2-ac9739649640	26	19
Io non ti ho mai dimenticato.	I never forgot you.	0ebe29f8-3f9e-5244-8b65-ac0f0e6b83b8	29	19
Io non ti ho mai dimenticata.	I never forgot you.	0791a5ca-6ba4-572b-9a81-36ff4a4c2d37	29	19
Devo trovare Tom.	I need to find Tom.	7ef1164c-37b1-5828-9387-a19cf1ed7007	17	19
Io devo trovare Tom.	I need to find Tom.	334e82ae-e994-50a9-b1fa-513476723e1c	20	19
Ho letto una storia a Tom.	I read Tom a story.	302556ec-b083-5865-b867-119167fcdedc	26	19
Una volta ero un poliziotto.	I used to be a cop.	e54c02f9-965e-5e0e-8016-430ddbba1cd2	28	19
Una volta io ero un poliziotto.	I used to be a cop.	4fbb8861-5f6b-544b-a6fb-251a80364e32	31	19
Una volta odiavo Tom.	I used to hate Tom.	332f0447-436f-5434-b941-ebdfb8817abd	21	19
Una volta io odiavo Tom.	I used to hate Tom.	6852e607-ac73-5673-a421-d16aba247250	24	19
Voglio picchiare Tom.	I want to beat Tom.	c846c457-a461-52f5-a89f-4d5fb36e6173	21	19
Io voglio picchiare Tom.	I want to beat Tom.	4d088ca6-c734-5575-9b60-448abff7a1c2	24	19
Voglio battere Tom.	I want to beat Tom.	90c7e777-1c7d-55c4-b271-028dddb2b2f5	19	19
Io voglio battere Tom.	I want to beat Tom.	1eee2340-e045-50c5-8baf-ed84eb34e617	22	19
Provo a mangiare correttamente.	I try to eat right.	d8da0903-2635-5336-9033-0c92cc9b96d7	31	19
Io provo a mangiare correttamente.	I try to eat right.	fb864eb3-872e-5eeb-9b80-092eb91bc4f0	34	19
Voglio mangiare qui.	I want to eat here.	b526e996-3a78-5ea8-b238-6e3f06f2736d	20	19
Io voglio mangiare qui.	I want to eat here.	730602ac-61bc-5308-af6c-8105cafddf23	23	19
Metti una parola tra parentesi.	Put a word in parentheses.	78278c6a-8c48-5439-8329-07f37cd8cf46	31	26
Metta una parola tra parentesi.	Put a word in parentheses.	7e67c94d-d8d7-5a3c-9e8c-3ac8d0e92e7b	31	26
Mettete una parola tra parentesi.	Put a word in parentheses.	46af0543-a188-5eb5-8951-de81f57c191a	33	26
Voglio aiutare Tom.	I want to help Tom.	5a74acd5-32b3-53c8-80f2-892cd4b11dc0	19	19
Io voglio aiutare Tom.	I want to help Tom.	a59655a7-b276-5cba-b51e-0596d90e7c2a	22	19
Voglio trovare Tom.	I want to find Tom.	c6cae4f7-c86d-5321-acbd-0b3fc1b8f7b7	19	19
Io voglio trovare Tom.	I want to find Tom.	cbd0481c-60c7-5b2e-97db-08616343f5b9	22	19
Voglio dirlo a Tom.	I want to tell Tom.	43b783c1-69b0-5eb1-a526-77d6b548a70e	19	19
Io voglio dirlo a Tom.	I want to tell Tom.	77aba81f-f0fa-5490-9aae-ef995e55899d	22	19
Voglio sedermi.	I want to sit down.	53b4bc0a-fb70-50a9-8a46-6aae7d0ba25d	15	19
Io voglio sedermi.	I want to sit down.	9453a21f-00ec-5ae3-90a6-37deb5b9941d	18	19
Sono le 7:45.	It is 7:45.	b198fdbf-47a8-58d3-b447-4d27ca3dbc8b	13	11
Sono le sette e quarantacinque.	It is 7:45.	a4a20fef-0e44-56c4-85eb-a7fc183cac15	31	11
Facciamo festa!	Let's party!	845e0bf7-c4d0-59b7-8d78-ab38a4018b04	15	12
Voglio che Tom perda.	I want Tom to lose.	a87336fc-cf1f-5043-94ba-b72bc6d4e253	21	19
Io voglio che Tom perda.	I want Tom to lose.	3bf06edb-4ec2-5210-87b6-5544205e1aa8	24	19
Voglio che Tom viva.	I want Tom to live.	6ce67681-0d0b-5d54-8ed3-969c1d620db6	20	19
Io voglio che Tom viva.	I want Tom to live.	e9ee171b-742d-515c-ba51-1e0e48b40972	23	19
Voglio avvisare Tom.	I want to warn Tom.	d52dfdec-4c6d-557d-a44c-c05ec0a98c7a	20	19
Io voglio avvisare Tom.	I want to warn Tom.	56e9b876-5e44-586f-a27c-58647d2beca8	23	19
Ero in grado di aiutare.	I was able to help.	68160fd7-5bc0-531d-81c5-5cb48f642006	24	19
Io ero in grado di aiutare.	I was able to help.	30d24dbb-2197-550c-a0ef-0d66ba08b2bf	27	19
Sono stato squalificato.	I was disqualified.	db82d35a-32d6-51f9-bc98-2aea43612d8c	24	19
Io sono stato squalificato.	I was disqualified.	5a06b9b7-54bb-541a-b178-653c44579cc5	27	19
Sono stata squalificata.	I was disqualified.	527df056-fbed-5384-b91b-e164738b91f0	24	19
Io sono stata squalificata.	I was disqualified.	33e9899b-dac6-55a2-9e4d-a796e19e6c7b	27	19
Stavo solo scherzando.	I was just kidding.	9c91dc92-657d-5a0a-8912-38a93e49c258	22	19
Io stavo solo scherzando.	I was just kidding.	8f28bcca-8b23-5da2-81a9-12cfc02db119	25	19
Mi è stato chiesto di mentire.	I was asked to lie.	ac988103-080a-5d96-8b8a-bd26aa3bd304	30	19
Io ero in casa.	I was in the house.	1b781de0-8b73-513a-8280-61f2b443f658	15	19
Ero nella casa.	I was in the house.	b16541a0-0b54-5f17-b587-913cf1111b00	15	19
Io ero nella casa.	I was in the house.	0027af95-123e-5997-94b4-4bbf27b643bb	18	19
Stavo solo guardando.	I was just looking.	cfd99dfd-3d25-5d01-becb-82993c474ff4	21	19
Stavo solo leggendo.	I was just reading.	4fe08762-9087-563a-a539-5fc83a52a801	20	19
Io stavo solo leggendo.	I was just reading.	f60428ae-bd01-5f92-bac2-c8872e8f4ad1	23	19
Io stavo solo guardando.	I was just looking.	af55b3c7-059e-5ae6-b4cb-f723600f7875	24	19
Stavo parafrasando.	I was paraphrasing.	e15f99c1-c4b0-5f10-a186-12b3bf13768c	19	19
Io stavo parafrasando.	I was paraphrasing.	5710b051-5f92-5ae5-8209-447b062e97e6	22	19
Avevo abbastanza fame.	I was quite hungry.	c6df2a78-5a3b-55e6-8fed-27472df7f8b8	22	19
Io avevo abbastanza fame.	I was quite hungry.	0b7419a1-d44c-5c3a-a946-4fed95b67bf7	25	19
Ero fiero di Tom.	I was proud of Tom.	ce7ecf0b-2b30-5a8f-8180-7cb06e25d54d	17	19
Io ero fiero di Tom.	I was proud of Tom.	ca8c9fd2-2d9f-5e88-b21b-a6d4c2b1f318	20	19
Ero fiera di Tom.	I was proud of Tom.	4f823eac-828e-58ec-bcd3-db681880dbe9	17	19
Io ero fiera di Tom.	I was proud of Tom.	a224ca3e-86ec-5e6b-89a2-bd836bf192c3	20	19
Ero orgoglioso di Tom.	I was proud of Tom.	d16e169a-c67b-56cb-b096-545205e4334b	22	19
Io ero orgoglioso di Tom.	I was proud of Tom.	31883f52-d0a5-50a6-85c7-23182438cb3f	25	19
Ero orgogliosa di Tom.	I was proud of Tom.	b7dce49d-16fe-54bc-a0af-cc936bb25b81	22	19
Io ero orgogliosa di Tom.	I was proud of Tom.	63040a59-c15e-5ceb-80ca-56286bf67197	25	19
È venuta in Giappone per studiare il giapponese.	She came to Japan to study Japanese.	f4313a19-59bb-59e5-a859-c1f20e60ef33	48	36
Venne in Giappone per studiare il giapponese.	She came to Japan to study Japanese.	1a7612a9-8484-5a2f-93e0-3b429e54bb33	45	36
Lei venne in Giappone per studiare il giapponese.	She came to Japan to study Japanese.	fe772c70-c984-56bb-963d-161b809d47d9	49	36
Stavo giocando qui.	I was playing here.	44b736b4-8e85-5eab-8fb7-3c0e5950625b	19	19
Io stavo giocando qui.	I was playing here.	a47ec420-7510-5178-9674-715a75ea6349	22	19
Stavo suonando qui.	I was playing here.	6b7048f7-72e9-5bae-be6a-9dba61a029f1	19	19
Io stavo suonando qui.	I was playing here.	9ae11bb1-a19d-54fd-9ff9-8b7de95c9c3e	22	19
Ero molto prudente.	I was very careful.	1088fe46-938d-5815-8294-81b58da3bfe2	19	19
Io ero molto prudente.	I was very careful.	2f8b916a-b4ba-57d5-a09c-f407b44ee7f7	22	19
Ero con qualcuno.	I was with someone.	8df53316-a765-5006-a4ac-d907ed87f4ab	17	19
Io ero con qualcuno.	I was with someone.	22e8e0b9-6c0c-59dc-8785-1d9ba8a8c00e	20	19
Non ero neppure qui.	I wasn't even here.	ffaa81d2-63f1-5df6-9a48-9059e53e122c	20	19
Io non ero neppure qui.	I wasn't even here.	a960e4fc-511a-5196-b10b-84825b656178	23	19
Non ero malato allora.	I wasn't sick then.	e58c291f-5a20-5df4-87db-4f440d97f483	22	19
Non ero malata allora.	I wasn't sick then.	8cfeca7f-ef0f-5785-9ec5-5ff032f3e365	22	19
L'autobus parte fra cinque minuti.	The bus leaves in five minutes.	a257e5bd-1a1f-5c43-ac5f-8607b2f69f1d	34	31
Non mi era stato detto.	I wasn't told that.	01136db6-0282-5495-b8a1-9f78450904f7	23	19
A me non era stato detto.	I wasn't told that.	26537e53-2a47-5013-be73-49160b70cf69	25	19
Non me lo perderei.	I wouldn't miss it.	f64c684a-6ca7-5e0f-b11c-d1ba94629352	19	19
Io non me lo perderei.	I wouldn't miss it.	2cce1fa4-4744-5d85-b65e-b488931ffd4b	22	19
Non me la perderei.	I wouldn't miss it.	8620cf14-37f4-535d-b368-a6e131d38911	19	19
Io non me la perderei.	I wouldn't miss it.	054da4e0-3d74-5a0d-848e-7b8211f48aa8	22	19
Posso invitarti a cena?	May I invite you to dinner?	32f2a62b-ffc3-5a40-a603-4c4aec3a949f	23	27
Posso invitarla a cena?	May I invite you to dinner?	b5063e80-161f-5631-ba40-3e82b91e4993	23	27
Non ti assisterò.	I won't assist you.	424f2022-35f7-509e-b55e-1257be3827cd	17	19
Io non ti assisterò.	I won't assist you.	6f8964e5-1609-58b1-b261-b1b342ea3015	20	19
Non vi assisterò.	I won't assist you.	2720ee3b-51a4-56ab-9c9d-9f1296d0c8d7	17	19
Io non vi assisterò.	I won't assist you.	0355b69e-0244-5041-9e36-0861bb8ba2b2	20	19
Non la assisterò.	I won't assist you.	bb629128-a920-50bf-a3eb-8bb3c43a4287	17	19
Io non la assisterò.	I won't assist you.	455cc69b-be1a-57e8-8def-730de4d6661a	20	19
L'ho scritto per Tom.	I wrote it for Tom.	c9276268-4e7f-54f2-9d8f-2f2171d988a8	21	19
L'ho scritta per Tom.	I wrote it for Tom.	40255458-4738-54c8-8655-35ba4899fa51	21	19
I risultati non contraddiranno la teoria.	The results will not contradict the theory.	6ab44d51-85e5-523b-86c4-5f2d290d0477	41	43
L'autobus parte tra cinque minuti.	The bus leaves in five minutes.	41c54235-34f7-52b1-b2be-28f659384e1c	34	31
Sono andato a un concerto.	I went to a concert.	317cc2bf-25d7-54c2-beda-6f4087ce657e	26	20
Io sono andato a un concerto.	I went to a concert.	f9b4c270-a708-5780-a65b-efacb2026a7f	29	20
Sono andata a un concerto.	I went to a concert.	412c47b7-8a72-5e9b-9e30-3961904085f9	26	20
Io sono andata a un concerto.	I went to a concert.	45966d7b-8f5c-5c88-bc58-b38dfd818f51	29	20
Andai a un concerto.	I went to a concert.	36501915-eaae-5ff1-8509-0e5bd53fbe43	20	20
Io andai a un concerto.	I went to a concert.	91a7e702-f3ef-5afe-a371-b7b0159c0805	23	20
Farei meglio a chiedere a Tom.	I'd better ask Tom.	2ab9b2cf-bd00-5842-ad48-cd067c146e47	30	19
Io farei meglio a chiedere a Tom.	I'd better ask Tom.	5759447b-e257-5ba1-b26f-b144b06b15c4	33	19
L'uomo sveglia il ragazzo.	The man awakens the boy.	e949e488-5b5d-5475-822e-e8837df0f566	26	24
Non farei mai del male a Tom.	I'd never hurt Tom.	79550cfd-899e-55c2-b243-8a1678f13f22	29	19
Io non farei mai del male a Tom.	I'd never hurt Tom.	09db0aed-a902-5ce0-abd5-2e7706bbd9c4	32	19
Non assumerei mai Tom.	I'd never hire Tom.	31ed8191-875d-5105-a890-2c42a812f3c6	22	19
Io non assumerei mai Tom.	I'd never hire Tom.	f2954359-4e4e-51ab-96f9-ea2b8d19f50c	25	19
Non lo direi mai.	I'd never say that.	39ea6773-a409-54e8-850c-69a7f58b634d	17	19
Io non lo direi mai.	I'd never say that.	3ced8e80-1631-56b8-b49a-7a03c2c3baf8	20	19
Preferirei non provare.	I'd rather not try.	60576a19-d72d-5d6e-82f8-82fb40cdb6f2	23	19
Io preferirei non provare.	I'd rather not try.	83e463cf-3337-5709-841e-0a8c76a5b923	26	19
Preferirei andare a casa.	I'd rather go home.	0b619235-deb7-5892-bb14-c645831fce7a	25	19
Io preferirei andare a casa.	I'd rather go home.	30886e58-fdaa-5704-b396-ce562aeed914	28	19
Farei meglio ad andare a casa.	I'd better go home.	bcbd5d91-10a0-57f8-8adc-2c4f397c1f42	30	19
Io farei meglio ad andare a casa.	I'd better go home.	2ba55219-7497-5eb9-b5d2-fbfdc19f24bd	33	19
Non ti farei mai del male.	I'd never hurt you.	98c60303-dde5-5bf0-8167-eb0cbb6cfeb0	26	19
Io non ti farei mai del male.	I'd never hurt you.	6c47f410-df15-5445-b6d3-7393fcf1202d	29	19
Non vi farei mai del male.	I'd never hurt you.	b2d06cc5-1cee-5ddd-993f-9b0b84bc92a3	26	19
Io non vi farei mai del male.	I'd never hurt you.	a3ed0b18-a38b-5352-ad79-34a4fffea130	29	19
Non le farei mai del male.	I'd never hurt you.	ec58796d-7f78-5abb-a25d-03fcade32435	26	19
Io non le farei mai del male.	I'd never hurt you.	7637db6a-e776-58d7-a463-3dd91fc1df5c	29	19
Sarò nella mia stanza.	I'll be in my room.	0b71124f-8889-5ec8-8a14-d1ad6cfd9961	22	19
Io sarò nella mia stanza.	I'll be in my room.	5488ec63-644f-5e86-b8d4-ce9cc463f566	25	19
Sarò in laboratorio.	I'll be in the lab.	322912b8-ae0a-50e5-a993-ae48b8eddb7b	20	19
Io sarò in laboratorio.	I'll be in the lab.	66ae8452-8a2e-5e00-afce-5f1d6208e302	23	19
Si è sbrigato per non perdere il treno.	He hurried so that he wouldn't miss the train.	76536248-d221-5b76-848d-57dc12d7351e	39	46
Lui si è sbrigato per non perdere il treno.	He hurried so that he wouldn't miss the train.	4feee977-9928-5116-98cf-57c8a80736b6	43	46
Si sbrigò per non perdere il treno.	He hurried so that he wouldn't miss the train.	8805e4ae-707a-55e1-ba88-5de43e3e871d	35	46
Lui si sbrigò per non perdere il treno.	He hurried so that he wouldn't miss the train.	2d5bd878-2adf-53ea-be74-640b995a129d	39	46
Sarò la tua guida.	I'll be your guide.	554568d5-59c6-5b78-994a-c42e9bc9a8f6	18	19
Io sarò la tua guida.	I'll be your guide.	039fc308-35fc-56a8-9591-40bcf03dc411	21	19
Sarò la sua guida.	I'll be your guide.	6e7f35bb-3c47-56f5-b6f5-0be903f18982	18	19
Io sarò la sua guida.	I'll be your guide.	612c4c10-ea17-5230-a9fb-a0a502138834	21	19
Sarò la vostra guida.	I'll be your guide.	e71a2f5b-cd82-5dcf-82e5-2934a0c2d92b	21	19
Io sarò la vostra guida.	I'll be your guide.	285879bb-2849-5ff1-b231-b1a85e6ff741	24	19
Si è laureato all'Università di Tokyo.	He graduated from Tokyo University.	6f649b1e-0912-52d2-9b32-4b679677e988	38	35
Lui si è laureato all'Università di Tokyo.	He graduated from Tokyo University.	f11f2d5f-ba4f-5560-b437-8c86ff624232	42	35
Si laureò all'Università di Tokyo.	He graduated from Tokyo University.	7454f259-f947-599b-9014-9c676476accf	34	35
Lui si laureò all'Università di Tokyo.	He graduated from Tokyo University.	75f48537-f3d1-552b-8443-e68650c7703e	38	35
Chiamerò la sicurezza.	I'll call security.	78350e36-6a77-5e4a-aa34-8c65459b5991	22	19
Io chiamerò la sicurezza.	I'll call security.	0d543ecc-fa35-5035-81de-4e2d62955841	25	19
Troverò un dottore.	I'll find a doctor.	8868bbca-d6bd-550d-91e2-cad2ee26f7b8	19	19
Io troverò un dottore.	I'll find a doctor.	1aba727f-1d48-56ba-af8f-805fa740f073	22	19
Passerò più tardi.	I'll come by later.	5967cbc6-b9f0-55f9-959a-ccab3ecd43b7	18	19
Io passerò più tardi.	I'll come by later.	924800af-d698-553a-af34-edfc13d0a2f3	21	19
Lo farò più tardi.	I'll do that later.	f23facd2-d205-5c42-9d34-f36f68fcffc5	18	19
La farò più tardi.	I'll do that later.	f67191be-ceac-512f-b57c-d14768391567	18	19
Lo farò per te.	I'll do it for you.	1ca2fe74-427a-53e2-9192-6088371944ae	15	19
Io lo farò per te.	I'll do it for you.	a61cbd1a-0264-54d5-9d33-82352fcdb648	18	19
Lo farò per voi.	I'll do it for you.	1421ac82-1caf-50bb-94a3-5a1b101e48e0	16	19
Io lo farò per voi.	I'll do it for you.	e710e0cf-9b82-59eb-9e50-36efbbc41615	19	19
Lo farò per lei.	I'll do it for you.	62e69ed9-c47c-58f3-a6cc-e5c9f987e4b5	16	19
Io lo farò per lei.	I'll do it for you.	f9175411-184d-5ee4-b0b5-a50ce1266f50	19	19
Le monete sono fatte di metallo.	The coins are made of metal.	19484c41-3bac-5b36-b987-8a86c149676e	32	28
Andrò il mese prossimo.	I'll go next month.	89c78690-1268-51d8-9cdc-4a1b238422e3	23	19
Io andrò il mese prossimo.	I'll go next month.	4840fc3f-ca60-59ec-909e-12aff7ec3968	26	19
Andrò al college.	I'll go to college.	cd4d01f8-1f65-52cc-8959-95bb5f79bb2a	17	19
Io andrò al college.	I'll go to college.	ec477758-2c52-5052-9569-0904ce1813ac	20	19
Aiuterò a trovare Tom.	I'll help find Tom.	6d193a42-03df-5a94-8a0b-914fc5ab0d1b	22	19
Io aiuterò a trovare Tom.	I'll help find Tom.	8a370de4-1f5a-5221-ad8c-ccafc42b5ab9	25	19
Ti darò questo.	I'll give you this.	723f4057-7737-5168-9a76-8598ac41d99a	15	19
Ti darò questa.	I'll give you this.	298258ab-bdba-5b33-9d63-f419aac6b518	15	19
Vi darò questo.	I'll give you this.	0cbf1d08-71e2-56a3-816e-6aa9999bfa2b	15	19
Vi darò questa.	I'll give you this.	ec21fc1f-5c5e-5511-8bbf-19b166556b7f	15	19
Le darò questo.	I'll give you this.	188b7f8d-ac4c-5e56-8e3e-223303c35bea	15	19
Le darò questa.	I'll give you this.	88910a6f-4a10-5e55-ba03-d2226687f80e	15	19
Andrò a trovare una biro.	I'll go find a pen.	a6b6e493-ded1-5ed5-907a-105605ffd483	25	19
Andrò a trovare una penna.	I'll go find a pen.	fa98b9c2-641f-5169-8fc9-4eec9473f866	26	19
Gestirò le cose.	I'll handle things.	852aa904-ddf1-5956-a04f-351de8f162d9	16	19
Io gestirò le cose.	I'll handle things.	a0804ffc-4d5b-54d3-9089-77ed514fb6ac	19	19
Mi mancheranno tutti.	I'll miss everyone.	1dc7b5b6-7930-58ad-ac1e-c63845c925c4	21	19
Lo saprò domani.	I'll know tomorrow.	0f0847d1-9f40-586b-b337-5c3d49595975	16	19
Io lo saprò domani.	I'll know tomorrow.	522af89d-0b16-541c-a6be-cd6cb0cb35f5	19	19
Non sarò mai ricco.	I'll never be rich.	a47380d3-4045-5f09-b61c-873bc2d26b74	19	19
Io non sarò mai ricco.	I'll never be rich.	93ff256b-7045-5f74-b900-3cae476e03c4	22	19
Non sarò mai ricca.	I'll never be rich.	15aa9786-d249-5abc-923a-a0ee4c7730cb	19	19
Io non sarò mai ricca.	I'll never be rich.	a8e4b5c2-7d81-5f0b-9be0-5b87a237b58d	22	19
Mi mancherai, Tom.	I'll miss you, Tom.	c18496c8-fe26-574c-82a1-ca7cb58bf52a	18	19
Mi incontrerò con Tom.	I'll meet with Tom.	cc2b811b-b61f-5540-a288-f7f59817b49e	22	19
Io mi incontrerò con Tom.	I'll meet with Tom.	69772fa7-1c64-52c7-8faa-bcaa468b9893	25	19
Continuerò a controllare.	I'll keep checking.	bc87907f-bdc3-5824-9b35-aaf877c7bc66	25	19
Io continuerò a controllare.	I'll keep checking.	b91a7260-c3ce-5c08-9231-b6901f7e78ab	28	19
Vedrò Tom più tardi.	I'll see Tom later.	1c993518-af46-58f2-924b-1869a8944152	20	19
Io vedrò Tom più tardi.	I'll see Tom later.	83224ae3-4671-5ee3-b347-0dd270396546	23	19
Starò con Tom.	I'll stay with Tom.	6ec9c4d7-df58-529e-9173-79c6437362c9	14	19
Io starò con Tom.	I'll stay with Tom.	6f3cf911-1755-58be-ba55-d4525272ed4f	17	19
Resterò con Tom.	I'll stay with Tom.	61fe78ef-d653-5939-a588-38a96de86608	16	19
Io resterò con Tom.	I'll stay with Tom.	2e833c3e-a8b4-517c-9662-de8e4b8c0914	19	19
Rimarrò con Tom.	I'll stay with Tom.	9b10994e-660c-5845-b04d-000765eb800f	16	19
Io rimarrò con Tom.	I'll stay with Tom.	1abba539-e4f0-5b17-ba33-b97c526812d9	19	19
Mi fermerò più tardi.	I'll stop by later.	8492b8f6-c0e9-52e0-a668-d090a6bc7733	21	19
Io mi fermerò più tardi.	I'll stop by later.	446c02b3-e519-5f3b-acd9-f63101bc46d7	24	19
Chiuderò la porta.	I'll shut the door.	3d3712fb-9615-52de-9e54-b42517e67fb7	18	19
Io chiuderò la porta.	I'll shut the door.	fd1af113-d8ed-51dd-bb43-0e542f7826b0	21	19
Starò con te.	I'll stay with you.	413bbdb7-cba9-5b9b-a68f-961604ae7062	13	19
Io starò con te.	I'll stay with you.	e205d479-910a-57c6-a2ff-2c599a75a3b5	16	19
Starò con voi.	I'll stay with you.	12f18e71-b138-5393-8b39-e653b1cb975c	14	19
Io starò con voi.	I'll stay with you.	6dc22f89-d3f2-5de3-b4a8-35d7b248033d	17	19
Starò con lei.	I'll stay with you.	d0b96b69-c98b-58f2-96ee-57ad6b6d837a	14	19
Io starò con lei.	I'll stay with you.	136e0a4f-4f1d-527a-9a02-a0585fd72843	17	19
Ci vedremo lì.	I'll see you there.	ea232ad7-f29e-577e-bc30-fce440de49b5	14	19
Prenderò qualunque cosa.	I'll take anything.	15e90b83-bf27-5d0b-82ab-c81f4deb66d4	24	19
Io prenderò qualunque cosa.	I'll take anything.	dbb8f240-6f31-5a71-87de-10fbedb0eabd	27	19
Prenderò qualsiasi cosa.	I'll take anything.	a645f104-6339-571b-b8ad-38f6218d15a2	24	19
Io prenderò qualsiasi cosa.	I'll take anything.	51cfde8a-2bee-500f-bedb-d0d1300df52e	27	19
Tom ha accettato il regalo di Mary.	Tom accepted Mary's gift.	dde101fd-81a3-5cec-99a2-00951634bc27	35	25
Tom accettò il regalo di Mary.	Tom accepted Mary's gift.	9625d6d6-0387-5fc7-9cc4-6d478f83d8ff	30	25
Aspetterò con te.	I'll wait with you.	9a5cedc0-f40f-5b92-ae08-d3c592921283	17	19
Io aspetterò con te.	I'll wait with you.	21d61811-205f-5a1e-a0d9-ed500576545d	20	19
Aspetterò con voi.	I'll wait with you.	2f0319c5-e019-538c-809a-c548159cb3a5	18	19
Io aspetterò con voi.	I'll wait with you.	96867405-35b3-5c05-aa4c-b20ab0582886	21	19
Aspetterò con lei.	I'll wait with you.	f6e59289-5b9a-586a-ae3e-74068370990f	18	19
Io aspetterò con lei.	I'll wait with you.	642896c1-0679-548a-bfd5-6615710c6ca2	21	19
Correrò il rischio.	I'll take the risk.	d3eb1908-8f3d-59db-8cee-6e2e5cc0e42c	19	19
Io correrò il rischio.	I'll take the risk.	3f72cad3-74cb-55c8-8661-fb09f577b9d3	22	19
Tom sa parlare anche il francese.	Tom can speak French as well.	9b584b57-3297-5783-9bc0-608ee7c2e0eb	33	29
Accetterò l'accordo.	I'll take the deal.	9e2507e0-3d77-5461-b302-59f75ab30c75	20	19
Io accetterò l'accordo.	I'll take the deal.	08907632-939b-5d23-96b2-4426bf600536	23	19
Io sono un po' ubriaco.	I'm a little drunk.	eba813eb-3352-5757-a7bf-acfceeb348d7	23	19
Io sono un po' ubriaca.	I'm a little drunk.	3cf4d0f1-df4c-570a-adde-cb68223ac054	23	19
La Grecia ha una grande storia.	Greece has a great history.	736e6e14-fb1e-5a23-8b6d-f3447476a49a	31	27
Emily soffre di vertigini.	Emily is afraid of heights.	d6e6d086-c9d7-5e6e-8e3e-6b5cd978e5eb	26	27
Lei era vestita di bianco.	She was dressed in white.	71785457-8e40-5aff-bfe7-9443c70c42f0	26	25
È vestita di bianco.	She is dressed in white.	da731072-a0ba-5517-bb9d-f0718c145038	20	24
Lei è vestita di bianco.	She is dressed in white.	79cf6ab9-6654-57fb-bafd-026ae2971e16	24	24
La scuola è chiusa d'estate.	School's out for summer.	93759776-958b-5828-967f-9b3423407cbd	28	24
Era vestita di bianco alla festa.	She was dressed in white at the party.	33533e54-c032-5bee-b653-7d822a6bc344	33	38
Lei era vestita di bianco alla festa.	She was dressed in white at the party.	246ffa83-489c-5290-a0a0-ee66f3359e6f	37	38
Ci stavamo solo tenendo per mano.	We were just holding hands.	8b890e6d-62d3-5bf3-bb7f-6ba9b63ba228	33	27
Noi ci stavamo solo tenendo per mano.	We were just holding hands.	bb419a3b-7de7-56a1-bf72-ab165034e3db	37	27
Lavorerò con te.	I'll work with you.	401bcbcc-08f0-57b1-9a67-f32718f434fe	16	19
Io lavorerò con te.	I'll work with you.	ee56dfa3-6f46-5977-bf30-7eed86f19344	19	19
Lavorerò con voi.	I'll work with you.	8dfe6581-3203-5111-9fba-e4698dfeb863	17	19
Io lavorerò con voi.	I'll work with you.	064f0cf1-ff5b-5039-9e9f-19c9b0d8d5fb	20	19
Lavorerò con lei.	I'll work with you.	0c28d4b9-d8b6-539c-9b9d-570083cc80c6	17	19
Io lavorerò con lei.	I'll work with you.	d7038b89-e488-53d6-9d89-4673f1c7f202	20	19
Sono un insegnante qui.	I'm a teacher here.	d4649609-4547-5efb-92b5-49113de053bd	23	19
Io sono un insegnante qui.	I'm a teacher here.	a662be85-523f-540c-9d63-081593047818	26	19
Sono un'insegnante qui.	I'm a teacher here.	d056f424-584d-53f6-84c4-77dc6ecee823	23	19
Io sono un'insegnante qui.	I'm a teacher here.	96d8872c-92c5-5516-864c-8ce74871779a	26	19
Sto riparando l'orologio.	I am fixing the clock.	a48e2a45-365f-5751-9b16-bf1ed0cf0145	25	22
Io sto riparando l'orologio.	I am fixing the clock.	6bf23ffe-d671-57fb-a39b-b7dbe1e4fad0	28	22
Sto aggiustando l'orologio.	I am fixing the clock.	b9ac0dfb-9fbc-5f90-bbe7-20003a02a939	27	22
Io sto aggiustando l'orologio.	I am fixing the clock.	8b424cf0-d5e2-57e0-9500-8ab09ed9ff3c	30	22
Ho paura per te.	I'm afraid for you.	91f7d5c6-9980-5c1a-8144-eacc389853a4	16	19
Io ho paura per te.	I'm afraid for you.	fab92176-4cfa-5b8c-8796-d41d4fe4edde	19	19
Ho paura per voi.	I'm afraid for you.	a2f186c5-442a-5188-870b-a4be6d731cfc	17	19
Io ho paura per voi.	I'm afraid for you.	819cb062-6879-56a5-a803-d914720f9190	20	19
Ho paura per lei.	I'm afraid for you.	a0eefd1f-e3cf-5e1d-a343-4d524444447c	17	19
Io ho paura per lei.	I'm afraid for you.	eb2c71db-6c82-5ce0-bfb3-a7370b87ff6e	20	19
Lo so per chi hai votato.	I know who you voted for.	261dedf5-46b4-5798-888f-30766dad08df	25	25
Io lo so per chi hai votato.	I know who you voted for.	dc7d3b0b-a22f-59ce-b186-d8800cafef1e	28	25
Lo so per chi ha votato.	I know who you voted for.	5dd24203-652e-5e0c-b268-9264b6f46bcf	24	25
Io lo so per chi ha votato.	I know who you voted for.	c0b4c502-29de-53f8-8f94-35327f858494	27	25
Lo so per chi avete votato.	I know who you voted for.	9f9fe875-c66f-5482-bc71-586ad9baa311	27	25
Io lo so per chi avete votato.	I know who you voted for.	2ca71e15-a1ce-5799-ac07-af70ae1be321	30	25
Sono sempre prudente.	I'm always careful.	a90e96be-15fa-50dc-84b8-63f6ecc96d02	21	19
Io sono sempre prudente.	I'm always careful.	e830f529-1abc-55a9-bb28-ca5ef13a2bbb	24	19
Sono in aeroporto.	I'm at the airport.	2aa2dfcb-68d9-589b-a66e-244b314c7ba4	18	19
Io sono in aeroporto.	I'm at the airport.	0feabadb-6e72-566a-b85c-1d68e4b9478d	21	19
Sono tornato a Boston.	I'm back in Boston.	12e9c1eb-5640-537f-a0fc-3767825c1f79	22	19
Io sono tornato a Boston.	I'm back in Boston.	31f2a5dd-76be-5959-8584-220acae50ffa	25	19
Lui è più forte di te.	He's stronger than you.	59010cef-1762-58af-a772-185931a2eda1	22	23
È più forte di voi.	He's stronger than you.	fbf446a8-0c26-58aa-aa37-c4fe93483fcd	19	23
Lui è più forte di voi.	He's stronger than you.	9cc97863-ca5f-5aff-acfa-fe95a63665ab	23	23
È più forte di lei.	He's stronger than you.	0fe3fdc1-07b2-5af3-8b5e-686804926763	19	23
Lui è più forte di lei.	He's stronger than you.	eb0ab0bb-2000-505f-8cd1-5761c524461e	23	23
Non puoi incolparlo.	You can't blame him.	6ad166f4-82d0-58fa-81a8-e6d6a302963f	20	20
Tu non puoi incolparlo.	You can't blame him.	cbe79d38-629f-5299-af75-8aedbe402a4a	23	20
Non può incolparlo.	You can't blame him.	f1e77dd2-df22-595a-834c-71c3bbdfa74e	19	20
Lei non può incolparlo.	You can't blame him.	06bcc601-fa35-5289-adf5-e69811d0a1c6	23	20
Non potete incolparlo.	You can't blame him.	9c4eff34-54e7-5d52-b91f-ad4539ffe79f	22	20
Voi non potete incolparlo.	You can't blame him.	3445e2ed-c5db-50a9-af6b-b8b3b824c472	26	20
Non puoi incolpare lui.	You can't blame him.	46451874-5a8b-5093-9c6e-bad490365119	23	20
Tu non puoi incolpare lui.	You can't blame him.	e890cb3c-9268-597f-9e8b-4a1bb05572c3	26	20
Non può incolpare lui.	You can't blame him.	037bfff0-1726-50ab-9e9b-58dfd4591a10	22	20
Lei non può incolpare lui.	You can't blame him.	6b5d46e3-8bac-5bcc-8afc-f1aaa182b371	26	20
Non potete incolpare lui.	You can't blame him.	6bfb4d80-b8f2-57b6-96fe-84497ce3be75	25	20
Voi non potete incolpare lui.	You can't blame him.	10465853-664c-5d47-afe4-6a4f242800aa	29	20
Questo fiore ha un odore così buono.	This flower smells so nice.	632356f6-42ab-59a7-84e7-7ea93afe18d4	36	27
È molto preoccupata per il risultato.	She is much concerned about the result.	e5d0e593-906b-5e80-b002-1b7f37820f3d	37	39
Lei è molto preoccupata per il risultato.	She is much concerned about the result.	44baef66-4620-5b17-a721-d6ee25377fce	41	39
Sto chiamando Boston.	I'm calling Boston.	d3339587-a73c-57cb-9287-9c00483802fd	21	19
Io sto chiamando Boston.	I'm calling Boston.	eed80133-0e76-5f18-b69a-23931323a1ef	24	19
Mi fa piacere che Tom stia bene.	I'm glad Tom is OK.	d98ef5aa-dfae-5115-9a13-b1a8a0360b07	32	19
A me non piace questa macchina fotografica.	I don't like this camera.	963425f8-811a-5f03-b774-1391fd38e7bb	43	25
Mi fa piacere che tu stia bene.	I'm glad you're OK.	505fc2f3-d0e2-5dda-ae36-0e500eeccd19	31	19
Mi fa piacere che lei stia bene.	I'm glad you're OK.	9faf425b-f9b1-557b-83b6-cc44a3c1f558	32	19
Mi fa piacere che voi stiate bene.	I'm glad you're OK.	ac9d6e12-e164-5573-9874-aeb9331bd14a	34	19
Tutto quello che ha fatto Tom è stato mangiare.	All Tom did was eat.	1ea21027-2dee-5d11-a283-3e55a9616ed8	47	20
Tutto ciò che ha fatto Tom è stato mangiare.	All Tom did was eat.	e4d6ede7-25f5-5c26-b742-e0acf5b643be	44	20
Sto andando a fare shopping.	I'm going shopping.	8aaf9627-5ea8-5bad-9572-fe26960f2711	28	19
Io sto andando a fare shopping.	I'm going shopping.	26e03b93-5547-5e87-bfbb-d951b7ee25d8	31	19
Sto andando a fare acquisti.	I'm going shopping.	9badae21-641e-5250-8012-f4444f9accc1	28	19
Io sto andando a fare acquisti.	I'm going shopping.	2acc3197-bafa-5531-bd95-274eaa7a35d5	31	19
Quelle sono delle scarpe nuove?	Are those new shoes?	659a074f-7a83-50eb-a7d5-02e33d186f13	31	20
Posso chiedere qualcosa?	Can I ask something?	202806c4-8299-59ac-9dd2-7a353b119151	24	20
Sei un detective?	Are you a detective?	58f92a1e-668b-536d-a718-94ffe1a3b623	17	20
Tu sei un detective?	Are you a detective?	613fb0fe-ca1b-54f6-ac26-311aa8de774b	20	20
È un detective?	Are you a detective?	5a71d5b3-bf2a-526e-bb80-9b76f9c6ea3b	15	20
Lei è un detective?	Are you a detective?	3a036561-62e4-51c7-b5d3-bb893c0b38e6	19	20
Qualcuno resce a sentirmi?	Can anybody hear me?	ff314a92-c3f2-5ae5-aba7-6339955acb8a	26	20
Qualcuno mi può aiutare?	Can anybody help me?	4d515ad4-60bc-571b-933e-c76f39b1e4aa	24	20
Considera la mia richiesta.	Consider my request.	37e235a0-eff3-5473-9590-dc06756ba18c	27	20
Considerate la mia richiesta.	Consider my request.	7d0d4379-97f2-5b6d-bfbe-491fe452f12a	29	20
Consideri la mia richiesta.	Consider my request.	6c017317-b845-5fcd-ae17-be8efc9d9cdb	27	20
Distribuisci le carte, Tom.	Deal the cards, Tom.	07e5fbf1-2b5e-5180-ac43-c3a29e4bbfd2	27	20
Dai le carte, Tom.	Deal the cards, Tom.	f1571c05-a287-5fee-8dcf-5c0ec3f819fa	18	20
Tom l'ha detto a qualcuno?	Did Tom tell anyone?	91de26c1-50ef-5545-bf1c-3c85d0c06134	26	20
Sono partiti tutti?	Did everybody leave?	8815ce06-7a68-579e-b6ee-0325941454bf	19	20
Sono partite tutte?	Did everybody leave?	9b1cf313-ba48-5e7e-ba04-d195c9464cc4	19	20
I poliziotti sono dappertutto.	Cops are everywhere.	7bc5e060-aa0c-5f7b-990c-546cd168bf18	30	20
I poliziotti sono ovunque.	Cops are everywhere.	706deac6-e4a5-5ee6-8f42-dcc279818940	26	20
Tom capisce?	Does Tom understand?	a5eb09f6-361a-5e86-b7b3-816413e0c2e3	12	20
Tom comprende?	Does Tom understand?	1f767262-8e66-5f0a-a5e5-3d2922d52ee3	14	20
Molla il coltello, Tom.	Drop the knife, Tom.	a651b884-babb-50ac-ae8f-f22888c90b3b	23	20
Vuoi il mio aiuto?	Do you want my help?	afb4ce40-ae93-5efd-9da1-425f9a5636b3	18	20
Lo vuoi il mio aiuto?	Do you want my help?	f0760146-a712-5d41-a3dd-2318cbe70771	21	20
Vuole il mio aiuto?	Do you want my help?	e7743e76-e021-52b6-b280-33253ac30822	19	20
Lo vuole il mio aiuto?	Do you want my help?	9c090cdd-8225-57f5-b405-ee0d289586b8	22	20
Volete il mio aiuto?	Do you want my help?	80835676-e62d-56d7-b779-174f896d12a4	20	20
Lo volete il mio aiuto?	Do you want my help?	cf51ca0a-d27f-5edb-8d9c-2e1aa552e993	23	20
Lo sanno tutti?	Does everybody know?	1c741967-dd2b-50c4-8254-81e07532ef31	15	20
Lo sanno tutte?	Does everybody know?	27aac771-c8ad-5c94-9be5-cbb476e3e559	15	20
A tutti piace Tom.	Everybody likes Tom.	929c424f-6e08-53a2-ac2a-886b78c0bed5	18	20
Tom piace a tutti.	Everybody likes Tom.	2044859b-3aea-5fba-bda8-bc088dbb8e70	18	20
Tutti vogliono Tom.	Everybody wants Tom.	31cbde70-a5ae-52dc-b434-9efff52738d6	19	20
Quant'è grande il tuo cane?	How big is your dog?	249cd3d2-ceef-55fc-a6f9-694c1cbac955	27	20
Quant'è grande il suo cane?	How big is your dog?	b936418a-aa40-54cd-aa24-b6ebea67d4fa	27	20
Quant'è grande il vostro cane?	How big is your dog?	c95bb3a7-a2d5-54eb-9002-703d6bc3ea78	30	20
Ecco il numero di Tom.	Here's Tom's number.	305e83dd-13e8-5d1a-a1c1-920083e7dd36	22	20
Hanno risposto?	Have they responded?	d20c6484-92d5-50d6-b139-e590d716b71d	15	20
Loro hanno risposto?	Have they responded?	ee95f870-1865-519a-88c6-e590340e79bf	20	20
Non voglio i cereali.	I don't want cereal.	c3605426-d0b9-5d2e-b340-6954dc040512	21	20
Io non voglio i cereali.	I don't want cereal.	1e5ccb16-9cef-542c-a6d2-805f6e9fe1ce	24	20
Com'era la riunione?	How was the meeting?	295392ee-025d-52f8-9ed5-a1104b52c145	20	20
Posso morire felice ora.	I can die happy now.	da266491-7fc4-51d3-9395-46743ee025b9	24	20
Io posso morire felice ora.	I can die happy now.	70175922-8bdb-5535-a2e6-ce9d9a51b0e7	27	20
Posso morire felice adesso.	I can die happy now.	e678919d-522a-5071-933f-b593f54b917e	27	20
Io posso morire felice adesso.	I can die happy now.	29762b51-229c-53f6-a324-65e67a74f2c9	30	20
Com'era il seminario?	How was the seminar?	b3773da1-fde1-5c69-812b-7fc827febbbf	21	20
Ho appena parlato con Tom.	I just spoke to Tom.	b199501d-9456-5d5d-9f1b-02b81b33bc35	26	20
Io ho appena parlato con Tom.	I just spoke to Tom.	0eccc7cf-aab4-58dd-a0cd-cb5198f70248	29	20
Sapevo che quello era Tom.	I knew that was Tom.	700c13c8-80d2-52b3-b532-10498a79a93d	26	20
Sapevo che Tom era morto.	I knew Tom was dead.	8fc6817f-7ad8-548a-8efd-e2656bb69423	25	20
Sapevo che Tom era bravo.	I knew Tom was good.	dfefa34b-b987-5824-a934-0505e21f641b	25	20
Sapevo che Tom era buono.	I knew Tom was good.	e227ea02-8b94-5eae-9515-5ec03d5cf326	25	20
Sapevo che Tom era qui.	I knew Tom was here.	a851ddcb-1147-5ed9-b9ad-8d243bbe6dd4	23	20
Lo sapevo che era giusto.	I knew it was right.	287758f6-55eb-5c57-961f-945e43b3c26a	25	20
Lo sapevo che era giusta.	I knew it was right.	ee1273ee-feed-51dc-ac47-6c327ca15028	25	20
So come funziona.	I know how it works.	6e034628-9c41-56e9-9056-6f6805c19aa1	17	20
Io so come funziona.	I know how it works.	1791adca-189c-598a-8366-bcd7b7550787	20	20
Lo so come funziona.	I know how it works.	46190e4c-46d9-5800-8d1e-fa70b2664740	20	20
Io lo so come funziona.	I know how it works.	c5e2bf20-e0da-54d8-9560-79031322ab76	23	20
Conosco i Jackson.	I know the Jacksons.	067b0986-dcf2-5fbd-b9fd-e8da68f9e66e	18	20
Io conosco i Jackson.	I know the Jacksons.	2b07f3aa-8e2c-5f5f-94e1-b681a374ea2b	21	20
So come ci sente.	I know how it feels.	bddbd483-fa5d-5242-84f1-f0b90dc1ee04	17	20
Lo so come ci sente.	I know how it feels.	bd8a0110-8114-56af-b47e-89d2518ba0fc	20	20
Conoscevo tuo fratello.	I knew your brother.	7abb0e50-f908-52bd-8b40-d6d71e44b8d7	23	20
Io conoscevo tuo fratello.	I knew your brother.	272d9722-7b50-50e5-a169-c41b687c9ab1	26	20
Conoscevo suo fratello.	I knew your brother.	52aae905-fbad-529e-aa33-a50d2766b049	23	20
Io conoscevo suo fratello.	I knew your brother.	41ccf12d-e7d0-5801-bb5c-9d4539413a67	26	20
Conoscevo vostro fratello.	I knew your brother.	0a3e3ac9-b7d6-55df-a1a9-3331176b5756	26	20
Io conoscevo vostro fratello.	I knew your brother.	e5e292be-1b39-5bf3-a63a-81196ee45480	29	20
So che ciò è vero.	I know this is true.	e9b7f08d-86d0-5f0a-92c0-29258e2647f3	18	20
Lo so che sei stanco.	I know you're tired.	c1c98cbd-ccc1-5d29-ac72-901623c98bf0	21	20
Lo so che sei stanca.	I know you're tired.	a111aedf-a115-5def-9261-6d4d26250997	21	20
Lo so che è stanco.	I know you're tired.	ec433204-94fe-5c7e-aa1f-f2c2849bf601	19	20
Lo so che è stanca.	I know you're tired.	a82f470e-be78-5253-962c-e0cbb7dfa194	19	20
Lo so che siete stanchi.	I know you're tired.	763637d2-8540-507f-9699-6a90fe18dd80	24	20
Lo so che siete stanche.	I know you're tired.	296add22-e6be-53bc-9f09-d0939bd86cd3	24	20
Avevo intenzione di chiamare Tom.	I meant to call Tom.	11339327-866a-58f3-9182-0142ae658dd1	33	20
Io avevo intenzione di chiamare Tom.	I meant to call Tom.	e6eef616-643b-5b17-9247-d42a0f0599bc	36	20
Mi serve un'ambulanza.	I need an ambulance.	99bbc2ae-1879-581e-9ba7-ea1050100e78	22	20
Ho bisogno di un'ambulanza.	I need an ambulance.	58b67386-640b-5874-9161-ffe3ed6ad58b	27	20
Devo andare da qualche parte.	I must go somewhere.	86adac95-a567-59a3-89bf-6c6c3cd1b4d6	29	20
Io devo andare da qualche parte.	I must go somewhere.	e156d559-19f7-595d-9ecb-0d1fd9b529cb	32	20
Mi serve un assistente.	I need an assistant.	c9de791a-0799-5c74-8339-55075d45ebe8	23	20
Mi serve un'assistente.	I need an assistant.	2622093c-14c6-5915-b660-c6850651fd82	23	20
A me serve un assistente.	I need an assistant.	ea509750-8115-5341-aa81-3b346ae7e091	25	20
A me serve un'assistente.	I need an assistant.	0e345337-94c7-505d-8f0d-4ecd450e44f4	25	20
Ho bisogno di un assistente.	I need an assistant.	72db4ccb-ded4-56f2-acdc-546c0c3cbef8	28	20
Io ho bisogno di un assistente.	I need an assistant.	80ec4eec-a664-5fac-bcda-63a9f61d092e	31	20
Ho bisogno di un'assistente.	I need an assistant.	b7c545cb-c2ca-5ec1-a00a-e2e6958218c0	28	20
Io ho bisogno di un'assistente.	I need an assistant.	11ac011a-561c-5046-8fcc-4572996ad414	31	20
Mi serve un favore enorme.	I need a huge favor.	60182cde-60c4-5413-b9a9-879e34a45c0e	26	20
Ho bisogno di sapere di più.	I need to know more.	6f8f5c24-efc6-5bbc-bdbb-d4e4e97afd8f	28	20
Io ho bisogno di sapere di più.	I need to know more.	63652e56-95f7-5784-9ddd-dc4dce0d6e3c	31	20
Mi serve molto tempo.	I need lots of time.	7a9fddcd-367c-5886-b903-5e640d3af2d1	21	20
A me serve molto tempo.	I need lots of time.	b19056bd-0a15-52cc-9dd9-944835934d9f	23	20
Ho bisogno di molto tempo.	I need lots of time.	3234f430-7a6c-504c-b372-2df355b661dd	26	20
Io ho bisogno di molto tempo.	I need lots of time.	19cb7eb1-ae28-5897-a249-9c9bd61d6e4c	29	20
Dove inizio?	Where do I start?	70987193-ee1c-5af8-bad7-adfa41d563eb	12	17
Dove comincio?	Where do I start?	72c6b4b8-8de5-5ea0-8971-04d0b0655693	14	17
Io dove inizio?	Where do I start?	9b21c0bd-374d-59ab-a18e-be37814f6f75	15	17
Io dove comincio?	Where do I start?	306cad6f-bf6d-51b3-b390-1f35d0ecd2f8	17	17
Ha una predilezione per la musica moderna.	He has a liking for modern music.	3cf69971-ec73-5721-b093-197410c91d65	42	33
Lui ha una predilezione per la musica moderna.	He has a liking for modern music.	78f27c33-6ec1-5da3-9b07-f5bb94dc5c04	46	33
Figurati.	You're welcome.	555d0e83-dab9-550b-b247-c5a1e341f103	9	15
Figuratevi.	You're welcome.	94c170e6-ac95-5112-8f40-a78b17b065ad	11	15
Si figuri.	You're welcome.	a1f8256e-e8d2-5427-9680-160e10c0e224	10	15
Per favore.	Please.	cbcba5a0-99e9-564e-aad3-66b8eecde70b	11	7
Per piacere.	Please.	829e77f5-6df0-5956-8bc1-ebf6cb163d90	12	7
Cosa sta cercando?	What are you looking for?	2da29d86-e202-5ee2-8296-f45bc39e0018	18	25
Lo zucchero attira le formiche.	Sugar draws ants.	1daeaf0c-2251-5600-af8c-08269bd4cace	31	17
È il suo quinto compleanno domani.	It's her fifth birthday tomorrow.	4cee3395-3da1-51cf-a6bd-d855deb8b431	34	33
A volte la violenza serve.	Sometimes violence is useful.	41722cca-6392-59d9-a27e-9cb174783ccc	26	29
L'azienda produce una varietà di beni di carta.	The company manufactures a variety of paper goods.	16da49e8-64c9-5c15-adda-ffbb00eb38ca	47	50
Se fossi in te, non lo farei.	If I were you, I wouldn't do it.	ba7d50b5-02c2-5e41-af21-3e2676e0f7cf	29	32
Se fossi in voi, non lo farei.	If I were you, I wouldn't do it.	8d947f7c-d8ec-537d-8cad-8d843b8f603d	30	32
Se fossi in lei, non lo farei.	If I were you, I wouldn't do it.	e90c2dde-02c5-5f86-8d81-47ef12a857c9	30	32
Tom ascolta solo il punk rock.	Tom only listens to punk rock.	9d82715b-fb16-5996-a75d-ede003955589	30	30
Tom ascolta soltanto il punk rock.	Tom only listens to punk rock.	24f89c87-abe8-5cdf-924f-e7d4d0736ac8	34	30
Tom ascolta solamente il punk rock.	Tom only listens to punk rock.	c53002e8-e4ea-5002-a8c0-06fa0ea2bb15	35	30
Il tempo è la medicina migliore.	Time is the best medicine.	feedc52d-1e07-5930-bbf6-dee4b556b568	32	26
Ha i capelli biondo platino.	She has platinum blonde hair.	daff7cdd-680c-5dbc-bd65-edc3e87317f9	28	29
Lei ha i capelli biondo platino.	She has platinum blonde hair.	23cc40ae-7789-559a-b54f-2a448b6b6162	32	29
È sufficiente per un giorno.	It is enough for one day.	33a48df1-9096-522b-8e8e-6e6a32d9ce03	28	25
È abbastanza per un giorno.	It is enough for one day.	e7fa1ba9-cb7a-574c-9efd-49c1c4be06e2	27	25
Mio padre mi chiamò come sua zia.	My father named me after his aunt.	93fb8fe8-b22e-57cc-8591-5e7b1ae3e5dc	33	34
La ragazza si esercitava sulle parallele.	The girl exercised on the parallel bars.	9b8376ec-29ca-57b3-8a21-ebdee89e296f	41	40
C'è abbastanza cibo per tutti?	Is there enough food for everyone?	86e33b3b-94a9-5027-9536-e258bcca1a5c	30	34
Ho detto a Tom di partire.	I told Tom to leave.	21296a68-0fee-5708-9af5-d061c0f9f154	26	20
Io ho detto a Tom di partire.	I told Tom to leave.	dbf920d9-5111-5013-98df-110ae163f7da	29	20
Ho provato ad avvisare Tom.	I tried to warn Tom.	42168541-9729-5cb5-8a13-d430a0b17802	27	20
Io ho provato ad avvisare Tom.	I tried to warn Tom.	2be6d9b6-2205-5380-9d63-0405ba39d522	30	20
Ci ho provato ad avvisare Tom.	I tried to warn Tom.	60b77373-f269-5428-b3a1-cb70dfd62a96	30	20
Io ci ho provato ad avvisare Tom.	I tried to warn Tom.	9960055f-c73b-58f5-892c-c70622f08be6	33	20
Questo è un test?	Is this a test?	ae6da5f5-04f8-5516-bd6d-e30f6d9e4c8a	17	15
Questo è un esame?	Is this a test?	7504edcc-4530-550d-8e9d-38c433d38056	18	15
Questo è un test.	This is a test.	a15bd7a2-f6ff-52b6-bf81-e1b580a95a2d	17	15
Questo è un esame.	This is a test.	5bf52db7-0251-5b24-8a26-901f017eb7f9	18	15
Sono un tale idiota!	I'm such an idiot!	38a6dd77-a16f-5a2e-a038-9c7371f790e0	20	18
Sono una tale idiota!	I'm such an idiot!	4ea829ef-eb90-5f3f-ba63-01ddcd7bddda	21	18
Vengo da Israele.	I'm from Israel.	a0d181aa-7888-5122-abee-8933482b6e6a	17	16
Io vengo da Israele.	I'm from Israel.	3c12fa0b-b350-5527-aa2b-ffd613a9b7d4	20	16
Questa pagina non è mai stata divertente.	This page was never funny.	dc5cfd34-3c2e-51fb-a9e4-61b4be909d96	41	26
Io seguirò il tuo consiglio.	I will follow your advice.	485ea631-24d8-5434-beee-922c575e1802	28	26
Io seguirò il suo consiglio.	I will follow your advice.	690c3c1c-596f-543c-9643-3bb2ae143d2a	28	26
Io seguirò il vostro consiglio.	I will follow your advice.	36b7840b-ca8d-506d-a418-58a7c7f94a12	31	26
Quel tizio è così alto!	That guy is so tall!	a2c95617-ec6a-5a5a-90db-8896d0b59a55	23	20
Quel tipo è così alto!	That guy is so tall!	95c5f0fa-51cb-5c4c-b77c-e26379196998	22	20
Voglio darti il mio cuore per sempre.	I want to give you my heart for ever.	7121ea4d-7d81-5516-8144-75878334fe55	37	37
Voglio un po' di popcorn.	I want some popcorn.	176e66c3-5797-53d5-a547-c1b914b10146	25	20
Io voglio un po' di popcorn.	I want some popcorn.	d4847b04-c6bc-531d-ab0f-81c425f0ecc1	28	20
Voglio una fidanzata.	I want a girlfriend.	90e1d618-d9f9-5f7e-bc71-83d1e7dfa0dc	21	20
Io voglio una fidanzata.	I want a girlfriend.	7c80413e-377a-508c-b175-87916c67e5b7	24	20
Voglio una ragazza.	I want a girlfriend.	e05463b7-ddcb-5d0d-a476-e4f4097f701a	19	20
Io voglio una ragazza.	I want a girlfriend.	cb312d0d-07e2-5531-97a2-4e9a3bd1b854	22	20
Voglio una morosa.	I want a girlfriend.	fe315635-2be4-5fc6-aa4f-6f9cf13d8bc6	18	20
Io voglio una morosa.	I want a girlfriend.	936e2586-4074-5245-953c-fb8cf6ca747a	21	20
Voglio sembrare ricco.	I want to look rich.	f703e869-67a5-5e9f-aa6c-2ac1d11d8d00	22	20
Io voglio sembrare ricco.	I want to look rich.	64b195d4-8c7b-5daa-ab03-32062977faa5	25	20
Voglio sembrare ricca.	I want to look rich.	c0ee6643-2e6b-5ff8-9f7e-c7c9a2dcef1e	22	20
Io voglio sembrare ricca.	I want to look rich.	5e507ac7-4d7f-5e6a-9cf8-b46fd87a930e	25	20
Una volta venivo qui.	I used to come here.	0ff7cdc0-1ca2-5d5d-a42d-29ee62660e28	21	20
Io una volta venivo qui.	I used to come here.	55e11792-ea01-50b4-a49c-318f681ef890	24	20
Una volta io venivo qui.	I used to come here.	ef9593f8-912b-554a-b08a-0b5a27d68d87	24	20
Voglio che indovini.	I want you to guess.	1a3dada6-e63d-56c7-8a38-f37cc39c0742	20	20
Voglio che indoviniate.	I want you to guess.	218297bd-aef8-52a5-8127-f47f0ee49438	23	20
Voglio tornare.	I want to come back.	702d6fce-f91f-512b-bd39-3a8e1e767f17	15	20
Io voglio tornare.	I want to come back.	e608790e-9910-5745-a40e-702e22834c7a	18	20
Mi serve la password.	I need the password.	ea705c7f-2915-5bde-9744-af6dc8ede7f0	21	20
Devo farlo ora.	I need to do it now.	70f053c3-7b75-5d8d-87c4-5942d4ad80fd	15	20
Devo farlo adesso.	I need to do it now.	44885153-ae28-559b-8498-577e5dd2c632	18	20
Ho provato a dirlo a Tom.	I tried to tell Tom.	dbf5041e-b22e-590d-b761-f1d0150ec157	25	20
Io ho provato a dirlo a Tom.	I tried to tell Tom.	98782764-e999-5ba5-990b-371f9458cacb	28	20
Ci ho provato a dirlo a Tom.	I tried to tell Tom.	59cd7f2f-b5e2-5067-8f25-7694eeb951ba	28	20
Io ci ho provato a dirlo a Tom.	I tried to tell Tom.	91a58ad0-5a28-5879-a564-93ed7921129c	31	20
Ho provato a fermare Tom.	I tried to stop Tom.	3546809a-7e6a-5a58-b7d1-23ee61ec9e91	25	20
Io ho provato a fermare Tom.	I tried to stop Tom.	9ab8dc04-d8f9-5268-b178-8f2a7c085adb	28	20
Ci ho provato a fermare Tom.	I tried to stop Tom.	2a9b312f-f61a-5725-af82-74b4e0d2bcf4	28	20
Io ci ho provato a fermare Tom.	I tried to stop Tom.	715bcdaa-b38a-55ec-9b9f-49abad757fa9	31	20
Ho provato a chiamare Tom.	I tried to call Tom.	98ec2b94-fa93-5121-9a8e-713fc036c7c5	26	20
Io ho provato a chiamare Tom.	I tried to call Tom.	7c074eae-1766-59a7-82c5-43e6a04f2fda	29	20
Ci ho provato a chiamare Tom.	I tried to call Tom.	1fcd9d90-1143-5f01-a071-d84e8e9fb9dd	29	20
Io ci ho provato a chiamare Tom.	I tried to call Tom.	0ccc876e-ea02-5427-a1ec-bb004a574b6d	32	20
Ho provato a trovare Tom.	I tried to find Tom.	c7bc4323-1e39-53ff-bdb4-7a9c43d11a12	25	20
Io ho provato a trovare Tom.	I tried to find Tom.	7d631302-f3df-58f0-a03a-360d0cacff2c	28	20
Ci ho provato a trovare Tom.	I tried to find Tom.	6f5ccf88-e0da-511d-952d-48a2af1b30e7	28	20
Io ci ho provato a trovare Tom.	I tried to find Tom.	819bffe7-53b8-5a81-9765-3945556d6ea4	31	20
Ho provato a salvare Tom.	I tried to save Tom.	c4e9dece-e86e-56e3-9a80-abc7084eb470	25	20
Io ho provato a salvare Tom.	I tried to save Tom.	7dbb2e98-bcf4-5f1d-859e-9986e2b49b39	28	20
Ci ho provato a salvare Tom.	I tried to save Tom.	124419d8-dbc3-5f0d-bc03-86f3725bf902	28	20
Io ci ho provato a salvare Tom.	I tried to save Tom.	46f27ad0-f3ac-51ab-ac02-9755f2ed5526	31	20
Ho provato a non guardare.	I tried not to look.	c2f65a21-24d0-5979-b63a-d30671d77aab	26	20
Io ho provato a non guardare.	I tried not to look.	d6d6efa0-ff4c-590a-b467-f61a477d5696	29	20
Ci ho provato a non guardare.	I tried not to look.	85b65f27-7305-5ef8-b3a9-c52bafd65fb7	29	20
Io ci ho provato a non guardare.	I tried not to look.	36283f94-0d59-561f-a072-d30aef1a7650	32	20
Ho spento la TV.	I turned the TV off.	9f362725-fe62-5069-aba6-a5a9110b5915	16	20
Io ho spento la TV.	I turned the TV off.	3a2369aa-67b2-5af5-bb8b-6ad14ec93bb8	19	20
Spensi la TV.	I turned the TV off.	7b5d0c51-8412-5bcb-b33a-2bac2479200b	13	20
Io spensi la TV.	I turned the TV off.	fd7ebb07-84b8-516e-83e6-8ab357011ea0	16	20
Volevo essere libero.	I wanted to be free.	3c6f4f5c-b09b-5f64-b539-97a42a850f9b	21	20
Io volevo essere libero.	I wanted to be free.	9343f1dd-9c3b-523c-ad04-9f147d77d843	24	20
Volevo essere libera.	I wanted to be free.	f630dad1-d6c8-59e8-8057-6f2d3082a2b6	21	20
Io volevo essere libera.	I wanted to be free.	4f67ea58-92ea-5f4c-ac2a-f2912bba3cdd	24	20
Voglio il tuo rispetto.	I want your respect.	1533bf31-e287-5b23-afd8-4fb7eefed789	23	20
Io voglio il tuo rispetto.	I want your respect.	8fd3c563-0e04-5da0-8555-f5d8006b6533	26	20
Voglio il suo rispetto.	I want your respect.	811a2da5-c078-5c75-a728-7ecfa77f5cbb	23	20
Io voglio il suo rispetto.	I want your respect.	2de7f1ed-33b2-5121-9621-fd786219961f	26	20
Voglio il vostro rispetto.	I want your respect.	9cb51fb3-451c-5c5f-b369-7654d7f5c89c	26	20
Io voglio il vostro rispetto.	I want your respect.	bb688a97-6030-5fc5-9150-3e063b2c085d	29	20
Volevo tutto.	I wanted everything.	0a106f68-f5b0-5afd-b9b3-125c7f8920cf	13	20
Io volevo tutto.	I wanted everything.	5f1cd388-cfb4-51cb-bbfa-7662cd05c316	16	20
Volevo essere qui.	I wanted to be here.	96c0cdb3-4acc-5e49-9654-567cf9b2a327	18	20
Io volevo essere qui.	I wanted to be here.	eca97e77-316a-5322-ba7f-c2fea0683620	21	20
Penso che sia ora di un weekend tranquillo.	I think it's time for a quiet weekend.	b017e49d-e6bf-5a3e-9c03-401720910c48	43	38
Io penso che sia ora di un weekend tranquillo.	I think it's time for a quiet weekend.	c916a3a1-3b7c-5dda-8ae4-58e74fc7f681	46	38
Penso che sia ora di un fine settimana tranquillo.	I think it's time for a quiet weekend.	59937d04-a5d5-5588-bda1-f8f5ac5d200f	50	38
Non ne vedo davvero l'ora.	I'm really looking forward to this.	aef22f09-b476-571c-989a-77f35c03dc29	26	35
Tom ha spento il suo computer.	Tom switched off his computer.	46f8e33f-80b0-5374-b3da-2a55aeda097d	30	30
Tom spense il suo computer.	Tom switched off his computer.	26b18a88-dc06-5e75-890f-d5e1921d8521	27	30
Volevo fare questo.	I wanted to do this.	3043338c-8d71-527d-a3b3-c7e1d0dc42fe	19	20
Io volevo fare questo.	I wanted to do this.	bc4b8215-f011-5821-900c-e9530f46aafa	22	20
Volevo fare questa.	I wanted to do this.	bce863d9-3627-54d5-8685-49c9ae22baa2	19	20
Io volevo fare questa.	I wanted to do this.	37716429-7b0e-5cf6-a622-3c2dac59e45b	22	20
Volevo fare ciò.	I wanted to do this.	5c4281a9-bf41-5086-90fd-3f030f0159d6	16	20
Io volevo fare ciò.	I wanted to do this.	704584ba-1b1b-574f-9e02-6e4d41e88900	19	20
Mi sentivo felice.	I was feeling happy.	a9d1e556-35ac-53b5-9c26-bf508dd1cdf3	18	20
Io mi sentivo felice.	I was feeling happy.	314ce8be-d8c9-52a8-93ca-87872047ee84	21	20
Ero felice per Tom.	I was happy for Tom.	2efc1179-44c1-59b6-8aa8-f1e8ffb7f203	19	20
Io ero felice per Tom.	I was happy for Tom.	398062d5-1c06-5da3-836a-d02cd9f0632a	22	20
Ero egoista.	I was being selfish.	86b788d6-5734-523f-9ab2-42dfcc612271	12	20
Io ero egoista.	I was being selfish.	4b71074f-0e52-54b9-8bf4-031b11c34009	15	20
Ne ero consapevole.	I was aware of that.	e0d25c3c-5f35-501d-a39f-9a7abbc1287b	19	20
Io ne ero consapevole.	I was aware of that.	5df9e77c-6b54-5f6b-9027-1e8db00d0ba9	22	20
Ti stavo seguendo.	I was following you.	554c9bf1-d4c7-5748-9336-31363fada41c	18	20
Vi stavo seguendo.	I was following you.	f0ed926b-c51a-59e2-b85d-cb35347766e2	18	20
La stavo seguendo.	I was following you.	3413c188-f0b3-5acf-b908-78e7f4b0f245	18	20
Stavo andando a lavorare.	I was going to work.	c4b86b5b-fa97-5578-a4d9-88b2f08fb527	25	20
Io stavo andando a lavorare.	I was going to work.	0d8fb712-46b0-5b8e-ba8b-84df0711fda4	28	20
Stavo andando al lavoro.	I was going to work.	7a41fffd-5048-55bc-99be-df1e6574a104	24	20
Io stavo andando al lavoro.	I was going to work.	31fd15f3-f332-5fef-87cc-454634c17deb	27	20
Stavo mentendo prima.	I was lying earlier.	8ae8fcd4-ad65-532c-b514-e4d1677a8116	21	20
Io stavo mentendo prima.	I was lying earlier.	4ad53ce9-ba3f-51c9-aa5f-dee2bfc642e7	24	20
Ero sdraiato prima.	I was lying earlier.	0dc787c7-6dbe-5c94-bc75-42d421136858	19	20
Io ero sdraiato prima.	I was lying earlier.	83aba1b4-387d-5759-8f54-3fbdb001097a	22	20
Ero sdraiata prima.	I was lying earlier.	90939250-cb7a-5e87-9545-3c59eee827c8	19	20
Io ero sdraiata prima.	I was lying earlier.	48ffc766-7bbe-573d-bc61-7c88f466ef43	22	20
Ero nella mia camera da letto.	I was in my bedroom.	b2a4c892-db96-5fa6-9f50-9e3a0811b161	30	20
Io ero nella mia camera da letto.	I was in my bedroom.	d9bd3270-4e1c-5b9a-b3e7-9efda2f80e88	33	20
Mi stavo solo rilassando.	I was just relaxing.	7baad860-558c-562e-8a2b-d6b7caaeaa5f	25	20
Io mi stavo solo rilassando.	I was just relaxing.	3e16f9c8-d846-53c4-a7d8-5d86f5d4cd9f	28	20
Mi stavo soltanto rilassando.	I was just relaxing.	7545e035-0246-5523-a4a0-9dee0bec2085	29	20
Io mi stavo soltanto rilassando.	I was just relaxing.	04f9d153-abec-5bd7-96eb-05b2f0d7dd9b	32	20
Mi stavo solamente rilassando.	I was just relaxing.	819ac51b-671f-587a-b3f5-e352d333df08	30	20
Io mi stavo solamente rilassando.	I was just relaxing.	5bf77f7d-face-5983-8b4a-4db091e58f95	33	20
Una volta ero come te.	I was once like you.	a95bf38f-2de5-5960-849f-115230b1726c	22	20
Una volta io ero come te.	I was once like you.	21381407-02cd-5e7d-bd3e-ee030128c948	25	20
Una volta ero come lei.	I was once like you.	6643341f-f55d-5ba4-989a-b97b65811d47	23	20
Una volta io ero come lei.	I was once like you.	f18d4809-b468-56d7-b757-b96a2273da7d	26	20
Una volta ero come voi.	I was once like you.	66999c74-5fb0-50b0-bc7e-d15e7de7ece1	23	20
Una volta io ero come voi.	I was once like you.	ce6b22f1-20df-56ab-9546-06bd44825941	26	20
Non ero di fretta.	I wasn't in a hurry.	ab5f25ad-6bd2-5deb-b3e0-5a233690e67e	18	20
Avevo paura di Tom.	I was scared of Tom.	c0bb6c03-d6a9-5967-b813-03f2155f5ec0	19	20
Io non ero di fretta.	I wasn't in a hurry.	09dd15fd-f527-5aff-ad00-8f932342dd4e	21	20
Io avevo paura di Tom.	I was scared of Tom.	95e2f107-e568-5be5-9c49-599fb1de1a71	22	20
Non avevo fretta.	I wasn't in a hurry.	09e4d3b0-111a-5cf2-8c50-0661d2670b43	17	20
Io non avevo fretta.	I wasn't in a hurry.	60a338ad-e161-5257-8717-d0c79acc7d06	20	20
Non stavo fingendo.	I wasn't pretending.	b1e7904d-d3f6-5ab2-bef7-a95e5d18954c	19	20
Io non stavo fingendo.	I wasn't pretending.	8d5bf566-af54-52aa-9bfa-33bd6bd77602	22	20
Stavo facendo una passeggiata.	I was taking a walk.	9ad89158-3e27-546a-8e05-ecae58c60455	30	20
Io stavo facendo una passeggiata.	I was taking a walk.	3a50495e-681b-589e-a72d-0d8d629f5692	33	20
Ero l'insegnante di Tom.	I was Tom's teacher.	e8f6395d-48e4-5b95-a391-5f39cea6fb90	24	20
Io ero l'insegnante di Tom.	I was Tom's teacher.	9e0429f8-ce22-5b89-a05c-1e03de090fdb	27	20
Non lascerò morire Tom.	I won't let Tom die.	5c1e109a-f1e0-52bb-b5ec-f11c053713b0	23	20
Io non lascerò morire Tom.	I won't let Tom die.	296b8653-f0b7-5dea-821e-849ce93d980a	26	20
Mi chiedo chi ci sia dopo.	I wonder who's next.	c62120d7-a0d1-53a2-9f60-f77318437979	26	20
Mi chiedo chi sia il prossimo.	I wonder who's next.	bc2445ea-f6c4-5a8b-83e1-5dfa1cb7a063	30	20
Sono andato a letto presto.	I went to bed early.	db5416aa-5c03-52a7-ab2d-3b3fe378664e	27	20
Io sono andato a letto presto.	I went to bed early.	74c94ee3-2da3-563b-b16c-4667f90aa8c1	30	20
Sono andata a letto presto.	I went to bed early.	5271ae32-ac61-5957-bfb4-0bddc8933d82	27	20
Io sono andata a letto presto.	I went to bed early.	20c6718b-bbbb-56ed-8d4c-198e34def619	30	20
Mi chiedo cosa sia.	I wonder what it is.	c2d0aba8-b4a5-5f05-afba-3e5e73d46b1c	19	20
Io mi chiedo cosa sia.	I wonder what it is.	0b91da43-9561-5c00-85a2-42f8e5e495ab	22	20
Io mi chiedo chi sia dopo.	I wonder who's next.	d590f7ce-6db1-5be4-82e5-0a1016fc8f66	26	20
Anche io sarei nervoso.	I'd be nervous, too.	7c71b042-2bad-585c-b753-650cbbcba6ce	23	20
Anche io sarei nervosa.	I'd be nervous, too.	4d3bdbfe-7391-54ec-9b91-d54244b9c4a3	23	20
Farei meglio a dirlo a Tom.	I'd better tell Tom.	76bf5db2-6382-5c92-92a5-5935171356f0	27	20
Non lo direi.	I wouldn't say that.	30b94b5d-673a-5f83-8942-0112fbb0fb00	13	20
Io non lo direi.	I wouldn't say that.	4e5774c7-d996-5696-baf5-0f56459050f7	16	20
Non ti farei del male.	I wouldn't hurt you.	954a0c75-d634-55ef-a742-2b15f7ca76c6	22	20
Io non ti farei del male.	I wouldn't hurt you.	241f10b8-8013-5c3a-9023-58c416d8a89b	25	20
Non vi farei del male.	I wouldn't hurt you.	6b27fdfb-de65-587f-8f49-1b3bc7540b0d	22	20
Io non vi farei del male.	I wouldn't hurt you.	dc219acb-7500-5bca-95ff-a3727d2394e7	25	20
Non le farei del male.	I wouldn't hurt you.	f200b226-88cf-5876-9e60-1ddb425e0756	22	20
Io non le farei del male.	I wouldn't hurt you.	92322ca2-bc89-54bd-8e3c-5c4a9ee59a34	25	20
Sarei felice di aiutare.	I'd be glad to help.	5e7d7ddf-b370-548c-9c8c-41cf35dd884d	24	20
Io sarei felice di aiutare.	I'd be glad to help.	4cad7576-1a1d-5520-a60a-3f14a4e352e7	27	20
Non la penserei così.	I wouldn't think so.	60d34eba-742e-5143-80be-5e0100b12171	21	20
Io non la penserei così.	I wouldn't think so.	986f560e-4328-5557-b3a8-e8c288a7afdf	24	20
Ti avrei aiutato.	I'd have helped you.	9389ebe9-6ae3-50e8-ad63-159c11373d13	17	20
Io ti avrei aiutato.	I'd have helped you.	08f385ba-d1ff-5e04-bfb1-d6979af625cf	20	20
Ti avrei aiutata.	I'd have helped you.	395d6b92-61ed-53c2-abd9-2143ecb534db	17	20
Io ti avrei aiutata.	I'd have helped you.	38005a17-4b4e-5e8c-bcd2-e707670c3834	20	20
Vi avrei aiutati.	I'd have helped you.	d83a6a2f-18cb-5878-a92f-fb433698c0b5	17	20
Io vi avrei aiutati.	I'd have helped you.	5885d047-ee22-559f-88a1-4e66b2241590	20	20
Vi avrei aiutate.	I'd have helped you.	7d561e92-e866-5a05-9877-f6c4a33a23fc	17	20
Io vi avrei aiutate.	I'd have helped you.	f100a0b5-0140-50c8-bd0e-795984a0248a	20	20
L'avrei aiutata.	I'd have helped you.	6697a0b4-259c-5f08-890c-3adc72c29bd7	16	20
Io l'avrei aiutata.	I'd have helped you.	e12928df-fa39-508f-b519-0feb27d29708	19	20
Lascerei un messaggio.	I'd leave a message.	1475248a-c7e6-5080-9f30-09d405d6ac80	22	20
Io lascerei un messaggio.	I'd leave a message.	db5861f6-33b8-56c8-9653-c97ed19bd134	25	20
Avrei capito.	I'd have understood.	d265d358-1587-590c-a7ad-d98064360b89	13	20
Io avrei capito.	I'd have understood.	662c2acb-12c6-54ca-a8b0-3f227838c804	16	20
Avrei compreso.	I'd have understood.	00c30486-9506-5640-b107-4cf7f323c8c5	15	20
Io avrei compreso.	I'd have understood.	a6d9e769-3f5e-59c4-95cc-f720ff37a264	18	20
Farei meglio ad andare.	I'd better be going.	3c4fff7d-5b36-517b-9316-3e52918ab0ae	23	20
Io farei meglio ad andare.	I'd better be going.	ec250671-c51b-561a-9793-ba7595392119	26	20
Aiuterei se potessi.	I'd help if I could.	dac9b499-0b07-57e3-9013-a81a6ca2aa05	20	20
Io aiuterei se potessi.	I'd help if I could.	789226eb-d7c0-5e2f-b9ea-0fe566ed8e9b	23	20
Direi che siamo pronti.	I'd say we're ready.	af65f34e-f75e-5f83-8385-c5989be31148	23	20
Direi che siamo pronte.	I'd say we're ready.	dec72362-810b-581b-9654-3c610fbdb636	23	20
Tornerò a casa.	I'll be coming home.	b0b8009a-d24f-56c9-bb62-9ff7533bce01	15	20
Io tornerò a casa.	I'll be coming home.	9d118d0d-66e1-513e-b335-0cc3b2c7bb94	18	20
Sarò nel mio studio.	I'll be in my study.	f1848bdc-6b86-55a0-bb51-34917b346050	20	20
Io sarò nel mio studio.	I'll be in my study.	067f3f33-d5ff-5887-93fd-266dde52343c	23	20
Mi chiedo se i miei sforzi daranno i loro frutti.	I wonder if my efforts will pay off.	562309b0-968a-56e1-89d1-775c99780319	49	36
Sono arrivata a scuola in orario.	I arrived at school on time.	7dd81a1e-b5ce-5eb5-b150-d36150c15d7b	33	28
Io sono arrivata a scuola in orario.	I arrived at school on time.	3ce5b5bc-d645-5f17-8dc9-b2611bf3fe6b	36	28
Io sono arrivato a scuola in orario.	I arrived at school on time.	db28ee45-f680-5208-92db-a64da98fc082	36	28
Preferirei non sapere.	I'd rather not know.	45231fd3-6b18-579a-9365-6865edcc5837	22	20
Io preferirei non sapere.	I'd rather not know.	7c3e6425-c114-5511-9395-e8e3e8c9f007	25	20
Sarò sempre qui.	I'll always be here.	e7a17abe-ce2f-5ddf-92c8-45fc63d619b0	16	20
Io sarò sempre qui.	I'll always be here.	da7aa4fa-bb4f-50d0-a855-e8d8d26ad692	19	20
Porterò la birra.	I'll bring the beer.	86d161ee-0d28-5e24-b7bd-b6fa0dc63f2d	17	20
Io porterò la birra.	I'll bring the beer.	1db48b3e-9e89-5fb2-a472-3e447ba4a033	20	20
Porterò il vino.	I'll bring the wine.	7286a85f-957d-5c62-b214-753e81f04fbc	16	20
Io porterò il vino.	I'll bring the wine.	fd9de052-3d17-5875-a613-1c2bb39796bc	19	20
Comprerò le bevande.	I'll buy the drinks.	36bd3515-b4f3-5c3d-8ddb-332eb9d25149	20	20
Io comprerò le bevande.	I'll buy the drinks.	f7d65276-bfd0-583b-bcc2-a80830369a07	23	20
Sarò responsabile.	I'll be responsible.	d8bfb0c9-fd52-5f8d-a48e-961ec12e561e	18	20
Io sarò responsabile.	I'll be responsible.	3f7df32d-f6ab-5f9b-b6ae-cb65cd9b8760	21	20
Ti richiamerò.	I'll call you again.	7439406f-88ac-5c74-8f74-b16df9089f44	14	20
Vi richiamerò.	I'll call you again.	62ccb2ee-3de3-5d03-aaca-3b21ed9e16a9	14	20
La richiamerò.	I'll call you again.	aceb2b04-d103-525e-88e1-e2ada2497579	14	20
Sarò fuori città.	I'll be out of town.	3e2b3c57-68ee-58d4-bc9a-d37c3482247e	17	20
Io sarò fuori città.	I'll be out of town.	6b93fffd-f1e7-5e1d-ae6d-0167699e06a6	20	20
Ballerò con Tom.	I'll dance with Tom.	6595495e-adcf-500c-ab40-0021ad0608d6	16	20
Io ballerò con Tom.	I'll dance with Tom.	5638b021-6747-5bcb-8f29-047e63b9eb4c	19	20
Danzerò con Tom.	I'll dance with Tom.	8e1d6e16-6fec-569e-b826-9343d9fe52ad	16	20
Io danzerò con Tom.	I'll dance with Tom.	5fc1c3bf-3213-5e9e-8ae9-ba4c8ec5e8d9	19	20
Lo farò gratuitamente.	I'll do it for free.	683704c0-d4ce-57f7-99ef-fd474c2202e9	22	20
Io lo farò gratuitamente.	I'll do it for free.	8595b626-9c09-5839-9c14-dd70a904e5be	25	20
La farò gratuitamente.	I'll do it for free.	c67676fc-2365-5d24-8e67-e608146cbebb	22	20
Io la farò gratuitamente.	I'll do it for free.	7490bd3e-bbdf-5bc3-aa20-dea525a16989	25	20
Mi sbarazzerò di Tom.	I'll get rid of Tom.	7e26e982-4d13-5855-acb5-f0924bcc0a06	21	20
Io mi sbarazzerò di Tom.	I'll get rid of Tom.	0d3cc302-9611-5aed-bd13-3d0e1ec86a5c	24	20
Ha progettato la macchina.	He designed the car.	a870b6f7-1600-5593-aa83-3fb8a64b009e	26	20
Lui ha progettato la macchina.	He designed the car.	aec2765a-381a-5acc-9e2b-1fb93f980ad0	30	20
Ha progettato lui la macchina.	He designed the car.	2697e86d-8a3c-5707-b812-39d29176e875	30	20
Ha progettato l'auto.	He designed the car.	0f5cb074-f61f-5e7a-9322-68a24e284108	21	20
Lui ha progettato l'auto.	He designed the car.	5d35f175-0578-5dae-ac22-40fd3a322ec1	25	20
Ha progettato lui l'auto.	He designed the car.	8e3f11ac-821c-5a0c-95bb-a399df4cbd3d	25	20
Ha progettato l'automobile.	He designed the car.	bcc8b16b-87c4-5c60-ae9b-543c85633621	27	20
Lui ha progettato l'automobile.	He designed the car.	6e8ffbc4-e3f3-5cf5-b816-d7e8416dcd01	31	20
Ha progettato lui l'automobile.	He designed the car.	442135b5-6daa-520a-b9b1-ff07b8a49a30	31	20
Progettò l'automobile.	He designed the car.	685d3d67-f0ca-5b4a-842e-f417e8350c02	22	20
Lui progettò l'automobile.	He designed the car.	ae0f9498-0fff-5c1d-9729-03f99803261d	26	20
Progettò lui l'automobile.	He designed the car.	2d66d1be-28f1-5e1b-8559-c37b6ccea0b1	26	20
Progettò l'auto.	He designed the car.	ad272ff5-b43b-5ea6-9a92-64064c64ccb0	16	20
Lui progettò l'auto.	He designed the car.	4ba20e29-0408-5290-8955-9e89b75b5e10	20	20
Progettò lui l'auto.	He designed the car.	e6a255da-df84-546f-8bfd-4703880f9ee6	20	20
Progettò la macchina.	He designed the car.	b3ca042c-3779-590a-929a-2f8ed747a04b	21	20
Lui progettò la macchina.	He designed the car.	3659ef71-e6a8-5298-9e6d-abbb9218ab48	25	20
Progettò lui la macchina.	He designed the car.	11824cb1-285d-59f4-a820-f6804a4c1057	25	20
Io andrò a chiedere a Tom.	I'll go and ask Tom.	1c871f03-d571-5a2c-b5d6-6492dc792d3f	26	20
Amo il francese.	I love French.	cd944e5f-d366-5ddb-8386-412605f9c9c2	16	14
Io amo il francese.	I love French.	0b3d4f01-ef94-5eaf-b563-d1784ef3f7fb	19	14
Conosci il sito web Wikipedia?	Do you know the Wikipedia website?	d8514479-61c0-5d31-9b68-2d8a2264ffac	30	34
Tu conosci il sito web Wikipedia?	Do you know the Wikipedia website?	77872a2c-c0ce-5b7b-aba7-4dd2dd5a6c46	33	34
Conosce il sito web Wikipedia?	Do you know the Wikipedia website?	704482b6-f5cb-5c5a-9139-a72c15e7cdce	30	34
Lei conosce il sito web Wikipedia?	Do you know the Wikipedia website?	79cd6861-59e6-59ac-819d-7757015ffd99	34	34
Conoscete il sito web Wikipedia?	Do you know the Wikipedia website?	56c99cbb-5570-5283-8bbb-615f9db70d84	32	34
Voi conoscete il sito web Wikipedia?	Do you know the Wikipedia website?	c9fe179a-9af7-580b-94e1-ddf46bb012e0	36	34
Conoscete il sito internet Wikipedia?	Do you know the Wikipedia website?	396bb95a-e613-57d5-a68c-5cb759fcb352	37	34
Voi conoscete il sito internet Wikipedia?	Do you know the Wikipedia website?	1d95520d-468a-5de3-8152-2f2a1b34183e	41	34
Conosce il sito internet Wikipedia?	Do you know the Wikipedia website?	207402e9-029b-5f6e-ae6d-c1edaaf91a5f	35	34
Lei conosce il sito internet Wikipedia?	Do you know the Wikipedia website?	1c71fef4-32b2-5b9b-a77d-d467b90e2b47	39	34
Conosci il sito internet Wikipedia?	Do you know the Wikipedia website?	36e5d22f-b54f-5fd2-b399-0c631e0df090	35	34
Tu conosci il sito internet Wikipedia?	Do you know the Wikipedia website?	1102c3fd-bd2c-5a60-8d08-b4c2b3bb738b	38	34
Qual è la tua squadra di calcio preferita?	What's your favorite soccer team?	c2791f9b-c18f-5c89-a669-d91f3c9211d0	42	33
Qual è la sua squadra di calcio preferita?	What's your favorite soccer team?	731b4657-c36f-5040-906c-46f75b10b9d3	42	33
Qual è la vostra squadra di calcio preferita?	What's your favorite soccer team?	82a592b0-3e3e-5973-8418-8a71945c55b2	45	33
Staranno tutti bene.	They'll all be fine.	25164860-0bb7-5f0a-bf2c-707fd89598ed	20	20
Staranno tutte bene.	They'll all be fine.	771da112-0c52-56b9-b404-9b7db0adccf3	20	20
Staranno bene.	They'll be all right.	3d5bf6e6-c052-55c0-97f1-ca7255f64237	14	21
Loro staranno bene.	They'll be all right.	c21ef1d6-74ad-5e3b-9721-db6cdd1a227f	19	21
Saranno imbattibili.	They'll be unbeatable.	7ff4f3a4-bb77-5cbb-84ef-5a62651c125e	20	22
Loro saranno imbattibili.	They'll be unbeatable.	c0c5c6c2-3385-5994-8813-b937264cafae	25	22
Saranno tutti qui stasera.	They'll all be here tonight.	64d61de1-de11-5dbe-9eee-f7a9d4532c6c	26	28
Saranno tutte qui stasera.	They'll all be here tonight.	6d0fa607-0663-5845-ac87-cb77ff27af70	26	28
Saranno tutti qui stanotte.	They'll all be here tonight.	e804b23c-fa57-5ae0-a598-5d0b04dafdcd	27	28
Saranno tutte qui stanotte.	They'll all be here tonight.	edbe727f-125d-5874-907e-5970222cfb8c	27	28
Saranno qui stasera.	They'll be here tonight.	7cdf9a7b-52bf-5b76-8653-59951e965da8	20	24
Loro saranno qui stasera.	They'll be here tonight.	d451cc48-74f8-5a87-ba62-b9e4cc0da165	25	24
Saranno qui stanotte.	They'll be here tonight.	8ad42a0f-d2c0-5bf8-a38b-9c72a270db5a	21	24
Loro saranno qui stanotte.	They'll be here tonight.	0c9fb50a-0ffd-5ff7-a57e-212bb9e6da62	26	24
Staranno aspettando.	They'll be waiting.	0de133b8-bcd1-5683-acc9-41fe8c933e89	20	19
Loro staranno aspettando.	They'll be waiting.	62cde737-9fe9-5ba9-b242-9fccbd9c58ff	25	19
Ti staranno guardando.	They'll be watching you.	34bc7346-665b-54d8-ae5a-dc6a2297b8c1	22	24
Loro ti staranno guardando.	They'll be watching you.	eac9c0ce-4958-51b6-8b37-fb82ca648672	27	24
Compreranno qualunque cosa.	They'll buy anything.	4161351c-81c0-5be8-b5bd-c0562f67594e	27	21
Loro compreranno qualunque cosa.	They'll buy anything.	1a18170d-3d22-5d03-9c86-991026b205c7	32	21
Compreranno qualsiasi cosa.	They'll buy anything.	2db3e3d8-7070-53f5-bf7b-5a509c01dae6	27	21
Loro compreranno qualsiasi cosa.	They'll buy anything.	a59822ed-14fd-504e-9c4e-8af5a9128d85	32	21
Faranno qualcosa.	They'll do something.	65daee22-aeac-5380-8c95-882be4225436	17	21
Loro faranno qualcosa.	They'll do something.	fd477062-5ac4-5410-9f3d-ddbe95645f5b	22	21
Lui non crede in Dio.	He doesn't believe in God.	9bf6c7f8-01bc-5a93-9102-b09551ad897a	21	26
Ci crederanno.	They'll believe that.	d7ec409f-8407-51dc-b024-a70ee1cab6a4	14	21
Loro ci crederanno.	They'll believe that.	fe45fd69-2110-50f1-8560-ab2bed3b064b	19	21
Crederanno a qualunque cosa.	They'll believe anything.	ff2a34a6-0e09-5f72-b666-8a410ade9ff1	28	25
Loro crederanno a qualunque cosa.	They'll believe anything.	738c1a07-c2ab-5be2-8615-8c7343a8c132	33	25
Crederanno a qualsiasi cosa.	They'll believe anything.	0d830eec-9c90-5d3e-a896-b8d07ec8f800	28	25
Loro crederanno a qualsiasi cosa.	They'll believe anything.	b4fbe9a8-f9a2-5514-833d-d000addd589e	33	25
Non avranno mai successo.	They'll never succeed.	f76dd972-0ed6-5732-86b0-67822ec7ef65	25	22
Loro non avranno mai successo.	They'll never succeed.	ca47cc44-ca90-55e3-bfe3-5069bdbb7040	30	22
Non capiranno mai.	They'll never understand.	4b74cebe-f797-55a8-bbef-09ab32a4c024	18	25
Loro non capiranno mai.	They'll never understand.	d0f55dc1-448a-50c4-a245-2fa99e21d579	23	25
Mangeranno quelli.	They'll eat those.	b74d2bff-67a4-51e0-b984-b36b5f71e478	18	18
Loro mangeranno quelli.	They'll eat those.	db07f96a-9a54-57b5-bbf5-ee718f1af88f	23	18
Mangeranno quelle.	They'll eat those.	81ba38da-9ff9-574b-b4af-ca15164817f0	18	18
Loro mangeranno quelle.	They'll eat those.	cd46addf-9250-53ef-a63e-0363c6eeade9	23	18
Dovranno aspettare.	They'll have to wait.	513907dc-0b4b-56a2-956c-9fe70ae0cf98	19	21
Loro dovranno aspettare.	They'll have to wait.	6b371560-57c1-5db8-b0a1-9813a6be853c	24	21
Sono una coppia di codardi.	They're a couple of cowards.	bae7b16f-981e-5af8-b5e9-02cbb2b5d4de	27	28
Loro sono una coppia di codardi.	They're a couple of cowards.	8837e548-4b40-5827-9c0c-e57ee239b7fd	32	28
Sono un paio di codardi.	They're a couple of cowards.	e9bc5c4b-c743-5658-9211-83c858c5d81f	24	28
Loro sono un paio di codardi.	They're a couple of cowards.	7f06c738-364c-5f3b-b58b-0b72ce416dec	29	28
Sono una buona squadra.	They're a good team.	d6c6bf23-db6a-5ff3-b829-cc2aa103eb41	23	20
Loro sono una buona squadra.	They're a good team.	bdd4d7f7-d98c-5c28-a2c5-686146e5c13f	28	20
Sono un buon equipaggio.	They're a good crew.	ca3db763-8da0-51d0-af4e-ab823d3aef76	24	20
Loro sono un buon equipaggio.	They're a good crew.	503b7134-9564-5255-9fac-9ad2f4e0a886	29	20
Sono una coppia di hippie.	They're a couple of hippies.	acf08882-4e0c-59b1-9c7a-1d2f54857130	26	28
Loro sono una coppia di hippie.	They're a couple of hippies.	49800b78-05fd-5700-87c2-7487f6935d13	31	28
Sono un paio di di hippie.	They're a couple of hippies.	7eeb0fd4-5b9a-58c2-9d19-7bc176476016	26	28
Sono assolutamente sicuri.	They're absolutely certain.	578dccc1-c539-5de6-afb2-cc6a9f0bc2b1	26	27
Loro sono assolutamente sicuri.	They're absolutely certain.	617652e7-fb0b-5a0a-bacd-7ddf21e5b38a	31	27
Sono assolutamente sicure.	They're absolutely certain.	b256d436-2add-5e5a-a6d6-d3ac49594cbf	26	27
Loro sono assolutamente sicure.	They're absolutely certain.	00bcf377-fe8b-524d-8ce3-ce32ab0a5a5f	31	27
Stanno per iniziare.	They're about to start.	f03996ab-ab1f-576f-9d20-f401d00cd144	20	23
Loro stanno per iniziare.	They're about to start.	bed75579-306e-5dee-867d-8763f4ede994	25	23
Stanno per andare.	They're about to go.	f3cc0c12-64d6-525a-bc83-b830e8730ef3	18	20
Loro stanno per andare.	They're about to go.	fa8bdf3b-4dbf-5f36-863b-7c5accd8357f	23	20
Sono tutti falsi.	They're all fake.	e608cd7b-5cb8-5427-b433-63ae8e8d59eb	17	17
Loro sono tutti falsi.	They're all fake.	8a523b54-3540-541d-a5f3-55eb355547c7	22	17
Sono tutte false.	They're all fake.	52c15377-6d86-5dce-ae9e-51c35118275c	17	17
Loro sono tutte false.	They're all fake.	ba1815aa-5f34-53eb-bac5-3cac65a4e1ef	22	17
Sono tutti bambini.	They're all children.	76d1ffb8-2985-569a-af1f-4278d8ddcb69	19	21
Sono tutte bambine.	They're all children.	d5501b3f-6c52-5440-874c-357a250b917e	19	21
Sono tutti buoni.	They're all good.	22002913-5541-5bef-a915-01f7338738de	17	17
Sono tutte buone.	They're all good.	2e29194b-5e8f-5f4d-a882-5919c6d5c38c	17	17
Sono tutti bravi.	They're all good.	6c73d510-74ca-5da5-8753-26df2cfd5ebb	17	17
Sono tutte brave.	They're all good.	2b6a8de8-afec-53e0-8742-92173a85e890	17	17
Stanno tutti bene.	They're all fine.	b6931c84-939e-56d3-adaa-37153b47a065	18	17
Stanno tutte bene.	They're all fine.	70ea8aa2-f141-501f-9a36-3271f5b49956	18	17
Pensavo di averlo sognato.	I thought I dreamed it.	6b6411ce-7bb0-5f16-902d-fe4ac0e2e806	26	23
Pensavo di averla sognata.	I thought I dreamed it.	beb6e549-6377-5033-b49f-a00a6c3537ac	26	23
Pensavo che fosse un cane.	I thought it was a dog.	ffc42c95-d586-520a-a55e-94bd9b9056f9	26	23
Io pensavo che fosse un cane.	I thought it was a dog.	15c360d2-5d18-562a-8f37-f4bc45f36ff3	29	23
Non ho sue notizie da cinque anni.	I have heard nothing from him for five years.	cbc59c92-c0e2-5220-bc8e-d466720aba44	34	45
Io non ho sue notizie da cinque anni.	I have heard nothing from him for five years.	3ff1aed7-d3d3-50f6-9cc4-a400f2d178f1	37	45
È tornato dall'Olanda in giugno.	He returned from Holland in June.	4e2dd4c4-3ac4-5ae5-adbc-c9e0fd87eb86	32	33
Lui è tornato dall'Olanda in giugno.	He returned from Holland in June.	c317fa97-f019-5da6-b398-93035de804b0	36	33
Pensavo che fosse strano.	I thought it was weird.	21f2451d-7e0d-59ee-8f11-e5b6316ae2e8	25	23
Io pensavo che fosse strano.	I thought it was weird.	eaad6c5a-5640-5a9e-afe1-d54602d60f0a	28	23
Pensavo che fosse strana.	I thought it was weird.	01d18d01-9072-5833-8c08-d3aa969ff910	25	23
Io pensavo che fosse strana.	I thought it was weird.	3576026c-37c9-508e-a5ff-9b9816bc4e2d	28	23
Ho detto a Tom che lo odiavo.	I told Tom I hated him.	ad25f674-1edf-59be-b6c2-2342e31a39de	29	23
Io ho detto a Tom che lo odiavo.	I told Tom I hated him.	63eee67d-91d6-5e43-bc12-6255b863ea5f	32	23
Dissi a Tom che lo odiavo.	I told Tom I hated him.	4749b49e-ead3-5fef-8174-58e6dc074ea4	26	23
Io dissi a Tom che lo odiavo.	I told Tom I hated him.	2ca367b1-0e17-5bd4-8994-d5ef6687378a	29	23
Chi è questo Tom?	Who is this Tom?	57970d63-2c0b-53af-92ca-540409996a5f	17	16
Di' solo di sì.	Just say yes.	9eeb7a97-353b-5790-b1b1-39dc02154a55	15	13
Dite solo di sì.	Just say yes.	e03cb12d-5963-54bc-a4a3-64483717e642	16	13
Dica solo di sì.	Just say yes.	7b792cbf-ee01-5562-8629-5e3f0417b443	16	13
Aspetta fuori.	Wait outside.	42e0351e-08ee-51fa-8815-97591bd430c8	14	13
Aspettate fuori.	Wait outside.	be9c3f36-325f-508b-bdda-7525f032ed3e	16	13
Aspetti fuori.	Wait outside.	4ccd1fe8-fd21-5afd-8bfa-235a2d83eb62	14	13
Ho detto a Tom che ero lì.	I told Tom I was there.	38d62319-5226-58ec-9185-a1414ad13aee	26	23
Dissi a Tom che ero lì.	I told Tom I was there.	12d59277-2ae3-5435-8b45-915be6f271e2	23	23
Pensavo mi amassi.	I thought you loved me.	ffd5f1ce-7356-5f08-98b3-abe6e98d24d0	18	23
Pensavo mi amasse.	I thought you loved me.	b915d1da-2185-5785-a06b-74b99b4efec5	18	23
Pensavo mi amaste.	I thought you loved me.	dcab7e65-7dcf-5fbc-b013-f69d4f137af1	18	23
Pensavo lo amassi.	I thought you loved it.	15b5270b-de40-5ea0-a4eb-1a48455cb57e	18	23
Pensavo la amassi.	I thought you loved it.	647d1089-a7a9-5f98-98bc-a0d5d260bb3b	18	23
Pensavo lo amasse.	I thought you loved it.	8015784e-429d-5aed-9f3b-8891f25cb742	18	23
Pensavo la amasse.	I thought you loved it.	ea311b3f-e247-5e01-8bf9-d66cc2df5d6e	18	23
Pensavo lo amaste.	I thought you loved it.	9f9903e9-82a7-5b26-82fc-ff47c9649ea8	18	23
Pensavo la amaste.	I thought you loved it.	5c9d85a8-1522-5c0e-9658-04ef0a979e6b	18	23
Pensavo avessi dei figli.	I thought you had kids.	e4171470-965a-52df-a385-88f90de88620	25	23
Pensavo avesse dei figli.	I thought you had kids.	06e28325-c27d-505d-af25-c8dfe8f9c39c	25	23
Pensavo aveste dei figli.	I thought you had kids.	07411f19-6c89-5fa3-969c-e8a7478e5808	25	23
Ho detto a Tom di non venire.	I told Tom not to come.	4509e7c7-935e-5939-9914-4ec89604f67f	29	23
Io ho detto a Tom di non venire.	I told Tom not to come.	363d0f7e-12ff-5bcb-b212-91315487ddfa	32	23
Dissi a Tom di non venire.	I told Tom not to come.	f52748a1-f22a-5344-bbdc-15933053403e	26	23
Io dissi a Tom di non venire.	I told Tom not to come.	a44b29e4-14c3-59f1-b032-3000fd27937e	29	23
Ho preso l'ultimo biscotto.	I took the last cookie.	0af04a6c-68cc-5c16-8606-56bace706364	27	23
L'ho preso io l'ultimo biscotto.	I took the last cookie.	fb1828e9-bbc3-5f76-8b60-6bae5b46a314	32	23
Ho detto a Tom che Mary stava bene.	I told Tom Mary was OK.	72a40330-0ea1-5cf2-bc57-a1e072bbbbdc	35	23
Tu piaci a Tom.	Tom likes you.	af0946fa-ccf5-5e4b-b3e5-c404fd5b7f2e	15	14
Lei piace a Tom.	Tom likes you.	e043b257-a757-5c4c-a348-0efc0a896166	16	14
Voi piacete a Tom.	Tom likes you.	33d04ffd-daa4-5633-b0a0-e40c4b98dd6b	18	14
Voglio bere del caffè.	I want to drink coffee.	c10388ff-a1ec-5203-a69c-9721cdbb1c87	22	23
Io voglio bere del caffè.	I want to drink coffee.	1e8e49a2-3cd6-575f-8d25-9a2152cdd30d	25	23
Una volta lavoravo per Tom.	I used to work for Tom.	c8732232-44a8-57a7-9917-f4dc34fbd890	27	23
Una volta io lavoravo per Tom.	I used to work for Tom.	7a7ac25c-b921-5d67-96b7-958f282f2df2	30	23
Ho provato a proteggerti.	I tried to protect you.	ab81eeab-a5c3-51b2-b5f7-ef44cc064988	25	23
Ho provato a proteggervi.	I tried to protect you.	6a2be724-d0e0-5e78-8282-94ab5f0de532	25	23
Ho provato a proteggerla.	I tried to protect you.	f39cc52d-b6e3-5121-bc77-13750ccf138d	25	23
Ho provato a parlare con Tom.	I tried to talk to Tom.	c8ede5ee-df41-5c8c-a5a7-7f878c7d7437	29	23
Io ho provato a parlare con Tom.	I tried to talk to Tom.	9d5b6a4c-4b74-5453-b70a-27a3b3686eb4	32	23
Ci ho provato a parlare con Tom.	I tried to talk to Tom.	b92db809-9fa3-5b09-9547-8e48265e06dd	32	23
Io ci ho provato a parlare con Tom.	I tried to talk to Tom.	9b1ba411-7809-5c1b-ad29-444507e0171b	35	23
La scuola non è divertente.	School's not fun.	f4a1cafe-d031-5d6e-8c1d-3d6f345b8cca	27	17
Non era una battuta.	It wasn't a joke.	3e69d9d4-d95d-5bf0-9a1c-87680c195fb5	20	17
Non era una barzelletta.	It wasn't a joke.	74f64409-a79a-5d62-8342-242db0632dd4	24	17
Non viene sempre in ritardo.	He doesn't always come late.	1b6981dd-af57-55f6-9114-aa903fe4e27d	28	28
Lui non viene sempre in ritardo.	He doesn't always come late.	3a3d7ce9-a40d-542b-9e4e-8db7eed53325	32	28
Non è sempre in ritardo.	He is not always late.	412e7938-147b-5cc8-8e1f-3dfdc0992464	24	22
Lui non è sempre in ritardo.	He is not always late.	8227c27b-dde8-5bea-90a0-0d9332f7e823	28	22
Lei non è sempre in ritardo.	She is not always late.	0092f374-67e9-579b-ae5a-8bdd2a6fa807	28	23
Lei non viene sempre in ritardo.	She doesn't always come late.	c104f882-99ef-5cbe-bbdd-020291036324	32	29
Tom ha delle pecore.	Tom has sheep.	23812e32-ca76-5737-8a77-779f7cab2e15	20	14
Voglio che Tom veda questo.	I want Tom to see this.	87b459d2-9438-5551-9f44-462efb555fde	27	23
Voglio che Tom veda questa.	I want Tom to see this.	7eec65af-0371-5607-a637-69a594d44cb5	27	23
Io voglio che Tom veda questo.	I want Tom to see this.	9b41d45e-f2ed-56b7-87a7-0a33dfcba217	30	23
Io voglio che Tom veda questa.	I want Tom to see this.	0a0a0dd7-2563-54f5-9f20-6daccaf61278	30	23
Voglio Tom dietro le sbarre.	I want Tom behind bars.	8c37dcad-7adb-576f-83b0-611e3ce9048d	28	23
Io voglio Tom dietro le sbarre.	I want Tom behind bars.	980f82d3-2426-505b-8094-feeca3f9e671	31	23
Voglio aspettare Tom.	I want to wait for Tom.	2de773f4-41cc-5bb0-83e6-bbb5572e0541	21	23
Io voglio aspettare Tom.	I want to wait for Tom.	a0bcf488-28ff-5b15-a4bc-436592ce6b1e	24	23
Voglio fare una pausa.	I want to take a break.	398195f2-7e7d-50ca-aca3-38ddab3717f8	22	23
Io voglio fare una pausa.	I want to take a break.	f3a28474-b971-5d21-8d6f-8e592cac3224	25	23
Voglio parlare con Tom.	I want to speak to Tom.	ee1295f3-271c-57e4-8e76-2fd3b952045d	23	23
Io voglio parlare con Tom.	I want to speak to Tom.	ac857716-541e-58a1-b451-9b306a5adc7b	26	23
Voglio che tu ti diverta.	I want you to have fun.	08d4ef7d-9a03-5e0c-ae86-3e3a81a1ac2e	25	23
Voglio che lei si diverta.	I want you to have fun.	588a4eae-b4a0-58ab-8ce5-0c3c616d694b	26	23
Voglio che voi vi divertiate.	I want you to have fun.	0de4401f-8daf-528a-bdef-0f60bc5fe56d	29	23
Hey! Nessuno sta traducendo le mie frasi!	Hey! Nobody is translating my sentences!	12d90394-f6b0-5475-b7ec-b964066964db	41	40
Tom e Mary hanno una relazione a lunga distanza.	Tom and Mary have a long distance relationship.	52d29dd6-cad2-5e6a-bdd1-49d32f81da13	48	47
La pioggia non cade dal terreno.	Rain does not fall from the ground.	35cfe1c6-996e-5a1a-9277-485edbcc45d6	32	35
Quest'albero produce delle buone pesche ogni anno.	This tree bears good peaches every year.	6b406e79-948b-56e3-97a8-81ca4505ec9b	50	40
Voglio prendere un po' d'aria.	I want to get some air.	fbfde3d7-f234-574b-bf5e-a87d609027a1	30	23
Io voglio prendere un po' d'aria.	I want to get some air.	db3a9233-acd9-50d4-a049-6f3b4f0432e8	33	23
Bush dice la verità.	Bush tells the truth.	4c62e4ed-b16f-55ff-8941-748056691d9c	20	21
Bush non è un bugiardo.	Bush is not a liar.	9cb47be3-8f36-50b9-8c21-5dc0c6f2d3d2	23	19
Bush non è un criminale di guerra.	Bush is not a war criminal.	3e6285d1-adda-5807-a27e-40461bb0bd5e	34	27
Bush è un presidente onesto.	Bush is an honest president.	4d7cc28b-282f-5317-9f10-a15f5e30fe99	28	28
Mi piace mimare il Presidente Bush.	I like to mime President Bush.	7f330603-bce9-56bb-b37e-8eccca6a4ed5	35	30
A me piace mimare il Presidente Bush.	I like to mime President Bush.	f90b0e57-b048-5a04-9d72-891e777fbf11	37	30
Bush è succeduto a Reagan come presidente.	Bush followed Reagan as president.	5d9fecc8-e7e3-5b8d-a669-fe4ee6cd9a06	42	34
Bush succedette a Reagan come presidente.	Bush followed Reagan as president.	b36ac74b-7c7e-576a-924b-83c966ca384e	41	34
L'inglese di Bush è perfetto.	Bush's English is perfect.	2e490916-e93d-5ef2-a0e0-87c774c2f645	29	26
Bush rispetta tutte le religioni.	Bush respects all religions.	7931d982-2ab6-56f5-a63f-0335d4b68f0b	33	28
Bush non ha mai mentito agli americani.	Bush Jr. never lied to Americans.	b769df99-a7fd-5a20-94e6-efb2ff9aabc8	39	33
Bush non è amico di Al Qaeda.	Bush is not al-Qaeda's friend.	be52a7bf-a019-53b2-9b94-32ee2c4d2a99	29	30
A Bush non piace la tortura.	Bush doesn't like torture.	45a8bfe7-2822-51ec-954e-5f18161b2ab0	28	26
Bush non ha mai invaso l'Iraq.	Bush never invaded Iraq.	b715bd6a-0972-58d3-8716-6f43d619dc75	30	24
Bush non è amico di Bin Laden.	Bush is not Bin Laden's friend.	3c3a3215-f932-5cde-810f-34d0e8fcdcfb	30	31
Bush dice sempre la verità.	Bush always says the truth.	7f1d1f89-77f6-517c-88fc-3c2189a5f93b	27	27
Bush rispetta i diritti umani.	Bush respects human rights.	4a99a984-de79-5efd-ae57-dc76268983da	30	27
I gatti sono al sicuro.	The cats are safe.	63929957-83ba-5eb5-ac57-ce6368b9f33f	23	18
Bush non ha mai violato la Convenzione di Ginevra.	Bush never violated the Geneva Convention.	3ca2c64a-67ea-55ef-b67b-261034c04754	50	42
Bush rispetta la Convenzione di Ginevra.	Bush respects the Geneva Convention.	876e7175-7784-50a2-b383-4a086f89ef55	40	36
Bush non è un cafone.	Bush is not a redneck.	708f43fe-8ea2-5f30-9230-7316233ee94b	21	22
Bush non vuole fare la guerra.	Bush doesn't want to make war.	fb170df0-062a-55c0-9b7a-ce6311637e31	30	30
Bush non è interessato al petrolio.	Bush isn't interested in oil.	2eb3b615-b6dd-5002-9f96-298d8ecbf63a	35	29
Bush non è un sostenitore dei criminali di guerra.	Bush is not a supporter of war criminals.	404c6b14-a8f4-5ed8-bb17-05c8e55125e3	50	41
Bush non vuole testare delle nuove armi.	Bush doesn't want to test new weapons.	2fbe3d77-9c58-59ba-9683-8bc1884d3edf	40	38
Bush sa cosa vuol dire giustizia.	Bush knows what justice means.	5aa39ec0-2d82-59f2-b065-1218368574ac	33	30
Bush crede in Dio.	Bush believes in God.	6f1bf4cb-8349-5d35-aca0-8e41b648aa25	18	21
Bush ama Dio e vuole servirLo.	Bush loves God and wants to serve Him.	998f47cc-7e64-56b6-aaae-bcc839d8f6b4	30	38
Bush pensa che Dio gli parli.	Bush thinks that God talks to him.	9c860003-9508-5cd4-91c6-6395a0aca2e6	29	34
Tutto quello che dice Bush è vero.	Everything Bush says is true.	2e27fce3-fb27-5988-afe5-5363c1068e9b	34	29
Tutto ciò che dice Bush è vero.	Everything Bush says is true.	ffb6887c-be7e-5b29-979b-82204541d5e0	31	29
Tutto quello che fa Bush è giusto.	Everything Bush does is right.	68151f1e-aef4-5f20-b209-90fc18afc5fc	34	30
Tutto ciò che fa Bush è giusto.	Everything Bush does is right.	c4e79419-0bcf-5496-933e-408017a82886	31	30
Tutto quello che fa Bush è corretto.	Everything Bush does is right.	89e13b19-ac51-5b39-bbec-35100cf1102d	36	30
Tutto ciò che fa Bush è corretto.	Everything Bush does is right.	17d2f0d3-01a5-51a6-ae56-9ec0f5000408	33	30
Bush ha vinto tutte le guerre che ha combattuto.	Bush won all the wars he fought.	0529a63c-085b-55fd-9731-f816f0edb036	48	32
A mia madre non piace che io guardi la TV.	My mother doesn't like my watching TV.	746035c7-8b92-522c-8025-0f2eaf2867ee	42	38
Bush non è un idiota.	Bush is not an idiot.	783ed9d0-8efb-5346-99e9-87ba8619c4d4	21	21
Questa è la tua biro?	Is this your pen?	5c7cdab3-2472-58b2-8b0f-77ef2ac8263b	21	17
Questa è la tua penna?	Is this your pen?	e2e491bd-a80e-525d-b28c-cb87646b1afc	22	17
Questa è la sua biro?	Is this your pen?	9e804840-faca-5039-95ae-edbc63c44407	21	17
Questa è la sua penna?	Is this your pen?	f26621be-7f37-5d32-b8fb-14f4a0580a8b	22	17
Questa è la vostra biro?	Is this your pen?	3c193ee6-53e6-5a9b-93c0-101115b0d997	24	17
Questa è la vostra penna?	Is this your pen?	f457088c-9948-52eb-bf2a-1950d2959c2e	25	17
Bush ha solo combattuto il male.	Bush only fought evil.	d3e8a662-f3aa-5a65-b5a8-6f30122b7a72	32	22
Bush ha soltanto combattuto il male.	Bush only fought evil.	b7f183bf-efc0-537c-bdd3-9579069fdcd3	36	22
Bush ha solamente combattuto il male.	Bush only fought evil.	f8cf0a27-cdab-5629-9dad-1c40479b6c5b	37	22
Bush è il capo dell'Impero del Bene.	Bush is the leader of the Empire of Good.	15a77c27-c9bf-561d-a368-927692db1479	36	41
Bush è il leader dell'Impero del Bene.	Bush is the leader of the Empire of Good.	6a4e41d2-88fb-56a9-9d32-9a7adf1e5b54	38	41
Bush è il capo delle forze del bene.	Bush is the leader of the forces of good.	6150341a-3c08-5152-8055-d8e216d3ae88	36	41
Bush è il leader delle forze del bene.	Bush is the leader of the forces of good.	7349c1f2-09df-5820-8120-e7723eb7ef09	38	41
Bush vuole solo civilizzare il mondo.	Bush only wants to civilize the world.	849aad18-5de4-539e-a4c6-5f617d667042	37	38
Bush vuole soltanto civilizzare il mondo.	Bush only wants to civilize the world.	dc0625a4-41d4-51e8-b9e3-830080f6e9d5	41	38
Bush vuole solamente civilizzare il mondo.	Bush only wants to civilize the world.	4da8f366-7c2f-5200-8fb1-08e4a89a35bb	42	38
Bush non è un fascista.	Bush is not a fascist.	00358f03-2227-54ab-b913-2113dfce6bea	23	22
Bush non approva l'uso della tortura.	Bush doesn't approve the use of torture.	1274ad8f-1e58-5a03-831e-8140dcdc9a9e	37	40
Bush non approva l'utilizzo della tortura.	Bush doesn't approve the use of torture.	98a00e52-9fdc-5a0d-b8ac-1fd79bb841a3	42	40
Bush non ha mai voluto fare del male a nessuno.	Bush never wanted to harm anyone.	bb38a036-bb10-53c6-92ed-97e546d4246b	47	33
Bush non ha mai voluto ferire nessuno.	Bush never wanted to harm anyone.	932e51f0-a9c0-5772-be27-a78ea4a284d6	38	33
Bush vuole proteggere il mondo.	Bush wants to protect the world.	042d7e6c-3426-5776-b820-bc54e09cfda1	31	32
Bush fa del suo meglio per proteggere l'ambiente.	Bush does his best to protect the environment.	1a25c62e-3a85-5061-8bda-c3142c12180c	49	46
Non gli piacciamo.	He doesn't like us.	d0c4c789-69ae-5db2-a6b0-e71df4565927	18	19
Noi non gli piacciamo.	He doesn't like us.	1743cd1e-f52d-5d3a-9fcc-73a248203224	22	19
Sono un membro della squadra di basket.	I am a member of the basketball team.	0c507e71-b731-50a3-a080-8b2494f7d602	39	37
Io sono un membro della squadra di basket.	I am a member of the basketball team.	eaabb716-f510-59ff-80e6-7d39cc90bbea	42	37
A me piace giocare a basket.	I like to play basketball.	5ca88fd1-765a-56cc-896b-6da0907a867c	28	26
Dove si parla l'esperanto?	Where do you speak Esperanto?	c7176432-eac1-5608-94e1-1c8213a12cf4	26	29
Dove viene usato l'esperanto?	Where do you use Esperanto?	ff13698a-b1cf-5fbb-9fc7-87711c74aeb6	29	27
Dove viene utilizzato l'esperanto?	Where do you use Esperanto?	9f79e798-7503-5a9b-881f-0944daf1daba	34	27
Non aggiunga frasi da fonti coperte da copyright.	Don't add sentences from copyrighted sources.	127f086a-c473-5309-94b2-cc0f3e0eae8b	49	45
Il dolore è qui, giusto? Quello è mal di stomaco.	The pain is here, right? That's a stomach ache.	9a049999-07d6-5c8a-8522-0c5decec3934	49	47
Io studio duramente a scuola.	I study hard at school.	bd14cedc-62b1-5dda-a76e-3bf4084ea1a4	29	23
Vorrei mandare un cavo in Giappone.	I'd like to send a cable to Japan.	aa72c93d-4adf-5fa0-aaca-087ea6e846a8	35	34
Io vorrei mandare un cavo in Giappone.	I'd like to send a cable to Japan.	d13c9dd6-c417-514d-bcea-06ba93956ace	38	34
Per favore, vai a scuola.	Please go to school.	95ff1af5-5fcb-5f95-9048-ac75f6f5ff8b	25	20
Per piacere, vai a scuola.	Please go to school.	39a38b68-d9f1-5df5-a51f-791e740ff48d	26	20
Per favore, vada a scuola.	Please go to school.	293c62f0-52eb-512d-ac67-cd632225ab6f	26	20
Per piacere, vada a scuola.	Please go to school.	b985bc01-08c8-546d-92d9-d6a80ef517e6	27	20
Per favore, andate a scuola.	Please go to school.	4569f914-32cf-519f-9769-d20a13d67bda	28	20
Per piacere, andate a scuola.	Please go to school.	79098e53-f12f-5b8d-a5da-1cc33f4b431f	29	20
È stato rovesciato tutto il latte.	All of the milk was spilled.	cd1613f9-add0-5333-b48b-fdb5b059ee8a	34	28
Fu rovesciato tutto il latte.	All of the milk was spilled.	ab00884a-786e-51e9-be9d-6c9626c3c0df	29	28
Venne rovesciato tutto il latte.	All of the milk was spilled.	5e1f2743-7398-528a-8c21-37e44ad2cb2e	32	28
Io ho fatto conoscenza con lei due settimane fa.	I became acquainted with her two weeks ago.	43214bcf-0499-5107-8bdd-4439c83a2deb	48	43
Ho fatto la sua conoscenza due settimane fa.	I became acquainted with her two weeks ago.	bdfbfeca-05cf-5a2a-b356-494d87a9f25f	44	43
Io ho fatto la sua conoscenza due settimane fa.	I became acquainted with her two weeks ago.	0f7ac937-763e-53e6-9d9c-c3a50f394ff2	47	43
Ho detto di andare via.	I said go away.	cc08eb3a-b77f-584e-b7ac-83f99f7ddd6d	23	15
Io ho detto di andare via.	I said go away.	84d12cc9-32e8-5789-a968-ef8fdde641b9	26	15
Ho detto di andartene via.	I said go away.	8a8ddfaa-1d6d-5047-ae1a-ab3de1f35a86	26	15
Io ho detto di andartene via.	I said go away.	cec48a94-c160-5efb-8290-44a967094939	29	15
Ho detto di andarsene via.	I said go away.	ab472460-a4db-5f2b-a259-22eb250908af	26	15
Io ho detto di andarsene via.	I said go away.	d077a70f-da12-5b64-9b73-a69d0a911674	29	15
Ho detto di andarvene via.	I said go away.	c4fb3cef-683e-5cd5-9d09-fa4343362129	26	15
Io ho detto di andarvene via.	I said go away.	5df8757d-95b8-502b-bafb-9f1e5c6211cf	29	15
L'universo è pieno di misteri.	The universe is full of mysteries.	f6529f45-7d1a-5709-b38d-0ccee8758030	30	34
Mi fanno male i piedi.	My feet hurt.	2782a874-ebc0-57dc-b812-8add76ab2f14	22	13
Mi facevano male i piedi.	My feet hurt.	0a6011af-4113-58d9-bae6-7cb993f2a16e	25	13
Ho freddo ai piedi.	My feet get cold.	840d7b92-751c-5c06-b318-097a007fa357	19	17
Io ho freddo ai piedi.	My feet get cold.	30d0e6d8-9767-51b1-af08-c82589014440	22	17
I miei piedi sono freddi.	My feet are cold.	e12836e8-fb60-535d-87ee-55996d6ad276	25	17
Ho i piedi freddi.	My feet are cold.	7af1fe2a-1930-5a7f-9401-57e448dde665	18	17
Io ho i piedi freddi.	My feet are cold.	bde1d562-e2b2-5ed8-b8a0-aa9a874be137	21	17
Mio zio vive vicino alla scuola.	My uncle lives near the school.	dececd93-b1ca-5164-bf92-4a05f2846025	32	31
Mio zio abita accanto alla scuola.	My uncle lives next to the school.	e288fb9a-5aab-5b08-94d8-5e75bfb62b5a	34	34
Mio zio vive accanto alla scuola.	My uncle lives next to the school.	6be412e6-e588-52e3-8d93-89a5d3749d35	33	34
È più intelligente di me.	He is cleverer than I.	33a5e6b0-7d30-5a82-9e48-70c420f574fd	25	22
Sei più intelligente di me.	You're smarter than me.	05f4cb52-230c-5973-bb4b-b56a7f48bc50	27	23
Tu sei più intelligente di me.	You're smarter than me.	5d3aa46e-1b25-5196-94c2-6cc9e12ddc89	30	23
Lei è più intelligente di me.	You're smarter than me.	2038d9ba-2e84-5135-90b3-e6e48499b20b	29	23
Siete più intelligenti di me.	You're smarter than me.	f8d93fe3-e5b1-539a-a6e1-d15640cb136f	29	23
Voi siete più intelligenti di me.	You're smarter than me.	53791988-5099-519f-a103-cef9e80fc25c	33	23
Gli si erano addormentati i piedi.	His feet were asleep.	f6fd9656-1d91-548c-8144-c7c80bd0c01e	34	21
Studierò duramente domani.	I'll study hard tomorrow.	b98f9a48-7761-5c39-916f-e5c64214224a	26	25
Io studierò duramente domani.	I'll study hard tomorrow.	c1410e32-8784-5356-ac55-59e3b8d49f26	29	25
C'è completamente buio fuori.	It's all dark outside.	b6cf8b9a-61ab-53c2-9e90-5037a547fc43	29	22
Se piove, non verrà.	If it rains, he won't come.	a8af5e16-7710-57b2-868f-234a73dabae3	20	27
Se piove, lui non verrà.	If it rains, he won't come.	5f39decc-8c74-5691-bdda-def8a49bbfea	24	27
Tom ha comprato due copie del libro.	Tom bought two copies of the book.	fe7e72ad-2549-548d-8702-0370b3b85b77	36	34
Tom comprò due copie del libro.	Tom bought two copies of the book.	7966e9f3-2db8-5bf7-8856-84790ee958bc	31	34
Siamo candidi.	Let's be candid.	1f7e9a41-8536-58a7-a75c-39c9a1c017bc	14	16
Siamo candide.	Let's be candid.	5bb0db9a-dc1f-53e6-997f-d9237e9f8817	14	16
Lo sto facendo per la mia famiglia.	I'm doing this for my family.	3a8a1f2f-1ffc-5212-a7db-b190d62a624b	35	29
Io lo sto facendo per la mia famiglia.	I'm doing this for my family.	c1951ad2-ff60-5b8f-864e-60c0fb93a4e1	38	29
Sono così malato.	I am so sick.	5867dcbc-1110-5178-9093-64a457947ba5	17	13
Io sono così malato.	I am so sick.	24ae172a-08cb-531a-8963-fa710c70771b	20	13
Sono così malata.	I am so sick.	c9943f80-5d42-5e4f-8d08-1315b13c95cb	17	13
Io sono così malata.	I am so sick.	c7891a93-20fd-5f82-af83-0ab3d4c434c7	20	13
Mettete via i vostri libri e quaderni.	Put away your books and notebooks.	9a1eb9e7-f6a9-54b7-9d6e-9378bb99043e	38	34
Abbiamo visto molti pesci vivi nello stagno.	We saw a lot of live fish in the pond.	2c401875-9a51-5745-b273-7de6f959eec2	44	38
Noi abbiamo visto molti pesci vivi nello stagno.	We saw a lot of live fish in the pond.	7bdf2786-940c-5b23-8092-d05ab53068a5	48	38
Sono pazzi questi romani.	They're crazy, these Romans!	eb01f974-846d-552b-be3e-8d4607236c23	25	28
La letteratura ci insegna sull'umanità.	Literature teaches us about humanity.	493013e3-dbaa-548c-8bce-168308a1b7a3	39	37
Il mio studio è al piano di sopra.	My study is upstairs.	cf708999-c832-549e-95c9-de0bfb0afa19	34	21
Noi siamo candidi.	We're candid.	98309a49-7713-5dfb-baa3-eb19c49e787d	18	13
Noi siamo candide.	We're candid.	1b994cb5-cb0e-5d1c-84cb-6d7ad83a0708	18	13
Studio dalle otto alle undici.	I study from eight to eleven.	b6861cc7-9dfb-5baf-8fa2-213718155f44	30	29
Tom è caduto.	Tom fell down.	f4aee09d-e97c-58d1-8420-cf2ffbf621b0	13	14
Tom cadde.	Tom fell down.	7f3de9ab-d137-5006-8628-8be70c03f92e	10	14
Io studio coreano.	I study Korean.	928c9431-c98f-5085-a3ac-f845f31ef667	18	15
Studio il coreano.	I study Korean.	cf9aeeb4-fc81-5fe1-b8f4-f2db28b8c335	18	15
Io studio il coreano.	I study Korean.	01a29cd4-3302-51fb-a56a-9c833e08d2ab	21	15
Studio la storia giapponese.	I study Japanese history.	b1119378-581d-54b9-9bbb-b0610721e5b9	28	25
Io studio la storia giapponese.	I study Japanese history.	7a8ca26e-d2e8-5adc-96e4-22d66e53110d	31	25
È ora di cena e non voglio mangiare.	It's dinner time and I don't want to eat.	69d7456f-9308-5291-9036-9b9e10640d96	36	41
Io studio lo spagnolo.	I study Spanish.	c820ba6e-5c87-5162-924b-5450c48c237f	22	16
Studio spagnolo.	I study Spanish.	c29aed7a-bb2a-5c9d-ab2e-d7e1e1b6ab5b	16	16
Io studio spagnolo.	I study Spanish.	23595665-70bb-56d2-8b60-761e00028db1	19	16
Chi è che l'ha detto?	Who said it?	78014a09-1246-56ca-96e8-294c48f6d1dd	21	12
Studio molto poco.	I study very little.	533a1647-145b-5459-9d4f-16e9365191d3	18	20
Io studio molto poco.	I study very little.	d89ce195-ff99-5201-8560-dd890035924b	21	20
Studio psicologia.	I study psychology.	a7bdc937-7d3f-5739-80c1-2ee354153ed4	18	19
Studierò il tuo rapporto.	I'll study your report.	c5f76587-6560-5002-8fbd-721948fd1011	25	23
Studierò il suo rapporto.	I'll study your report.	f25ed7c2-bd18-5fe9-8fe4-6ace72e425e4	25	23
Studierò il vostro rapporto.	I'll study your report.	20acfd95-1092-5994-b1db-c69e77d2d9f4	28	23
Io studio una volta ogni morte di papa.	I study once in a blue moon.	5675a6a5-e37d-55f3-880e-ad8c801b035f	39	28
Io sto studiando storia dell'arte.	I'm studying art history.	9b9780f3-9e79-5612-8cbb-3a4f5ecabb51	34	25
Io studio storia dell'arte.	I study art history.	add7dc60-c8be-5793-bf18-088ef9c0154c	27	20
Io sto studiando economia all'università.	I'm studying economics at university.	d653831c-7bf8-5689-84b5-fae6e34999cd	41	37
Io sto studiando inglese.	I'm studying English.	7f66cc6b-9107-5880-9d28-fbe39495bf8e	25	21
Io sto studiando l'inglese.	I'm studying English.	f677b1d4-08cc-50df-8da5-4e6969388458	27	21
Io studio inglese.	I study English.	8ca83071-e646-5e4a-ac68-aadad21e216d	18	16
Studio l'inglese.	I study English.	7c212249-3e18-51f7-855c-d9672c95cb8b	17	16
Io studio l'inglese.	I study English.	4b25dde8-48ab-5f53-9432-2f29d6809f04	20	16
Sto studiando la grammatica francese.	I'm studying French grammar.	4b4422fd-d30b-5d37-909b-d81f05764a13	37	28
Io sto studiando la grammatica francese.	I'm studying French grammar.	24c80509-1fd3-5ed0-86e8-891987b1de99	40	28
Due giorni fa ho lasciato il mio lavoro.	Two days ago I quit my job.	e17e9d73-865c-53ed-8190-c8dfac634d10	40	27
Io due giorni fa ho lasciato il mio lavoro.	Two days ago I quit my job.	f714b767-8f22-597b-bedf-3bfa3b39590b	43	27
Sta studiando.	He's studying.	6196b0c4-e3ab-5114-a6ba-8fd4551771bc	14	14
Lui sta studiando.	He's studying.	8da3727a-bd54-50c9-8ff1-0becff455727	18	14
Sta studiando ora.	He's now studying.	270f04c5-be3f-5d37-b748-9853159ba9fc	18	18
Lui sta studiando ora.	He's now studying.	71800dbb-f164-5380-9011-01d0411ff13a	22	18
Sta studiando adesso.	He's now studying.	d21b1722-cb31-5397-93db-5411868f72c8	21	18
Lui sta studiando adesso.	He's now studying.	f2d0763a-9e8f-53f2-b78d-832d3883ecca	25	18
Come lo fermerai?	How will you stop him?	f762fb07-4cf5-5698-af57-18ce8f6abb82	17	22
Come lo fermerete?	How will you stop him?	6716f0eb-652a-5504-b900-6cfe3ced19d5	18	22
Come lo fermerà?	How will you stop him?	10d0c721-d8af-57d6-a61f-0b75f15de6f0	16	22
Non ascolterà. È come parlare con il muro.	He won't listen. It's like talking to the wall.	1175548f-8cf7-50c2-806b-c3cfaea9fefd	42	47
Lui non ascolterà. È come parlare con il muro.	He won't listen. It's like talking to the wall.	aeb1cd94-3065-5d6b-9724-bed7b50e7e21	46	47
Che stupido che è!	How stupid he is!	4184e2be-d597-596e-838b-3c6c15287c5a	18	17
Sei stupido a fidarti di lui.	You're stupid to trust him.	f8c3cf32-2a3c-5405-9bd0-d3b3e2eb444d	29	27
Sei stupida a fidarti di lui.	You're stupid to trust him.	c5e12297-bde8-5a2f-b465-45f6cf129f54	29	27
È stupido a fidarsi di lui.	You're stupid to trust him.	f6f73c60-6df6-52f6-9184-50f90d949007	27	27
È stupida a fidarsi di lui.	You're stupid to trust him.	eac05ca5-f76d-5006-815a-0a7714983852	27	27
Siete stupidi a fidarvi di lui.	You're stupid to trust him.	0ce208d5-4e10-5d5f-9f4b-9261083dadf9	31	27
Siete stupide a fidarvi di lui.	You're stupid to trust him.	c6aa48cc-6ea7-5661-9185-971267250677	31	27
Sono un tale idiota.	I'm such an idiot.	cf04f316-ead6-5c1d-8758-6bc2cb2f91f5	20	18
Io sono un tale idiota.	I'm such an idiot.	1b271f7d-312d-5112-8fb4-747ca0d17a2f	23	18
Sono una tale idiota.	I'm such an idiot.	195040dc-c952-56d7-a2cd-8f6bc522d1bd	21	18
Io sono una tale idiota.	I'm such an idiot.	6a2e264a-4206-5eb0-8204-447a894c2260	24	18
Tu sei un tale idiota!	You're such an idiot!	61a1cead-97a5-5fda-9cad-0a92bc0e9ad4	22	21
Sei una tale idiota!	You're such an idiot!	1e2e43a7-b045-5f86-b623-8ad72c772a25	20	21
Tu sei una tale idiota!	You're such an idiot!	b3a9b9a4-80a2-514d-821a-ef90a0c599a2	23	21
È un tale idiota!	You're such an idiot!	0f22df48-20ed-5769-8515-7e64e358ff79	17	21
Lei è un tale idiota!	You're such an idiot!	b0b1f8ed-9b82-56ab-ba6e-5b6c728e4bf7	21	21
È un idiota!	You are an idiot!	2c2092f4-62fa-5064-bd0d-3617af7b7989	12	17
Lei è un idiota!	You are an idiot!	cca5afdd-e5ef-58f3-b51c-a7ba86e01c66	16	17
È un'idiota!	You are an idiot!	e1de377f-029d-538d-ac7b-a3c3ac883814	12	17
Lei è un'idiota!	You are an idiot!	1ed85739-ce97-5d24-9b54-6793cea3b762	16	17
Una bellezza come la sua è rara.	Beauty such as hers is rare.	00ba942d-ff7d-57a2-aacc-e0f3ab6b7586	32	28
È inquietante.	That is disturbing.	dfb76bc5-1bc5-5fc0-b898-f466ff4a01f9	14	19
Quello è inquietante.	That is disturbing.	4d04ba1a-8586-55f7-9d55-ed451a36141b	21	19
Quella è inquietante.	That is disturbing.	243c2c84-1a9f-5efc-9a06-e62b0d2766cd	21	19
Pittori come Picasso sono rari.	Painters such as Picasso are rare.	1388a823-92e0-5df1-afd9-3cd50ddcea76	31	34
Picasso è un famoso artista.	Picasso is a famous artist.	4af7bfad-e760-5178-8ec6-873c5e084054	28	27
Sono nell'area.	I'm in the zone.	f71bc814-ea95-57c4-93c3-2b1e9af69f05	15	16
Io sono nell'area.	I'm in the zone.	967bc152-c779-57b6-98f8-10f4aeea7d97	18	16
Sei una tale spia.	You're such a tattletale.	374266ca-d1b8-5be3-84d0-23392dbc4590	18	25
Tu sei una tale spia.	You're such a tattletale.	d6202dfa-9c16-5cd8-b1b8-074cb348cdb6	21	25
Sei un tale spione.	You're such a tattletale.	2d2a1c58-ac14-53bb-a59c-f63b0bd2fdf7	19	25
Tu sei un tale spione.	You're such a tattletale.	5f0a1f72-ae4f-5189-ab80-a3f5f396db01	22	25
Sei una tale spiona.	You're such a tattletale.	1b14060a-1ab4-53ad-9f44-6a955834cd0b	20	25
Tu sei una tale spiona.	You're such a tattletale.	fde9b713-d232-58bd-b322-fa0cf92d10ab	23	25
È andato male qualcosa.	Something went wrong.	db430b2a-f461-57a6-ae74-1d7f5cbbb3e0	23	21
Io ho improvvisamente perso peso.	I've suddenly lost weight.	32650f5c-b617-5416-8d46-74cab51bf778	33	26
Ha iniziato improvvisamente a piovere.	It suddenly started raining.	9c7f7f99-9e2e-52a3-abcc-89cbb42bb67a	38	28
Iniziò improvvisamente a piovere.	It suddenly started raining.	eb8d9650-d9d3-50ab-a22b-5a019d656f33	33	28
Ti farò causa.	I'll sue you.	ecab681c-892f-5f53-b4c6-d5ac033db5a2	14	13
Io ti farò causa.	I'll sue you.	56e66d97-89eb-5f46-862b-ff6a0bbe7858	17	13
Vi farò causa.	I'll sue you.	62355e37-e39e-5813-bf6a-e586b90a24d1	14	13
Io vi farò causa.	I'll sue you.	1d3e7de5-fd90-5773-8371-1eed98c9bd64	17	13
Le farò causa.	I'll sue you.	25c5e553-fec5-5222-abe8-b10c0c3dc6b5	14	13
Io le farò causa.	I'll sue you.	0e1d3cd3-b26e-56b3-a80c-69d510e2df34	17	13
Ebbi un attacco d'asma.	I had an asthma attack.	212252d7-160e-5ea8-820d-7b2219b27bdd	23	23
Io ebbi un attacco d'asma.	I had an asthma attack.	8d34f273-e9b4-5567-9a0b-4d38f58a3979	26	23
Tom soffre d'asma.	Tom suffers from asthma.	494ab77c-c8d1-52eb-a015-48b48646f6da	18	24
Che battuta!	What a joke!	84e24c4d-e591-5959-84d0-fda6fe3839a8	12	12
Che barzelletta!	What a joke!	0a37e7d5-945f-5985-b862-4f42d711a35e	16	12
Mi hai usato.	You used me.	095d28e8-ca89-5c8b-93ae-f4d9f3846a8e	13	12
Tu mi hai usato.	You used me.	d6e6e9dd-02a9-52e6-a1d9-2f1e7d29c679	16	12
Mi hai usata.	You used me.	ca09c61e-65b2-575b-87b2-b6c46caf390b	13	12
Tu mi hai usata.	You used me.	d3949fe0-0235-54f8-a3e5-cf282b0d054c	16	12
Mi ha usata.	You used me.	54c51b32-a815-5725-bd40-8dd28cdf343e	12	12
Lei mi ha usata.	You used me.	acbe5d6d-9c7c-515b-941c-2dfbb930e5c0	16	12
Mi ha usato.	You used me.	90fe0ae3-8936-56d6-a3a4-d9dbde6d02c4	12	12
Lei mi ha usato.	You used me.	fb52ec70-1009-59fd-9574-7a843ff5f111	16	12
Mi avete usato.	You used me.	171182b7-bcea-54f5-ab6f-c220a57f2a4f	15	12
Voi mi avete usato.	You used me.	1decb77b-40e6-548c-a93d-5fd07e19ab50	19	12
Mi avete usata.	You used me.	2d27d9e8-6d98-5f79-8896-24e68b085999	15	12
Voi mi avete usata.	You used me.	b7d36160-b8f6-533d-a488-9aacc9587660	19	12
Ho finito le munizioni.	I'm out of ammo.	7fce0d83-4520-5e2a-94cf-3fe112b25b70	23	16
Io ho finito le munizioni.	I'm out of ammo.	9cddc745-70dc-5c62-aaae-1611f6d40a82	26	16
Ho esaurito le munizioni.	I'm out of ammo.	675603cb-acfd-5fb1-aac6-d5d2cdb2f384	25	16
Io ho esaurito le munizioni.	I'm out of ammo.	aa5e378f-b0a4-50c3-b839-8509cdccfd97	28	16
Aggiungi dello zucchero al tè.	Add sugar to the tea.	7c93c7aa-eb53-58ae-ac19-07417e562aa4	30	21
Aggiungete dello zucchero al tè.	Add sugar to the tea.	f5ffbee5-3e36-5885-b1a0-59cadb64911b	32	21
Aggiunga dello zucchero al tè.	Add sugar to the tea.	677d4005-b75e-5ef4-890a-825f0969372c	30	21
Una volta ogni tanto mangiamo fuori.	Once in a while, we eat out.	f860f76b-9058-5fc3-b94a-7c83b6f0cd8c	36	28
Una volta ogni tanto noi mangiamo fuori.	Once in a while, we eat out.	cfffa7f6-e9ae-5fbf-b9ed-9d06e53d94bd	40	28
Tom ha composto il 911.	Tom dialed 911.	f1b8fb41-0d68-5041-a814-151fd55ecdc2	23	15
Tom compose il 911.	Tom dialed 911.	b00a87a6-c41e-50d2-9ab1-f14c6edb1d47	19	15
Tom ha suggerito che annullassimo la riunione.	Tom suggested that we cancel the meeting.	ef02bc98-80c1-5872-a80a-b98ab834b7fa	46	41
Tom suggerì che annullassimo la riunione.	Tom suggested that we cancel the meeting.	59ca47f0-9463-56bb-bf38-e6faa17ae0d0	41	41
Tom non ha corso.	Tom didn't run.	d61348da-2301-5240-a7b9-8fb0cbdf802f	17	15
Tom non corse.	Tom didn't run.	82dc9332-2ea8-58b4-a9b8-31f8362bdece	14	15
Mi sta bene.	It suits me.	873e52f7-7d58-5d08-89ed-0d8ac9848aa9	12	12
Il verde sta bene ad Alice.	Green suits Alice.	220d54f3-5c76-5401-8c00-a9c18444cb92	27	18
Il verde vi sta bene.	Green suits you.	6aa1cffb-145a-54ba-a98e-42a68481da51	21	16
Il verde le sta bene.	Green suits you.	79fa8654-0e7a-53a1-9602-f07202364c2d	21	16
Il verde vi dona.	Green suits you.	6402fdf2-9ad2-5a0f-8cf0-278447727233	17	16
Il verde le dona.	Green suits you.	68b774a5-546b-5943-ab7e-7551510bd89a	17	16
Il nero ti dona.	Black suits you.	cf4a2f19-3c72-594f-9db8-8e9b1a1d4622	16	16
Il nero vi dona.	Black suits you.	c96e60c7-8b23-5000-b2cf-3dc312a629a8	16	16
Il nero le dona.	Black suits you.	cb2a50dd-16c3-5ab6-833a-d2c9a6760e3d	16	16
Quella valigia non è loro.	That suitcase isn't theirs.	c23195a4-f5c9-5537-8c80-eeced55cccfb	26	27
La nostra estate è breve ma calda.	Our summer is short, but warm.	0d4b79ec-c530-5338-a89f-8cad36602ab0	34	30
Le vacanze estive sono finite.	The summer vacation is over.	875a3f3a-0ab5-501d-b74c-34322d1c9651	30	28
Il sole non splende sempre.	The sun doesn't always shine.	f8dc9fa5-6d41-53bb-9db9-ef066089505b	27	29
Il sole procura luce e calore.	The sun gives light and heat.	56729f36-aec0-5cc0-bcd0-47908e6225ac	30	29
Il sole fornisce luce e calore.	The sun gives light and heat.	51371540-f928-5495-af6e-cac458676568	31	29
Il sole dà luce e calore.	The sun gives light and heat.	e28fdb92-63e9-5432-9bab-6cdf9e973da8	25	29
Il sole è luminoso.	The sun is bright.	297be7da-652c-5dcd-940d-cb2a271c840b	19	18
Il sole è più luminoso della luna.	The sun is brighter than the moon.	857a3357-815c-5e15-95b3-bb3531dcbacb	34	34
Il sole sta per sorgere.	The sun is about to rise.	d2ea8bc5-9e9f-5b38-bf8f-edd429456a2e	24	25
Il sole sta per tramontare.	The sun is about to set.	b0ffb73f-9baa-5135-9dc0-c5998227a4f7	27	24
Il sole è calato.	The sun has gone down.	067987e8-e7e1-5565-ac75-2847e45c9e19	17	22
Il sole non è ancora sorto.	The sun has not risen yet.	9fbbf741-07c0-52f6-bf3c-a70676e456c7	27	26
Lei non si è mai innamorata.	She has never fallen in love.	2340f328-12f6-572a-88a6-8b22169b75d2	28	29
Il mio capo mi ha invitato a cena.	My boss invited me to dinner.	6531a639-9661-5059-adad-70eeac0fc559	34	29
Il mio capo mi ha invitata a cena.	My boss invited me to dinner.	a628f750-5871-50e3-bc00-4aff6d4bc31b	34	29
Il sole sta brillando.	The sun is shining.	0ba6c8ec-05bd-5014-add7-7dcb8e1d41df	22	19
Il sole ha sciolto la neve.	The sun melted the snow.	805b2f5b-ac3e-54f5-95b9-c2ce724a8916	27	24
Il rame conduce bene l'elettricità.	Copper conducts electricity well.	c9601242-87de-5bae-89bd-ba55f968111b	35	33
Penso che le modelle oggi siano troppo magre.	I think fashion models today are too thin.	c924ebed-9599-5265-b93c-048e0ccf66e2	45	42
Io penso che le modelle oggi siano troppo magre.	I think fashion models today are too thin.	ea29fdce-268e-5d12-966a-0a7adab206fe	48	42
Il sole è la stella più luminosa.	The sun is the brightest star.	df5cb05a-3b88-5297-b239-d17131d1c66f	33	30
Il sole sta sorgendo ora.	The sun is rising now.	6851e777-8b88-5e30-81ad-834c6e4f1ba7	25	22
Il sole sta sorgendo adesso.	The sun is rising now.	36297b12-8a5a-5b9d-9107-9c66c7684d7d	28	22
Essere, o non essere, questo è il dilemma.	To be, or not to be, that is the question.	ab0f4f68-32e5-5257-a327-159c9964d947	42	42
Il sole tramonta prima d'inverno.	The sun sets earlier in the winter.	83b110de-a275-5bc3-b1d1-ff223d95dc78	33	35
La domenica vado in chiesa.	On Sunday, I go to church.	57816505-dd69-5659-9f03-f012f596fd29	27	26
La domenica io vado in chiesa.	On Sunday, I go to church.	c6d101b3-6a83-510a-85c8-42470e4f1c27	30	26
La domenica mi riposo.	On Sundays I rest.	2ea00afa-ce6c-56a5-9455-2492430ef2b6	22	18
La domenica io mi riposo.	On Sundays I rest.	74e4a324-53f8-5e9e-bbe4-00546c412c99	25	18
Lo darò a Tom.	I'll give it to Tom.	e13e1860-af34-5b41-a88f-da526ed3a346	14	20
Io lo darò a Tom.	I'll give it to Tom.	ca274cd4-3228-5391-86c2-fc3833dedd69	17	20
La darò a Tom.	I'll give it to Tom.	d3be7177-7ac6-5481-9fd6-5ea47690c737	14	20
Io la darò a Tom.	I'll give it to Tom.	e5d2d2bb-e355-5540-880a-813ae0c64b50	17	20
Te lo darò.	I'll give it to you.	1eb5df68-9bcd-58b3-9260-45b98f357af9	11	20
Io te lo darò.	I'll give it to you.	28d2c6fd-708d-5789-8258-52ab49358644	14	20
Te la darò.	I'll give it to you.	7a4057e5-1b6c-5e3d-a3aa-9f28fa9d2744	11	20
Io te la darò.	I'll give it to you.	7e4d3fbd-b05e-5faa-b4aa-3fadb9fea6cc	14	20
Ve la darò.	I'll give it to you.	cc82127a-7523-573c-8f45-69a79e08043a	11	20
Io ve la darò.	I'll give it to you.	ded7aed2-7147-55f3-992e-e40c24f3bd9d	14	20
Ve lo darò.	I'll give it to you.	78bef7ba-61c5-54be-a88a-6618dae92c33	11	20
Io ve lo darò.	I'll give it to you.	5512df37-9476-5b6d-91c2-6dd623fed1f7	14	20
Glielo darò.	I'll give it to you.	1de6f169-4249-5836-8e9f-f4d70598105c	12	20
Io glielo darò.	I'll give it to you.	caedf604-c05b-5f7e-a61a-84ed57e06055	15	20
Gliela darò.	I'll give it to you.	5e5cd755-d50f-5c4d-a6ff-31ea5fb9a5b8	12	20
Io gliela darò.	I'll give it to you.	53563c2b-1fb8-546e-b411-e6b27f1a10ae	15	20
Andrò a prendere Tom.	I'll go and get Tom.	136608a5-a8b7-5105-811e-3b064132d2d9	21	20
Io andrò a prendere Tom.	I'll go and get Tom.	af7d2701-373d-5f1e-a012-ef22354403e2	24	20
Andrò a visitare Tom.	I'll go and see Tom.	46b25de7-002d-5cdb-9dde-020a6c103559	21	20
Io andrò a visitare Tom.	I'll go and see Tom.	242fdf00-02a1-5799-8044-81ebce0024d7	24	20
Andrò a vedere Tom.	I'll go and see Tom.	de6e00a2-5a80-5853-992d-a79948f969ff	19	20
Io andrò a vedere Tom.	I'll go and see Tom.	d1cf821b-0efa-5b42-af0f-2044011ac05e	22	20
Andrò a dare un'occhiata.	I'll go take a look.	78ef05cb-9ddc-5541-b2e4-a8c84d3ecabd	25	20
Io andrò a dare un'occhiata.	I'll go take a look.	175af718-17ca-5c2b-97be-c1351ce9583f	28	20
Andrò a parlare con Tom.	I'll go talk to Tom.	c7ae09a9-41df-5ff5-bb7d-9b78351f903e	24	20
Io andrò a parlare con Tom.	I'll go talk to Tom.	3806eaf7-fe5a-504a-bc1f-b475fc178b44	27	20
Non avrò scelta.	I'll have no choice.	7e33ff61-abf8-51ed-8061-d42a1e6dadcd	16	20
Io non avrò scelta.	I'll have no choice.	dfca607f-f871-5cf6-9ea1-6a7d155d3f94	19	20
Non avrò alcuna scelta.	I'll have no choice.	93d0b282-6fb4-579a-8cea-7a44eaad09bd	23	20
Io non avrò alcuna scelta.	I'll have no choice.	a2282fe1-1200-5a6a-bd39-a5bb572dcf4d	26	20
Andrò tra un minuto.	I'll go in a minute.	98216378-fd89-560a-92ee-03bcebd2322d	20	20
Io andrò tra un minuto.	I'll go in a minute.	dc1c80a5-ad2c-5c4a-ace1-a2a1973bb06f	23	20
Avrò bisogno di un po' di tempo.	I'll need some time.	c6f76fb6-ef28-5787-aae8-e04f19252f1b	32	20
Mi servirà un po' di tempo.	I'll need some time.	ae328ab3-8c62-51b0-8eb7-85310567021e	27	20
Non disturbare!	Do not disturb!	9bddbdaa-ace0-5280-92fe-01dfd931969c	15	15
Non disturbate!	Do not disturb!	9d6f6cb6-4f6b-5483-a7d8-c67772d134e4	15	15
Non disturbi!	Do not disturb!	a9204905-e3bb-5479-838e-ce15c08c2976	13	15
Non riesco a commentare.	I can't comment.	18a354e5-7421-5198-9fff-ba5100695779	24	16
Mi servirà un po' di aiuto.	I'll need some help.	5a3bc745-5a90-50b9-9606-8d844c5539a1	27	20
Avrò bisogno di un po' di aiuto.	I'll need some help.	8121f1b1-a02f-570b-827e-b6f987d8dc57	32	20
Continuerò a provare.	I'll keep on trying.	605668af-dc21-5059-9f06-3eb58ef5fbe3	21	20
Io continuerò a provare.	I'll keep on trying.	51383330-ad2f-5139-8926-1d45220b197f	24	20
Ci incontreremo più tardi.	I'll meet you later.	d339dfa0-7cff-5ec1-b2a4-306b2b21baca	26	20
Incontrerò lì Tom.	I'll meet Tom there.	3cba68ee-311d-54e8-9e5d-667189cbea35	18	20
Io incontrerò lì Tom.	I'll meet Tom there.	10c6769f-324c-51fe-b080-554a259ad0be	21	20
Ci vedremo lunedì.	I'll see you Monday.	59817314-e2d1-5d8d-b9a8-e6019ffabe5a	18	20
Correrò quel rischio.	I'll take that risk.	8684e4e6-ab13-50e1-89ea-7ab11804b5db	21	20
Io correrò quel rischio.	I'll take that risk.	67967e10-a599-52cc-8780-97bd8baeffe4	24	20
Ho un po' paura.	I'm a little scared.	2fd9dad2-9593-522b-ae88-18fbae82518b	16	20
Io ho un po' paura.	I'm a little scared.	972906d8-559f-505a-8eed-8d4934cd237a	19	20
Proverò a farlo.	I'll try to do that.	f7e94491-18db-59f8-8ee5-c147b7d37a5d	16	20
Io ho paura della morte.	I am afraid of death.	04d2dd01-8b01-586e-9c2e-d92bef22d50b	24	21
Io ho paura di morire.	I am afraid of dying.	f5212463-4d21-5198-9e97-bd474e3a465d	22	21
Il cielo orientale stava diventando chiaro.	The eastern sky was getting light.	c6b331e0-9945-50ce-9416-2f2d16c5e8dc	43	34
Il cielo orientale si stava schiarendo.	The eastern sky was getting light.	7944c4bb-f788-5179-9968-bd572ea4d354	39	34
Conosci qualcuno qui?	Do you know anyone here?	7f948227-6318-5fd6-aa0e-6526466cb4cf	21	24
Tu conosci qualcuno qui?	Do you know anyone here?	3d384828-1a8d-56aa-b848-ea484dfa1235	24	24
Conosce qualcuno qui?	Do you know anyone here?	231a8a1f-7311-5b40-a6ca-d8c391733948	21	24
Lei conosce qualcuno qui?	Do you know anyone here?	23bc03a9-7197-5e73-9c72-247a9946519d	25	24
Conoscete qualcuno qui?	Do you know anyone here?	277adda8-f359-5526-b396-2adace1db98b	23	24
Voi conoscete qualcuno qui?	Do you know anyone here?	1fae2397-56ac-51cb-84c2-98de39a9182f	27	24
Ha accumulato una grossa fortuna prima di morire.	He amassed a large fortune before he died.	c01f0895-a5e9-573e-9e9f-15626908f69d	49	42
Sono all'ospedale.	I'm at the hospital.	8bb0a17c-577e-5f1b-af14-50379e54a73c	18	20
Io sono all'ospedale.	I'm at the hospital.	3bd16b0d-5a3c-585c-8ca7-14ecde1541c6	21	20
Sono un uomo molto impegnato.	I'm a very busy man.	bf3bfd09-e9ac-5976-a68b-98e21656f7dd	29	20
Io sono un uomo molto impegnato.	I'm a very busy man.	fc19a47e-c154-5ffb-a4b9-17aa6e757185	32	20
Sono sarcastico.	I'm being sarcastic.	f2549f03-edb4-57c5-b35d-456708e63cd1	16	20
Io sono sarcastico.	I'm being sarcastic.	9cd08cef-c6e9-5848-9a44-c3bd9a876ce9	19	20
Sono sarcastica.	I'm being sarcastic.	f6c5bbbf-1d27-59ab-8a4c-79260750de1c	16	20
Io sono sarcastica.	I'm being sarcastic.	8ab86ccc-8a5b-5f68-905c-08fdda4a0f15	19	20
Sono ubriaco in questo momento.	I'm drunk right now.	b22740ac-2e89-52bd-a5eb-2bd5034f78ab	31	20
Io sono ubriaco in questo momento.	I'm drunk right now.	38d8e74c-25cd-5d6e-8572-5b03f3d427b2	34	20
Sono ubriaca in questo momento.	I'm drunk right now.	0e3a8382-2bbe-5a8e-8928-3c04ce2ff7ba	31	20
Io sono ubriaca in questo momento.	I'm drunk right now.	24ba9bca-2246-59d9-9e69-53aeff5125c6	34	20
Sto mangiando il mio pranzo.	I'm eating my lunch.	6da7d0e9-6702-52f6-8b39-ecefafa0c948	28	20
Io sto mangiando il mio pranzo.	I'm eating my lunch.	edc8600e-ec7f-56b5-9bff-299c9269980d	31	20
Ho finito di mangiare.	I'm finished eating.	2c731f57-4757-5914-9a52-5cbabe96b970	22	20
Io ho finito di mangiare.	I'm finished eating.	341e94eb-c38a-50f0-8963-959bd5e9955b	25	20
Sono più veloce di te.	I'm faster than you.	0fc95a8c-e456-5a3d-8878-ba725fcb8ee8	22	20
Io sono più veloce di te.	I'm faster than you.	a849a458-f2f3-53e4-b45e-d94887096096	25	20
Sono più veloce di voi.	I'm faster than you.	6260b321-507d-5aae-b4fb-566179bf573a	23	20
Io sono più veloce di voi.	I'm faster than you.	27c55c59-0740-5264-bc02-f40d7bc1769e	26	20
Sono più veloce di lei.	I'm faster than you.	62455ea0-3679-5e3f-b8a3-ae0b6e1de00f	23	20
Io sono più veloce di lei.	I'm faster than you.	11afe04c-a320-513b-9223-48439d64af4a	26	20
Sono più grosso di te.	I'm bigger than you.	9f540673-353c-5543-b6f8-15b81adde73c	22	20
Io sono più grosso di te.	I'm bigger than you.	ce848ed7-f47f-5ac4-8694-43df03789158	25	20
Sono più grossa di te.	I'm bigger than you.	7c422bdd-9484-5cf6-9d49-80c813ed461b	22	20
Io sono più grossa di te.	I'm bigger than you.	8b851290-d8af-538f-9f5f-279a1b004aab	25	20
Sono più grossa di voi.	I'm bigger than you.	a48c5166-79c8-5788-b54c-654de7ce0930	23	20
Io sono più grossa di voi.	I'm bigger than you.	2ee92100-cdc9-548d-9200-dfa9f036146f	26	20
Sono più grosso di voi.	I'm bigger than you.	38e70b50-ca77-5caa-96ad-bcb1b78187f5	23	20
Io sono più grosso di voi.	I'm bigger than you.	a025a2fd-c33c-5714-b8c8-277d40d6f689	26	20
Sono più grosso di lei.	I'm bigger than you.	f8780f2d-b5eb-56ef-95b3-53958815b5fc	23	20
Io sono più grosso di lei.	I'm bigger than you.	83734cc7-9d99-5ff7-8ba0-0401962dcc1c	26	20
Sono più grossa di lei.	I'm bigger than you.	982debde-6b1a-50e7-919c-9ec9443b721a	23	20
Io sono più grossa di lei.	I'm bigger than you.	419d97a7-65c3-59ea-9090-1efde451c6b0	26	20
Sto venendo con Tom.	I'm coming with Tom.	7e76fce0-83e4-5486-a8f4-38d9d76cc6da	20	20
Io sto venendo con Tom.	I'm coming with Tom.	b4f9c6fa-6261-5458-b946-88f44178ec12	23	20
Mi sento nervoso.	I'm feeling nervous.	03212fd0-06bd-52e6-af48-4c85177abd11	17	20
Io mi sento nervoso.	I'm feeling nervous.	7439effc-4154-535b-85af-cd7b6fa9ce92	20	20
Mi sento nervosa.	I'm feeling nervous.	e78aeb57-f905-5b50-ba4c-22ed51d364ec	17	20
Io mi sento nervosa.	I'm feeling nervous.	dbf2662b-56f4-5ee7-b234-ff1d5f2527fd	20	20
Le loro scorte erano poche.	Their supplies were low.	843ac025-4bfb-5768-b684-cc2c872327de	27	24
Mi sta venendo un'idea.	I'm getting an idea.	39ae96e9-5554-5cbe-b3e5-95760d83dc41	23	20
Mi sto vestendo.	I'm getting dressed.	a305356b-734d-5be6-9edb-c2eb8860cd2b	16	20
Io mi sto vestendo.	I'm getting dressed.	4f9ebe4b-fb82-5f2b-af7a-acb2a3323e91	19	20
Mi sto innervosendo.	I'm getting nervous.	dc186713-7386-5c7b-9f35-3f617ab7b9c2	20	20
Io mi sto innervosendo.	I'm getting nervous.	be0d5988-84b8-5b82-bc94-ee9489db669a	23	20
Mi sto preoccupando.	I'm getting worried.	fc8ec163-5bf7-5a42-be68-bc93caf5a51f	20	20
Io mi sto preoccupando.	I'm getting worried.	6ffffe42-1349-5930-bdf9-040ead5b1d3b	23	20
Fornivano acqua al villaggio.	They supplied the village with water.	8ef5880e-14c0-59e2-834c-62e66bb98806	29	37
Loro fornivano acqua al villaggio.	They supplied the village with water.	8ae4b341-d6a2-557e-a0fc-be6f90d94009	34	37
Sto andando a Boston.	I'm going to Boston.	132997dc-26b9-5859-b9e5-fac77dec3529	21	20
Io sto andando a Boston.	I'm going to Boston.	9c23341b-2c8b-56d9-8958-3be3d278d603	24	20
Sto andando in città.	I'm going into town.	d3ce3a83-43fc-56c8-885f-956839c9fed1	21	20
Io sto andando in città.	I'm going into town.	e1f973f3-180d-5de9-9729-feb1428669a9	24	20
Mi fa piacere che tu abbia chiamato.	I'm glad you called.	4d578e4d-fd7a-5f3b-8a7d-b7a1e46b0d8d	36	20
Mi fa piacere che lei abbia chiamato.	I'm glad you called.	24db87d9-d376-57c8-acc7-fc64d390c6a5	37	20
Mi fa piacere che voi abbiate chiamato.	I'm glad you called.	4238b7d9-3db1-5081-b484-c031a2cfaf70	39	20
Sto per mangiarlo.	I'm going to eat it.	4bde48f0-399b-51a6-87dc-754403ed74ed	18	20
Io sto per mangiarlo.	I'm going to eat it.	55913400-5195-5b35-a0ce-2424b579d352	21	20
Sto per mangiarla.	I'm going to eat it.	f29c53f7-e943-5df9-b2e2-1560aa64eefe	18	20
Io sto per mangiarla.	I'm going to eat it.	081000cc-122f-550c-905c-9b0634bd9abd	21	20
Ci fornivano il cibo.	They supplied us with food.	62091547-a14c-501c-8cf6-80f3d7c657d5	21	27
Loro ci fornivano il cibo.	They supplied us with food.	8edf1042-a839-56e0-8f76-661e1d701bb4	26	27
Ha continuato il suo lavoro dopo una breve pausa.	He continued his work after a short break.	047904d8-f0c0-5b5d-93cc-1b924fe245d3	49	42
Continuò il suo lavoro dopo una breve pausa.	He continued his work after a short break.	e5720d02-7353-5a3c-95d8-03e1578f207c	44	42
Lui continuò il suo lavoro dopo una breve pausa.	He continued his work after a short break.	f8984ffa-b9e4-51f8-8b96-9b3a0260dbbe	48	42
Gli fornivamo cibo e vestiti.	We supplied them with food and clothes.	08a09f0e-73eb-5510-bd94-397d5f0222a8	29	39
Noi gli fornivamo cibo e vestiti.	We supplied them with food and clothes.	06a04705-2133-5087-a502-115380dfae27	33	39
Sto andando in chiesa.	I'm going to church.	f1bb5855-e37f-578f-9b26-eb40e27c11bc	22	20
Io sto andando in chiesa.	I'm going to church.	aac09ee4-9944-57b9-8369-4b263637db31	25	20
Sei qui per aiutare?	Are you here to help?	b22a284d-7c3d-5bef-b313-aba150e96b8a	20	21
Siete qui per aiutare?	Are you here to help?	bdedb9da-6fa2-56b8-ad20-c643cae75feb	22	21
È qui per aiutare?	Are you here to help?	15739c8d-8b11-50f4-822a-9ac9c63127d6	18	21
Il Brasile ci fornisce molto del nostro caffè.	Brazil supplies us with much of our coffee.	ab83978b-c914-5fc2-9a32-36783da3ab9a	46	43
Sto tornando a casa.	I'm going back home.	105da56d-2919-5d02-9899-8b45c7223087	20	20
Io sto tornando a casa.	I'm going back home.	9ff14211-ab44-557f-be72-17a9f311ebb0	23	20
C'era sangue dappertutto.	Blood was everywhere.	e1bbb593-58ff-526d-8dd4-f16ba9900b3d	25	21
C'era del sangue dappertutto.	Blood was everywhere.	8523e0a8-1d71-5ebb-8c70-80807ebe65d4	29	21
Le mucche producono il latte.	Cows supply milk.	7b7128ef-dcac-5777-9779-16bd1df6fc9d	29	17
Le vacche producono il latte.	Cows supply milk.	edb18b9a-f054-53b0-a2aa-9c2ea09f677b	29	17
Lo sostengo.	I support him.	c541a8c6-ea7e-5689-a59c-6aa8ca83ca5c	12	14
Io lo sostengo.	I support him.	5f68a1ec-d983-5443-8cca-401604c7d75f	15	14
Non riesci a capire?	Can't you understand?	12beccef-1dac-583e-b1d9-32945b71bf12	20	21
Non riesce a capire?	Can't you understand?	0cd058d8-3412-5f43-8827-1626c3ed745e	20	21
Non riuscite a capire?	Can't you understand?	3e962ca1-1806-513f-aa90-25fd22652097	22	21
Il cambiamento è inevitabile.	Change is inevitable.	5b1b6f7f-415d-51d9-a422-ffadfe1b39c6	29	21
Considera le opzioni.	Consider the options.	deace863-5d8a-5486-9f25-cec12e6804db	21	21
Considerate le opzioni.	Consider the options.	97d20216-4e44-58ec-9604-20ce315050a1	23	21
Consideri le opzioni.	Consider the options.	c377f8a0-8166-5a6e-8c07-1625d4dbed92	21	21
Hai una teoria?	Do you have a theory?	bba7641b-352c-509d-bd86-0f98dfc1da68	15	21
Ha una teoria?	Do you have a theory?	48fcbfb5-bc7c-5368-9587-e5ddad136e20	14	21
Avete una teoria?	Do you have a theory?	be242ef5-f33c-5263-b859-2fb74abd8444	17	21
Consegna questo messaggio.	Deliver this message.	10a62206-e6ba-58aa-b9d0-fa8ec1ce0bd8	26	21
Consegni questo messaggio.	Deliver this message.	e40df489-86c7-5ef3-b7bd-c20fa6a7fce3	26	21
Consegnate questo messaggio.	Deliver this message.	ef60950a-15ad-51b5-b0dd-1061cd1ba37d	28	21
Devo sapere la verità.	I must know the truth.	365cc69a-9993-5000-a442-b2a7dab0986f	22	22
Io devo sapere la verità.	I must know the truth.	a8696fdb-5e3b-529c-9cae-d3be74cedcc3	25	22
C'è qualcuno che li conosce?	Is there someone who knows them?	5ed71833-ec46-52bd-ba14-b6f6c00c547e	28	32
Nessuno li vuole i tuoi libri!	Nobody wants your books!	eda4782c-2fa3-57b6-87e4-1f592561416e	30	24
Ora abbiamo finito.	Now we're done.	d37e9db7-cd9c-5760-b696-6f4527f0b5d8	19	15
Adesso abbiamo finito.	Now we're done.	20bc9d5c-a51b-5ede-933e-d826e08bc60a	22	15
Pensavo fosse una buona idea.	I thought it was a good idea.	df7fb8c0-3296-5c3e-abf2-44352141fb73	29	29
Io pensavo fosse una buona idea.	I thought it was a good idea.	176efa7c-c265-5dab-ac7e-b1c6af3c0e0b	32	29
Cosa sta causando il ritardo?	What's causing the delay?	62f8f95c-d05b-5724-9cc2-c5d7665edd97	29	25
È stato arrestato per errore un uomo innocente.	An innocent man was arrested by mistake.	dc21cb0b-84d7-5570-8d59-6246e9f3335e	47	40
Terrò le dita incrociate.	I'll keep my fingers crossed.	90ccd624-046f-5709-811f-19ed81cb694b	25	29
Io terrò le dita incrociate.	I'll keep my fingers crossed.	c07bfc35-ec48-5ed9-ba8e-960ccb3dc5cf	28	29
Terrò le dita incrociate per te.	I will keep my fingers crossed for you.	54bc2718-8440-5d64-957c-f806a102338e	32	39
Io terrò le dita incrociate per te.	I will keep my fingers crossed for you.	3ad0870f-bafa-5e18-8c50-0b58179a89db	35	39
Terrò le dita incrociate per voi.	I will keep my fingers crossed for you.	a591906a-3ad2-5ef1-ad26-cc72fad22699	33	39
Io terrò le dita incrociate per voi.	I will keep my fingers crossed for you.	52b92ca2-eb9b-57d3-b7e9-8caf37036989	36	39
Terrò le dita incrociate per lei.	I will keep my fingers crossed for you.	c03fcd99-ce83-5c08-a49b-1be23998cb63	33	39
Io terrò le dita incrociate per lei.	I will keep my fingers crossed for you.	08b3e5de-994a-5c40-a7dc-6c6eb6524960	36	39
Tom stava camminando.	Tom was walking.	3b4c2fbc-fd2a-5757-a834-9a617e038e8c	21	16
Tom stava passeggiando.	Tom was walking.	d03abd97-4fd0-5e63-a89c-d2d819601c14	23	16
Non è soddisfatto del suo salario attuale.	He is not content with his present salary.	f8bbbcbe-9894-5b6b-aaba-eb844b07b3c7	42	42
Lui non è soddisfatto del suo salario attuale.	He is not content with his present salary.	347f5c42-ad08-56e7-ac5d-32e38538ae1f	46	42
Teniamo le dita incrociate.	Let's keep our fingers crossed.	4d0eea38-cf95-51af-b12b-cdc0de0e2d34	27	31
Tieni le dita incrociate per me!	Keep your fingers crossed for me!	3ed726f1-e945-5b15-951a-9b4153ba625f	32	33
Tenga le dita incrociate per me!	Keep your fingers crossed for me!	19d6e54b-eba1-5aef-871b-47088cb7ef02	32	33
Tenete le dita incrociate per me!	Keep your fingers crossed for me!	dcb5469a-2ed5-519d-b0f3-6a63e7bbd9fd	33	33
Bello parlare con te.	Nice talking with you.	05d1b776-6b72-56ac-a369-311813c620ee	21	22
Bello parlare con voi.	Nice talking with you.	3e0f22d4-2ff8-54ab-9f4e-6bc10dae4da4	22	22
Bello parlare con lei.	Nice talking with you.	21bcb2bc-6dba-561c-8081-9b1bf2ab93f0	22	22
Fai una pausa.	Take a break.	59b6a918-163c-5c97-9ff3-51b1bbc95064	14	13
Fate una pausa.	Take a break.	89533cc8-7a47-5eba-a2b5-a5521ed1e01e	15	13
Faccia una pausa.	Take a break.	9c8b04f7-c08c-519a-84ab-4c5e9ba507ef	17	13
Mi chiamo Sara.	I am called Sara.	f07ab420-3265-55eb-996f-fabcbe4c1178	15	17
Io mi chiamo Sara.	I am called Sara.	0ead45ef-5827-584c-80c5-95e2c9612822	18	17
Non avranno successo.	They won't be successful.	78b957ed-d937-506c-8175-20a41def221a	21	25
Loro non avranno successo.	They won't be successful.	76339e72-d31a-57f3-816a-54ebe188a350	26	25
Sono quasi certo.	I'm almost positive.	259a9399-1994-578f-a644-0a2c1fdeb636	17	20
Io sono quasi certo.	I'm almost positive.	4e5ee7e3-6808-57aa-afdb-df51cf0025fc	20	20
Sono quasi certa.	I'm almost positive.	b7ad4416-5dbe-5062-9341-1b6368af1b48	17	20
Io sono quasi certa.	I'm almost positive.	94e6ba55-5df3-519c-9c0e-db13852496f7	20	20
Sono quasi favorevole.	I'm almost positive.	498b771e-14c7-52f5-9522-86f11bb2b829	22	20
Io sono quasi favorevole.	I'm almost positive.	251e7e24-75b4-55ab-82c9-41a68fa8f143	25	20
Sono quasi sicuro.	I'm almost positive.	d29c1b9a-c4ce-5556-8ab6-445c3a7b745a	18	20
Io sono quasi sicuro.	I'm almost positive.	0b06c204-185f-564b-9a3e-75679a406f81	21	20
Sono quasi sicura.	I'm almost positive.	19f89a6b-6e3c-59e2-95ca-7d90bd3ec91e	18	20
Io sono quasi sicura.	I'm almost positive.	fc0a9727-9a47-5ec3-9184-4bb515831996	21	20
Sto aspettando questo viaggio.	I'm waiting for this trip.	c986bca4-52a6-5f74-a446-7b9e56d5d216	30	26
Io sto aspettando questo viaggio.	I'm waiting for this trip.	0f22153f-d747-52f7-87af-2773acecca30	33	26
Sto studiando francese.	I'm studying French.	b8320d38-82d7-5166-bbb8-c5c1e2d8aa26	23	20
Io sto studiando francese.	I'm studying French.	e6a13bcb-506b-58bc-9b75-6f5572ab6362	26	20
Sto studiando il francese.	I'm studying French.	62bfe1d6-8a1a-5f87-9dbb-ff9d2ae3e67e	26	20
Io sto studiando il francese.	I'm studying French.	67d7a924-0c78-55d0-8dfb-503b77ea22f1	29	20
Stiamo imparando il francese.	We're learning French.	5dca1898-884d-54a8-95ce-d87e10abbba8	29	22
Noi stiamo imparando il francese.	We're learning French.	43104862-fcc1-5d76-bef7-71779622f234	33	22
A che ora inizi a lavorare?	What time do you start work?	f2464804-e67e-5f6b-b57a-7e0e39f30fd5	27	28
A che ora inizia a lavorare?	What time do you start work?	792131e2-785e-5528-9bcd-9218f22c1f2b	28	28
A che ora iniziate a lavorare?	What time do you start work?	e9bd65c1-c6cf-5ed6-b2be-826e82bcaa3a	30	28
A che ora cominci a lavorare?	What time do you start work?	4b0ff659-fccd-560e-affc-4328489800cb	29	28
A che ora comincia a lavorare?	What time do you start work?	5ba32c95-8bd6-526f-8a35-3b27bd1fc6b0	30	28
A che ora cominciate a lavorare?	What time do you start work?	b6cc0fc2-b5e1-5279-ac3d-039a1e910540	32	28
È morta una persona a me cara.	A person who was dear to me died.	70473c22-0474-50e7-b22b-85969a5db1c8	30	33
Io non so assolutamente nulla sull'università.	I know absolutely nothing about university.	ebb119ac-6485-55cc-9a61-d4d33771751b	46	43
Non so assolutamente nulla sull'università.	I know absolutely nothing about university.	198c1cc5-12cf-59a3-9b45-908de3fe4cbf	43	43
Non so assolutamente nulla.	I know absolutely nothing.	992ae17f-6cf9-5552-817f-6f106faee496	27	26
Io non so assolutamente nulla.	I know absolutely nothing.	fd87709c-fc87-5058-be5b-8b853df5f149	30	26
Tom ha bevuto un po' del whiskey di Mary.	Tom drank some of Mary's whiskey.	0f0d1834-5cfc-5884-b02f-f26305f36c13	41	33
Tom ha bevuto un po' del whisky di Mary.	Tom drank some of Mary's whiskey.	393c4574-631c-556e-80ab-3e1440b6ada7	40	33
Tom bevette un po' del whiskey di Mary.	Tom drank some of Mary's whiskey.	2163f4b6-7b15-52f2-bffb-fa1b57ef9069	39	33
Tom bevette un po' del whisky di Mary.	Tom drank some of Mary's whiskey.	067a4316-dde8-5c9b-9186-4b0370a594f6	38	33
Riesci a indovinare la sua età?	Can you guess her age?	650e9a78-2b87-578e-882f-4a09e9ab309c	31	22
Riesce a indovinare la sua età?	Can you guess her age?	5ef9f567-8e17-534e-af41-1f98234549cf	31	22
Riuscite a indovinare la sua età?	Can you guess her age?	72b08742-c30f-5c9a-bdde-038d7b01501b	33	22
Hey. Come va?	Hey. How's it going?	679414ec-ee7b-5fe9-88c7-bca27a058aad	13	20
Come va tutto?	How is everything?	99ca0d55-4ada-5c49-aec3-ae222ac8c716	14	18
Qualcuno non è d'accordo?	Does anyone disagree?	52b49924-5d5f-5121-805a-01ed70e78db3	25	21
Non essere imbarazzato.	Don't be embarrassed.	54d454fa-d971-5b5f-83b7-f2dcfe7ac094	23	21
Non essere imbarazzata.	Don't be embarrassed.	687f348d-826a-5b82-be13-d3f8ee036992	23	21
Non sia imbarazzato.	Don't be embarrassed.	b9968151-12cc-55da-925f-6f371068b44c	20	21
Non sia imbarazzata.	Don't be embarrassed.	2f02086b-59bb-5dc8-aa6e-c618b1ac49fc	20	21
Non siate imbarazzati.	Don't be embarrassed.	819312ed-0299-52b5-955f-7425a13cc4f4	22	21
Non siate imbarazzate.	Don't be embarrassed.	b5be8a15-ad8c-56ad-bc68-4d82cbe8cd51	22	21
Non essere impertinente.	Don't be impertinent.	92ff9b94-28f1-532e-b322-c125604f39b3	24	21
Non sia impertinente.	Don't be impertinent.	7b124ed9-e516-5548-a221-9b806475974b	21	21
Non siate impertinenti.	Don't be impertinent.	68bd3994-b400-5e5d-bd9a-1b3338d83ef7	23	21
Ha al massimo diciott'anni.	She is at most 18 years old.	97a9b44a-1944-5094-b8d8-4304f9daffaa	27	28
Lei ha al massimo diciott'anni.	She is at most 18 years old.	4bbcc3cd-1e90-5f54-aa82-2375f5c30559	31	28
Mi puoi dire come arrivare alla stazione?	Can you tell me how to get to the station?	c5e1e579-ef71-5776-a473-d56d3e6edce6	41	42
Mi può dire come arrivare alla stazione?	Can you tell me how to get to the station?	46c42f45-66a2-5d55-96b4-a6cf135f7783	40	42
Mi potete dire come arrivare alla stazione?	Can you tell me how to get to the station?	fe585297-0a92-5389-a64c-a611e824c3f5	43	42
Facciamo un bagno ogni giorno.	We take a bath every day.	fc1086cd-38db-5d13-8e77-ac678bc5c4a0	30	25
Noi facciamo un bagno ogni giorno.	We take a bath every day.	fe583e60-a876-5ad3-b745-ec03dd8cebe6	34	25
Quello è il disegno di Tom.	That's Tom's drawing.	6265d4d6-2c42-5b27-b581-32e9a848680e	27	21
Ecco come ho imparato l'inglese.	This is how I learned English.	d1541a38-afa0-5949-9695-0a8e147e202a	32	30
La sua risposta è stata negativa.	His answer was negative.	81864acb-5c81-5858-9cb0-9a710b298405	33	24
Questo è cancerogeno.	This is carcinogenic.	1acb7673-4ed4-5b24-99af-224bab45a5ef	21	21
Ho appena sentito qualcuno urlare.	I just heard someone scream.	2509a5db-edc2-5de5-be3d-e2bc971bbd28	34	28
Io ho appena sentito qualcuno urlare.	I just heard someone scream.	e5caa117-ba7b-596d-8cd7-fba541a20e85	37	28
Facciamo qualcosa di nuovo.	Let's do something new.	035e2f63-1220-5455-bac1-11dec4e20473	27	23
I turisti sono aumentati di numero.	Tourists have increased in number.	8902e571-91c8-57ee-92df-039331d19d58	35	34
Io ho ancora sete.	I'm still thirsty.	ab553582-65f8-5014-8364-f3f0667969f7	18	18
Io ho sempre sete.	I'm always thirsty.	09fed97f-8401-575f-ba73-d1aa10fa50cc	18	19
Bussa prima di entrare.	Knock before entering.	506d1f06-6230-5331-8673-b87f85e30e86	23	22
Bussi prima di entrare.	Knock before entering.	3439f11f-c476-5144-9922-4100df46766f	23	22
Bussate prima di entrare.	Knock before entering.	08381142-e7a2-5253-b902-7e648aab5fdd	25	22
È una clarinettista.	She's a clarinetist.	964211b9-e500-5c49-871f-5a7ab9b643f7	20	20
Lei è una clarinettista.	She's a clarinetist.	2c265373-ac95-5f40-85cd-20ba86facc5d	24	20
Non mi piace essere abbracciato.	I don't like to be hugged.	787f1de3-a856-5cc4-86f7-9ef7bf8fcd77	32	26
Chi mi manderebbe dei fiori?	Who would send me flowers?	37437d6d-05b7-5777-bcff-1b72af4470ee	28	26
Quanto è grande il tuo giardino?	How big is your yard?	5141b5b7-6991-5b08-9310-4196e33d62ff	32	21
Quanto è grande il suo giardino?	How big is your yard?	7bc785c8-3eda-5f38-8229-e4ec320792ca	32	21
Quanto è grande il vostro giardino?	How big is your yard?	62077431-f7f0-5c66-a4cc-416e283d86b8	35	21
Come stanno Tom e Mary?	How are Tom and Mary?	68c5306a-aca7-58d2-938e-5c2332c675e4	23	21
Come stanno i bambini?	How are the children?	3091f983-a09f-5652-b353-02be421f646e	22	21
Come stanno le bambine?	How are the children?	0a8ddcb9-bb5d-5b94-a77c-740d62b00495	23	21
Hai già deciso?	Have you decided yet?	1d771a6b-2528-5047-a8f9-fc1bf2a53674	15	21
Ha già deciso?	Have you decided yet?	d9333884-719e-567a-b45d-3b6ea96243e5	14	21
Avete già deciso?	Have you decided yet?	5f0f0514-4412-5d23-aea1-dd3dc840c6d9	17	21
Ho appena compiuto trent'anni.	I just turned thirty.	9cfca79a-acaa-5b31-8718-71b53e8fccf8	30	21
Io ho appena compiuto trent'anni.	I just turned thirty.	220c8ea0-3cc4-5f40-9a37-eee15c290ab2	33	21
Lo sapevo che Tom stava mentendo.	I knew Tom was lying.	8987b533-b2c5-5d6b-8b36-82098e8b4a63	33	21
Lo sapevo che non era Tom.	I knew he wasn't Tom.	e5dab8ab-a0b2-5892-a431-7c5c9a158c71	26	21
Lo sapevo che lui non era Tom.	I knew he wasn't Tom.	d88ce772-93ad-5647-a05b-234a5c91e3ea	30	21
Lo sapevo che avevi finito.	I knew you were done.	1d1f23c8-8d6d-5f16-915b-9c732f92254a	27	21
Lo sapevo che aveva finito.	I knew you were done.	557f9643-c386-54d0-8f65-30bd68a9d0ea	27	21
Lo sapevo che avevate finito.	I knew you were done.	e75518d3-4b70-5a4f-b4c1-72d03738025a	29	21
Il terremoto ha scosso il terreno.	The earthquake shook the ground.	c806d75d-f00f-5118-8401-51df1b0de8bc	34	32
Il terremoto scosse il terreno.	The earthquake shook the ground.	c09c73df-9f31-5c6c-a908-6bc98196669f	31	32
Lo sapevo che ce l'avresti fatta.	I knew you'd make it.	e374e58c-08b2-5f8c-95da-346e976d0fd0	33	21
Lo sapevo che ce l'avreste fatta.	I knew you'd make it.	c6104b1b-cc15-55d6-9081-c65093fc35c0	33	21
Lo sapevo che ce l'avrebbe fatta.	I knew you'd make it.	cb1aaa8f-29ee-570b-b854-445676ea35f1	33	21
So di voi due.	I know about you two.	ed0ec915-26be-52f6-94d2-4db5ee73999e	14	21
Io so di voi due.	I know about you two.	1a0b8cef-a6f8-590f-b186-16cc8dcd37b0	17	21
Conosco Tom molto bene.	I know Tom very well.	cdc480bc-9880-5545-bf4e-56808319968d	23	21
Io conosco Tom molto bene.	I know Tom very well.	8851053e-d2d6-569c-ab60-a6cc682a66ac	26	21
So cos'è successo.	I know what happened.	78ab6ab4-3a1c-5524-aba9-94b8776c9d6f	18	21
Io so cos'è successo.	I know what happened.	0de81eb1-236b-5340-8538-fb209fa5d621	21	21
Lo so cos'è successo.	I know what happened.	ec10ee37-8572-5b74-a930-5c96115bf0c9	21	21
Io lo so cos'è successo.	I know what happened.	05a72a5f-b906-562f-b293-849a5d544cb7	24	21
So dove guardare.	I know where to look.	bff42afb-dcdc-5b35-b5af-06e31344f9c7	17	21
Io so dove guardare.	I know where to look.	dd0ae05e-7a31-5d25-827e-08315186700d	20	21
So che Tom è vicino.	I know Tom is nearby.	7fff98fc-e4e8-50e1-a029-1d969e96ee93	20	21
So che Tom era arrabbiato.	I know Tom was angry.	3d141cfe-d21c-5933-b4a5-e275bc6b88b9	26	21
So che Tom era stanco.	I know Tom was tired.	5fecd2cc-4b65-539d-bdc4-023a57fee534	22	21
Ho sposato un canadese.	I married a Canadian.	cd0040c8-f017-5b1b-a72f-7668b3bf9bb7	23	21
Io ho sposato un canadese.	I married a Canadian.	4e20dea2-124d-507f-845a-d01b1a884818	26	21
Ho sposato una canadese.	I married a Canadian.	8d8c53d2-a6d4-5581-8c99-883bbab17392	24	21
Io ho sposato una canadese.	I married a Canadian.	f832e19d-b605-55df-bcf8-77c79f6ed0b2	27	21
Ho conosciuto Tom a una festa.	I met Tom at a party.	ad5242e1-04f4-5330-beb6-dd738a126f75	30	21
Io ho conosciuto Tom a una festa.	I met Tom at a party.	0874194b-db63-5cd2-949d-9d2488527d42	33	21
Potrei votare per Tom.	I might vote for Tom.	aa2423c7-cbf7-5ec5-b389-e03d2fc2584b	22	21
Io potrei votare per Tom.	I might vote for Tom.	60b71ae7-6f22-523b-849d-996f365bac5e	25	21
Ho conosciuto Tom la scorsa notte.	I met Tom last night.	014862fd-d1fb-52f1-89a8-25360ab2b22e	34	21
Io ho conosciuto Tom la scorsa notte.	I met Tom last night.	a06f1853-1042-506d-aef1-aba303980c29	37	21
Mi serve un buon avvocato.	I need a good lawyer.	ddd8708d-12de-580c-80b9-cd0270800270	26	21
Tom ha l'abitudine di mangiarsi le unghie.	Tom has the habit of biting his nails.	712e40da-9204-5623-b4c1-87502a6535db	42	38
Sta solo urlando al lupo di nuovo.	He's just crying wolf again.	482f58de-5fa0-5642-90b0-c5b6ad2d2ed0	34	28
Lui sta solo urlando al lupo di nuovo.	He's just crying wolf again.	4223f44a-e4b0-5675-bb42-67afe6f9ec87	38	28
Mi serve un po' di tempo.	I need some time.	a1529c75-bdd1-5dae-976f-a3e817a0e2c3	25	17
Ho bisogno di un po' di tempo.	I need some time.	f5003e04-1e38-538b-ba03-8f68ab078172	30	17
Io ho bisogno di un po' di tempo.	I need a little time.	b70a4753-6669-533e-ad78-19ebd550cd66	33	21
Tom non aveva fretta di sposarsi.	Tom was in no hurry to get married.	91371254-86ed-50d4-96f5-1e1de7f9a0b6	33	35
A me serve un po' di tempo.	I need some time.	56611b12-900d-5462-af7d-579b1dc97718	27	17
Avete bisogno del nostro aiuto?	Do you need our help?	5ce59c6b-8eb5-512c-a0cc-a8cef50505fd	31	21
Ti serve il nostro aiuto?	Do you need our help?	71d93871-83b0-5a18-a9d8-d737c1a9eb0a	25	21
Vi serve il nostro aiuto?	Do you need our help?	77ab8e3a-6d70-59ae-b721-7c90a6ad9aa2	25	21
Le serve il nostro aiuto?	Do you need our help?	8a66b829-a3e9-5070-9433-5e222267112f	25	21
Sta completando il tuo ordine.	He's completing your order.	4becf676-0a83-55bf-ab33-ea959b101081	30	27
Lui sta completando il tuo ordine.	He's completing your order.	83c32ce4-2a20-5697-8dcf-241b4cc679ca	34	27
Sta completando il suo ordine.	He's completing your order.	d966ebec-fee9-5bb3-9640-3bbbc20b0656	30	27
Lui sta completando il suo ordine.	He's completing your order.	9b97993f-37b5-55f3-a692-0ed69cee0a6d	34	27
Sta completando il vostro ordine.	He's completing your order.	dee1034e-67e3-53e8-be4c-86739aaf25c8	33	27
Lui sta completando il vostro ordine.	He's completing your order.	41d8bc4d-dff2-5e8f-91ce-3931fe7e8235	37	27
Oggi ho comprato dieci libri in tutto.	Today, I bought ten books in all.	eb5126f0-e2cc-5fd5-89eb-085da2f5ef7b	38	33
Sedevamo al tavolo in silenzio.	We sat at the table in silence.	77c2e871-21fa-5f54-9aa6-99872bc2e27e	31	31
Noi sedevamo al tavolo in silenzio.	We sat at the table in silence.	8bdf9b19-c202-5d5e-a7a8-1abaadbda124	35	31
Dobbiamo preservare la natura.	We are to preserve nature.	4de0d727-4d44-5f76-8290-05eed9672bf7	30	26
Noi dobbiamo preservare la natura.	We are to preserve nature.	2e7852be-334e-5a36-9783-6e5ae88c309a	34	26
Non so a cosa ti stai riferendo.	I don't know what you're referring to.	829bdce9-5be9-5fdf-9f46-64b9f3852c77	32	38
Io non so a cosa ti stai riferendo.	I don't know what you're referring to.	9a44e0a1-5f9b-5a84-9bb0-0311793477f6	35	38
Non so a cosa si sta riferendo.	I don't know what you're referring to.	6c561e03-d5dd-57b8-ae8f-ed7d041e2682	31	38
Io non so a cosa si sta riferendo.	I don't know what you're referring to.	561cdcdf-b4d1-5291-a723-1ca92030fe1a	34	38
Non so a cosa vi state riferendo.	I don't know what you're referring to.	4a8a01fc-ad5c-5e30-9f29-0b6206f9af08	33	38
Io non so a cosa vi state riferendo.	I don't know what you're referring to.	6dd6d0ce-0337-5f1b-ba7d-d41cb965af05	36	38
Mio figlio è venuto nella mia stanza.	My son came to my room.	5922112a-ed75-587a-8b11-551689321efb	37	23
Mio figlio è venuto nella mia camera.	My son came to my room.	afb8c770-156e-5aa0-976b-17c45e1b4525	37	23
Mio figlio venne nella mia stanza.	My son came to my room.	3882a8c5-9011-5db8-9f45-633d3c4bdf18	34	23
Mio figlio venne nella mia camera.	My son came to my room.	71755c82-4bb5-5370-b1bc-faa717d7a2aa	34	23
È un famoso cantante popolare in Giappone.	He's a famous popular singer in Japan.	65564aea-ed36-51e6-8c14-e0e0982d6c57	42	38
Lui è un famoso cantante popolare in Giappone.	He's a famous popular singer in Japan.	79977f89-d1cb-5645-a10f-004e800e249b	46	38
È un celebre cantante popolare in Giappone.	He's a famous popular singer in Japan.	9dc69630-cf1b-5617-8d4d-8261ac1f9e12	43	38
Lui è un celebre cantante popolare in Giappone.	He's a famous popular singer in Japan.	40afe11d-e210-5e69-b7e1-d76def7bff6b	47	38
Tom ruba della roba.	Tom steals stuff.	b68a3f49-38fa-53e3-9cf5-940ab36e8ad4	20	17
Sulla sua camicia c'era una macchia di salsa.	On his shirt there was a sauce stain.	40ddda06-910a-521b-8cc7-aec384e073f1	45	37
Sulla sua camicia c'era una macchia di sugo.	On his shirt there was a sauce stain.	4eee492c-2ee9-59fb-bda5-4711e9afe9c8	44	37
Sulla sua camicia c'era una macchia di intingolo.	On his shirt there was a sauce stain.	7cd3e785-9af8-52cb-b437-d0b37ad3fe05	49	37
Continua a camminare.	Keep walking.	358ac1b3-7590-5a12-9f8d-0df3b77d2564	21	13
Continuate a camminare.	Keep walking.	8f6b365f-f5e6-5f2d-b967-fa35aa807889	23	13
Continui a camminare.	Keep walking.	c1a0f2e7-2545-5d55-890d-aee209ebe102	21	13
Non lo lascerebbe entrare.	She wouldn't let him in.	362df351-e951-5eb9-a5c9-f5e35044e6ac	26	24
Lei non lo lascerebbe entrare.	She wouldn't let him in.	a3741434-9032-5c12-b031-9a7c09875197	30	24
È il turno di Mary per lavare i piatti.	It's Mary's turn to wash the dishes.	63b23aa8-5d06-5a56-9a40-30388bbd3bd9	39	36
Io ho girato l'Europa.	I travelled around Europe.	534d3ef9-24a8-5da2-8420-4c60827a806a	22	26
Ho viaggiato per l'Europa.	I travelled around Europe.	a702895e-bcbf-5348-bd75-43dac436b48a	26	26
Io ho viaggiato per l'Europa.	I travelled around Europe.	41c1a1d0-041e-53c9-a9ce-5e3ac2a1a44e	29	26
Ero molto felice finché non ho conosciuto lei.	I was very happy until I knew her.	6ff05040-b4bc-5405-956f-6b16874d2f28	46	34
Io ero molto felice finché non ho conosciuto lei.	I was very happy until I knew her.	0bc83b76-869d-5d1f-8ee8-7cd720f83d71	49	34
Anch'io volevo vederti.	I wanted to see you, too.	313253a5-5040-5f5f-9ca1-dc1e60651a4d	23	25
Anch'io volevo vedervi.	I wanted to see you, too.	24a449b8-a9bc-54a5-b341-d59bd138c069	23	25
Anch'io volevo vederla.	I wanted to see you, too.	dedc96fb-94a9-5a46-8e17-7058c8c2d305	23	25
Di solito indossa dei jeans.	She usually wears jeans.	656820bc-f1fd-5465-8423-2432b389f7bf	28	24
Di solito lei indossa dei jeans.	She usually wears jeans.	2002db36-2d74-5129-b568-3bbe8e4dc737	32	24
Dovrei dirglielo?	Ought I to tell it to him?	2dd373a9-156f-5e72-af2f-0c716666dea2	17	26
Lui aveva molta sete e chiese un po' d'acqua.	He was very thirsty and asked for some water.	57e245d3-b986-56f1-aabe-be121d4716a6	45	45
Spero che sia buono.	I hope it's good.	f4b3fd72-8fa1-5fd3-9d26-1ed381ce5b32	20	17
Io spero che sia buono.	I hope it's good.	fc4f7c5c-de8c-58ab-8a2f-eda292fae9d4	23	17
Spero che sia buona.	I hope it's good.	5b5a1e6a-744c-5b3f-a9e3-613a92550f5f	20	17
Io spero che sia buona.	I hope it's good.	7b055c1a-a773-50ad-9228-09dbbf687471	23	17
Quante finestre ci sono?	How many windows are there?	f2af0514-f03c-5d04-a08b-b65648b4f860	24	27
La persona trasportava il piano.	The person carried the piano.	39cc5342-5908-5364-9c64-b4726efa4b55	32	29
La persona trasportava il pianoforte.	The person carried the piano.	776a5c01-d20e-5e7d-b4d3-05fb392fe69a	37	29
Lui è un artista famoso.	He's a famous artist.	cad276b4-ff58-5583-9f51-13cf4340c3e3	24	21
Ha un volto buffo.	She has a funny face.	90329ff1-b6b3-5184-9697-ef64b96fff1b	18	21
Lei ha un volto buffo.	She has a funny face.	cf6d59e7-ccb7-5a42-b03e-8bb14c7ed734	22	21
Sto parlando al telefono.	I'm talking on the phone.	203544f9-9b76-5fbf-bc79-958d383a9873	25	25
Io sto parlando al telefono.	I'm talking on the phone.	5dc110b5-940e-5294-b28c-70bde088c2f4	28	25
Siamo flessibili.	We are flexible.	fbb4d618-a8d5-559a-a07a-6cdd1a6f7d98	17	16
Noi siamo flessibili.	We are flexible.	70ef4163-4abd-574d-bd40-470db4029e59	21	16
Vuoi bere un cocktail perfetto?	Do you want to drink a perfect cocktail?	c32128fc-8a65-5df0-bbb1-26c3d58e6549	31	40
Vuole bere un cocktail perfetto?	Do you want to drink a perfect cocktail?	213df7fd-9656-537d-aaff-7b77068ff49c	32	40
Volete bere un cocktail perfetto?	Do you want to drink a perfect cocktail?	a17b03dd-5dc1-599b-a17f-b51433cee2b1	33	40
Fatti da parte.	Step aside.	4118cf31-c2a6-55f3-a97f-152e5e52062b	15	11
Si faccia da parte.	Step aside.	c1f737f5-29d5-5106-bd3d-7af1129eaf1b	19	11
Fatevi da parte.	Step aside.	9b39d9b1-6e41-5a15-b031-d97d0acdff83	16	11
Hai deciso di andare in Australia?	Have you decided to go to Australia?	abe15f91-0598-58f2-9073-99d45e7cb26a	34	36
Ha deciso di andare in Australia?	Have you decided to go to Australia?	0897b315-d29f-5ef2-9f5a-e46a17666bd9	33	36
Avete deciso di andare in Australia?	Have you decided to go to Australia?	4058c143-6293-5f44-8cc9-28c826c05413	36	36
Sei sveglio?	Are you awake?	4aa678ea-769f-573f-ba03-48e31bbd382f	12	14
Sei sveglia?	Are you awake?	c72934c5-b49b-5913-8ea3-2f51fe68930d	12	14
È sveglio?	Are you awake?	ea6410b5-dda4-56b1-83e1-fb8c9ece3657	10	14
È sveglia?	Are you awake?	a2846f9e-02b2-51b9-a6db-4893ef4ba2cb	10	14
Siete svegli?	Are you awake?	b63c5a22-a9ea-598b-8bd6-7ab8e9395a57	13	14
Siete sveglie?	Are you awake?	e1412a71-1bd6-5c8b-b151-cdb1fabf6683	14	14
Sei scusato.	You are excused.	94265c01-209b-53bc-8a9e-fb8c4eb62408	12	16
Sei scusata.	You are excused.	189cb817-8ab9-53d7-a0ca-8119daced920	12	16
È scusato.	You are excused.	c5d6a875-7bc4-5b4c-9933-74147aa7ea8f	10	16
È scusata.	You are excused.	d75f4f15-d03e-5da8-995e-dae9eb86e58b	10	16
Siete scusati.	You are excused.	189e2750-c0ec-5fe9-b52c-ea22666168e5	14	16
Siete scusate.	You are excused.	56db458d-414c-5f2f-b35d-d0875437909b	14	16
Ho viaggiato molte volte.	I have traveled many times.	8888d271-b580-5d62-8f1e-d5ab8754727e	25	27
Io ho viaggiato molte volte.	I have traveled many times.	611f3343-c402-5f8e-9973-0960fa56a94b	28	27
Mi sentivo rinato.	I felt reborn.	e8639335-9f69-5f85-b39c-eec9f1604928	18	14
Io mi sentivo rinato.	I felt reborn.	bf25702f-5ce3-5c70-89ed-93e52282a70a	21	14
Mi sentivo rinata.	I felt reborn.	9e044366-f1a2-5df6-9f75-33d7f5e531b2	18	14
Io mi sentivo rinata.	I felt reborn.	a38d63f6-4681-5f67-b2f2-eb09ca955264	21	14
Tom sta lavando i piatti.	Tom is doing the dishes.	fac9e844-8ae3-5117-84a1-2d137124905e	25	24
Tom pensava che Mary fosse felice.	Tom thought Mary was happy.	4914e6c4-e2b0-52ea-8422-6261c7097635	34	27
Mi ha dato un bel regalo.	He gave a nice present to me.	55a0567d-0d6e-541f-8bea-d7bc31bb5fba	25	29
Lui mi ha dato un bel regalo.	He gave a nice present to me.	394542c9-6fd0-51d9-9dd8-94f533924b59	29	29
Mi diede un bel regalo.	He gave a nice present to me.	86c92a47-ba02-5416-98cd-8c98c21400be	23	29
Lui mi diede un bel regalo.	He gave a nice present to me.	b01f66ab-9aed-5411-99ad-0ada2f70bdce	27	29
Lui non sa ancora la vrità.	He doesn't yet know the truth.	308f8c54-a2cb-5abe-a71a-f664a8f5e6d8	27	30
Come si scrive?	How is it spelled?	66c5ad24-036c-5052-8615-7941ea203b09	15	18
Non è ancora sera.	It's not evening yet.	15e63414-528d-55a4-881b-3441a510d3d7	18	21
Io non voglio andare in Italia.	I don't want to go to Italy.	95ce485d-4c99-52ea-9746-f2dc323683f3	31	28
Ho già detto a Tom che Mary non è qui.	I have already told Tom that Mary isn't here.	0839990f-2860-57e4-9e66-6972fd55a373	38	45
Io ho già detto a Tom che Mary non è qui.	I have already told Tom that Mary isn't here.	73fae81d-5232-5bce-9ef1-ada2e8b692d7	41	45
L'ho già detto a Tom che Mary non è qui.	I have already told Tom that Mary isn't here.	9f6220d5-c96d-50cc-89b8-34c1bef83027	40	45
Io l'ho già detto a Tom che Mary non è qui.	I have already told Tom that Mary isn't here.	f3bb46bd-9be3-5955-8169-c5bae90d4321	43	45
Ne vale la pena di fare un tentativo.	It is worthwhile to have a try at it.	e0520a52-e357-57f0-9a01-2694aad39c19	37	37
Ho un orario.	I have a schedule.	543990ba-48ba-586c-864d-8d91535187a9	13	18
Io ho un orario.	I have a schedule.	eafec130-6fba-5b13-a423-9ee5c8e6c043	16	18
Tu mangi in classe?	Do you eat in the classroom?	517ca6d8-8858-5712-9110-705559a7851e	19	28
Voi mangiate in classe?	Do you eat in the classroom?	e861ffbb-be8e-5f0a-90bc-91d2066b07ea	23	28
Mangia in classe?	Do you eat in the classroom?	8805c835-b8cb-5b42-8f86-eacb560da6cb	17	28
Lei mangia in classe?	Do you eat in the classroom?	53ccf710-3ac3-5e57-9f70-c3e0e9c0d2dc	21	28
Io sono divorziato.	I am divorced.	a21e0ed1-fd76-50e3-b7f1-fc46d66cc6b4	19	14
Sono divorziata.	I am divorced.	5f6d9e03-bc7b-5b3f-98a9-9da0541a35e5	16	14
Io sono divorziata.	I am divorced.	3dcd0f8e-38d4-5910-94f7-ceab374d17a4	19	14
Qual è la notizia?	What's the news?	3935d4a6-f207-548b-a7ac-d9174d911c4a	18	16
Quali sono le notizie?	What's the news?	ee75629a-a82c-5d49-8f76-868bdb9d382a	22	16
Non devo prendere un appuntamento.	I don't have to make an appointment.	8389e0f2-f1d3-5192-afb7-196e2d53aea7	34	36
Io non devo prendere un appuntamento.	I don't have to make an appointment.	4f0fd0aa-9d73-5014-83fc-4fb33a273386	37	36
Abbiamo mangiato della zuppa di patate.	We ate potato soup.	015639d4-15be-5d25-a9b7-eea3507c0885	39	19
Noi abbiamo mangiato della zuppa di patate.	We ate potato soup.	79ed142d-0777-551f-a861-0c5ac6a6a95b	43	19
Abbiamo mangiato della minestra di patate.	We ate potato soup.	4bda67f2-90b8-53c7-9e02-a2bb78cd5c0e	42	19
Noi abbiamo mangiato della minestra di patate.	We ate potato soup.	3bd85774-8623-520d-bbae-e97a59960dae	46	19
Sei preparato per il peggio?	Are you prepared for the worst?	592a0d63-1ffb-53ca-a2d1-484b04033714	28	31
Sei preparata per il peggio?	Are you prepared for the worst?	e7db0fd6-e88b-5ab6-a7cb-26de9e553e13	28	31
Siete preparati per il peggio?	Are you prepared for the worst?	65def1a4-384c-5058-b2b9-6e33eaedd73f	30	31
Siete preparate per il peggio?	Are you prepared for the worst?	f21235d0-bcad-5dfb-a854-f0f21fe81028	30	31
È preparato per il peggio?	Are you prepared for the worst?	fad84bd5-210f-53ea-8253-c18b1c4b45a8	26	31
È preparata per il peggio?	Are you prepared for the worst?	d74c6b05-36e6-5104-982a-dd795f16e501	26	31
Sei pronto al peggio?	Are you prepared for the worst?	fe571206-a5c5-56e8-a3cd-b0117391465c	21	31
Sei pronta al peggio?	Are you prepared for the worst?	4c8070fb-3507-53c7-807e-41f83d284faa	21	31
È pronto al peggio?	Are you prepared for the worst?	bf582ec1-74f0-5880-a16a-92cc02d7a61b	19	31
È pronta al peggio?	Are you prepared for the worst?	e49e9194-7991-5cdd-b6e1-62ba45d49cb3	19	31
Siete pronti al peggio?	Are you prepared for the worst?	aea63cce-4deb-56fc-b5a7-831446800195	23	31
Siete pronte al peggio?	Are you prepared for the worst?	141d48f5-b87f-54c0-90ee-be0819f0c028	23	31
Lavora per un'azienda di telecomunicazioni.	He works for a telecommunications company.	f8dc659c-e220-526c-a426-1fb33ae31c36	43	42
Lui lavora per un'azienda di telecomunicazioni.	He works for a telecommunications company.	7c944a90-8db1-50c3-b7e7-952ae55b20b2	47	42
Tom era pericoloso.	Tom was dangerous.	7a66b9d3-bf86-5ab7-97a1-bc5bd9c5d874	19	18
Tom accettò il lavoro che gli offrì Mary.	Tom took the job that Mary offered him.	8f182b70-a8c5-5b17-8ef5-8a73534cca40	41	39
Chi ha organizzato quella riunione?	Who organized that meeting?	17419f80-1949-5448-949b-a335e1cccf0e	35	27
Chi è che ha organizzato quella riunione?	Who organized that meeting?	afbbaab9-211b-53fa-8ceb-9cd26bbb3651	41	27
Chi organizzò quella riunione?	Who organized that meeting?	4afafb68-7e52-55f9-85be-db4d2494386d	30	27
Io ho mangiato troppo.	I ate too much.	af0ce10f-108a-5d8f-a472-f8e683f4deeb	22	15
Io mangiai troppo.	I ate too much.	1f95a92a-ac8d-5eff-b3cf-ea76224e4c63	18	15
La città ha molti edifici alti.	The town has many high buildings.	907ef09d-c784-5a35-b3b3-33cc8db92d50	31	33
Quella città ha molti edifici alti.	That town has many tall buildings.	20b9b73d-3aaa-5a0c-9c23-737accf10ec7	35	34
Sei un sospettato.	You're a suspect.	2a13e469-c9a3-5007-b658-6fd14e06a679	18	17
Tu sei un sospettato.	You're a suspect.	c4dba0a4-a2fd-59a4-b954-463f53af6e00	21	17
Sei una sospettata.	You're a suspect.	17c350eb-2134-542d-99b4-813bdfe44c59	19	17
Tu sei una sospettata.	You're a suspect.	f8b6f331-658f-5938-a9ca-e723a900fb89	22	17
È una sospettata.	You're a suspect.	6be6eba7-f492-54d7-a971-faaeb4a172c0	17	17
Lei è una sospettata.	You're a suspect.	30443434-9826-5e10-b950-80ec5d78df5c	21	17
È un sospettato.	You're a suspect.	07d67044-7574-569d-b572-33d5005548df	16	17
Lei è un sospettato.	You're a suspect.	052ca58f-d46d-51c1-9d53-214c6b8d3338	20	17
Odio davvero Tom.	I really do hate Tom.	5af40781-82b1-539e-926a-044ce4c427f5	17	21
Io odio davvero Tom.	I really do hate Tom.	c2ef2a4b-91f2-5ff2-b5bf-be547084bdf8	20	21
Avevi bisogno di me.	You needed me.	1e85bc08-020d-5ab1-bda3-fba9ea2b513d	20	14
Tu avevi bisogno di me.	You needed me.	7a9d97e8-bece-5033-995d-350735176a2c	23	14
Aveva bisogno di me.	You needed me.	4020871c-6e54-5aba-b9cc-0e3fc56a79a4	20	14
Lei aveva bisogno di me.	You needed me.	1a81cf92-daa9-551b-8529-754aa5fa9e1f	24	14
Avevate bisogno di me.	You needed me.	e2c20f66-df83-520f-922b-baf834d85a1e	22	14
Voi avevate bisogno di me.	You needed me.	4a416f45-c9d7-5a28-a3f1-de01f4195b3b	26	14
A me piace dormire.	I like sleeping.	364fa3ab-41eb-5620-bc10-0abc71a8756e	19	16
Ho iniziato a frequentare Tom.	I started dating Tom.	1e1f1ed7-4feb-5778-b305-6229703d434f	30	21
Ho provato a baciare Mary.	I tried to kiss Mary.	aa1cfb91-303d-5bea-abcd-fb830bc5670c	26	21
Io ho provato a baciare Mary.	I tried to kiss Mary.	ff9f44c6-e16d-5f30-b6e7-1e8c618bb34a	29	21
Pensavo fosse Tom.	I thought it was Tom.	b071d651-4a6e-5572-867e-d8dfc8974c51	18	21
Io pensavo fosse Tom.	I thought it was Tom.	5c0323b1-b359-5c7c-bbd2-35e628312bcd	21	21
Pensavo che fosse Tom.	I thought it was Tom.	ffdc5f35-5ccf-5c93-b1cc-4d6f5792649e	22	21
Io pensavo che fosse Tom.	I thought it was Tom.	1cfc9089-94d8-506a-94ac-7551aef9f7af	25	21
Ti ho detto la verità.	I told you the truth.	f40bacd4-63b9-5d3e-a4df-914e784c5686	22	21
Io ti ho detto la verità.	I told you the truth.	baca9773-48bb-5bff-88a5-62221f3e98ff	25	21
Vi ho detto la verità.	I told you the truth.	68eb1d3b-afc1-5eff-b99c-eacde7962ab0	22	21
Io vi ho detto la verità.	I told you the truth.	e5ea6041-4989-5b13-bd39-48e666757e8c	25	21
Le ho detto la verità.	I told you the truth.	364ca9df-2374-59f4-ae7e-e2a6c645b45f	22	21
Io le ho detto la verità.	I told you the truth.	b13c79c8-e52b-5a5a-9c33-138c55a26059	25	21
Voglio ancora sapere.	I still want to know.	3404e960-6630-5446-8ac7-ed05ff36edd3	21	21
Io voglio ancora sapere.	I still want to know.	c4a83f68-2771-584b-a44c-5c862502a339	24	21
Ti aiuterò se possibile.	I will help you if possible.	b159d8bb-0607-54d1-8c7b-ac5e739192dc	24	28
Io ti aiuterò se possibile.	I will help you if possible.	5d4ab1ef-0bb6-5041-85cc-6cc29d1b3694	27	28
Vi aiuterò se possibile.	I will help you if possible.	3b08b205-4bbe-50f2-a99e-e65fbe2e1238	24	28
Io vi aiuterò se possibile.	I will help you if possible.	680490db-11c4-5d98-937b-db5ecb3ba22a	27	28
L'aiuterò se possibile.	I will help you if possible.	179664ca-94ba-5637-8ec1-8638670d5741	23	28
Io l'aiuterò se possibile.	I will help you if possible.	5dca8a02-3589-5c6e-a384-11a1020e2367	26	28
Vai in camera tua!	Go to your room!	a74a1833-3512-5549-83d7-a44a23cda233	18	16
Vada in camera sua!	Go to your room!	183b2d44-0269-51d0-86fb-5f76c8d841ca	19	16
Andate in camera vostra!	Go to your room!	11a3eab2-176a-58a2-8322-eba986c6dba3	24	16
Ho aspettato tre ore.	I waited three hours.	5c366f69-2307-5c2e-a6f7-f7fc0bcf5929	21	21
Io ho aspettato tre ore.	I waited three hours.	09aae24a-c9ba-5984-bf84-95f4c922c4c3	24	21
Rivoglio la mia camicia.	I want my shirt back.	bcfaf317-b1ce-57d1-ad8b-62430f022ef7	24	21
Io rivoglio la mia camicia.	I want my shirt back.	ec1bc777-191c-5962-bde2-7e5bef110da6	27	21
Voglio una distrazione.	I want a distraction.	ebe8c1bd-bce7-5391-bde0-ef10286f2afb	23	21
Io voglio una distrazione.	I want a distraction.	3374544a-f978-5915-bb8f-ccf60b980baf	26	21
Abbiamo mangiato qualche mela.	We ate some apples.	b3b48389-bca7-5408-a986-32e4eda7505d	30	19
Noi abbiamo mangiato qualche mela.	We ate some apples.	f65ac710-ebce-5201-9572-122d42d5c5c9	34	19
Verrà alle tre e un quarto.	He'll come at quarter past three.	ea37b93d-a63e-5256-bfc8-d045446500d0	27	33
Lui verrà alle tre e un quarto.	He'll come at quarter past three.	bff22dfa-7380-5f2d-8eb9-41a865bdfa50	31	33
La porta è chiusa a chiave.	The door is locked.	f7f13054-5135-563a-81f7-71d21836414d	27	19
Non penso che dovremmo stare qui.	I don't think we should stay here.	e7aa094e-8c4c-5104-aa45-10e2fe3934e1	33	34
Io non penso che dovremmo stare qui.	I don't think we should stay here.	eb90a977-2f86-587c-82cc-97776e33c78c	36	34
Non penso che dovremmo restare qui.	I don't think we should stay here.	379c7109-b59b-5d2b-8f51-aabe140449f7	35	34
Io non penso che dovremmo restare qui.	I don't think we should stay here.	c03f6c3b-4cc8-50f9-a8e8-3d167634811b	38	34
Non penso che dovremmo rimanere qui.	I don't think we should stay here.	23c41272-1bd0-5e8b-8f19-a21f31370d6a	36	34
Io non penso che dovremmo rimanere qui.	I don't think we should stay here.	13fc6841-4d7d-5c58-9190-a784764ea3bf	39	34
Cosa mi sono persa?	What did I miss?	361191d1-a568-5622-928a-06824a534728	19	16
Ho aspettato per molto tempo.	I waited a long time.	ad52d64f-7f5c-5a0f-bbde-c3444d2b0ea7	29	21
Io ho aspettato per molto tempo.	I waited a long time.	6a984606-0fc0-5ce6-8b48-901471832e1f	32	21
Una volta ero sposato.	I used to be married.	603dc54e-f3ba-5236-a958-98f825dd0a6e	22	21
Una volta io ero sposato.	I used to be married.	dd5460f3-cf82-515a-8ef9-1f6a6a170a39	25	21
Una volta ero sposata.	I used to be married.	e96f29d6-df27-5bf6-a72b-87476c1e5c5d	22	21
Una volta io ero sposata.	I used to be married.	09096da1-7820-598b-b524-c3bf76f41792	25	21
Una volta vivevo lì.	I used to live there.	66aa84f3-7170-55b8-9064-6717a39e7926	20	21
Una volta io vivevo lì.	I used to live there.	a141e9c3-75fc-5a24-ab9c-acf0a3ce2888	23	21
Voglio che finisca.	I want it to be over.	42e36abd-b099-5cf1-b90f-fafdd986ba79	19	21
Io voglio che finisca.	I want it to be over.	ee45d2b7-c3ae-551e-8422-75ae5c8155a2	22	21
Non diventare emotivo.	Don't get emotional.	93a9b71c-6a75-514c-8fcf-6251dc264d4f	22	20
Non diventare emotiva.	Don't get emotional.	6201b47f-7c75-56c9-a80b-33ce73b5b3f1	22	20
Non diventate emotivi.	Don't get emotional.	5e68e33b-42ff-5ac0-81b8-d9ef74b65b1f	22	20
Non diventate emotive.	Don't get emotional.	62ae0d52-c368-5894-8d91-8605886286e4	22	20
Non diventi emotivo.	Don't get emotional.	f95621b9-0430-5f20-8a6c-354041706f9b	20	20
Non diventi emotiva.	Don't get emotional.	8da219fd-4795-5f75-912e-6ecc1c687880	20	20
Lui chiede il vostro parere.	He asks for your opinion.	a8e56b41-68e3-5c79-aee1-e5e88a85c34c	28	25
Lei chiede il vostro parere.	She asks for your opinion.	9d3f93a0-8af8-5ce5-86a4-23d34f1c8c1b	28	26
Voglio la tua analisi.	I want your analysis.	6a034651-04f4-5c85-8f80-081fe2b65404	22	21
Io voglio la tua analisi.	I want your analysis.	cd3bc429-53d3-57ac-a8c2-21f7f854ae8f	25	21
Voglio la sua analisi.	I want your analysis.	29c016d9-fbfe-514b-a143-166a6c1338ac	22	21
Io voglio la sua analisi.	I want your analysis.	4d1a4040-0d1f-55a1-82bd-3a3dade2e920	25	21
Voglio la vostra analisi.	I want your analysis.	8cfcd800-455c-5591-aa93-c45f4652e1a7	25	21
Io voglio la vostra analisi.	I want your analysis.	d584a9f0-c59f-55ef-aab2-ba99b783b345	28	21
Sono nato in una fattoria.	I was born on a farm.	7349dad8-8b85-5fba-82c5-f820e98c2654	26	21
Io sono nato in una fattoria.	I was born on a farm.	06d05fd8-ca7e-5882-be60-0c500c191873	29	21
Sono nata in una fattoria.	I was born on a farm.	dec64bb5-df4a-5382-89a7-b1f5991958b5	26	21
Io sono nata in una fattoria.	I was born on a farm.	eb0ed21d-5209-50e7-9d0b-9e6706a55d4c	29	21
Io traduco quello che voglio!	I translate what I want!	aa69e45f-cca8-543d-aeb6-6858fe89d5a1	29	24
Io non capisco l'errore.	I don't get the mistake.	163c0f17-15e1-5f14-a139-6bb79e2b8046	24	24
Sono nato su una nave.	I was born on a ship.	d9d37b8f-efd4-5a42-a2ab-42865b12976f	22	21
Io sono nato su una nave.	I was born on a ship.	9e4c575c-ca84-5421-a766-84e71c3eeee6	25	21
Sono nata su una nave.	I was born on a ship.	c6e3b919-e8b6-5bef-ae49-8b0bd35bf602	22	21
Io sono nata su una nave.	I was born on a ship.	cc680091-b9d3-5eca-8743-13f7b39d2e98	25	21
Sono nata a bordo di una nave.	I was born on a ship.	42a1aa69-8c4d-50c1-aa0c-0f62eb274815	30	21
Io sono nata a bordo di una nave.	I was born on a ship.	21c1394e-150d-5f3f-b54d-d476781aca0c	33	21
Sono nato a bordo di una nave.	I was born on a ship.	9998b246-561f-5c10-9d7f-88440960b210	30	21
Io sono nato a bordo di una nave.	I was born on a ship.	ad427bbd-8ff1-5d08-923e-d3cf09dc48f4	33	21
Volevo ferire Tom.	I wanted to hurt Tom.	9794c4da-79ef-51bf-8f33-f883ce7bbd4a	18	21
Io volevo ferire Tom.	I wanted to hurt Tom.	4f66fea0-9b2e-51c8-80a9-94aee4fe2d5f	21	21
Stavo per partire.	I was about to leave.	09f2fac8-98e0-5145-993f-42608ddd909b	18	21
Io stavo per partire.	I was about to leave.	e75343f1-f01d-5595-9316-9834e16d6005	21	21
Ero in biblioteca.	I was at the library.	58288cbe-d613-500b-aadb-5e3e1edb5288	18	21
Io ero in biblioteca.	I was at the library.	d49439b8-34ec-572c-8c54-4100145a166e	21	21
Il mio colore preferito è il marrone.	My favorite color is brown.	308ea55d-cb72-523e-af05-fa8e77d83669	37	27
Non traduco per te!	I don't translate for you!	65b118f2-f2cd-51fb-b6bc-6ff3f0b7fbdf	19	26
Io non traduco per te!	I don't translate for you!	2dcd3dba-5f98-5d5b-83cf-7314b4625fb4	22	26
Non traduco per voi!	I don't translate for you!	1a005dd2-86a7-5a28-83c8-7fd199a4ea47	20	26
Io non traduco per voi!	I don't translate for you!	dcfbe207-05ba-5939-8840-cda9a7197643	23	26
Non traduco per lei!	I don't translate for you!	70af7b81-0e8d-5ddc-af6e-dd5610b9ddf8	20	26
Io non traduco per lei!	I don't translate for you!	bfdca1f5-54b0-5be1-9976-515740f676d3	23	26
Stavo correndo.	I was running.	219ce42d-ec27-5e50-9c92-27baa0e39bfb	15	14
Io stavo correndo.	I was running.	8c3be232-24ee-5f2b-8710-3a681ce3e1b1	18	14
Volevo chiamarti.	I wanted to call you.	e6788b26-4f07-529c-b2f3-c110d1e6ad47	17	21
Io volevo chiamarti.	I wanted to call you.	9a74ddf1-2012-50ea-8c91-15996f8105e3	20	21
Volevo chiamarvi.	I wanted to call you.	cdbc08a7-23e8-5c8c-84c7-07e331484296	17	21
Io volevo chiamarvi.	I wanted to call you.	1a024c78-0839-52a1-b1d2-56fa20ed4612	20	21
Volevo chiamarla.	I wanted to call you.	c975f985-1bef-5b41-a41c-19777f0f876a	17	21
Io volevo chiamarla.	I wanted to call you.	d1826d60-7041-55b7-8d0f-b7d62632cabe	20	21
Ero a casa a dormire.	I was at home asleep.	00830df4-e45d-56c3-ac0e-a670adf17145	21	21
Io ero a casa a dormire.	I was at home asleep.	35b42a1b-a4f7-53c6-9490-19b645122454	24	21
È contento dell'amore di suo figlio per i libri.	He is glad about his son's love of books.	f5184176-5f66-5dcc-bee4-69f7b3fa3d85	48	41
Probabilmente è saggio.	That's probably wise.	806c1f90-59aa-5fcc-822f-e5033e2b8e92	23	21
Volevo fermare Tom.	I wanted to stop Tom.	944841cb-7d36-54c3-ab0d-2af604df335e	19	21
Io volevo fermare Tom.	I wanted to stop Tom.	dc2efab1-86cb-5d9c-a10b-c9cb14d839ef	22	21
Ero a letto verso le nove.	I was in bed by nine.	b7672429-a48e-57cf-affc-529668fc2a0e	26	21
Io ero a letto verso le nove.	I was in bed by nine.	096d661f-0917-5e36-81fb-d6e77efd06bc	29	21
Ero già a letto.	I was in bed already.	b980df4f-be5f-5cb6-aea3-ce5accc74bac	16	21
Io ero già a letto.	I was in bed already.	36f7bbc6-79ad-5936-9fde-ba7db73e0c1d	19	21
Ero geloso di te.	I was jealous of you.	e7d684c2-ad85-5d7c-b490-e7e0347ab71d	17	21
Io ero geloso di te.	I was jealous of you.	eb8faaf3-a865-5fef-bc45-47ef1eeaadb5	20	21
Ero gelosa di te.	I was jealous of you.	78ab6e18-df0d-55ab-a397-2480aa5eb836	17	21
Io ero gelosa di te.	I was jealous of you.	32af72c4-a5a3-515a-9a1a-ab49099a580d	20	21
Ero geloso di voi.	I was jealous of you.	61bd4a2f-3501-5151-b3f5-ff6050f15010	18	21
Io ero geloso di voi.	I was jealous of you.	963dd14e-528b-5c96-a49a-3460cd4964e6	21	21
Ero gelosa di voi.	I was jealous of you.	5c0a6a58-5dbe-5e6c-b0c7-7396b17e40a8	18	21
Io ero gelosa di voi.	I was jealous of you.	f2bc8305-1fec-526d-abde-e54a90eeec9b	21	21
Ero in un night club.	I was in a nightclub.	edc0e90f-41d7-5688-ba5e-143a1184d73a	21	21
Io ero in un night club.	I was in a nightclub.	7376eea6-6558-5e70-8777-d061ab7d1c71	24	21
Ero in un locale notturno.	I was in a nightclub.	c59c173e-dba4-575b-89f3-a160aa485512	26	21
Io ero in un locale notturno.	I was in a nightclub.	fae01984-e46a-53fa-b8b3-44c874b1d328	29	21
Sto provando a imparare l'inglese.	I am trying to learn English.	ebc7eb30-40df-56ef-bc09-52c5c5789d5b	34	29
Io sto provando a imparare l'inglese.	I am trying to learn English.	2934fe14-e5ae-55a1-9806-6b91f4bb6b2c	37	29
Sto provando a capirlo.	I am trying to make it out.	309a314c-ca63-55cd-b82d-25cde2a3e5b8	23	27
Io sto provando a capirlo.	I am trying to make it out.	c618a188-3b49-5242-b7fc-167448ed2376	26	27
Sto provando a capirla.	I am trying to make it out.	f759c5a4-10b6-517b-8409-896b5a59dbee	23	27
Io sto provando a capirla.	I am trying to make it out.	d94b5c61-2fbd-5a24-aaf0-7428d390a7d9	26	27
Sto provando ad aiutarlo.	I am trying to help him.	71ca6384-5e88-5787-9fe1-a2b62de3b9c7	25	24
Io sto provando ad aiutarlo.	I am trying to help him.	03482d12-cce4-5838-be6a-58d3f6e46fc3	28	24
Sto provando addosso questo vestito.	I am trying on this dress.	ddc6410e-e936-5fb4-acb7-9bb84362eb4b	36	26
Io sto provando addosso questo vestito.	I am trying on this dress.	92c8ed5d-2e30-5a75-a7c1-dc16178a590a	39	26
Sto provando a risparmiare del denaro.	I'm trying to save money.	ba2e5376-8f0b-52f5-bb9e-876e8befc61f	38	25
Sto provando a risolvere questo problema.	I'm trying to work out this problem.	a0db02d5-c345-5720-83a2-0b073ca865bf	41	36
Io sto provando a risolvere questo problema.	I'm trying to work out this problem.	94273b25-d4cb-5b43-99ec-069e01cad57d	44	36
Sapevo cosa intendeva Tom.	I knew what Tom meant.	8ccb1229-ae18-51cb-a146-d7eb69adafee	26	22
Io sapevo cosa intendeva Tom.	I knew what Tom meant.	408207ca-99d5-5d02-ad8c-e6eb5f4dd847	29	22
Non ho avuto tempo di fare alcuna decorazione.	I haven't had time to do any decorating.	b40c4b5e-0c88-5b1b-acf0-6a10795d8300	46	40
Io non ho avuto tempo di fare alcuna decorazione.	I haven't had time to do any decorating.	0afdbb2d-e818-56a2-8d74-b428b27f1aec	49	40
È solo che non voglio morire oggi.	It's just that I don't want to die today.	85919c63-5c9b-5604-9920-ee59a57f1e90	34	41
È solo che io non voglio morire oggi.	It's just that I don't want to die today.	77f2f0ba-4e20-546e-8242-37247128bc61	37	41
Io sono andato al parco con Mary ieri.	I went to the park with Mary yesterday.	0d31f605-030c-5488-b814-62b894782914	38	39
Io sono andata al parco con Mary ieri.	I went to the park with Mary yesterday.	93f78b71-3d00-5b6d-bc97-6f1912fed414	38	39
Prima Dio, poi il cibo.	First God, then food.	889a5e53-a3ff-5f87-9f8d-e7d4fddc9d1f	23	21
Insegnava storia a scuola.	He taught history at school.	9abe9c07-22d4-5583-83e7-29d7bc40e9e1	26	28
Lui insegnava storia a scuola.	He taught history at school.	5172f0b9-685b-5513-889a-dbccefdd593d	30	28
Ha chiaramente mangiato molti cristiani.	He has clearly eaten many Christians.	ff039fce-aeba-5c5d-b7b2-13be866c095c	40	37
Lui ha chiaramente mangiato molti cristiani.	He has clearly eaten many Christians.	99c60482-f00a-5e1d-8ef9-ee6d8f1c334b	44	37
Stavo parlando con Tom.	I was talking to Tom.	6a99452e-29af-5ae8-a40b-c46e3ddd19d8	23	21
Io stavo parlando con Tom.	I was talking to Tom.	7d2f6d6d-682f-5bc3-8198-6598c168c0df	26	21
Ero stato fatto prigioniero.	I was taken prisoner.	f55627b2-031b-5ee3-87e3-2cf0d9a35bda	28	21
Io ero stato fatto prigioniero.	I was taken prisoner.	9a74c0e6-e51e-584b-869e-d456a8161da2	31	21
Ero stata fatta prigioniera.	I was taken prisoner.	61ede04e-4dab-5c58-beb2-d0de897046c9	28	21
Io ero stata fatta prigioniera.	I was taken prisoner.	e77bec10-5632-5934-990f-4c4aeeef2d95	31	21
Mio figlio è alle superiori ora.	My son is in high school now.	1724c7ad-ffa3-5af1-99aa-eb3373ddbd12	32	29
Mio figlio è alle superiori adesso.	My son is in high school now.	9a871df6-44b2-588b-98c7-464ab72783aa	35	29
Io preferisco nuotare che sciare.	I prefer swimming to skiing.	b5ba4735-fb2a-5d39-b1fe-110c4c31cbd9	33	28
Tu stai lì.	You stay there.	ef8682f2-587d-5e64-8fe0-6bcd64fff968	11	15
Lei sta lì.	You stay there.	911b15ee-b31f-5721-8d8e-634c971a437d	11	15
Voi state lì.	You stay there.	e5af3267-9e26-52e4-8fbe-233e1f7ca8d6	13	15
Tu resti lì.	You stay there.	6be8bb1c-0a6d-5df8-8b00-d7f933ccd021	12	15
Lei resta lì.	You stay there.	66ffe1a4-294b-53ee-a9a2-0c41e8dda797	13	15
Voi restate lì.	You stay there.	d23e11d1-417c-5b14-8494-121bb81b680b	15	15
Tu rimani lì.	You stay there.	20913761-b0e1-5c6e-b573-e6212fe5e0e7	13	15
Lei rimane lì.	You stay there.	ec8bec4f-fb40-50da-ac03-c0912a4ef9ff	14	15
Voi rimanete lì.	You stay there.	0b89a94c-1ef5-5b0e-b948-870af75c0ab9	16	15
Mi piace nuotare e giocare a calcio.	I like swimming and playing football.	caf22d0d-987b-543e-a8af-6805edc1a069	36	37
Ti piace la torta di mele?	Do you like the apple pie?	a8c52a9a-b10e-5a9d-b6fe-3c1a2832eb4d	26	26
Vorrei vedere il sesto film di Harry Potter.	I'd like to see the sixth movie of Harry Potter.	24f0bc46-4741-5a5d-9844-173dac7ebfc0	44	48
Vorresti dell'acqua?	Would you like some water?	f59b07e1-fb66-50fd-a608-d74d8e09865c	20	26
A tuo fratello piace pattinare sul ghiaccio?	Does your brother like ice skating?	a4e409c5-df74-578c-b98a-855b53b8f6ab	44	35
È successo tutto così velocemente.	It all happened so fast.	f93170dd-0ac1-58a9-8e04-52a1844ff22e	34	24
Ti stai prendendo gioco di me?	Are you making fun of me?	1e79d1ab-28e7-581f-ab8a-8308216b84ba	30	25
Si sta prendendo gioco di me?	Are you making fun of me?	07232add-cda7-5dd3-bb86-de4c086935bb	29	25
Vi state prendendo gioco di me?	Are you making fun of me?	c3a79b6a-aee4-5e96-ac91-9d3ed8d9b657	31	25
Sono in città.	I'm in the city.	d898efd5-567e-5dde-8d22-a9160a04b822	14	16
Io sono in città.	I'm in the city.	be0c6f60-6cc6-5494-8483-10267dc201bb	17	16
Sono nell'esercito.	I'm in the army.	147b2b41-5a82-53c1-b127-7bb0651a96aa	19	16
Io sono nell'esercito.	I'm in the army.	68028a91-57c7-51d0-8526-96e3ef4edd0f	22	16
Mi piace praticare sport.	I like to play sports.	f48ca7c6-acc5-5808-b278-80ad2681816b	25	22
La strada è ghiacciata! Non lasciarlo guidare!	The road is frozen! Don't let him drive!	9650376f-0079-5a01-946e-9bbcf471222e	46	40
È lontano andare a piedi! Prendiamo la macchina.	It's far to go on foot! Let's take the car.	ddab50bc-ec33-5191-9fdb-1f4b4b332e41	48	43
Non chiedere loro dove stanno andando.	Don't ask them where they are going.	78bdc326-c4e4-5cc4-a4fd-513011782618	38	36
Li renderebbe ricchi!	It would make them rich!	01873285-857c-5028-99a7-53c3c9597422	21	24
Le renderebbe ricche!	It would make them rich!	ac3ab800-ea8e-5def-9bd3-f87b9009d3cf	21	24
Le renderebbero ricche!	They would make them rich!	08de6acb-038f-51e0-b6d5-ff9f1122d255	23	26
Sono qui ora, Tom.	I'm here now, Tom.	a88ad637-178b-516f-ae48-91c16afc0ccc	18	18
Io sono qui ora, Tom.	I'm here now, Tom.	88dd0452-9b57-59b4-b4ab-f3b4f1a00e34	21	18
Sono qui adesso, Tom.	I'm here now, Tom.	ff57ce81-bfbb-5030-960d-75e246e20594	21	18
Io sono qui adesso, Tom.	I'm here now, Tom.	2979fac4-084c-5d70-9fc3-872706795e8e	24	18
Sto andando a nuotare.	I'm going to swim.	c1d8992b-84c2-5d10-97e4-cb6c56dd6944	22	18
Io sto andando a nuotare.	I'm going to swim.	22707fa6-714c-572e-9293-491b9a669c64	25	18
Ha dato tre risposte sbagliate.	He gave three wrong answers.	57574a15-e979-5d29-a19f-d4ecd4b0d3a0	31	28
Lui ha dato tre risposte sbagliate.	He gave three wrong answers.	e826599f-de94-5fdf-a266-5846f3baa6f1	35	28
Diede tre risposte sbagliate.	He gave three wrong answers.	c3239ecd-fc32-54b6-b6a1-561204855cf3	29	28
Lui diede tre risposte sbagliate.	He gave three wrong answers.	5d0e80da-b83c-59ec-bc0a-63b1de5325e8	33	28
Questa è una casa grande.	This is a big house.	e29ae190-67ae-5346-b0f8-6281a00d8b98	25	20
Questi sono dei fiori gialli.	These are yellow flowers.	f10e9526-7709-52d7-82c7-dcdd22ebcde0	29	25
Questo libro è sulla vita nell'Unione Sovietica.	This book is about life in the Soviet Union.	bed6de13-2c6f-523a-86bc-908fc63bbc09	48	44
Mio padre è un autista di autobus.	My father is a bus driver.	d1bc350e-06d8-5bfa-ac18-c8fbeb5a8e0e	34	26
Come hai conosciuto i miei genitori?	How did you know my parents?	e9967a1c-8be3-5ef8-904c-d3e801a1729b	36	28
Come ha conosciuto i miei genitori?	How did you know my parents?	eadd8240-1c64-5a0b-a07e-2548f2a04266	35	28
Come avete conosciuto i miei genitori?	How did you know my parents?	0fe26b0f-75ef-5dbc-a58d-81870365a694	38	28
Non annullare niente al momento.	Don't cancel anything yet.	e3bfe6bb-efc9-5de6-ab24-0da60f6632f3	32	26
Non annullate niente al momento.	Don't cancel anything yet.	2f9ba178-e429-5ee4-b527-1af119529765	32	26
Non annulli niente al momento.	Don't cancel anything yet.	92ca1076-9339-51e0-a034-9ba01c746fde	30	26
Tom ha aperto una finestra.	Tom opened a window.	d976f017-b283-58a0-abf3-dae6adef6856	27	20
Tom aprì una finestra.	Tom opened a window.	9545589a-40de-5d5b-b464-78598ac3c038	22	20
Mi sentivo colpevole a riguardo.	I felt guilty about it.	f239c6a3-22fb-5960-ac35-e81279414280	32	23
Io mi sentivo colpevole a riguardo.	I felt guilty about it.	c5c3e778-0bdf-5e10-b73e-12836698c43d	35	23
Non si dimentichi di noi!	Don't forget about us!	04a7fb78-3057-58a8-98d1-448cc71750d4	25	22
Non ti scordare di noi!	Don't forget about us!	db113d91-23bc-5f4c-8a93-080dabdff577	23	22
Non vi scordate di noi!	Don't forget about us!	ac1d72ce-1718-5e4e-9096-25d70f4fa25f	23	22
Non si scordi di noi!	Don't forget about us!	807b8f51-d0aa-5cd2-a481-def5dd3fdb73	21	22
Non scordarti di noi!	Don't forget about us!	abcdaf84-2198-53ab-bbd0-b521c09ed8c7	21	22
Non scordatevi di noi!	Don't forget about us!	057a8c1c-e7d8-590c-b673-ee4696ff0395	22	22
Il canto è il suo punto forte.	Singing is her strong point.	bbac630f-8a83-5ce9-83f2-21bd5b648ee1	30	28
Il canto è il suo punto di forza.	Singing is her strong point.	34b21c3f-327e-554d-9360-319a2d4122a6	33	28
Questa città è situata ai piedi di una montagna.	This city lies at the base of a mountain.	b132ca5f-dd2a-5be6-9502-3af366936a07	48	41
Questa frase è grammaticalmente corretta.	This sentence is grammatically correct.	ad9e6c06-d272-50fa-a065-5f175c7ea97b	41	39
Questa frase è corretta?	Is this sentence correct?	b1893612-c87e-581c-9ced-a96bd16bded3	24	25
Tom ha detto che non era deluso.	Tom said he wasn't disappointed.	e13c1fac-b02b-5d5b-b717-4f96c64a4a91	32	32
Tom disse che non era deluso.	Tom said he wasn't disappointed.	4a7075ca-23f8-5b94-8f61-3bc534fb394e	29	32
Tom ha detto di non essere deluso.	Tom said he wasn't disappointed.	cc0733b9-5470-512a-8e2b-b594213cff12	34	32
Tom disse di non essere deluso.	Tom said he wasn't disappointed.	50f85cb0-18e5-5428-8d77-f6d401e9ca8d	31	32
Nessun altro poteva fare il mio lavoro.	No one else could do my work.	8e33a301-725b-5455-beef-e4527f079a7a	39	29
Voglio andare al negozio dove lavora Tom.	I want to go to the store where Tom works.	25017273-e053-5de8-ab27-9f8718fa6ff7	41	42
Io voglio andare al negozio dove lavora Tom.	I want to go to the store where Tom works.	8eef38d2-8097-563b-8dd4-430936a1a698	44	42
C'è un errore nel conto.	There's a mistake in the bill.	ebb6fd82-dc0e-5736-aebe-42fd2e2a85e5	24	30
C'è un errore nella fattura.	There's a mistake in the bill.	032ac22a-5019-55e5-8f1a-a39ad46021ab	28	30
Dov'è la pineta?	Where is the pine forest?	8fb1df44-47e8-537d-a2c1-d3fc0b915186	16	25
Tom conosce parecchie cose di Mary.	Tom knows quite a lot about Mary.	363773ab-9239-5901-a40f-ed8c233324ca	35	33
Volevo dire grazie.	I wanted to say thanks.	a5666f7d-45ce-5ab4-9a8e-3c778b0bf2ac	19	23
Io volevo dire grazie.	I wanted to say thanks.	c2a31421-f89c-529a-aa2a-3546ed4980cd	22	23
Sono contrario a qualsiasi tipo di abuso.	I'm against any kind of abuse.	d9a90ebe-9afa-5d3d-bbc6-a86bd9ae0414	41	30
Io sono contrario a qualsiasi tipo di abuso.	I'm against any kind of abuse.	9e045f17-54d8-5def-adb7-7a800e8df95b	44	30
Sono contraria a qualsiasi tipo di abuso.	I'm against any kind of abuse.	01433296-49aa-5283-86f9-202afccc5b5a	41	30
Io sono contraria a qualsiasi tipo di abuso.	I'm against any kind of abuse.	0c520548-83d8-58d7-8a05-d87ddfeaa3bf	44	30
Non lasciare che quel cane mi si avvicini!	Don't let that dog come near me!	9f5c6765-00e7-52b1-bc07-ac536f32fbb2	42	32
Non lasciate che quel cane mi si avvicini!	Don't let that dog come near me!	e0377e58-2fde-5376-a57d-fea7ca242d78	42	32
Non lasci che quel cane mi si avvicini!	Don't let that dog come near me!	3d67281c-c0dd-50cf-8e74-176fa8a8ac41	39	32
Non ho visto dottori l'anno scorso.	I didn't see a doctor last year.	bda72d7c-4aa5-5d99-a8ca-cf57ee737cb3	35	32
Io non ho visto dottori l'anno scorso.	I didn't see a doctor last year.	a426766c-484f-5730-8ab5-9e15305dc8b0	38	32
Vogliamo tutti che Tom sia felice.	We all want Tom to be happy.	1247349b-1913-5ccb-b47c-db4a4f04be58	34	28
Noi vogliamo tutti che Tom sia felice.	We all want Tom to be happy.	1579cffb-d959-5f37-86cf-8eae6aa9afd3	38	28
Vogliamo tutte che Tom sia felice.	We all want Tom to be happy.	e67da77d-1444-508b-b41b-397383084421	34	28
Noi vogliamo tutte che Tom sia felice.	We all want Tom to be happy.	ac168d9f-8a3f-5870-81a3-2d62b80b1d87	38	28
Inizialmente Meg aveva nostalgia di casa.	At first, Meg was homesick.	1fd8af65-667d-5c16-b570-1166b0cea4e7	41	27
Mi spazzolava i capelli.	She brushed my hair.	56aadc53-3497-52c1-8437-5605990aa05b	24	20
Lei mi spazzolava i capelli.	She brushed my hair.	8c4e83ee-2b2e-5dca-870c-bfef1a6f15eb	28	20
Mi ha spazzolato i capelli.	She brushed my hair.	1264fd4f-43a3-5182-b424-5f34fb3b7600	27	20
Lei mi ha spazzolato i capelli.	She brushed my hair.	53087947-bc24-5468-aa71-aa84aeed04b1	31	20
Mi spazzolò i capelli.	She brushed my hair.	ded868ba-fa30-5da4-b971-aab0608098bf	22	20
Lei mi spazzolò i capelli.	She brushed my hair.	2440db45-4d8f-547b-b90c-b164a1384b10	26	20
I tuoi capelli odorano di primavera.	Your hair smells like spring.	581d6749-3edd-5cf0-9799-1f8985e8d08c	36	29
I suoi capelli odorano di primavera.	Your hair smells like spring.	f0e69281-281f-5434-a2dc-2161523a5093	36	29
I vostri capelli odorano di primavera.	Your hair smells like spring.	56efd5e0-90a2-5d41-8de5-392790eff9e6	38	29
Ho visto Tom poco tempo fa.	I saw Tom a short time ago.	0f0e4af7-155e-57bf-a60a-bf308344953c	27	27
Io ho visto Tom poco tempo fa.	I saw Tom a short time ago.	e01dce3d-8d4b-51d9-be36-730a1ba4ad01	30	27
Lui ha scoperto l'acqua calda.	He invented the wheel.	862b00a1-285e-52e1-bedc-a9ac930a6b84	30	22
Ha inventato la ruota.	He invented the wheel.	fea41458-d39f-554a-bd78-ec18d09778c4	22	22
Lui ha inventato la ruota.	He invented the wheel.	b02cb7cb-26c3-513d-9108-06cd47124afa	26	22
Inventò la ruota.	He invented the wheel.	4d6150be-cd48-57de-9557-5b97dc1ce8a3	17	22
Lui inventò la ruota.	He invented the wheel.	f98a98f1-1376-5dff-be3e-d1564c99c99a	21	22
Mi serve della moneta per l'autobus.	I need change for the bus.	c9955606-8092-5f31-b904-365041f3c1ec	36	26
A me serve della moneta per l'autobus.	I need change for the bus.	b739d211-2dac-5ce1-b192-9524bb9f6cde	38	26
Non c'è nulla da fare.	There's nothing to it.	1ef2b9fa-d413-5507-b47a-5a1c8224fb8b	22	22
È molto sensibile alle critiche.	She is very sensitive to criticism.	42ad06b5-4b01-5339-85fe-62ea8d57df4a	32	35
Lei è molto sensibile alle critiche.	She is very sensitive to criticism.	bb60dcb6-e64b-508d-8ff3-3639b94b7785	36	35
Nessuno ci crederà.	No one will believe us.	2e017acc-6524-5140-a516-0edc8633742c	19	23
Non ci crederà nessuno.	No one will believe us.	8b0ff68f-6e87-5f96-80e1-329d3c92fc79	23	23
Perché è in chiesa?	Why is he in the church?	3d016bac-6846-52e2-97c4-71025115787f	19	24
Perché lei è in chiesa?	Why is she in the church?	0f390317-d553-51d2-9846-63c981e1c653	23	25
Perché sei in chiesa?	Why are you in the church?	21257dc0-0015-529d-9b7f-615ae2804fb1	21	26
Perché tu sei in chiesa?	Why are you in the church?	1c015c3d-29af-5ed4-98b1-1956fe786d9d	24	26
Perché siete in chiesa?	Why are you in the church?	2be63ee2-c2ce-5435-84e9-c6c7b160f716	23	26
Perché voi siete in chiesa?	Why are you in the church?	3518a456-d114-53d5-9507-d77202f763ce	27	26
Perché lui è in chiesa?	Why is he in the church?	6c443109-b8ef-5003-89b9-d6d640113587	23	24
Voi ragazzi non avete niente di meglio da fare?	Don't you guys have anything better to do?	fb7253c3-a06a-593a-ae14-e8c3eef767f9	47	42
Voi ragazzi non avete nulla di meglio da fare?	Don't you guys have anything better to do?	53536309-b329-584e-b6d5-bf251569cff8	46	42
Ho compiuto trent'anni la settimana scorsa.	I turned thirty last week.	ff485ca9-aa8d-5a5c-a9d5-93261e946a56	43	26
Io ho compiuto trent'anni la settimana scorsa.	I turned thirty last week.	66e16994-7ada-5bba-858e-cff2e70fe93e	46	26
Eri in ritardo al lavoro.	You were late for work.	7f16ba89-ca80-5f49-af57-5841c902778e	25	23
Tu eri in ritardo al lavoro.	You were late for work.	b5341aff-aabc-5292-a201-00ad0265b1d7	28	23
Era in ritardo al lavoro.	You were late for work.	a8dd3f1c-58bc-5d80-80f9-7864d304f008	25	23
Lei era in ritardo al lavoro.	You were late for work.	99094d36-cb89-53fc-9e63-6b88c2c4efa0	29	23
Eravate in ritardo al lavoro.	You were late for work.	c1d2e0fd-3484-5c8f-9113-6d73dbc6eee6	29	23
Voi eravate in ritardo al lavoro.	You were late for work.	d61a93f3-20d6-54a1-ae21-4be0f17c0bf6	33	23
È iniziato.	It has begun.	0ddd0848-da8d-5053-b053-8c06d66ac5ab	11	13
È iniziata.	It has begun.	8999222e-e4cc-5ba4-ae07-c351a0c05708	11	13
Sta venendo qualcuno.	Someone is coming.	4caa1337-736b-52e9-8388-2b1e1109acbb	21	18
Fai qualunque cosa vuoi fare.	Do whatever you want to do.	8fb0d875-13a3-5dcb-8aee-4a30efcaa934	29	27
Faccia qualunque cosa vuole fare.	Do whatever you want to do.	f15fb6f5-a330-5b27-9fd1-e351870d5e4f	33	27
Fate qualunque cosa volete fare.	Do whatever you want to do.	c855bba7-d10e-5ce0-8033-52e8c9c37ffc	32	27
Fai qualsiasi cosa vuoi fare.	Do whatever you want to do.	c0573344-e149-5786-b248-a43bc3e0893b	29	27
Facci qualsiasi cosa vuole fare.	Do whatever you want to do.	9bec212c-72b2-578a-abb1-cc4ddd0eab0b	32	27
Fate qualsiasi cosa volete fare.	Do whatever you want to do.	39a97a22-8361-52fa-989d-141d6f4ef04d	32	27
Tom ha fatto qualche errore nell'esame.	Tom made some mistakes in the test.	ea9cca17-2ba6-5621-8e92-85409c5a3f8f	39	35
Siamo stati riconosciuti.	We've been spotted.	c69dc923-a08e-5006-aabe-7111b3dee5ea	25	19
Noi siamo stati riconosciuti.	We've been spotted.	922a38d0-2bfc-5d22-8c35-46a05c03f985	29	19
Siamo state riconosciute.	We've been spotted.	6a702513-00a2-5e0c-86b1-2f4a774ef401	25	19
Noi siamo state riconosciute.	We've been spotted.	935e5d33-57af-5afc-ba40-53e5c4b244a5	29	19
I bambini sono al sicuro.	The children are safe.	15801d85-f2f3-5a89-9a99-aa5ad75cd51b	25	22
Le bambine sono al sicuro.	The children are safe.	7f927c8b-3953-54f5-9745-24019b8d78c0	26	22
Voglio che mi aiuti a morire.	I want you to help me die.	b97964ac-2f7f-547f-a479-f909781921b0	29	26
Voglio che tu mi aiuti a morire.	I want you to help me die.	1f036c67-6a0e-5c90-8f17-fec24937e0c9	32	26
Voglio che lei mi aiuti a morire.	I want you to help me die.	eaa3300b-5534-5aa2-8fab-dd6a65bf135a	33	26
Voglio che mi aiutiate a morire.	I want you to help me die.	4b053a9b-2905-56ab-a0f8-2c3944c7a429	32	26
Voglio che voi mi aiutiate a morire.	I want you to help me die.	03bb1fef-4305-55d5-b7db-7c8aa412c5e0	36	26
Volevo parlarne.	I wanted to talk about it.	8d9e088d-d6f2-53ca-9f83-10dee7e3e619	16	26
Io volevo parlarne.	I wanted to talk about it.	fc437ea9-2a96-5103-9e05-3c20ba98dc3a	19	26
Volevo discuterne.	I wanted to talk about it.	09c170d8-25a5-5805-b376-ae760566e73c	18	26
Io volevo discuterne.	I wanted to talk about it.	e9129697-5be7-55df-93d7-5986f7b8f403	21	26
Guarda! Sta nevicando.	Look! It's snowing.	d6aa0bc1-fd46-5366-9dc5-268cd4975ddb	22	19
Siamo fatti della stessa pasta.	We are cut from the same cloth.	16e41f0d-0de2-5567-83dc-31008f3fd38d	31	31
Noi siamo fatti della stessa pasta.	We are cut from the same cloth.	6c0c0693-1753-5bf9-9b7c-e30eed4a3106	35	31
Siamo fatte della stessa pasta.	We are cut from the same cloth.	f75d41c5-087c-5e83-b01b-c57a2f983970	31	31
Noi siamo fatte della stessa pasta.	We are cut from the same cloth.	a174acfa-93c1-593b-a3cf-b7e63f78d846	35	31
Guardate! Sta nevicando.	Look! It's snowing.	e21bf0d6-c6c3-5acc-abb2-257026912485	24	19
Guardi! Sta nevicando.	Look! It's snowing.	9e1f11ad-28bf-5df6-ba50-8959eb00cf35	22	19
Mia madre è morta quand'ero un bambino.	My mother died when I was a kid.	d3cb06fe-ec64-5c21-b1f0-cdcfafec333b	39	32
Mia madre morì quand'ero un bambino.	My mother died when I was a kid.	23773fe8-8445-5e56-a6d3-d80ba32d0244	36	32
Abbiamo ancora tempo.	We still have time.	c70c0b37-37d3-5ced-b951-960a878f366b	21	19
Noi abbiamo ancora tempo.	We still have time.	bccc9f8b-12ab-5915-9cb8-47cacd01fe1b	25	19
C'è ancora tempo.	There is yet time.	d3e7fe20-e8dd-5058-b52f-8bf7c2304090	17	18
Ti lamenti sempre.	You are always complaining.	f1c6ebf6-627b-537e-9f1f-7e0a65160848	18	27
Tu ti lamenti sempre.	You are always complaining.	becb0757-290a-5ece-8610-154e97d169cc	21	27
Lei si lamenta sempre.	You are always complaining.	349aae45-2185-5ac3-ac5d-c8e7bfe862ae	22	27
Vi lamentate sempre.	You are always complaining.	04448103-98e9-57b1-881c-a3f0608dad28	20	27
Voi vi lamentate sempre.	You are always complaining.	a6982ff4-7d40-5b66-bb93-cebb1bc86fb9	24	27
Ti amiamo così tanto.	We love you so much.	7294fc16-198a-5d2a-9510-5a9e8802715e	21	20
Noi ti amiamo così tanto.	We love you so much.	b3a0a12f-0b23-5ada-8643-9836a2875939	25	20
Vi amiamo così tanto.	We love you so much.	28792014-1c29-58b5-8974-13564847aabc	21	20
Noi vi amiamo così tanto.	We love you so much.	6936e4fd-8370-53f4-99c6-85807269ab62	25	20
La amiamo così tanto.	We love you so much.	944007f5-f781-58cd-b791-88aefe344426	21	20
Noi la amiamo così tanto.	We love you so much.	cd2849b8-33d5-573b-880c-198866260090	25	20
L'amiamo così tanto.	We love you so much.	73bf0bbc-4c77-54ba-8bcb-50400610abaa	20	20
Noi l'amiamo così tanto.	We love you so much.	3c8f7576-d159-5c9d-b915-d29980c10d5d	24	20
I Lions hanno recuperato nel settimo inning.	The Lions caught up in the 7th inning.	909dfef6-0771-5878-9786-b0f24384656b	44	38
Basi piene, due fuori nel nono inning.	Bases loaded, two outs in the ninth inning.	55b11f0f-c2db-5142-ba29-b787afd248ac	38	43
Questo è il fondo di quale inning?	This is the bottom of what inning?	b1a011b6-1282-5a34-a1ac-9e398b0afd08	34	34
Ha battuto un fuori campo nel primo inning.	He hit a home run in the first inning.	016ee8ba-cde8-5a88-9ce9-283fcdc75e12	43	38
Lui ha battuto un fuori campo nel primo inning.	He hit a home run in the first inning.	31f0c803-b52e-58ff-94f9-a68edc45ef05	47	38
È successo due giorni dopo che è tornato a Tokyo.	It happened two days after he got back to Tokyo.	09dce4f3-cbe8-55dd-acc8-e5ce11c96452	49	48
Faccio un bagno ogni giorno.	I bathe every day.	0b9b53d2-c963-5647-9121-d50a5880d3de	28	18
Io faccio un bagno ogni giorno.	I bathe every day.	d0f4245e-9fdb-5a15-ba81-cc15c7f36c92	31	18
Fumare può causare l'impotenza.	Smoking can cause impotence.	8e4592bf-9784-5bf8-a6ef-8b7192e0404d	31	28
Il fumo può causare l'impotenza.	Smoking can cause impotence.	bda7002f-9b55-5a80-b65b-b19cacadecb7	32	28
La donna ha delle belle guance.	The woman has beautiful cheeks.	164961ad-f941-547c-b0ae-0f08b30372a2	31	31
Cosa sta facendo con lui?	What is she doing with him?	c56c565e-ee74-59d9-be28-cef2198e6731	25	27
Lei cosa sta facendo con lui?	What is she doing with him?	50ab385b-b3f5-5851-98bc-02531402aae3	29	27
Cosa sta facendo con lei?	What is he doing with her?	f04b3db7-9e17-5992-b681-01e02b026907	25	26
Lui cosa sta facendo con lei?	What is he doing with her?	648744cf-063a-57c8-ae7c-07e9bf571b7f	29	26
Fumare può causare impotenza.	Smoking can cause impotence.	ffcc1322-58ff-58ee-83e2-8de9245c9cd5	29	28
Il fumo può causare impotenza.	Smoking can cause impotence.	bc314865-1656-5499-a04c-7d9d420e4a4b	30	28
Chi è il capo qui?	Who is the boss here?	8111b5de-1ee0-523c-9ace-e56fa1c86c6c	18	21
Il bebè strappò una banconota da dieci dollari.	The baby tore up a ten-dollar bill.	447f5d76-54b0-51d2-a4ca-1cab58bd99d6	47	35
Smettila di fare il lecchino con l'insegnante.	Stop sucking up to the teacher.	71abb772-0f7b-5978-bd30-7b9e4e672c5e	46	31
Smettila di fare il lecchino con il professore.	Stop sucking up to the teacher.	7b5652e4-4cde-5800-af99-1dd4d9c5193e	47	31
Smettila di fare il lecchino con la professoressa.	Stop sucking up to the teacher.	0471beeb-de60-5523-9e0a-efe8c2b6b39c	50	31
Smettetela di fare i lecchini con l'insegnante.	Stop sucking up to the teacher.	cb6d1931-7191-566d-8d7e-ff693af825ed	47	31
Smettetela di fare i lecchini con il professore.	Stop sucking up to the teacher.	e98915e7-40f5-5e0a-a31b-a36434e2c0d0	48	31
La smetta di fare il lecchino con l'insegnante.	Stop sucking up to the teacher.	666ebcfe-20e0-5fd4-868b-ab39547ad93e	47	31
La smetta di fare il lecchino con il professore.	Stop sucking up to the teacher.	f7cd5b12-068b-528d-a9d3-f7043ee47093	48	31
Ero abituato a studiare quand'ero studente.	I was used to studying when I was a student.	bb06059a-fa3a-547e-94c2-94e6ebf031ee	43	44
Io ero abituato a studiare quand'ero studente.	I was used to studying when I was a student.	e6b5ad41-fd50-5135-b09d-9f2782f509b9	46	44
Ero abituata a studiare quand'ero studentessa.	I was used to studying when I was a student.	3ef06006-c9b6-5329-8be3-acc1a724bd62	46	44
Io ero abituata a studiare quand'ero studentessa.	I was used to studying when I was a student.	d22ea428-2812-5902-90e1-e34cea198729	49	44
Tom ha scassinato la serratura.	Tom picked the lock.	f71d638b-9cea-526c-b54f-de5134d988a2	31	20
Tom scassinò la serratura.	Tom picked the lock.	7f6d75b2-c013-5152-8a91-2b351e96a856	26	20
Tom era qui da prima di me.	Tom was here before I was.	d9579970-fe2d-5503-b626-d7f75cd343cc	27	26
Tom era qui prima di me.	Tom was here before I was.	833791b0-01d6-56ea-9c51-55a090cd03d8	24	26
Tom ha confessato di aver rubato i soldi.	Tom confessed to stealing the money.	490c8043-c769-5b26-8441-e86a71e19380	41	36
Tom confessò di aver rubato i soldi.	Tom confessed to stealing the money.	7560064b-37a0-57c6-91f3-d06980ded457	36	36
Tom ha confessato di aver rubato il denaro.	Tom confessed to stealing the money.	c981a468-7022-5ae4-bca5-43f1aeaacfb1	43	36
Tom confessò di aver rubato il denaro.	Tom confessed to stealing the money.	e1b7583a-7a78-5ff7-8942-32ec59d978ee	38	36
Sarò subito da te.	I'll be right with you.	626d0073-a3ce-52aa-9fdd-1be1c464b5f2	18	23
Sarò subito da voi.	I'll be right with you.	2ae0e507-6109-5dac-aa16-99ada90dc56e	19	23
Sarò subito da lei.	I'll be right with you.	a4aa1399-5ae3-55c0-8a17-cd81cd3268e7	19	23
Washington è la capitale degli Stati Uniti.	Washington is the capital of the United States.	c4b07b58-f3ba-54da-be99-e988a0763d7d	43	47
Abbiamo bisogno del tuo appoggio.	We need your support.	54e51118-e48d-50b6-9b4c-e4b93ca8bd54	33	21
Noi abbiamo bisogno del tuo appoggio.	We need your support.	983ffed0-38ff-5fc3-8f2f-dfbaf3e1897c	37	21
Abbiamo bisogno del suo appoggio.	We need your support.	84894575-d137-5991-9dc8-8b22fc2f0907	33	21
Noi abbiamo bisogno del suo appoggio.	We need your support.	1e89e9f0-dacf-5a55-952d-aca03c3c005d	37	21
Abbiamo bisogno del vostro appoggio.	We need your support.	6b95fbc9-ff83-5746-8f52-b16c2628d35a	36	21
Noi abbiamo bisogno del vostro appoggio.	We need your support.	38e0d7b9-8a58-5391-a9d9-9098bc779487	40	21
Abbiamo bisogno del tuo sostegno.	We need your support.	12544eba-b52c-5cc8-a88c-17a0b2b94979	33	21
Noi abbiamo bisogno del tuo sostegno.	We need your support.	cc084c61-3fd3-5dbb-b2cc-97f65423a08b	37	21
Abbiamo bisogno del suo sostegno.	We need your support.	35d2f22d-9c4e-5fd2-8157-2b03dbd83a39	33	21
Abbiamo bisogno del vostro sostegno.	We need your support.	25b112f0-3ee8-511c-a883-34639f76bcb2	36	21
Noi abbiamo bisogno del vostro sostegno.	We need your support.	aaefdd30-0028-5591-b260-86ed46b16d53	40	21
Noi abbiamo bisogno del suo sostegno.	We need your support.	d4e1bb58-03b0-57ad-a0da-457c41a8e3c2	37	21
Non ci vive nessuno in questa casa.	Nobody lives in this house.	370e62ca-db55-5aac-8a2f-0946c5f64637	35	27
Non ci abita nessuno in questa casa.	Nobody lives in this house.	e6e12d17-f549-55d0-903b-feaf95409ec9	36	27
Nessuno vive in questa casa.	Nobody lives in this house.	4b8acba6-2e19-52b6-be13-a95be49f2ced	28	27
Ho tre bagagli.	I have three pieces of baggage.	457d7931-0208-5c71-be4f-d3d240685f26	15	31
Io ho tre bagagli.	I have three pieces of baggage.	408ffa62-4a6b-5979-a861-a8e34db26061	18	31
Sei straniera?	Are you a foreigner?	835e4431-7394-5a73-bfb2-ff577b916991	14	20
Sei straniero?	Are you a foreigner?	0942668c-3a8d-55a4-863e-f8476ae00e56	14	20
Tu sei straniera?	Are you a foreigner?	53fdad7a-1b25-5983-bba0-92a42e3e8eb3	17	20
Tu sei straniero?	Are you a foreigner?	e1c01817-5f48-5eec-9bcd-16de9a47300a	17	20
È straniero?	Are you a foreigner?	0c25ec79-10e4-52ca-92a5-7271fa7edf40	12	20
Lei è straniero?	Are you a foreigner?	60252ed6-7930-59c8-b66b-09e810c9b3e9	16	20
È straniera?	Are you a foreigner?	6e0e11de-a1e5-5d92-a909-b3b5314874fd	12	20
Lei è straniera?	Are you a foreigner?	4fe760b6-a1ab-5fe2-9314-ce63bc8b79fa	16	20
Molte persone hanno un sogno.	Many people have a dream.	305d9ed6-6906-5384-a220-6b3f34ec3631	29	25
Lui mi guardò negli occhi.	He looked me in the eye.	ee42b0d8-bb55-5dba-8b08-14f4d6abfa46	26	24
Incolpo Tom per quello.	I blame Tom for that.	64983c68-1e6c-5d08-a430-33e687555b48	23	21
Io incolpo Tom per quello.	I blame Tom for that.	996ae261-914d-5634-ab93-6ef985325447	26	21
Non voglio fallire.	I don't want to fail.	9c5b0aaf-5823-57d9-8a99-6ab7d4c31c1a	19	21
Io non voglio fallire.	I don't want to fail.	151c07fa-b48e-5944-8e1b-46f851a7aabd	22	21
Odio giocare a carte.	I hate playing cards.	f6874ac0-ccde-5ff5-a7a9-e8e10e95bf01	21	21
Io odio giocare a carte.	I hate playing cards.	29481d5c-102f-5135-8c68-9a2c8e81a877	24	21
Ero lì con Tom.	I was there with Tom.	b66cbe74-c46a-557a-ad5d-d35b2be1e2bc	15	21
Io ero lì con Tom.	I was there with Tom.	0af35f20-c3e0-5297-9642-f35ecc5e388c	18	21
Stavo provando ad aiutare.	I was trying to help.	e6d3c20d-c4ca-52f3-a227-116be04ebccf	26	21
Io stavo provando ad aiutare.	I was trying to help.	80a7b763-c119-5c96-9721-1b35fb00eb62	29	21
Non ero responsabile.	I wasn't responsible.	91140881-5fce-55a7-8e5f-5025e1336088	21	21
Io non ero responsabile.	I wasn't responsible.	437d4a16-8a8d-56b2-be12-a050ca606bc6	24	21
Ero stanco e avevo freddo.	I was tired and cold.	c4cd439b-1f29-5b5b-b360-72d07a97adcc	26	21
Io ero stanco e avevo freddo.	I was tired and cold.	cb17b0e4-afda-5e19-8a12-cd0977ff3eab	29	21
Ero stanca e avevo freddo.	I was tired and cold.	b1c6ff1f-5a3d-522d-a61a-cacbeee34183	26	21
Io ero stanca e avevo freddo.	I was tired and cold.	4b244754-3e1b-5960-85dc-ed9f2c9058d4	29	21
Non stavo chiedendo quello.	I wasn't asking that.	4ff2504c-5a6a-5be7-bee3-2500f80aae67	27	21
Io non stavo chiedendo quello.	I wasn't asking that.	265059c2-0e84-5979-bcea-87f81c091fed	30	21
Lui ha rimosso pure questo.	He removed even this one.	384d9ce3-1be6-5075-a42d-cd0dcc83e3bc	27	25
Lei ha rimosso pure questo.	She removed even this one.	4f1ca656-9c75-5f7f-9498-0fee66f0ac0e	27	26
Sono andato a quella festa.	I went to that party.	edcbdc30-d4ea-52db-a318-6b2f607f0256	27	21
Io sono andato a quella festa.	I went to that party.	3d7dd8a8-4ad7-569f-9c13-b07f453cbb3a	30	21
Sono andata a quella festa.	I went to that party.	d30fd9d1-c0a4-5d98-b0a9-d6fa0d6ab61d	27	21
Io sono andata a quella festa.	I went to that party.	96484d2e-4095-5230-aff2-2a31aab0c77e	30	21
Sono andato dalla polizia.	I went to the police.	97037012-40a6-5433-9c54-48460647620b	26	21
Io sono andato dalla polizia.	I went to the police.	d9059029-4152-57f6-a296-62e616a328bc	29	21
Sono andata dalla polizia.	I went to the police.	52942cca-0846-5dd0-9789-3cacd1fb54cd	26	21
Io sono andata dalla polizia.	I went to the police.	87f91eb6-d651-5038-8c18-593536104393	29	21
Ti auguro la felicità.	I wish you happiness.	cd7d2d4a-e270-5721-97fa-030fb133ba5c	22	21
Vorrei che fosse vero.	I wish that was true.	75e7d410-83af-54df-bab6-2f14eb65309e	22	21
Io vorrei che fosse vero.	I wish that was true.	002577dd-d45a-5260-ab2e-268cc03dba91	25	21
Sei un amico di Tom, vero?	You're a friend of Tom's, aren't you?	8f165034-0d2e-5ec9-a4f9-7639b6d27fb9	26	37
Tu sei un amico di Tom, vero?	You're a friend of Tom's, aren't you?	3fa0a7c3-6765-56aa-9280-ac4ea2945444	29	37
Sei un'amica di Tom, vero?	You're a friend of Tom's, aren't you?	28cc8ded-4314-59a2-aa5c-91bdac3f1a85	26	37
Tu sei un'amica di Tom, vero?	You're a friend of Tom's, aren't you?	1897992a-e6cd-558d-95ea-7c58bae5ce19	29	37
È un'amica di Tom, vero?	You're a friend of Tom's, aren't you?	0559d9ca-83ce-5561-8b5f-ce5c40d81e43	24	37
Lei è un'amica di Tom, vero?	You're a friend of Tom's, aren't you?	a5bed963-ef51-5626-b47f-4a956c09da40	28	37
È un amico di Tom, vero?	You're a friend of Tom's, aren't you?	289dd7bd-9395-56d4-82db-fb45cc84b232	24	37
Lei è un amico di Tom, vero?	You're a friend of Tom's, aren't you?	14e78e38-cfae-5419-85c3-4ee8283a27ee	28	37
È ancora presto.	It's still early.	f54c3fa3-7bb1-5cba-a80e-58d7ca8b0330	16	17
Sono uscito con Mary.	I went out with Mary.	c7ab190f-c6c5-5507-9663-de5abc77ad04	21	21
Io sono uscito con Mary.	I went out with Mary.	4038f970-923e-57e7-bd8c-60eebc3b0fec	24	21
Sono uscita con Mary.	I went out with Mary.	3b738cdf-31a7-5d3e-be76-db3ce9584afa	21	21
Io sono uscita con Mary.	I went out with Mary.	1308f080-57ae-51fd-898f-fb9967baa900	24	21
Hai ricevuto la sua lettera?	Did you get her letter?	52774c2f-522b-5595-b4ec-fd16827cba85	28	23
Ha ricevuto la sua lettera?	Did you get her letter?	63a7b7c1-6fc3-5de0-95a4-d5fda6a97cb0	27	23
Avete ricevuto la sua lettera?	Did you get her letter?	4caa0125-b623-588c-b514-9ead148d26c9	30	23
Tom si è ferito?	Did Tom get hurt?	00920a86-1892-5ad2-92be-98ec1f94b7b0	16	17
Tom si ferì?	Did Tom get hurt?	687a8b2f-fef0-5b82-a127-1497f69d122c	12	17
Vorrei che tu fossi morto.	I wish you were dead.	b339dc2e-e506-58dc-9e6e-78fa8617a455	26	21
Io vorrei che tu fossi morto.	I wish you were dead.	23c8f70d-b3e9-52df-aeb0-5e3cd80f3218	29	21
Vorrei che tu fossi morta.	I wish you were dead.	a62cc5e1-6e07-5b14-b4bf-3f38661d4215	26	21
Io vorrei che tu fossi morta.	I wish you were dead.	f066f3bf-4010-5c2f-afae-7806d508cf8e	29	21
Vorrei che lei fosse morta.	I wish you were dead.	c4738a7d-bde8-5112-adc0-2b3b9ab5439e	27	21
Io vorrei che lei fosse morta.	I wish you were dead.	0f204d63-f39d-51f7-9896-1cbfc5546938	30	21
Vorrei che lei fosse morto.	I wish you were dead.	8119c19a-6fdc-5939-8f2c-3f699097167d	27	21
Io vorrei che lei fosse morto.	I wish you were dead.	12571192-6670-501c-a095-574e2c5ca920	30	21
Vorrei che voi foste morti.	I wish you were dead.	d941bd43-2bef-5752-95c8-e695049fcef4	27	21
Io vorrei che voi foste morti.	I wish you were dead.	dd8f7dcb-518c-5b2d-847f-246f46425cfe	30	21
Vorrei che voi foste morte.	I wish you were dead.	9ee48345-6f11-520a-b218-3febe7070692	27	21
Io vorrei che voi foste morte.	I wish you were dead.	1b72df0f-8ee1-5f65-a3d3-1cef6f7064a7	30	21
Non sposerò nessuno.	I won't marry anyone.	227f6ab1-87d0-588e-906a-c565dda59ab1	20	21
Io non sposerò nessuno.	I won't marry anyone.	cc782592-0539-57c5-bd76-08a4cc4cf96c	23	21
Non sposerò nessuna.	I won't marry anyone.	0b5ff3bd-68e8-59b2-af04-3e5b56ef747c	20	21
Io non sposerò nessuna.	I won't marry anyone.	19e05dc9-28b4-5a81-ad77-c628c4b1ecfc	23	21
Lavoro con tuo figlio.	I work with your son.	d3d1a672-d290-5296-a0ae-6f8501ad7206	22	21
Io lavoro con tuo figlio.	I work with your son.	cb5cb9ad-5fc2-5b28-bb41-05fce5b3abff	25	21
Lavoro con suo figlio.	I work with your son.	b63729af-ec51-5979-8646-52e4ec13487b	22	21
Io lavoro con suo figlio.	I work with your son.	0e8d659c-2ad4-51a9-82e7-75b4404772a3	25	21
Lavoro con vostro figlio.	I work with your son.	b8af4441-5a1c-5e2c-a68a-bfd3f5d984e8	25	21
Io lavoro con vostro figlio.	I work with your son.	6624255a-4e03-55b9-9a7c-42d62889a932	28	21
Non deluderò Tom.	I won't let Tom down.	0c3e863e-c29e-50f7-af55-a59b55c07327	17	21
Io non deluderò Tom.	I won't let Tom down.	d28fc9d1-5917-5030-82fb-18e94d9b69be	20	21
Non starò qui a lungo.	I won't be here long.	c9440241-8abe-5a18-8803-31a894a97d3f	22	21
Io non starò qui a lungo.	I won't be here long.	83eb8017-ad0a-51eb-b5aa-208060a4bc70	25	21
Sono entrato nella stanza di Tom.	I entered Tom's room.	24351fec-18c0-51cb-bdec-da838701c12a	33	21
Io sono entrato nella stanza di Tom.	I entered Tom's room.	882221a6-bd5f-56d5-a07c-b9ec338bc5e9	36	21
Sono entrata nella stanza di Tom.	I entered Tom's room.	5a9bbd7a-cf80-5490-b57e-d37abb238ed1	33	21
Io sono entrata nella stanza di Tom.	I entered Tom's room.	078ebe7a-6fe2-526f-9d7e-1ce145af4578	36	21
Sono entrata nella camera di Tom.	I entered Tom's room.	ecd303d7-6431-5f51-8d80-7538cd8127dd	33	21
Io sono entrata nella camera di Tom.	I entered Tom's room.	07c677ec-f124-54a9-bcf6-74e7834aff1c	36	21
Sono entrato nella camera di Tom.	I entered Tom's room.	24b092ce-ce62-5a94-87d7-765ddddfd6a2	33	21
Io sono entrato nella camera di Tom.	I entered Tom's room.	80b1206e-0c2e-5b36-9462-bdb6d6503c99	36	21
Entrai nella stanza di Tom.	I entered Tom's room.	2848e89c-955f-507c-96be-9377fdae131a	27	21
Io entrai nella stanza di Tom.	I entered Tom's room.	2dae16d7-6084-590d-b5a3-e3e696a28b0d	30	21
Entrai nella camera di Tom.	I entered Tom's room.	928fc2f5-f018-5d7d-bf97-49fe102364b4	27	21
Io entrai nella camera di Tom.	I entered Tom's room.	18418fa7-5a01-59d2-8564-216ad6c1722e	30	21
Ho controllato dappertutto.	I checked everywhere.	22a6b7e6-5b5c-5455-87fe-c68668f8d8d0	27	21
Io ho controllato dappertutto.	I checked everywhere.	00517702-ba16-5649-b46b-f1418aed5828	30	21
Controllai dappertutto.	I checked everywhere.	b30123d8-6947-5532-a197-d52f321a9d93	23	21
Io controllai dappertutto.	I checked everywhere.	ba470ddc-5676-5eb4-a543-4494cd19e9c8	26	21
Ho passato una buona vacanza.	I had a good holiday.	96dec5d7-99bb-565c-9866-50ca332d0f4c	29	21
Spero solo che funzioni.	I just hope it works.	7e8a03c8-c6fc-592d-9522-15ce6de16869	24	21
Io spero solo che funzioni.	I just hope it works.	712c600c-ca29-56d8-bfb8-b301149333a4	27	21
Ti serve più tempo?	Do you need more time?	fa3603f3-1be3-5b81-8b6d-d3143fbd2769	19	22
Vi serve più tempo?	Do you need more time?	5869599a-d75c-588f-bbe8-9578f84290a3	19	22
Le serve più tempo?	Do you need more time?	008b7cc5-5301-542a-8acd-ddb04397ecff	19	22
Hai bisogno di più tempo?	Do you need more time?	9e0b54fb-57dc-5528-833a-7b422023460a	25	22
Ha bisogno di più tempo?	Do you need more time?	fc3dec5a-8256-5082-a8ce-9c392841fa9d	24	22
Avete bisogno di più tempo?	Do you need more time?	35d4bfac-703b-5b65-a245-46bd13bb429e	27	22
Sarebbe meglio per te leggere più libri.	It would be better for you to read more books.	cc159033-7e55-5efa-b398-cb1463361142	40	46
Sarebbe meglio per voi leggere più libri.	It would be better for you to read more books.	0e55d398-8ec6-5f5b-92d6-5a88b7ecee3a	41	46
Sarebbe meglio per lei leggere più libri.	It would be better for you to read more books.	4d46a799-f063-5b7f-9b3b-a4784c4f23c4	41	46
Hai qualche piano?	Do you have any plans?	54a1390d-a64f-56ca-b908-6aa0136aa54e	18	22
Ha qualche piano?	Do you have any plans?	d900f88c-74cd-5ac3-81dc-36c7980b7fb8	17	22
Avete qualche piano?	Do you have any plans?	ed34eab7-5d17-58eb-9fd8-13817c589ca2	20	22
Rivuoi indietro questo?	Do you want this back?	c49729f4-eb3a-5ed6-aebd-2c351a8f3cd9	23	22
Rivuoi indietro questa?	Do you want this back?	7b3da541-e17c-5cac-8df9-c01651dd0b59	23	22
Rivuole indietro questo?	Do you want this back?	b9cc78e8-173f-5a93-8fd1-b46ae0b27043	24	22
Rivuole indietro questa?	Do you want this back?	94e54698-6bbc-5dd0-946d-e9c82c6a0f09	24	22
Rivolete indietro questo?	Do you want this back?	1c0869d8-47d6-52ff-8136-8be244c29325	25	22
Rivolete indietro questa?	Do you want this back?	691102c4-2893-598d-ad93-57e2f0391177	25	22
Tuo padre lavora?	Does your father work?	772f77b6-34f2-5c56-871f-9a6c100926b6	17	22
Suo padre lavora?	Does your father work?	5405b019-a5dc-58d8-8dfa-fe55fc2677f1	17	22
Vostro padre lavora?	Does your father work?	9a429ff1-97c7-57f1-a9dc-0ab9e264359d	20	22
Hai un mandato?	Do you have a warrant?	2c11ab62-3f58-5ef4-bfd2-93eba4d46940	15	22
Ha un mandato?	Do you have a warrant?	ebcbbb3b-6dc4-5e6c-94c7-145186749172	14	22
Avete un mandato?	Do you have a warrant?	a9b32e37-c205-57bf-96c6-23eb832a76b5	17	22
Vuoi il mio consiglio?	Do you want my advice?	55fc44d5-2a11-5613-8c35-39f8c651705a	22	22
Vuole il mio consiglio?	Do you want my advice?	62c8800c-3be3-59da-896f-e59d33a3a431	23	22
Volete il mio consiglio?	Do you want my advice?	873666e1-c8f9-5222-bc8e-6dd1b27c086b	24	22
Vuoi un po' di minestra?	Do you want some soup?	e2a80057-4f86-511f-9c04-9876888c97a6	24	22
Vuole un po' di minestra?	Do you want some soup?	403eb08f-703d-5a24-80ce-101671f5f911	25	22
Volete un po' di minestra?	Do you want some soup?	79501e43-e0a0-57c7-8038-222c562bd8fa	26	22
Vuoi un po' di zuppa?	Do you want some soup?	1f4db0b9-dcb4-5637-b2d8-6a736175cecd	21	22
Vuole un po' di zuppa?	Do you want some soup?	38a758be-04a6-58f5-be82-4f11808bd55c	22	22
Volete un po' di zuppa?	Do you want some soup?	33b4a5fc-e4ab-57bd-bcbc-ff4b7ce40ce9	23	22
Vuoi un po' di aiuto?	Do you want some help?	218e99d8-98b7-57c9-8d59-623b577e7fb4	21	22
Vuole un po' di aiuto?	Do you want some help?	a02a0c76-4a45-5162-a995-4654fb4951b8	22	22
Volete un po' di aiuto?	Do you want some help?	2c9c7c65-7ad8-50ea-8650-6a916d36917f	23	22
Vuole del caffè?	Do you want some coffee?	3c2a4d7e-3e6c-5664-b31b-b3e6942713b8	16	24
Volete del caffè?	Do you want some coffee?	19b7804c-f29c-5d57-824d-797b474241ff	17	24
Vuoi del caffè?	Do you want some coffee?	a1b2cad4-ffe5-5a49-8f2c-84086a211848	15	24
Sono abituato a dormire in una tenda.	I'm used to sleeping in a tent.	9085f645-2e8d-5c10-b87c-2a7134bfe59b	37	31
Io sono abituato a dormire in una tenda.	I'm used to sleeping in a tent.	666760c4-664c-51be-89af-8b340b7deedb	40	31
Sono abituata a dormire in una tenda.	I'm used to sleeping in a tent.	6ece6eb0-e99f-5e45-a0b4-9bed79cb8f83	37	31
Io sono abituata a dormire in una tenda.	I'm used to sleeping in a tent.	9871a8d2-6821-505f-b6d0-5e2170a716f4	40	31
Non ascolta nessuno?	Doesn't anyone listen?	bde82eaf-11d0-5e9f-9e2e-f07d8563754a	20	22
Non chiamarmi idiota.	Don't call me a moron.	46735f1f-f540-5ddf-961b-3a8e0fee645b	21	22
Non chiamatemi idiota.	Don't call me a moron.	b0254c1d-7236-5e7e-9b74-9c7bd0aac4ca	22	22
Non mi chiami idiota.	Don't call me a moron.	7463668e-2eb4-551f-93d7-c8600fc7616f	21	22
Non lasciarmi morire qui.	Don't let me die here.	618b0099-35de-5b72-8d06-84097c4608dc	25	22
Non lasciatemi morire qui.	Don't let me die here.	e48b1cbf-3a15-5865-b0e0-d2edd6f3a0f6	26	22
Non mi lasci morire qui.	Don't let me die here.	7cf6794a-8bf7-5c1b-9961-ca169c497d45	24	22
Tutti stavano bevendo.	Everyone was drinking.	007cacde-3904-53cc-b90f-107690967bfe	22	22
Stavano bevendo tutti.	Everyone was drinking.	e4458374-f0c2-5efc-8c80-f7635d37482c	22	22
Tutti erano così felici.	Everyone was so happy.	013ae714-93c9-5d73-9c65-9c0459bbb151	24	22
Erano tutti così felici.	Everyone was so happy.	d5770cc5-41b5-5b3d-a3b9-9262dc366d27	24	22
Tutti credevano a Tom.	Everyone believed Tom.	0ce53813-7759-56a9-bde7-48fd6c1131d2	22	22
Non provare a forzarlo.	Don't try to force it.	1b3d74b3-59a7-5a4f-8273-19be35e7c977	23	22
Non provare a forzarla.	Don't try to force it.	9ac12d2b-1f02-5ee9-97d7-234af1d4a5a3	23	22
Non provate a forzarlo.	Don't try to force it.	27acd36a-19a9-54da-a13c-b7017a07977b	23	22
Non provate a forzarla.	Don't try to force it.	b9de6b2e-3a44-55cc-8eb0-e738b56c3c6f	23	22
Non provi a forzarlo.	Don't try to force it.	823d3d80-4aa4-5c7e-81ac-35ee3b020068	21	22
La pesca è la vita di Tom.	Fishing is Tom's life.	ae6c3b7f-4f2c-508e-af3a-cc88751ae248	26	22
Segui i tuoi istinti.	Follow your instincts.	71b88d43-08cc-5b76-90eb-83b7b702b4c0	21	22
Segua i suoi istinti.	Follow your instincts.	1278570c-82b4-5e03-b44f-55e9e3a001c2	21	22
Seguite i vostri istinti.	Follow your instincts.	8a581747-fd58-5674-b2bc-24e756758ee5	25	22
Tutto sta funzionando.	Everything is working.	018e1018-232f-5370-a7e7-37349c68de0d	22	22
Sta funzionando tutto.	Everything is working.	9d0bb29f-fe8f-50f1-a348-d84532a83f2c	22	22
Tutto è in ordine.	Everything's in order.	9dfaccbb-5c21-5c96-b596-5345b5df39a4	18	22
Tutto è al suo posto.	Everything's in place.	56384379-28e5-53dd-a302-98680c4b0251	21	22
È tutto al suo posto.	Everything's in place.	06911366-168b-5659-b198-61752e827f73	21	22
È tutto così economico.	Everything's so cheap.	fe126be4-5b10-5ea3-9f0e-7e6ed2ac116f	23	22
Tutto è così economico.	Everything's so cheap.	89461ae5-5e4b-53fb-8846-7132deabffcb	23	22
Ha dato una spazzolata veloce alle mie scarpe.	She gave my shoes a quick brush.	cd011d72-c7f4-5488-a19e-a8a75392881d	46	32
Lei ha dato una spazzolata veloce alle mie scarpe.	She gave my shoes a quick brush.	79c56ab7-1718-50ea-b113-dc7eb8df24d6	50	32
Diede una spazzolata veloce alle mie scarpe.	She gave my shoes a quick brush.	70fae380-c95a-51e4-a6a7-52b9e42b78c2	44	32
Lei diede una spazzolata veloce alle mie scarpe.	She gave my shoes a quick brush.	5631a90c-7ce0-59bd-85b7-1d2eb56103c6	48	32
C'è stato bel tempo ieri.	We had nice weather yesterday.	2ebaf530-b1c2-5942-9542-f94f69e89b8e	25	30
Perdona l'intrusione.	Forgive the intrusion.	5425df25-7a8c-5950-bc48-259ba36af0c5	21	22
Perdonate l'intrusione.	Forgive the intrusion.	bb7b1b7e-b7b1-5732-9ba3-b5494ba564d6	23	22
Perdoni l'intrusione.	Forgive the intrusion.	7a6aca12-bca5-58fc-bec7-a96c958ca99f	21	22
Non so dove devi andare.	I don't know where you have to go.	cd7d4e8e-10ff-5e99-b71c-99864a758150	24	34
Tu dove abiti?	Where do you live?	b9dfcb3f-d6f4-5db4-84d4-9dc132843ffd	14	18
Grande spettacolo, vero?	Great show, wasn't it?	10fcb0bd-7556-5a1e-86e7-fb036bf07c3c	24	22
Io non voglio abbronzarmi.	I don't want to get a suntan.	4a54a94b-5a07-58b7-af64-4981376a893d	26	29
Ho comprato dei fiori bellissimi.	I have bought some very beautiful flowers.	4df7cb26-a2f5-51ba-b550-6fcc3a7ceb90	33	42
Dov'eri finito?	Where have you been?	cefbb2cc-c9ab-5999-bf8b-fe791b3aee9a	15	20
Può partire domani.	She can leave tomorrow.	21a858c7-feb1-5d8e-9d02-42ecbf5d06ab	19	23
Lei può partire domani.	She can leave tomorrow.	cc8a2b4f-099a-5391-a77d-e4958b7cf030	23	23
Non c'è spazio nella stanza per un altro letto.	There's no space in the room for another bed.	84972aad-632e-5c1c-9204-389822b62c4b	47	45
Non c'è spazio nella camera per un altro letto.	There's no space in the room for another bed.	0c6f6b19-3bc1-5a02-8105-ff0316ab47c4	47	45
Otto hobbit formano un hobbyte.	Eight hobbits form one hobbyte.	c22c7ca7-0dd1-516d-b0c8-fb960f0d4fdc	31	31
Ho raggiunto i miei limiti.	I have reached my limits.	a8822364-3f57-5278-9065-74b2e7e9441c	27	25
Io ho raggiunto i miei limiti.	I have reached my limits.	5883bc4d-63cf-5759-a543-68322aef0f05	30	25
Sono quello in mezzo.	I'm the one in the middle.	e9547344-4b04-5cc0-95fe-2e504ae50cf0	21	26
Io sono quello in mezzo.	I'm the one in the middle.	893d1fe7-b7d6-5562-b8d5-a683938464b2	24	26
Sono quella in mezzo.	I'm the one in the middle.	3c2d2b96-dcfa-595f-89af-3e85c4efa4b9	21	26
Io sono quella in mezzo.	I'm the one in the middle.	a5aaab52-29fc-5ff0-84e2-1321c152eacf	24	26
Vuoi lasciare un messaggio? No, grazie.	Do you want to leave a message? No, thanks.	9aa36ad8-de1a-5bf5-b0c3-6c9749a78149	39	43
Vuole lasciare un messaggio? No, grazie.	Do you want to leave a message? No, thanks.	99a66d8e-b678-5979-a50e-c95eda879d11	40	43
Volete lasciare un messaggio? No, grazie.	Do you want to leave a message? No, thanks.	509ef61e-3140-5877-82f0-1cc570653309	41	43
Ho voglia di prendere un po' d'aria fresca.	I feel like getting some fresh air.	61667716-b45c-5751-9d9a-682e5a52de9f	43	35
Io ho voglia di prendere un po' d'aria fresca.	I feel like getting some fresh air.	95d6ef8a-9450-5ec4-8024-fee344f4aa4f	46	35
Mi piace il suo atteggiamento.	I like his attitude.	b30a7fe3-3912-5d90-aa58-9783c8d4635d	30	20
A me piace il suo atteggiamento.	I like his attitude.	6ce2c9d7-68af-5b33-9fc2-1d108cd0d56e	32	20
Speravo di finirlo ieri.	I had hoped to finish it yesterday.	a87fd544-d93b-5c18-bf93-4a06cc8ff063	24	35
Io speravo di finirlo ieri.	I had hoped to finish it yesterday.	654f833c-2247-5200-a4e5-5412b1084a76	27	35
Speravo di finirla ieri.	I had hoped to finish it yesterday.	fa29791c-3a0b-5f25-bc5a-c55b76fd3783	24	35
Io speravo di finirla ieri.	I had hoped to finish it yesterday.	079f4e92-431d-5848-ba13-6b5ce9a3ffe0	27	35
È seduto sullo steccato.	He's sitting on the fence.	efda1901-283b-50ad-b7dc-af502f939e82	24	26
Lui è seduto sullo steccato.	He's sitting on the fence.	e28f4f31-5350-569e-a2a4-b88dc9eb4b76	28	26
Questo sembra sbagliato.	This seems wrong.	03c03ebd-32c3-5330-b472-8d59a03d00c5	24	17
Questa sembra sbagliata.	This seems wrong.	8595a3c6-ed0c-52c0-af5e-75c8fb68d229	24	17
Questo è facile.	This is easy.	fcc7acdd-4595-53d1-80ad-34f83f043129	16	13
Questa è facile.	This is easy.	332e16bd-1c76-5d65-b64a-543277b0b411	16	13
Non ti tradirei mai.	I'd never betray you.	9ca3ad30-d82f-559b-a478-fa405acde909	20	21
Io non ti tradirei mai.	I'd never betray you.	46b8740c-dd18-50bf-847d-0bcb45cf122e	23	21
Non vi tradirei mai.	I'd never betray you.	063ef536-ff2b-5ae2-95ef-6b97abdaa0b5	20	21
Io non vi tradirei mai.	I'd never betray you.	c9d17196-a4bc-5b8f-bad5-46dfc9865ba6	23	21
Non la tradirei mai.	I'd never betray you.	cabbed96-05c0-590c-bc30-11090c4013c5	20	21
Io non la tradirei mai.	I'd never betray you.	0ae4debd-b76f-5727-b6fc-8e1eccd69b5c	23	21
Fareste meglio ad andarci in autobus.	You'd better go by bus.	5a2b2896-cd55-5a87-a200-3481e601b320	37	23
Farebbe meglio ad andarci in autobus.	You'd better go by bus.	7cc80a43-2272-5aea-a6f8-fe7a8c585fd5	37	23
Ti tirerò fuori dalla miseria.	I'll put you out of your misery.	e55e7422-0c7d-56cc-98ae-4ed90ab8826f	30	32
Io ti tirerò fuori dalla miseria.	I'll put you out of your misery.	88596af2-b884-5b2a-a273-254703bd292a	33	32
Vi tirerò fuori dalla miseria.	I'll put you out of your misery.	5f488e25-ebad-53e1-9bfb-d96a4db9a5a8	30	32
Io vi tirerò fuori dalla miseria.	I'll put you out of your misery.	57d8f24a-e2cb-5ab0-9021-cb8f9e8c4a0a	33	32
La tirerò fuori dalla miseria.	I'll put you out of your misery.	fc63c4e3-d73b-5145-a4d9-87d3ba5798ca	30	32
Io la tirerò fuori dalla miseria.	I'll put you out of your misery.	dcf02292-802e-5145-af88-baf8628e762e	33	32
Io taglio la carta con un paio di forbici.	I cut the paper with a pair of scissors.	1b23187c-c21d-5d83-addb-beff27b5e857	42	40
Io ho tagliato la carta con un paio di forbici.	I cut the paper with a pair of scissors.	b6c24365-2e9f-5271-8959-879bae25228f	47	40
Sono fidanzati.	They're engaged.	bb9868b9-8642-5469-8f3c-34b4c5100e7c	15	16
Loro sono fidanzati.	They're engaged.	70c0ee24-ee93-5e6b-a1f1-ad8b5637f273	20	16
Lo vedrò oggi.	I'll see him today.	819989ac-77ff-5148-9511-4dcbe784775b	14	19
Io lo vedrò oggi.	I'll see him today.	16480cf1-8e41-5f12-9fba-230d511252bb	17	19
La vedrò oggi.	I'll see her today.	25be4cae-60c3-583d-9908-219a16d21974	14	19
Io la vedrò oggi.	I'll see her today.	5ee42d30-efce-5624-b9a6-c56edb4fad48	17	19
Devi leggere tra le righe.	You have to read between the lines.	99a6d390-6779-5143-9628-befab4aa09c6	26	35
Deve leggere tra le righe.	You have to read between the lines.	55a90fe2-48f1-5c4b-839e-c1462bccb167	26	35
Dovete leggere tra le righe.	You have to read between the lines.	fcf996fd-c7bd-5f44-8603-ebcea1388684	28	35
È fidanzata con un altro uomo.	She's engaged to another man.	055184f2-72f9-5ff2-a453-63c3a56b18aa	30	29
Lei è fidanzata con un altro uomo.	She's engaged to another man.	b2cd91cf-fb36-5533-88e0-5929a3ba58cf	34	29
È fidanzato con un'altra donna.	He's engaged to another woman.	299a91dc-00e4-5b4c-8926-ba85b99bf4ea	31	30
Lui è fidanzato con un'altra donna.	He's engaged to another woman.	ffea8955-59f0-5fd8-8313-2721de25466b	35	30
Non ho alcun amico con cui parlarne.	I have no friend with whom to talk about it.	7e6241a1-66df-5525-9fdb-390331df7e0a	36	44
Io non ho alcun amico con cui parlarne.	I have no friend with whom to talk about it.	8d574889-fc3e-5864-8dde-f654b28646c1	39	44
Non ho alcuna amica con cui parlarne.	I have no friend with whom to talk about it.	b3987dea-684b-5594-9590-f59ba1bfc6fd	37	44
Io non ho alcuna amica con cui parlarne.	I have no friend with whom to talk about it.	11278d1a-8454-53c6-85c3-0a65299976ab	40	44
La mia casa è grande, di colore rosa e bianco.	My house is big, pink and white.	0dfc4f26-e220-5e2b-ba16-3ec4dbb3ee5d	46	32
Non riesco a battere Tom.	I can't beat Tom.	2d2a931d-3b47-5320-a458-aad8f8dcafff	25	17
Io non riesco a battere Tom.	I can't beat Tom.	94c5aff6-7fbd-5966-8f2b-9e4fbb61ae77	28	17
Non riesco a picchiare Tom.	I can't beat Tom.	83a54b91-651d-540f-a48a-f79098b6f22d	27	17
Io non riesco a picchiare Tom.	I can't beat Tom.	d22356de-596c-5f47-901c-bf2ad5e94096	30	17
Non posso picchiare Tom.	I can't beat Tom.	5678f321-7266-5112-a748-4f1873a7ddab	24	17
Io non posso picchiare Tom.	I can't beat Tom.	f825ee9a-5423-517f-8721-62ea64ae81c8	27	17
Il giovane uomo era deluso in amore.	The young man was disappointed in love.	9d1c1348-45aa-5190-b4fc-20356ce09a5a	36	39
Ha abbandonato il socialismo.	He abandoned socialism.	7bd501af-e321-5389-81d8-c12e2237e832	29	23
Lui ha abbandonato il socialismo.	He abandoned socialism.	e8cdc2c1-2e44-5de7-9729-ac5fd22452dc	33	23
Abbandonò il socialismo.	He abandoned socialism.	07531728-a0a0-5936-bff1-b2c63dde239b	24	23
Lui abbandonò il socialismo.	He abandoned socialism.	9445f83e-2066-55dc-afb2-2416ac9cf811	28	23
Sarà difficile eliminare questa macchia.	It's going to be difficult to remove this stain.	8a2ea57c-662c-50ab-9580-7d7f69c5a1ac	40	48
Non riesci a separare la fantasia dalla realtà?	Can't you divorce fantasy from reality?	77133a4a-7dc3-585a-80d4-dea5efdd0f3b	47	39
Non riesce a separare la fantasia dalla realtà?	Can't you divorce fantasy from reality?	6c58d9a5-c4f4-5f6d-80bc-e616a535d296	47	39
Non riuscite a separare la fantasia dalla realtà?	Can't you divorce fantasy from reality?	157e1304-b08c-5bfb-b8eb-cb5f59082836	49	39
Si deve usare la ragione.	One must use reason.	13a75191-5e61-50a4-9df3-872ea027aa91	25	20
Si deve utilizzare la ragione.	One must use reason.	a65b481e-62b6-5ba5-9a65-63b8e3337061	30	20
Io ho comprato dei fiori bellissimi.	I have bought some very beautiful flowers.	6bc348d1-14a5-5304-ab86-bcdb5170945a	36	42
Riguarda mio fratello.	It concerns my brother.	f6d83201-cb2a-5f79-955a-30e20f0c763f	22	23
Questo libro è di mio padre.	This book is my father's.	c4325a30-9397-50e2-9cc5-a62d70a68ea9	28	25
Mio padre e mia madre sono morti.	My father and mother are dead.	a52fa63e-d075-543b-ba41-a450370f1137	33	30
Sii gentile con tutti.	Be kind to everyone.	5f4e5838-ac5e-5468-add5-17d801483d66	22	20
Sia gentile con tutti.	Be kind to everyone.	68e5db09-9083-5b34-9700-b496d5e24124	22	20
Siate gentili con tutti.	Be kind to everyone.	267cbe75-fd72-55fe-a12c-efd38127aecc	24	20
Riguarda lo Stato.	It concerns the State.	534f34a4-ccc0-5a20-8e66-6b0cb0a9c441	18	22
Devo scrivere.	I must write.	fb440ea4-2477-5a3f-9df7-29fdf5b23830	14	13
Io devo scrivere.	I must write.	c2e65cc6-3557-51d7-b9a5-7818822e531a	17	13
Impariamo scrivendo.	We learn by writing.	cd3e51ba-f2ed-5afc-bc25-7c057b7e2145	20	20
Noi impariamo scrivendo.	We learn by writing.	add1def9-0bf3-5d20-b8c5-be22d3d535e6	24	20
Asherah è il nome persiano della Pasqua.	Asherah is the Persian name for Easter.	92c475cb-be6e-55b7-a417-5e4a7107834d	40	39
Mary ha tre figli ora.	Mary has three kids now.	a1af8a71-aa21-5feb-b1f1-596f9a17c04e	22	24
Mary ha tre figli adesso.	Mary has three kids now.	7e2f1ee1-96e6-5c5b-990c-3edce34ea409	25	24
Povero me.	Poor me.	f38a0234-566d-568e-a53f-b9690f660c17	10	8
Povera me.	Poor me.	f3f43054-44d4-587b-acd3-b5f5bb46901d	10	8
Scrivere è utile.	Writing is useful.	55f4139d-b180-5852-a672-1307bf58fd91	17	18
Ci serve un capo.	We need a leader.	acb31c85-9a9f-5955-aed1-878c792bed5d	17	17
A noi serve un capo.	We need a leader.	283497d4-edca-55a5-afef-4565a3ee9c0b	20	17
Ci serve un leader.	We need a leader.	2c94c3ac-e5fe-51ff-ac07-3fa6933969ae	19	17
A noi serve un leader.	We need a leader.	259bbd17-6e89-5243-b585-7a2ccaef2d77	22	17
Abbiamo bisogno di un leader.	We need a leader.	74d20e37-40ca-5699-bfb0-a1066bb3fb85	29	17
Noi abbiamo bisogno di un leader.	We need a leader.	5cd0fb9b-3b1e-5c11-b8e9-a20f40c335b1	33	17
Abbiamo bisogno di un capo.	We need a leader.	fb90de4b-0a13-5a0b-964c-c68a4ba3f6d4	27	17
Noi abbiamo bisogno di un capo.	We need a leader.	8c946040-2063-58fe-a7e6-eda8f169befc	31	17
Sam è andato a sciare a gennaio.	Sam went skiing in January.	3a1b5860-b45b-56c3-8959-3454e8f48b2b	32	27
Desidero imparare.	I wish to learn.	38a4747e-c6d0-595b-a963-56368f4e5d9b	18	16
Io desidero imparare.	I wish to learn.	8fa627da-2306-51ba-a271-ef5b984dbb20	21	16
La carta è utile per scrivere.	Paper is useful for writing.	19192e2c-d5a5-5ad6-a881-47fd0e3d783e	30	28
La carta è utile per la scrittura.	Paper is useful for writing.	3158a9bc-cff5-5066-ae07-1ec0cbb57707	34	28
L'arte di scrivere è utile.	The art of writing is useful.	fba3e56b-ab50-53ec-a9e4-f6a10807b1ac	27	29
L'arte della scrittura è utile.	The art of writing is useful.	18fe18a3-1491-5c55-a97d-e6cb78829410	31	29
Ci servono dei capi.	We need leaders.	6944aeda-a959-5519-b6f7-7c2cbe80fa5f	20	16
A noi servono dei capi.	We need leaders.	40618721-bd0c-52d8-ad05-9835927fd784	23	16
Ci servono dei leader.	We need leaders.	79576b82-2846-53ed-ae24-fef76049e6cf	22	16
A noi servono dei leader.	We need leaders.	d09407b4-a440-5c20-a3da-21cb4be8bf48	25	16
Abbiamo bisogno di capi.	We need leaders.	c6ce4525-6540-581b-94c6-0b2680c86a9b	24	16
Noi abbiamo bisogno di capi.	We need leaders.	404ae341-87a5-5671-b320-e201c8b2ea39	28	16
Abbiamo bisogno di leader.	We need leaders.	22558085-748a-5097-a4fc-49e94681da1b	26	16
Noi abbiamo bisogno di leader.	We need leaders.	b335515a-5da7-5014-968b-ae79adf927b6	30	16
Tom aveva intenzione di dire a Mary della festa.	Tom meant to tell Mary about the party.	d420ff40-a7d4-5b01-b0ae-c480510e2b48	48	39
Non l'abbiamo ancora vista.	We haven't seen it yet.	eb5faf31-cdeb-5503-9d72-b252f062d2b1	27	23
Noi non l'abbiamo ancora vista.	We haven't seen it yet.	442a72b1-204a-5e9e-8ab6-a1444a696e9e	31	23
Dedico questa canzone al mio popolo.	I dedicate this song to my people.	15a94558-6694-5ac8-bb43-0775c6f8981a	36	34
Io dedico questa canzone al mio popolo.	I dedicate this song to my people.	5a9c08a7-0fa6-5955-8efb-26cea023f525	39	34
L'ho visto leggere un libro.	I saw him reading a book.	cb3bb6a4-55c2-526e-9976-7b9b68f681dc	28	25
Io l'ho visto leggere un libro.	I saw him reading a book.	1a40df2d-5b99-5b17-bf2a-e32c37e5bb5f	31	25
Lo vidi leggere un libro.	I saw him reading a book.	a4e0a43d-77cd-59c7-a167-f8674dc8e200	25	25
Io lo vidi leggere un libro.	I saw him reading a book.	1aca32c3-70e0-5d42-b588-a824d10f5895	28	25
Tieni d'occhio le borse.	Keep an eye on the bags.	d12a64d3-5099-5e3e-be88-8d28a148eac9	24	24
Tenga d'occhio le borse.	Keep an eye on the bags.	01a803af-dd20-5edf-ab96-148f5c503dad	24	24
Tenete d'occhio le borse.	Keep an eye on the bags.	f93cce0b-ae84-5e67-adba-fbc17518bdab	25	24
Lui lava la macchina.	He washes the car.	ef7ddc1c-5c09-5d15-9f90-4531d666dd05	21	18
Lui lava l'auto.	He washes the car.	29a75c75-141a-5967-904b-cd5af5d2a0b2	16	18
Lui lava l'automobile.	He washes the car.	6f8206e9-1212-529f-9c9b-76819655a352	22	18
Come siamo arrivati a questo punto?	How did we reach this point?	d243aab9-be7e-54b3-bfa9-c979b55c346b	35	28
Come siamo arrivate a questo punto?	How did we reach this point?	c9c63104-facc-5948-b106-6ae44aaaaa12	35	28
Mio fratello usa questa bici.	My brother uses this bike.	789952a1-0c5c-5cc7-a189-29aee09de39f	29	26
Vorrei una stanza d'angolo.	I'd like a corner room.	411d849d-e496-51f9-8ddf-b6b3201e00cc	27	23
Io vorrei una stanza d'angolo.	I'd like a corner room.	6096f2b8-3542-59fd-af7d-33ac00aa747c	30	23
Tom ha fatto lucidare a Mary le sue scarpe.	Tom got Mary to polish his shoes.	eaea969d-8fdd-5811-bdd7-6d835de52a3e	43	33
Tom fece lucidare a Mary le sue scarpe.	Tom got Mary to polish his shoes.	010562c5-5ac3-54c0-b196-78397027a350	39	33
Amo il suono delle risate dei bambini.	I love the sound of children laughing.	48a6289d-c0d1-56d6-9558-e41d5b3395a1	38	38
Io amo il suono delle risate dei bambini.	I love the sound of children laughing.	9c086470-52e8-5149-a303-6e22f7d4b8f5	41	38
I suoi cani stavano correndo attorno alla casa.	Her dogs were running around the house.	506608d0-877d-502b-a15d-bffc35c61587	47	39
È cambiato molto di aspetto.	He's changed a lot in his looks.	ad289e2e-5073-57ba-a7a8-53d1e0089fd9	28	32
Lui è cambiato molto di aspetto.	He's changed a lot in his looks.	29126afa-0998-5fde-b0d3-e0cb371bccf5	32	32
La colomba rappresenta la pace.	The dove stands for peace.	10330b84-9449-5fa6-80d8-8492bf6bb221	31	26
Peter si innamorò della ragazza.	Peter fell in love with the girl.	d6abcf18-35e0-52af-9846-af491b21393f	32	33
Non preoccuparti. Ti aiuterò.	Don't worry. I'll help you.	dfd2a5be-56de-5e33-950e-1693936bae21	29	27
Non si preoccupi. La aiuterò.	Don't worry. I'll help you.	fb57dd3d-c7fd-5433-87c5-e6a5beab2d4f	29	27
Non preoccupatevi. Vi aiuterò.	Don't worry. I'll help you.	b7cabfe5-517f-5209-a715-b3fa36d60b63	30	27
Mia madre non riesce a venire.	My mother can't come.	6e63314f-7188-528b-8e86-372d8727d1a9	30	21
L'acqua del rubinetto è pericolosa.	Tap water is dangerous.	af42030a-d405-525c-8226-fd80f4c775ab	35	23
Tom e Sue si amano a vicenda.	Tom and Sue love each other.	c2be5365-aff0-5469-b549-2344878e1ad8	29	28
Vuoi mangiare dei gamberi?	Do you want to eat prawns?	2c60d337-b57e-5635-b68f-2ece51e2744f	26	26
Volete mangiare dei gamberi?	Do you want to eat prawns?	ed916bdc-d0fb-5a45-b08d-2f0e62cee88a	28	26
Vuole mangiare dei gamberi?	Do you want to eat prawns?	32d11190-3f7b-5076-a3d3-52ae0aa7b52d	27	26
Vuoi mangiare degli scampi?	Do you want to eat prawns?	d8730721-8531-542b-b48f-cec198ddda2c	27	26
Vuole mangiare degli scampi?	Do you want to eat prawns?	599633df-6028-5100-a636-e8dc689d8f19	28	26
Volete mangiare degli scampi?	Do you want to eat prawns?	ad97e84c-6761-5f08-b05f-06c552e14bd0	29	26
Nulla è prezioso come l'amore.	Nothing is as precious as love.	216237ca-5c8f-5f56-b4ed-4ebca5fefaaa	30	31
Hai mai visto questa bandiera?	Have you ever seen this flag?	ee4dfde0-598d-5430-a768-c562ada0a8fa	30	29
Tu hai mai visto questa bandiera?	Have you ever seen this flag?	6817e605-6c2b-51fc-9501-9109d72ae9a1	33	29
Ha mai visto questa bandiera?	Have you ever seen this flag?	6b854a0c-d3af-5acd-a43f-38cfe889561f	29	29
Lei ha mai visto questa bandiera?	Have you ever seen this flag?	4b02da25-0f6b-58f9-8ea7-c4a58038290c	33	29
Avete mai visto questa bandiera?	Have you ever seen this flag?	f4aa3137-35dd-574c-b11b-ba34ff745954	32	29
Voi avete mai visto questa bandiera?	Have you ever seen this flag?	a39aae00-7fe4-575c-a6f0-48ff37e14c86	36	29
Hai mai visto questo?	Have you ever seen this?	49cb9338-676b-5a17-b17a-8a533147dcc8	21	24
Tu hai mai visto questo?	Have you ever seen this?	907800a2-99bd-5a5f-b834-71d1625fff28	24	24
Hai mai visto questa?	Have you ever seen this?	dd2cc71e-5d25-5d9b-a9d9-b70901ea4a15	21	24
Tu hai mai visto questa?	Have you ever seen this?	1a742739-5249-5c4e-90c4-ead7ed93c237	24	24
Ha mai visto questa?	Have you ever seen this?	fad0b718-e450-55cc-a35f-368db4200151	20	24
Lei ha mai visto questa?	Have you ever seen this?	8429d62d-95a8-59a7-9d1a-3d6be35021dd	24	24
Ha mai visto questo?	Have you ever seen this?	fb716f83-cf7e-52a9-8be1-d4b4e79291ba	20	24
Lei ha mai visto questo?	Have you ever seen this?	3ae295a1-2e0e-5c76-b289-a23d978d97f8	24	24
Avete mai visto questo?	Have you ever seen this?	fc8036e7-0788-5dae-9683-28e64d8e98d6	23	24
Voi avete mai visto questo?	Have you ever seen this?	32a39b54-124d-5a50-892d-576fb67a1aad	27	24
Avete mai visto questa?	Have you ever seen this?	1dc30c6b-aef8-5c83-a6bc-794441212e95	23	24
Voi avete mai visto questa?	Have you ever seen this?	1b16c4ff-73fb-546b-8bf5-19145040da9e	27	24
Sto aspettando la mia ragazza.	I'm waiting for my girlfriend.	0d4206fa-0ab8-5f8f-986c-f1aafa3524ff	30	30
Io sto aspettando la mia ragazza.	I'm waiting for my girlfriend.	eaab0f0b-cb3e-504f-8608-7ab7276fc186	33	30
Sto aspettando la mia fidanzata.	I'm waiting for my girlfriend.	43769c3f-efb8-51f5-8ce6-5b8eba9f0473	32	30
Io sto aspettando la mia fidanzata.	I'm waiting for my girlfriend.	e45d59d8-359a-50cd-b279-5c9c339cd516	35	30
Sto aspettando la mia morosa.	I'm waiting for my girlfriend.	9f06d53d-4e3a-5d3f-8082-91b6b8a6bd33	29	30
Io sto aspettando la mia morosa.	I'm waiting for my girlfriend.	6a1a39e0-059f-5664-a383-fe467922bffb	32	30
Sto andando a fare la spesa.	I am going shopping.	87ac5f0f-9170-5150-945b-13f54f941390	28	20
Io sto andando a fare la spesa.	I am going shopping.	7fee200f-af43-5ebf-af90-9abdf19c783c	31	20
Sto andando a fare compere.	I am going shopping.	5aa2b39a-866e-51ca-8e5c-ca646337d451	27	20
Io sto andando a fare compere.	I am going shopping.	79635320-d6ee-557c-91ab-d6cd12e9a3e3	30	20
Fai il caffè.	Make coffee.	a7c8bda0-65fa-5ae5-8a89-5c7e07966aa6	13	12
Faccia il caffè.	Make coffee.	d1353660-7105-55f6-80ab-cc873811566e	16	12
Fate il caffè.	Make coffee.	365b3d15-e033-5b7b-85a3-304c001a315c	14	12
Eravamo ribelli.	We were rebels.	9359893e-f8dc-5b63-a946-ccbea8500506	16	15
Noi eravamo ribelli.	We were rebels.	730168a5-ad32-53ca-83f3-52e9e0521c14	20	15
Eravamo dei ribelli.	We were rebels.	98e60a77-a673-57f8-afd9-4c9487dbb9d5	20	15
Noi eravamo dei ribelli.	We were rebels.	86f87a36-26b3-53ab-9548-6f0d28b2a53d	24	15
Perché non scrivi con il nuovo font?	Why don't you write with the new font?	16ad72c2-4e04-58cb-b8cb-dd3d2b7affdd	36	38
Perché non scrivi con il nuovo carattere?	Why don't you write with the new font?	6211b230-5cce-53d1-a05d-c52118a401f8	41	38
Perché non scrive con il nuovo font?	Why don't you write with the new font?	adbe144b-5d5f-5f0b-8ec2-c650a0e17b1f	36	38
Perché non scrive con il nuovo carattere?	Why don't you write with the new font?	b75ac612-a34c-5ea9-b934-c5ea3bf45c49	41	38
Perché non scrivete con il nuovo font?	Why don't you write with the new font?	259740f9-0b67-52a2-aaec-661e684d2d18	38	38
Perché non scrivete con il nuovo carattere?	Why don't you write with the new font?	414d952c-e0ca-54bc-b358-dbe50c6b8d7a	43	38
La conosco da quand'era una bambina.	I have known her since she was a child.	492b3e1a-5b96-5a4b-9838-50a196aa3a5f	36	39
Io la conosco da quand'era una bambina.	I have known her since she was a child.	5be4f89a-1b7d-5ee0-83fe-c51615dbe75b	39	39
È sdraiata sul pavimento.	She's lying on the floor.	c1d2b86d-ce15-5909-a938-c1b10616bee9	25	25
Lei è sdraiata sul pavimento.	She's lying on the floor.	3a61d9fc-9df7-5e59-a08b-7cabf62fe0c0	29	25
A me piacerebbe andare a Londra.	I'd like to go to London.	bfcc5628-6a93-5dcf-ae29-333ae261ec94	32	25
Vorrei andare a Londra.	I'd like to go to London.	ef04197c-04b5-524f-be09-a91249ee26d9	23	25
Io vorrei andare a Londra.	I'd like to go to London.	fe5bd52a-90d0-5781-92a1-6352608761cb	26	25
Sento soltanto te.	I hear only you.	688a283d-198c-5558-af32-7c6b24783d94	18	16
C'è sempre domani.	There's always tomorrow.	f89cc06e-196c-5681-a302-e53bc572f997	18	24
Non avevo con me le chiavi.	I didn't have my keys with me.	f07f91e0-a1f0-5f60-bd72-6ae0d0d400b7	27	30
Io non avevo con me le chiavi.	I didn't have my keys with me.	276690f8-ff87-5acb-a311-e60df8a603f7	30	30
Non ho una chiave.	I don't have a key.	55841581-f82d-507e-943d-382b4e492e55	18	19
Io non ho una chiave.	I don't have a key.	523aa9d4-5b3f-506e-8b96-9e5d19476962	21	19
Aspetta qui finché non torno.	Wait here until I come back.	b9faede8-5f4e-583c-84e8-f38ce37af550	29	28
Aspetti qui finché non torno.	Wait here until I come back.	991f53ec-876e-5dde-babb-61cab9a9143a	29	28
Aspettate qui finché non torno.	Wait here until I come back.	ed4ae243-6b98-58a8-9197-4a0bf62472f2	31	28
Cosa significa?	What does it mean?	7a139198-8208-54e3-aaf9-1cf973e657d6	15	18
Cosa vuol dire?	What does it mean?	6e8bd1f2-7086-5481-985f-ade36cc0b278	15	18
Che cosa vuol dire?	What does it mean?	8ed884fa-905d-5525-8c08-ce7f8035ef66	19	18
Che cosa vuole dire?	What does it mean?	306f520f-ae46-5e59-aab1-bf2876ec78d7	20	18
Che significa?	What does it mean?	25726c4c-d3c9-5517-a02f-b4b9bbe2c7a4	14	18
Un giorno sarà mio.	One day he will be mine.	d7f35f4e-1fa9-563b-8282-5c03e9948a24	19	24
Un giorno lui sarà mio.	One day he will be mine.	e78581d0-10f0-529a-a149-3a004033f520	23	24
Non mostra le sue emozioni.	He doesn't show his feelings.	36365c02-942d-546c-8f65-c7445a867dd9	27	29
Lui non mostra le sue emozioni.	He doesn't show his feelings.	ac085ac0-45ba-5412-97c0-c3324564c6f9	31	29
Andrebbe spesso a pescare la domenica.	He would often go fishing on Sunday.	8e3434a6-8e3f-55a0-8ccf-6c4374bdf93e	38	36
Lui andrebbe spesso a pescare la domenica.	He would often go fishing on Sunday.	f25d4c08-20f8-51c5-8afc-8277ff5c0101	42	36
Ho comprato questo per Tom.	I bought this for Tom.	732a0488-5ca6-5834-8133-042e943e3132	27	22
Io ho comprato questo per Tom.	I bought this for Tom.	e9f6cd70-7462-50e3-aa71-788b6902d716	30	22
Ho comprato questa per Tom.	I bought this for Tom.	18a70bf1-ae23-51a7-b99f-bdd0ae7163c1	27	22
Io ho comprato questa per Tom.	I bought this for Tom.	53640a5f-1bed-558c-8c9d-0590f8afd2f9	30	22
Com'era l'intervista?	How was the interview?	1b7fbe1d-6faf-5443-ba31-2ce804e0116f	21	22
Com'è stata l'intervista?	How was the interview?	874cdb94-86fd-5848-b3af-f5bde5527789	25	22
Non posso più lavorare.	I can't work any more.	84b4b9c8-527e-5db7-985c-9709cda8f470	23	22
Io non posso più lavorare.	I can't work any more.	b5134747-984c-59e4-b70e-ca97f84aef30	26	22
Non riesco più a lavorare.	I can't work any more.	1168e85e-6a7c-5340-bbcf-c8e68369424a	26	22
Io non riesco più a lavorare.	I can't work any more.	e7a27d17-8c63-5cf7-b972-ef7d1adf0c5a	29	22
Non potrei essere più felice.	I couldn't be happier.	25cc7a3f-456f-50c5-8c88-f5dd0b89ad36	29	22
Io non potrei essere più felice.	I couldn't be happier.	bc3b6ff5-4881-51e2-b74b-26c631d95d3b	32	22
È vero che hai comprato una casa a Londra?	Is it true that you bought a house in London?	86ba30ba-0aa0-5a39-87d3-a8b30045efed	42	45
È vero che ha comprato una casa a Londra?	Is it true that you bought a house in London?	8c2cd151-35b5-502f-8732-5ca07d6ceddf	41	45
È vero che avete comprato una casa a Londra?	Is it true that you bought a house in London?	c5ffb6c3-f9fa-5ba2-9251-c829043caba2	44	45
Mary ha paura degli uomini.	Mary is afraid of men.	12648118-49ce-5b16-a409-f6e455311522	27	22
Sono in piedi.	I'm standing.	48fd10e0-0386-524f-afd0-fe0c8204a7c7	14	13
Io sono in piedi.	I'm standing.	d56e029c-d5c7-5b3c-8f4a-0d11add920e9	17	13
Non gli credevo.	I didn't believe them.	1cbf4776-47be-5a82-9e88-4554d68f39de	16	22
Io non gli credevo.	I didn't believe them.	0be7b92d-e2f9-53ae-bfc1-7f54f348ecdd	19	22
Non ho chiesto aiuto.	I didn't ask for help.	5d41f587-3836-5e67-a8aa-df7ce7419bcf	21	22
Io non ho chiesto aiuto.	I didn't ask for help.	5a27cc1a-042b-5106-8207-d9e8670822ec	24	22
Non mi sono innamorato.	I didn't fall in love.	21560859-de3c-591e-97a6-dd5e94ade4db	23	22
Io non mi sono innamorato.	I didn't fall in love.	2d83523f-096d-568c-a18a-6014f9987c27	26	22
Non mi sono innamorata.	I didn't fall in love.	01a0d47d-b4e7-5d6e-8a9f-88af8522e34e	23	22
Io non mi sono innamorata.	I didn't fall in love.	9bcf43ab-9d47-5580-9f87-2394b1a2383b	26	22
Non ho dato da mangiare al cane.	I didn't feed the dog.	cea1374b-2897-5b5f-a45a-dd751451fed3	32	22
Io non ho dato da mangiare al cane.	I didn't feed the dog.	814161aa-39b2-58c6-9edb-0cbad28c9e5b	35	22
Non si prenda gioco di lei.	Don't make sport of her.	d30551d0-0645-5479-8e6c-4f43cac70daf	27	24
Non prendetevi gioco di lei.	Don't make sport of her.	85e7d80b-ab2b-50a9-a9cf-de7aa5213c36	28	24
È malato e dovrebbe essere trattato come tale.	He is sick and should be treated as such.	879bcc7f-085c-56e3-94af-92d33536f15c	46	41
Lui è malato e dovrebbe essere trattato come tale.	He is sick and should be treated as such.	26a7e228-b691-59fb-ab82-d50e383e67f6	50	41
Perché qualcuno vorrebbe farmi del male?	Why would anybody want to hurt me?	e81654f7-1538-55b3-b71e-1b3efcb7c346	40	34
È strano a volte.	He's strange sometimes.	fc842020-5a58-5e2b-a229-57bce4c7979a	17	23
Lui è strano a volte.	He's strange sometimes.	6e533ebb-2eb8-594f-85a9-d75c7ae0a043	21	23
Siamo ancora coinvolti.	We're still involved.	c2812065-f103-513c-8120-44cf826186b5	23	21
Noi siamo ancora coinvolti.	We're still involved.	0fac33f3-8e18-546c-95a5-e872aa83427a	27	21
Siamo ancora coinvolte.	We're still involved.	2f13c5ad-9438-56a1-a64c-7d9aefbe3815	23	21
Noi siamo ancora coinvolte.	We're still involved.	860420e7-58e9-5ce5-9cf4-45ed839b4382	27	21
È il mio insegnante.	He is my teacher.	ab157167-e5c6-503f-8f4e-706ccca41620	20	17
Lui è il mio insegnante.	He is my teacher.	64300579-471c-52c0-bff4-228193cbff5f	24	17
È il mio professore.	He is my teacher.	4d100eff-236f-58b8-b044-814b2ddab22c	20	17
Lui è il mio professore.	He is my teacher.	a41a9f7d-8b7b-54b7-bcb9-8e0f9a3efde0	24	17
Perché è successo questo?	Why did this happen?	97021eb1-48c2-5bad-abad-66fc22ccc12a	25	20
Perché è successo ciò?	Why did this happen?	0bfd0a3f-be48-5d64-a14a-47ec6956e78b	22	20
Potresti prendere questo, per favore?	Could you take this, please?	3bb42d85-f7ec-5802-bc8c-5f862e1e565f	37	28
Potresti prendere questo, per piacere?	Could you take this, please?	6cb42326-2ca2-5007-861e-d024d377c220	38	28
Potreste prendere questo, per favore?	Could you take this, please?	19ee2980-c45a-5467-b0ad-0488ce99e141	37	28
Potreste prendere questo, per piacere?	Could you take this, please?	b6cb06ed-7825-5e6a-9319-891d20cb78ba	38	28
Potrebbe prendere questo, per piacere?	Could you take this, please?	2acd13c7-5f13-5c89-8be4-99ec0469e68b	38	28
Potrebbe prendere questo, per favore?	Could you take this, please?	72bdfe83-6e20-56da-a63d-8ca2cb065d88	37	28
Potrebbe prendere questa, per piacere?	Could you take this, please?	bba05031-c731-5d41-903d-d57cfd339d74	38	28
Potrebbe prendere questa, per favore?	Could you take this, please?	ff2a8262-055d-5d95-ae17-3b09d97401ff	37	28
Potreste prendere questa, per piacere?	Could you take this, please?	3d830092-3320-5b61-b6a6-994121b9ccb7	38	28
Potreste prendere questa, per favore?	Could you take this, please?	e6c23295-66bc-5cdd-a932-ef8f21348a7c	37	28
Potresti prendere questa, per piacere?	Could you take this, please?	a8421ae8-ee8f-5676-862e-a364361b5272	38	28
Potresti prendere questa, per favore?	Could you take this, please?	3f730503-4197-5c03-81e9-21957e5c24ea	37	28
Loda il Signore!	Praise the Lord!	16d83298-50d5-5ed4-bf1c-a54c81d0cf5e	16	16
Lodi il Signore!	Praise the Lord!	86624700-a9c1-52ba-89e7-57763ab9443c	16	16
Lodate il Signore!	Praise the Lord!	94a55c06-6107-5b1c-8f61-114e5582a3ba	18	16
Sai la strada.	You know the way.	7893a531-d4fd-5f2d-b7b4-46fd3483118b	14	17
Tu sai la strada.	You know the way.	846d7866-7954-5af3-ace2-695e50c64069	17	17
Sapete la strada.	You know the way.	7cfd14f1-8793-51b1-b595-550a0cb15b73	17	17
Voi sapete la strada.	You know the way.	db908d53-9a58-55a3-a1a2-e6b3114ab924	21	17
Sa la strada.	You know the way.	b6600415-eaed-5262-a3af-3e54c4bff112	13	17
Lei sa la strada.	You know the way.	8aade903-6f18-5b4a-b35e-0f72a716ce04	17	17
Lui sa la strada.	He knows the way.	e22b5218-527f-55f0-b19b-02b2263d35f4	17	17
È necessario avere un dio?	Is it necessary to have a god?	c58ce231-a6fc-5cca-9660-f39a3bb75ea9	26	30
Mamma, posso andare a nuotare?	Mommy, may I go swimming?	aefe8945-a567-5d65-b059-bfa9c29c8158	30	25
Vienna è una bella città.	Vienna is a beautiful city.	7844aec1-e1fe-584e-bea1-64e0ab65b499	25	27
C'è un tempo terribile oggi.	It is terrible weather today.	34af3ba9-96c7-5be5-94d2-05cd37751ec1	28	29
Dovresti prendere delle lezioni di nuoto.	You should take swimming lessons.	da3a7211-fcf6-55e2-b691-791ad2a1910d	41	33
Dovreste prendere delle lezioni di nuoto.	You should take swimming lessons.	d2704c46-38b2-5646-9188-34ddd3776e0a	41	33
Dovrebbe prendere delle lezioni di nuoto.	You should take swimming lessons.	55f9936e-8635-517a-800b-5284cc72b169	41	33
Non voglio che sappia dove vivo.	I don't want him to know where I live.	90ae6189-50ae-543a-aa5b-5b8d58bb7889	32	38
Io non voglio che sappia dove vivo.	I don't want him to know where I live.	1b6c57c1-71e7-5b0a-a504-b35ec7ce903c	35	38
Non voglio che lui sappia dove vivo.	I don't want him to know where I live.	1093b65a-1e7a-5534-8101-9af83076431a	36	38
Io non voglio che lui sappia dove vivo.	I don't want him to know where I live.	7493227f-3240-56c2-bc19-2f4ee87b9e45	39	38
Non voglio che lui sappia dove abito.	I don't want him to know where I live.	e1b5d8b6-0aa8-5c38-8a43-8d59d510337d	37	38
Io non voglio che lui sappia dove abito.	I don't want him to know where I live.	004f7599-5059-56a1-b737-1e5b5358cde8	40	38
Non voglio che sappia dove abito.	I don't want him to know where I live.	2baa69ad-637a-5e1e-9918-b9a9d5d80380	33	38
Io non voglio che sappia dove abito.	I don't want him to know where I live.	44ee825b-859a-5738-ab0f-9ae53306e6f2	36	38
Quanto durerà questa batteria?	How long will this battery last?	d781c985-3508-5eb2-8e26-05ab2253c42f	30	32
Quanto tempo durerà questa batteria?	How long will this battery last?	05032faf-0010-51cf-ba91-8e99a47fae8c	36	32
Il prossimo anno voglio questi.	Next year, I'll want these ones.	fdc3538c-68f9-5be8-9cb1-8d20e3588f60	31	32
Non sapevo cosa dirgli.	I didn't know what to say to him.	b16fefd7-d32f-59f7-9af4-74227cb2b58e	23	33
Io non sapevo cosa dirgli.	I didn't know what to say to him.	7d512c65-c763-5935-8ae5-d3d7422e1a40	26	33
Non sapevo che cosa dirgli.	I didn't know what to say to him.	4679fd69-94c5-586c-b4d2-f65d0b5bc8d3	27	33
Io non sapevo che cosa dirgli.	I didn't know what to say to him.	ba0d1e49-3531-5f85-92b5-d97e80f7b39a	30	33
Non sapevo che dirgli.	I didn't know what to say to him.	0ce23378-6ad8-57fe-8e6a-9937dbe6c237	22	33
Io non sapevo che dirgli.	I didn't know what to say to him.	73c52192-354d-5814-bdbf-ee3a8586bb67	25	33
Ha paura di provare cose nuove.	She's scared to try new things.	cbf49ffd-631b-522b-b12d-4d2937a807ab	31	31
Lei ha paura di provare cose nuove.	She's scared to try new things.	7bd714c4-4052-569d-8b88-a38e141bcbc4	35	31
Ha paura di provare delle cose nuove.	She's scared to try new things.	1113815a-8383-57c1-b9b1-cc4ac95b928e	37	31
Lei ha paura di provare delle cose nuove.	She's scared to try new things.	d99c7042-8d2a-58e1-830b-ee221bc903d4	41	31
Avevo paura di provare cose nuove.	I was scared to try new things.	3c4cf4c0-e502-5411-9fe8-7a978c951140	34	31
Io avevo paura di provare cose nuove.	I was scared to try new things.	d24c3194-0e1a-50d9-83d0-fb10c655b0b3	37	31
Avevo paura di provare delle cose nuove.	I was scared to try new things.	bd0e9bfd-fa88-5c2a-8fd0-cc64aa944cc3	40	31
Io avevo paura di provare delle cose nuove.	I was scared to try new things.	5346c9f9-7e93-5307-a21b-836a43790386	43	31
L'ho persa di vista nella folla.	I lost sight of her in the crowd.	4c56b64f-a7d9-5962-8b67-d532aab9ae75	32	33
È gelosa e possessiva.	She's jealous and possessive.	fda7405f-86f2-5bdc-9e18-2edae9b0a04d	22	29
Non ho alcuna idea su cosa aspettarmi.	I have no idea what to expect.	69ced6a6-4154-52c9-bb8b-d927a6b4f755	38	30
Io non ho alcuna idea su cosa aspettarmi.	I have no idea what to expect.	2fe9a840-c5de-5896-a3cd-f3f33b625c23	41	30
Ha gli occhi color nocciola.	She has hazel eyes.	643e0c64-428c-51f2-a78f-40c946a67049	28	19
Lei ha gli occhi color nocciola.	She has hazel eyes.	6695e03f-5844-50e4-93d6-9e5fde1296d4	32	19
Sei sempre in disaccordo con il tuo capo.	You're always disagreeing with your boss.	5d279b29-946f-5439-9a5c-b2a1af1f122e	41	41
Tu sei sempre in disaccordo con il tuo capo.	You're always disagreeing with your boss.	dadeeea6-a70c-508e-9154-8b3572ca8b3f	44	41
Siete sempre in disaccordo con il vostro capo.	You're always disagreeing with your boss.	56d0918d-220f-5271-a9fa-8606290685f3	46	41
Voi siete sempre in disaccordo con il vostro capo.	You're always disagreeing with your boss.	2d40dda1-2315-577e-bded-c1e66a6e94cc	50	41
È sempre in disaccordo con il suo capo.	You're always disagreeing with your boss.	378a8aeb-21bc-567e-9292-c256b809825b	39	41
Lei è sempre in disaccordo con il suo capo.	You're always disagreeing with your boss.	0e52f84d-a1a1-570a-accf-c4daf3eb1fa6	43	41
È davvero gentile con me e mi piace.	He is really nice to me and I like him.	ed7495db-1c28-5c72-8055-abec626d7e3a	36	39
Lui è davvero gentile con me e mi piace.	He is really nice to me and I like him.	2b38e8ec-475b-567a-8df0-4d472b3d8629	40	39
Tom ha fatto qualche cattivo investimento.	Tom made some bad investments.	0b0ca3c4-2ce4-5f71-898c-ba7e77c2d571	42	30
Tom fece qualche cattivo investimento.	Tom made some bad investments.	1171f531-27b8-5d99-91ad-f3564051af71	38	30
Ero un po' imbarazzato.	I was a bit embarrassed.	eb0ebe7a-a005-5393-b6b0-a900e728fdbe	23	24
Io ero un po' imbarazzato.	I was a bit embarrassed.	f2337153-60e2-596d-9eed-3069f33014a8	26	24
Ero un po' imbarazzata.	I was a bit embarrassed.	1971a8c9-5b4e-5d31-b8e7-22e0d64a98d3	23	24
Io ero un po' imbarazzata.	I was a bit embarrassed.	3e23b743-fa70-5932-81ba-ef5e8efed87a	26	24
Noi siamo cugini.	We're cousins.	ae58cd56-06ba-5f70-bee9-33c6756b4f2b	17	14
Siamo cugine.	We're cousins.	d8c37dcd-ef4d-5f92-9494-65dffbd4b592	13	14
Noi siamo cugine.	We're cousins.	b4afe980-5941-522a-8583-6cdf1c8f510d	17	14
L'anziano sta facendo una passeggiata nel parco.	The old man is taking a walk in the park.	104b2aae-706e-5c36-84e4-ee9ea4a91d3b	48	41
È autunno dove sono loro.	It's fall where they are.	1f255f41-2587-5acd-8721-c8c3e24c31a5	25	25
Sono nato in inverno.	I was born in the winter.	758c0924-9dbe-5144-8acf-c1f59c7b965d	21	25
Io sono nato in inverno.	I was born in the winter.	80b6a27b-8f72-5d03-a152-98af3a559a40	24	25
Sono nata in inverno.	I was born in the winter.	9b9d4e81-86df-58ea-864a-946d71a49413	21	25
Io sono nata in inverno.	I was born in the winter.	9644efa1-1431-52c7-8536-49125f881f13	24	25
Ero soffocato dal fumo.	I was choked by smoke.	91062ff1-9643-55a9-bf9e-12735f0e3283	23	22
Io ero soffocato dal fumo.	I was choked by smoke.	a09395b2-08c9-592f-a4c6-b265c408f75e	26	22
Ero soffocata dal fumo.	I was choked by smoke.	76896b02-3a51-5471-a259-f2f8789acaf6	23	22
Io ero soffocata dal fumo.	I was choked by smoke.	e6c9a44d-615e-53eb-b06e-3719d4da8d07	26	22
Tom era famoso.	Tom was famous.	aadde597-e043-58f0-9959-878cb5e32dde	15	15
Tom vuole delle prove.	Tom wants evidence.	9e4c727a-b67c-5c4b-a8fa-dedaa5ec962f	22	19
Tom era da solo.	Tom was alone.	0d98776b-9a32-5a58-9f0e-8a60fff2adef	16	14
Sono ricco.	I am rich.	9dbd805b-3b8b-5709-a6b4-30f8ee43a2e1	11	10
Io sono ricco.	I am rich.	7e5b32ee-1da3-5f4d-84bb-3cda51d004eb	14	10
Sono contenti del risultato.	They are happy with the result.	b30354a3-59c5-59b4-bb12-0b9a07aefd14	28	31
Loro sono contenti del risultato.	They are happy with the result.	99844299-37b3-577d-b91e-9bf508a98aea	33	31
Sono contente del risultato.	They are happy with the result.	60b76e6c-a80a-543d-8b82-d01de0d5a90b	28	31
Loro sono contente del risultato.	They are happy with the result.	8b20a639-cea3-54ae-8e5b-7b465525ee7f	33	31
Ma è meraviglioso!	But it's wonderful!	3bde42a4-57e7-5eaa-9319-18eb22393a22	18	19
Sei un brontolone.	You're a grouch.	d3850b7e-5365-57e5-a640-bd87ff20f2fa	18	16
Tu sei un brontolone.	You're a grouch.	2a84bd4f-de34-5965-9abf-ddd7c1080a4d	21	16
Sei una brontolona.	You're a grouch.	fa7e4ec4-0148-5983-bcca-8e7dee85164e	19	16
Tu sei una brontolona.	You're a grouch.	d9492466-3cce-5b64-9069-ef6b757d0616	22	16
Perché Tom è così lamentoso oggi?	Why is Tom so grouchy today?	7f7ad918-b195-5d7f-9b62-d8578d6f4d8c	33	28
Sei lamentoso.	You're a grouch.	1f97aa4e-9c1f-5f7b-8855-d3c67eb60cec	14	16
Tu sei lamentoso.	You're a grouch.	08f26185-36ed-5370-b22e-e1be08cfea6b	17	16
Sei lamentosa.	You're a grouch.	df68c26a-0a31-56af-8749-21a68d407227	14	16
Tu sei lamentosa.	You're a grouch.	10bae70b-3dbe-5654-b752-4878b68f90e6	17	16
La tua ipotesi è corretta.	Your hypothesis is correct.	afa9ca50-68b8-5afd-b75f-d71d3c235f08	26	27
La sua ipotesi è corretta.	Your hypothesis is correct.	cf3edfe6-37c8-54a4-970f-21baeeb38def	26	27
La vostra ipotesi è corretta.	Your hypothesis is correct.	a0b2cd8c-ac4e-51a8-a70f-befc3c4b76d4	29	27
Chi viene allo spettacolo?	Who's coming to the show?	fb7a48b4-a092-55bd-95d0-c8914b7f99db	26	25
Indovina chi viene a cena.	Guess who's coming for dinner.	3f1294b1-be96-5ee4-993b-8220f6adc252	26	30
Indovini chi viene a cena.	Guess who's coming for dinner.	efaac4de-d517-5d01-ab75-4feada95855d	26	30
Indovinate chi viene a cena.	Guess who's coming for dinner.	36f8b4d2-8112-5f34-8dde-9275c50956b4	28	30
Chi viene a cena?	Who's coming for dinner?	b2c7894c-85dc-5eb6-9132-74bc05b6aea7	17	24
Questa è la mia bici.	This is my bicycle.	a1a59e12-434a-5d18-9fdd-68bb93850442	21	19
Questa è la mia bicicletta.	This is my bicycle.	dd710f6c-37e6-5734-92e7-8219fa607593	27	19
Non si lamenti.	Don't complain.	9b52647d-0087-5e34-ad73-bd2525e48989	15	15
Il suo corpo era debole di natura.	His body was weak by nature.	c5bc4157-60fc-523c-a338-06d7c0595fbe	34	28
Non mi importa di chi viene.	I don't care who's coming.	c28939b9-d503-50d9-8bb1-4089baec8862	28	26
A me non importa di chi viene.	I don't care who's coming.	6becc9cb-c0b0-52a1-aca0-58965157b659	30	26
Vuole venire con noi?	Do you want to come with us?	04b3f8e3-1178-5d65-9fde-c3e43f16d80d	21	28
Volete venire con noi?	Do you want to come with us?	ad2925fa-6248-5623-87b1-7c70fefc69fd	22	28
Le loro fattorie sono confinanti.	Their farms adjoin.	0a26969f-2d29-5ec2-91e0-efe535e9e6a7	33	19
Che nessuno lasci questa stanza.	Don't anybody leave this room.	e32cc7fd-fd79-5f08-ac3a-b61419917012	32	30
Non venire così presto la prossima volta.	Don't come so early next time.	6ef5dbcf-9714-5ca0-a35e-1a9403bd3eab	41	30
Non venite così presto la prossima volta.	Don't come so early next time.	3a977b81-8f69-57ee-ac4f-7437f27a19ba	41	30
Non venga così presto la prossima volta.	Don't come so early next time.	352384bf-0b2f-5b19-a4c4-eb74377856d4	40	30
È Tokyo.	It's Tokyo.	ad1fea60-8678-5077-8616-ee379e7e5263	8	11
Sto aiutando della gente a comprare cose online.	I'm helping people to buy things online.	eccae7c8-2e55-57c0-ae0a-75c726ded88c	48	40
Hanno sparato a Tom tre volte.	Tom was shot three times.	91f5fc2f-a4c4-5fae-8f3a-c2f10fbfb3db	30	25
Spararono a Tom tre volte.	Tom was shot three times.	62468863-5c46-5ed3-8a8e-aa57707060f5	26	25
Gli anziani tendono a riguardare il passato.	Old people are inclined to look back on the past.	2bf468c4-0263-5c87-a70e-767348284098	44	49
È gennaio ora. Naturalmente nevica.	It's January now. Naturally, it snows.	a65acc72-cf80-5354-a8d1-c65a6c00e214	35	38
È gennaio adesso. Naturalmente nevica.	It's January now. Naturally, it snows.	3007cabb-b6f2-595a-95e3-9c81072a03ab	38	38
Abbiamo seguito Tom.	We followed Tom.	b271ae4d-b08a-5f7d-a6a6-5f8ff9b7ec5d	20	16
Noi abbiamo seguito Tom.	We followed Tom.	c3269c6c-3a90-5f81-9e73-70ba440728cc	24	16
Dedico questa canzone a te.	I dedicate this song to you.	dec426fc-f3bc-58ea-b399-c5df2b88e8cf	27	28
Io dedico questa canzone a te.	I dedicate this song to you.	dc8263d1-304f-5ed9-9eca-46db76453fab	30	28
Dedico questa canzone a lei.	I dedicate this song to you.	16063ce6-704f-53ac-a2e5-a101920c67e2	28	28
Io dedico questa canzone a lei.	I dedicate this song to you.	7deb2ef2-6ccc-5b41-a579-ca0dc663bacf	31	28
Dedico questa canzone a voi.	I dedicate this song to you.	5bf000bd-d6ca-5ba3-ba09-21336bc3560b	28	28
Io dedico questa canzone a voi.	I dedicate this song to you.	eb98a823-372c-5b37-9392-3eb24d7b3f2b	31	28
Non ho capito il suo nome.	I didn't get his name.	055ad91c-117a-5154-865e-30469d0319bb	26	22
Io non ho capito il suo nome.	I didn't get his name.	eb10cf02-2b93-5b06-94c4-a24623441581	29	22
Non avevo bisogno di rimanere.	I didn't need to stay.	bf10ffa8-bc13-5f8a-9165-f34d8e090b73	30	22
Io non avevo bisogno di rimanere.	I didn't need to stay.	0b1409b4-4c21-5418-87d3-400786a27f77	33	22
Non avevo bisogno di restare.	I didn't need to stay.	ad5cece5-3118-5841-8557-9c80e5e2b75f	29	22
Io non avevo bisogno di restare.	I didn't need to stay.	871ab1bf-c897-5468-a3d2-1bd9602b70a1	32	22
Non dovevo rimanere.	I didn't need to stay.	7c709754-cc82-592b-8778-12bae45e2c83	20	22
Io non dovevo rimanere.	I didn't need to stay.	d9a549ea-bde3-5da7-b37a-d3082e744a74	23	22
Non dovevo restare.	I didn't need to stay.	3e7ea470-00b7-5705-a046-9d8d38ff0b19	19	22
Io non dovevo restare.	I didn't need to stay.	2db0b3b0-7002-5c82-abef-68067fdc0c90	22	22
Dovevo andare a Boston.	I had to go to Boston.	0a9737ca-17f0-5ad6-b707-20718cddc06d	23	22
Io dovevo andare a Boston.	I had to go to Boston.	9b4012ca-70ff-5dc2-bc58-41d9efa5214e	26	22
Ho una caviglia rotta.	I have a broken ankle.	ad6ca802-76e4-565c-be79-500c3607df9a	22	22
Io ho una caviglia rotta.	I have a broken ankle.	4cd5d092-0ead-5355-ad38-84165ca65dc4	25	22
Ti ho trovato, vero?	I found you, didn't I?	898319d8-422f-539d-a61f-96a5522f340c	20	22
Ti ho trovata, vero?	I found you, didn't I?	7df5804f-e961-52e3-93fb-6f5704761ecf	20	22
L'ho trovato, vero?	I found you, didn't I?	39825c97-0074-5cde-b4c2-342908100269	19	22
L'ho trovata, vero?	I found you, didn't I?	96c6721b-81dd-5b20-9399-a068db9ae05a	19	22
Vi ho trovati, vero?	I found you, didn't I?	82e67f26-8671-592b-9cb4-c5f41b0e1f8b	20	22
Vi ho trovate, vero?	I found you, didn't I?	3b7cf70b-f148-51a1-881b-4e6ff9b7c9cd	20	22
Ho qualche teoria.	I have a few theories.	e0b650e9-2ab1-5ff0-9b24-7ac2178879c9	18	22
Io ho qualche teoria.	I have a few theories.	1ae3fdbc-40b8-5199-90de-91fb9f9b774c	21	22
Ho un autobus da prendere.	I have a bus to catch.	3776cfad-3f5b-5458-b91e-daa838a3731e	26	22
Io ho un autobus da prendere.	I have a bus to catch.	8a0c8b3d-fa0a-5467-9396-64d9773c8c86	29	22
Io avevo il diritto di sapere.	I had a right to know.	a0037b8d-83c5-5d03-8d29-e3a1edbe400d	30	22
Avevo il diritto di sapere.	I had a right to know.	ed6a6a4c-a898-550b-847f-8e091c848cfb	27	22
Lui è tutto quello che ho.	He's all I have.	3c45f018-1a23-5944-b615-6f1d11acb171	26	16
È tutto quello che ho.	He's all I have.	7ee33a45-5f0d-5339-b341-bcc4a0f4198f	22	16
Lei è tutto quello che ho.	She's all I have.	33c6863a-8aef-55cd-a47f-e2b87ebed01f	26	17
Sono stufo di lui.	I'm fed up with him.	32fcf1c9-51b3-5332-ab01-44bd38e276e7	18	20
Io sono stufo di lui.	I'm fed up with him.	227f9f82-b35e-5b06-8788-623717c398a9	21	20
Sono stufa di lui.	I'm fed up with him.	2d4c6b27-335f-5f28-a5ed-7ca54b931cd4	18	20
Io sono stufa di lui.	I'm fed up with him.	87622200-6429-5bb9-bf96-617dc2c5a180	21	20
Parli e fornisca esempi.	Discuss and give examples.	84848aa5-03cf-5315-8197-df76a1d867e8	24	26
Parla e fornisci degli esempi.	Discuss and give examples.	ff682f2a-387f-509e-95ba-2dc237d7ef44	30	26
Parlate e fornite degli esempi.	Discuss and give examples.	7c994d60-ee3a-5fa2-9d86-17b9b300b82b	31	26
Parli e fornisca degli esempi.	Discuss and give examples.	9df73b0d-4f5a-5925-a18c-c00cd62c7631	30	26
Voleva che fosse una sorpresa.	He wanted it to be a surprise.	da5bf815-61dd-582f-89f0-13578cd4da82	30	30
Lui voleva che fosse una sorpresa.	He wanted it to be a surprise.	7e713f4f-b83b-516e-b7f1-79ac988443f8	34	30
Mi passi il ketchup, per favore.	Pass me the ketchup, please.	ee4fcdd1-ee90-5ca3-9126-7fd6be296ef0	32	28
Mi passi il ketchup, per piacere.	Pass me the ketchup, please.	46a612be-0fdd-5194-9459-3127bfaa499d	33	28
Passatemi il ketchup, per favore.	Pass me the ketchup, please.	8fe80ff2-6534-5ce4-9ed9-0158c21287df	33	28
Passatemi il ketchup, per piacere.	Pass me the ketchup, please.	0d3e0611-71ba-548b-8949-8b628275b298	34	28
Mi passereste il ketchup?	Would you pass me the ketchup?	4a4bf09c-114c-512f-b19a-33b5910ad7f4	25	30
Mi passerebbe il ketchup?	Would you pass me the ketchup?	f7582736-4c9c-5a50-a3fe-71574100de06	25	30
Prenderò due hot dog con senape e ketchup.	I'll have two hot dogs with mustard and ketchup.	625512c8-71d7-5a58-92a8-923b1ad3b738	42	48
Io prenderò due hot dog con senape e ketchup.	I'll have two hot dogs with mustard and ketchup.	80844015-a919-595f-adda-715d885ef06a	45	48
Ti è finito del ketchup sulla cravatta.	You spilled some ketchup on your tie.	3b54ad4d-7af1-5e40-a941-01f5fb993908	39	37
Ti è finito un po' di ketchup sulla cravatta.	You spilled some ketchup on your tie.	45d30a02-cb85-57e9-95e2-fb8b7ff40859	45	37
Vorrei avere del ketchup a parte.	I'd like to have ketchup on the side.	92e703ae-9af8-5b98-a8d5-80eb3543c386	33	37
Io vorrei avere del ketchup a parte.	I'd like to have ketchup on the side.	ca98223a-56b2-587b-9b07-9ead9a084a3f	36	37
Marc, vuoi il ketchup?	Marc, do you want the ketchup?	b5ab6805-4d30-50ef-b5d4-ad2e1473384a	22	30
Tom si è scordato il ketchup.	Tom forgot the ketchup.	7b34ba0d-1709-5801-8cd2-041393f190ef	29	23
Tom si scordò il ketchup.	Tom forgot the ketchup.	dc371937-bf8f-5c1e-99b1-df2cdb72d33a	25	23
C'è un po' di ketchup?	Is there some ketchup?	9673672a-0ffc-5c8d-90fd-17709f6b3d75	22	22
Dove hai messo il ketchup?	Where did you put the ketchup?	f5edf686-c591-578e-ba5e-8f1b326f15ef	26	30
Dove ha messo il ketchup?	Where did you put the ketchup?	65fb18f1-9b79-5ff4-9804-3ffc3a7c7701	25	30
Dove avete messo il ketchup?	Where did you put the ketchup?	31cf2ad2-bc26-5dce-ba03-62803abcabc5	28	30
Sto mescolando la maionese con il ketchup.	I mix mayonnaise with ketchup.	9df4f1cd-88e1-5b8c-972e-8cd748de58aa	42	30
Io sto mescolando la maionese con il ketchup.	I mix mayonnaise with ketchup.	af073fa0-b55b-55b0-b134-90bf1436a2e8	45	30
Passa il ketchup.	Pass the ketchup.	40fdfbbf-97df-5e97-bfcd-f0b42e50fae6	17	17
Passi il ketchup.	Pass the ketchup.	7d623133-eac5-5518-8d0c-d0a17dcb97de	17	17
Passate il ketchup.	Pass the ketchup.	b61c18e5-0f24-58fc-a3eb-5eb3e581ed7f	19	17
Io avevo sonno.	I was sleepy.	55330d95-5c52-55d1-85ef-ee4584a4e157	15	13
Mi baciò appassionatamente.	She kissed me passionately.	e10e4563-4ab7-5a0c-a467-2efc269c531b	27	27
Mi ha baciato appassionatamente.	She kissed me passionately.	4af66f44-b2c9-5548-a272-7581d30da953	32	27
Lei mi ha baciato appassionatamente.	She kissed me passionately.	38d11450-bd11-5c22-b9dd-64f7ea5b656a	36	27
Mi ha baciata appassionatamente.	She kissed me passionately.	17a86f30-27ff-5f72-a338-621a4ea7e4d2	32	27
Lei mi ha baciata appassionatamente.	She kissed me passionately.	94eeb75f-2bd1-5ff5-b7f5-921df7330e40	36	27
È molto più giovane di Tom.	He's much younger than Tom.	b4ed7fe6-a1b6-5901-86f8-d8172afaed97	27	27
Lui è molto più giovane di Tom.	He's much younger than Tom.	9fb3d513-8311-5b09-8e65-4ea6c9a30609	31	27
Mi sembra che sia onesto.	It seems to me that he is honest.	eae0ebbd-95cc-5928-82e1-ddd2cd7c885e	25	33
Mi sembra che lui sia onesto.	It seems to me that he is honest.	32fa3fc2-5274-5c5b-9b4d-4c55a99ac41e	29	33
A me sembra che sia onesto.	It seems to me that he is honest.	d788a170-832d-5cd4-a9cb-da3d6f208d62	27	33
A me sembra che lui sia onesto.	It seems to me that he is honest.	762bf63f-60b4-531a-93f9-dfa7be016e77	31	33
Le streghe possono volare sulle scope.	Witches can fly on broomsticks.	2f4aa82e-0d2b-5e2e-bdf0-4379b9d51848	38	31
Le streghe riescono a volare sulle scope.	Witches can fly on broomsticks.	0508c207-c4e8-5feb-a567-0ee80e4b650d	41	31
È un insegnante britannico che ci insegna inglese.	He is a British teacher who teaches us English.	63276ee8-cf40-505a-b136-8745f651d3ab	50	47
È un professore britannico che ci insegna inglese.	He is a British teacher who teaches us English.	d02da8bb-2208-54d2-b9ee-2b6163141842	50	47
Solo quattro cavalli hanno partecipato alla corsa.	Only four horses competed in the race.	720fb19f-3d36-5cd2-80d5-d59752bd61f6	50	38
Solo quattro cavalli parteciparono alla corsa.	Only four horses competed in the race.	569dc4f9-0c48-5f0d-9a4f-235dc35b35f9	46	38
Soltanto quattro cavalli parteciparono alla corsa.	Only four horses competed in the race.	d6fc3ec5-ecd1-5b7c-a442-cb3b3fe2cb61	50	38
Le mie mutandine sono bagnate.	My knickers are wet.	5b19cdcd-a9f2-5bb9-bd9a-c0e402f6cf61	30	20
I miei slip sono bagnati.	My knickers are wet.	49cc886b-6531-5f8d-8330-b589b64fe002	25	20
I miei mutandoni sono bagnati.	My knickers are wet.	feebfe37-d2b3-50a5-8d04-e531d5b565a0	30	20
I miei calzoni alla zuava sono bagnati.	My knickers are wet.	68f7d61d-d869-54ab-9348-fcce73ac114c	39	20
La tua ex è una psicopatica.	Your ex is a psychopath.	d31f4672-0d8e-57ce-8d7b-2ea05de10c61	28	24
Questo è buon inglese?	Is this good English?	4fc6296a-23e8-5e49-8ac4-257ee4503d80	22	21
Non dimenticatevi di chiamare Tom.	Don't forget to call Tom.	dccaacd1-f8d7-5ec4-a6a3-fc1ec3dc1596	34	25
Non si dimentichi di chiamare Tom.	Don't forget to call Tom.	734983be-c4a2-52fb-a4cc-3e005e087f7e	34	25
Non partire!	Don't leave!	cae3a3f6-50d0-5e95-903f-8a0879fa7d09	12	12
Non partite!	Don't leave!	a6bf63e2-336a-5da9-9413-28cdf6e8be86	12	12
Non parta!	Don't leave!	984e4537-a6bb-5f9a-8e92-551cb5f15c64	10	12
Non andartene!	Don't leave!	d5857c7c-ec37-5a12-9d14-e9355a5664a6	14	12
Non andatevene!	Don't leave!	0488137c-1a0c-5c3f-8123-44269acec75b	15	12
Non se ne vada!	Don't leave!	aebe1c33-3ec4-5fa3-85d7-672ddb2573cf	15	12
Studi!	Study!	1b6f33d5-e8d1-517d-8df6-31646e3a680e	6	6
Questo lago abbonda di diversi tipi di pesce.	This lake abounds in various kinds of fish.	5ec09128-e603-57a3-a21c-6d84ea02ab3a	45	43
Ha fatto colazione?	Did you have breakfast?	8fa200b9-b55f-5b3f-b7f7-1bad9cc7b8d7	19	23
Avete fatto colazione?	Did you have breakfast?	614885ed-86d1-5bd0-afbc-70e367fdb2bd	22	23
Abbiamo attraversato tre guerre.	We've been through three wars.	687e1952-37eb-587d-8cda-48e4e2f17943	32	30
Noi abbiamo attraversato tre guerre.	We've been through three wars.	9928b467-3a53-5dcc-a301-00056285d486	36	30
Sembro un idiota se parlo così?	Do I sound like an idiot if I talk like this?	92bb570a-597b-57f0-a50d-3c9640525baa	31	45
Io sembro un idiota se parlo così?	Do I sound like an idiot if I talk like this?	88b8c1f7-df8a-53c4-8527-ab056763ac93	34	45
Sembro un'idiota se parlo così?	Do I sound like an idiot if I talk like this?	444f9716-f9d5-584b-95e0-7eca5fffc8fc	31	45
Io sembro un'idiota se parlo così?	Do I sound like an idiot if I talk like this?	4c1b804e-d901-5ef1-bcf2-12dd3f28734c	34	45
Noi abbiamo visto tre guerre.	We have seen three wars.	4c274b21-0db1-5b19-bb80-1758248f7db1	29	24
Sì, lo so.	Yes, I know.	5fc5ff1b-5b2e-5fba-ba9a-2819019e5f41	10	12
Non lo so e non mi interessa.	I don't know and I don't care.	00ebe3eb-dce9-5b75-8223-491b57531a6f	29	30
Non lo so e non mi importa.	I don't know and I don't care.	46a47a0e-499e-5e2b-8019-8ca2dad31ed4	27	30
Che ragazzo grande che è!	What a big boy he is!	c6a7ba20-a540-5740-8829-8cda0cc87cee	25	21
Non so il perché e non mi interessa.	I don't know why and I don't care.	bc8b5f25-b12d-5872-be67-47b27d79a93a	36	34
Non lo so il perché e non mi interessa.	I don't know why and I don't care.	af5d9456-cdb3-552d-9057-02cd971e5716	39	34
Non so il perché e non mi importa.	I don't know why and I don't care.	2f707cd1-cacd-51ae-8e48-3dd32859d728	34	34
Non lo so il perché e non mi importa.	I don't know why and I don't care.	af042ab9-1bb5-5913-9d79-e0a622ad7d4e	37	34
No, non lo so.	No, I don't know.	afc9b782-2c4c-5fae-b648-6f451a4ddf54	14	17
Non lo so. Perché non chiedi a Tom?	I don't know. Why don't you ask Tom?	4e0fce28-a166-59c6-a624-815e8efb30e9	35	36
Io non lo so. Perché non chiedi a Tom?	I don't know. Why don't you ask Tom?	79776960-242f-5d55-91c5-488e42445191	38	36
Non lo so. Perché non chiede a Tom?	I don't know. Why don't you ask Tom?	e15b9092-c2b8-5220-a7d6-09d6e2bb7903	35	36
Io non lo so. Perché non chiede a Tom?	I don't know. Why don't you ask Tom?	4f1301b0-bad6-513a-a583-7082f2e9b444	38	36
Non lo so. Perché non chiedete a Tom?	I don't know. Why don't you ask Tom?	9e24e9c2-d73d-5a4d-8828-8a6835e86c5f	37	36
Io non lo so. Perché non chiedete a Tom?	I don't know. Why don't you ask Tom?	b742e0b0-5706-56c4-bc3f-a7160b99d890	40	36
L'aquila non cattura le mosche.	The eagle does not catch flies.	0d51c72f-7aae-5384-a03f-ed317ea54ab7	31	31
Questo servizio da tè è completo?	Is this tea set complete?	c827db41-d543-5076-82de-fa05e62a6f56	33	25
Assicurati di andare da un dottore se peggiori.	Make sure you go to a doctor if you get worse.	7fe335d7-3051-5e51-bcd5-355c561b2901	47	46
Non riusciva a controllare la sua rabbia.	He could not control his anger.	33984f4b-3513-5762-a736-588dd4661db7	41	31
Solitamente lavo i piatti.	I usually do the dishes.	2337d126-1352-5cd5-9291-a8581f12c164	26	24
Solitamente io lavo i piatti.	I usually do the dishes.	4af40a6c-8b88-5da6-9900-582717d5d8b8	29	24
Sei il più alto.	You're the tallest one.	bd0ec582-0514-5ddd-9fb8-56f9124dd457	16	23
Sei la più alta.	You're the tallest one.	728791dd-e44f-517b-b50b-9b5eaf7813e7	16	23
Tu sei la più alta.	You're the tallest one.	b05da983-ed17-5962-a052-51497d7dea16	19	23
È la più alta.	You're the tallest one.	ebefbe3f-7354-5d06-9e7f-822c9385e9e2	14	23
Lei è la più alta.	You're the tallest one.	489ce776-5e42-5f18-9b2c-35a1e37e65df	18	23
È il più alto.	You're the tallest one.	88995842-ffa2-5bc1-b1e9-c89474ba44b2	14	23
Lei è il più alto.	You're the tallest one.	23c0c44f-bffa-5e6c-a315-85fd57585b3c	18	23
Tom ha bruciato la lettera.	Tom burned the letter.	05e6f85c-2266-5ef3-84b8-4d760014f812	27	22
Tom bruciò la lettera.	Tom burned the letter.	e7456fce-3dba-5cd1-9e87-c134d17a02a8	22	22
La lingua ferisce più della spada.	The tongue wounds more than a lance.	09b1705d-8abf-50aa-a183-648ea8cbae6d	34	36
Non sono un avvocato.	I'm not a lawyer.	a2af922a-66c8-599f-8002-4316c05734dc	21	17
Io non sono un avvocato.	I'm not a lawyer.	059a9a6a-ec19-5582-a60f-6cff2f45f212	24	17
Dammi una possibilità.	Give me a chance.	ba04c8f0-f2da-59b5-85ff-b488dbcd8147	22	17
Mi dia una possibilità.	Give me a chance.	3a6a9b2f-927d-5777-bf64-1ab61907461d	23	17
Datemi una possibilità.	Give me a chance.	a39c6896-a468-5119-9f95-1e4c73d0e97c	23	17
C'è pieno di uova fresche sul tavolo.	There are plenty of fresh eggs on the table.	62e69b51-e679-533f-a977-6cbeda8ebb2d	37	44
Non sono il capitano della nuova squadra.	I am not the captain of the new team.	ecbc8d3b-0129-58a1-a136-80fedd235641	41	37
Io non sono il capitano della nuova squadra.	I am not the captain of the new team.	e9251742-7943-54ff-a416-41e0a5389892	44	37
Tom ne ha trovato uno.	Tom found one.	979a153d-855f-5293-8fd6-521b1ae325f0	22	14
Tom ne ha trovata una.	Tom found one.	6574ccf8-81f8-53d5-badd-d0ff232a7de5	22	14
Tom ne trovò uno.	Tom found one.	eb8c8e63-2340-5dc9-a25d-c4c78aa5c46a	17	14
Tom ne trovò una.	Tom found one.	a149de0b-f0cb-56ff-bc26-18fbb0475d76	17	14
Questa carne di manzo è tenera.	This beef is tender.	7b31a2c1-65c2-57f2-8e15-9654bf27eddb	31	20
La partita verrà annullata se piove domani.	The game will be called off if it rains tomorrow.	530a89a7-7f74-5a94-b923-2d0c4ce637ac	43	49
Non ti faranno del male.	They won't hurt you.	0b8095d6-82a9-5926-aa62-67002ef01f0e	24	20
Loro non ti faranno del male.	They won't hurt you.	c00c6e8d-db3f-5096-a3ce-9b43bf96396c	29	20
Non vi faranno del male.	They won't hurt you.	9bccbec0-fd86-5656-a910-551edfe36a22	24	20
Loro non vi faranno del male.	They won't hurt you.	5048fd90-7c61-5bd5-af48-fb48b6531563	29	20
Non le faranno del male.	They won't hurt you.	cf19d8c2-206d-5af2-8987-b04c9e3f5a5e	24	20
Loro non le faranno del male.	They won't hurt you.	d024fe78-710f-5d0b-8abc-f19e86e645e4	29	20
Parla come un angelo.	He speaks like an angel.	89982842-c020-58e5-9e75-ff9d9fe042b3	21	24
Lui parla come un angelo.	He speaks like an angel.	57c35b1f-41fb-5d49-a8ab-1183da668d79	25	24
Tom ha appena finito di lavare i piatti.	Tom has just finished washing dishes.	4e251e72-4fd8-52a2-a7b2-8d6f87faf18f	40	37
Io non sono mai stato su un aereo.	I've never gotten on a plane yet.	e4c27f98-3eed-5cd4-bd35-ec85dbd4f8bb	34	33
Io non sono mai stata su un aereo.	I've never gotten on a plane yet.	ca7dab51-b245-5724-a838-dce09e4379c9	34	33
Tom viveva da solo con il suo cane.	Tom lived alone with his dog.	f34f10ee-2952-5d23-ae1f-9003945afe81	35	29
Annota ogni parola.	Write down each word.	10791788-dd2d-56f5-909e-e2b66b6e1126	19	21
Annotate ogni parola.	Write down each word.	afead47a-fc95-5d67-b025-2e64e1c1aa54	21	21
Annoti ogni parola.	Write down each word.	fbce6d2a-a2a1-52d7-8f2b-04581ecb4e5d	19	21
Cos'è successo oggi?	What happened today?	e4ab5d8b-854d-52bc-9f74-c512b78476ac	20	20
Che cos'è successo oggi?	What happened today?	4cb8591a-d24e-5ea3-9c34-c79746b28f6d	24	20
Che è successo oggi?	What happened today?	e56e0156-3c6c-5ac4-9046-8899e27c186e	20	20
Cosa succede oggi?	What happens today?	c281ad11-40cb-58ff-b0af-1402662232a0	18	19
Che cosa succede oggi?	What happens today?	4322f92b-7569-5304-832a-21eaaa457721	22	19
Che succede oggi?	What happens today?	ba31f390-9156-5705-8248-f752643c4d0b	17	19
La calma è la virtù dei forti.	Calm is a virtue of the strong.	3a43d4aa-6d71-5531-83cd-4539dc63dc69	30	31
Vuoi parlare di quello che è successo oggi?	Do you want to talk about what happened today?	c064714e-4d7e-50de-8509-665e87c27f4d	43	46
Vuole parlare di quello che è successo oggi?	Do you want to talk about what happened today?	7ed7f74d-706f-5b4c-ae60-9ef97c847c7f	44	46
Volete parlare di quello che è successo oggi?	Do you want to talk about what happened today?	ecfcf861-f98f-5ce8-9c5c-cc2c0c8ed84e	45	46
Tom è il fratello gemello di Mary.	Tom is Mary's twin brother.	cf1e831b-86d0-57d8-b5fe-6cfa4c9d0930	34	27
Vai a casa ora.	Go home now.	8d142efe-4e4f-5dfe-8210-d78be20d7d78	15	12
Vai a casa adesso.	Go home now.	a1645ea0-5084-5409-9d46-16f963447d54	18	12
Vada a casa ora.	Go home now.	e72db6e0-bfac-5c3f-81ec-9533ae994abb	16	12
Vada a casa adesso.	Go home now.	a014e2dc-487a-55d9-b67a-52e72a52ff3e	19	12
Andate a casa ora.	Go home now.	c605ebee-de3a-5cf6-9756-64f546a7d764	18	12
Andate a casa adesso.	Go home now.	faa4a02e-3139-5b89-8282-d1367566ea9e	21	12
I tuoi occhi hanno un certo magnetismo.	Your eyes have a certain magnetism.	40e11d70-e52a-58bb-8c82-e2cd166f46eb	39	35
I suoi occhi hanno un certo magnetismo.	Your eyes have a certain magnetism.	1b2ede13-bd42-56a7-ba8b-051a436c72ad	39	35
I vostri occhi hanno un certo magnetismo.	Your eyes have a certain magnetism.	4d36813c-c618-5656-a974-7533695605e9	41	35
Quello che farò è studiare il francese.	What I'm going to do is study French.	588ecd75-27f2-59e0-90f9-9287c2a1d5dc	39	37
Ciò che farò è studiare il francese.	What I'm going to do is study French.	71ce405b-cf40-5048-9d99-ef7ede3321d6	36	37
Troverò Tom da solo.	I'll find Tom myself.	ac2ed06f-b297-5597-879e-cc65dcf0542d	20	21
Io troverò Tom da solo.	I'll find Tom myself.	86858054-fb3f-5b2d-8da6-8f1edcdb1c0a	23	21
Troverò Tom da sola.	I'll find Tom myself.	d6b7c02b-c329-54ae-9f35-c22fa3da137f	20	21
Io troverò Tom da sola.	I'll find Tom myself.	fcc3989b-0c63-5063-a4e2-69f0761052b5	23	21
Lo scoprirò da solo.	I'll find out myself.	c92f93ab-d3e8-5cb3-9678-29a5e7cd2a57	20	21
Io lo scoprirò da solo.	I'll find out myself.	260792e3-7289-51f9-802d-4e28a92b8b17	23	21
Lo scoprirò da sola.	I'll find out myself.	bd2b202f-c838-5f12-80b1-41304ec91fbc	20	21
Io lo scoprirò da sola.	I'll find out myself.	4f3d1e76-d587-5f6d-b787-2831b693ea42	23	21
Lo prenderò domani.	I'll get it tomorrow.	b4696446-4938-5dc9-af4d-e20a87b0a633	19	21
La prenderò domani.	I'll get it tomorrow.	4bd76217-ccff-53a8-85dc-0d6f19c5be3c	19	21
Vorresti un po' di succo d'arancia?	Would you like some orange juice?	4b3c8c15-f3d1-592b-a5ac-cfdcad0ec271	35	33
Vorreste un po' di succo d'arancia?	Would you like some orange juice?	fc391437-0197-5421-93f1-8f2cbbaa79ae	35	33
Vorrebbe un po' di succo d'arancia?	Would you like some orange juice?	638ac217-f5bf-5f8b-8d7f-6ebefd0cb9c7	35	33
Porterò questo a Tom.	I'll get this to Tom.	741ac82f-2941-5af8-bbb7-f8848df1705f	21	21
Io porterò questo a Tom.	I'll get this to Tom.	7e5c2f86-af6c-5be5-b57d-40afc9fe8aa5	24	21
Porterò questa a Tom.	I'll get this to Tom.	b0555e28-cb64-55e7-9b44-20381fe19d4e	21	21
Io porterò questa a Tom.	I'll get this to Tom.	bb0cd88d-cb1b-5b1d-be1b-856d1aec2635	24	21
Ti darò un suggerimento.	I'll give you a hint.	e3c52ff7-e608-5533-b3ec-f715606fa69b	24	21
Vi darò un suggerimento.	I'll give you a hint.	6064f2cd-db38-518b-9c0a-3d89c0bae8dc	24	21
Le darò un suggerimento.	I'll give you a hint.	c1f60987-c0a5-545f-bbc4-e47cd10b870c	24	21
Ci sono molti incendi boschivi in America.	There are a great many forest fires in America.	b2dd0428-a20d-5214-9afd-40c4ec5c719a	42	47
Voi siete la luce del mondo.	You are the light of the world.	6daf99d4-1ca0-545b-83b1-00c0ea144304	28	31
Usa la testa!	Use your head!	336e0ce8-85ca-51aa-b339-4bc5df76c938	13	14
Usi la testa!	Use your head!	48bbeb83-3884-5265-9fbe-366d11bf5528	13	14
Non posso mangiare il maiale.	I can't eat pork.	668e9a38-b352-5fc0-a410-c5d8ed19279f	29	17
Io non posso mangiare il maiale.	I can't eat pork.	92418cb9-744d-5049-9736-123b7946fa68	32	17
Non posso mangiare la carne di maiale.	I can't eat pork.	4c84513d-12ba-53a7-90ec-6d4312cd4eef	38	17
Io non posso mangiare la carne di maiale.	I can't eat pork.	031437e8-8c01-54d6-9104-241f14b68b4b	41	17
Questo è un ospedale.	This is a hospital.	ac1c766b-429c-59ce-a339-8458e3a440c5	21	19
Questa è una battuta.	This is a joke.	8e2f103a-b5e5-56bd-90ce-e76a2530b6d2	21	15
Questa è una barzelletta.	This is a joke.	b3c11ea4-87d5-5aa6-b193-0f56c49997bf	25	15
Questa è una cartina stradale.	This is a road map.	79e5d8bf-c761-50d9-ae9e-d1769494d7df	30	19
Questo è un libro antico.	This is an old book.	edb68606-51e6-5bfb-8040-a43329664f43	25	20
Questo è un libro vecchio.	This is an old book.	47693374-439f-5ae1-97de-39f22e68dbfc	26	20
Questo è un errore terribile.	This is a terrible mistake.	6b9ec061-8602-5a9b-8452-3a2e0b27863c	29	27
Questo è un terribile errore.	This is a terrible mistake.	d06cab46-e484-54b5-aa47-1614057c9e49	29	27
È un'emergenza.	It's an emergency.	dd4e475f-e067-53b7-83b8-59783bf02990	15	18
Il governo sta venendo distrutto!	The government is being destroyed!	c799fee5-d131-5944-a9c7-fc2ffc833fd3	33	34
Abbiamo del formaggio grattugiato?	Do we have grated cheese?	94d107f6-1c93-50bf-80ad-3d371e695beb	34	25
Noi abbiamo del formaggio grattugiato?	Do we have grated cheese?	3d942e57-42ca-5f2c-8037-0e33b7f610e7	38	25
Ce l'abbiamo del formaggio grattugiato?	Do we have grated cheese?	63134f92-6d67-5c94-befa-e01601be36e4	39	25
Noi ce l'abbiamo del formaggio grattugiato?	Do we have grated cheese?	509d6c9a-bbd1-5bb1-8cba-592abe965cae	43	25
Viene spesso confuso con suo fratello.	He is often confused with his brother.	a6a77cac-aa8b-5f22-8e52-081d50021077	38	38
Lui viene spesso confuso con suo fratello.	He is often confused with his brother.	7f14b865-0e63-5725-9548-e3f5e5e7d604	42	38
Questa è una storia interessante.	This is an interesting story.	e30b24e8-2668-56f6-8ff2-f16d3d15a512	33	29
Questa è una bella casa.	This is a beautiful house.	63c4bc8a-f12c-5806-92eb-07134aad51d2	24	26
Lui dov'è andato?	Where did he go?	f4cb921e-bdbe-55e0-9a48-a4dd015e475e	17	16
Dov'è andato lui?	Where did he go?	232beed0-180b-5340-a41a-34c863478483	17	16
Tu chi sei?	Who are you?	9e0e2913-4e6f-554d-ae21-b9a8051efc6f	11	12
Chi siete?	Who are you?	1bedf43d-ae54-57ec-9892-9d03ac2f3298	10	12
Voi chi siete?	Who are you?	e80a6afd-271b-581d-b0ac-b58ac6ea86a2	14	12
Questo è un albero molto alto.	This is a very tall tree.	3139ffe6-1061-533f-b41b-96b590bbbdda	30	25
Questi sono buoni.	These are good.	39e3ce0c-354b-55af-b677-1bc141972493	18	15
Queste sono buone.	These are good.	4addd026-0081-53fe-8934-9b433d4d4876	18	15
Questi sono freschi.	These are fresh.	909c5b07-7dd7-5089-bd7e-6b33afb6b435	20	16
Queste sono fresche.	These are fresh.	86dc7ad3-64c8-5fbf-b2fc-02019e24efee	20	16
Questi sono dei bei cavalli.	These are beautiful horses.	a3af1a47-a8fa-5104-bb3d-829f06b404ae	28	27
Questo è un libro molto antico.	This is a very old book.	39083e21-2267-5779-86ef-86bdf3b17695	31	24
Questi sono belli.	These are beautiful.	5776362e-5725-5ba6-9f32-ca6a76871e0d	18	20
Queste sono belle.	These are beautiful.	49cab7ac-bde7-5193-b92c-86dbc5cf1c5f	18	20
Tom e Mary hanno viaggiato per il Giappone.	Tom and Mary traveled around Japan.	d1ff610a-0619-53c3-a2db-fceefac1c8b2	43	35
Tom e Mary viaggiarono per il Giappone.	Tom and Mary traveled around Japan.	73f4738b-83f6-5fec-85f2-5a488792e672	39	35
Vai!	Go!	7cdcfb57-4ad9-56cc-9d8f-158d2f3c3b7a	4	3
Vada!	Go!	1e55bf25-b48c-53ff-93ea-944308828d0a	5	3
Andate!	Go!	c2fddd66-2dff-57b4-9f9a-e2ea6b88f976	7	3
Pronto. È Ogawa che parla.	Hello. This is Ogawa speaking.	1be74327-7cc5-532b-9355-6d0fed513521	26	30
Salve. Parla Ogawa.	Hello. This is Ogawa speaking.	f6ef75a6-e17d-5e67-b8b4-59db2dc8d97b	19	30
Salve. È Ogawa che parla.	Hello. This is Ogawa speaking.	959225b7-eefe-53e3-acb5-630905021457	25	30
Questa è una foto di mia sorella.	This is a picture of my sister.	4aeaa67b-c1e8-5d22-959c-1affb3c67de6	33	31
Questa è una fotografia di mia sorella.	This is a picture of my sister.	19b100fe-d5c6-5ca3-a795-e2f2f1906249	39	31
Questi sono miei.	These are mine.	dbf5f068-44a5-540c-8b42-355751df6a3e	17	15
Queste sono mie.	These are mine.	5770e0ee-feff-50dd-b433-ab56df5d950b	16	15
Il sole sorge sopra le case.	The sun rises above the houses.	f069d12a-dbcb-5f8e-8881-8db116ccdfa0	28	31
Il sole sorge presto al mattino.	The sun rises early in the morning.	1d2f2cc1-44de-516b-85f0-47a2e8305dd8	32	35
Il sole sorge prima d'estate.	The sun rises earlier in the summer.	2b1900d2-afc0-5a68-8e41-2e073a17e76d	29	36
Il sole sorge prima in estate che in inverno.	The sun rises earlier in summer than in winter.	7d2fca0e-f0ab-5357-a72e-e67efa3d62d9	45	47
Iniziamo prima che il sole sorga.	Let's start before the sun rises.	094bb812-9c36-5bcc-8598-78ee070d9d54	33	33
Cominciamo prima che il sole sorga.	Let's start before the sun rises.	47e12281-ff09-526c-9c30-71c2fe0efa54	35	33
Iniziamo prima che sorga il sole.	Let's start before the sun rises.	9bc0072e-910f-57f1-8b10-f1ab8e69c2fd	33	33
Cominciamo prima che sorga il sole.	Let's start before the sun rises.	9427671e-067d-5801-8de5-abbaa5e1a723	35	33
Il sole stava per sorgere.	The sun was about to rise.	3a59039c-12f5-5156-9e52-f5f69ca86ad3	26	26
Il sole sta già sorgendo.	The sun is rising already.	5ead938d-0369-5a53-aaf5-95a7503e43d9	25	26
Il sole sorgerà presto.	The sun will rise soon.	d6cd17f5-8bb4-5fe2-8452-d37570f60e03	23	23
Quanto è bello il sole che sorge!	How beautiful the rising sun is!	98a05087-d913-5cfb-82d4-2e96a5b8fa52	33	32
Questi sono perfetti.	These are perfect.	cf1ec83e-cac4-5add-b1e1-c2de2eff5bfc	21	18
Queste sono perfette.	These are perfect.	4cd619f8-baa8-5abf-a791-80d46e406cca	21	18
Questi sono pesanti.	These are heavy.	0e2ab0cc-488b-59e5-8e4b-f5db933740d6	20	16
Queste sono pesanti.	These are heavy.	01590bf9-e017-5be0-9e34-03ac7d2633b0	20	16
Tom possiede un'auto sportiva gialla.	Tom owns a yellow sports car.	c73a675c-78d7-5b37-8bb7-c01ecb7764e4	37	29
Tom possiede un'automobile sportiva gialla.	Tom owns a yellow sports car.	a9a9dde8-3093-544a-8fde-e3ff4f111095	43	29
Tom possiede una macchina sportiva gialla.	Tom owns a yellow sports car.	3f0bf52d-0821-56a6-a7b1-c495eb0909fa	42	29
Questa è la casa in cui è nato.	This is the house in which he was born.	10344cb7-d6a1-5420-9ca3-2879cb836231	31	39
Questi sono nostri.	These are ours.	26db0fba-7b37-56c0-9835-e0472f33a07c	19	15
Queste sono nostre.	These are ours.	12e9f101-d07c-55b4-8164-95279f27cb8f	19	15
Questi sono nuovi.	These are new.	6127da41-fae4-5f7c-95c6-d692797005ec	18	14
Queste sono nuove.	These are new.	d43aa194-4fa7-5533-92fe-61e542a30f5e	18	14
Questi sono carini.	These are nice.	293ab6f5-5b62-55f5-aeed-0b224ec0edbe	19	15
Queste sono carine.	These are nice.	35db8e77-7185-52fa-98ba-3b761fd18602	19	15
Questi sono di Tom.	These are Tom's.	d6ed34dd-7a55-50db-9bc6-ddac615341ed	19	16
Queste sono di Tom.	These are Tom's.	cf859d4f-aa86-5845-b44a-32f5f5345b27	19	16
Questi sono tuoi.	These are yours.	448f9571-5b60-50b2-8d03-3baa49ba2438	17	16
Queste sono tue.	These are yours.	6b23eb38-d670-58ed-9a8b-40f895b9fa46	16	16
Questi sono suoi.	These are yours.	175c881c-616d-5860-9190-283d56751fd0	17	16
Queste sono sue.	These are yours.	8bd0f2e4-229b-5dc9-82e3-05dceca3c3aa	16	16
Questi sono vostri.	These are yours.	c3639cf4-136b-5e29-926d-4d87ab1db1a9	19	16
Queste sono vostre.	These are yours.	900df8af-0efb-5cd2-9117-7e5c4b5c92ed	19	16
Questi sono magnifici.	These are wonderful.	21e04635-e0ed-5b6b-9f21-3549fc24b5f4	22	20
Queste sono magnifiche.	These are wonderful.	368d7201-0467-51eb-b153-0e9aaca2a663	23	20
Queste sono delle mele molto grandi.	These are very big apples.	9fa5b1ff-db68-5a46-9c53-427b6cf60456	36	26
Qual è la montagna più alta d'Europa?	What is the tallest mountain in Europe?	46f09816-e6b0-55da-afbe-7e1912a6867b	37	39
Questa non è una battuta.	This isn't a joke.	7c8772f3-47d4-5369-ac6f-d3a049495077	25	18
Questa non è una barzelletta.	This isn't a joke.	44204472-e7d5-5f9b-948f-b318999c8e3d	29	18
Questa non è una festa.	This isn't a party.	583d36ed-9a9d-5f33-886c-f521e4811609	23	19
Questo non è un partito.	This isn't a party.	54fa12b6-18b2-5d50-8896-9dfc52b1f8b4	24	19
Hai studiato la teoria dell'evoluzione di Darwin?	Have you studied Darwin's theory of evolution?	6d7b64da-fe1d-5118-a328-a5b8b6c3eb80	49	46
Ha studiato la teoria dell'evoluzione di Darwin?	Have you studied Darwin's theory of evolution?	5735666b-4503-592f-885a-8b9b87baf0a8	48	46
Darwin ha sviluppato la teoria dell'evoluzione.	Darwin developed the evolutionary theory.	523f7395-ffbe-56e9-829f-81e984e941e7	47	41
Ha piovuto molto quest'anno.	There's been a lot of rain this year.	35de7b30-73e8-59fa-8ac3-052a78332043	28	37
Ho una casa in montagna.	I have a house in the mountains.	e535772f-f33c-5351-87ba-373ff06e2b33	24	32
Io ho una casa in montagna.	I have a house in the mountains.	8dd532cf-e665-5440-b95d-f76837b6310f	27	32
Questi sono veri.	These are real.	2b3be5f3-800e-5217-babb-4257b99c5bfc	17	15
Queste sono vere.	These are real.	2a3c03ac-d7f0-5b46-a372-0abbb1366681	17	15
Questi sono reali.	These are real.	d72cb22e-2a6d-5f6f-a076-2557046f4aba	18	15
Queste sono reali.	These are real.	8871cb86-e121-5465-b880-eb323d085871	18	15
Questo non è male.	This isn't bad.	0010ccd9-44a5-5bd4-ae5e-b9abbe9a687a	18	15
Questa non è male.	This isn't bad.	5af1d77e-10d9-5f75-bfc5-3cc617a536f3	18	15
Questo non è duro.	This isn't hard.	032675e8-6b39-5635-909c-89d7cf0798e9	18	16
Questa non è dura.	This isn't hard.	c86c563c-94b6-5409-b006-62d8c1205cb3	18	16
Questo non è difficile.	This isn't hard.	9b789198-364a-5e54-b616-26ae8b0dcb87	23	16
Questa non è difficile.	This isn't hard.	7d7930c4-27cf-567f-83b6-c43395fb7dd9	23	16
Questo non è amore.	This isn't love.	71d4b01b-484e-50fa-a6b4-09cf002d45bb	19	16
Questo non è divertente.	This isn't funny.	4c0de9d5-5be9-5c2a-853b-9615f8feff17	24	17
Questa non è divertente.	This isn't funny.	a5aee2b3-f50f-5d7b-a30d-85896d90a5a0	24	17
Questo non è facile.	This isn't easy.	7e77d611-e27e-5314-a296-606d091ed1b4	20	16
Questa non è facile.	This isn't easy.	ec715201-a3e6-5fa4-b3dc-304eb3c861c1	20	16
Questo non è cibo.	This isn't food.	62cf9f26-d7c2-5444-8c8f-747a774c362f	18	16
Questo non è mio.	This isn't mine.	b1b31891-fcfb-5ba3-b88a-12caa0f7f978	17	16
Questa non è mia.	This isn't mine.	74804e85-34af-5a0c-bc87-d1933468dbfc	17	16
Questo non è reale.	This isn't real.	21f82599-7849-5f36-8686-ac240d423e0c	19	16
Questa non è reale.	This isn't real.	ae1f708f-9b83-57d4-9c81-475fe70a11a0	19	16
Questo non è vero.	This isn't real.	c6c4d330-c66c-586d-9ad8-7241487bec1d	18	16
Questa non è vera.	This isn't real.	8427e12d-c6ce-59b5-9e37-aef8a7a6c7d5	18	16
Questo non è nuovo.	This isn't new.	7b876c5b-bc45-5cba-9d3f-e33856de5fb6	19	15
Questa non è nuova.	This isn't new.	5960f468-f9da-5cbc-ab30-ecb3f4d71ae0	19	15
Due birre, per piacere.	Two beers, please.	2e284738-02ca-52d7-bac5-02e6cd9d47ea	23	18
Un bicchiere di vino rosso, per favore.	A glass of red wine, please.	d2a8aaaf-68ba-5c15-b04d-f7bae3917e46	39	28
Un bicchiere di vino rosso, per piacere.	A glass of red wine, please.	2a9093a1-5e43-5f88-9274-dc2f5570beaf	40	28
Un tè con limone, per favore.	A tea with lemon, please.	10ec3de3-df3e-57c4-bab3-8f6f7ff59304	29	25
Un tè con limone, per piacere.	A tea with lemon, please.	b1501040-609f-508b-8376-2fe0990a208e	30	25
Un caffè, per piacere.	Coffee, please.	6446f531-9468-5795-ae38-a033f53589b7	22	15
Vorrei un po' di sidro, per favore.	I'd like some cider, please.	6189783a-ed45-5b83-a3f4-6c6fc809bf69	35	28
Io vorrei un po' di sidro, per favore.	I'd like some cider, please.	ee78d5b8-0d45-5484-9abd-cd5249de158a	38	28
Vorrei un po' di sidro, per piacere.	I'd like some cider, please.	f6922a1d-6ac2-52c3-a25c-7bf2a68f1259	36	28
Io vorrei un po' di sidro, per piacere.	I'd like some cider, please.	4a7f19cc-910d-5628-bfc7-2da055709683	39	28
Vorrei un bicchiere di vino rosso, per favore.	I'd like a glass of red wine, please.	974a643a-dea6-504e-9831-883413110fb8	46	37
Io vorrei un bicchiere di vino rosso, per favore.	I'd like a glass of red wine, please.	828c49e3-66ed-5ac1-9c31-66471e84a2e6	49	37
Vorrei un bicchiere di vino rosso, per piacere.	I'd like a glass of red wine, please.	2cb1f84e-7eaf-50ef-8e26-5f1372fe74af	47	37
Io vorrei un bicchiere di vino rosso, per piacere.	I'd like a glass of red wine, please.	a140bc81-d07f-55ca-9571-db3781fc6a25	50	37
Cominciò a piovere a catinelle.	It began to rain cats and dogs.	b63d23bc-7f9d-54ec-9f97-0504c9508c24	31	31
Pioveva a catinelle.	It rained cats and dogs.	a0ead487-3c8c-5c51-bf23-76f450083196	20	24
Ignoralo.	Ignore him.	2c8a6be4-f018-5793-922c-efde8279991e	9	11
Ignoratelo.	Ignore him.	3042f56f-5644-5063-9eb3-e1e074a41e8b	11	11
Lo ignori.	Ignore him.	dec0942e-c2c5-53da-86d1-0d1ad50de534	10	11
Passa lo zucchero, per favore.	Pass the sugar, please.	b7c27a23-8d13-5ef2-879d-8f73bee5fca5	30	23
Passa lo zucchero, per piacere.	Pass the sugar, please.	37b44f8d-b772-5d8f-8031-7c24a6ef5a53	31	23
Passi lo zucchero, per piacere.	Pass the sugar, please.	db2bd3ce-3b80-5ae8-b04b-958c95628b43	31	23
Passi lo zucchero, per favore.	Pass the sugar, please.	4dcb00b8-9638-5804-acc2-8553172ef4f7	30	23
Passate lo zucchero, per piacere.	Pass the sugar, please.	245046ff-d6bc-519c-bb4a-daed5b2be35e	33	23
Passate lo zucchero, per favore.	Pass the sugar, please.	9847cfbf-e130-5bdf-9457-4dd625afb7b4	32	23
Un po' d'acqua, per favore.	Some water, please.	af427c71-6c55-5b90-9136-33594b0fcce8	27	19
Un po' d'acqua, per piacere.	Some water, please.	8320a344-4ad1-58c7-b440-505947a6f4f2	28	19
Due gelati, per piacere.	Two ice creams, please.	0bc873e9-b14a-5601-b2e8-ff507905dfc3	24	23
Mary è una madre.	Mary is a mother.	9d61547a-303a-5940-aa44-55ead90da2d8	17	17
Mary è una bella donna.	Mary is a beautiful woman.	6c878099-d010-5cdd-b32a-dceb3e324893	23	26
Mary è una bella ragazza.	Mary is a beautiful girl.	24646c42-3079-536d-9cf5-1140e1fbc7eb	25	25
Mary ha dei begli occhi castani.	Mary has beautiful brown eyes.	33c6b87a-6983-5bbf-9c00-0fdc4a88dc86	32	30
Mary e Alice sono sorelle.	Mary and Alice are sisters.	47665842-10a2-5240-83a7-86f4d9b1e220	26	27
Mary è bella.	Mary is beautiful.	019c56f8-95ba-585f-9cb2-80c5475389e7	13	18
Mary è bella, vero?	Mary is beautiful, isn't she?	686e28ca-2b68-57aa-aa4e-cf44cad7fbcf	19	29
Mary è la mia ragazza.	Mary is my girlfriend.	56ab3804-f5f9-54fd-81cf-e745237828a3	22	22
Mary è la mia fidanzata.	Mary is my girlfriend.	dbd238f3-cae0-59b0-a6fe-cbb55075ae6b	24	22
Mary è la mia morosa.	Mary is my girlfriend.	a859360d-1ebf-51c8-99f7-c8626aedf170	21	22
Mary è una ragazza molto carina.	Mary is a very pretty girl.	39360862-f251-51d5-bdde-83da13333f81	32	27
La sai la risposta?	You know the answer?	ddd08c86-05f5-5150-a74f-b104358b77f0	19	20
Tu la sai la risposta?	You know the answer?	7c4cc77d-6473-5ca1-9422-f35387a0145a	22	20
La sa la risposta?	You know the answer?	057b5d0b-5d96-501d-b56e-54d6350d06ac	18	20
Lei la sa la risposta?	You know the answer?	928420df-2977-59dd-b5c7-d0a13d4c50e9	22	20
La sapete la risposta?	You know the answer?	30da979f-71ae-5364-b4a8-6ff8bbd38603	22	20
Voi la sapete la risposta?	You know the answer?	b6729d97-ebf4-5d40-afad-2c323b948356	26	20
So perché Tom è felice.	I know why Tom's happy.	786feaf2-303a-51c4-a4bb-b9f3019322ef	23	23
Io so perché Tom è felice.	I know why Tom's happy.	645c2b34-e7fa-501b-99f7-0ffbe53422b4	26	23
Lo so perché Tom è felice.	I know why Tom's happy.	0e24ef31-13d5-5a4c-9cd7-1200ceb78e45	26	23
Io lo so perché Tom è felice.	I know why Tom's happy.	5618639f-852d-5d64-be19-ac10df4be1c0	29	23
Quando Tom è felice, io sono felice.	When Tom's happy, I'm happy.	59b03fc7-be90-5582-ab8a-54919bbb14e7	36	28
Se Tom non è felice, io non sono felice.	If Tom's not happy, I'm not happy.	94839e16-7322-55b7-95fc-180cd0af34de	40	34
È bello vedere Tom così felice.	It's nice to see Tom so happy.	cdb90f6c-8a6a-5053-9448-c9221314d17d	31	30
Ha reso la famiglia di Tom davvero felice.	It made Tom's family really happy.	9057e319-b345-5b27-8bb6-7106f9be7a40	42	34
Ha reso la famiglia di Tom veramente felice.	It made Tom's family really happy.	980bd087-feca-543c-823e-c12451793c1b	44	34
Quello renderà Tom molto felice.	That's going to make Tom very happy.	679269e2-e114-5519-b05b-b0513295bf5c	32	36
Quella renderà Tom molto felice.	That's going to make Tom very happy.	e744d913-d354-5248-b881-0a4113e5a138	32	36
Tom dice che è felice.	Tom says he's happy.	e3dde646-7abc-5054-89a5-d4d72709fb9e	22	20
Tom dice di essere felice.	Tom says he's happy.	89f07c5c-7152-5b32-ab41-5991ae91bdf9	26	20
Tom dice che non è felice.	Tom says he's not happy.	44fcfa0b-c64a-5a5d-963e-7c4068b8d9d1	26	24
Tom dice di non essere felice.	Tom says he's not happy.	0ae20dd4-4610-5089-b2d0-25732a06359a	30	24
È arrivato Tom.	Tom's arrived.	3f17b4f9-5dbf-5ed1-93a7-71c944b2cf29	15	14
Mary è una donna molto impegnata.	Mary is a very busy woman.	a8efb12b-ab02-5cde-a3e9-9486441f2b42	33	26
Mary è carina.	Mary is pretty.	d20f98f3-72f3-5d12-bddb-382bd04ea81a	14	15
Mary è abbastanza carina.	Mary is pretty cute.	36561abf-e701-547d-813c-73a90b491194	25	20
Mary è la ragazza più carina della sua classe.	Mary is the prettiest girl in her class.	2887695b-2b30-51b9-91a2-8f4f4c7b3de1	46	40
Mary è la madre di Tom.	Mary is Tom's mother.	63285393-9580-5d5a-8a4b-08fdef32450f	23	21
Mary è la moglie di Tom.	Mary is Tom's wife.	813a2c73-54bf-5a56-b8a0-9539d1ccd98e	24	19
Mary è la sorella minore di Tom.	Mary is Tom's younger sister.	a7a92217-9b05-560b-87bd-ce9b38a860ab	32	29
Mary è la figlia di Tom.	Mary is Tom's daughter.	97c1ad78-90aa-5f17-b49e-a6b303f3921b	24	23
Mary è la fidanzata di Tom.	Mary is Tom's girlfriend.	a2c2fbe4-af19-5400-bb87-f94a9cf12b5b	27	25
Mary sta indossando un bel vestito rosso.	Mary is wearing a beautiful red dress.	beaf03e4-0643-51fe-bc24-a871527133b1	41	38
Mary sembra bella.	Mary looks beautiful.	038dd5f6-7529-5da5-b332-0e71effe350a	18	21
Mary ha un bell'aspetto.	Mary looks beautiful.	3e80f8a8-a3ce-5b84-8825-533585b840e3	24	21
Mary era bella.	Mary was beautiful.	0ff42af8-7aa8-52d7-a32d-6e6fdf83e6c7	15	19
Mary ama giocare con le bambole.	Mary loves playing with dolls.	972f0653-c92f-5c5a-be3b-a0ae759a8421	32	30
Mary indossa spesso delle gonne lunghe.	Mary often wears long skirts.	bfc93ba3-6c66-5582-8153-eb3f8dd5a99c	39	29
Tom lo dice sempre.	Tom always says that.	9fd3b0cd-2602-51e4-9005-53619602924a	19	21
Tom parla sempre in francese.	Tom always speaks in French.	dd477df0-0420-52a9-b3a7-3d21e8da4b6f	29	28
Io e Tom siamo impegnati stasera.	Tom and I are busy tonight.	b830e82a-0af5-5064-b846-9f9abdc75590	33	27
Io e Tom siamo impegnati stanotte.	Tom and I are busy tonight.	57083f70-2525-5b95-9e46-164325e43322	34	27
Io e Tom siamo occupati stasera.	Tom and I are busy tonight.	861705fc-b4de-5e5d-b0f3-c7f946d44e15	32	27
Io e Tom siamo occupati stanotte.	Tom and I are busy tonight.	23188e56-203d-5d0a-9831-6fa675cda20e	33	27
Tom indossa sempre un cappello.	Tom always wears a hat.	6f2202e0-6d21-5e65-8a6d-d502adfb79b4	31	23
Io e Tom siamo vecchi amici.	Tom and I are old friends.	3916b4c4-3e6c-5769-9e97-e8c8a48abb22	28	26
Io e Tom siamo buoni amici.	Tom and I are good friends.	d1ce7d1a-927d-5425-bb14-b19b2fd711e6	27	27
Tom e John sono fratelli.	Tom and John are brothers.	ff719938-2b38-5c02-826b-5324562bd558	25	26
Tom e Mary hanno circa la stessa età.	Tom and Mary are about the same age.	61088652-5632-5544-8d93-47edb05e24c7	37	36
Tom e Mary hanno circa la stessa altezza.	Tom and Mary are about the same height.	baf7d045-3e15-5f66-9312-7cff326c6250	41	39
Tom e Mary dormono entrambi.	Tom and Mary are both asleep.	b917de57-bb03-510f-aca0-c98953daf81b	28	29
Tom e Mary sono a casa oggi.	Tom and Mary are at home today.	94912849-f8b3-5c9f-b8b3-fd04e0251e32	28	31
Tom e Mary stanno dormendo entrambi.	Tom and Mary are both asleep.	f7f03bf7-82f6-562d-af7e-52977c7cd393	36	29
Tom e Mary stanno dormendo.	Tom and Mary are asleep.	e181af86-ed36-512b-86d6-dc7f56a81e06	27	24
Tom e Mary sono da soli.	Tom and Mary are alone.	f901f705-99d8-5ff5-8b45-caaf49fa225c	24	23
Tom e Mary sono fratello e sorella.	Tom and Mary are brother and sister.	a231750f-2032-5dab-a722-296dc2638131	35	36
Tom e Mary sono marito e moglie.	Tom and Mary are husband and wife.	fe64dc96-eb3c-543d-ad41-4efcd8a2ca9c	32	34
Tom e Mary sono felici assieme.	Tom and Mary are happy together.	0adf3b38-414a-5a83-9f2c-54229cf7988b	31	32
Tom e Mary sono di fuori.	Tom and Mary are outside.	9f96519b-8ad9-53b9-af80-0c896238c595	25	25
Tom e Mary sono vicini.	Tom and Mary are neighbors.	520ae6ff-1bda-59f0-b81d-85a44dd16cae	23	27
Tom e Mary sono occupati.	Tom and Mary are busy.	8745df8b-03af-56bf-87bf-6b927705a306	25	22
Tom e Mary sono impegnati.	Tom and Mary are busy.	0704cd9f-5a1f-545f-a864-a36ed78782cb	26	22
Ho chiesto dov'era Tom.	I asked where Tom was.	b3dcb7ee-4097-5822-90ad-d76fc0c2818b	23	22
Io ho chiesto dov'era Tom.	I asked where Tom was.	17b23eb2-46d3-55a3-a4b0-eec74cf88d19	26	22
Chiesi dov'era Tom.	I asked where Tom was.	a8a77ddb-5bd2-51c3-a17e-ad8b08f96285	19	22
Io chiesi dov'era Tom.	I asked where Tom was.	f0e46c8e-0742-58a3-8129-8e46a2fc39d9	22	22
Tom e Mary stanno ancora aspettando.	Tom and Mary are still waiting.	44d158e5-04dc-5eab-9ea4-32536ad1d299	36	31
Tom e Mary sono ancora molto impegnati.	Tom and Mary are still very busy.	4e371128-1cc1-5c35-a7e8-23ce3e395068	39	33
Tom e Mary sono ancora molto occupati.	Tom and Mary are still very busy.	f244a7c0-3ddd-5414-806d-e2bf7151500d	38	33
Tom e Mary sono davvero buoni amici.	Tom and Mary are really good friends.	eb1bfa0b-f220-5c0a-b253-2db368799b5e	36	37
Tom e Mary sono veramente buoni amici.	Tom and Mary are really good friends.	4ac5e499-8871-5b32-90a3-6ead57a171d0	38	37
Tom e Mary sono assieme.	Tom and Mary are together.	43abec35-775e-5200-a46b-aaa0beebdd92	24	26
Tom e Mary sono ottimi amici.	Tom and Mary are very good friends.	1fe44c4b-2998-57c6-b1e1-62a83428bd33	29	35
Tom e Mary sono molto felici assieme.	Tom and Mary are very happy together.	32497fb5-bd58-569d-b1df-fc4a447c1fa6	37	37
Tom e Mary hanno molta fame.	Tom and Mary are very hungry.	e5202066-2db2-5c7a-b157-5184dbe3d694	28	29
Tom e Mary sono amici di lunga data.	Tom and Mary are very old friends.	b64e9cf6-a86d-51f1-9a22-d396295c616c	36	34
Tom e Mary stanno guardando la TV in salotto.	Tom and Mary are watching TV in the living room.	f9dac32f-4989-5c32-892e-ad23316b87a6	45	48
Tom e Mary sono molto felici.	Tom and Mary are very happy.	c09364b8-9dd0-5cd2-9724-84b178140e46	29	28
Tom e Mary non sono canadesi.	Tom and Mary aren't Canadians.	81d06af0-07fe-5842-8f20-72f7c878d76c	29	30
Tom e Mary non vengono.	Tom and Mary aren't coming.	6d69d39b-2f22-5e5b-bc50-94f29cf48215	23	27
Tom e Mary non sono felici qui.	Tom and Mary aren't happy here.	bdd5b1fd-e0bc-5d46-b3b1-ed9b6cadae86	31	31
Sia Tom che Mary risero.	Tom and Mary both laughed.	711b6bbc-55bc-5c41-a4e1-ee83e1f2f30f	24	26
Sia Tom che Mary hanno riso.	Tom and Mary both laughed.	870cbb73-c8ee-5c9e-836c-9dfdf85cc243	28	26
Sia a Tom che a Mary piace andare a cavallo.	Tom and Mary both like riding horses.	0160a527-4c77-5b2e-981e-558ab6f00d01	44	37
Sia Tom che Mary vivono a Boston.	Tom and Mary both live in Boston.	58462919-3df3-5b8d-bf23-730319a0682d	33	33
Sia a Tom che a Mary è piaciuto quel film.	Tom and Mary both enjoyed that movie.	6073882f-56e5-5d50-b7ca-59aafd887891	42	37
Sia Tom che Mary sorrisero.	Tom and Mary both smiled.	435085df-63b0-522a-8925-3a00b232f1e9	27	25
Sia Tom che Mary hanno sorriso.	Tom and Mary both smiled.	8ffa55a2-5c34-553c-86e9-3cb3664a64b4	31	25
Sia a Tom che a Mary piacciono i film vecchi.	Tom and Mary both like old movies.	aeab2f10-abe7-5de5-97a9-d76c3d1a1ea1	45	34
Chi te l'ha detto?	Who told you that?	0ecec8fe-01ba-50f1-9c81-a574d4446fcb	18	18
Chi ve l'ha detto?	Who told you that?	3d7d3e4c-cc02-5a28-9279-effbefeaf5af	18	18
Chi gliel'ha detto?	Who told you that?	515b3a6a-7fd9-5534-980c-afbd7e3cc33c	19	18
Neanche lui mi piace.	I don't like him either.	5bf8a1b7-b9ca-51bb-ac1c-2af20bb56a44	21	24
Perché non condividiamo una stanza?	Why don't we share a room?	db313a1c-e832-57cc-8ef2-b562d2f7e808	35	26
Perché non condividiamo una camera?	Why don't we share a room?	6bdcc81a-60eb-5756-a1a7-fa93c651bdc8	35	26
Tom e Mary sono diventati ottimi amici.	Tom and Mary became very good friends.	22a8c1ed-f99c-5ee4-bedc-41737ae6cb45	39	38
Tom e Mary diventarono ottimi amici.	Tom and Mary became very good friends.	175d8cf4-513c-5d5d-b190-0e861a0410af	36	38
Sia Tom che Mary iniziarono a ridere.	Tom and Mary both started to laugh.	b4d799a0-6267-59f7-bd2b-177914feeb15	37	35
Sia Tom che Mary hanno iniziato a ridere.	Tom and Mary both started to laugh.	432b9b97-4552-557e-8e1a-d75ef990752d	41	35
Sia Tom che Mary cominciarono a ridere.	Tom and Mary both started to laugh.	b61c7020-2397-535f-b2d2-90d1f36190b4	39	35
Sia Tom che Mary hanno cominciato a ridere.	Tom and Mary both started to laugh.	e93de75a-23ca-57f8-9554-5010c6f475d3	43	35
Tom e Mary non lo sapevano.	Tom and Mary didn't know.	6090f6bc-e084-5cf1-9743-3d5fb8846583	27	25
Tom e Mary non hanno figli.	Tom and Mary don't have any children.	6c93c928-6458-5dd6-bbf5-9746473fe373	27	37
Tom e Mary andavano nella stessa scuola.	Tom and Mary both went to the same school.	f7a72ea7-8eb6-5a1b-9aaa-564abd654439	40	42
Tom e Mary non vogliono figli.	Tom and Mary don't want children.	db79b2c1-78f2-5dd1-b71c-a0d11bbbda8b	30	33
A Tom e Mary è piaciuto quel film.	Tom and Mary enjoyed that movie.	a1271286-636f-5ffc-b7a9-658723aed06c	34	32
Tom e Mary sono amici da molto tempo.	Tom and Mary have been friends for a long time.	ee0af832-3cba-53a7-a537-70d313ea2085	37	47
Tom e Mary non vogliono parlare con John.	Tom and Mary don't want to talk to John.	8087ce30-ad9a-562d-b1e5-75e4f85f77d9	41	40
Tom e Mary non vogliono quello.	Tom and Mary don't want that.	5cde8b83-296a-5e1b-8916-84b9e65eaa71	31	29
Tom e Mary non vogliono quella.	Tom and Mary don't want that.	f99a9a62-7efc-5535-a78d-3bd654e19b02	31	29
Tom e Mary si sono baciati ancora.	Tom and Mary kissed again.	ffc566b2-b6fb-58d2-b88f-2b81c71add7e	34	26
Tom e Mary si sono baciati di nuovo.	Tom and Mary kissed again.	acc7f099-2102-5906-80ec-47d9c3af87a1	36	26
Tom e Mary si piacciono.	Tom and Mary like each other.	f439557e-b039-55da-8ab4-af6d43995aa1	24	29
Il progresso è inevitabile.	Progress is unavoidable.	e07848b7-d495-5e9d-bfd0-6bf1b47caed7	27	24
Cosa studia il sovietologo?	What does a Sovietologist study?	494cb8fe-fdc0-5a7d-8238-a6bfebb1f9ae	27	32
Che cosa studia il sovietologo?	What does a Sovietologist study?	5db1edb6-7b48-59e7-bae5-2fbb177c4f3f	31	32
Sei sicuro di non volere guidare?	Are you sure you don't want to drive?	05ada6e2-5955-59fe-be06-3c61dfe21543	33	37
Sei sicura di non volere guidare?	Are you sure you don't want to drive?	11480311-2e53-5ad6-91c6-58bbf0e61cd0	33	37
È sicuro di non volere guidare?	Are you sure you don't want to drive?	4decd719-b672-5515-a5fa-4b0ce4cddb2c	31	37
È sicura di non volere guidare?	Are you sure you don't want to drive?	dfae9f68-2b36-5a8c-8047-10c33ba1fb98	31	37
Siete sicuri di non volere guidare?	Are you sure you don't want to drive?	427fd104-8e40-5e71-8d09-c9712bf9ee74	35	37
Siete sicure di non volere guidare?	Are you sure you don't want to drive?	8362915f-1f0b-53fb-be3f-273bae237cd4	35	37
Il mio atteggiamento verso di lui è cambiato.	My attitude towards him changed.	cf72fc37-55e3-5608-b090-7f84c435598d	45	32
Assolutamente no. Fa troppo freddo oggi.	Absolutely not. It's too cold today.	e5c42664-dfbf-5efa-9d65-80c6ce22cb5f	40	36
Mi scuso se ti ho offeso.	I apologize if I offended you.	bef8d5b5-6101-5afd-9ba8-85bc0be4eb78	25	30
Mi scuso se ti ho offesa.	I apologize if I offended you.	91005c7c-423b-5efc-aec6-8225c66c787d	25	30
Mi scuso se l'ho offeso.	I apologize if I offended you.	9ece9ff7-8282-5186-ba7b-2fee78a0d23c	24	30
Mi scuso se l'ho offesa.	I apologize if I offended you.	2d01c77d-4c71-5a04-9aa3-b5f77944b3ba	24	30
Mi scuso se vi ho offesi.	I apologize if I offended you.	5beb790a-1e3d-5386-a8dd-b7a7df720de6	25	30
Mi scuso se vi ho offese.	I apologize if I offended you.	776bd635-56db-584e-824c-df658461bf3f	25	30
I tuoi modi non sono molto buoni.	Your manners aren't very good.	9009a19a-6c2e-50c5-961f-01577f1cc4b9	33	30
I suoi modi non sono molto buoni.	Your manners aren't very good.	8ed00014-44ae-595a-bd50-b423ae5158ae	33	30
I vostri modi non sono molto buoni.	Your manners aren't very good.	ab4aeae0-ea85-5317-9761-f30b9355630a	35	30
Sei maleducato.	You are rude.	7c886d38-f900-5106-9ca0-e0853d4b7491	15	13
Tu sei maleducato.	You are rude.	948f3824-1797-550a-9b61-64546bb75c00	18	13
Sei maleducata.	You are rude.	8a1c8c01-64db-5a50-970b-13bf7234a848	15	13
Tu sei maleducata.	You are rude.	e72a5f4d-dc38-50cb-9fba-aaab526422b5	18	13
È maleducato.	You are rude.	5219947e-6474-5d86-b505-d8ea9f6eb189	13	13
Lei è maleducato.	You are rude.	a6fa635d-6071-5ef5-9ffd-85911e110d40	17	13
È maleducata.	You are rude.	b32d53ea-665c-513c-8c11-586226b1da8a	13	13
Siete maleducati.	You are rude.	c64be7b7-9162-582e-aee3-8cd626154bcb	17	13
Voi siete maleducati.	You are rude.	16412fd1-b9d0-57fe-a9f0-ef825ee0374f	21	13
Siete maleducate.	You are rude.	15e0623d-8479-5387-925d-d8bed317e627	17	13
Voi siete maleducate.	You are rude.	e621dcdd-c6dc-58f3-b819-e524eeccabdb	21	13
So che Mary mi ama.	I know that Mary loves me.	cc5335b7-4c92-5f14-9c82-a8a48eb28ffc	19	26
Io so che Mary mi ama.	I know that Mary loves me.	61739af2-69a0-5677-8130-a0b27504897f	22	26
Lo so che Mary mi ama.	I know that Mary loves me.	8853b78e-d8d2-511a-a1df-d0847fa26c6a	22	26
Io lo so che Mary mi ama.	I know that Mary loves me.	e2c4e64a-5dfd-5366-b3dc-243e7780fea0	25	26
Tom è stato punto da una zanzara.	Tom was bitten by a mosquito.	7f26d4f9-3450-5fda-8f8a-544d0c9c8109	33	29
Lui ha provato a sbarazzarsi delle formiche.	He tried to get rid of the ants.	56df78b8-9279-5fc6-9417-a0ee44f4f97c	44	32
Provò a sbarazzarsi delle formiche.	He tried to get rid of the ants.	79cb8cd5-75ae-5052-96c3-5bab351aa1ec	35	32
Lui provò a sbarazzarsi delle formiche.	He tried to get rid of the ants.	68f9c4b5-3823-5fc3-bae0-5c35058096d5	39	32
Non riuscivo più a camminare.	I couldn't walk anymore.	0443fbb1-97b5-5101-9fa0-8d6a937c6244	29	24
Io non riuscivo più a camminare.	I couldn't walk anymore.	2eff4130-811a-5b6c-8ec7-32c043a9f0a8	32	24
Vorrei mangiare del Nata de coco.	I'd like to eat Nata de coco.	40f8f352-5f52-5daf-94d5-13752cfe40ba	33	29
Io vorrei mangiare del Nata de coco.	I'd like to eat Nata de coco.	87362fdc-f5a4-5a6a-9200-995571d419ff	36	29
Mi piacerebbe mangiare del Nata de coco.	I'd like to eat Nata de coco.	94d5d98d-3050-5e2c-8466-fc960848b052	40	29
A me piacerebbe mangiare del Nata de coco.	I'd like to eat Nata de coco.	3bc96a88-4576-5b9f-b0d3-470f5de402ab	42	29
È ciò che dice la gente.	That's what people say.	76421d16-3ef5-58a4-8927-2a1bd5b3dd72	24	23
Abbiamo mangiato assieme.	We ate together.	33f2f817-01cd-520a-b38b-3659ccf947e0	25	16
Noi abbiamo mangiato assieme.	We ate together.	b10a4892-d20e-5560-bd4a-70f9a23262b6	29	16
Mangiamo assieme.	We eat together.	1193632b-80b0-5c9e-aa7b-f460d52c1acb	17	16
Noi mangiamo assieme.	We eat together.	8f1a1d75-58e6-5483-8b3e-ae58e9fa54ea	21	16
Ho una ragazza molto carina.	I have a very pretty girlfriend.	f54e3dc2-f7b7-5ec9-adda-cfbac95cc827	28	32
Io ho una ragazza molto carina.	I have a very pretty girlfriend.	e5d9b563-1fea-57b2-86bb-641874509a2e	31	32
Ho una fidanzata molto carina.	I have a very pretty girlfriend.	17c028b2-ea62-57f3-bfab-cc7e497147f7	30	32
Io ho una fidanzata molto carina.	I have a very pretty girlfriend.	f86c0c40-e5c6-528f-8b4b-257bf431e4f2	33	32
Ho una morosa molto carina.	I have a very pretty girlfriend.	1b09003e-8d95-5ae2-a41d-9adaaf0b59fb	27	32
Io ho una morosa molto carina.	I have a very pretty girlfriend.	0f632a74-d619-56bd-b594-c739d54021e6	30	32
Sa parlare in giapponese.	She can speak Japanese.	55b4157e-e586-5db4-9ce5-a35e02538480	25	23
Lei sa parlare in giapponese.	She can speak Japanese.	c6fbc519-c7fa-56c4-88c4-6f54e8106e6c	29	23
Lui sa parlare in giapponese.	He can speak Japanese.	977e9a64-69bb-5ddb-9e7b-23517b28346f	29	22
Sa parlare giapponese.	She can speak Japanese.	cdad6445-3c7e-5053-b2e3-1d3f471cefd1	22	23
Giochiamo un po' a carte.	Let's play cards a while.	0ca38a7d-fd74-5a34-a587-27fa989b4c46	25	25
Un gentiluomo non direbbe una cosa del genere.	A gentleman would not say such a thing.	63913439-ed18-5677-a032-6fac3893c50a	46	39
I compleanni sono importanti.	Birthdays are important.	11b1bdad-6b02-5067-9750-7a7abe105b7e	29	24
Sono venute circa venti persone alla festa.	About twenty people came to the party.	2e14440f-95db-5efb-93c3-be004a88614d	43	38
Tom e Mary sono partiti assieme.	Tom and Mary left together.	a16fef32-0c0b-50e8-b8a6-f91aee6b29e7	32	27
A Tom e Mary piace giocare a badminton.	Tom and Mary like to play badminton.	16cfa9b7-d368-526c-9ab0-5dc765861c83	39	36
Tom e Mary vivono nella stessa casa.	Tom and Mary live in the same house.	d99d666f-e909-590d-87b3-c7dda27746af	36	36
Tom e Mary vivono nella stessa via.	Tom and Mary live on the same street.	6a13bf42-b91f-5a24-a649-9b35e2723584	35	37
Tom e Mary si sono guardati e hanno riso.	Tom and Mary looked at each other and laughed.	0edba7a0-287f-5080-805e-23b43af644c6	41	46
Tom e Mary si guardarono e risero.	Tom and Mary looked at each other and laughed.	4dd36daf-b757-5990-a102-d8fb9d44c10d	34	46
Tom e Mary si guardarono e sorrisero.	Tom and Mary looked at each other and smiled.	ca6da4b2-c715-5be6-8572-6778180ad1c1	37	45
Tom e Mary si sono guardati e hanno sorriso.	Tom and Mary looked at each other and smiled.	2f11e86f-0624-591b-bf97-42e88af69720	44	45
Questa è una questione d'importanza capitale.	This is a matter of the utmost importance.	28ee2ec8-0e26-5105-8e36-e49c89988e89	45	42
Stai a guardare.	Stay and watch.	464ee74b-b641-52e4-bf0c-8ab13beb7df2	16	15
State a guardare.	Stay and watch.	8fd71fa6-eda1-5c9d-890c-03921b01d363	17	15
Stia a guardare.	Stay and watch.	304f0aa7-35d7-5798-b62e-914362f69f51	16	15
Hai usato un preservativo?	Did you use a condom?	b7cc8036-39c4-5fd5-a504-809d9c8729e1	26	21
Ha usato un preservativo?	Did you use a condom?	2aa6b46b-a5d3-5459-b8b5-eed4c93d382f	25	21
Avete usato un preservativo?	Did you use a condom?	3aae451a-bfa7-5d8b-818f-9306a3bcccc8	28	21
Tom ha perso il controllo della classe.	Tom has lost control of the class.	a121016e-7418-5c80-9e6a-8d0a4882a3e9	39	34
La prigione di Alcatraz è stata chiusa nel 1963.	The Alcatraz prison was closed in 1963.	0fa51ec7-68a9-57fe-9d57-f748ded7fa88	48	39
Baci!	Kisses!	2cea4a27-09d5-52c7-b416-90a1967ef9de	5	7
Ho un esame domani.	I have an exam tomorrow.	b499d438-cee5-5a59-b5e8-2dba8132628c	19	24
Io ho un esame domani.	I have an exam tomorrow.	b0f179c7-8772-57d2-87d4-4cd665a1b314	22	24
Tom e Mary si parlano in francese.	Tom and Mary speak to each other in French.	7794e190-c5c2-5bfe-98e5-9b13b46c8645	34	43
Tom e Mary hanno chiamato il loro figlio John.	Tom and Mary named their baby John.	40fd11b2-2254-55b1-8910-e5e1d8838eb9	46	35
Tom e Mary di solito si parlano in francese.	Tom and Mary usually speak French to each other.	6cb4c794-8f52-57d3-bea9-4596e6c07f60	44	48
Tom e Mary solitamente si parlano in francese.	Tom and Mary usually speak French to each other.	0e5f2c26-c51e-52fa-bb0a-0330d4f44eae	46	48
Un lettore attento si sarebbe accorto dell'errore.	A careful reader would have noticed the mistake.	fdb8778c-3a19-5bc2-a389-fa31af975124	50	48
Il mio cuore è verde e giallo.	My heart is green and yellow.	ad3809cb-dbe7-5d68-8db0-7e4f03412f36	30	29
Si è impietosita di lui.	She took pity on him.	4e99b9ea-151c-53bb-8209-924bd15567c7	24	21
Lei si è impietosita di lui.	She took pity on him.	a1d83aa3-7c6a-56c5-b9c0-f4ac75911822	28	21
Si impietosì di lui.	She took pity on him.	0f075a0a-016a-551a-95c1-c28786c58bfd	20	21
Lei si impietosì di lui.	She took pity on him.	b40bace1-2416-5b52-95ff-7b0b8e02a28a	24	21
Tom e Mary vogliono vederci.	Tom and Mary want to see us.	1fcf8e67-437e-5fbc-b4df-167f0a527a95	28	28
Tom e Mary vogliono parlarti.	Tom and Mary want to talk to you.	2dfdfd67-af10-5c64-baf6-a217ef556c81	29	33
Tom e Mary vogliono parlarvi.	Tom and Mary want to talk to you.	5703b468-218e-50d1-9fd7-d80df76e9c20	29	33
Tom e Mary vogliono parlarle.	Tom and Mary want to talk to you.	9d76f1a9-e629-54ee-a2fc-09a2d96f26f5	29	33
Tom e Mary vogliono vederti.	Tom and Mary want to see you.	33c8ea55-3dac-553e-98c4-7ad2b619736f	28	29
Tom e Mary vogliono vedervi.	Tom and Mary want to see you.	0e68248b-beae-5a58-8bc3-747ce94d40f8	28	29
Tom e Mary vogliono vederla.	Tom and Mary want to see you.	13e86374-9872-5703-acbf-079ed3d2f8a4	28	29
Tom e Mary una volta lavoravano assieme.	Tom and Mary used to work together.	f8f47757-512d-516b-9397-25bdac45013d	40	35
Tom e Mary hanno smesso di baciarsi.	Tom and Mary stopped kissing.	eff079b8-efa3-5de1-ba22-bd22badcc8e8	36	29
Tom e Mary smisero di baciarsi.	Tom and Mary stopped kissing.	8ca5ecf2-7a70-5b92-bc83-0e8f40af2dfa	31	29
Tom e Mary sono andati fuori.	Tom and Mary went outside.	ef6f27b4-adf8-5df2-9746-446caa3af4f7	29	26
Tom e Mary sono andati di fuori.	Tom and Mary went outside.	b88dbcb2-60b2-597b-9729-150d9089d2b8	32	26
Tom e Mary erano da soli a casa.	Tom and Mary were alone at home.	d0cb5958-028b-5177-8c15-847ab984f9f0	32	32
Tom e Mary sono andati a pescare assieme.	Tom and Mary went fishing together.	c2e9e8bb-7769-530f-8e6b-aa9a9362b142	41	35
Tom e Mary erano da soli nella stanza.	Tom and Mary were alone in the room.	7e9e6f02-593f-583a-8bb4-b99e87bdf2a3	38	36
Tom e Mary erano da soli nel parco.	Tom and Mary were alone in the park.	5ddb0346-0bab-54cc-ac33-ec22b146a19a	35	36
Tom e Mary erano da soli nell'ascensore.	Tom and Mary were alone in the elevator.	975b9933-4ad2-52ac-a358-d2b3714c13fa	40	40
Anche Tom e Mary erano nella stanza.	Tom and Mary were also in the room.	639e19f8-8e56-5f5b-90bd-d1a90d1bba8e	36	35
Anche Tom e Mary erano lì.	Tom and Mary were also there.	dec5978c-9620-5953-86fc-56d490685869	26	29
Non riusciva a resistere.	She couldn't resist.	65295bf0-5e42-5a7a-bf41-70a32c89bc86	25	20
Lei non riusciva a resistere.	She couldn't resist.	5c0d2bbd-9e48-557e-a231-8f55c4d3609b	29	20
Non poteva resistere.	She couldn't resist.	dfef99e0-474d-514d-90b6-1516b978b667	21	20
Lei non poteva resistere.	She couldn't resist.	a3cf6fdc-e956-5233-bde1-894164ee50e7	25	20
Non mi piace molto parlare di Tom.	I don't really like to talk about Tom.	65944023-b588-5515-9393-5b6bd39090f2	34	38
A me non piace molto parlare di Tom.	I don't really like to talk about Tom.	fa14efb2-5362-55cc-b081-5771efaeb1bc	36	38
Potresti ripeterlo?	Could you repeat that?	e100fa51-0184-5d64-a7b3-98036ddc0110	19	22
Potreste ripeterlo?	Could you repeat that?	fd72ab9c-46b2-5358-9f88-6884d11d75a4	19	22
Potrebbe ripeterlo?	Could you repeat that?	5ba55ff3-9a54-5634-831a-71f0aa91e780	19	22
A loro piacciono le mele.	They like apples.	3e918b61-f8e1-5468-9a73-763605e79cba	25	17
Benvenuto a bordo!	Welcome aboard!	21813b7a-6a50-5fae-9043-83903e31ee6e	18	15
Benvenute a bordo!	Welcome aboard!	55c44df6-2261-5cf2-98a8-c6ca65cfc4fc	18	15
Benvenuta a bordo!	Welcome aboard!	ccd20b39-5646-5f9c-a907-bcf56dcdfcb0	18	15
Devo pagare il conto.	I have to pay the bill.	ab1cb411-a670-5a0c-b404-f8868cfe69db	21	23
Io devo pagare il conto.	I have to pay the bill.	3bf4600a-ae82-5d44-a877-d5f6e4d5c29e	24	23
Marcus è diventato un usurpatore.	Marcus became a usurper.	9e85217a-b4d8-557d-b024-87742ea7ffea	33	24
Marcus diventò un usurpatore.	Marcus became a usurper.	7cc077cd-eb43-5b03-9a0a-78d317879b8b	29	24
Ha messo il libro sul tavolo.	He put the book on the table.	a87a5953-8134-5eab-9082-10c4d4beacbe	29	29
Lui ha messo il libro sul tavolo.	He put the book on the table.	7a31f4ec-6f42-5ce6-b8c8-43371fbd54cf	33	29
Tom e Mary erano entrambi sorpresi.	Tom and Mary were both surprised.	4f235442-bfd6-5bdf-9785-cc45e06e6a3e	35	33
Sia Tom che Mary erano sorpresi.	Tom and Mary were both surprised.	85c5759d-97b7-5c6f-bc39-4d8a1ad02200	32	33
Tom e Mary erano in giardino.	Tom and Mary were in the garden.	50446c09-7d7d-5613-a056-bd791eabdaaa	29	32
Ogni uomo non può essere un bravo pianista.	Every man cannot be a good pianist.	c534b2ef-3111-5d41-b2a6-ff862ccb8e2f	43	35
Tom e Mary stavano ballando assieme.	Tom and Mary were dancing together.	d49bf3bf-1712-57be-b565-0be4c9d12b81	36	35
Tom e Mary stavano danzando assieme.	Tom and Mary were dancing together.	0a152c1e-7a76-55b9-b56a-6a6683f4b049	36	35
Tom e Mary stavano parlando in contemporanea.	Tom and Mary were both talking at the same time.	1eb59755-a9cd-5610-88ad-eccd9c9a2d84	45	48
Quanti di voi ci sono?	How many of you are there?	b0207821-beda-5718-9bcc-7a92873b5851	22	26
Quante di voi ci sono?	How many of you are there?	a6b155cc-47a6-5618-96ec-23c26e9df929	22	26
Il documento è stato copiato fedelmente.	The document was copied exactly.	774ec795-e6c7-5a81-a3d1-d5a44bb53cbe	40	32
Potrebbe spegnere le luci?	Could you turn off the lights?	9dadf897-b393-5a75-8cb4-68b5de2b63f0	26	30
Tom e Mary non stavano parlando in francese.	Tom and Mary weren't speaking French.	c18aa76d-af4f-5b63-9429-69866ea7737c	44	37
Tom ha risposto alla mia domanda.	Tom answered my question.	1480340f-78b0-5b24-8e6b-2e3866f245cf	33	25
Tom rispose alla mia domanda.	Tom answered my question.	06720dfe-dc26-5a86-bc04-9ca2668ea18e	29	25
Tom e Mary si stavano parlando.	Tom and Mary were talking to each other.	698d05b2-583f-59f7-9f57-ea71d5e97bb5	31	40
Tom e Mary andranno con me.	Tom and Mary will go with me.	cd66f8af-2e1f-5e62-adf8-d671049f5c28	27	29
Tom ha risposto a tutte le domande di Mary.	Tom answered all of Mary's questions.	b835f6da-d3f0-5cee-af39-1258a268669d	43	37
Tom rispose a tutte le domande di Mary.	Tom answered all of Mary's questions.	1ecd400c-207d-590a-bdf8-751e6f939697	39	37
Tom ha risposto a tutte le nostre domande.	Tom answered all our questions.	6c1d0aea-7f4f-54a9-ac2e-af8d6a84ef53	42	31
Tom rispose a tutte le nostre domande.	Tom answered all our questions.	c51e2b20-3821-5399-bf72-37a37ba36005	38	31
Tom ha risposto attentamente.	Tom answered carefully.	ed6a7e75-6f63-5609-8947-09b8090efcf2	29	23
Tom rispose attentamente.	Tom answered carefully.	c116ca36-c12b-56bd-b408-d4d36ac2aa09	25	23
Tom ha risposto con attenzione.	Tom answered carefully.	f4f28f86-7877-57d9-8815-a7c0170d5b8f	31	23
Tom rispose con attenzione.	Tom answered carefully.	31ee89e3-a076-5876-9ee7-7ecb20278e62	27	23
Partiremo domani.	We'll be leaving tomorrow.	8628aa59-da77-52a4-824f-710e2ce35e34	17	26
Noi partiremo domani.	We'll be leaving tomorrow.	889906ee-65ad-5bf6-b605-6124860da43d	21	26
Lui può partire domani.	He can leave tomorrow.	4af76746-e607-5fea-a303-2fb30908ab6d	23	22
Riesci ad essere pronto per partire domani?	Can you be ready to leave tomorrow?	069c07bd-1f01-573b-ac47-dc9a4b6eccbb	43	35
Riesci ad essere pronta per partire domani?	Can you be ready to leave tomorrow?	688953dd-f175-5ba9-b224-cd3e0cb8b070	43	35
Riesce ad essere pronto per partire domani?	Can you be ready to leave tomorrow?	66d15395-4a3a-53fe-8ea0-a3f45ae5bcf6	43	35
Riesce ad essere pronta per partire domani?	Can you be ready to leave tomorrow?	34c17ff9-3efb-5556-93d5-eb495dfca511	43	35
Riuscite ad essere pronti per partire domani?	Can you be ready to leave tomorrow?	ce84469c-0cbe-55a7-89f0-62559590e60c	45	35
Riuscite ad essere pronte per partire domani?	Can you be ready to leave tomorrow?	0002fc26-38c7-5545-b080-c48c2f1df349	45	35
Puoi partire domani.	You can leave tomorrow.	08e14d22-5efa-5ab9-a886-aad9f97cf7aa	20	23
Tu puoi partire domani.	You can leave tomorrow.	11f0499d-31c8-5a6c-85c5-5f09698685ba	23	23
Potete partire domani.	You can leave tomorrow.	792db464-7b14-543c-881d-c60ff50f32a9	22	23
Voi potete partire domani.	You can leave tomorrow.	69864460-2eb9-5cbd-9fd6-02d8b0502714	26	23
Il test di mercoledì sarà difficile.	Wednesday's test will be difficult.	6955ea2d-7ba6-5160-9fb6-b7603262bb5f	36	35
L'esame di mercoledì sarà difficile.	Wednesday's test will be difficult.	a09c61a4-37c7-5083-b9a8-5fa83f0901e9	36	35
Ho chiamato e ho fatto finta di essere Tom.	I called and pretended I was Tom.	70ea8d0a-fd0e-5f76-864a-512b644a6cbf	43	33
Io ho chiamato e ho fatto finta di essere Tom.	I called and pretended I was Tom.	438a7b72-3824-5b3a-8209-19b32fc63db2	46	33
Ti ho chiamato perché mi serve un favore.	I called you because I need a favor.	fd2b6380-e223-5c0b-80c0-764906f85d1b	41	36
Ti ho chiamato perché ho bisogno di un favore.	I called you because I need a favor.	57d7922a-b867-5198-931f-aa3b6d709bca	46	36
Ti ho chiamata perché mi serve un favore.	I called you because I need a favor.	5ca721bd-a88b-5c65-b12c-2a529bef55ed	41	36
Ti ho chiamata perché ho bisogno di un favore.	I called you because I need a favor.	5f3cd322-93ff-52ac-9062-cda200a40e8b	46	36
Vi ho chiamati perché mi serve un favore.	I called you because I need a favor.	b65395ec-9151-5253-8f54-6b272dc282ad	41	36
Vi ho chiamati perché ho bisogno di un favore.	I called you because I need a favor.	d6864bd0-b089-599b-992c-661c7250271a	46	36
Vi ho chiamate perché mi serve un favore.	I called you because I need a favor.	8d0918be-80d5-516a-85ac-d8acae415486	41	36
Vi ho chiamate perché ho bisogno di un favore.	I called you because I need a favor.	dfc6dc28-8501-5814-9a89-8496a9ee444c	46	36
L'ho chiamata perché mi serve un favore.	I called you because I need a favor.	f59e9724-f84c-5e1f-88fc-ac6803b79f6f	40	36
L'ho chiamata perché ho bisogno di un favore.	I called you because I need a favor.	7de5e15c-5cda-5714-9449-f889b8cbc957	45	36
L'ho chiamato perché mi serve un favore.	I called you because I need a favor.	77a27c44-e2cd-52d0-9b31-de87cc52cacf	40	36
L'ho chiamato perché ho bisogno di un favore.	I called you because I need a favor.	5e6a0a38-6bc3-5a37-a6b1-0b17fa98f489	45	36
Mi dispiace di averti chiamato bugiardo.	I'm sorry I called you a liar.	f9698b6c-4856-56f8-a90f-217ba9ed2af6	40	30
Mi dispiace di averti chiamata bugiarda.	I'm sorry I called you a liar.	19a9d8c4-de5e-5ea6-b7f9-a07afec946ee	40	30
Tom è arrivato presto stamattina.	Tom arrived early this morning.	b1e27547-c6e0-5587-9647-9aaca8259224	33	31
Tom è arrivato presto questa mattina.	Tom arrived early this morning.	9c2535f3-d2fd-5933-aa41-90ad9bf4b1b0	37	31
Tom è arrivato in macchina.	Tom arrived by car.	19109684-9d82-51e3-8d5b-27776fd553f3	27	19
Tom è arrivato otto giorni fa.	Tom arrived eight days ago.	dd29c2d2-2efe-5f3d-8304-9b00e322b607	30	27
Tom è arrivato alle 2:30.	Tom arrived at 2:30.	1c9e5ac0-a06d-5a2f-9127-0b27ed6c3aad	25	20
Tom si è scusato ancora.	Tom apologized again.	887d7f18-4878-5834-b43c-398060a08042	24	21
Tom si è scusato di nuovo.	Tom apologized again.	8e0ed9e6-361e-5cdc-9fcd-d0e86f3b7f04	26	21
Tom si scusò ancora.	Tom apologized again.	0bc20c70-017a-5d53-95e3-441af0138de7	20	21
Tom si scusò di nuovo.	Tom apologized again.	d7a5f9b0-75f0-51cf-ba9a-80da02d9e583	22	21
Il fumo è la causa maggiore del tumore ai polmoni.	Smoking is the major cause of lung cancer.	5b42a8cc-0274-5a3b-929e-2d198cbeffc1	50	42
Tom è arrivato a Boston alle 2:30.	Tom arrived in Boston at 2:30.	890de5d4-7cd3-543a-8124-59562b7a7a8c	34	30
Tom è arrivato a casa alle 2:30.	Tom arrived home at 2:30.	7bed325a-16f5-5bb9-a07e-1f4c505367fb	32	25
Tom arrivò a casa alle 2:30.	Tom arrived home at 2:30.	6bc3c72c-dc6a-553b-ab92-c7ee88610ec2	28	25
Tom arrivò alle 2:30.	Tom arrived at 2:30.	a73aafdb-45d0-5409-a466-e08aeb572a08	21	20
Tom arrivò in macchina.	Tom arrived by car.	103d5144-9adf-57db-9138-06fd2a57990c	23	19
Tom è arrivato ultimo.	Tom arrived last.	724aa200-2d4b-55b3-8985-aaf4f0ddaedc	22	17
Tom è arrivato per ultimo.	Tom arrived last.	307e1ef6-84fd-5109-a57b-5788cf7fb146	26	17
Tom arrivò ultimo.	Tom arrived last.	0faef69b-734d-5e51-b492-eadc47db05be	18	17
Tom arrivò per ultimo.	Tom arrived last.	61f1210c-8552-5506-896b-ce1912afc817	22	17
Tom è arrivato con tre ore di ritardo.	Tom arrived three hours late.	d679ea75-1765-5d92-ab7a-1d33bad9464b	38	29
Tom arrivò con tre ore di ritardo.	Tom arrived three hours late.	c81fcfe6-05a7-5ae1-9a8d-c765875e78de	34	29
Tom è arrivato con tre minuti di anticipo.	Tom arrived three minutes early.	38dde48d-2e02-5784-9e42-389362a46daf	42	32
Tom arrivò con tre minuti di anticipo.	Tom arrived three minutes early.	2392d305-0213-5093-a767-aae1291c2e86	38	32
Tom è arrivato ieri.	Tom arrived yesterday.	26691185-60e2-5943-b92f-c72885a8ca78	20	22
Tom è arrivato a Boston la scorsa notte.	Tom arrived in Boston last night.	a91bf800-72aa-56ab-a6a0-b2e73b6ba98e	40	33
Tom non è timido.	Tom isn't shy.	abaf2380-084a-5e57-a9a4-81b18aa0e8c7	17	14
Tom non è malato.	Tom isn't sick.	535cb8f6-3c31-551c-9fad-4ea3481a4b17	17	15
Tom non è ammalato.	Tom isn't sick.	d25da4c5-d854-5b62-90a4-879da94c42f9	19	15
Tom adesso non sta studiando il francese.	Tom isn't studying French now.	9795a81b-6ae1-5016-a26d-12e727167094	41	30
Tom non sta studiando il francese ora.	Tom isn't studying French now.	dd919660-e0ff-57c9-8260-9c3faea955ea	38	30
Tom non sta studiando il francese adesso.	Tom isn't studying French now.	6f4b07f8-cb9e-5895-8066-273495882643	41	30
Tom non sta sorridendo.	Tom isn't smiling.	26bf7c8e-a860-5203-bd97-a3a9a74d324b	23	18
Tom non è stupido.	Tom isn't stupid.	b6afa25c-2bf8-5628-87f5-3d5feee9efac	18	17
Tom non sta parlando.	Tom isn't talking.	e07f10d5-feba-52a0-bbf5-66ddae057729	21	18
Tom non è così alto.	Tom isn't so tall.	e99e9a37-c6a5-5fa1-8365-6398b788dfa2	20	18
Non sono esperto come te.	I'm not as expert as you are.	70acea21-9edf-5d91-9b9c-1386e72edca5	25	29
Non sono esperta come te.	I'm not as expert as you are.	6cf563dd-d401-55f0-a5dd-e137e9de7d6f	25	29
Io non sono esperta come te.	I'm not as expert as you are.	dacce1ed-ea8d-5226-9fa6-1dfae048c13b	28	29
Non sono esperta come voi.	I'm not as expert as you are.	b9f241ab-dd25-5955-b847-801fd4d7769a	26	29
Io non sono esperta come voi.	I'm not as expert as you are.	44e69313-c6ed-59cb-a91e-4e8f532b78e7	29	29
Non sono esperta come lei.	I'm not as expert as you are.	a404bd3c-2946-55aa-aa86-3eb23960a469	26	29
Io non sono esperta come lei.	I'm not as expert as you are.	99b35c87-f12d-5fd8-b7a2-a479c3ca474a	29	29
Non sono esperto come lei.	I'm not as expert as you are.	e04aff17-7225-5f26-811a-a9eb3961413c	26	29
Io non sono esperto come lei.	I'm not as expert as you are.	b3566e74-98e3-5928-a02a-228359e05e92	29	29
Non sono esperto come voi.	I'm not as expert as you are.	def5b8b5-ef19-56c6-95ce-3e6388b56abb	26	29
Io non sono esperto come voi.	I'm not as expert as you are.	1d32ce12-5db2-5d64-96ad-faca5d546ccb	29	29
Tom sta indossando un cappello.	Tom is wearing a hat.	5fc9ae82-f239-5c61-909f-23fc1cbb0c7c	31	21
Tom sta guardando la TV.	Tom is watching TV.	e38ce6bc-cffc-5410-a688-a18382162eb0	24	19
Tom è bagnato.	Tom is wet.	1342fb06-fa0f-5781-9ba5-d45986c6041c	14	11
Tom è saggio.	Tom is wise.	313d887e-3731-579a-a44d-ff1832af712c	13	12
Tom è meraviglioso.	Tom is wonderful.	31249996-51c7-57c2-840a-34e44450a37b	19	17
Tom ha comprato una macchina fotografica ieri.	Tom bought a camera yesterday.	3f4cb827-dcdb-5cb0-bafd-0c067953f19d	46	30
Tom ha comprato un regalo per Mary.	Tom bought a gift for Mary.	7b8f4172-0dde-5be4-afaa-fb8d923980b7	35	27
Tom comprò un regalo per Mary.	Tom bought a gift for Mary.	34b1e931-a120-5867-a3d9-fdf4de29d262	30	27
Tom ha comprato una macchina fotografica nuova.	Tom bought a new camera.	eeba6163-30d0-559d-afa1-06b6a943426d	47	24
Tom comprò una macchina fotografica nuova.	Tom bought a new camera.	2df0777c-5085-51a0-9dbb-931854e9cde5	42	24
Tom ha comprato una casa con sei stanze.	Tom bought a house with six rooms.	c3ba782a-8bf2-5cf8-b9cd-fcb42269b40a	40	34
Tom comprò una casa con sei stanze.	Tom bought a house with six rooms.	f2e02c3b-7ce6-512d-b6ad-3979de81e55e	35	34
Tom comprò una macchina fotografica molto costosa.	Tom bought a very expensive camera.	c1bd8609-beac-5a44-9d58-ab21b1cbbfc1	50	35
Non dimenticare di rispondere alla sua lettera.	Don't forget to answer his letter.	896f9c00-0fb4-54c2-bef4-5ba1358c1a03	47	34
Non dimenticarti di rispondere alla sua lettera.	Don't forget to answer his letter.	503136c1-176c-53fe-9358-6ea4283b3792	48	34
Non dimenticate di rispondere alla sua lettera.	Don't forget to answer his letter.	489f8649-a32c-5a60-8f7d-bf1df88b19c3	47	34
Non dimenticatevi di rispondere alla sua lettera.	Don't forget to answer his letter.	6c156389-b007-5ae2-b5ab-286fc480ddac	49	34
Non dimentichi di rispondere alla sua lettera.	Don't forget to answer his letter.	19065458-8c90-568d-b530-edb344022594	46	34
Non si dimentichi di rispondere alla sua lettera.	Don't forget to answer his letter.	e875a565-81b1-5989-b0b7-8d08082fef45	49	34
Io devo andare a dormire.	I have to go to sleep.	d31e9e52-64c7-593b-92d4-0951e8fbad0b	25	22
Devo dormire.	I have to sleep.	ab2e1065-49f0-5fbc-80d1-2c04fa3754b1	13	16
Io devo dormire.	I have to sleep.	ef5de66e-20fe-5889-a6ca-2085c46eaffe	16	16
Ho bisogno di andare a dormire.	I need to go to sleep.	893c5fb2-7736-50e5-9d41-50b4084d6c9c	31	22
Io ho bisogno di andare a dormire.	I need to go to sleep.	e568315a-b628-5c5f-9de9-8f66b6ee6453	34	22
Tom ha comprato per Mary una macchina fotografica.	Tom bought Mary a camera.	3b155f48-93da-579c-8a09-b8f0c0eb5e9c	50	25
Tom comprò per Mary una macchina fotografica.	Tom bought Mary a camera.	f3d76c00-8e40-5438-b708-0b1cd5dbb435	45	25
Dormire è sicuramente la miglior perdita di tempo.	Sleeping is certainly the best waste of time.	a2a03cc0-3bb8-55f4-bd32-9acf6e53d8cd	50	45
Può essere fatale.	It can be fatal.	61d813fb-cf23-512a-97d7-7fa0ec17d9a5	18	16
Tom comprò dei fiori per Mary.	Tom bought some flowers for Mary.	96a0faeb-577f-5387-a110-21ffeb4734fc	30	33
Tom ha comprato dei regali per i suoi figli.	Tom bought presents for his children.	9c5ef2f6-0931-5fb6-813f-199d9f8c4f92	44	37
Tom comprò dei regali per i suoi figli.	Tom bought presents for his children.	53afdd94-ed3c-5f36-bb8b-9af285897bad	39	37
Tom si è comprato una macchina fotografica.	Tom bought himself a camera.	b987a140-0ff6-5beb-9974-9ad699d5aacc	43	28
Lui quanti libri ha?	How many books does he have?	a27a65f0-83bd-521e-b3e9-2c472fb063ef	20	28
Quanti libri ha lui?	How many books does he have?	a9f66fd4-bbb6-5de7-be33-2fa9f5ef67b8	20	28
Tom si è rotto la gamba.	Tom broke his leg.	3f137e17-5a6c-5510-8515-746460f37b55	24	18
Tom ha rotto gli occhiali.	Tom broke his glasses.	ccf51d55-8ed1-5e71-9a9b-8b17a209d8f9	26	22
Tom ruppe gli occhiali.	Tom broke his glasses.	a037b9fc-b9b4-519c-9673-107068091c77	23	22
Tom si ruppe la gamba.	Tom broke his leg.	8cc6f9db-5e92-5ef1-965c-be4e5a7f598e	22	18
Tom l'ha rotto.	Tom broke it.	bdb534bd-4278-5242-84bd-71754ee88f9b	15	13
Tom l'ha rotta.	Tom broke it.	268e39ac-c14d-5936-ae88-fb02145b4c66	15	13
L'ha rotto Tom.	Tom broke it.	60f22db5-8657-5bb7-a008-12d7bb55a90d	15	13
L'ha rotta Tom.	Tom broke it.	82c8d378-a29f-544b-a3f9-5e383c6016b2	15	13
Tom ruppe la finestra.	Tom broke the window.	222d3ad9-49c5-502a-8c2c-b8dd61d52f7c	22	21
Tom ha portato a Mary un regalo.	Tom brought Mary a gift.	a658a333-c3b2-5107-9004-3bf6795b8b9b	32	24
Tom portò a Mary un regalo.	Tom brought Mary a gift.	c1d50131-2f79-5f42-bcc3-73e0f53920e0	27	24
Tom ha portato dei fiori.	Tom brought flowers.	01453866-d041-5077-abb0-a4cf2059c9b2	25	20
Tom portò dei fiori.	Tom brought flowers.	e23d88af-4ca1-579e-b45f-63166129e7bc	20	20
Tom ha portato un regalo per Mary.	Tom brought a gift for Mary.	896b2c9e-1194-5a71-a8ca-3d2eb59eab7d	34	28
Tom portò un regalo per Mary.	Tom brought a gift for Mary.	4f85bf5f-af98-51ca-9e9b-3cda3553481e	29	28
Tom si è lavato i denti e la faccia.	Tom brushed his teeth and washed his face.	f53088dc-336d-5b16-8b8a-9fdc2067d2fa	36	42
Tom si lavò i denti e la faccia.	Tom brushed his teeth and washed his face.	b3caf541-4e53-55df-8d09-2ae92ded8a85	32	42
Tom ha chiamato Mary una bugiarda.	Tom called Mary a liar.	ca1f35fe-5f1c-5345-b22e-a1df0be6e532	34	23
Tom ha chiamato Mary invece di John.	Tom called Mary instead of John.	d1b4022f-ff25-5839-a778-cdce34fa3d0e	36	32
Tom ha chiamato Mary intorno alle 2:30.	Tom called Mary at about 2:30.	9a2293e2-ccf9-5d9e-b55c-e0bc96fa38f6	39	30
Tom ha chiamato Mary verso le 2:30.	Tom called Mary at about 2:30.	9a93eb96-c5ed-597c-b951-fd4382b7cf6e	35	30
Tom mi ha chiamata da Boston.	Tom called me from Boston.	87a134fa-70ba-5897-938b-efa56d982d3f	29	26
Tom mi chiamò da Boston.	Tom called me from Boston.	12e377e4-d601-5932-ac00-bfe6eeb1377c	24	26
Tom è venuto da solo.	Tom came alone.	0b8431ed-309c-5121-916a-ac02f4cf63d7	21	15
Tom venne da solo.	Tom came alone.	bcab983f-3997-5612-827d-adcc45b5eced	18	15
Tom mi chiamò.	Tom called me.	5b0e057c-6d05-556b-a4cb-3ac1e0519081	14	14
Mi chiamò Tom.	Tom called me.	40fce143-2f43-57cc-abcd-9e615cdef812	14	14
Tom mi ha chiamato.	Tom called me.	2561098d-7ff0-5add-8b51-cef20899f1af	19	14
Tom mi ha chiamata.	Tom called me.	563c9731-61ca-5ab8-8259-46fda94cbf36	19	14
Mi ha chiamato Tom.	Tom called me.	bf959cb3-3577-5323-81cb-a037ca5d8e34	19	14
Mi ha chiamata Tom.	Tom called me.	897d2c91-d9ae-5d98-98d8-3e714bda40ed	19	14
Tom mi ha chiamato questo pomeriggio.	Tom called me this afternoon.	1a57a126-3a12-5fd9-b4b2-e0f844342da6	37	29
Tom mi ha chiamata questo pomeriggio.	Tom called me this afternoon.	4ff004f8-2084-52f0-82d3-ca7feb5720b9	37	29
Mi ha chiamato Tom questo pomeriggio.	Tom called me this afternoon.	917f45ad-89c2-56de-ae2b-a24da8522524	37	29
Mi ha chiamata Tom questo pomeriggio.	Tom called me this afternoon.	46211912-568a-58f8-80a9-1438e6b1ab20	37	29
Ha chiamato Tom.	Tom called.	7f649d4f-3515-56bc-a9e0-2a951d5c9606	16	11
Leggi questa storia!	Read this story!	f1a5b230-6b5f-5648-82dc-fb819c14fc95	20	16
Legga questa storia!	Read this story!	5f69f9a7-9c1b-59cb-8cd7-080a9b4de11b	20	16
L'ho chiamata Cathy.	I called her Cathy.	efa0a10a-1d7a-51d1-8261-dc073a1bfe2b	20	19
Io l'ho chiamata Cathy.	I called her Cathy.	cbd1c7d9-1a73-5ad9-ba10-1b5a47b4d330	23	19
La chiamai Cathy.	I called her Cathy.	170a0985-0a3a-5564-b521-d050d2be9b33	17	19
Io la chiamai Cathy.	I called her Cathy.	d43d59bd-2a41-523f-9448-f48e3631e009	20	19
Tom è venuto presto.	Tom came early.	245e4368-70b9-5fc4-92f9-3aaf7ba2df8a	20	15
Tom è venuto qui da solo.	Tom came here alone.	131906ee-16b5-524f-bb48-18d04b51245d	25	20
Tom venne qui da solo.	Tom came here alone.	56eb2350-e3ed-54e0-a747-2cca39b01dba	22	20
È tornato Tom.	Tom came back.	9bb93032-c785-51ae-8e01-eb635d8d4829	14	14
Tom è venuto in macchina.	Tom came by car.	407790f1-b56a-57f1-ad45-de3baacfc58d	25	16
Tom è tornato a casa presto ieri.	Tom came home early yesterday.	2f3883cb-19e7-56bf-8349-2d9eec25ef1a	33	30
Tom è venuto qui ieri.	Tom came here yesterday.	e584a700-944f-5ccd-bd26-064d901f3bef	22	24
Tom è venuto qui.	Tom came here.	b27e853a-5b7a-52ce-911d-085a49c4bdb6	17	14
Tom è venuto qui per studiare il francese.	Tom came here to study French.	103a0f2b-90fa-541c-9993-1fb0ca92eea4	42	30
Tom è venuto qui per usare il mio computer.	Tom came here to use my computer.	77b0d6dc-d1ff-5b25-9e3f-67869a4ac50a	43	33
Tom è venuto qui per utilizzare il mio computer.	Tom came here to use my computer.	6586e201-82c8-5a97-9194-c6b0252fb975	48	33
Tom è venuto dentro.	Tom came inside.	c8bb99fe-9ef5-55d7-b2fb-e3d8b0ad5c0c	20	16
Tom è venuto a casa.	Tom came home.	471e7af7-1a7c-553f-b774-e349e0ee1709	20	14
Qual è il serpente più velenoso al mondo?	Which is the most venomous snake in the world?	9565e156-2c4c-540b-827d-860c181262bb	41	46
Voglio che tu vada subito a Osaka.	I want you to go to Osaka at once.	bfcb0770-8e9b-50e0-bf75-6372a4355d5a	34	34
Voglio che lei vada subito a Osaka.	I want you to go to Osaka at once.	d87c0e52-678d-52d3-8e63-14670883b6f4	35	34
Voglio che voi andiate subito a Osaka.	I want you to go to Osaka at once.	9d0095d9-3e44-5642-a57a-436c50826de9	38	34
Tom è in città.	Tom is in town.	7a933dc9-e7ec-5d70-b3f1-b3f913f4ae69	15	15
Mi sto sentendo triste a riguardo.	I am feeling sad about it.	67733328-4adb-5e19-b3e8-33e9c13261b9	34	26
Io mi sto sentendo triste a riguardo.	I am feeling sad about it.	d1134d8d-d190-5294-889d-d04e08e7558f	37	26
Mi sento triste di tanto in tanto.	I feel sad every now and then.	38de8c37-aaca-562f-a8f0-873e4ec4944b	34	30
Io mi sento triste di tanto in tanto.	I feel sad every now and then.	e3bdfc21-9219-5eda-ae33-0bab4406ec5a	37	30
Non mi sento triste.	I do not feel sad.	eb451c02-5af2-5272-9bf2-a6eedcc7bfba	20	18
Io non mi sento triste.	I do not feel sad.	92b1f531-b63f-5aae-95f2-d4f6ac4ec3dc	23	18
A volte mi sento triste.	At times I feel sad.	e72dcd00-b472-5616-8f6c-7205ee8d132f	24	20
A volte io mi sento triste.	At times I feel sad.	5e2e7ba0-a41a-5447-91d7-3ba77d09cb11	27	20
Io a volte mi sento triste.	At times I feel sad.	af796c83-761d-5c16-87e1-6b0bffdf115b	27	20
Non sentirti triste o a disagio.	Don't feel sad or ill at ease.	d0637f5c-9352-5030-9540-d0cdd1fc4fec	32	30
Lo so che ti senti triste.	I know you feel sad.	5ad73800-5e62-5086-b254-9f59d4d51b0e	26	20
Che tipo di cose ti rendono triste?	What sort of things make you feel sad?	ac52e25a-cfa6-525e-aa69-375aa11bbec8	35	38
Che tipo di cose la rendono triste?	What sort of things make you feel sad?	05fe0687-ec84-5bae-b369-d791176d6fd0	35	38
Che tipo di cose vi rendono tristi?	What sort of things make you feel sad?	745f10c5-a7f5-50f0-891c-d4e84314fd37	35	38
Ti senti mai come un panda triste?	Do you ever feel like a sad panda?	bed62f75-a70d-5e88-9ff7-81ed60cf1dfa	34	34
Tu ti senti mai come un panda triste?	Do you ever feel like a sad panda?	d1a75461-895e-5f54-8faa-36c9e0e8fdab	37	34
Si sente mai come un panda triste?	Do you ever feel like a sad panda?	61a9f7e7-a353-5614-9bbc-a6078bf6a4a9	34	34
Lei si sente mai come un panda triste?	Do you ever feel like a sad panda?	4ca1f71f-3ca6-547e-9266-ec1d1e1fa260	38	34
Vi sentite mai come un panda triste?	Do you ever feel like a sad panda?	4efb21b5-e93c-576f-8724-8714a1a26d8e	36	34
Voi vi sentite mai come un panda triste?	Do you ever feel like a sad panda?	3b501866-6f99-58d8-8e5f-c7f9af58b0ce	40	34
Il corvo è nero come il carbone.	The raven is as black as coal.	e4f02f17-544e-583b-93dd-bf2a6ad64a52	32	30
Tom è venuto a chiederci di aiutarlo.	Tom came to ask us to help him.	965350cb-3649-5ce5-8cb1-ffe65ffff36d	37	31
Io mi sento un po' triste oggi.	I'm feeling a little blue today.	2d4d8d26-9285-5cba-a5de-9d943a9597ea	31	32
Tom è venuto in Giappone dall'Australia.	Tom came to Japan from Australia.	a35a71f0-5c5e-5cda-a7d6-6f5b9233033b	40	33
Tom è venuto nel mio ufficio stamattina.	Tom came to my office this morning.	d3e33211-9be3-5194-8029-27792f66ccd4	40	35
Tom è venuto nel mio ufficio questa mattina.	Tom came to my office this morning.	6204d5cc-516b-5ffd-b8af-94770766d9a7	44	35
È venuto Tom.	Tom came.	733423c9-c897-5034-8b6b-11b2d1f24913	13	9
Venne Tom.	Tom came.	c633509f-b868-5748-8964-a63e9bd38370	10	9
Tom sa cucinare.	Tom can cook.	7f6cc610-300c-5de1-8032-ef2b5eca5d15	16	13
Tom sa guidare.	Tom can drive.	d1a95f09-2947-5df0-be3d-b6ab74dc46e2	15	14
Tom può guidare.	Tom can drive.	3edceccf-0443-5fa8-9828-0e6d5712c4e6	16	14
Tom riesce a guidare.	Tom can drive.	152b6593-ad54-539e-8e5c-07b5dd5f3fb5	21	14
Tom può cucinare.	Tom can cook.	3b18002d-4bc4-5d0e-8972-645285b1c422	17	13
Tom riesce a cucinare.	Tom can cook.	aa3097af-077c-55b3-b5d6-16e0504357e7	22	13
Tom riesce a sentirvi.	Tom can hear you.	b38539ed-d561-53a0-a2fa-bc984361857d	22	17
Tom riesce a sentirti.	Tom can hear you.	51971a6a-c126-51f5-ace0-62a21fc65588	22	17
Tom riesce a sentirla.	Tom can hear you.	36633eb5-4359-555d-9c65-71060554850e	22	17
Tom può andare se vuole.	Tom can go if he wants to.	27634162-bb17-5bf9-8928-a7c015ead550	24	26
Tom riesce a correre velocemente.	Tom can run fast.	e083809f-17f4-5b95-b620-4eaa11bf787b	33	17
Tom sa giocare a tennis molto bene.	Tom can play tennis very well.	156d9dbe-a277-57d7-b98e-9c22e3dc9c7d	35	30
Tom riesce a correre molto più veloce di me.	Tom can run much faster than I can.	0745324c-e390-5c04-a954-43ca4ccc3687	44	35
Anche Tom sa parlare in francese.	Tom can speak French, too.	59b63c05-521b-54fc-adee-ba9dfb5b0239	33	26
Tom sa parlare in francese.	Tom can speak French.	993d1d12-6988-5e8d-bff1-0e000c2bd492	27	21
Tom sa nuotare.	Tom can swim.	8c9d3148-c977-5d5c-800d-06f0000c040e	15	13
Tom sa parlare.	Tom can talk.	21c2106b-7740-5d9b-9125-32752dc920b5	15	13
Tom sa camminare.	Tom can walk.	b08a041e-a93e-5866-acb9-154a52054080	17	13
Tom non riesce a rispondere.	Tom can't answer.	ff458e03-4477-5320-a6d8-a6343195f751	28	17
Tom non può rispondere.	Tom can't answer.	0945012e-7b59-57a0-8f69-9c40cdc20c23	23	17
Tom non riesce a venire.	Tom can't come.	8336ed8e-2e19-595b-9f45-4b7cac5eadf7	24	15
Hai molti libri.	You have a lot of books.	07e02dbe-4062-572b-850a-c3a2489b282b	16	24
Tu hai molti libri.	You have a lot of books.	2ec3d6ff-b889-5f21-bb03-cd2919a0d487	19	24
Avete molti libri.	You have a lot of books.	a8a2712e-6281-598e-93c5-d07252e93fa7	18	24
Voi avete molti libri.	You have a lot of books.	b03305ca-2679-5e59-99a2-6b6d30b7a570	22	24
Tom sa nuotare, vero?	Tom can swim, can't he?	9a076a21-47a1-5420-a46a-858ff7d622d5	21	23
Tom non riesce a trovare un lavoro.	Tom can't find a job.	bb5dc891-db20-59de-a165-be1f2d83d989	35	21
Tom non riesce a spiegarlo.	Tom can't explain it.	9ff74448-3066-558c-b9dd-74ba7cc3163f	27	21
Tom non sa neanche leggere.	Tom can't even read.	e4421b31-5a20-59e7-a510-2c0cdd56663f	27	20
Tom non sa nemmeno leggere.	Tom can't even read.	be063256-873b-5662-9651-cc97aa315144	27	20
Tom non sa neppure leggere.	Tom can't even read.	549af4fb-cb76-578d-887c-086f4ea1ff4b	27	20
Tom non sa ancora guidare una macchina.	Tom can't drive a car yet.	6c8c65b4-90f6-5213-91b0-53aeda3c9b7a	39	26
Tom non sa ancora guidare un'auto.	Tom can't drive a car yet.	f0ad7096-8c54-590e-98a6-24f6fc40e26a	34	26
Tom non sa ancora guidare un'automobile.	Tom can't drive a car yet.	afe07574-3afd-5de5-adca-d1ef49d09996	40	26
Tom non sa guidare un autobus.	Tom can't drive a bus.	c34c63a9-ad6d-5dfb-b401-a59829bc8aa3	30	22
Tom non può guidare un autobus.	Tom can't drive a bus.	e34b2f44-20b3-5e09-bc7a-7133e225ae9d	31	22
Tom non riesce a guidare un autobus.	Tom can't drive a bus.	24b626f4-2631-5338-9f50-d7be1bb71495	36	22
Tom non può fare questo.	Tom can't do this.	d3f8ae83-d2be-55df-9f65-6fa7abf6f451	24	18
Tom non riesce a trovare le sue chiavi.	Tom can't find his keys.	1b36f4f3-b1af-5afd-8eef-ff857f1647fc	39	24
Tom non riesce a trovare il suo biglietto.	Tom can't find his ticket.	d9d3e1d3-a1ce-5d31-9c80-d43f0034bdfa	42	26
Tom non riesce a trovare le sue scarpe.	Tom can't find his shoes.	a42b0f89-3e3d-559e-8985-3dd34b645f44	39	25
Tom non riesce a trovare la sua borsa.	Tom can't find his bag.	bc983c73-7e34-5eb8-8522-bcc4b479c282	38	23
Tom non riesce a trovare il suo orologio.	Tom can't find his watch.	24ef882a-efb9-5614-913f-6ed4776341f5	41	25
Tom non riesce a dimenticare Mary.	Tom can't forget Mary.	aa628a66-89c1-5a90-98a9-f4d8b31d7390	34	22
Tom non riesce a sentire niente.	Tom can't hear anything.	3aefd157-b69f-57b1-a6ad-021a9770b259	32	24
Tom non riesce a sentire nulla.	Tom can't hear anything.	fcd40276-9a3d-5a17-a5ed-5bd037465070	31	24
Tom non può giocare a tennis qui.	Tom can't play tennis here.	f195cea1-cad2-5a9e-9854-2848e71739a1	33	27
Tom non può muoversi.	Tom can't move.	865d83c3-d92f-5a2b-a201-1d440b974d3e	21	15
Tom non riesce a muoversi.	Tom can't move.	b706f37f-dbfe-566c-bb77-07fa97c5016a	26	15
Tom non sa giocare a tennis molto bene.	Tom can't play tennis very well.	5d55e047-6a2e-5f6b-aef2-b545dacfe0b0	39	32
Io gioco a tennis tutte le domeniche.	I play tennis every Sunday.	ce52f106-1170-5494-ad97-304d288210a4	37	27
Gioco a tennis ogni domenica.	I play tennis every Sunday.	d3a65676-de23-5516-b32c-dc375b39825a	29	27
Io gioco a tennis ogni domenica.	I play tennis every Sunday.	7f2edf06-4fd6-5831-8e51-2d75d089572a	32	27
Grazie per la tua assistenza.	Thank you for your assistance.	4b3b486c-4205-5dc7-b2f2-c0b815bf683e	29	30
Grazie per la sua assistenza.	Thank you for your assistance.	f58fb821-3c16-5ca1-9529-a059713fdf86	29	30
Grazie per la vostra assistenza.	Thank you for your assistance.	0fba2831-1ad0-548a-8446-a6ce3d65ab00	32	30
Tom non può aiutarti.	Tom can't help you.	344bd40e-b4a1-5f25-b0f2-849f627803e1	21	19
Tom non può aiutarvi.	Tom can't help you.	c247ad8a-9e93-5107-a645-2d02531a92f8	21	19
Tom non può aiutarla.	Tom can't help you.	14228d6b-c098-5c33-9f46-0f772b87e1d5	21	19
Quel bambino era felice di ricevere il regalo.	That child was happy to get the gift.	3172fbe4-8170-5197-9728-8c7717f501e8	46	37
Un espresso doppio da bere qui.	A double espresso for here.	1625925c-7554-56fa-966e-712c277135d1	31	27
Tom è simpatico.	Tom is likeable.	8ad46b5f-8457-5cd8-a327-a5f753eff50b	16	16
Tom è attraente.	Tom is likeable.	8100688f-5117-55f3-9988-1c416f65e526	16	16
Mia madre mi ha fatto una gonna carina.	My mother made me a cute skirt.	32c1fd62-7c5e-552c-9fc7-e75bb102cb2d	39	31
Aveva solo 100 dollari.	He only had 100 dollars.	cf6bccf1-164d-5bc9-9548-eda8db8a08ce	23	24
Lui aveva solo 100 dollari.	He only had 100 dollars.	c8a0bf87-6b65-5221-9a0a-fa242c075104	27	24
Aveva soltanto 100 dollari.	He only had 100 dollars.	d63ac446-7920-51e6-b480-a192d1bbacf7	27	24
Lui aveva soltanto 100 dollari.	He only had 100 dollars.	b458c8e1-9728-53c0-bf72-4d1c68f4d1c8	31	24
Aveva solamente 100 dollari.	He only had 100 dollars.	55b56c37-d563-5115-8287-d94f2d049719	28	24
Lui aveva solamente 100 dollari.	He only had 100 dollars.	d29bbddd-7d8b-5ea9-95d8-733121d568ad	32	24
Tom non può farmi del male.	Tom can't hurt me.	7c8055c0-0b47-5a07-9885-c3f02bdea087	27	18
Tom non riesce a farmi del male.	Tom can't hurt me.	460caa12-c445-5d46-9f12-13e64474ebdf	32	18
Tom non può ferirmi.	Tom can't hurt me.	c0a1f312-11f8-5807-8520-be453e3fd9af	20	18
Tom non riesce a ferirmi.	Tom can't hurt me.	725bd876-a46f-5baf-b2e6-f16051f1e5d7	25	18
Tom non può aiutarti ora.	Tom can't help you now.	22ddc1ec-dc6e-5ed6-88fd-20443426cf0f	25	23
Tom non può aiutarti adesso.	Tom can't help you now.	0e21a9e2-b92b-51f0-a2a1-b9c65a13441d	28	23
Tom non può aiutarvi ora.	Tom can't help you now.	b3e26ae7-972b-50c0-93e8-8e5b495dcc47	25	23
Tom non può aiutarvi adesso.	Tom can't help you now.	272154ca-88f4-53cd-8dd6-2717b1b15433	28	23
Tom non può aiutarla ora.	Tom can't help you now.	3efd5f09-d713-521e-92b2-a94206f62835	25	23
Tom non può aiutarla adesso.	Tom can't help you now.	a40537eb-12c6-5946-a9a2-51bd9e0526c0	28	23
Tom non riesce ad aiutarla ora.	Tom can't help you now.	bba10989-34e2-523a-bb85-f3656eb63938	31	23
Tom non riesce ad aiutarla adesso.	Tom can't help you now.	c23bea6a-643c-5719-958d-d9b2d1b6aa93	34	23
Tom non riesce ad aiutarvi ora.	Tom can't help you now.	25d676d7-1b43-5642-aebf-d2f33e2439c1	31	23
Tom non riesce ad aiutarvi adesso.	Tom can't help you now.	4b991af8-db3d-523d-8b44-e151988d49a1	34	23
Tom non riesce ad aiutarti ora.	Tom can't help you now.	6e895475-2f44-5497-998f-81f6d4e647a1	31	23
Tom non riesce ad aiutarti adesso.	Tom can't help you now.	a49a1061-60c6-5838-a0ce-53ae4a4d99a9	34	23
Tom è intollerante.	Tom is intolerant.	fa3ac115-7311-5987-acc9-cf880726ab15	19	18
Tom non sa leggere.	Tom can't read.	3cfc0f53-efea-5cea-9a44-305d51fd2843	19	15
Tom non può leggere.	Tom can't read.	f4569492-499b-5be7-964f-07ddb8d1bc22	20	15
Tom non riesce a leggere.	Tom can't read.	0a463c9a-5c67-515c-b3fd-8f6928d18c1b	25	15
Tom non riesce a ricordare niente.	Tom can't remember anything.	be1d4fcb-4be0-5202-afa4-652b9b594c6e	34	28
Tom non riesce a ricordare nulla.	Tom can't remember anything.	2c180228-b036-563f-9785-c5d4c2da20af	33	28
Tom non riesce a leggere senza gli occhiali.	Tom can't read without glasses.	49e3ad6c-e6aa-5e9a-90aa-0f940936f50f	44	31
Tom non sa giocare a tennis.	Tom can't play tennis.	105962ed-b022-5828-8fe4-3bd43c908e27	28	22
Tom non può giocare a tennis.	Tom can't play tennis.	6343a033-953c-51d2-ade9-0c914682ed59	29	22
Tom non riesce a giocare a tennis.	Tom can't play tennis.	8466d0b5-9408-5a40-ac6e-f478f774c84d	34	22
Tom non riesce a ricordare.	Tom can't remember.	a20956e1-dd17-5881-bd06-bcb559239945	27	19
Tom non può vederci.	Tom can't see us.	3f3dedcc-8219-5687-8e74-2bae6e088274	20	17
Tom non riesce vederci.	Tom can't see us.	12660635-ba04-5992-9732-86e0f8b1fed8	23	17
Tom non può restare.	Tom can't stay.	60fc523c-7917-5e53-89ec-fb37617ab583	20	15
Tom non può fermare Mary.	Tom can't stop Mary.	88d70b57-e643-52ff-ab40-dd59cdd13436	25	20
Tom non riesce a fermare Mary.	Tom can't stop Mary.	eacf7122-6cfd-50f4-b4fc-41d732ad1e47	30	20
Tom non può nuotare domani.	Tom can't swim tomorrow.	ced1688f-3f69-5a49-8f49-239823cd93f4	27	24
Tom non riesce a fermarsi.	Tom can't stop.	88a77fa8-4ae1-5615-9231-922e2b099c7c	26	15
Tom non può aspettare.	Tom can't wait.	43d704e0-84f5-57e2-a3bd-4e848b4d4bf3	22	15
Tom non riesce ad aspettare.	Tom can't wait.	499f2a37-c7b8-5dd0-9ab6-844f19c769a2	28	15
Tom non può vincere.	Tom can't win.	794fdec6-411e-5aed-ae64-4b2cdb11f71d	20	14
Tom non riesce a vincere.	Tom can't win.	8e85ba5e-1463-53d4-b0ab-3629ca28d3d5	25	14
Tom è indiscreto.	Tom is indiscreet.	f6d4cbf2-fb52-51e7-9558-a187eebd339f	17	18
Io non ho visto nessuno.	I didn't see anybody.	3c756b47-4140-543c-abce-147729db5c53	24	21
La polizia ha disperso la folla.	The police broke up the crowd.	abc73cb6-930e-5d6b-9902-ba103839b0a0	32	30
La polizia disperse la folla.	The police broke up the crowd.	e0ae05e2-2fd4-511d-a40c-3514df38d2fd	29	30
Tom non può lavorare domani.	Tom can't work tomorrow.	669948ce-3569-5cd7-8bc8-f98197c463f1	28	24
Tom non può parlare.	Tom can't talk.	e4d6e65a-5be9-5002-8c02-78614045e6e0	20	15
Tom non può lavorare stasera.	Tom can't work tonight.	22b6b4d0-9473-5aad-a2d0-4bb4d66e8cc4	29	23
Tom non può lavorare stanotte.	Tom can't work tonight.	967be9b1-d8f1-569c-a8a6-401bfd638863	30	23
Tom non può nuotare.	Tom can't swim.	fcaf8066-8f12-5eec-90de-4ce2900383a1	20	15
Tom non riesce a nuotare.	Tom can't swim.	e4116362-2742-50fe-a0b6-a97f670e8013	25	15
Tom non può lavorare.	Tom can't work.	e4c51239-8d4a-54fe-b844-775d8c7be730	21	15
Tom non riesce a lavorare.	Tom can't work.	95207460-e967-57e6-b43c-f0df9a8944ae	26	15
Tom non può aspettare Mary.	Tom can't wait for Mary.	88eeb6ff-b938-5c79-b68b-0f1c98bbb206	27	24
Tom non riesce ad aspettare Mary.	Tom can't wait for Mary.	db4bae3b-2cb6-54b0-821e-c96bf704e675	33	24
Tom ha chiuso le tende.	Tom closed the curtains.	f486ca14-f3a0-5c22-80ab-d3351de514b2	23	24
Tom chiuse le tende.	Tom closed the curtains.	9ca5e7a7-dfd8-52d8-80a6-834b1146eab4	20	24
Tom ha continuato a piangere.	Tom continued crying.	5a119c46-474b-5421-88f1-41a88d19a0eb	29	21
Tom continuò a piangere.	Tom continued crying.	10990f48-a4b2-5dd5-8589-2a2a5c2678b4	24	21
Tom ha chiuso gli occhi.	Tom closed his eyes.	99acaade-edab-5186-9fd5-d540e619bfb6	24	20
Tom chiuse gli occhi.	Tom closed his eyes.	cbd4f480-e361-5487-b335-e1338e6f0400	21	20
Tom ha pulito la sua stanza lo scorso weekend.	Tom cleaned his room last weekend.	13648d35-a6d8-5d73-9e76-329792fddf66	46	34
Tom ha pulito la sua camera lo scorso weekend.	Tom cleaned his room last weekend.	d37dc691-0c62-51cd-8570-3990e7bb91f1	46	34
Tom ha continuato a mangiare.	Tom continued eating.	01b43412-b1ec-5b3a-8ec5-02fd4efed4d8	29	21
Tom continuò a mangiare.	Tom continued eating.	07921a77-f4e9-5d92-9361-4e3b1e65be51	24	21
Tom ha continuato a suonare.	Tom continued playing.	918ddfef-fd48-5a0e-af51-0cd06890ccc0	28	22
Tom continuò a suonare.	Tom continued playing.	781d46d3-42f5-5d1b-8f12-0859ff315ee8	23	22
Tom ha continuato a giocare.	Tom continued playing.	00c605e0-15f3-5ccb-be22-a51f95b9eb44	28	22
Tom continuò a giocare.	Tom continued playing.	09c44869-8432-5d1c-8749-1332f79031ea	23	22
Tom ha continuato a parlare.	Tom continued speaking.	cd1cc709-a6da-5cf8-a089-e637cc07766b	28	23
Tom continuò a parlare.	Tom continued speaking.	f3167fdd-9fed-59ce-89e2-4eaab3621b0a	23	23
Tom ha continuato a leggere.	Tom continued reading.	10eca0fd-ea2c-5238-a15e-ce32d7404664	28	22
Tom continuò a leggere.	Tom continued reading.	ab3195a8-b6e1-572d-8153-5f7c84db49c4	23	22
Tom ha continuato a cantare.	Tom continued singing.	f18f7244-40eb-566f-8c6b-73da5e238b01	28	22
Tom continuò a cantare.	Tom continued singing.	7c3dcf98-8df5-50a2-aaee-59a7e67a7127	23	22
Tom ha continuato a camminare.	Tom continued walking.	16594e75-0f0c-5dba-b673-cfd5323c030a	30	22
Tom continuò a camminare.	Tom continued walking.	13daf766-3836-56a9-bdca-1f366b27a234	25	22
Tom ha continuato a passeggiare.	Tom continued walking.	6673c0d1-6342-5351-9ce0-907301344679	32	22
Tom continuò a passeggiare.	Tom continued walking.	e79e6bc1-0756-5bab-a3bf-af7846385218	27	22
Tom ha continuato a lavorare.	Tom continued working.	8607c16d-0f3b-5143-afcf-ea3e529061ce	29	22
Tom continuò a lavorare.	Tom continued working.	26daff78-4e43-5f9e-a6af-a3c55aab3bb3	24	22
Tom ha continuato a scrivere.	Tom continued writing.	df1dc10f-322c-522c-910e-2fdf58fe4270	29	22
Tom continuò a scrivere.	Tom continued writing.	5f9718cf-e90a-53fb-b1f3-d0bdb67e857d	24	22
Tom ha cucinato la cena.	Tom cooked dinner.	e65b89ff-5ed8-519b-a776-66ef725a2761	24	18
Tom cucinò la cena.	Tom cooked dinner.	ecf47b03-2fd5-5cc5-8b0a-6aa65eb13eaf	19	18
Tom non riusciva a decidere cosa mangiare.	Tom couldn't decide what to eat.	f037748e-0f7c-5584-bfa2-d3106dbcffef	42	32
Tom non riusciva a decidere dove mangiare.	Tom couldn't decide where to eat.	ff984d20-47d6-5d6b-a66c-9eecf1a16416	42	33
Tom non riusciva a decidere cosa comprare.	Tom couldn't decide what to buy.	bd9b0900-7e11-5e14-b4cf-9ab8f7f51d26	42	32
Tom non riusciva a decidere dove andare.	Tom couldn't decide where to go.	a4173a34-1d59-54d5-a457-5845c099c5fa	40	32
Gli uccelli volavano in gruppo.	The birds were flying in a group.	24c461e7-084d-5300-9889-9b3fefd790eb	31	33
Gli uccelli stavano volando in gruppo.	The birds were flying in a group.	230317ce-ce40-5796-90a3-a096a7202089	38	33
Tom non riusciva a dormire.	Tom couldn't sleep.	79dcaaa3-bbd8-5898-bdaf-1ae265a4fad3	27	19
Tom non riusciva a trovare la casa di Mary.	Tom couldn't find Mary's house.	495f0518-1838-5730-ac40-c75428ea4ef3	43	31
Tom non riusciva a parlare bene in francese.	Tom couldn't speak French well.	6828d640-284b-522f-af55-89c54e2aeb7f	44	31
Tom non riusciva a dormire la scorsa notte.	Tom couldn't sleep last night.	0ab310e3-930a-5bbb-8965-99f52df276ce	43	30
Tom non riusciva a smettere di piangere.	Tom couldn't stop crying.	00a26ead-0788-597d-9d51-79bd5d69ebc9	40	25
Tom non riusciva a fermarsi.	Tom couldn't stop.	9be8cf71-6b85-5f80-80da-76b7c14ebbaa	28	18
Quant'è pesante la tua valigia?	How heavy is your suitcase?	e54c724f-dc92-595f-86bf-77e437b5d6a8	31	27
Tom non riusciva a nuotare.	Tom couldn't swim.	a388c338-d12a-5606-9c55-66c3974eb381	27	18
Tom pianse per tutta la notte.	Tom cried all night.	288379bb-0e37-57c2-a6a1-9c7e4426a376	30	20
Tom ha pianto per un'ora.	Tom cried for an hour.	aa58acbb-4a6b-5a37-abf3-63027868fb34	25	22
Tom pianse per un'ora.	Tom cried for an hour.	e6ddbec9-8d66-5c1e-b75e-49411c31dedf	22	22
Tom non riusciva a capire.	Tom couldn't understand.	0fb4573c-6f86-5f10-9ca9-ed1d364c508c	26	24
Tom ha tagliato i capelli di Mary.	Tom cut Mary's hair.	fed82f7b-d62c-50c0-b694-a29556907ac1	34	20
Tom tagliò i capelli di Mary.	Tom cut Mary's hair.	d691e034-e51b-5072-b63e-273f9eeea83b	29	20
Tom ha pianto.	Tom cried.	fc7bc277-1614-5c41-9be1-aec67dfaf3ea	14	10
Tom non riusciva a trovare i suoi occhiali.	Tom couldn't find his glasses.	7d37ded7-3e5a-58b1-9464-93fb6683039a	43	30
Tom ha tagliato la mela a metà.	Tom cut the apple in half.	39320a51-9fc2-51ad-a434-c1636a529a7a	31	26
Tom tagliò la mela a metà.	Tom cut the apple in half.	4837f899-88f1-5adb-b963-d5949e0fb183	26	26
Ho realizzato che non ero pronto.	I realized I wasn't ready.	f7bdacd1-7069-569d-9c22-1e9f35d39f8b	33	26
Ho realizzato che non ero pronta.	I realized I wasn't ready.	013f8dc9-4842-5d7f-980f-0d5980da27c0	33	26
Lei era sul punto di piangere.	She was on the verge of crying.	a1cb0310-324c-5748-9f91-4c4d1a3d6f3d	30	31
Odio quando sei così felice.	I hate it when you're so happy.	7ff3da51-ee30-5223-9c94-88994d71ae08	28	31
Io odio quando sei così felice.	I hate it when you're so happy.	4053a706-bea9-50e4-9a8a-3e4a740a2f3b	31	31
Odio quando è così felice.	I hate it when you're so happy.	14913dad-fab2-573b-b61d-1e56b40e63e3	26	31
Io odio quando è così felice.	I hate it when you're so happy.	b140086b-04f4-5359-a42a-de24869317b0	29	31
Odio quando siete così felici.	I hate it when you're so happy.	0b8b16a7-3138-586f-993c-6f5846b57374	30	31
Io odio quando siete così felici.	I hate it when you're so happy.	0fa421f4-b68c-54e0-a8c8-c54112ab7b5a	33	31
Tom balla bene.	Tom dances well.	f5bcd4d5-b477-5ee9-a013-73599e4d6ee2	15	16
Tom fece un buon lavoro.	Tom did a good job.	9e1dc85c-a75f-5cf5-9317-a085bf134a77	24	19
Tom ha fatto del suo meglio.	Tom did his best.	20be2d97-212b-5468-a764-b7af96f3e4b8	28	17
Tom fece del suo meglio.	Tom did his best.	7fcfa537-a33e-5b71-9b66-f25732426134	24	17
Tom ha fatto tutto per conto suo.	Tom did everything by himself.	342a000c-c258-5bde-bc61-a1cd5f358043	33	30
Tom fece tutto per conto suo.	Tom did everything by himself.	ddffa125-fd4f-5737-9200-be94df2a02cf	29	30
Tom non ha pianto.	Tom did not cry.	06de7eb4-8298-5d08-881a-d83ef7276cf7	18	16
Tom non pianse.	Tom did not cry.	b8a923d0-9d80-5ed5-8b91-335cd915884b	15	16
Tom ha fatto quello.	Tom did that.	bdf435ad-8486-5738-8cc3-b08483731a5f	20	13
Tom ha fatto quella.	Tom did that.	689211a9-1a2a-5131-b861-9e75a4cc0295	20	13
Io non ho voglia di aiutarti.	I don't feel like helping you.	7d20200c-2f8a-51bf-b0db-75b501fbf6da	29	30
Non ho voglia di aiutarvi.	I don't feel like helping you.	609a92f3-91c5-5332-8657-c9edf7e9a0b7	26	30
Io non ho voglia di aiutarvi.	I don't feel like helping you.	a745d26c-736d-535d-9be6-114778582e0f	29	30
Non ho voglia di aiutarla.	I don't feel like helping you.	c23f9ea5-f7fa-51f9-8685-3b662e5b3a4b	26	30
Io non ho voglia di aiutarla.	I don't feel like helping you.	f0c2e585-1860-5458-bafa-7a88e4b16b93	29	30
Tom non era d'accordo.	Tom didn't agree.	fd007b34-9d83-571a-af6d-03d4f8eea8f6	22	17
Voglio farlo.	I want to do that.	d0f50800-0097-5c5a-b4ee-72e895614e1c	13	18
Io voglio farlo.	I want to do that.	c95991e8-9858-5bd4-8982-f2a69d78de16	16	18
Tom non era d'accordo con Mary.	Tom didn't agree with Mary.	91903f14-fa8d-5f1c-811f-f2eb8ebf5fee	31	27
Ci sono molti bei posti in Giappone.	There are a lot of beautiful places in Japan.	e6fb9383-56b1-542b-8eb3-90f9b428cbba	36	45
Tom non ha risposto a tutte le domande.	Tom didn't answer all the questions.	96c78ba9-d696-560b-82d6-5aad55cfdc67	39	36
Tom non ha risposto alla domanda di Mary.	Tom didn't answer Mary's question.	5daaa706-f094-5158-a470-710f5b63477b	41	34
Sai se Tom ha già mangiato?	Do you know if Tom has already eaten?	46e0143c-85c4-54a9-b0c0-6d386b6149ed	27	37
Sa se Tom ha già mangiato?	Do you know if Tom has already eaten?	87196f35-0be3-5cd7-919b-d9cf25df4b13	26	37
Sapete se Tom ha già mangiato?	Do you know if Tom has already eaten?	1e778781-de48-5277-a393-3fcf7bd1d046	30	37
Tom non ha risposto alle nostre chiamate.	Tom didn't answer our calls.	79fad592-78e7-5d08-8e8f-5962f55e7032	41	28
Tom aveva già pranzato quando è arrivata Mary.	Tom had already eaten lunch when Mary arrived.	b98fb65b-0aa6-5749-b79f-fe3fcc13ca02	46	46
Tom aveva già pranzato quando Mary è arrivata.	Tom had already eaten lunch when Mary arrived.	67c3f8ae-d89e-58d9-b6fd-371f4e2f8d8d	46	46
Tom ha già mangiato.	Tom has already eaten.	413509de-10bb-50b3-898c-e820a6b77e77	20	22
Tom dovrebbe avere già mangiato in questo momento.	Tom should have already eaten by now.	41a08f0c-4042-5d44-aff4-9c4de409be09	50	37
Tom non mi credeva.	Tom didn't believe me.	7bb26e0e-05f4-5ada-a06a-515dad680847	19	22
Tom non ha risposto alla domanda.	Tom didn't answer the question.	aa722db9-7ab9-5c74-8b76-dab80ff7efa9	33	31
Tom non ha portato le sue chiavi.	Tom didn't bring his keys.	9dd83de0-95a3-5ca9-bf4d-12c024bd6543	33	26
Tom non ha portato una macchina fotografica.	Tom didn't bring a camera.	e72ce4ee-f30c-5c05-9fc1-39e74a6e098d	44	26
Tom non ha risposto alla tua domanda.	Tom didn't answer your question.	a9d2302c-3db8-5651-9dbd-47bae005cc9b	37	32
Tom non ha risposto alla sua domanda.	Tom didn't answer your question.	b1af9eb3-b21a-5295-8865-a2fd3bc56851	37	32
Tom non ha risposto alla vostra domanda.	Tom didn't answer your question.	a73a04b6-8641-51e4-9242-d559baa44d9e	40	32
Tom non l'ha portato.	Tom didn't bring it.	3fff4f6d-b33c-5475-add5-969602057b02	21	20
Tom non l'ha portata.	Tom didn't bring it.	dcf626ac-258f-5e59-b8fb-f53c27abfb0d	21	20
Tom non è venuto a casa.	Tom didn't come home.	e8a6d936-1c41-5515-8c63-d8cfd67b7281	24	21
Tom non ha chiamato Mary.	Tom didn't call Mary.	e712e96b-41c5-517e-bd0b-5849a814c245	25	21
Tom non l'ha comprato.	Tom didn't buy it.	6ae22aad-fb8c-57ef-9ee0-f35dd250bd65	22	18
Tom non l'ha comprata.	Tom didn't buy it.	330e0dc0-49db-5dda-aba9-8a33294969e1	22	18
Tom non ha preso pesci.	Tom didn't catch any fish.	48b314cb-c2ce-54a2-a9f8-1c23ea779182	23	26
Tom non è tornato fin dopo le 2:30.	Tom didn't come back until after 2:30.	8f6093aa-c71e-5fbe-b09f-1004df86ea26	35	38
Tom non è venuto a casa per cena.	Tom didn't come home for dinner.	e3b2aba4-2541-5ec8-94fd-28b1ef25f99d	33	32
Tom non è tornato.	Tom didn't come back.	ca263a3c-2358-561a-855d-b6011b406979	18	21
Tom non è venuto a scuola ieri.	Tom didn't come to school yesterday.	7cf64f08-2734-5948-80e7-5b93955ea3ff	31	36
Tom non è venuto.	Tom didn't come.	b5ed9c7d-b2b3-5b56-ba11-f3b4e1851e29	17	16
Tom non si è lamentato.	Tom didn't complain.	b5c14ebf-e55f-5b73-91b8-29f425919feb	23	20
Tom non ha fatto niente di sbagliato.	Tom didn't do anything wrong.	f339234c-a54d-5f46-b49b-e365cc785e18	37	29
Tom non ha fatto nulla di sbagliato.	Tom didn't do anything wrong.	977b780d-93dc-5ac2-a29f-63528a51afe5	36	29
Tom non ha fatto niente.	Tom didn't do anything.	67afd942-9983-5a5f-8485-75a4d80be70c	24	23
Tom non ha fatto nulla.	Tom didn't do anything.	dfb4e51c-0cbe-5de0-bba8-47539fa14e72	23	23
Tom non ha fatto i compiti.	Tom didn't do his homework.	a7c15411-8ad6-560f-afc8-68c0c3e00860	27	27
A Tom non andava di pranzare.	Tom didn't feel like eating lunch.	76b693ff-6722-599c-81e8-d990c2e9e133	29	34
Tom non ha mangiato niente ieri.	Tom didn't eat anything yesterday.	2314f63b-f397-562b-b3c6-5a98d211db5a	32	34
Tom non ha mangiato nulla ieri.	Tom didn't eat anything yesterday.	8efb518e-375d-5c46-85a8-6276ebbb7ab0	31	34
Ti richiamerò più tardi.	I'll call you back later.	5037d99b-0cfb-5876-94b7-3feef1b7c709	24	25
Questo è un uovo.	This is an egg.	e52c3dd0-e23e-58a3-a293-272dcf93e2fe	17	15
Questo è vino?	Is this wine?	1c7f9b5e-8742-5a9f-b686-4e6a125e0ad7	14	13
Non fidarti di nessuno qui.	Don't trust anyone here.	831c681c-82cd-5555-8dad-3ceb59140333	27	24
Non fidatevi di nessuno qui.	Don't trust anyone here.	07d263f8-3c6c-5e13-a15f-7dbee9f5090e	28	24
Non si fidi di nessuno qui.	Don't trust anyone here.	1a68e5e6-8be7-550a-a478-64aca69149d0	27	24
Devo questo a Tom.	I owe Tom for this.	157835e8-4412-57e7-af4e-16cdc432f434	18	19
Io devo questo a Tom.	I owe Tom for this.	75dcfa79-4158-5681-88b9-92b09a8e40a4	21	19
Non dormo in un letto.	I don't sleep in a bed.	fb78db28-648b-590f-b76d-1c3829455424	22	23
Io non dormo in un letto.	I don't sleep in a bed.	0b4bd74f-d512-591e-ad7b-2a728401de92	25	23
OK.	OK.	35f00b94-f193-5969-ad9b-d23ae229d230	3	3
Okay.	Okay.	33e1215d-d53d-5f5d-aad2-f8114594f2dc	5	5
Li troveremo.	We'll find them.	6056b173-29db-5bc6-9724-ac41a6e53d93	13	16
Noi li troveremo.	We'll find them.	5b2aa66c-4b5c-5456-9bc9-7e2820c657fb	17	16
Le troveremo.	We'll find them.	981690b6-c6f2-58ab-9012-e958108e03d0	13	16
Noi le troveremo.	We'll find them.	20d5eba9-3382-5a20-aa7d-8e600f4e6fbe	17	16
Tom non sentiva alcun dolore.	Tom didn't feel any pain.	4eb257d0-dbc9-56dc-8710-cd066b005048	29	25
A Tom non piaceva neanche il baseball.	Tom didn't even like baseball.	a35f3a86-fdf8-54ad-b950-b21611ab23bd	38	30
A Tom non piaceva nemmeno il baseball.	Tom didn't even like baseball.	8b287001-d41e-54e5-b459-979693e18a17	38	30
A Tom non piaceva neppure il baseball.	Tom didn't even like baseball.	f321806c-e653-5eda-af70-367bbbd25dc0	38	30
Tom non si è ammalato.	Tom didn't get sick.	f47c0024-e68b-5108-a41d-ecbaf10ce599	22	20
Tom non si ammalò.	Tom didn't get sick.	73372837-81e6-58fa-b64c-40ebfa0a1553	18	20
A Tom non andava di aspettare.	Tom didn't feel like waiting.	d3690f28-219f-5f37-9907-4d8d750e91c3	30	29
Tom non aveva voglia di aspettare.	Tom didn't feel like waiting.	23b5da33-1cff-5fcc-aaf0-addfa8643789	34	29
Tom non è andato da solo.	Tom didn't go alone.	fa73ef9b-5f2f-56fa-a7b9-bd143e69670e	25	20
Tom non si è alzato prima delle sei.	Tom didn't get up before six.	201476e3-cfc1-5f90-bf03-6127bb5061d7	36	29
Tom non si alzò prima delle sei.	Tom didn't get up before six.	6b0ad3d1-359e-5636-8d7c-746eeefb3ff9	32	29
Sono venuto per parlare con te.	I've come to talk with you.	999ff66a-8b21-58fe-bdb3-ab093ff28ae0	31	27
Io sono venuto per parlare con te.	I've come to talk with you.	c0686140-11cc-55ea-ae06-4a0c2e849479	34	27
Sono venuto per parlare con voi.	I've come to talk with you.	27afef17-e0ea-5282-80b5-9835d4f557c5	32	27
Io sono venuto per parlare con voi.	I've come to talk with you.	b811245b-848d-51b5-a21d-962da1c4c395	35	27
Sono venuto per parlare con lei.	I've come to talk with you.	d08d61cc-dd3e-5d22-b686-560887283275	32	27
Io sono venuto per parlare con lei.	I've come to talk with you.	66394ac3-cd3e-5f49-93ec-6ac12884abe9	35	27
Sono venuta per parlare con lei.	I've come to talk with you.	973373b4-f895-57a4-b510-040b2dfb5e03	32	27
Io sono venuta per parlare con lei.	I've come to talk with you.	2e1e6a30-0f33-5d62-8206-0a749e18218a	35	27
Sono venuta per parlare con voi.	I've come to talk with you.	09db1d67-b591-5d41-9e98-8fd4082f7c63	32	27
Io sono venuta per parlare con voi.	I've come to talk with you.	4e0df471-2920-5410-abd1-22e2aa7907b8	35	27
Sono venuta per parlare con te.	I've come to talk with you.	3f360ac0-e353-5e39-8666-e8354d6924d6	31	27
Io sono venuta per parlare con te.	I've come to talk with you.	861f5a6c-809a-5dc9-8026-d7e31176e970	34	27
Tom non ci ha dato nulla.	Tom didn't give us anything.	beb03a43-b66a-524b-90f0-66b8223b2278	25	28
Tom non ci ha dato niente.	Tom didn't give us anything.	86d7caa5-a8ae-512a-8054-f713b356c34b	26	28
Darò quello a Tom.	I'll give Tom that.	81aef14f-ca3d-509c-b205-ccf1a09455b7	18	19
Io darò quello a Tom.	I'll give Tom that.	b5451f94-a4ab-5c07-96f1-9857256474d0	21	19
Darò quella a Tom.	I'll give Tom that.	d0d53d4d-2209-5fd7-8b4e-61efc4caacb4	18	19
Io darò quella a Tom.	I'll give Tom that.	eb8908cf-cd56-531b-a498-dd71f80894f3	21	19
Tom non aveva voglia di mangiare.	Tom didn't feel like eating.	b4a3a4c8-9aa9-53dd-b53e-6dc87be72398	33	28
A Tom non andava di parlare.	Tom didn't feel like talking.	efbcc129-ef1c-5b1d-8d2d-87e0d7d76741	28	29
Tom non aveva voglia di parlare.	Tom didn't feel like talking.	7211a862-673c-5849-8266-9956e4be93a9	32	29
Si dice che sia ancora vivo.	It is said that he is still alive.	8d5b55a2-a183-53d6-8f7c-dc7dc43cb963	28	34
Si dice che lui sia ancora vivo.	It is said that he is still alive.	8754da27-bc4b-5f20-a5bd-ce472647b141	32	34
Tom non è andato a pescare.	Tom didn't go fishing.	bcdad06e-3590-58ed-9622-3d8c265971f5	27	22
Tom non è andato a casa.	Tom didn't go home.	02593fa7-69d6-5a24-b141-6a5daf091e95	24	19
Tom non è andato lì.	Tom didn't go there.	1616f455-be3f-53e8-b63a-9643d0d05214	20	20
Tom non andò lì.	Tom didn't go there.	c326a869-a777-51c9-8a49-a2cd8e81a25b	16	20
Tom non è andato a Boston.	Tom didn't go to Boston.	a611bdf6-8a01-5c5f-b6be-21fd5b238170	26	24
Tom non andò a Boston.	Tom didn't go to Boston.	0c9b443a-3d56-58e4-8374-5c25b8c35bde	22	24
Tom non è andato a scuola.	Tom didn't go to school.	252ef0ae-350e-5532-be47-310c20ddc7cc	26	24
Tom non andò a scuola.	Tom didn't go to school.	1e70c947-078d-5fcf-b669-597040e0110d	22	24
Tom non aveva occasione.	Tom didn't have a chance.	bb92ee77-e423-51ed-be2c-e0d39869f01f	24	25
Tom non aveva problemi.	Tom didn't have any problems.	0951fea9-0990-5396-a2a6-e63b7bcd3824	23	29
Tom non ha pranzato.	Tom didn't have lunch.	1491f415-c190-542a-bff3-3c5911f7e682	20	22
Tom non pranzò.	Tom didn't have lunch.	e9312536-762e-5fd8-b84e-a9af3686b4d4	15	22
Tom non aveva figli.	Tom didn't have any children.	f1be14c0-f498-5c3e-94cd-6d58e109ef43	20	29
Tom non aveva una fidanzata.	Tom didn't have a girlfriend.	b2e802db-4fa9-5b91-936b-eb74a05776b8	28	29
Tom non aveva una ragazza.	Tom didn't have a girlfriend.	a616735d-f2b4-5e25-be19-4083567f4d52	26	29
Tom non aveva una morosa.	Tom didn't have a girlfriend.	48b8676e-3edb-54bc-b719-90357f82c2c9	25	29
Tom è un bebè.	Tom is a baby.	85a02970-2920-5b88-a171-23a72bc0cfd2	14	14
Tom è un ragazzaccio.	Tom is a bad boy.	1d4da71e-f9c1-5f07-83c9-315dd665fdf7	21	17
Tom è un cattivo ragazzo.	Tom is a bad boy.	8778278b-49ee-519e-b886-e43d5abbab73	25	17
Tom non aveva abbastanza soldi.	Tom didn't have enough money.	4dd567ee-f306-5756-8fe2-fac6e6e2cca4	31	29
Tom non aveva abbastanza denaro.	Tom didn't have enough money.	ac82b676-dd7b-5620-9b44-10a1fb93a30a	32	29
Tom è un principiante.	Tom is a beginner.	d08c616d-bbf7-5a7a-8945-713e4746d0d3	22	18
La folla si affrettò ad andare verso l'uscita.	The crowd rushed to the exit.	69e66568-2831-5105-b5c4-b14a22beddce	46	29
Cosa farai?	What will you do?	ee3b2c8c-885c-5860-a854-c8e31c9d637e	11	17
Cosa farete?	What will you do?	4633461e-0361-5efa-ac6a-6104a919c9df	12	17
Cosa farà?	What will you do?	c092529b-04c2-51e1-9eaf-6aa3f0dc2493	10	17
Va a scuola.	She goes to school.	4141e2c5-308a-5822-a4ed-da9f1bd7566b	12	19
Lui va a scuola.	He goes to school.	61438c91-0476-5721-8ef5-a8822431e47b	16	18
Tom è un uomo d'affari.	Tom is a businessman.	1942e551-5611-5f78-ace1-bc882aa2eb31	23	21
Tom è un uomo coraggioso.	Tom is a brave man.	bfab358b-9486-53fd-8bdb-54f14ededa2a	25	19
Tom è un bambino.	Tom is a child.	bbd48ac4-a11d-55f6-9a12-d681af45670d	17	15
Tom è un uomo impegnato.	Tom is a busy man.	7a54e57e-74d6-5213-89fc-9264c314c1ce	24	18
Tom è un pessimo conducente.	Tom is a bad driver.	55c4a084-9e3f-522d-bd8c-8ff6472c24b3	28	20
Tom è un conducente d'autobus.	Tom is a bus driver.	993c002d-3f3c-54a9-b775-07f8ee48c69e	30	20
Non va mai a scuola in autobus.	He never goes to school on the bus.	22104b09-df1a-50dc-9b4c-33d7aab82e6c	31	35
Lui non va mai a scuola in autobus.	He never goes to school on the bus.	a9eb1a61-2c95-572f-b7db-2e284f885f92	35	35
Va a scuola a studiare ogni giorno.	He goes to school to study every day.	4289c101-88f2-56ae-a6f2-7d2b86639ae9	35	37
Lui va a scuola a studiare ogni giorno.	He goes to school to study every day.	4aef6422-26cd-5558-adee-a284c3997365	39	37
Tom è un cuoco.	Tom is a cook.	990c359f-b7f6-5cc6-8888-dd75464d5b30	15	14
Tom è un dottore.	Tom is a doctor.	8f5a2488-d8fc-5a6b-b2b4-ef6ee67532d9	17	16
Tom è un conducente veloce.	Tom is a fast driver.	fffbec7d-82b7-5f50-b25a-62e57927f80c	27	21
Tom è un corridore veloce.	Tom is a fast runner.	d1620a23-b7a9-5ebc-9908-2d0702041d8e	26	21
Tom è un uomo grasso.	Tom is a fat man.	95069093-74b3-5e46-b293-cf2ab4008773	21	17
Tom è un folle.	Tom is a fool.	a7f51f7b-23c5-5cd8-9141-a4d97776f022	15	14
Tom è uno straniero.	Tom is a foreigner.	2a099303-1705-5835-a5ac-53226ea9e48d	20	19
Tom è straniero.	Tom is a foreigner.	56a85d78-a375-5ea5-929b-389c4a48dc92	16	19
Non credo a ciò che egli dice.	I don't believe what he says.	b990d299-0a95-51ed-986b-8ddf73655f1d	30	29
Non posso uscire.	I can't go out.	91561236-6f18-5ef7-ba92-bb08ea892208	17	15
Non credo a ciò che dice.	I don't believe what he says.	1808769e-725c-563e-afe1-d11d9aa92988	25	29
Non credo a ciò che lui dice.	I don't believe what he says.	13da40e9-41a9-5822-a5b7-408855341a61	29	29
Io non credo a ciò che dice.	I don't believe what he says.	37ab7516-3e71-5c3e-b71c-7a4daa47738a	28	29
Io non credo a ciò che lui dice.	I don't believe what he says.	49408f74-b19e-5bb9-a7d3-41c5a661d226	32	29
Io non credo a ciò che egli dice.	I don't believe what he says.	1b64a23d-6fc9-597a-9843-ab7629196606	33	29
Semplicemente non so che dire.	I just don't know what to say.	d70d7b03-370c-5520-af5d-d34f376449b0	30	30
Semplicemente non so che cosa dire.	I just don't know what to say.	dc5efb53-a781-5012-a907-751340e00b28	35	30
Semplicemente non so cosa dire.	I just don't know what to say.	a5180f31-0d37-5a26-9833-afc515f86d83	31	30
Non ha mangiato pizza ieri.	He didn't eat pizza yesterday.	4b184e57-e3c9-56f8-8b03-7a5e46b273a1	27	30
Lui non ha mangiato pizza ieri.	He didn't eat pizza yesterday.	8bfe423d-a366-53f2-a90a-03f4c5a1f78a	31	30
Ieri eri a casa.	Yesterday you were at home.	12c7af35-a1a3-532e-8b82-f395ab9b947c	16	27
Ieri tu eri a casa.	Yesterday you were at home.	99dca791-94eb-5a45-8708-dd59fef0c5a8	19	27
Ieri era a casa.	Yesterday you were at home.	10d6df52-8588-54b6-8225-ec7fb7027804	16	27
Ieri lei era a casa.	Yesterday you were at home.	d8c11c25-265f-5f1d-a65b-17fe4cb07567	20	27
Ieri eravate a casa.	Yesterday you were at home.	1b531fc7-5abb-5e14-97cb-d3d1541cc701	20	27
Ieri voi eravate a casa.	Yesterday you were at home.	b4e712de-243b-513d-a4bc-9f5335c04056	24	27
Ho lavorato nel mio ufficio ieri.	I worked in my office yesterday.	e14fbb57-9b14-50cf-b7db-4cc7a1e032ee	33	32
Io ho lavorato nel mio ufficio ieri.	I worked in my office yesterday.	d36ba097-fe20-57ab-99a9-e1f8495ea344	36	32
Ho ascoltato della musica ieri.	I listened to music yesterday.	b00d6851-4712-5399-a6a9-bcc38fe883a5	31	30
Io ho ascoltato della musica ieri.	I listened to music yesterday.	c610e17f-135d-584a-8eb7-bc903af9923c	34	30
Ho scritto un libro due anni fa.	I wrote a book two years ago.	20f31dcb-4193-589b-b4ee-362a83899103	32	29
Io ho scritto un libro due anni fa.	I wrote a book two years ago.	129fb2ed-fb6f-5562-8f6f-70131b9ccd94	35	29
È andato al cinema cinque giorni fa.	He went to the cinema five days ago.	2ca270a3-3855-5811-a007-9c7578a9f656	36	36
Lui è andato al cinema cinque giorni fa.	He went to the cinema five days ago.	c785f5d3-e9db-5424-b59c-ec5e22a302c1	40	36
Due giorni fa ho letto quel libro.	Two days ago, I read that book.	bf665f4a-2c54-51de-9482-1addd794a554	34	31
Ho fatto i compiti ieri.	I did my homework yesterday.	a7ccaae9-490b-504b-be64-17ba2666b4ac	24	28
Io ho fatto i compiti ieri.	I did my homework yesterday.	853e60fa-869e-58e9-a054-b96e69b120e8	27	28
Ero a casa ieri.	I was at home yesterday.	34b5e450-c274-5829-81db-ee429340d0c4	16	24
Io ero a casa ieri.	I was at home yesterday.	d64d7470-f3c6-550f-81bb-d0a95dfb3942	19	24
Ho mangiato una pizza.	I have eaten a pizza.	de4e4ca8-aec8-57a1-bb53-8f6fef296ab9	22	21
Io ho mangiato una pizza.	I have eaten a pizza.	830af32b-5bba-5344-916b-902be2f8a5fe	25	21
Abbiamo scritto un libro.	We have written a book.	44aced71-1694-58f8-9e28-050967310e92	25	23
Noi abbiamo scritto un libro.	We have written a book.	8b88d6c5-d5e6-51ab-8b16-4605cce978dc	29	23
È andato al parco oggi.	He has gone to the park today.	d523e5d4-f4dd-5305-8f29-af380e650c31	23	30
Lui è andato al parco oggi.	He has gone to the park today.	c423d2b8-0dd5-59d2-b993-6707a29587bb	27	30
Ho lavorato molto questa settimana.	I have worked a lot this week.	6d90b89c-9676-504f-810e-20adb68c396e	35	30
Io ho lavorato molto questa settimana.	I have worked a lot this week.	4111a4a8-af4e-50ba-834e-4f0e4bdf2686	38	30
Ho letto questo libro.	I've read this book.	3b97d1ac-89d5-5a48-ad2d-3cb65427bb2c	22	20
Io ho letto questo libro.	I've read this book.	18ce384a-8cf9-5c3c-acdc-08ae200b821b	25	20
Hai fatto tutti i tuoi compiti?	Have you done all your homework?	c076487c-8874-5d66-b021-57b46ec302f0	31	32
Ha fatto tutti i suoi compiti?	Have you done all your homework?	c201ccfe-b605-5abb-b4ae-12e9783a1a5b	30	32
Avete fatto tutti i vostri compiti?	Have you done all your homework?	cc1f82d3-4613-5899-a743-615f98f6f0bb	35	32
Ho fatto i miei compiti.	I have done my homework.	5d0269e0-bace-5415-8c08-11b24f2af608	24	24
Io ho fatto i miei compiti.	I have done my homework.	30c39853-47a3-5ed6-b184-c4a7704cc3a6	27	24
Ho studiato tutto il giorno.	I have studied all day.	38648bfe-687c-5717-a409-c844b6e0a39b	28	23
Io ho studiato tutto il giorno.	I have studied all day.	b1590597-f331-5fc6-bf17-fd45bbbd6a3a	31	23
È andata in piscina.	She has gone to the swimming pool.	9f532785-b992-5ba8-839c-ba992fe76717	20	34
Lei è andata in piscina.	She has gone to the swimming pool.	9b7b6292-fa06-516b-a5d5-5da866dc9a12	24	34
Sono andato al cinema.	I have gone to the cinema.	4b31e75c-2e62-5d05-97f6-19d221cbd7d9	22	26
Io sono andato al cinema.	I have gone to the cinema.	57a5e567-2daa-5b7b-8b90-40cbb63b0bb1	25	26
È troppo stanca per studiare.	She is too tired to study.	3666daa4-27a0-5024-b47f-5ae969998ff2	29	26
Lei è troppo stanca per studiare.	She is too tired to study.	bd57708d-edfc-5dd0-b308-47c306048423	33	26
Tom è un amico.	Tom is a friend.	0b9feb01-dacb-535f-9311-795d71f847bf	15	16
Tom è una persona amichevole.	Tom is a friendly person.	7e283d65-fa4f-5412-9b59-37e824174207	29	25
Tom è una persona socievole.	Tom is a friendly person.	9271672f-5cd5-564e-ad63-c480f99362f6	28	25
Tom è un insegnante di francese.	Tom is a French teacher.	0e88a5ad-ad6b-5955-8210-2c130ffded58	32	24
Tom è un bravo ragazzo.	Tom is a good boy.	5e4304f0-5fb7-53a9-b6c0-cf1d255108f2	23	18
Tom è un amico di Mary.	Tom is a friend of Mary's.	39e472d4-db6c-5754-b875-a15fa884e285	23	26
Ho un computer e lo uso ogni giorno.	I have got a computer and I use it every day.	41085fd0-46ff-5f56-a22a-4b5ecb9423b1	36	45
Io ho un computer e lo uso ogni giorno.	I have got a computer and I use it every day.	e134c997-284c-52ef-9754-af662d39b519	39	45
Hai una bici?	Have you got a bike?	2339e4f6-cb96-5222-aeec-96d791b5e124	13	20
Ha una bici?	Have you got a bike?	75b8f0fe-f5bd-5e03-95fb-426e076bfd29	12	20
Avete una bici?	Have you got a bike?	5a03dca1-40f3-5c9a-bac1-0da71b42dc22	15	20
Lei ha un libro.	She has got a book.	7ce37080-4d61-5c3a-aae6-1a69fc94bf0b	16	19
Quanto ci vuole ad andare a Vienna a piedi?	How long does it take to get to Vienna on foot?	0d8ac75d-9881-5649-953f-c60ef64722d9	43	47
Quanto tempo ci vuole ad andare a Vienna a piedi?	How long does it take to get to Vienna on foot?	7bbe5e02-1a32-59bd-bb63-26ecdc274a1d	49	47
Pranza.	He has lunch.	6d455564-5cb2-5d97-9a0d-2fc779ab4fc6	7	13
Lui pranza.	He has lunch.	6d8e8594-437a-51de-807b-936400d101fe	11	13
Ceno ora.	I have dinner now.	fd8f8387-8897-514a-9040-08a301c5dea3	9	18
Io ceno ora.	I have dinner now.	d603d95e-deec-596a-ae0f-6012289d4d22	12	18
Ceno adesso.	I have dinner now.	e5cf0c47-e022-55bf-9e8b-73aeeeab2757	12	18
Io ceno adesso.	I have dinner now.	b2c4e766-5883-5b75-97ba-18102c48e28b	15	18
Tom è un bravo giocatore di scacchi.	Tom is a good chess player.	13081533-b876-5283-b948-3b7f07b1867b	36	27
Tom pranza ogni giorno a mezzogiorno.	Tom eats lunch every day at noon.	ea59aeea-674b-5bf0-a4e8-06030e4ffae6	37	33
Tom ha il libro che vuole leggere Mary.	Tom has the book that Mary wants to read.	3e352e62-6ad4-50b0-a032-f253677c2cbe	39	41
Sei licenziato!	You're fired!	1e33589d-1d23-5b6f-a629-fb80f6a159d3	15	13
Sei licenziata!	You're fired!	6bd47be8-dbc3-5335-ac80-cd7d4da0bbb8	15	13
È licenziato!	You're fired!	4add932f-f9bf-5675-9646-96b07db9c53c	13	13
È licenziata!	You're fired!	be95d27a-2e4c-50b2-99fb-cbcfbf2c76cf	13	13
Siete licenziati!	You're fired!	8e06e4fb-ee33-5328-b853-0ac5621d3956	17	13
Siete licenziate!	You're fired!	2fc0382a-98b6-5c0e-9111-1c3acc2a626a	17	13
Ero a casa fino a mezzogiorno ieri.	I was at home until noon yesterday.	d080cd63-c4d9-5bb7-8afc-3d908b177612	35	35
Io ero a casa fino a mezzogiorno ieri.	I was at home until noon yesterday.	2a749ec8-cca4-5027-a061-f5b8b64533cf	38	35
L'arbitro dev'essere equo con entrambe le squadre.	The referee must be fair to both teams.	50dc2495-502a-57b3-a8d0-027977d6a81e	50	39
Tom è un bravo cantante.	Tom is a good singer.	ec4d215b-77ce-5afd-b019-aceb7655b4cb	24	21
Tom è un bravo studente.	Tom is a good student.	8921a01d-5dba-5822-8de3-0f6bb1449ea3	24	22
Tom è un ospite.	Tom is a guest.	ee5e6cb4-d1b5-520c-b5e5-f31eeb5e8ba9	16	15
Tom è un bell'uomo.	Tom is a handsome man.	e872f9a6-ca1b-53d2-aa9c-e1822c3bfbc1	19	22
Tom è un bravo conducente.	Tom is a good driver.	634c3cee-e9f9-523d-bf93-cbf859829d14	26	21
Tom è un bravo nuotatore.	Tom is a good swimmer.	af8a91de-47f9-5a2f-8650-551050a71c8a	25	22
Bilal andò a scuola.	Bilal went to school.	a0d4504d-cdfe-5ade-9a79-fddcc69986fb	20	21
Tom è un bugiardo.	Tom is a liar.	20478ff3-1107-5eda-891f-1a5890a7d4c1	18	14
Tom è un nuovo studente.	Tom is a new student.	0b062a32-a8e2-57fc-99c6-ec96e306f31c	24	21
Tom è un pittore.	Tom is a painter.	67d1f506-faec-5c08-a76d-bb249ebe7cf7	17	17
Tom è un uomo felice.	Tom is a happy man.	9463260d-7634-530c-8858-33c6309ad02f	21	19
Tom è un bel giovane.	Tom is a handsome young man.	f1c2dda9-e203-56c5-b1cc-665422b0fc97	21	28
Tom è un poliziotto.	Tom is a police officer.	7d3f1bfc-417e-5912-94f2-0abb4eec01d6	20	24
Tom è un pilota.	Tom is a pilot.	e2c46409-a496-57cc-8a5d-35dad8b51cdb	16	15
Non può avere fame, ha appena pranzato.	He cannot be hungry; he has just had lunch.	58bd9031-41d4-5bfb-8dae-93378157b838	39	43
Lui non può avere fame, ha appena pranzato.	He cannot be hungry; he has just had lunch.	657b0a25-2bdf-53f7-a3bd-92300e36d589	43	43
Tom è un programmatore.	Tom is a programmer.	7bf2c730-7ce1-5c89-9314-64ea22647fb2	23	20
Tom è un teenager.	Tom is a teenager.	f4e7af63-16ee-57a6-a87e-0d917fc62bd0	18	18
Tom è un soldato.	Tom is a soldier.	5edda9f1-aea3-506a-8e91-8bcc392a3b9e	17	17
Tom è rimasto qui.	Tom stayed here.	ac9dd96c-fa4b-53da-82fd-1278d3c56987	18	16
Tom è restato qui.	Tom stayed here.	e3721ac1-b1a7-5073-9631-edf0f619dfcf	18	16
Vado alla festa sabato sera.	I'm going to the party Saturday night.	bc7ec91c-47f8-5fda-9ed7-23a177f58b5b	28	38
Io vado alla festa sabato sera.	I'm going to the party Saturday night.	ad7b3ef6-c5e2-511e-b3f7-57b8ccf85b9b	31	38
Era una persona gentile.	She was a kind person.	8879f88f-09a6-5435-ad83-e6d1aba33675	24	22
Lei era una persona gentile.	She was a kind person.	01f64672-232d-5e6d-9fad-183327b1eb8b	28	22
Lei è una persona gentile.	She's a kind person.	7ec9eb3c-bba6-5e0c-a006-33a237f1753c	26	20
Il mio papà era un attore.	My dad was an actor.	7d356e8c-45c3-5376-befb-ea705cc0ab2f	26	20
Eravamo innamorati.	We were in love.	eddf2c09-8760-5047-b401-8af90748905e	19	16
Noi eravamo innamorati.	We were in love.	f886f732-fb95-5310-98c3-1f115acd41a4	23	16
Eravamo innamorate.	We were in love.	fc5e05e9-1d7f-5083-a89d-9c23a133e38a	19	16
Noi eravamo innamorate.	We were in love.	5a5335c6-b01c-5778-b4bf-4574fe9f01bb	23	16
Era egoista al college.	She was selfish at the college.	7ef0e2ba-06c7-5bc6-90bf-6326055e640f	23	31
Lei era egoista al college.	She was selfish at the college.	8dedd0a9-8012-5821-be93-dc35c2631f30	27	31
Era molto triste ieri.	He was very sad yesterday.	d92d9f04-422b-56db-952f-add1c1fae6ca	22	26
Lei era molto triste ieri.	He was very sad yesterday.	00afbc26-7f37-5391-82d0-3d727f5d578a	26	26
Erano una bella famiglia.	They were a beautiful family.	85e2f3f0-653a-5b3c-82e3-cf79aa502844	25	29
Loro erano una bella famiglia.	They were a beautiful family.	51c483d0-cb31-5219-ba2e-1a23be972ef5	30	29
Era troppo tardi per la festa.	It was too late for the party.	0ebcb3fb-8e12-5f75-a8de-2bc54c6c08d4	30	30
Giocavo a basket l'anno scorso.	I played basketball last year.	957d7edb-921d-5bda-8517-c6d9b9b26844	31	30
Io giocavo a basket l'anno scorso.	I played basketball last year.	31d31f93-9e03-5436-b82a-9b38227cbb8a	34	30
Ho scritto un libro, però non era molto buono.	I wrote a book, but it wasn't very good.	13728ac9-45fb-5324-9dc4-42442b1bd4aa	46	40
Io ho scritto un libro, però non era molto buono.	I wrote a book, but it wasn't very good.	6ccc3617-5060-5c56-95a1-1af45dd37b69	49	40
Lui era una persona gentile.	He was a kind person.	7d0be930-c913-5169-b516-59fca745b822	28	21
Sto ascoltando il tuo CD stamattina.	I am listening to your CD this morning.	a8ecd864-de3c-50f8-a7ad-c3c4cde8854e	36	39
Sto ascoltando il tuo CD questa mattina.	I am listening to your CD this morning.	1a05a820-6407-58e6-a9e5-43e5e8553da9	40	39
Sto ascoltando il suo CD stamattina.	I am listening to your CD this morning.	b375f927-7a3d-5463-ae2f-e3b50d021c7b	36	39
Sto ascoltando il suo CD questa mattina.	I am listening to your CD this morning.	e6121b8d-9c27-5119-b088-7e2ee5e9e1c5	40	39
Sto ascoltando il vostro CD stamattina.	I am listening to your CD this morning.	264627e0-6e5c-537d-8afb-9c6bfed5cb30	39	39
Io sto ascoltando il vostro CD stamattina.	I am listening to your CD this morning.	3312824d-4d3e-506b-8231-dcf5c33e3c90	42	39
Lavorano questo weekend.	They are working this weekend.	38ba1e0a-2af2-561d-a886-1e30879dac94	24	30
Loro lavorano questo weekend.	They are working this weekend.	87c1f359-7225-54ca-bd3d-464e0117ce86	29	30
Lavorano questo fine settimana.	They are working this weekend.	0b0eaafc-f550-5ec7-9cb7-e7f52926b4c1	31	30
Loro lavorano questo fine settimana.	They are working this weekend.	50720277-aec7-57a9-b8bd-bb1a7347d856	36	30
Leggi questo libro stasera?	Are you reading this book tonight?	0ac04a79-a735-5948-b520-17f4d6adacc0	27	34
Leggi questo libro stanotte?	Are you reading this book tonight?	e4bb0f57-dd57-5ce9-b9a8-997322733f3c	28	34
Sta scrivendo un nuovo libro quest'anno.	She is writing a new book this year.	a702c2aa-794b-51f1-9176-170c5f779e20	40	36
Lei sta scrivendo un nuovo libro quest'anno.	She is writing a new book this year.	28eb26f4-e183-5aad-856c-39908be288c7	44	36
Giochiamo a calcio questo pomeriggio.	We are playing football this afternoon.	4a2f3834-b818-5f50-a1c9-ff06cdf209a2	37	39
Noi giochiamo a calcio questo pomeriggio.	We are playing football this afternoon.	1f5897c4-d4e8-5cfa-beb4-5d3098b7e1ba	41	39
Sta studiando l'inglese per il prossimo esame.	He is studying English for the next exam.	671a281a-4f60-5be9-8378-9b12491866c7	46	41
Lui sta studiando l'inglese per il prossimo esame.	He is studying English for the next exam.	cd280345-2dee-5774-908d-145e286dac22	50	41
Andrò da mio zio questa settimana.	I'm going to my uncle's this week.	a188cdf2-40d5-58fb-b810-1bdde50018d8	34	34
Io andrò da mio zio questa settimana.	I'm going to my uncle's this week.	fe94190d-8ee4-527a-be57-5ac475bbb8e9	37	34
Parte alle nove.	She is leaving at nine o'clock.	4668358f-1239-5e1c-a865-42bfcb7720df	16	31
Lei parte alle nove.	She is leaving at nine o'clock.	5d93e4d3-e50a-5f09-b419-0b6b0667055c	20	31
Sto guardando la TV al momento.	I'm watching TV at the moment.	e5167570-d475-5385-9254-ae3dfef4367f	31	30
Io sto guardando la TV al momento.	I'm watching TV at the moment.	ba772c61-a535-5f4c-af5b-9b884faec708	34	30
Tom cammina molto lentamente.	Tom walks very slowly.	f6cbd8dd-5558-5d24-8203-6c96e1954d31	29	22
Sto gonfiando il mio palloncino.	I am inflating my balloon.	b3c67eb0-1f71-5488-aeda-d55ec654a9f9	32	26
Io sto gonfiando il mio palloncino.	I am inflating my balloon.	2d3bb945-5114-5f17-98cd-c9ade34769e1	35	26
Ho molti CD.	I've got a lot of CDs.	c96582a3-b2aa-53a3-bf66-460a73b4e50c	12	22
Io ho molti CD.	I've got a lot of CDs.	367a4152-f0b6-5484-8551-6877e7b9f577	15	22
Ha il suo CD preferito.	She's got her favourite CD.	ea7ba2df-1af5-5464-befc-f71bc0e43487	23	27
Lei ha il suo CD preferito.	She's got her favourite CD.	d7c01c9f-eeed-5cba-b6c2-5446854fff81	27	27
Ha una bella macchina.	He has got a beautiful car.	0f08e6a6-2bc5-5741-a21e-d631e09c649b	22	27
Lui ha una bella macchina.	He has got a beautiful car.	5bf877b7-e0f7-56d3-827d-f8b45d44a582	26	27
Ha una bella auto.	He has got a beautiful car.	72a25a39-ddbe-5b0e-ab00-5024cf755cf0	18	27
Lui ha una bella auto.	He has got a beautiful car.	92a3f23a-490f-5d75-9f0e-d2e488b9f5a3	22	27
Ha una bella automobile.	He has got a beautiful car.	f98fbc42-fcf4-5832-a871-a234a5227625	24	27
Dov'è Tom? Sta giocando a tennis con Mary.	Where's Tom? He's playing tennis with Mary.	dc10606a-77e5-58c6-a584-c232f4275f0f	42	43
Stanno lavorando al momento?	Are they working at the moment?	4dfa2d1b-9c09-592b-a61c-5f771422ead4	28	31
Loro stanno lavorando al momento?	Are they working at the moment?	5244d30c-7374-5109-906e-d83ad92d9c90	33	31
Usciamo! Non sta piovendo.	Let's go out! It's not raining.	2129aa12-947e-5aec-96ad-e5f7d9d5c7a9	26	31
Non sto correndo.	I'm not running.	785e963a-17e5-5d34-850b-bb1e5b8e489a	17	16
Io non sto correndo.	I'm not running.	5d99a89c-35bb-5a82-8319-eaabb9233467	20	16
Tom è un ladro.	Tom is a thief.	67fd971d-c235-5b12-970b-0c8aae04355f	15	15
Hanno una casa piccola.	They've got a small house.	ba5ef254-7a80-5b09-adaa-2671fd1df8a7	23	26
Loro hanno una casa piccola.	They've got a small house.	a837e9c9-dbb3-5380-9b88-48219b970c05	28	26
Ha lavorato tutto il giorno?	Has he worked all day?	2ee9d642-bf6c-5041-8b5f-11e681235156	28	22
Lui ha lavorato tutto il giorno?	Has he worked all day?	04254bec-b5f7-57b0-9f4b-f29b95d47acd	32	22
Non ho un migliore amico.	I haven't a best friend.	4f63957a-a17b-5b34-a986-752a856f6037	25	24
Io non ho un migliore amico.	I haven't a best friend.	99aa7170-aed1-53b4-9efe-0f666cc2b94e	28	24
Non ho una migliore amica.	I haven't a best friend.	af2e1625-4585-5eff-a1aa-99a29f92058a	26	24
Questa è una questione di grande importanza.	This is a matter of great importance.	605f0230-edb0-5141-b041-44d2fd21f90f	44	37
Ha il mal di testa.	She has a headache.	b4335b4c-546f-58b5-9c92-e6bf34d03d0e	19	19
Lei ha il mal di testa.	She has a headache.	4219890d-c14d-5e6e-933f-db01d35aef3c	23	19
Non ho vinto l'incontro.	I didn't win the match.	46b277bd-4aa7-5263-89ff-9ad3e02a8645	24	23
Io non ho vinto l'incontro.	I didn't win the match.	b1211e2e-acac-53f4-8935-e5ce30989a1f	27	23
Hai un animale domestico?	Have you got a pet?	387fd9f4-4fea-5264-a4f3-dd3830da9405	25	19
Ha un animale domestico?	Have you got a pet?	64efe44b-f892-58d5-8d31-6a89a0bac119	24	19
Avete un animale domestico?	Have you got a pet?	0ea608ae-f00a-5d8f-a0c8-f909bab0e4e2	27	19
Indossavo un bel vestito.	I wore a beautiful dress.	18a6d373-fb2b-5009-bcc7-e2b0d1689e2f	25	25
Io indossavo un bel vestito.	I wore a beautiful dress.	42ac9ddd-e65d-5415-a15c-1b007d33ec40	28	25
Hai dormito ieri pomeriggio?	Did you sleep yesterday afternoon?	b9ddd769-816c-5c9b-ad36-f3e6fc9aa0d5	28	34
Ha dormito ieri pomeriggio?	Did you sleep yesterday afternoon?	3f43ab4f-9e09-5eb6-97be-feb3b77521a0	27	34
Avete dormito ieri pomeriggio?	Did you sleep yesterday afternoon?	d95a5864-c5fa-519d-b088-a774b1142bad	30	34
Ho giocato a tennis con Bob.	I played tennis with Bob.	68ca2a52-2d79-5a77-9218-b31651df06d8	28	25
Io ho giocato a tennis con Bob.	I played tennis with Bob.	c8ca05e8-6946-53be-a935-81219b68a375	31	25
Hai lavorato la scorsa notte?	Did you work last night?	6728d16e-17c7-5381-92c5-e185ddc5e3e6	29	24
Ha lavorato la scorsa notte?	Did you work last night?	c24fd1cf-aa69-5946-a464-2e58ea042adc	28	24
Avete lavorato la scorsa notte?	Did you work last night?	7e876651-4552-5310-8f43-7e99cc4c1dba	31	24
Mi sono svegliato tardi ieri.	I woke up late yesterday.	a50e706c-d2ec-5aad-acdc-1b98e4dd2f7d	29	25
Io mi sono svegliato tardi ieri.	I woke up late yesterday.	a705398d-648b-5299-a6de-5463616b28e3	32	25
Mi sono svegliata tardi ieri.	I woke up late yesterday.	97c0cf8a-08e0-5dbb-b53f-2d112713d783	29	25
Io mi sono svegliata tardi ieri.	I woke up late yesterday.	4a005180-8178-5c3c-ba32-1402d52197d2	32	25
Ti ho detto di restare qui.	I told you to stay here.	92f91de0-110f-5be4-95e3-456948ac8ef9	27	24
Vi ho detto di restare qui.	I told you to stay here.	b453ab22-35d1-5607-9ae0-f2e689c8aa76	27	24
Le ho detto di restare qui.	I told you to stay here.	91913647-09c3-5ad8-abf7-717b16758884	27	24
Ho comprato una T-shirt.	I bought a T-shirt.	1664b7a3-bc4c-5a08-8913-b9b52b36aaa8	24	19
Io ho comprato una T-shirt.	I bought a T-shirt.	aa50b19f-a0b3-5bbe-99ba-a002745e4eee	27	19
Ieri ho incontrato Julia.	Yesterday I met Julia.	e3310c6a-a3de-5ca8-82b7-fdd794ce3295	25	22
Ieri ho conosciuto Julia.	Yesterday I met Julia.	03ce92d5-0a27-552c-b478-9daa89e9b24a	25	22
Spero siano tutte giuste.	I hope they're all correct.	6cd0a038-aa01-5d93-afbb-e7f26f975f20	25	27
Vai a parlare con il mio collega.	Go and speak to my colleague.	a1e650e3-1ad2-51c4-b15e-67231bfdfb6f	33	29
Vada a parlare con il mio collega.	Go and speak to my colleague.	7eaab829-f857-5183-a2ab-23f34d9668f5	34	29
Andate a parlare con il mio collega.	Go and speak to my colleague.	618c4e74-17b2-5405-a1b6-55ffc4c272e1	36	29
Vai a parlare con la mia collega.	Go and speak to my colleague.	171fa552-e407-567f-a967-eb2b32a7e99e	33	29
Vada a parlare con la mia collega.	Go and speak to my colleague.	27f6755c-6149-523a-9812-73e3850819d8	34	29
Andate a parlare con la mia collega.	Go and speak to my colleague.	647785ce-5630-586c-83c8-fc695a769086	36	29
Ti aiuterò a cercare Tom.	I'll help you look for Tom.	c39c9639-e423-5ea4-8f48-d68d6870fc17	25	27
Vi aiuterò a cercare Tom.	I'll help you look for Tom.	0a8442ff-19ec-5f2e-9d9d-4146205a9b02	25	27
L'aiuterò a cercare Tom.	I'll help you look for Tom.	a4546c11-528c-597e-8fc7-a06f1ecdfe8e	24	27
Tom è un uomo molto impegnato.	Tom is a very busy man.	37861125-bbaf-59a0-858f-d6e0ba2862ea	30	23
Tom è una persona molto impegnata.	Tom is a very busy person.	978d17cd-2256-571d-9bb9-dea7716dfa1e	34	26
Tom è un mio ottimo amico.	Tom is a very good friend of mine.	bf1b204f-4d3d-5de7-910e-719297762e51	26	34
Tom è un ottimo amico.	Tom is a very good friend.	dfd5ce63-4baf-5721-880b-f8500854b418	22	26
Tom è un ragazzo molto pigro.	Tom is a very lazy boy.	7e1cf1d3-696d-5a07-a91e-b26823688e55	29	23
Tom è in grado di nuotare bene.	Tom is able to swim well.	2a0c6bcf-d3ce-5a1f-8773-8df24b68c83b	31	25
Tom è in grado di parlare il francese.	Tom is able to speak French.	5ff014e7-d894-5618-99fe-1fb993cd9807	38	28
Tom è un uomo molto forte.	Tom is a very strong man.	c2ab3c87-288c-553b-868c-a351f50ccfd1	26	25
Tom è un tennista molto bravo.	Tom is a very good tennis player.	4aae61a7-2e51-5cde-a68a-d12fedb6ba79	30	33
Tom ha circa trent'anni.	Tom is about thirty.	6abfdbc2-d2a9-5c60-83e8-9d25f9ee53c9	24	20
Tom ha paura di Mary.	Tom is afraid of Mary.	97031c98-af06-5e04-bc6b-5e07a9ab3e91	21	22
Sei libero ora?	Are you free now?	24ff4a15-2dcd-54c7-b4cf-3149ac92b150	15	17
Sei libera ora?	Are you free now?	3ca16d6e-aa24-57f6-b687-3c0fd0a4ebb3	15	17
Sei libero adesso?	Are you free now?	b5217e23-22a0-5e71-8eed-d86e243fa2a1	18	17
Sei libera adesso?	Are you free now?	eda08efc-3aaf-5a14-abcb-04a14b0657c2	18	17
È libero adesso?	Are you free now?	94069564-52df-5c28-a9d5-5d0563509063	16	17
È libera adesso?	Are you free now?	001f600a-b75a-5d65-90dd-46d95373001d	16	17
È libero ora?	Are you free now?	eaa121a3-255a-5ad8-8321-474d31995027	13	17
È libera ora?	Are you free now?	a398d2f2-b158-571e-8cec-1c6546c96d94	13	17
Siete liberi ora?	Are you free now?	44c40930-f81a-53cc-8b3a-d0b20a647496	17	17
Siete libere ora?	Are you free now?	e07a9cdc-9a6f-5825-8dba-9bd34704e2f0	17	17
Siete liberi adesso?	Are you free now?	150165cd-36af-5c98-817a-37964a02908f	20	17
Siete libere adesso?	Are you free now?	471c064e-0de8-530d-9ff6-0abe953eb4d8	20	17
Lui ha il mal di testa.	He has a headache.	7f63d75a-48a2-5706-b9ef-2e68ee644f5e	23	18
L'ambiente di lavoro di Tom era buono.	Tom's work environment was good.	02a881bf-259e-559f-858a-2cc8f01533f3	38	32
L'ambiente lavorativo di Tom era buono.	Tom's work environment was good.	a8eb8628-a80a-59b8-a096-80276c457622	39	32
Tom ha paura del buio.	Tom is afraid of the dark.	be232c7e-05a4-5855-a327-4b3c8638d1b2	22	26
Tom ha paura dei serpenti.	Tom is afraid of snakes.	a2c9700b-4e1e-58ba-a551-77f407d71f12	26	24
Tom è sempre impegnato.	Tom is always busy.	6c0e9660-f5a9-5285-be51-acdbf08edfb2	23	19
Tom è sempre occupato.	Tom is always busy.	f76e6884-62ce-51d1-be89-4ec8f74ad0d6	22	19
Tom sta sempre mangiando.	Tom is always eating.	6cddba7e-3388-5119-8ae8-5fb1fe79747f	25	21
Tom è sempre felice.	Tom is always happy.	a449bc39-980e-547e-95bd-0dae81e2ab02	20	20
Tom è sempre qui.	Tom is always here.	79962c38-2f41-5b2d-bef2-003101f86a47	17	19
Tom ha sempre ragione.	Tom is always right.	b0d30f82-e9fe-53f5-86d7-765a10c8aa41	22	20
Tom è un adulto.	Tom is an adult.	41ee5fac-dbbf-5b68-afcd-82f5dde60651	16	16
Tom è adulto.	Tom is an adult.	3151a6a7-40b3-5271-8c15-9392a0a4f2f6	13	16
Tom è adulto ora.	Tom is an adult now.	90950c05-9729-5eab-9740-503a336031b5	17	20
Tom è adulto adesso.	Tom is an adult now.	a4033509-b5f6-5291-b756-bbbf5c6a381c	20	20
Tom è un adulto ora.	Tom is an adult now.	111f5d1e-350a-5352-91f9-92f25a74a5cd	20	20
Tom è un adulto adesso.	Tom is an adult now.	c28f9ecd-d0f0-573f-b930-ba5602cb7b15	23	20
Tom è un artista.	Tom is an artist.	4f05d93e-d4cd-5e4c-a4d3-7cb73a26af2f	17	17
Tom è un ingegnere.	Tom is an engineer.	42ffa52c-4347-55b2-9344-070dbae549ce	19	19
Tom è un tipo interessante.	Tom is an interesting guy.	c178a3c2-cc9f-5bae-9b64-3d03e65403dd	27	26
Tom è un tizio interessante.	Tom is an interesting guy.	80ae029c-c3f8-52f3-a2aa-6d223c57e697	28	26
Tom parla sempre.	Tom is always talking.	27ec4105-e098-572f-8afa-69d34182e68e	17	22
Non prendere le cose così seriamente.	Don't take things so seriously.	328d2b40-cbf7-5002-80a8-9227162827c7	37	31
Non prendete le cose così seriamente.	Don't take things so seriously.	5309a482-f6f9-5ed5-a51a-8e7aa959a77d	37	31
Non prenda le cose così seriamente.	Don't take things so seriously.	00e34b9d-e5ca-5b11-91ea-cb54acd2b0a3	35	31
È troppo piccante per me.	It's too spicy for me.	d79fd196-9305-5efe-80aa-a1b688b99df2	25	22
Ci si vede domani?	We're meeting up tomorrow?	b95c7a28-16bb-5a5f-8e27-c30f5326f091	18	26
So che è vera.	I know it to be true.	30e6b28d-b187-5507-bde5-173f6ef78e3d	14	21
Lo so che è vera.	I know it to be true.	618e1477-b8e5-5011-bcbe-30746bf7a90b	17	21
Lo so che ciò è strano.	I know this is weird.	a58c064f-839f-5cda-bb9d-1f6226ffeb50	23	21
Conosco il linguaggio dei segni.	I know sign language.	193a5d42-2772-5be4-b99b-30ef44424824	32	21
Io conosco il linguaggio dei segni.	I know sign language.	6204fec1-6008-55a7-9c44-f886df285517	35	21
Tom sta dormendo nella sua stanza.	Tom is asleep in his room.	59ec7745-d279-54e7-98f6-70484ae5309f	34	26
Tom sta dormendo nella sua camera.	Tom is asleep in his room.	1d3f7468-49cb-5b43-bfe3-95e499d61323	34	26
Tom sta facendo delle domande.	Tom is asking questions.	6a6fdf46-659d-5c5a-ab13-600e3a62d602	30	24
Tom è arrabbiato con Mary.	Tom is angry with Mary.	8361f966-8ad6-5c12-866d-80dff16594ee	26	23
Tom è arrabbiato ora.	Tom is angry now.	89176a49-f00b-525f-b470-12352d08feee	21	17
Tom è arrabbiato adesso.	Tom is angry now.	7121fe7b-8cd0-56b7-a579-0906df770959	24	17
Tom è grosso.	Tom is big.	31736638-cfa2-572e-a29b-c8f05bef83c1	13	11
Tom è noioso.	Tom is boring.	3651eebe-ccda-57b7-8b72-7f61839ca561	13	14
Tom è a scuola.	Tom is at school.	db012680-6943-5818-985f-ea41e87b6b0e	15	17
Tom sta meglio.	Tom is better.	7c1838e4-9da7-59fb-909f-8de3aba67741	15	14
Tom è meglio.	Tom is better.	f39a8193-fba1-53d3-835b-40d46275bae1	13	14
Comprerò la tua casa per diecimila dollari.	I will buy your house for ten thousand dollars.	c5e4693b-ddc7-5c0f-aa19-c66d0fe4bad0	43	47
Comprerò la sua casa per diecimila dollari.	I will buy your house for ten thousand dollars.	8ac8b925-d83b-5da3-811b-f5d3925d7376	43	47
Comprerò la vostra casa per diecimila dollari.	I will buy your house for ten thousand dollars.	c6e783a4-e4ec-589c-a6de-b9e77f7d2242	46	47
So che ciò è duro.	I know this is tough.	384a7a00-2ce3-5cf6-ae68-bf521f38dd7a	18	21
So che ciò è difficile.	I know this is tough.	6b79b6f7-995c-594f-96b4-17e2a1574613	23	21
So che Tom è da queste parti.	I know Tom is nearby.	3d13c99e-15da-5935-9458-386ae8162e4f	29	21
Non doni mai niente a nessuno.	You never donate anything to anybody.	12c92083-1ba1-5c0c-9bba-4e6b3ffaa850	30	37
Tu non doni mai niente a nessuno.	You never donate anything to anybody.	bf3ff4fb-86f8-593c-b985-14a141db186e	33	37
Non dona mai niente a nessuno.	You never donate anything to anybody.	e7a78a20-2a27-5963-ad0a-a76dc230e289	30	37
Lei non dona mai niente a nessuno.	You never donate anything to anybody.	1ef0c8c6-fca9-5327-b10a-023e1777b209	34	37
Non donate mai niente a nessuno.	You never donate anything to anybody.	ee97a43f-36c5-5b63-b0d0-825a5fb02bc8	32	37
Voi non donate mai niente a nessuno.	You never donate anything to anybody.	32fc0b85-ae3b-5a39-9707-416c2034df5b	36	37
Sto contando in tedesco.	I am counting in German.	4987678e-9d33-5627-a136-055238d8dc5f	24	24
Io sto contando in tedesco.	I am counting in German.	b41dbd96-6e82-5018-aa76-a8046ce5349b	27	24
Non ne ho sentito parlare.	I hadn't heard of it.	e99c0319-32e1-57f6-b303-465710b39894	26	21
Io non ne ho sentito parlare.	I hadn't heard of it.	97847b1f-3a29-5f11-a9d2-748c72b278e2	29	21
Tom è freddo.	Tom is cold.	a3cf4c60-9845-563b-93ee-cb3af18629a0	13	12
Tom ha freddo.	Tom is cold.	88168f94-8323-5572-81a1-99996f1a103c	14	12
Tom viene oggi.	Tom is coming today.	bcccc5c0-ffbb-5d7f-8867-4cab87e648ab	15	20
Tom è prudente.	Tom is careful.	22e185ac-d03e-509f-aad5-acf7264fcbaf	15	15
Tom è cauto.	Tom is careful.	af881ab1-e1ed-56a6-8978-acdcf7955ed5	12	15
Tom è attento.	Tom is careful.	6a12c836-67f2-5e56-a73c-4f8532587499	14	15
Tom è circospetto.	Tom is careful.	43f709ce-1b6b-5493-9db1-412df9228e2e	18	15
Tom è preciso.	Tom is careful.	94ce0447-cb99-5b9b-b680-252de8796afc	14	15
Tom non deve lavorare. È ricco.	Tom doesn't need to work. He's rich.	ca3c352a-0705-5506-9f9a-6ad1f1f995e4	31	36
Tom non ha bisogno di lavorare. È ricco.	Tom doesn't need to work. He's rich.	2822ff71-4cfc-5c2a-94f0-b4657baa6f1d	40	36
Tom non deve lavorare. Lui è ricco.	Tom doesn't need to work. He's rich.	ecff6d64-4a34-57f8-86b9-f582dc6dc2a7	35	36
Tom non ha bisogno di lavorare. Lui è ricco.	Tom doesn't need to work. He's rich.	a46422fb-fefd-5c47-9040-67af79a18558	44	36
Lo so che Tom era stanco.	I know Tom was tired.	21831359-d8a9-570c-9767-4be3a46d37df	25	21
Lo so che Tom era arrabbiato.	I know Tom was angry.	4c31a82a-e8ef-552c-9fc5-71a75609c769	29	21
Non sta correndo.	She isn't running.	2a1e0c49-ef59-5aab-b736-6c223537de5a	17	18
Lei non sta correndo.	She isn't running.	df5858c3-00da-522c-b611-1b06f4878544	21	18
Lui non sta correndo.	He isn't running.	1c431a13-5d77-5250-8be0-9c69aca62c3a	21	17
Non so dove hanno nascosto la chiave.	I don't know where they hid the key.	18b95c88-f798-526f-9989-7a1a3f8762dd	37	36
Io non so dove hanno nascosto la chiave.	I don't know where they hid the key.	9cdc1331-d1c0-5937-b3b1-dae8811d82e9	40	36
Non lo so dove hanno nascosto la chiave.	I don't know where they hid the key.	0234bff4-e34b-59cd-bac2-bb3f3bf19892	40	36
Io non lo so dove hanno nascosto la chiave.	I don't know where they hid the key.	c7a765f0-1a6b-553a-866a-784f39dc92fa	43	36
Meg era d'accordo con il piano di Ken.	Meg agreed to Ken's plan.	aacd4680-adf6-5bc9-a264-d088e81ed6a2	38	25
Vorrei una camera con una bella vista, per favore.	I'd like a room with a good view, please.	2e4f1a6b-2cd1-50ac-bffa-b910f7e00d2a	50	41
Vorrei una stanza con una bella vista, per favore.	I'd like a room with a good view, please.	e60c9f9c-514c-54fe-95c6-5bac1bad76af	50	41
Tom è distratto.	Tom is careless.	c4121947-fa29-5727-9b9c-e6f0a2dec333	16	16
Tom è disattento.	Tom is careless.	c23d1f09-f83d-56ee-8472-d6db03136d5e	17	16
Tom è superficiale.	Tom is careless.	d41e1a51-01f9-502b-9ee9-0fff69ac006b	19	16
Tom è noncurante.	Tom is careless.	72ae49cb-82f2-5f1f-b77d-eb46f11210fa	17	16
Tom è negligente.	Tom is careless.	730799d7-4942-504b-9153-96f69d4f31cb	17	16
Tom è sbadato.	Tom is careless.	749d5f5c-d6aa-553b-8c31-10d85977f264	14	16
Tom è malaccorto.	Tom is careless.	e9a56275-1903-5ebb-8b15-b1fec1d591b1	17	16
Tom è incauto.	Tom is careless.	0e1e7fc9-52a3-599e-865b-b0c84cccc0ec	14	16
Tom è curioso.	Tom is curious.	a402ca32-d296-59cf-b6c0-7eae0286c976	14	15
Tom sta piangendo ora.	Tom is crying now.	0a753ab6-6db2-50b1-9c5d-a0abd3bb40f3	22	18
Tom sta piangendo adesso.	Tom is crying now.	4750c60c-6656-5b40-8177-258d42c735f9	25	18
Anche Tom sta piangendo.	Tom is crying, too.	35e5635c-efe6-5afd-b2c9-e65829a295cb	24	19
Tom mi ha detto che si sposerà.	Tom told me he's getting married.	63038f9c-34be-53eb-8407-f856e2406b7e	31	33
Sa come friggere le uova.	He knows how to fry eggs.	7bbe579d-9b48-5568-8ee8-26dc0391ec09	25	25
Non c'è quasi più acqua nel secchio.	There's almost no water in the bucket.	a6e5f21f-c713-5014-9126-39cff7f3c3b8	36	38
Tom sta guidando.	Tom is driving.	a92cb558-8ee8-599f-8753-077d519685ea	17	15
Tom è morto giovane.	Tom died young.	9e3dff42-825e-5558-ad04-0307b8e7e4c5	20	15
Tom morì giovane.	Tom died young.	891bfacc-1ecc-569f-bba4-c60305b9b750	17	15
Tom è morto ieri.	Tom died yesterday.	219b321f-5b05-5c73-87db-77cbb083cd21	17	19
Tom è morto con un coltello nella schiena.	Tom died with a knife in his back.	daff74ae-b085-55b5-9132-0b2eb4386f49	42	34
Tom morì con un coltello nella schiena.	Tom died with a knife in his back.	b01e2fc2-ccef-539d-9a5c-ad7b36578475	39	34
Tom è morto con una pistola in mano.	Tom died with a gun in his hand.	4b9ff475-e9c2-54f8-b710-85086f053f85	36	32
Tom morì con una pistola in mano.	Tom died with a gun in his hand.	2578c142-1664-53d0-81f5-503925ef875e	33	32
Le è venuto uno sfogo sul collo.	A rash broke out on her neck.	15b3a31b-b989-598c-a944-fd4ce1716efe	32	29
Tom sta mangiando dei biscotti.	Tom is eating cookies.	28a60b34-8fa9-554b-b2ee-e2d1a341f882	31	22
Tom sta mangiando dei cookie.	Tom is eating cookies.	0fdeee51-1fa4-5b42-8f8d-cf768c34de5d	29	22
L'ho comprato a un grande magazzino.	I bought it at a department store.	a26790b2-abd7-565d-be71-fdc9e38482a8	36	34
Tom sta pranzando ora.	Tom is eating lunch now.	bf3c1b19-0e15-5ab0-bd46-96337b384371	22	24
Tom sta pranzando adesso.	Tom is eating lunch now.	f9df1c80-3a35-5279-a7db-d85dd4444931	25	24
Tom è morto quando aveva settant'anni.	Tom died when he was seventy years old.	ea3185ac-86b5-5ff2-b7b0-7a7da3db6dce	38	39
Tom morì quando aveva settant'anni.	Tom died when he was seventy years old.	d4c7f6bc-7b0e-5cb5-9c94-6add3969743c	35	39
Tom è morto quando aveva 97 anni.	Tom died when he was 97.	05d9a28f-992a-59c5-9dcb-f685f98f2b74	33	24
Tom morì quando aveva 97 anni.	Tom died when he was 97.	de948840-c201-5f38-976c-941d83967fcf	30	24
Tom è morto quando aveva novantasette anni.	Tom died when he was 97.	25eed13b-c101-5735-9bf6-c786daff52d8	43	24
Tom morì quando aveva novantasette anni.	Tom died when he was 97.	eab50dd9-9c25-5be5-923e-925ba039f973	40	24
Facebook è bloccato in Cina.	Facebook is blocked in China.	9b0fac4f-340a-5acd-8954-bd4ef260731b	28	29
Tom è di queste parti.	Tom is from here.	08457293-aebe-58aa-b2f4-34d48be7218b	22	17
Tom sta pescando ora.	Tom is fishing now.	43394c97-7f55-5240-b440-4fcd6f161382	21	19
Tom sta pescando adesso.	Tom is fishing now.	219f689e-2484-5c98-a723-1b60e818ca7c	24	19
Tom è il primo.	Tom is first.	a157864f-cbd3-53c7-b758-fbb91127cbb9	15	13
Tom è primo.	Tom is first.	22e0e968-dcb8-59b0-977d-a4e80b726e48	12	13
Tom si sente meglio.	Tom is feeling better.	4fdd96ab-0bf3-5c20-a6a6-9768fd6aaeca	20	22
Tom si sta sentendo meglio.	Tom is feeling better.	05d1bdf3-ede4-5109-99cc-0f2ba0ae6517	27	22
Tom è socievole.	Tom is friendly.	30eb22ae-70b7-56fc-add6-762ecd9ce44e	16	16
Sono stanco di quello.	I'm tired of it.	19cfd866-292b-5dc9-b620-5a7c8ccf0c27	22	16
Questo è diverso.	This one's different.	adc6b338-e197-5510-9e86-53e3ed575e3b	17	21
Tom troverà Mary.	Tom will find Mary.	1478ff33-2f97-5cd0-8d04-ff9dcd529a24	17	19
Tom non riesce a ricordare dove.	Tom can't remember where.	222317a6-3558-598c-8a16-1d4b484abfd6	32	25
Era preoccupata di perdere il treno.	She was worried that she might miss the train.	b261159f-d3fa-552d-bc59-b6c7184a2a06	36	46
Tom è in ritardo.	Tom is late.	01230be4-ceb4-5ce6-b3ca-437fa41dd2b8	17	12
Tom sta baciando Mary.	Tom is kissing Mary.	8b61b016-88e1-5738-8359-4372ba458130	22	20
Tom sta baciando sua moglie.	Tom is kissing his wife.	112b9d8b-69cb-51ec-b870-7ba815f4aa14	28	24
Ciò che Tom vorrebbe è quello?	Is that what Tom would want?	1dda2c37-aace-5485-82e5-11c623823ed0	30	28
È una delle città più inquinate al mondo.	It's one of the most polluted cities in the world.	ee1a2733-22bc-5840-9529-ad9a31e6334e	41	50
Vogliamo affittare un appartamento in città.	We want to rent an apartment in the city.	dc67c5cf-af74-59ed-8685-e3b457cc6456	44	41
Mi sono tagliato mentre mi rasavo.	I cut myself while shaving.	49f5e162-55ff-55b1-bc25-31a8d5953acf	34	27
Questo semplicemente dimostra che sei un bugiardo.	That just goes to prove that you are a liar.	2c596b3a-e851-5cc3-9e7b-1a150e9701fe	50	44
Tom sta andando a casa.	Tom is going home.	7a89b1fc-fbdb-58fd-878c-5ee3d2c4054e	23	18
Tom sta andando in banca.	Tom is going to the bank.	b83d1a98-4261-5956-aa8d-65c4f41cae18	25	25
Tom sta diventando più forte.	Tom is getting stronger.	2980f7db-5c8c-5ddb-8b79-b07659a1db21	29	24
Tom sta andando al concerto con Mary.	Tom is going to the concert with Mary.	ecbed405-83f0-50b7-a9b0-af2ff1999553	37	38
Tom va a trovare Mary domani.	Tom is going to visit Mary tomorrow.	4a872d61-05bb-5e5a-b6cb-778bf96a1712	29	36
Tom si sta preoccupando.	Tom is getting worried.	4bbf4052-1ff8-5638-93f6-c390160bd56c	24	23
Tom è pieno.	Tom is full.	c5f6e604-8846-5c46-b98d-a0a4b3fffa53	12	12
Tom si sta arrabbiando.	Tom is getting angry.	9d63eee9-3ace-540f-bf8b-81b21d4d9766	23	21
Tom sta diventando vecchio.	Tom is getting old.	d9a3ef89-10a7-56a9-9226-cc521d20970a	27	19
Tom sta invecchiando.	Tom is getting old.	e2470221-8634-5968-b8ce-518ce37c4c4e	21	19
Tom si sta preparando.	Tom is getting ready.	7a26d7c4-4bf1-5a1f-aa81-f3916c28fa27	22	21
Tom sta diventando ricco.	Tom is getting rich.	9decd36a-4755-5336-85e1-125255af1657	25	20
Tom si sta arricchendo.	Tom is getting rich.	1388b4de-7ba8-502b-8b7c-7623066a8087	23	20
Tom sta per vincere.	Tom is going to win.	b9c6a3fd-34c2-5231-a90f-2ad9f10ba6bc	20	20
Tom è sul punto di vincere.	Tom is going to win.	c837edab-072c-5ab9-9aa0-8b9bd6dffa8a	27	20
Tom è bravo a sciare.	Tom is good at skiing.	ad0b4947-de4a-5190-b6f6-18ca8c939bd9	21	22
Tom è bravo in francese.	Tom is good at French.	5430a74e-c53f-583b-a6c9-e09af1bd4dcf	24	22
Tom è bravo a rugby.	Tom is good at rugby.	758df555-d25a-5c07-8509-5b60f5bb3021	20	21
Tom è bravo a cantare.	Tom is good at singing.	eea9d34d-155a-5dd4-b59a-8540e116a695	22	23
Mentre giocava a rugby si è infortunato.	Playing rugby, he got injured.	51a86bbc-ec47-558c-b9fa-e577816a1d7d	40	30
Mentre giocava a rugby si è ferito.	Playing rugby, he got injured.	dba564fa-46e6-54c6-8b01-ac80382e1068	35	30
Il rugby è uno sport all'aperto.	Rugby is an outdoor game.	8b3a77ab-9a30-53d6-9881-19a7831be53a	32	25
Quante persone servono per una partita di rugby?	How many people do you need for a rugby game?	a6a3453d-fd79-5dce-822f-a41fef04d1a1	48	45
Giochi a calcio o a rugby?	Do you play soccer or rugby?	1e2d5aee-be05-597f-ad10-22ff171d3430	26	28
Tu giochi a calcio o a rugby?	Do you play soccer or rugby?	3a3153e5-b07c-5bd6-a3e4-eae6ff692e7c	29	28
Gioca a calcio o a rugby?	Do you play soccer or rugby?	41e877b0-523f-5969-9b9b-e411a432ec4f	25	28
Lei gioca a calcio o a rugby?	Do you play soccer or rugby?	6e17cd81-e00a-5a06-8f91-ac6207200cfb	29	28
Giocate a calcio o a rugby?	Do you play soccer or rugby?	e4a305a6-7f88-542e-93f6-883d841088dc	27	28
Voi giocate a calcio o a rugby?	Do you play soccer or rugby?	1ee2bdfa-cdd4-534a-a991-faa87b4f1578	31	28
Tra calcio e rugby, preferisco il secondo.	Of soccer and rugby, I prefer the latter.	b1a833a1-0f4d-59a4-b9f3-f5f3769b29bd	42	41
Tra calcio e rugby, io preferisco il secondo.	Of soccer and rugby, I prefer the latter.	75e385bb-5e1d-552c-a6cc-d423759c382c	45	41
Tom è bravo a cucinare.	Tom is good at cooking.	bb8ecd75-ce7c-53dc-9d3f-c7bd5f762cac	23	23
Un nuovo papa è stato eletto.	A new pope has been elected.	dd04b66b-2147-572d-989b-a15cdb4e7eee	29	28
È stato eletto un nuovo papa.	A new pope has been elected.	edf2ee7c-67c2-5362-95ab-4857c7596a69	29	28
Mi piacciono gli sport come il calcio e il rugby.	I like such sports as soccer and rugby.	858b1437-7170-5445-9014-b43cb3f2368e	49	39
È un bel dipinto.	It's a beautiful painting.	a312a694-b176-5f5d-920f-cfc09bf7d632	17	26
Registrai una partita di rugby su videocassetta.	I recorded a rugby game on videotape.	481d53da-d6b2-5942-90b2-78d96001d3a1	48	37
È bravo a rugby.	He is good at rugby.	2ad2236b-6bc1-5faf-a1d8-a49ae247898b	16	20
Lui è bravo a rugby.	He is good at rugby.	ba9f1b34-68e0-5819-a652-fabccde81ae3	20	20
Quella è la famiglia di Tom.	That's Tom's family.	6b0ddac0-2d69-5822-a535-50f20d2be558	28	20
Tom ha iniziato a giocare a rugby tre anni fa.	Tom started playing rugby three years ago.	99b01fb9-bb08-57d7-bf4e-545a8ef20f7a	46	42
Tom gioca a rugby.	Tom plays rugby.	310cd7c7-f435-55d2-98df-2a171e3738af	18	16
Tom non gioca a rugby.	Tom doesn't play rugby.	06cded5d-cc79-5e08-ac03-3e4306d4c076	22	23
È la famiglia di Tom.	That's Tom's family.	68b55ace-ebcf-5d90-afcd-f05cff08cfb7	21	20
Tom è felice ora.	Tom is happy now.	de16eede-ec1d-5fc3-a175-a3bab6fa8914	17	17
Tom è felice adesso.	Tom is happy now.	4311a368-e048-592f-8e9f-7da3af205533	20	17
Tom è buono.	Tom is good.	b68540d4-bcee-5e43-b07b-28c2e90b16e6	12	12
Tom è duro.	Tom is harsh.	35617a9b-003c-527e-9efa-4c9949fd7e52	11	13
Tom è rigido.	Tom is harsh.	fbea7d82-bbef-508c-9c83-1935d76ea8d9	13	13
Tom è bravo.	Tom is good.	9bea3782-a5bd-5d12-9e5f-31a5b0ace31f	12	12
Tom è bravo a nuotare.	Tom is good at swimming.	22018c16-5f04-58c4-a300-df8bc15ec816	22	24
Tom è di nuovo felice.	Tom is happy again.	39cd8b62-e831-5451-a77c-6d7e79d2453a	22	19
Tom è onesto.	Tom is honest.	a87326b7-0332-54dd-a5c6-e1e8fc03bde9	13	14
Tom è qui ora.	Tom is here now.	40429991-2cac-5380-8c2b-011f1140b1cd	14	16
Anche Tom è qui.	Tom is here, too.	87d883f3-3ef3-5445-95b9-1fe710efb6c9	16	17
Tom è qui adesso.	Tom is here now.	17d2d5b4-cea6-5599-b43d-2453657fb7de	17	16
Tom è di nuovo qui.	Tom is here again.	cc4f298d-d8f9-50f9-a74c-6d838144bcd9	19	18
Tom è in Australia.	Tom is in Australia.	6e0e2471-a9fe-5b35-94a2-8e651cf2bf71	19	20
Tom è al college.	Tom is in college.	e6e713af-ef63-5196-b6f1-7df399454ecb	17	18
Tom è a Boston.	Tom is in Boston.	d7695572-7a3d-576c-a007-879633a620ff	15	17
Tom è in paradiso.	Tom is in heaven.	1c0ed351-4012-5329-a5f3-5a6add9a4255	18	17
Tom è qui dentro.	Tom is in here.	579b4f5d-8060-5023-9eee-e2806c4c2e97	17	15
Tom è nel suo ufficio.	Tom is in his office.	5baeb9ba-d6d7-5720-a41f-8de875664f11	22	21
Tom è nella sua stanza ora.	Tom is in his room now.	b9d5ce2c-87d0-5580-99b7-97f0ddebdaaf	27	23
Tom è nella sua stanza adesso.	Tom is in his room now.	42029af7-9a6b-57f7-8c51-282f5196efe4	30	23
Tom è in camera sua ora.	Tom is in his room now.	cfb25ce2-c67c-5738-9e57-410df861660c	24	23
Tom è in camera sua adesso.	Tom is in his room now.	a3fd8aec-49d4-5ba1-886b-a9c29d77002f	27	23
Tom è in bagno.	Tom is in the bathroom.	aa5689b6-9588-5285-a8ae-2954671de0dd	15	23
Tom è in casa.	Tom is in the house.	b45de7c4-d22a-5489-ba6d-4d419ca393bc	14	20
Tom è dentro.	Tom is inside.	e33f17e7-5cfa-55a7-8bc0-e6259f3ee084	13	14
Tom è in cucina.	Tom is in the kitchen.	c4253afd-afd2-571b-81fd-e683e7fcd86b	16	22
Tom è lì dentro.	Tom is in there.	cc962f28-fa61-516c-abeb-5907a3cd2ced	16	16
Raccontami tutto di te.	Tell me everything about you.	1888ec33-3c99-592e-8e02-09d6f3f5e800	23	29
