text_it	text_en	hash	text_it_length	text_en_length
Io ero sorpresa dalle notizie.	I was surprised at the news.	98ac25d1-d2a7-59c5-88cc-592517c4c929	30	28
Sii d'aiuto.	Be supportive.	f60fbae8-4097-5a96-9b12-80baa8420414	12	14
Sia d'aiuto.	Be supportive.	6fabe5fe-2ccf-57f5-af4c-d614171bcd01	12	14
Siate d'aiuto.	Be supportive.	96c177b6-aa74-567e-ab80-aa458b132a5d	14	14
Ho fatto una smorfia.	I cringed.	d56c47fc-4c58-539c-9e38-0e89ca16ad17	21	10
Feci una smorfia.	I cringed.	3b4aac18-7233-5b95-9241-975c45c61e6e	17	10
Parla piano.	Speak softly.	1bb5f8cf-2028-539c-a1ac-bc658dd9eef1	12	13
Parlate piano.	Speak softly.	3db10818-2286-5d0e-a252-5bf80b84d5e2	14	13
Parli piano.	Speak softly.	3ffd9807-15c1-57ff-9b16-31b00d40d094	12	13
Ascolta.	Listen up.	fdebd000-cb98-5cff-a217-fe48e2bb13e3	8	10
Ascolti.	Listen up.	feae85d3-c68c-573a-966f-02c643748a8f	8	10
Ascoltate.	Listen up.	a98915af-4a0f-5f87-a85a-85933217a354	10	10
Ripara questo.	Fix this.	01e94a74-78c6-5e6a-b418-c57e7b55eba9	14	9
Riparate questo.	Fix this.	62df3f4b-7f5c-5149-b080-4c0408d7bb73	16	9
Ripari questo.	Fix this.	96e9f9c3-7690-5feb-bcee-4ceab5bf3a19	14	9
Fissa questo.	Fix this.	4cd94c8c-a72b-5cfa-af0a-6f70b4d73d35	13	9
Fissate questo.	Fix this.	835381f4-4987-542e-a556-a02ed4f1633a	15	9
Fissi questo.	Fix this.	8ac400da-8734-5df5-a32d-62fcf08e39b0	13	9
Spiegati.	Explain yourself.	aa1962cb-12aa-55d2-ae65-035cbe81124c	9	17
Si spieghi.	Explain yourself.	8845a2ed-4083-5dec-b267-f5eb5c398a2d	11	17
Abbiamo acconsentito.	We agreed.	d6f60a9f-5044-541c-b276-50534d5ed40d	21	10
Acconsentimmo.	We agreed.	5140fa96-b88c-57ef-b687-d7d6798ff5eb	14	10
Nessuno ha dormito.	Nobody slept.	48e4d020-d64b-5664-9d3e-55e0e8f400c1	19	13
Nessuno dormì.	Nobody slept.	e94c5ceb-6a3f-5fde-9f2e-202c303ccb44	14	13
Comportatevi bene!	Behave yourselves!	1809903f-69d6-5d59-8cf3-c00c920c14e5	18	18
Ho bruciore di stomaco.	I have heartburn.	7bbbd6dd-d7a2-56dd-aa31-f0fb43bd7391	23	17
Posso usare liberamente questa stanza?	Can I use this room freely?	7c9f79bc-887c-5ee2-8362-4cd846bf48ae	38	27
Posso utilizzare liberamente questa stanza?	Can I use this room freely?	f2095787-a0a6-5dbe-9eb0-bea66a27b628	43	27
Preferisco questo a quello.	I like this better than that.	02f2ae1f-eba2-5023-a581-91b12732b1dd	27	29
Io preferisco questo a quello.	I like this better than that.	3b6b321c-dd75-52b0-9c9c-3d9a5449b3d6	30	29
Abbiamo discusso di politica.	We argued politics.	9224a225-2af3-5827-8e3f-2e3dfd2d1011	29	19
Noi abbiamo discusso di politica.	We argued politics.	25c10860-4b59-5752-b556-bd3d8b45b113	33	19
Cos'è stato rubato?	What was stolen?	9984f552-a735-5adc-bffc-0b83e65b0d10	19	16
Chiedimi qualunque cosa!	Ask me anything!	f965f01b-be24-5c5a-aed8-16ae844b5fd3	24	16
Chiedimi qualsiasi cosa!	Ask me anything!	632adb66-3528-5548-a224-5fd68923a28b	24	16
Mi chieda qualunque cosa!	Ask me anything!	29ee244f-9d96-547d-aeec-5879464f491d	25	16
Mi chieda qualsiasi cosa!	Ask me anything!	072c7ae7-3b38-50a7-9471-51f1ee4d7cc8	25	16
Chiedetemi qualsiasi cosa!	Ask me anything!	217bedbc-47dd-5124-ae1e-c0fef033faea	26	16
Chiedetemi qualunque cosa!	Ask me anything!	48fae80b-ab0c-58ec-842d-70f35bdabb63	26	16
La prima lezione inizia alle otto e mezza.	The first class begins at 8:30.	17fe70b5-a249-5b04-849a-89c6f7897dd1	42	31
La prima lezione comincia alle otto e mezza.	The first class begins at 8:30.	78c8cd5d-26f7-5920-a476-cddb263bbb27	44	31
È abituato al lavoro duro.	He is used to hard work.	f8c2313b-316a-5432-ba06-9e069e15f565	26	24
Lui è abituato al lavoro duro.	He is used to hard work.	40aaf686-d92b-50a3-a517-c7fe6edc4f5f	30	24
Si fidavano di lei.	They trusted her.	f8d9c604-9bc6-519c-859a-fc457364786f	19	17
Loro si fidavano di lei.	They trusted her.	a3403294-fa53-5817-9adb-0fa4075e1ecc	24	17
Si fidavano di lui.	They trusted him.	c1e114e1-1104-5323-ab5b-f237df74b9ab	19	17
Loro si fidavano di lui.	They trusted him.	f15e614f-4171-5675-8c39-9fe9d90bc6ef	24	17
Non è proprio una competizione.	It's not really a competition.	a552bb14-fcb1-55c2-8f09-24370f0461fe	31	30
È urgente andare in bagno.	It is urgent to go to the bathroom.	8e4c92d2-a93e-5c12-a0f8-f9c237301e79	26	35
Questo non è il tuo coltello.	This is not your knife.	da03c7b5-191e-51d0-9e6d-794c0cb99dfb	29	23
Questo non è il suo coltello.	This is not your knife.	152e30c9-a71d-5823-b672-6863aa4c55f4	29	23
Questo non è il vostro coltello.	This is not your knife.	46bb0711-43d6-5f54-8479-fbfb41fa977c	32	23
Non riuscivo a dormire per via del rumore.	I couldn't sleep because of the noise.	6dcc6cbd-a122-59c5-9e7e-8e7fd042ea1c	42	38
Io non riuscivo a dormire per via del rumore.	I couldn't sleep because of the noise.	3b7404db-dc87-5987-a471-fb687e980940	45	38
Voglio dare questo a Tom.	I want to give this to Tom.	4e5ef0ca-62d9-538f-a301-08deedc3d246	25	27
Io voglio dare questo a Tom.	I want to give this to Tom.	e6d4d3e1-c555-5a8c-a9b8-95593c14162c	28	27
Nessun altro ragazzo della classe è più alto.	No other boy in the class is taller.	db3cb570-9312-556c-9bf0-8d48b9aa16f3	45	36
È vero che non eri qui ieri?	Is it true that you weren't here yesterday?	9594d8e5-c4be-5d27-a65a-1c00091ea05e	28	43
È vero che non era qui ieri?	Is it true that you weren't here yesterday?	e64b1cdb-54c8-5ec2-8892-8803993af709	28	43
È vero che non eravate qui ieri?	Is it true that you weren't here yesterday?	fe28242f-5ece-522d-b80a-7714b9b708cb	32	43
Gli ho detto di non essere in ritardo.	I told him not to be late.	5436b76b-8c7d-5f63-ab23-a3ee2c01329a	38	26
Gli dissi di non essere in ritardo.	I told him not to be late.	95e6b199-3758-543d-adc0-81218d417cef	35	26
Le porte non si aprono.	The doors don't open.	8e0abf4d-630c-598e-9cee-4caa3ea74a54	23	21
Il mio computer fa un rumore davvero strano.	My computer makes a really weird noise.	051f5571-0c61-581c-81ed-0ccc23cd527c	44	39
Il mio computer fa un rumore veramente strano.	My computer makes a really weird noise.	3c241afd-d640-5504-890c-a5e3d0f5d596	46	39
Non siamo ancora disperati.	We're not desperate yet.	13c94208-ddd7-5896-9cb3-f86736e1904d	27	24
Non siamo ancora disperate.	We're not desperate yet.	dd2ad165-eea2-5994-a29f-7135a980a2b5	27	24
Bill è il più intelligente dei due fratelli.	Bill is the more clever of the two brothers.	cba3b681-d4b9-50de-8c42-b0b295cd306a	44	44
Saremo di ritorno il prima possibile.	We'll be back as soon as possible.	945b9ce7-3ea0-5c65-ba40-28f085f6ade6	37	34
Noi saremo di ritorno il prima possibile.	We'll be back as soon as possible.	04aca570-f23d-5d7e-b490-95882e95db74	41	34
Non funzionerà, vero?	It's not going to work, is it?	75f654a5-1b16-58b8-a825-6a42cdebb160	21	30
L'hanno torturata.	They tortured her.	e459c9d1-b0b4-50b0-b7c7-49a2677adaec	18	18
La torturarono.	They tortured her.	b650fc80-a76d-5fef-a8aa-45168faaab21	15	18
L'hanno torturato.	They tortured him.	0ef299ff-4323-5136-8d30-523dfdf98668	18	18
Lo torturarono.	They tortured him.	3e797a3a-8f98-5b9a-b93e-623e3346a54a	15	18
Tom ha aperto l'armadietto delle medicine.	Tom opened the medicine cabinet.	001507b4-5f83-52cc-9f60-e5333695f696	42	32
Tom aprì l'armadietto delle medicine.	Tom opened the medicine cabinet.	fb9d233e-e9df-5bee-86c1-c558e01abe21	37	32
Ho fatto di Ann la mia segretaria.	I made Ann my secretary.	1a8913d8-6d6b-5562-8ac6-06dcd25fbe33	34	24
Feci di Ann la mia segretaria.	I made Ann my secretary.	c4177a1d-b253-510c-a8fc-831e29f8a09a	30	24
Sono leggermente preoccupato per Tom.	I'm slightly worried about Tom.	fbe65f72-1def-5783-ac6a-ec3d0afa29a1	37	31
Io sono leggermente preoccupato per Tom.	I'm slightly worried about Tom.	af6d6ff9-38f5-5f6c-bcc0-bad5c00763b0	40	31
Sono leggermente preoccupata per Tom.	I'm slightly worried about Tom.	717659f6-7753-5901-b7c2-7fb3d24f2f93	37	31
Io sono leggermente preoccupata per Tom.	I'm slightly worried about Tom.	9975bed1-f694-54b9-b3f8-37ce649eca8f	40	31
A Tom piaceva suonare nella neve.	Tom liked to play in the snow.	d6d14908-b3a3-5cd2-a308-96ea5261b1f8	33	30
A Tom piaceva giocare nella neve.	Tom liked to play in the snow.	0255d251-0c93-5ab6-b37d-a6f548574594	33	30
Voi ragazzi dovete sbrigarvi.	You guys have to hurry.	decafc5c-11f2-5a22-ac08-03dff870cf2b	29	23
Voi ragazzi vi dovete sbrigare.	You guys have to hurry.	ad73a5e8-013f-5cfd-a9e4-6b7bffbc2e3b	31	23
Avevo un amico che si chiamava Tom.	I used to have a friend named Tom.	f300cf02-2c77-5bc3-a55e-5bc7eea4265e	35	34
Io avevo un amico che si chiamava Tom.	I used to have a friend named Tom.	876574ce-0400-56c4-b3a6-412ac227597f	38	34
Tom le ha chiesto se era Mary.	Tom asked her if she was Mary.	05fc1264-9b14-585c-acef-5bb38ddc8f3f	30	30
Tom le chiese se era Mary.	Tom asked her if she was Mary.	4423573c-bf9e-5096-b6c1-793ef8a1d4ac	26	30
Tom sapeva che Mary amava John.	Tom knew that Mary loved John.	97d6423f-d0a3-5da9-bfd9-32376d1c6df4	31	30
Tom era molto generoso.	Tom was very generous.	df1801d7-9881-53c1-829c-4db3a398fdd8	23	22
Il tuo amico è molto fortunato.	Your friend is very lucky.	d250b53a-c196-5102-bcec-2ebda1ebf6b2	31	26
Il suo amico è molto fortunato.	Your friend is very lucky.	b4c500a3-6274-549c-a577-43f001c14206	31	26
Il vostro amico è molto fortunato.	Your friend is very lucky.	9c94e955-77ac-5b9e-ae15-c878105073f6	34	26
La tua amica è molto fortunata.	Your friend is very lucky.	9fcea608-b654-5847-881b-4bf7881be702	31	26
La sua amica è molto fortunata.	Your friend is very lucky.	99680cad-fc5d-5d65-9463-4fd61f566488	31	26
La vostra amica è molto fortunata.	Your friend is very lucky.	c510e3ae-45ca-5b25-8be1-aef9d67cda64	34	26
Sono ancora arrabbiato a riguardo.	I'm still angry about that.	1c0139a4-59b7-5881-b0ae-0888ec9a7e31	34	27
Io sono ancora arrabbiato a riguardo.	I'm still angry about that.	5c482dc8-102d-5c96-9868-0d3cb206a5f5	37	27
Sono ancora arrabbiata a riguardo.	I'm still angry about that.	415b1ecb-1f21-5bd1-8697-a97cf3d9470e	34	27
Io sono ancora arrabbiata a riguardo.	I'm still angry about that.	856ddbb6-6ce6-5196-9181-e77930f12950	37	27
Incontrerà Jane stasera?	Are you going to meet Jane tonight?	9bd0c80e-7735-55e8-a93e-1c15b8e5cd61	24	35
Incontrerete Jane stasera?	Are you going to meet Jane tonight?	98d164f4-7280-5063-b26f-106b9d079bff	26	35
Ho quasi scordato il mio pranzo.	I almost forgot my lunch.	be3b0b49-99ba-5936-8048-68bc6b46d524	32	25
Ho quasi dimenticato il mio pranzo.	I almost forgot my lunch.	c3708d6b-8ff8-5e6d-8dec-4d094532c016	35	25
Tom fa spesso delle foto con il suo telefono.	Tom often takes pictures with his phone.	ecd98261-74c5-59fb-ab8e-9bc144972896	45	40
Stiamo solo cercando un posto dove dormire.	We're just looking for somewhere to sleep.	6583dd5e-0d89-5dd7-bcb5-fc329d33142a	43	42
Noi stiamo solo cercando un posto dove dormire.	We're just looking for somewhere to sleep.	f1ed7742-4067-5c93-bcf2-e9198a9bae4b	47	42
Stiamo soltanto cercando un posto dove dormire.	We're just looking for somewhere to sleep.	d3123bcc-8983-5196-a235-0aea6f0ffdab	47	42
Stiamo solamente cercando un posto dove dormire.	We're just looking for somewhere to sleep.	d08fb574-792a-55ae-8b88-c33c0c3654ae	48	42
Tom è sempre puntuale.	Tom is always punctual.	e7c38f59-7856-5ef4-af4e-e3067a197e09	22	23
Boston è la mia città preferita.	Boston is my favorite city.	77d93647-dc78-5830-b93e-0d120a50afdb	32	27
Tom non deve tornare a Boston.	Tom doesn't have to go back to Boston.	7b519839-3d2c-55ab-b98c-30af1daba52b	30	38
Nessuno dovrebbe essere al di sopra della legge.	No one should be above the law.	79929b6d-ca6b-59e6-b8ca-201a7d8dc2ee	48	31
Ci deve essere un altro modo.	There must be another way.	45a2c478-4fc6-5ab4-9fac-e96a8568c439	29	26
Tom non vuole tornare a Boston.	Tom doesn't want to go back to Boston.	26a09ef1-8806-5cb8-a6d6-5e832ab634e1	31	38
Non sarò mai buono come Mary.	I'll never be as good as Mary.	be87e435-f68d-59bc-a2ea-d8751fc898a9	29	30
Io non sarò mai buono come Mary.	I'll never be as good as Mary.	bf396048-dad6-5243-b407-3ba3ff78d5d7	32	30
Non sarò mai buona come Mary.	I'll never be as good as Mary.	df67928d-728a-50a7-a8fa-dcb6ccefad23	29	30
Io non sarò mai buona come Mary.	I'll never be as good as Mary.	29ee5fcb-ad30-5844-8760-47355cf63e06	32	30
Non sarò mai bravo come Mary.	I'll never be as good as Mary.	05fd9c08-d24f-5053-97f8-bff8a30f1d49	29	30
Io non sarò mai bravo come Mary.	I'll never be as good as Mary.	3576017a-e535-5e0e-82cf-bc68ef2a3b6c	32	30
Non sarò mai brava come Mary.	I'll never be as good as Mary.	6cf91017-fe8e-53e2-972e-7ecf5f8e8c17	29	30
Io non sarò mai brava come Mary.	I'll never be as good as Mary.	b91dc207-0633-5990-b456-c9b388b4fd7f	32	30
Amiamo i nostri clienti.	We love our customers.	02415f9f-d039-5aa3-a8f3-83f36585acb0	24	22
Noi amiamo i nostri clienti.	We love our customers.	216bc1cf-c015-59c5-b914-3c130a462176	28	22
Scrivigli.	Write to him.	77ae0c71-3e0c-5296-a0f7-f83f711de180	10	13
Gli scriva.	Write to him.	1935a2ef-a749-576c-87bf-deedd91362b4	11	13
Scrivetegli.	Write to him.	0a3f2deb-bb67-596f-b056-e0b0e5fea5e9	12	13
Scrivile.	Write to her.	490a35ad-728b-5ce9-b778-44e5383c6c9e	9	13
Le scriva.	Write to her.	4dd71d8a-f768-5027-8927-d1bde12f6692	10	13
Scrivetele.	Write to her.	7c50fbc2-16d4-5d52-bf51-9247fe031145	11	13
L'hai rotto?	Did you break that?	53491702-da2c-5b35-b423-246233d9628e	12	19
L'ha rotto?	Did you break that?	9a8bd0c3-bbba-505d-80fd-3146e3f4188f	11	19
Lo avete rotto?	Did you break that?	5254cdd2-f36a-506b-bcdf-c34763b1347d	15	19
Tom pensa che è ridicolo.	Tom thinks that's ridiculous.	0ea10775-5047-54cb-b4bc-927bcdcef368	25	29
Mi fai sentire sicuro.	You make me feel safe.	8997e570-70c2-57fe-a6ba-50444653a106	22	22
Mi fai sentire sicura.	You make me feel safe.	bbcbe8df-d31f-51e2-a7af-67d66b27aabd	22	22
Mi fa sentire sicuro.	You make me feel safe.	09718756-b975-5b8c-8fcd-b0d7773d9d3d	21	22
Mi fa sentire sicura.	You make me feel safe.	d966a756-3382-5922-ba08-14f5899fa978	21	22
Mi fate sentire sicuro.	You make me feel safe.	5d2ca16a-4ad5-56ec-8789-d6dd10ebb57e	23	22
Mi fate sentire sicura.	You make me feel safe.	eddeee76-66ec-5146-a7ad-c361781a71cc	23	22
Avevano bisogno dei soldi.	They needed the money.	56b06400-6c47-5836-a980-2b6c8db54e86	26	22
Loro avevano bisogno dei soldi.	They needed the money.	38781416-ffad-52c2-b76a-d974ece116b8	31	22
Avevano bisogno del denaro.	They needed the money.	04cf3b16-103c-5eef-b0d6-c97eb8c25c32	27	22
Loro avevano bisogno del denaro.	They needed the money.	d3491e8c-2ba7-573d-b523-576c93d9040c	32	22
Hai fino a lunedì per finire quel rapporto.	You have until Monday to finish that report.	3a114276-e710-5500-af20-5f4ba9b8089e	43	44
Ha fino a lunedì per finire quel rapporto.	You have until Monday to finish that report.	e1f47a16-deee-5c31-8b50-6bcd83a32f25	42	44
Avete fino a lunedì per finire quel rapporto.	You have until Monday to finish that report.	cb77e57e-0e04-50d9-b43c-438c2f7b1616	45	44
Non facciamo molta pratica.	We don't practice a lot.	5d2e6e9d-72db-56d3-b0ef-81d534176fd0	27	24
Noi non facciamo molta pratica.	We don't practice a lot.	4659f549-dd07-5a91-a2cf-9b2d900d205a	31	24
Porterò Tom a cena.	I'll take Tom to dinner.	a2967af8-5976-5c55-a603-6720ead60f82	19	24
Mi ha dato un buon consiglio.	He gave me a good piece of advice.	cda7a715-15c5-5520-bd19-5e94697ae2d7	29	34
Lui mi ha dato un buon consiglio.	He gave me a good piece of advice.	e936e22f-c8f9-5910-a703-eaa74c1cdedd	33	34
Mi diede un buon consiglio.	He gave me a good piece of advice.	bc8da5de-94bf-5959-b0a2-7e3fe6dd47d8	27	34
Lui mi diede un buon consiglio.	He gave me a good piece of advice.	1b8dc1c7-1af4-579e-be29-7b22e75837bf	31	34
Per piacere, non essere triste.	Please don't be sad.	c1038bf8-3f97-5204-8f4a-59e6a699b128	31	20
Per favore, non essere triste.	Please don't be sad.	e735782d-a8f7-56e3-ae70-6525535194d8	30	20
Per piacere, non sia triste.	Please don't be sad.	21d703ed-8b61-5ff9-a5ce-55471024ae62	28	20
Per favore, non sia triste.	Please don't be sad.	8dd82daf-5e71-5996-8114-b16e8f8b4f33	27	20
Per piacere, non siate tristi.	Please don't be sad.	17b19cce-1026-5e36-af2f-479619d0f016	30	20
Per favore, non siate tristi.	Please don't be sad.	905d90a8-46a2-5b27-97e2-b7a7ca89a7b7	29	20
Li avete sottovalutati tutti.	You've all underestimated them.	c32a90b7-44d2-53b2-90f5-8f132ae8b837	29	31
Le avete sottovalutate tutti.	You've all underestimated them.	567e9e6b-6278-5afe-a0a8-9149b9791b1b	29	31
Facciamo una foto di gruppo.	Let's get a group photo.	8711f9e1-936d-54e8-a230-c4ee0dd02de9	28	24
Vivo nella città vicina.	I live in the nearby city.	18919e04-6230-512c-bd5f-6a44143b60e1	24	26
Io vivo nella città vicina.	I live in the nearby city.	19220596-373f-5ebe-b79f-a006a85dc7e2	27	26
Abito nella città vicina.	I live in the nearby city.	a709fbf3-8391-5db2-9cf3-6f46b11c0469	25	26
Io abito nella città vicina.	I live in the nearby city.	203e0893-0b5f-56c4-be10-02045952f7d2	28	26
La casa è pronta?	Is the house ready?	f39510e9-207f-503a-9108-7f0966629468	17	19
Perché sei offeso?	Why are you offended?	08d98c41-b3e1-5a76-9587-52814dd9c196	18	21
Perché sei offesa?	Why are you offended?	25a27e00-95da-5ec7-85e5-37135affc4f7	18	21
Perché è offeso?	Why are you offended?	9b854d4a-18bc-5e8c-ad8b-bf4f684c6948	16	21
Perché è offesa?	Why are you offended?	00dc5f5c-385f-535b-ae37-7ff6bbee90c3	16	21
Perché siete offesi?	Why are you offended?	c3146ccc-f8fb-5922-b746-0481ace94962	20	21
Perché siete offese?	Why are you offended?	e037ab94-b1b3-50e3-8118-68d6ab17cbac	20	21
Sta arrivando la stagione dei monsoni.	The monsoon season is coming.	4790e615-2439-512d-8e9c-2c1b485c3c38	38	29
Vado a pesca ogni settimana.	I go fishing every week.	76a412d5-cf9b-55e4-bf9b-9ff9e6db4654	28	24
Io vado a pesca ogni settimana.	I go fishing every week.	00abdbeb-374d-5fcf-abfa-775868a24bc4	31	24
Vado a pescare ogni settimana.	I go fishing every week.	33438243-3033-563a-b506-c16fa0161edc	30	24
Io vado a pescare ogni settimana.	I go fishing every week.	a3400610-2298-5243-848a-06ce6801bd66	33	24
Tom vuole che parli con loro.	Tom wants me to talk to them.	64330b27-3815-50fb-b113-d8f3307bb509	29	29
Tom vuole che io parli con loro.	Tom wants me to talk to them.	4c9212bc-67a5-5544-a4fa-14e6d5f0a199	32	29
Tutto va nel cassonetto.	Everything goes in the dumpster.	0ac1e8fd-33c6-502b-9e7a-7478a1a1be66	24	32
Mi sposo la settimana prossima.	I'm getting married next week.	7a6faf78-cf58-503e-9680-d207412b47e0	31	30
Io mi sposo la settimana prossima.	I'm getting married next week.	07160e5d-48ca-5536-b603-f6f154d423b9	34	30
Tom va a Boston tre volte al mese.	Tom goes to Boston three times a month.	46872016-0114-53b2-adc9-d5f2170f95ff	34	39
Sono stato a Boston prima.	I've been to Boston before.	c8ca82f9-73a5-5c20-a4a1-d68be9656ba4	26	27
Io sono stato a Boston prima.	I've been to Boston before.	48eb3c54-eb67-5f59-9117-83899adea0f3	29	27
Sono stata a Boston prima.	I've been to Boston before.	44091d3c-032d-510c-bfe3-445e6779bf8a	26	27
Io sono stata a Boston prima.	I've been to Boston before.	214c5eba-0cf0-5b94-aa9c-5dbf16ecb35a	29	27
Sono già stato a Boston.	I've been to Boston before.	8a6cd10e-04b8-5643-9a70-aae3394dbac5	24	27
Io sono già stato a Boston.	I've been to Boston before.	58f585b9-99df-5aad-9110-31a9f4da3c25	27	27
Sono già stata a Boston.	I've been to Boston before.	ed7850e6-82a1-5e10-95eb-6ce821aafb20	24	27
Io sono già stata a Boston.	I've been to Boston before.	62a58958-4ba2-5d87-92e6-627326797348	27	27
Probabilmente non varrà l'attesa.	It probably won't be worth the wait.	e9a875ad-5b13-57cb-b3a8-b8cb79df828f	33	36
Il suo naso è grande.	Her nose is big.	f6da0b6d-35c2-5b17-a38b-cdbd5ed95f2c	21	16
Tom è stato scaricato dalla sua ragazza.	Tom was dumped by his girlfriend.	cb19dbde-cb24-5347-aa3d-b712f21f8fef	40	33
Tom è stato scaricato dalla sua fidanzata.	Tom was dumped by his girlfriend.	b12e9f28-da55-5617-96c0-ecf5c9ccc2da	42	33
Tom è stato scaricato dalla sua morosa.	Tom was dumped by his girlfriend.	8ffb33b8-73d5-5a2a-a324-a08f3b3d73e7	39	33
Tom fu scaricato dalla sua ragazza.	Tom was dumped by his girlfriend.	8d9545fc-e4c6-5cf2-9582-633bf568b922	35	33
Tom fu scaricato dalla sua fidanzata.	Tom was dumped by his girlfriend.	8661d903-c7e9-56c2-b005-53ff280587c7	37	33
Tom fu scaricato dalla sua morosa.	Tom was dumped by his girlfriend.	7e47e113-a17f-516e-9f6d-d0d3b6139250	34	33
Scusami un secondo.	Excuse me a second.	f0269bd9-6c7d-5695-b1a8-2c9c5db86e80	19	19
Mi scusi un secondo.	Excuse me a second.	d15f1729-e2b2-5f19-97de-a11005714071	20	19
Scusatemi un secondo.	Excuse me a second.	4e2c786b-c2b2-54b6-a708-401d9ca5f6ab	21	19
Tom non va d'accordo con il padre di Mary.	Tom doesn't get along with Mary's father.	a838b798-c322-513a-a419-116341556081	42	41
Questo vale per molte persone.	This applies to many people.	b917ef9c-e38c-59e9-81a2-7d137dfa6e31	30	28
Questo vale per molta gente.	This applies to many people.	eb4f47bf-005d-52a7-a941-08ddcf464d2b	28	28
Ha cambiato il suo nome.	He has changed his name.	3651a526-2dfd-5522-89c8-88d42c45b834	24	24
Cambiò il suo nome.	He changed his name.	d9a0dcab-9ec3-5c11-9374-7bcf55b6bdd6	19	20
Ora siamo pari.	Now we're even.	dbaab537-ef21-59be-a0f9-c2390d82aa47	15	15
Adesso siamo pari.	Now we're even.	599010da-054a-5486-8b80-b87ffee09561	18	15
Tom non è molto gentile, vero?	Tom isn't being very nice, is he?	d39825d8-9cb5-5b95-90c6-2d4694d516e0	30	33
Tom era imbattibile.	Tom was unbeatable.	0ed6e556-95f4-53ba-8547-81c38a482d63	20	19
Sono in città per affari.	I'm in town on business.	8f41a5a3-faea-595d-88f6-9e9062cb66ee	25	24
Io sono in città per affari.	I'm in town on business.	09b70fe6-1d47-5f98-a06e-4aff13b234c0	28	24
Possiamo fornire assistenza?	Can we provide assistance?	e111a3ab-1ad5-56ce-9a3e-5a0129cfaa20	28	26
Riusciamo a fornire assistenza?	Can we provide assistance?	977ae0ad-04ab-5d96-be20-4caa7f413aba	31	26
Io lo salverò.	I'll save him.	a1d2cdb6-610e-53e4-a691-7c73e2f34d20	14	14
Ho fatto quello che posso.	I've done what I can.	ce2f2672-6715-5b11-aa19-b326d9d7b01b	26	21
Ho fatto quello che riesco.	I've done what I can.	c6819edd-0830-530f-a1c5-7799ca3091a6	27	21
Dobbiamo impressionare Tom.	We need to impress Tom.	0d00e9fa-46e2-5a9b-89ce-1ba8747f5dd4	27	23
Sei un atleta?	Are you an athlete?	b55f53f3-6474-5487-9d90-372b380dfa06	14	19
Sei un'atleta?	Are you an athlete?	af152235-1bce-5ea3-8bb8-6f91a815799d	14	19
È un atleta?	Are you an athlete?	25802c51-0104-594b-b875-f52f228d897e	12	19
È un'atleta?	Are you an athlete?	2d9ca706-cbba-54cc-a380-4434beb6894b	12	19
Probabilmente a Tom non piace Mary.	Tom probably doesn't like Mary.	cb151264-40c8-5a69-a597-e99e312f0819	35	31
Tom e Mary sono al lavoro ora.	Tom and Mary are at work now.	1dd1f00e-f19a-5794-9b78-05b37ce5dfb0	30	29
Tom e Mary sono al lavoro adesso.	Tom and Mary are at work now.	5548f292-5103-53d4-bd82-3957e4fb596b	33	29
Può essere stato vero molti anni fa.	That may have been true many years ago.	3d4a0744-eed3-5e9d-923d-ef9bf2c92ffc	36	39
Probabilmente abbiamo torto.	We're probably wrong.	ab1dd821-da03-5a48-bd17-c6588e82a96e	28	21
Non sto paragonando Tom a Mary.	I'm not comparing Tom to Mary.	56be9741-d431-5d4b-b367-23bb2d05eaa7	31	30
Cosa lo sta causando?	What's causing it?	f4a01f12-f51d-59db-bf0a-8485fe5a2f90	21	18
Cosa la sta causando?	What's causing it?	c2051df3-fcb9-51c9-b9f9-9b56619017b3	21	18
Tom è uno dei miei assistenti.	Tom is one of my assistants.	08fcc9dd-dd3c-56c8-ac73-2da94a5357f5	30	28
Tom non morderà.	Tom won't bite.	ea5edcec-fa76-51b3-a671-56965e7ff305	16	15
Penso che Tom ti chiederà di sposarlo.	I think Tom will ask you to marry him.	902cf5a0-4489-5d60-b454-04737eb2fa84	38	38
La tua stanza è pronta.	Your room is ready.	fb8ff4c9-094e-5eab-a01b-f0c3db8b31aa	23	19
La sua stanza è pronta.	Your room is ready.	795e82be-db30-525e-8128-33d68aaf7fd4	23	19
La vostra stanza è pronta.	Your room is ready.	bc4762f8-8496-5969-8530-717b4cff1418	26	19
La tua camera è pronta.	Your room is ready.	b036c340-f450-5416-afb7-2643bb5dd3dd	23	19
La sua camera è pronta.	Your room is ready.	25491b4a-4275-56f7-97fc-155825c8a03d	23	19
La vostra camera è pronta.	Your room is ready.	6ad66385-1758-5fc1-b730-00f4e1998c06	26	19
L'anima è eterna.	The soul is eternal.	9d2a959f-2773-503c-9841-60f211d852d4	17	20
Ho un'ultima domanda.	I have one last question.	0f534cf6-7cca-5b3f-916a-ba5fa51219fb	21	25
Ho appena perso cento dollari.	I just lost a hundred dollars.	1aefcbb3-e586-5190-a33e-b86879d92223	30	30
Non ho provocato l'esplosione.	I didn't cause the explosion.	b1f37797-0b23-56f8-b3d8-804e00057172	30	29
Tutti i negozi sono chiusi.	All the stores are closed.	c6839bef-9c7e-5b04-9435-a4772f601b8b	27	26
Tom sta lavorando sodo.	Tom is working hard.	09f27df5-74f0-5952-a2fa-2d5e0b0c1c05	23	20
Tom mi ha detto che non aveva fame.	Tom told me he wasn't hungry.	31d97ff9-179b-5e63-9ab7-4346ffedea4d	35	29
Voglio lavorare con Tom.	I want to work with Tom.	fdc41ac9-ee5c-5649-8149-0f70edc6f447	24	24
Io voglio lavorare con Tom.	I want to work with Tom.	79b58b8a-f060-5bbf-9ba5-6a7716945e33	27	24
Tom è sempre prudente.	Tom is always careful.	4f30d2e7-852a-5dbd-9c0d-b14d4d558d99	22	22
Può piovere intorno a mezzogiorno.	It may rain around noon.	c992bf2a-22e2-5d2f-b6a0-6bb53b8c1cff	34	24
Non sembrano essere americani.	They don't seem to be Americans.	8b24c1df-fe32-5f28-9be8-2b10b5ab151f	30	32
Non sembrano essere americane.	They don't seem to be Americans.	0187ce2d-17cb-5b18-8f40-f822c4f4a6a2	30	32
Non riuscivo a togliere gli occhi da Tom.	I couldn't take my eyes off Tom.	5779b603-7681-5956-9803-6a3432778755	41	32
Tom è più ricco di chiunque altro qui.	Tom is richer than anyone else here.	47e96f23-f534-5905-852d-603431a57e8d	38	36
Questa è stata una settimana difficile per Tom.	This has been a tough week for Tom.	b9ce4206-a9b3-56e6-bde9-35dbdfecf9a5	47	35
Continuo a non crederci.	I still didn't believe it.	67b3d2de-b515-5c3d-8848-f329c98b749e	24	26
Penso che Tom sembrasse felice.	I think Tom looked happy.	884f434b-df6f-540c-adff-855fd1e83eac	31	25
Come possiamo aiutare?	How can we help?	4c189cd4-921c-5e23-8d4e-f59c5e671ae3	22	16
Tom ce l'ha detto.	Tom told us.	1cdca697-6791-5926-8f82-50b9896b7c61	18	12
Non so se Tom vive ancora a Boston.	I don't know if Tom still lives in Boston.	9adafe65-3cd2-5a27-8432-5a38acd2b569	35	42
Non so se Tom abita ancora a Boston.	I don't know if Tom still lives in Boston.	f0603737-c4d7-55a1-aeb3-03b035979e66	36	42
Ho sentito Tom parlare in francese.	I heard Tom speaking French.	d5a04815-30e5-5f59-a390-aa22c943998a	35	28
Ti telefonerò.	I'll phone you.	07cead5e-8867-5647-a675-4809824d086e	14	15
Vi telefonerò.	I'll phone you.	7f331d70-ae00-5052-98b1-db78095a52ef	14	15
Le telefonerò.	I'll phone you.	c6b4746b-822f-53da-b35b-084abd15d6b3	14	15
Tom mi tratta come un bambino.	Tom treats me like a child.	e418efe6-d9bc-5c78-8eff-27e8b49fea0c	30	27
Tom mi tratta come una bambina.	Tom treats me like a child.	c1e25e2d-1d0c-5a4a-85d7-977fe93a43ea	31	27
Tom ha un po' di febbre.	Tom has a bit of a fever.	0090d988-2269-56c9-ae9c-1474d6f72b87	24	25
Ho segnalato l'incidente.	I reported the incident.	10ae1d32-1dd4-53a7-8c00-74fab78ec136	25	24
Pensavo che Tom fosse malato.	I thought Tom was sick.	7ef7b34d-b3b4-53d7-8ed7-43d584584ac0	29	23
Quando vuoi mangiare?	When do you want to eat?	e8905d63-5636-596b-a639-1d352c4620ae	21	24
Quando vuole mangiare?	When do you want to eat?	851ffcc2-0487-5d49-99ca-3f7586e4e37e	22	24
Quando volete mangiare?	When do you want to eat?	a397b282-d5e2-5075-b33a-11ab375a3295	23	24
Aspetterò fino alle due e mezza.	I'm going to wait till 2:30.	29e912a5-f41d-588c-9e3b-2b167bcf4738	32	28
A Marika è piaciuto il suo viaggio in Giappone?	Did Marika like her trip to Japan?	6167f0e2-5012-5de0-93ec-06fdb04f76d8	47	34
Non ce la farò mai.	I'll never make it.	4a853eaa-5928-58ab-99e3-0db0b191c3b8	19	19
Io non ce la farò mai.	I'll never make it.	b01f011a-8511-584a-9b7a-5e7e4524deee	22	19
Dove vuoi mangiare stasera?	Where do you want to eat tonight?	0565d982-723d-5204-86ff-508948feb9ed	27	33
Dove vuole mangiare stasera?	Where do you want to eat tonight?	59333ed1-22ce-5557-b21e-648d2b8544ad	28	33
Dove volete mangiare stasera?	Where do you want to eat tonight?	d8a580f5-2bc4-5463-b20f-c1b4ba295165	29	33
Dove vuoi mangiare questa sera?	Where do you want to eat tonight?	068244e1-0ec6-568b-8048-6d322afa3b18	31	33
Dove vuole mangiare questa sera?	Where do you want to eat tonight?	b3a2951c-516a-5b36-978d-d90b78ef8e9b	32	33
Dove volete mangiare questa sera?	Where do you want to eat tonight?	0abb0bc9-2618-5e6f-ad3a-abfd1a9b39e5	33	33
Comprerà qualcosa.	He'll buy something.	77ba667c-4584-5586-808c-b9cf2e322f6e	18	20
Lui comprerà qualcosa.	He'll buy something.	b3c326bc-0d93-5526-bec0-5062d949f24a	22	20
Devi andare a lavorare.	You must go to work.	b66a19de-c8d4-53ed-84e9-a318edca2f4a	23	20
Deve andare a lavorare.	You must go to work.	fc360ffc-91cc-5a24-b306-68b0bd570197	23	20
Dovete andare a lavorare.	You must go to work.	7bba5a75-5cc3-53db-ab93-df0265bfc122	25	20
Tom lavora qui vicino.	Tom works nearby.	7cd8c957-a598-5f4d-acf0-da2106d44f7f	22	17
Tom lavora qua vicino.	Tom works nearby.	c268117c-f5de-5042-8e8e-2492466d069e	22	17
Come chiami questi?	What do you call these?	666312f4-2917-5826-97ac-20f4601ed7ba	19	23
Come chiami queste?	What do you call these?	6a700425-4c76-53fc-a29c-88c68cc0c073	19	23
Come chiama questi?	What do you call these?	b1d1d6a3-6669-52a7-b7d2-4f150614443a	19	23
Come chiama queste?	What do you call these?	946af94d-9d10-58e2-be66-34679e213630	19	23
Come chiamate questi?	What do you call these?	a8b237c0-c35b-5252-b43d-548d1de725d5	21	23
Come chiamate queste?	What do you call these?	6eb16658-85b9-50d9-8a9f-b2f8b6e54746	21	23
Ho chiesto la tua opinione?	Did I ask your opinion?	97423fc2-9506-59ac-9ea0-b5389e6d6216	27	23
Ho chiesto la sua opinione?	Did I ask your opinion?	8d3da71f-00c4-5bea-8026-0eb067fa14c5	27	23
Ho chiesto la vostra opinione?	Did I ask your opinion?	72b3c7f4-9a73-5903-a11a-321350b3ffa1	30	23
Hai bevuto oggi?	Have you been drinking today?	5a95e58f-6942-516c-ae39-dca13fe848b6	16	29
Ha bevuto oggi?	Have you been drinking today?	eae4f355-6309-5d65-bb18-238f3b2debea	15	29
Avete bevuto oggi?	Have you been drinking today?	e7cdbe4b-bef9-5aa6-b457-63cd9b88dda2	18	29
Tom è un eremita.	Tom is a hermit.	06426e4b-920e-5959-b9ba-f236b708b2a1	17	16
Tom ha appoggiato il suo bicchiere.	Tom set down his glass.	7e8cec88-1323-5407-9441-1a92793b200a	35	23
Tom appoggiò il suo bicchiere.	Tom set down his glass.	91f69152-697b-570f-b374-058e228c4503	30	23
Il cane ha iniziato ad abbaiare.	The dog started barking.	7f1743bc-60b4-5fb3-a6e3-7ccd89eafbbc	32	24
Il cane cominciò ad abbaiare.	The dog started barking.	19dfdca9-217c-5be5-a0a3-006941527c01	29	24
Il cane ha cominciato ad abbaiare.	The dog started barking.	dfc1c857-6323-54aa-9c35-e86e212b39a4	34	24
Il cane iniziò ad abbaiare.	The dog started barking.	6dfdcefd-71e5-525f-bacb-a80292283e0e	27	24
Vorrei che Tom si riposasse.	I'd like Tom to rest.	f515f7ad-4ee3-5c85-a71f-a019b57b0e3c	28	21
Io vorrei che Tom si riposasse.	I'd like Tom to rest.	38014a56-5f6d-5134-a4af-10224f2e4442	31	21
Eri un amico di Tom?	Were you a friend of Tom's?	7dad97f3-ff20-5409-80df-1732be61970e	20	27
Tu eri un amico di Tom?	Were you a friend of Tom's?	91110c34-ad1d-5162-8e48-ffb828d092cf	23	27
Era un amico di Tom?	Were you a friend of Tom's?	6f49a73a-2110-56ff-92b3-691093a53a57	20	27
Lei era un amico di Tom?	Were you a friend of Tom's?	e143287e-6139-5ed6-8ccb-8c1d56edeffb	24	27
Era un'amica di Tom?	Were you a friend of Tom's?	b878c0f7-f79f-59af-b055-984554cbde57	20	27
Lei era un'amica di Tom?	Were you a friend of Tom's?	b65ec62e-1f82-513a-a1e4-b741261b1531	24	27
Eri un'amica di Tom?	Were you a friend of Tom's?	7bf71d96-1245-5f49-9721-278c8227cd6e	20	27
Tu eri un'amica di Tom?	Were you a friend of Tom's?	5e74f7c7-3343-52b5-b8a2-ac2660c6fcf2	23	27
Com'è potuta succedere?	How could it have happened?	96ccf22b-473d-55f3-8321-58cd92776195	23	27
Com'è potuta capitare?	How could it have happened?	b24b38c7-dc4f-569e-89c4-6d84dc12aecc	22	27
Mary ha aperto la grande mappa sul tavolo.	Mary spread the big map on the table.	5e40eed8-4622-56c7-81f7-51231983340e	42	37
Mary aprì la grande mappa sul tavolo.	Mary spread the big map on the table.	96438071-6496-51c2-889b-860f0f005a7a	37	37
La missione non ha avuto successo.	The mission was unsuccessful.	b58eb052-52fb-54bd-9e87-a99cca970867	34	29
La missione non ebbe successo.	The mission was unsuccessful.	b8369909-c5c7-5923-91c7-e2d1c6054f8d	30	29
Puoi andare per primo.	You can go first.	26d329e4-68a6-5c50-b7c3-1ac5cbe408a7	22	17
Puoi andare per prima.	You can go first.	592fbc33-d4d8-53da-8e8b-182f7488c0a7	22	17
Tom aveva un lavoro.	Tom had a job.	9e0ce41c-1dbf-5ab1-80b0-8072723f8012	20	14
Tom aveva un impiego.	Tom had a job.	aa0917c2-8ed4-588d-9218-7eec1b69c19a	21	14
Sapevamo abbastanza.	We knew enough.	34eb490c-18b0-5fa3-be4b-191cf34fd57f	20	15
Noi sapevamo abbastanza.	We knew enough.	08751a4f-01a9-5b9d-a19d-5a19997fa5b9	24	15
Che altro hai detto?	What else did you say?	b0149ad9-37a1-5a59-9fe9-d015c81053c6	20	22
Che altro ha detto?	What else did you say?	f38b2f7b-7a2d-501c-865a-e62163013ae4	19	22
Che altro avete detto?	What else did you say?	9ff52f88-57ac-531e-8b75-4979215621b0	22	22
Non posso darlo via.	I can't give that away.	b5c2923e-c342-5153-aaf6-4e7720c2fa27	20	23
Non lo posso dare via.	I can't give that away.	9396e116-1a99-5a59-a86d-3f606f696954	22	23
Non è carino?	Isn't it cute?	bffbca2f-5483-5dbc-8c2c-4aa52fef71c2	13	14
È molto probabile che Tom abbia successo stavolta.	Tom is very likely to succeed this time.	9d2f07f8-8813-5dd9-a420-818f9310cded	50	40
Lavoro per Tom.	I work for Tom.	04f71a49-1c45-55cf-a8be-dbc8d617430c	15	15
Io lavoro per Tom.	I work for Tom.	8d134557-3132-502b-b46c-fc678f094b37	18	15
Ci sarà un matrimonio.	There's going to be a wedding.	634ef9b2-f016-5ea6-bbd6-5017b5ca0b3c	22	30
Voglio scusarmi per tutto quello che ho fatto.	I want to apologize for everything I've done.	61405358-a4e2-57dd-a7eb-00eabffea37a	46	45
Io voglio scusarmi per tutto quello che ho fatto.	I want to apologize for everything I've done.	f604be3b-a7bc-51e4-a923-5e1fc4823b5f	49	45
Mi voglio scusare per tutto quello che ho fatto.	I want to apologize for everything I've done.	ed81c7d4-5e62-590b-9a20-bf3c4090dc80	48	45
Tom è a scuola in questo momento.	Tom is at school right now.	ed40b152-90b3-5401-9e1e-681fa2235e0c	33	27
Che ne dici di un altro pezzo di torta, Tom?	How about another piece of pie, Tom?	173880b9-5f43-58dd-bad9-054da3b5eb57	44	36
Guardati le spalle, Tom.	Watch your back, Tom.	8e092289-3227-5514-a60d-4b7e53107755	24	21
Tom non ha pagato niente.	Tom didn't pay anything.	0a76af1e-e292-55c9-8d19-9c696cb5d7a7	25	24
Tom non ha pagato nulla.	Tom didn't pay anything.	a9a6978d-ad1e-5f3a-a965-f44090adc161	24	24
Tom non pagò niente.	Tom didn't pay anything.	1cf73e3c-49b2-548b-818a-8d7c30539979	20	24
Tom non pagò nulla.	Tom didn't pay anything.	4db2cae8-6ed2-552a-bb9b-751502cc0d26	19	24
Dov'è la frase in questo libro?	Where is the phrase in this book?	8b5a66fe-942b-5343-97ea-d1d9b093a563	31	33
Quello che ha fatto Tom era molto sbagliato.	What Tom did was very wrong.	de9ed033-17e9-5677-bb90-956b23ef10e9	44	28
Quello che fece Tom era molto sbagliato.	What Tom did was very wrong.	cc90b521-394b-5c99-9b0e-10c287140c74	40	28
C'è qualcuno nella stanza accanto.	Someone's in the next room.	d42854b0-a3b8-5f41-a124-556b084bf70e	34	27
Dovrei andare ad avvertire Tom.	I should go warn Tom.	3e1fdc71-eb89-505f-84db-8815d581004f	31	21
Tom è morto di cancro.	Tom died of cancer.	eafad67b-4148-581e-bc0f-0cf66dec45e4	22	19
Tom morì di cancro.	Tom died of cancer.	42a3ef30-1bc0-50bd-b2dc-582a737889cb	19	19
Tom è morto di tumore.	Tom died of cancer.	1b076761-d1f7-512b-8423-a655eb9f953a	22	19
Tom morì di tumore.	Tom died of cancer.	b35b2376-07ff-523b-a604-19b3428350d1	19	19
Tom non sembra felice, vero?	Tom doesn't look happy, does he?	d9e2761a-3ece-5a72-9b30-a80d322528cd	28	32
Tom è intollerante al lattosio.	Tom is lactose intolerant.	9658bd8a-9a98-5634-8ea2-b15f278088aa	31	26
Tom studia dopo cena?	Does Tom study after dinner?	83795b05-1738-512a-b264-5d3b09876cf1	21	28
Certa gente non impara mai.	Some people never learn.	4be2926e-2187-5add-a986-b090707faa48	27	24
Tom ha un piano?	Does Tom have a plan?	a4c57262-efff-5645-bef6-0bb84e03dc52	16	21
Alza il tuo braccio destro.	Raise your right arm.	e9340fd2-34ec-5873-8c88-deb94fbce8bd	27	21
Alzi il suo braccio destro.	Raise your right arm.	bfc79b88-cfb2-5f10-ae4c-79902b0a8231	27	21
Ho deciso di trasferirmi a Boston.	I've decided to move to Boston.	4ae15a6e-93f8-5f63-b35d-c0f283d645ab	34	31
Com'è iniziata la vostra amicizia?	How did your friendship begin?	f1abab29-b8a3-58f2-aedb-deca4f3c8786	34	30
Volevo che lo avessi.	I wanted you to have it.	2200bd52-1be8-5cac-b294-0bbab18a780c	21	24
Volevo che la avessi.	I wanted you to have it.	fe57b5ad-3a1a-5127-8314-67acb9f4f6cb	21	24
Volevo che lo avesse.	I wanted you to have it.	924c6c9f-6bff-5d39-9ed4-d41fe1317a0e	21	24
Volevo che la avesse.	I wanted you to have it.	2b90fa01-da69-58f6-be6b-ca3769c4e81c	21	24
Volevo che lo aveste.	I wanted you to have it.	22e24e6f-8bcd-5a57-bd7e-a21f44b433a6	21	24
Volevo che la aveste.	I wanted you to have it.	1abdba2d-1a22-539e-b7ad-ae1db68b7cc4	21	24
Voglio davvero parlare con Tom.	I really want to talk to Tom.	67a1347d-90c4-5ccf-9b1f-0fa375f375d1	31	29
Io voglio davvero parlare con Tom.	I really want to talk to Tom.	5ed48ae3-454b-55bf-ac3a-52b07427654a	34	29
Voglio veramente parlare con Tom.	I really want to talk to Tom.	91d5a1dd-505e-5aa5-9488-c057e7157d1d	33	29
Io voglio veramente parlare con Tom.	I really want to talk to Tom.	5c8e310f-f43c-5be9-878c-1012cab93966	36	29
Tom ha bisogno di me?	Does Tom need me?	3c4ce8ba-a37f-5c82-b153-6829bad816d0	21	17
In che ospedale hanno portato Tom?	Which hospital did they take Tom to?	e2707d50-7f25-5322-92d7-5a6cb7a7df7f	34	36
Tom ha molto da imparare.	Tom has a lot to learn.	590f8c2e-b9a4-5b89-b6c1-6198b24821e5	25	23
Non mentirò a Tom.	I won't lie to Tom.	9d105e08-8efb-5058-8b4b-969a269df7cb	18	19
Io non mentirò a Tom.	I won't lie to Tom.	0ca238c5-0c14-59dd-943c-d11558b57dc6	21	19
Tom e Mary stanno pulendo.	Tom and Mary are cleaning up.	37c3807f-8cc0-5216-859d-213083782cb3	26	29
Tom ha tolto le forbici a Mary.	Tom took the scissors away from Mary.	bf58de43-8a63-5615-ba81-8299a0127590	31	37
Tom tolse le forbici a Mary.	Tom took the scissors away from Mary.	eff4c650-3e41-582c-971d-0dcd8bde686e	28	37
Sono a tre ore di distanza.	I'm three hours away.	e1f5039b-abda-56b9-a33a-4c2291c60f2f	27	21
Io sono a tre ore di distanza.	I'm three hours away.	24332d03-ad69-5e7d-847d-6b0ead0a07bc	30	21
Tom è timido e non parla molto.	Tom is shy and doesn't talk much.	7ffbd2f3-a73b-54b6-b298-b968ba2cfeea	31	33
Sei in pensione, Tom?	Are you retired, Tom?	857bc607-6841-5233-81e0-468bf9c69e5a	21	21
Tu sei in pensione, Tom?	Are you retired, Tom?	104df3b6-07ac-58c5-ba45-aba296233b27	24	21
Quello che hai detto era molto divertente.	What you said was very funny.	bccc9dcf-1220-5db6-94e8-d046f7092a81	42	29
Quello che ha detto era molto divertente.	What you said was very funny.	da44dce7-3c41-5f94-a499-4918022c6a4a	41	29
Quello che avete detto era molto divertente.	What you said was very funny.	386c459c-875c-5605-b994-110de515e468	44	29
Tom è nei guai fino al collo.	Tom is in deep trouble.	d1c2a39b-ecf2-5477-8008-aaf39d0ba0ef	29	23
Mia moglie è restata a casa.	My wife stayed at home.	22a01b38-9251-52a2-8f32-a095fed77364	28	23
Mia moglie è rimasta a casa.	My wife stayed at home.	80c89936-d0d4-50e8-9ba2-e7153911cec7	28	23
Voglio solo morire.	I just want to die.	7c000afe-9334-5b93-b1f5-83b9a6c9ae0d	19	19
Io voglio solo morire.	I just want to die.	ec8c7712-9c51-5c58-b99e-2a66664aabce	22	19
Voglio solamente morire.	I just want to die.	287ba175-09db-5100-a0ca-6d703daacead	24	19
Io voglio solamente morire.	I just want to die.	c1a8ee39-d8e4-5943-b289-5b4fde6dab4c	27	19
Voglio soltanto morire.	I just want to die.	39c29bf7-8e12-5f38-96b3-81ea7511bdf5	23	19
Io voglio soltanto morire.	I just want to die.	edf84f8e-a1fe-585e-9d05-e5172f304a44	26	19
Voglio semplicemente morire.	I just want to die.	ab5efc75-1e88-5d04-9178-0293e12836c3	28	19
Io voglio semplicemente morire.	I just want to die.	9d7ee6d4-5a51-5be8-9459-5b785ae1457b	31	19
Non stavo bene.	I wasn't well.	b94f30d8-8051-531a-89c2-3b9de8ccb237	15	14
Io non stavo bene.	I wasn't well.	0cd1cd72-38cc-5f99-81a2-dbb951c6b7b2	18	14
Tom mi ha tradito.	Tom has betrayed me.	ef357f1b-6b01-579f-ba5e-8d4240c80c0f	18	20
Tom mi ha tradita.	Tom has betrayed me.	570dd5b9-186a-55f1-88eb-e359cc4d329e	18	20
Non avrei dovuto bere così tanto.	I shouldn't have drunk so much.	8dce9514-6102-5837-8701-4d3965b12301	33	31
Io non avrei dovuto bere così tanto.	I shouldn't have drunk so much.	4a87e162-d0af-5a47-ad47-1322d2250077	36	31
Ho visto le immagini.	I saw the pictures.	e5a72eb0-f9d2-5b81-ae79-4f9a67d52869	21	19
Vieni a casa mia alle otto.	Come to my house at eight.	21db21ca-4f3d-5432-963a-5212c2e25419	27	26
Venga a casa mia alle otto.	Come to my house at eight.	b3defea6-495d-5799-94d1-07aaab6d3995	27	26
Venite a casa mia alle otto.	Come to my house at eight.	5ac7e137-35e5-5dcb-b65b-34befda16ec3	28	26
Forse faremmo meglio a chiedere a Tom.	Maybe we'd better ask Tom.	d6816ce3-f90d-5715-b1da-f1a719cdba9c	38	26
Ho dovuto aspettare che Tom finisse.	I had to wait for Tom to finish.	d79f02a7-0ce5-54e6-8f4f-1bea94b568f9	36	32
Io ho dovuto aspettare che Tom finisse.	I had to wait for Tom to finish.	7790cd93-1c3c-536e-b97e-f0880dce79fe	39	32
Non pensavo neanche che a Tom piacesse Mary.	I didn't even think Tom liked Mary.	22af2d0c-56e1-528f-8e4b-7badfeec06e1	44	35
Io non pensavo neanche che a Tom piacesse Mary.	I didn't even think Tom liked Mary.	00a5d95e-7207-5b9e-8d21-14f2bfc5af1d	47	35
Tutta questa cosa è stupida.	This whole thing is stupid.	73b7e1b5-b340-5f46-8ea8-c5ad9691f7bc	28	27
Non ho avuto visitatori oggi.	I had no visitors today.	56bc2266-d03d-5778-940b-5e6950f77f99	29	24
Io non ho avuto visitatori oggi.	I had no visitors today.	bd2e826f-c8af-560f-a977-af878c1c8fff	32	24
Sono sicuro che Tom vuole vivere con noi.	I'm sure Tom wants to live with us.	ce94e3a4-189e-52c3-94ee-45c66fbcd4a9	41	35
Io sono sicuro che Tom vuole vivere con noi.	I'm sure Tom wants to live with us.	0036f6d2-6e0c-5579-b44c-b9741b1cd230	44	35
Sono sicura che Tom vuole vivere con noi.	I'm sure Tom wants to live with us.	f2cefcf6-22a6-5295-96f9-d21aec09a49c	41	35
Io sono sicura che Tom vuole vivere con noi.	I'm sure Tom wants to live with us.	f3289a7f-ad49-57fc-a88b-08713fd613a5	44	35
All'improvviso tutte le luci si sono spente.	Suddenly all the lights went out.	1af653ac-96f1-5026-ae88-0e38f98f4ce0	44	33
All'improvviso tutte le luci si spensero.	Suddenly all the lights went out.	32f9eebe-e88c-5555-b215-f46a53f67e96	41	33
Improvvisamente tutte le luci si sono spente.	Suddenly all the lights went out.	c0a8e3b6-b1fb-52f6-81aa-71faef373c83	45	33
Improvvisamente tutte le luci si spensero.	Suddenly all the lights went out.	ce66405d-0946-5865-8ce2-84e886b2892a	42	33
Tom non riesce a tenere la bocca chiusa.	Tom can't keep his mouth shut.	dafcf1a4-b636-5ae0-a238-4708d7f9dc0b	40	30
Non ho ancora trovato le mie chiavi.	I still haven't found my keys.	2e82bb56-7953-58f2-a925-f3e59452c8eb	36	30
Io non ho ancora trovato le mie chiavi.	I still haven't found my keys.	4acf8466-5748-59b2-8685-4b4818ba2a4d	39	30
Tom non è quello che era una volta.	Tom isn't what he used to be.	c9c0a750-219c-51ff-978b-806d5118fcd1	35	29
Non è il modo in cui è?	Isn't that the way it is?	35bea993-82a9-58d2-8afe-da0c4198c4e0	23	25
Marie ha ammesso che era una prostituta.	Marie admitted that she was a prostitute.	6a85ee96-df5f-5898-8007-04083f706cb0	40	41
Marie ha ammesso che lei era una prostituta.	Marie admitted that she was a prostitute.	5e0b3d53-7ea7-5f99-9003-90d15c4ffa59	44	41
Marie ammise che era una prostituta.	Marie admitted that she was a prostitute.	76e4c684-8fc8-5e1d-b82f-c4c870a0eff1	36	41
Marie ammise che lei era una prostituta.	Marie admitted that she was a prostitute.	382cb06f-2e3e-5887-b7a0-c52517cc3fba	40	41
Tom non ci permetterà di farlo.	Tom won't let us do that.	75c8a033-1927-52fd-ab2b-c08060f40b86	31	25
Sono troppo impegnato la settimana prossima.	I'm too busy next week.	fb8d440d-4510-5bd7-b9aa-a4400ff437ba	44	23
Io sono troppo impegnato la settimana prossima.	I'm too busy next week.	4f676057-a746-55a0-960a-0084ea834e58	47	23
Sono troppo impegnata la settimana prossima.	I'm too busy next week.	4bf0f446-5e29-51e1-9f9d-71126de01230	44	23
Sono troppo occupato la settimana prossima.	I'm too busy next week.	e9134bb1-01c0-5434-9ed1-67fbbf713b9b	43	23
Io sono troppo occupato la settimana prossima.	I'm too busy next week.	af943db4-7f59-531d-b16a-c512615742cb	46	23
Sono troppo occupata la settimana prossima.	I'm too busy next week.	38f4620c-d0b3-58cf-a697-4899ff3dfc83	43	23
Io sono troppo occupata la settimana prossima.	I'm too busy next week.	906e8b1e-5610-548b-8aec-d85c7b056917	46	23
I costi continuavano a salire.	The costs kept rising.	6f8dd083-f667-5834-9196-eef5baf05f00	30	22
Quante braciole di maiale hai comprato?	How many pork chops did you buy?	5b8b7025-57f4-582b-be68-80abc8641959	39	32
Quante braciole di maiale ha comprato?	How many pork chops did you buy?	30f5d549-e096-572a-a94e-8fe62c98748f	38	32
Quante braciole di maiale avete comprato?	How many pork chops did you buy?	2ce9687c-fa04-5d01-a16f-b77091b85b6a	41	32
Non chiedere a Tom alcun favore.	Don't ask Tom for any favors.	d1e66368-80cd-5555-9401-1fce4efaaf2b	32	29
Non chiedete a Tom alcun favore.	Don't ask Tom for any favors.	bac18ac6-0c86-57f1-9b74-3c1f93177c33	32	29
Non chieda a Tom alcun favore.	Don't ask Tom for any favors.	44e78d05-264e-5d6a-bf7b-545f17d11bb2	30	29
Non puoi lasciarci, Tom.	You can't leave us, Tom.	84b1a0c8-9c75-591f-a33b-82b42970cadf	24	24
Non ci puoi lasciare, Tom.	You can't leave us, Tom.	945d5835-468f-5f6c-86c9-9b1cf758fb11	26	24
Sto pensando di entrare in politica.	I'm thinking of going into politics.	def4ebfc-f730-5e4a-b9da-8dc8f2a8d38c	36	36
Io sto pensando di entrare in politica.	I'm thinking of going into politics.	a5c8a703-22aa-5572-bad7-e229b0a73b2b	39	36
Non mi sto scusando.	I'm not apologizing.	88f4d532-3e75-59f7-a8ab-5a64e0a4bf33	20	20
Io non mi sto scusando.	I'm not apologizing.	e4eb3f23-db3d-561c-b5bb-62e3e51eac45	23	20
Sembra che piaccia a tutti.	Everybody seems to like it.	3cc041be-42fc-5103-9fdc-87deead05908	27	27
Se vuoi baciarmi, allora baciami.	If you want to kiss me, then kiss me.	abab203c-27eb-5bd3-b442-2d64869a2335	33	37
Se mi vuoi baciare, allora baciami.	If you want to kiss me, then kiss me.	4e158fc9-7e6d-5069-bd82-a316b6f40d37	35	37
Se vuole baciarmi, allora mi baci.	If you want to kiss me, then kiss me.	b8166718-7120-5940-a834-534dd9e4fd41	34	37
Se mi vuole baciare, allora mi baci.	If you want to kiss me, then kiss me.	1d9ddef5-3d94-5215-ae5b-7e32d78615e9	36	37
Se volete baciarmi, allora baciatemi.	If you want to kiss me, then kiss me.	0efd9148-3009-50c8-ac34-ea4f6b7ee4af	37	37
Se mi volete baciare, allora baciatemi.	If you want to kiss me, then kiss me.	ffe0002e-e809-57bb-84be-2aecb982ca8d	39	37
Tom ha detto che stavi dormendo.	Tom said you were sleeping.	c0afab9b-7f49-566f-96a2-57786f500349	32	27
Tom ha detto che stava dormendo.	Tom said you were sleeping.	2becf3ca-fbaa-5fa5-832f-a070c0a4a848	32	27
Tom ha detto che stavate dormendo.	Tom said you were sleeping.	49423f6f-929f-566e-835b-434823ec56af	34	27
Grazie per avere aspettato.	Thanks for waiting.	11599652-c21c-5623-b9b9-a75e17681c27	27	19
Temo di dover rifiutare.	I'm afraid I have to refuse.	28f41b40-ba1a-503a-8dca-1e17ead9b280	24	28
Temo di dovere rifiutare.	I'm afraid I have to refuse.	acd98cb9-d23b-52dc-9046-22b4f27988b5	25	28
Tom amava aiutare le persone.	Tom loved to help people.	2dd8993f-5e01-5ece-a550-96de274d8a7f	29	25
Tom amava aiutare la gente.	Tom loved to help people.	99d32421-660e-5d3b-8ce3-a4512bdc9ef9	27	25
Ho un appuntamento dal dentista.	I have a dentist appointment.	9336af42-5c22-5ec7-b10d-272933708920	32	29
Io ho un appuntamento dal dentista.	I have a dentist appointment.	3ec0cd64-3dc9-5681-b4e5-f2ad8bcc565a	35	29
Forse non era colpa mia.	Maybe it wasn't my fault.	efe6ad16-a1b3-54cb-a02b-6dfb8e101b60	24	25
Non mi piacciono i pesci con molte lische.	I don't like fish with lots of bones.	d6ab3b7b-672f-5af1-b352-3b3cf176f5ad	42	37
A me non piacciono i pesci con molte lische.	I don't like fish with lots of bones.	a07ebab4-fb43-5ddf-a7ac-42c90cb23f6e	44	37
Devo essere qui.	I have to be here.	a4e83396-250f-5fe3-b065-110123addf21	16	18
Io devo essere qui.	I have to be here.	23ba1948-7973-547d-96cc-c710c6670f52	19	18
Voglio andare a letto presto stasera.	I want to go to bed early tonight.	c4a5a1f2-4d57-51ec-ab8a-5205e31b07d8	37	34
Voglio andare a letto presto questa sera.	I want to go to bed early tonight.	51a69be3-3774-5b9d-9b08-1c38649fc4d3	41	34
Tom sta chiamando Mary.	Tom is calling Mary.	bdf18da3-2bef-5790-bc60-83ac60967a5f	23	20
Non devo essere da nessuna parte.	I don't have to be anywhere.	150c3a66-530f-5c4f-9714-74702d0e3bc6	33	28
Io non devo essere da nessuna parte.	I don't have to be anywhere.	020ab80a-6d8c-5cf8-8f6c-0af43d43fa8b	36	28
Tom non sapeva chi fossero i genitori di Mary.	Tom didn't know who Mary's parents were.	a3835ce1-dad1-5fab-a6f7-9d38d51eb485	46	40
Le cose non andranno come pianificate.	Things won't go as planned.	552ffe66-682f-5268-92df-3abcfda13464	38	27
Per piacere, di' a Tom che sono qui.	Please tell Tom I'm here.	f3402f47-103e-5b65-a979-b8dd14935543	36	25
Per favore, di' a Tom che sono qui.	Please tell Tom I'm here.	6684d3bc-0b66-5081-9363-4030c7ab23f1	35	25
Per piacere, dite a Tom che sono qui.	Please tell Tom I'm here.	31a9ff53-e0c2-5787-8b6f-e787b8db332e	37	25
Per favore, dite a Tom che sono qui.	Please tell Tom I'm here.	d9e5ef6b-e7c9-58a6-b6c0-ccb395eaaca6	36	25
Per piacere, dica a Tom che sono qui.	Please tell Tom I'm here.	6d46d160-9c56-527f-aef9-61100db4bf05	37	25
Per favore, dica a Tom che sono qui.	Please tell Tom I'm here.	98a60b90-4a66-59d4-9321-03f0f826fd0e	36	25
Le lenzuola sono sporche.	The sheets are dirty.	8af6eeb0-4442-5d0b-91cd-3425ada1dd7d	25	21
Questa è una coincidenza?	Is this a coincidence?	d3082c11-eff5-5f04-b6b1-ff8bbd483b60	25	22
Dammi un passaggio.	Give me a ride.	45833fea-a0b0-579e-8b1a-6e971cef0f38	19	15
Mi dia un passaggio.	Give me a ride.	d7b39400-78bc-57e5-8c7e-0b0441d0b6d7	20	15
Tom parla troppo.	Tom talks a lot.	03147267-f73b-5f00-a471-1c483eb78709	17	16
Sarò a casa tutto il weekend.	I'll be home all weekend.	9606f9c1-0d6c-5336-becf-4c48c04c195f	29	25
Io sarò a casa tutto il weekend.	I'll be home all weekend.	463d1e9c-ad47-5b19-a627-d6d95144c161	32	25
Sarò a casa tutto il fine settimana.	I'll be home all weekend.	d92abc83-8648-5518-9c08-5374cd08808f	36	25
Io sarò a casa tutto il fine settimana.	I'll be home all weekend.	37851276-9ea6-53f3-8a54-9b6c83f85cb5	39	25
Tom ha richiesto asilo.	Tom has requested asylum.	9f2b28c5-97f8-5021-9ccd-001cefcfb21b	23	25
Tom deve essere ubriaco.	Tom must be drunk.	fa9cc1ad-0f82-5bc0-9489-6ad6bc9a66c7	24	18
Voglio che il mio nome venga ricordato.	I want my name to be remembered.	e00a81fd-ed41-5fb2-832b-da7cfd236f5a	39	32
Io voglio che il mio nome venga ricordato.	I want my name to be remembered.	d6cc9cb8-bd5d-5dcf-994b-c94bae92e8be	42	32
Rimango scettico.	I remain skeptical.	2157f8b5-18b1-5025-8be2-2a2efb45344f	17	19
Rimango scettica.	I remain skeptical.	d0b27a2d-ce3d-5c94-899e-4c210cfb249d	17	19
Non ho ancora finito la mia colazione.	I haven't finished my breakfast yet.	8eda00ad-7d62-5710-9b3b-aaafbe5f9225	38	36
Io non ho ancora finito la mia colazione.	I haven't finished my breakfast yet.	101942f9-4db2-5124-b5bf-00b4326adc7c	41	36
Perché Tom è stato licenziato?	Why was Tom fired?	a8fc38a1-341c-59bb-b01f-ab95016b678f	30	18
Tom ha detto che il suo autobus era in ritardo.	Tom said his bus was late.	83c450be-c0bc-5597-aeb1-686725af0b65	47	26
Era la mia motivazione.	That was my motivation.	7bfe997a-c81e-5ad2-8b28-da60cdf94502	23	23
La nuova versione è stata facile da installare?	Was the new version easy to install?	8126f0dc-7497-5b28-b91c-6c12c060979e	47	36
Tom non resta mai a lungo.	Tom never stays long.	3ea218c5-9c6c-53c3-999a-5f68b6b9564b	26	21
Tom non rimane mai a lungo.	Tom never stays long.	ea8a2fa1-a54b-5180-ac78-c4c0ba200b5f	27	21
I tuoi genitori hanno conosciuto Tom?	Have your parents met Tom?	cd72aa5f-6a78-56b8-bd4d-67cd5f81b056	37	26
I suoi genitori hanno conosciuto Tom?	Have your parents met Tom?	7a37c280-bd7d-504b-bb8d-7a6baf25b488	37	26
I vostri genitori hanno conosciuto Tom?	Have your parents met Tom?	a9be348a-64a8-5827-8ee1-a3e9eb06a06d	39	26
I tuoi genitori hanno incontrato Tom?	Have your parents met Tom?	5de714ac-829c-5e83-85cf-5091686666d4	37	26
I suoi genitori hanno incontrato Tom?	Have your parents met Tom?	937159a4-5df3-522f-a5c8-d315222a8c67	37	26
I vostri genitori hanno incontrato Tom?	Have your parents met Tom?	ddc166c5-6671-56b7-95a8-ecfaab5e5de8	39	26
Tom non se ne andrà.	Tom won't get away.	10668933-8629-579b-8f0e-eed4a4c26aca	20	19
Tom è andato a cercarti.	Tom went to look for you.	3a646b84-51ec-52a3-8d05-ea3147249b71	24	25
Tom è andato a cercarvi.	Tom went to look for you.	aab7de86-dba0-5ddf-ab58-b21e86429905	24	25
Tom è andato a cercarla.	Tom went to look for you.	2750a334-878d-5afb-9f9a-4a33842d6f4f	24	25
Quello che hai fatto è immorale.	What you did is immoral.	080eec61-98f3-5275-90b4-76d8d980f77f	32	24
Quello che ha fatto è immorale.	What you did is immoral.	813f64c5-3254-5724-b6a2-2ae626736ec6	31	24
Quello che avete fatto è immorale.	What you did is immoral.	2bd88646-cd62-56ca-b784-fb09c3db6238	34	24
Tom apprezza tutti noi, penso.	Tom likes all of us, I think.	5679c59d-339c-5624-902e-1733cb64ddcd	30	29
Tom apprezza tutte noi, penso.	Tom likes all of us, I think.	60dab905-3ca7-57b6-8c35-046001f8b39d	30	29
Non era quello che intendeva Tom.	That wasn't what Tom meant.	c68505dd-890f-56ab-85b0-43cc5d681e30	33	27
Tom sta temperando la sua matita.	Tom is sharpening his pencil.	68567a55-f976-5001-b7fc-ae3f33e3ccb0	33	29
È la domanda.	That's the question.	4bd57d2b-8ac9-5039-ae8b-77647a804afa	13	20
Quella è la domanda.	That's the question.	a2905a8b-f752-51c7-91f0-bcb3161cbffd	20	20
Domanda stupida, risposta stupida.	Stupid question, stupid answer.	6f19f600-c380-56a6-950b-636510cda436	34	31
Era l'accordo.	That was the deal.	70146be0-976a-5458-ba35-a5b43dab489d	14	18
Quello era l'accordo.	That was the deal.	460abba7-a176-55ae-b8dc-1a808c903a9b	21	18
Tutto ha un prezzo.	Everything has a price.	e715aea9-676f-51fd-9a98-a60fca1200d8	19	23
Senza soldi, non poteva fare niente.	Without money, he could do nothing.	ae5d84a0-da8c-50c5-a061-726dcd05bcd0	36	35
Senza soldi, non poteva fare nulla.	Without money, he could do nothing.	987e3fdf-ad5d-54a8-a967-9c5946be047c	35	35
Senza soldi, non riusciva a fare niente.	Without money, he could do nothing.	c641b774-7f39-5707-8442-e8321a937d5d	40	35
Senza soldi, non riusciva a fare nulla.	Without money, he could do nothing.	0a504a31-44d0-5803-990e-3b10e74938e9	39	35
Senza denaro, non riusciva a fare niente.	Without money, he could do nothing.	b003b0e4-a03b-5233-bad9-9a8ccf3feec7	41	35
Senza denaro, non riusciva a fare nulla.	Without money, he could do nothing.	4a65fb1e-0ef5-5708-bd6a-546c934b6848	40	35
Senza denaro, non poteva fare niente.	Without money, he could do nothing.	a8704eb4-d744-5f74-b8e4-1f560298d920	37	35
Senza denaro, non poteva fare nulla.	Without money, he could do nothing.	d6d450a3-15bc-58c1-bb28-b2424d3474b6	36	35
Non sono uno specialista.	I'm not a specialist.	09f80b32-114c-557d-b11c-ba279b881cfc	25	21
Io non sono uno specialista.	I'm not a specialist.	acc39e49-9820-5b47-beaf-f58a0d0aeca5	28	21
Non sono una specialista.	I'm not a specialist.	2a4adee9-73e3-5a79-8b66-3faa3d4f54df	25	21
Io non sono una specialista.	I'm not a specialist.	6650c3a2-0743-58dd-b188-bf3475e0535e	28	21
Continuo a pensarla così.	I still think so.	63fbf2d9-b4c7-5f4b-bb4d-742a19e820f2	25	17
Io continuo a pensarla così.	I still think so.	fd1d3484-32e4-5c58-94cf-8b8df0594c7e	28	17
Tom fingeva di essere interessato.	Tom pretended to be interested.	98a5ebb4-6129-5cf0-9472-c04c8782a04f	34	31
Tom ha appena divorziato.	Tom just got divorced.	b6e80a83-fa3e-5ca8-92fe-909ec1c95f3e	25	22
Conosci qualcuno in Australia?	Do you know anyone in Australia?	be316051-e160-5981-ac0e-6c72f1f1c623	30	32
Tu conosci qualcuno in Australia?	Do you know anyone in Australia?	6eb18047-2572-5e62-9d0c-3a46e16530b3	33	32
Conosce qualcuno in Australia?	Do you know anyone in Australia?	9cbdb233-20b4-5194-8f84-495fcddb5a4a	30	32
Lei conosce qualcuno in Australia?	Do you know anyone in Australia?	445d30fa-8700-534f-8962-370e4d5d4a84	34	32
Conoscete qualcuno in Australia?	Do you know anyone in Australia?	d99ebf40-ec10-5dfe-9544-05d00d9830cf	32	32
Voi conoscete qualcuno in Australia?	Do you know anyone in Australia?	49cd3fe1-188d-5005-96e4-6b0cb1cc3580	36	32
Perché devo dirlo a Tom?	Why do I have to tell Tom?	ea28c84a-b2db-5caf-9c85-4e6586e49797	24	26
Perché lo devo dire a Tom?	Why do I have to tell Tom?	c95467f3-2b2e-501b-b390-2c0a2312b35d	26	26
Sei pronto a venire dentro?	Are you ready to come inside?	6d7b21d4-84ca-54af-bafd-064fa5abe51f	27	29
Sei pronta a venire dentro?	Are you ready to come inside?	c3eabf32-1f2c-59be-aaa6-f06e418d4d3f	27	29
Siete pronti a venire dentro?	Are you ready to come inside?	95dc93f2-3ec6-5068-ab68-6015b5b0daac	29	29
Siete pronte a venire dentro?	Are you ready to come inside?	ecc29fdd-f950-5b77-8815-a714e99898fe	29	29
È pronto a venire dentro?	Are you ready to come inside?	e5510945-3c17-5aa7-83d3-59acb9d01edb	25	29
È pronta a venire dentro?	Are you ready to come inside?	ca507412-221a-59a5-bdbf-8c8ee65547e0	25	29
In ogni caso, non devi preoccuparti.	Anyway, you don't have to worry.	1f26bed0-84d6-5593-b285-f8fbd78c2589	36	32
In ogni caso, non ti devi preoccupare.	Anyway, you don't have to worry.	eae7af19-a3c1-569b-9762-1531e09797dc	38	32
In ogni caso, non deve preoccuparsi.	Anyway, you don't have to worry.	0e1996c8-a2e1-56c1-8ea2-5ed96bcc2193	36	32
In ogni caso, non si deve preoccupare.	Anyway, you don't have to worry.	b3d0268e-914e-5fde-88b0-c3f77c19b332	38	32
In ogni caso, non dovete preoccuparvi.	Anyway, you don't have to worry.	14e1b06a-9166-52be-9c38-f76a56d858e3	38	32
In ogni caso, non vi dovete preoccupare.	Anyway, you don't have to worry.	fdbdcc81-4874-5ed8-88d0-20fce9c459c9	40	32
Tom ne è consapevole.	Tom is aware of that.	9721894b-6284-554f-aed3-c2da441445a3	21	21
È tutto pronto ora?	Is everything ready now?	e4ef0b3e-d1b5-5284-955a-8de5bff31adc	19	24
È tutto pronto adesso?	Is everything ready now?	6ef1efa4-d8e8-532b-9db5-4666c6069401	22	24
Devo farla ora.	I must do it now.	9be5c005-adf3-54b0-aeca-51175e6fd892	15	17
Lo devo fare ora.	I must do it now.	2f8bbb3e-61f1-584e-b639-84b13e387530	17	17
La devo fare ora.	I must do it now.	311352c5-9c55-54ef-bc80-396e7e8bfe1c	17	17
Lo devo fare adesso.	I must do it now.	cbd8db0c-3d29-5ad8-abef-13bdf29fa3bb	20	17
La devo fare adesso.	I must do it now.	a28b2eef-e994-55e9-9ae6-6d6de3e731a3	20	17
Devo farla adesso.	I must do it now.	e9d9338e-b2fe-598e-b78b-41f91db73f90	18	17
Tom è consapevole di quello che ha fatto?	Is Tom aware of what he did?	2adbc0d4-8b5e-5c67-b093-d2e03f3ba49e	41	28
Tom è consapevole di ciò che ha fatto?	Is Tom aware of what he did?	925ba0aa-65a1-5391-ac72-584ee2fa313b	38	28
Tom è diventato un eroe nazionale.	Tom became a national hero.	e5a44ba2-4f0e-5ca5-806a-0643e4ddf518	34	27
Tom diventò un eroe nazionale.	Tom became a national hero.	16d44240-b8e6-5ce1-9756-3bcc55681054	30	27
Tom divenne un eroe nazionale.	Tom became a national hero.	a4401b7d-4381-5d70-b1c4-bc300940ec43	30	27
Mi serve un volontario.	I need a volunteer.	f3886b04-8391-5cb1-8697-5ae5c34971c5	23	19
Ho bisogno di un volontario.	I need a volunteer.	7ca37137-ff54-5083-9272-907634c68fab	28	19
Dove metto le mie borse?	Where do I put my bags?	1786c2a7-96a0-566c-96c8-02d6c1d0a2f6	24	23
Cosa stavi cercando?	What were you looking for?	5aa4217b-2fd0-5be5-b6ed-6b7c2e11e126	20	26
Cosa stava cercando?	What were you looking for?	4b2d2ca1-f1e3-52a2-a9ae-d51d7f512ac0	20	26
Cosa stavate cercando?	What were you looking for?	58340577-8dc5-50fa-9734-2fea48df71bb	22	26
Sarò in ritardo di qualche minuto.	I'll be a few minutes late.	7f40edef-b52b-54cf-8b3f-6c7b3f88fff7	34	27
Io sarò in ritardo di qualche minuto.	I'll be a few minutes late.	be49031b-b1c4-5231-a159-96de325a5cbe	37	27
Tom sta sussurando qualcosa a Mary.	Tom is whispering something to Mary.	36f9ab5e-5eda-5fbf-b02d-64e22a1063db	35	36
Eri spaventato?	Were you scared?	4a0765be-f94f-5627-8953-37dafcf52b36	15	16
Eri spaventata?	Were you scared?	aa2606fe-3423-580a-a905-2e33c4de5621	15	16
Era spaventato?	Were you scared?	7df6bbfb-3320-5f74-a706-e7ccf4c0af0f	15	16
Era spaventata?	Were you scared?	7db810c6-f4b5-5462-8c91-faee1b72e79f	15	16
Eravate spaventati?	Were you scared?	9a125197-1c0f-5aab-8311-dbda650ac356	19	16
Eravate spaventate?	Were you scared?	29f6f59a-dd68-50f5-b8ea-038cf17db830	19	16
Ho invitato Tom e sua moglie alla nostra festa.	I invited Tom and his wife to our party.	154c6f9d-260e-5b24-870d-b9053583cc88	47	40
Tom deve vincere.	Tom needs to win.	0b48e5bb-c29b-5f2b-98fd-4f57304c8848	17	17
Tom ha bisogno di vincere.	Tom needs to win.	e0944836-cfa8-55ae-9dc4-0ac00d0f114d	26	17
Pensavo che fosse eccellente.	I thought it was excellent.	9f3633ea-c8f7-5b6e-beb2-5df695e61705	29	27
Io pensavo che fosse eccellente.	I thought it was excellent.	77a6f80d-b34e-5ce9-970d-02794627bce2	32	27
Non posso chiederlo a Tom ora.	I can't ask Tom now.	9f7f4eff-72aa-516e-bed2-db784b05e4d3	30	20
Non posso chiederlo a Tom adesso.	I can't ask Tom now.	32c1db60-9ce3-5f78-bc27-b85934574801	33	20
Non lo posso chiedere a Tom ora.	I can't ask Tom now.	a4e7bf82-0603-58e5-9dac-220e71fab6a7	32	20
Non lo posso chiedere a Tom adesso.	I can't ask Tom now.	76fa5ea7-765d-5572-9028-95c0700c5291	35	20
Che altro sarebbe?	What else would it be?	d73ba981-0498-54b3-af94-8e002d51ec69	18	22
Non mi è piaciuto il finale di quel film.	I didn't like the ending of that movie.	698e1c25-860e-54e5-8633-e51fd2548fb8	41	39
A me non è piaciuto il finale di quel film.	I didn't like the ending of that movie.	ad1010a1-f57b-5288-8650-4128956ed15d	43	39
È un problema molto difficile.	It's a very difficult issue.	1c68e5dd-cc15-547b-827b-d772c8784cb4	30	28
Abbiamo giocato estremamente bene.	We played extremely well.	d688e43d-266b-5681-b4ff-d3bdf6a96fdc	34	25
Noi abbiamo giocato estremamente bene.	We played extremely well.	207827f7-48a2-5ed5-a875-868704c1bd78	38	25
Abbiamo suonato estremamente bene.	We played extremely well.	5d141270-1867-5b40-a6f0-743d942ef353	34	25
Noi abbiamo suonato estremamente bene.	We played extremely well.	421de676-e94b-5274-83ac-bac240d8f75e	38	25
Non voglio interrompere Tom.	I don't want to interrupt Tom.	e7cffcdb-c281-5c15-90d9-3ce71a5b98f2	28	30
Io non voglio interrompere Tom.	I don't want to interrupt Tom.	80a32dc6-8ac9-5695-b714-7dda0fc60ec2	31	30
Oggi ho avuto un esame di matematica.	Today, I had a math test.	0b0db827-c469-58ef-8511-4fb2182ef0d8	37	25
Tom è terribilmente magro.	Tom is awfully skinny.	15772c87-7657-57f8-9e4b-26a8d231fc59	26	22
Era per lui.	It was for him.	2526304b-809c-5ddf-9cf3-322d91ac75ae	12	15
Era per lei.	It was for her.	4d7dbacf-4b29-5752-acd8-4007e25521c1	12	15
Era per Tom.	It was for Tom.	2aa7bc88-31f7-5846-8434-e9fec454f4d3	12	15
Era ora di fare colazione.	It was time for breakfast.	c103c4b4-4e7d-5e00-9574-39b179157e69	26	26
Se l'è andata a cercare.	He was asking for it.	72f59d1d-4cef-5be9-8c1a-2ddaa27e3056	24	21
Lui se l'è andata a cercare.	He was asking for it.	0104cb2c-cec4-53cc-9df6-c9bd5f2be87e	28	21
Lei se l'è andata a cercare.	She was asking for it.	775ae135-1a88-58dd-80f9-ee39c72690a0	28	22
Spero che non sia lui.	I hope it's not him.	e8b3a779-5fbd-5f53-8d08-f05812f77425	22	20
Io spero che non sia lui.	I hope it's not him.	e8042510-9bdd-5881-873c-49c4ca774570	25	20
Tom ha le informazioni che ti servono.	Tom has the information you need.	2105b9b9-b942-57b7-84ee-a45aca15ff1a	38	33
Tom ha le informazioni che vi servono.	Tom has the information you need.	004d7f6b-6279-5452-bb65-7a1829094522	38	33
Tom ha le informazioni che le servono.	Tom has the information you need.	4d99dbe9-ec84-5acd-a668-ba1cc668c2eb	38	33
Era difficile per me.	It was difficult for me.	fa5fac46-f398-59e3-b999-d8378d101996	21	24
È stato difficile per me.	It was difficult for me.	d270f103-b1c5-5e5b-9fac-24e685c40b72	25	24
È stata difficile per me.	It was difficult for me.	d4b3317f-93d0-56fe-afa7-dc61f90a1611	25	24
Non è complesso.	That isn't complex.	d555311c-6f3e-5519-9d64-eedfd379b9f5	16	19
Ho chiesto a Tom di non disturbarci.	I asked Tom not to bother us.	639d8ac5-4d98-5aad-87b4-60552a6dfb83	36	29
Chiesi a Tom di non disturbarci.	I asked Tom not to bother us.	842f5914-77cb-525c-9c98-b2d5413d282c	32	29
Ho chiesto a Tom di aspettare un minuto.	I asked Tom to wait a minute.	f3378f47-97ae-55cb-807e-e01ea58ee8b1	40	29
Chiesi a Tom di aspettare un minuto.	I asked Tom to wait a minute.	73dcd376-3cc3-5dae-9b20-56865e9acde7	36	29
Tom ascoltava Mary cantare.	Tom listened to Mary singing.	20b01620-e57b-5a76-aea6-a5c63ef8aca6	27	29
Tom ascoltò Mary cantare.	Tom listened to Mary singing.	f9eec6c5-d1ef-5e0a-8484-b1fd44a1df0b	25	29
Tom ha ascoltato Mary cantare.	Tom listened to Mary singing.	22067fba-3bde-5f64-9e4f-2200e2886a06	30	29
Tom se l'è cercata.	Tom was asking for it.	332e5853-3cf9-5efd-b6ed-4d6d12b81df9	19	22
Era ora di pranzo.	It was time for lunch.	7bb8176f-e05d-58b8-903f-5669941b42c0	18	22
Era ora di pranzare.	It was time for lunch.	3205edce-1ed9-50ea-a016-8de74157bfd6	20	22
È stato difficile per te?	Was it difficult for you?	3119278e-9cd6-51d1-9db7-c9a9cd3d8527	25	25
È stata difficile per te?	Was it difficult for you?	6c7cd4dd-2d91-5966-9ec8-f04f20b63ec0	25	25
È stato difficile per voi?	Was it difficult for you?	b7cc4b42-2cee-55f4-826e-98980f9118e6	26	25
È stata difficile per voi?	Was it difficult for you?	b86c4c56-0af1-5cf4-a7ee-770def1e6644	26	25
È stato difficile per lei?	Was it difficult for you?	5e2a2a9f-297d-587c-9f01-292aaf9aff31	26	25
È stata difficile per lei?	Was it difficult for you?	e4bf3f76-226c-5396-9005-d2401a3a030b	26	25
Era difficile per Tom.	It was hard for Tom.	5a489cee-ae42-5c1e-912f-1eb2dd8d9682	22	20
È stato difficile per Tom.	It was hard for Tom.	d66dd3e9-38f4-59f2-8cd9-bbcddc4651b3	26	20
È stata difficile per Tom.	It was hard for Tom.	3e75f16f-5b88-554d-becd-815866e9a6cc	26	20
Tom lo fa più velocemente di me.	Tom does it faster than me.	9b43ab71-94cd-5aef-bdf0-a5e921f697ac	32	27
Tom la fa più velocemente di me.	Tom does it faster than me.	255a916d-1a8b-5fcd-bc5f-9e6403a3adef	32	27
Immagino che fosse un'idea di Tom.	I assume that was Tom's idea.	dce66c4a-d000-5c4e-9a48-556f0d1855ad	34	29
Tom è morto di tumore allo stomaco.	Tom died of gastric cancer.	4bfb08ad-1f0c-5de9-b099-5d33f80f657e	35	27
Tom morì di tumore allo stomaco.	Tom died of gastric cancer.	f1775846-9038-532d-834c-d0d90d9b3838	32	27
Non volevo che Tom mi aiutasse.	I didn't want Tom to help me.	3c5cfdce-d1d0-5b11-a9a2-e576265b73a8	31	29
Io non volevo che Tom mi aiutasse.	I didn't want Tom to help me.	74aea9a6-7516-57de-a3ab-00484efe7be4	34	29
A Tom non piace questo gioco.	Tom doesn't like this game.	0f66021f-f044-587a-bfd7-29f41662ac66	29	27
Penso che Tom mi abbia rubato la bici.	I think Tom stole my bicycle.	5853955b-dfd4-54b4-b611-fb26a97babe0	38	29
Penso che Tom mi abbia rubato la bicicletta.	I think Tom stole my bicycle.	bca2ea74-f984-5979-a553-0009965522b1	44	29
Tom ha bevuto un bicchiere d'acqua.	Tom drank a glass of water.	0a735afd-8f82-58a3-bbb2-50df0e826747	35	27
Tom beve caffè ogni giorno.	Tom drinks coffee every day.	e1869f5d-81e5-5d9b-9738-42a27ab54ab2	27	28
A Tom non piacciono i computer.	Tom doesn't like computers.	a03198e8-8bc1-505c-85c1-6b0456091c83	31	27
Tom è solo prudente.	Tom is just careful.	881f4775-1630-59c9-9854-1396ffeb3c89	20	20
Tom ha dei riflessi eccellenti.	Tom has excellent reflexes.	f0f2738d-ec03-512a-afdd-75735fdaa935	31	27
Tom ha un potenziale enorme.	Tom has enormous potential.	1b316d2c-1a44-50f3-ab60-deb3aeb13705	28	27
Sembra che Tom sia innamorato.	It seems like Tom is in love.	2332a085-3aa9-5f2f-902a-d2b28bea8e0a	30	29
Tom è di bell'aspetto.	Tom is good-looking.	5f7599d5-6ec1-589a-8cec-55a5025f482d	22	20
Tom si è seduto e ha scritto una lettera.	Tom sat down and wrote a letter.	3df587fb-3af9-5d9f-a169-0773f1746d12	41	32
Tom ha un alibi?	Does Tom have an alibi?	e159f36e-48aa-59a4-977f-460359956591	16	23
Tom è sempre insoddisfatto.	Tom is always dissatisfied.	74396feb-ebb1-566c-99e4-68656152431e	27	27
Ho chiesto a Tom di farlo per me.	I asked Tom to do that for me.	49d8cc41-3df9-58c6-a8f6-ba868df6be28	33	30
Chiesi a Tom di farlo per me.	I asked Tom to do that for me.	88464362-a954-567a-9a78-1d1e66166f3c	29	30
Abbiamo molti amici che aiuteranno.	We have a lot of friends who are going to help.	f756c43d-79e2-5fae-978c-8ebec9ff0022	35	47
Noi abbiamo molti amici che aiuteranno.	We have a lot of friends who are going to help.	8003e00c-5021-56ae-a0d7-f1a37d1bdddc	39	47
Abbiamo molte amiche che aiuteranno.	We have a lot of friends who are going to help.	469e8e7e-3084-5185-a94a-53c0632b4a9a	36	47
Noi abbiamo molte amiche che aiuteranno.	We have a lot of friends who are going to help.	b363659f-e15f-5fd6-a4c4-0fe5d227fc0e	40	47
Tom è rimasto a Boston per qualche giorno.	Tom remained in Boston for a few days.	bec2590e-d0d6-5a92-8269-5fcc4311335f	42	38
Tom è restato a Boston per qualche giorno.	Tom remained in Boston for a few days.	4d5852ad-cbc2-5983-8c8f-e567b2b9e157	42	38
Tom rimase a Boston per qualche giorno.	Tom remained in Boston for a few days.	f5b2df55-0499-591e-8735-d5b283126e5a	39	38
Tom restò a Boston per qualche giorno.	Tom remained in Boston for a few days.	4e75695f-7b9b-503d-9320-b1d216410a0b	38	38
Tom è il fratello gemello di John.	Tom is John's twin brother.	2ea4a200-4bc2-5256-adbc-c28c160b39fa	34	27
Tom e Mary sono tuoi amici?	Are Tom and Mary your friends?	68d137ac-3469-5ff3-80c9-7574186697e4	27	30
Tom e Mary sono suoi amici?	Are Tom and Mary your friends?	5c3bf6df-79ba-598e-a6fd-6ba06a1b45b9	27	30
Tom e Mary sono vostri amici?	Are Tom and Mary your friends?	74ecc7ed-232f-5c5b-b94c-0da38bfcafda	29	30
Tom aveva un alibi.	Tom had an alibi.	721e64f4-adcd-5299-ace5-09511d4e8427	19	17
Dan aveva un alibi perfetto.	Dan had a perfect alibi.	eb2b7b57-f302-5fde-bb2d-b947c126e641	28	24
Lui ha un alibi?	Does he have an alibi?	e140da0c-1973-5ac5-b452-d4802d195b32	16	22
Ha un alibi solido come una roccia.	He has a rock solid alibi.	bed650cf-feed-5cfc-84dc-e4b0f829851d	35	26
Lui ha un alibi solido come una roccia.	He has a rock solid alibi.	f319c282-2e05-5555-9e93-6c712002b44f	39	26
Hai un qualche alibi?	Do you have any kind of alibi?	efb5e193-58c5-518f-807e-01520a6255e8	21	30
Tu hai un qualche alibi?	Do you have any kind of alibi?	0edaa05e-f5ff-5eeb-be8a-4c361e64cb19	24	30
Ha un qualche alibi?	Do you have any kind of alibi?	a4036354-1c11-5477-9b82-86db3c0f5ab1	20	30
Lei ha un qualche alibi?	Do you have any kind of alibi?	ce5e557d-7822-5b0c-8b6b-2225d881f69c	24	30
Avete un qualche alibi?	Do you have any kind of alibi?	1a15881a-bb81-562a-bae7-6d2e0b43d98c	23	30
Voi avete un qualche alibi?	Do you have any kind of alibi?	d2cdcc96-21b0-5cbc-aa01-047bcfdd5f88	27	30
I fiori stanno sbocciando.	The flowers are opening.	90cf5c2e-151b-549f-a57f-c9e2ba0761b7	26	24
Senti gli uccelli cantare?	Do you hear the birds singing?	5311c04e-0092-50d4-9d69-87328ee04241	26	30
Sente gli uccelli cantare?	Do you hear the birds singing?	f6d293b9-6b2a-59cb-b70d-8e6ccf97bb69	26	30
Sentite gli uccelli cantare?	Do you hear the birds singing?	e10dcfa7-46f5-553d-acbc-2edb71ef7e0d	28	30
I fiori si stanno aprendo.	The flowers are opening.	8de9f490-bdb8-55c6-a55d-08df2a7d2242	26	24
Tom non sa cosa chiedere.	Tom doesn't know who to ask.	ce5fa839-e5e5-578c-97ac-5d58b74428c7	25	28
Tom non sa che cosa chiedere.	Tom doesn't know who to ask.	ad71d890-9188-52b4-a58f-a627a5b8ddb4	29	28
Tom non sa che chiedere.	Tom doesn't know who to ask.	e98e1fc9-0dba-5c8b-b7a1-80b1df92af96	24	28
Posso andare a giocare in camera mia?	Can I go play in my room?	b1b6bb67-b9ff-5ae5-8a96-7f38a6ff11d5	37	25
Posso andare a suonare in camera mia?	Can I go play in my room?	6078bff4-4c60-52b1-b833-f34e969c39fd	37	25
Dacci un secondo.	Give us a second.	94ad3dd4-2585-545d-bde7-207385d25b57	17	17
Ci dia un secondo.	Give us a second.	f12b889c-76d4-5286-9c79-6942d4c44f61	18	17
Dateci un secondo.	Give us a second.	f2db3a9b-d00e-58f1-b010-f9bbc91ac26f	18	17
Non ho dormito abbastanza.	I didn't sleep enough.	8f1e019a-4993-5479-b8dd-21ac381e8ed7	26	22
Io non ho dormito abbastanza.	I didn't sleep enough.	a0ab0bdd-f160-5b32-8943-f6987997ffbe	29	22
Grazie per questa utile informazione.	Thanks for this useful information.	5abc9bc5-4c9e-562a-b353-f30a3e0cc957	37	35
Grazie per queste utili informazioni.	Thanks for this useful information.	7a94b662-c4de-5f3a-aa1a-476b62d7fac6	37	35
La città sta dormendo.	The city is asleep.	ff830cf3-2a19-537a-96c6-60919615ca16	22	19
Ti sbagliavi.	You were mistaken.	24f2053d-a663-55a2-a043-e3dc554c9e86	13	18
Si sbagliava.	You were mistaken.	11568ca9-5e3c-50d4-8bfe-15cfdedac1cd	13	18
Vi sbagliavate.	You were mistaken.	4b572351-cf38-5d27-9173-a87f7837874c	15	18
Riesci a vedere qualcuno?	Can you see anyone?	5aa98dea-9164-55a8-8f00-41e12925b3fa	25	19
Riesce a vedere qualcuno?	Can you see anyone?	30c0e3e5-de87-5e5c-8304-381e67f96837	25	19
Riuscite a vedere qualcuno?	Can you see anyone?	e490ad71-3494-5c24-8a02-4c415935af95	27	19
Pranzerò con Tom.	I'll be having lunch with Tom.	5e3bff39-f9a3-506d-b0ba-5db66e093808	17	30
Io pranzerò con Tom.	I'll be having lunch with Tom.	2c4b86b6-dfe6-54d1-8b1a-97d35e4bde68	20	30
Tom è molto impressionabile.	Tom is very impressionable.	c64d3393-d28c-5d6a-806f-8364d39c6105	28	27
Tom è molto amichevole con noi.	Tom is very friendly to us.	4cecb51c-4616-5df2-abcc-88f4c42aa521	31	27
Mi sta facendo innervosire.	It's making me nervous.	da6607dc-fd9b-5692-84d5-3452fb868bb4	27	23
Volevo solo sapere.	I just wanted to know.	e69ab51b-d422-55cc-b510-1d54c1eaa109	19	22
Volevo soltanto sapere.	I just wanted to know.	b337a3d9-1a29-5831-a1bf-dbc02094d765	23	22
Volevo solamente sapere.	I just wanted to know.	9dfad731-ffc3-5836-941f-22787be7385c	24	22
Tom sta spesso alzato fino a tardi la sera.	Tom often stays up late at night.	257ea0a1-6fbf-5897-87b1-57d4eb4b3c2d	43	33
Tom sta spesso alzato fino a tardi la notte.	Tom often stays up late at night.	0964d188-81d8-54e8-a2bc-5f2af23087c2	44	33
Stai leggendo qualcosa di interessante?	Are you reading something interesting?	99fa798e-0b63-5a13-b330-a31cfefefb5c	39	38
Sta leggendo qualcosa di interessante?	Are you reading something interesting?	66187bbe-ad3d-5af4-8e53-7c1d5468ec59	38	38
State leggendo qualcosa di interessante?	Are you reading something interesting?	8d0e21f0-8424-5403-a948-fa60009350a6	40	38
Ci può essere qualcosa nella stanza accanto.	There may be something in the next room.	d664c5eb-4c8c-5444-8b7f-e3ec0d940124	44	40
Può esserci qualcosa nella stanza accanto.	There may be something in the next room.	4a5f8974-c396-53a4-8b7b-6f2e34d4cc7e	42	40
Tom ha scritto quella canzone tre anni fa.	Tom wrote that song three years ago.	e639f347-36c2-5c76-8f65-3d8bbbcad55b	42	36
Mary non aveva un marito.	Mary had no husband.	07dc3430-ac24-5380-9297-0ff96fa019b4	25	20
Adesso è ora di rilassarsi.	It's now time to relax.	449e79c3-aa31-5ee6-80ff-4eb800a25724	27	23
Volevo andare a Boston.	I wanted to go to Boston.	69dd8f3c-45c2-5f7a-8108-3ca010b21988	23	25
Io volevo andare a Boston.	I wanted to go to Boston.	11ee92ba-b08f-5a4d-aebf-d641ba0009d7	26	25
Tom mi ha quasi convinto.	Tom almost convinced me.	2307ec91-c2fa-5378-b2c1-baaacaa9cdef	25	24
Tom mi ha quasi convinta.	Tom almost convinced me.	44b52bb6-56e6-5b58-9d17-5ee27672c69e	25	24
Abbiamo sempre avuto una buona relazione.	We've always had a good relationship.	082f2da1-1cfb-52ac-b8da-51cb379ffd30	41	37
Noi abbiamo sempre avuto una buona relazione.	We've always had a good relationship.	b4dc290f-b37a-515f-ae5e-8fe61f4ec00d	45	37
Tom ha calcolato le sue spese.	Tom calculated his expenses.	4244993d-16ef-5c42-b7c8-0022e175db2a	30	28
Tom calcolò le sue spese.	Tom calculated his expenses.	93f8de7c-be04-537b-bb79-3216ef783018	25	28
Tom ha finito lo zucchero.	Tom is out of sugar.	5be78438-4772-599d-9156-62a28fe3ffa7	26	20
Tom è senza zucchero.	Tom is out of sugar.	e56381f5-08e6-5653-bf8a-7a499551567c	21	20
È un pipistrello?	Is that a bat?	09551c59-0d2d-574b-8b93-724df1e7d1b9	17	14
È arrivato con me.	He arrived with me.	a2f06c8d-f96a-5f3e-8eac-43483b9756c7	18	19
Lui è arrivato con me.	He arrived with me.	9c354c21-e096-56f9-9bad-f831165710b3	22	19
Ovviamente non gliel'ho detto.	Of course, I didn't tell him.	11ec4236-68cf-5017-8551-13518db5048f	30	29
Tom non voleva del gelato.	Tom didn't want to eat ice cream.	c69b969e-b0d6-5ca5-820b-38108eeb3b82	26	33
Alcuni di voi mi conoscono già.	Some of you already know me.	80c00a0d-e4fa-58a7-9fbc-5e798ddcdcc5	31	28
Alcune di voi mi conoscono già.	Some of you already know me.	047ef001-d7a1-5f7d-9d22-8c1747f44027	31	28
Le donne francesi sono belle.	French women are beautiful.	4bcdaa2c-2a07-5c76-ab33-fc63008eefd7	29	27
Non avevo il tempo di pensarci.	I didn't have time to think about it.	d1378705-7dce-566f-b4d7-07089a2c2bd1	31	37
Io non avevo il tempo di pensarci.	I didn't have time to think about it.	cd18c2d8-809a-59bc-871b-6dcf524142df	34	37
Non era così costoso.	It wasn't that expensive.	9c14364f-5d95-50cc-a7c6-6f1e1aeedced	21	25
Non era così costosa.	It wasn't that expensive.	98e901d6-c440-515a-863b-19e3244ad615	21	25
Non era così caro.	It wasn't that expensive.	f2a28f92-ac96-588f-82a9-b99c82dfad03	18	25
Non era così cara.	It wasn't that expensive.	9812c2bd-5f18-5da8-9ff4-3d37b690674e	18	25
Mi sta prendendo in giro.	You're mocking me.	2f7bc261-a150-5e7d-a4f6-95c55a911565	25	18
Mi state prendendo in giro.	You're mocking me.	84d615c2-53fc-50ad-aa15-483b29208ca6	27	18
Il tuo record è buono.	Your record is good.	94606578-4793-5322-959e-a3275caab021	22	20
Il suo record è buono.	Your record is good.	1a2e6102-2d3f-539a-a3e6-a7929a0893c8	22	20
Il vostro record è buono.	Your record is good.	bfedbd3a-ff50-5fb0-8122-2b8d4236c602	25	20
Il tuo disco è buono.	Your record is good.	16381050-72c9-52dc-980c-f1b60157bfb7	21	20
Il suo disco è buono.	Your record is good.	0da30f4c-7568-5c72-b357-2e2efd54007b	21	20
Il vostro disco è buono.	Your record is good.	6dc1fd9b-7bea-5d9f-a8eb-adbc91bbd8da	24	20
Il tuo vinile è buono.	Your record is good.	192b2ab5-04a1-54f7-8874-cd7dbd623dab	22	20
Il suo vinile è buono.	Your record is good.	390abe8e-c664-570b-b7b3-1c500e105e96	22	20
Il vostro vinile è buono.	Your record is good.	b48f55c0-c96f-5aae-8de9-b2a89f5aa185	25	20
Un camion ha investito il nostro cane.	A truck ran over our dog.	a59bd990-908a-55cb-b8b5-ba98baadbc6b	38	25
Un camion investì il nostro cane.	A truck ran over our dog.	937aca11-d47c-5fb9-b2e8-14fbab1dcdd7	33	25
Salvaci.	Save us.	5dea06f9-14d4-554f-a0f4-06fe55ff869a	8	8
Ci salvi.	Save us.	c6959bad-0a0c-5bb3-9274-37c6aabafb86	9	8
Salvateci.	Save us.	b6da017d-8270-5247-93eb-fc3c61755499	10	8
Questa è una questione personale.	This is a personal matter.	4e1e8823-7b00-5811-a20b-d873016ff5e2	33	26
Portami una sedia, per favore.	Get me a chair, please.	f5533f30-0f84-58bf-895c-878d2b7cdf76	30	23
Portami una sedia, per piacere.	Get me a chair, please.	1f7365d8-e8b1-5372-a9d6-d30c0759ed18	31	23
Mi porti una sedia, per piacere.	Get me a chair, please.	5e174f43-4064-5c55-bd94-63bed145290a	32	23
Mi porti una sedia, per favore.	Get me a chair, please.	7e4f39ed-5944-5e04-896d-49aabd2e1701	31	23
Portatemi una sedia, per piacere.	Get me a chair, please.	072178be-5e66-5b64-8a12-4e23d1767a26	33	23
Portatemi una sedia, per favore.	Get me a chair, please.	f9be79f1-7958-561b-9568-2f323b119c6a	32	23
Stai ancora vivendo con i tuoi genitori?	Are you still living with your parents?	4c7ad719-918b-596e-88dd-7376f3287156	40	39
State ancora vivendo con i vostri genitori?	Are you still living with your parents?	94a581f9-a380-569c-b0a4-e7839aca4b0a	43	39
Sta ancora vivendo con i suoi genitori?	Are you still living with your parents?	7356bfe9-4feb-54e6-aa95-8bca799b0f43	39	39
Tom voleva essere un Ministro.	Tom wanted to be a minister.	816f0535-f948-5d99-9c08-b6f2fa30a8e5	30	28
Tom viene qui questo pomeriggio, vero?	Tom is coming here this afternoon, isn't he?	b405ca84-684b-59fc-b70d-01d320110ca6	38	44
Tom sta avendo una settimana difficile.	Tom is having a rough week.	993f7c5d-2748-5827-9cb4-76749dd8a6be	39	27
Tom è andato al museo con Mary.	Tom went to the museum with Mary.	c0629413-c9c2-51a7-b7f6-0eaf1eda4ec6	31	33
Tom è andato con Mary al museo.	Tom went with Mary to the museum.	374cc3f8-7297-5aa1-a6b8-c6a0b8b4df80	31	33
Tom andò con Mary al museo.	Tom went with Mary to the museum.	46e7b3c7-e337-58fd-b7a5-d7694ea0d372	27	33
Volevo solo scusarmi.	I just wanted to apologize.	c348a862-c9af-5baa-bed9-09b048e13326	21	27
Volevo soltanto scusarmi.	I just wanted to apologize.	8bd35d3a-5a8a-547c-b6f8-31f1e77ab524	25	27
Volevo solamente scusarmi.	I just wanted to apologize.	8e1277bf-c36e-5bbb-afa4-fd08bf7913a4	26	27
Mi volevo solo scusare.	I just wanted to apologize.	e15a9e51-40b6-5fe3-9c8b-a8d6a216ef04	23	27
Mi volevo soltanto scusare.	I just wanted to apologize.	19b45406-f4d8-5f6d-aacc-be4bfd8d6718	27	27
Mi volevo solamente scusare.	I just wanted to apologize.	d20b18f9-4202-5a0f-bc57-619e58fc2a29	28	27
Maria è rispettata da tutti.	Mary is respected by everyone.	6f440357-9622-5acc-8cbf-463ea0319773	28	30
So cosa farei.	I know what I would do.	79d9bc43-dda1-5179-872f-46c4a96086d3	14	23
Tom ha chiesto a Mary di parlare più lentamente.	Tom asked Mary to speak more slowly.	46c33620-a260-5fb3-bb35-7fa42ed9a6ac	48	36
Tom non parla mai della sua famiglia.	Tom never talks about his family.	db1aca08-c375-55a1-bcd5-8fc8d760f00d	37	33
Tom chiese a Mary di parlare più lentamente.	Tom asked Mary to speak more slowly.	7c6ee564-6b30-5519-a641-78505c5f48ae	44	36
Quanti alberghi pensi che ci siano a Boston?	How many hotels do you think there are in Boston?	d3c46a41-a9da-5508-81a6-73319726125c	44	49
Quanti hotel pensi che ci siano a Boston?	How many hotels do you think there are in Boston?	9d35e2b4-9281-5988-9dfa-512ec1073345	41	49
Quanti alberghi pensa che ci siano a Boston?	How many hotels do you think there are in Boston?	bc893f1a-67d5-561b-ae8f-2b131ba7addb	44	49
Quanti hotel pensa che ci siano a Boston?	How many hotels do you think there are in Boston?	ca7a9d49-4212-56c1-ab91-5f43b80ea252	41	49
Quanti alberghi pensate che ci siano a Boston?	How many hotels do you think there are in Boston?	506b0aef-947d-5119-b507-d8ae6b13b13b	46	49
Quanti hotel pensate che ci siano a Boston?	How many hotels do you think there are in Boston?	456ea0b4-648b-5428-9284-0dac82372f55	43	49
Di' a Tom di venire a casa.	Tell Tom to come home.	bde9b48d-4194-56ed-be4a-bea0ba0693d4	27	22
Dite a Tom di venire a casa.	Tell Tom to come home.	d9964bb3-da03-556e-9f85-1b53276bca4e	28	22
Dica a Tom di venire a casa.	Tell Tom to come home.	c4b8c156-7f15-54a3-8cf5-4b6fa5c24062	28	22
Tom sta ancora mangiando.	Tom is still eating.	1106df7e-71a0-5872-bf17-038ec96c69e1	25	20
Ho passato tre anni in prigione.	I spent three years in prison.	5d763082-d6f9-5cd8-9852-966208eaf0c0	32	30
Ho trascorso tre anni in prigione.	I spent three years in prison.	f82bb113-d060-5a8a-b862-14f1ade89257	34	30
È quello che stavamo pensando.	That's what we were thinking.	30377645-6e90-5f27-83a9-634032f4ca36	30	29
Chi ha scritto questi?	Who wrote these?	548299f2-284f-56b9-a8de-1911127bb6d7	22	16
Chi ha scritto queste?	Who wrote these?	e175d412-6ed5-5d89-a0f1-3af114fc2f98	22	16
Tom e Mary sono sopravvissuti al bombardamento.	Tom and Mary survived the bombing.	02490559-9587-5f86-b221-793291443bfa	47	34
Mi piace scaricare libri.	I like to download books.	abf04aea-2924-56b4-956a-63adbcbf3897	25	25
Si è deciso rapidamente.	He made up his mind quickly.	a34d85fe-154f-5ce5-94eb-c0f267a836c1	24	28
Si decise rapidamente.	He made up his mind quickly.	e70bf4ed-fbbd-5d6a-afac-e41cad25bad9	22	28
Voi ragazzi volete qualcosa da mangiare?	Do you guys want something to eat?	d6d9b841-f514-594a-9e72-703cf6beceea	40	34
È stato un colpo di genio.	It was a stroke of genius.	1d13f6d9-c3e8-593d-ac84-fc3629e226a5	26	26
Fu un colpo di genio.	It was a stroke of genius.	00190727-3cc4-594b-9487-ee251ef84d9f	21	26
Tom mi deve un favore o due.	Tom owes me a favor or two.	81616eca-9451-5926-90ce-e85749cb5e89	28	27
A Tom non piacciono le sorprese.	Tom doesn't like surprises.	816ea237-6af0-501c-afb1-06d8bb5c276e	32	27
Tom ha detto che voleva andare.	Tom said he wanted to go.	ad1a7f7e-c13a-5247-a31e-9181d6c8e03e	31	25
Tom ha dormito tutto il giorno.	Tom slept all day.	13edcaf4-ffed-5c47-beec-bc6641438cc1	31	18
Non riuscivo a dire niente.	I couldn't say anything.	60139555-58a4-5ced-8e22-361b6ae88ad5	27	24
Non riuscivo a dire nulla.	I couldn't say anything.	1b8e9811-339c-511a-ab4f-9be4370df66b	26	24
Non potevo dire niente.	I couldn't say anything.	e9e95867-5905-5dfe-894a-ee361f8ec1bd	23	24
Non potevo dire nulla.	I couldn't say anything.	786febff-c3f8-575c-b8cb-5366f6db813e	22	24
Doveva essere detto.	It needed to be said.	1fa5ec71-9f0e-5fbd-be9a-74d0ba0c6433	20	21
Doveva essere detta.	It needed to be said.	30aec525-7944-52d6-9b5c-89fe491603c2	20	21
Perché non è andato a Boston la settimana scorsa?	Why didn't you go to Boston last week?	e635324c-d3c4-5f50-83d3-eebbd4baa7e7	49	38
Perché non è andata a Boston la settimana scorsa?	Why didn't you go to Boston last week?	2d251cdd-8475-5d99-9822-40b1cf30d8ce	49	38
Tom si è chiesto se fosse vero.	Tom wondered if it was true.	53de9bfa-4b0b-59f1-8cb2-2232a2f5b00f	31	28
Tom si è chiesto se fosse vera.	Tom wondered if it was true.	8a6b5a56-22f1-579a-81f8-a9aff747220c	31	28
Ci divertiremo molto a Boston.	We'll have a great time in Boston.	96235ecd-4ca0-5a58-971a-076247212e20	30	34
Tom è un tipico uomo canadese.	Tom is a typical Canadian man.	0e5a436d-250f-57d7-b2ad-2fee2e4f59cf	30	30
Non lo chiederemo più.	We won't ask anymore.	9648ab6b-25e3-5262-8281-b9e7b979350c	22	21
A Tom piace leggere polizieschi.	Tom likes reading detective novels.	27f4f07e-1c01-58d3-8e1c-d9a71a93c1be	32	35
A Tom piace leggere romanzi polizieschi.	Tom likes reading detective novels.	0f280937-4426-5029-a206-639e385d90d5	40	35
Ha funzionato perfettamente.	It worked perfectly.	7c3b2029-7c90-5a00-a297-4bc922929b32	28	20
Funzionò perfettamente.	It worked perfectly.	84025a3a-e9a0-567c-99d6-2971ec430138	23	20
Ha funzionato alla perfezione.	It worked perfectly.	7009b7cf-e320-5894-9f4a-69782688c319	30	20
Funzionò alla perfezione.	It worked perfectly.	168cdb8b-41b3-5557-9ad0-578813b616aa	25	20
Nessuno sa cos'è successo a Tom.	Nobody knows what happened to Tom.	123a75e6-efa5-54af-9392-1d0a4f98abdf	32	34
Tom non è in grado di venire oggi.	Tom isn't able to come today.	a64435d3-acfa-5503-b0b9-a88728db9cfe	34	29
Che altro ha in mano Tom?	What does Tom have in his hand?	916f90ec-63cd-58b1-a437-f29cae1a87bf	25	31
Penso che Tom uscisse con Mary.	I think Tom used to date Mary.	3a4eca5a-df3a-5378-b3cc-904b5ccf9734	31	30
Io penso che Tom uscisse con Mary.	I think Tom used to date Mary.	089e6525-378f-553e-afb7-46c10118ded5	34	30
Dobbiamo conservare le munizioni.	We need to conserve ammo.	296ec7c0-f934-5fd2-bf53-abd2314be9c8	33	25
Nessuno l'ha comprato.	Nobody bought it.	eb9614d4-1229-5400-bec7-2b53b8b7d22f	22	17
Nessuno l'ha comprata.	Nobody bought it.	6d8f06ee-8197-5958-9f34-9a7f18e6d8d7	22	17
Questo può essere stato parte del problema.	This may have been part of the problem.	d15c703d-c9d9-5852-a0f2-1f975238ba47	43	39
Tutto è in posizione?	Is everything in position?	2405eb6b-cb3b-5689-ad2b-acfbe56399de	21	26
È tutto in posizione?	Is everything in position?	1cfa6193-7a4f-515b-90fb-d4ccd78e3b95	21	26
Tom ha spento le candele.	Tom blew out the candles.	e075a3e5-50c0-5d1f-9566-50cb8b8f3843	25	25
Tom spense le candele.	Tom blew out the candles.	ce19e0e2-f923-5f08-88ce-6d3d29960ee0	22	25
Tom era così prudente.	Tom was so careful.	8c512a75-666a-51b7-aded-d545302fc09d	22	19
Non c'è tempo di parlare.	There's no time to talk.	4fa68a94-9fcf-525a-a432-3e259dd1c208	25	24
Cos'era esattamente?	What exactly was that?	ca3ae16c-c9d3-5e62-a291-c7c2103de21f	20	22
Sembrava pioggia.	It looked like rain.	772c7e9d-d343-569b-adb1-da9c719c2e63	17	20
Non ci ha aiutato.	That didn't help us.	300c5933-1f71-5cd0-8a8e-c4162fbb7f7d	18	20
Non ci aiutò.	That didn't help us.	33ffdf31-a8db-59d0-a8a1-22fa0475166e	13	20
Che cane strano!	What a strange dog!	15496b87-8bc9-5747-9af5-9b0b7ee34fdc	16	19
Qualcuno ha cercato di avvelenare Tom.	Someone tried to poison Tom.	97041042-6590-5fde-ab66-cb0a62518db8	38	28
Qualcuno ha provato ad avvelenare Tom.	Someone tried to poison Tom.	4f2ffc3c-cb4e-5f3f-9db0-4ff97b3def15	38	28
Tom ha detto che gli piace l'idea.	Tom said he likes the idea.	59b06676-2ea4-5f02-ace1-3331bde3266e	34	27
Tom ha preso parte alla competizione.	Tom took part in the competition.	f5e039a7-96f0-5515-be85-df50e6182e22	37	33
Tom prese parte alla competizione.	Tom took part in the competition.	f1bec777-3c97-50ee-b161-a0e77c8ac71f	34	33
Sono qui per affari ufficiali.	I'm here on official business.	3b618ee1-e990-52fa-a6f9-35de8dbde292	30	30
Io sono qui per affari ufficiali.	I'm here on official business.	fc3a34da-5f92-5543-9bb9-223cc9bca74c	33	30
Tom ha la metà degli anni di Mary.	Tom is half Mary's age.	3fbcff6c-8b2b-52b0-84e9-c40ef5dd3f7c	34	23
Perché ti hanno attaccato?	Why did they attack you?	6288c689-df87-5050-b1f6-e62b89b29904	26	24
Perché ti hanno attaccata?	Why did they attack you?	32d54cfa-30e1-5779-be0e-4880665c39d9	26	24
Perché l'hanno attaccato?	Why did they attack you?	dcb6b1d2-4f9f-5b76-a643-35d1601609a7	25	24
Perché l'hanno attaccata?	Why did they attack you?	20dc292d-09ee-5b70-a98f-e75c8b0060be	25	24
Perché vi hanno attaccati?	Why did they attack you?	4b404924-6fdd-5b73-b984-eebf222c2e5d	26	24
Perché vi hanno attaccate?	Why did they attack you?	ba3c0ee9-29b4-5b80-996c-e5adf2cf0acf	26	24
Tom è venuto nel mio ufficio dopo pranzo.	Tom came into my office after lunch.	13eebcd1-237d-5be0-bb33-e9417f5ec220	41	36
Tom venne nel mio ufficio dopo pranzo.	Tom came into my office after lunch.	e9e576ef-b511-5975-930d-a14ab3bde1df	38	36
Vedremo cosa possiamo fare.	We'll see what we can do.	38d9cc11-9cc5-5e71-bcd3-fd6f54e3931f	27	25
Vedremo cosa riusciamo a fare.	We'll see what we can do.	60d2446f-434a-53fd-8e63-88c23276b572	30	25
Non prenderai un po' di tè?	Won't you have some tea?	cf6042e9-aaed-5585-8cad-68398ca81bb8	27	24
Non prenderà un po' di tè?	Won't you have some tea?	0db41f92-b89c-50be-a201-613694963979	26	24
Non prenderete un po' di tè?	Won't you have some tea?	7428b7ed-eadb-5c74-9eba-36a7cb8bd50e	28	24
Tom ha continuato a muoversi.	Tom kept moving.	d9e3f115-b9c1-54b0-aaa0-1ef4dbbff1ae	29	16
Tom continuò a muoversi.	Tom kept moving.	6d782203-f8f3-5f6c-9d27-0df24d953094	24	16
Tom si occuperà di tutto.	Tom will take care of everything.	cb604372-3d62-5cc0-93b5-9df38d54ee0c	25	33
Vuoi andare a cena?	Do you want to go to dinner?	a9159123-d1f4-526f-acda-2b9e0f6d43ce	19	28
Vuole andare a cena?	Do you want to go to dinner?	42529e10-01fe-5182-9088-30400167b07c	20	28
Vorreste andare a cena?	Do you want to go to dinner?	295b9456-ba23-5eff-83ca-216f448f3822	23	28
Vorresti andare a cena?	Would you like to go to dinner?	7cd86f1e-4e8f-5cab-88be-14100ddf48bd	23	31
Vorrebbe andare a cena?	Would you like to go to dinner?	620884f4-2355-5b88-9dfe-130e17f78748	23	31
Aggiusta i freni.	Adjust the brakes.	b93b2d98-8cfa-5872-aa83-257c4ae0c0ac	17	18
Aggiustate i freni.	Adjust the brakes.	1c5afea3-dec9-58e5-a887-a60200929e3a	19	18
Aggiusti i freni.	Adjust the brakes.	ada16b25-6edd-51b5-9018-25de759933fd	17	18
Spero di essere in grado di andare a giugno.	I hope to be able to go in June.	f1e53f15-2469-5e3e-b2b5-2c1db678b06c	44	32
Io spero di essere in grado di andare a giugno.	I hope to be able to go in June.	8d760ea1-6266-53fa-ab61-420ae69acf9e	47	32
Preferisco la casa nuova a quella vecchia.	I like the new house more than the old.	b8eefd70-5911-55a1-908e-a777d14f410e	42	39
Io preferisco la casa nuova a quella vecchia.	I like the new house more than the old.	ad3d0625-e2ff-5a5a-9eb2-1c26fb4f9ee2	45	39
Preferisco la camicetta nera a quella blu.	I like the black blouse more than the blue.	fb362d42-4542-5f7c-a444-5543d36245b1	42	43
Io preferisco la camicetta nera a quella blu.	I like the black blouse more than the blue.	af60ee28-8355-57c6-ba3e-f9304f0bcb4c	45	43
Preferisco il vestito rosso a quello bianco.	I like the red dress more than the white.	41d37a8d-552e-5fb9-a79c-fe8320d381e3	44	41
Io preferisco il vestito rosso a quello bianco.	I like the red dress more than the white.	dcba5978-f996-516d-8dcb-4ffd67401429	47	41
Penso che scenderemo alla prossima fermata.	I think we get off at the next stop.	0dca9769-0540-5b43-bb11-a7264abb01d8	43	36
Tom ha assunto Mary immediatamente.	Tom hired Mary immediately.	e8a4edc3-4c9e-54ff-b9d2-dc58d2b7542d	35	27
Tom assunse Mary immediatamente.	Tom hired Mary immediately.	ba9b0251-c9d6-5a26-bb58-fa07ee9f4feb	32	27
Hai dello shampoo?	Have you got shampoo?	2d2ca2d0-9dc3-516e-831a-946622e5f24e	18	21
Ha dello shampoo?	Have you got shampoo?	bfc04d6d-b1ca-5a2d-b7a7-295a975b572d	17	21
Avete dello shampoo?	Have you got shampoo?	894fff92-0cdb-5ab1-96be-b6bd5cf3ee08	20	21
Che shampoo usi?	What shampoo do you use?	486ce7c8-0873-5528-9858-624268ce341e	16	24
Che shampoo usa?	What shampoo do you use?	217b69b2-35fe-5ded-8ed8-19a5a169186a	16	24
Che shampoo usate?	What shampoo do you use?	c9bb92cf-1018-5337-a7bf-e187f30e6bce	18	24
Che shampoo utilizzi?	What shampoo do you use?	40363cdf-626b-5a5b-80ba-aae97ecfd5b9	21	24
Che shampoo utilizza?	What shampoo do you use?	23710d3d-7e88-50f5-88b4-b74ab69e27f2	21	24
Che shampoo utilizzate?	What shampoo do you use?	d936d923-f776-5052-824f-719cfb440cad	23	24
A Tom è andato dello shampoo negli occhi.	Tom got shampoo in his eyes.	2bbf9275-6358-58c6-b592-91dea9dddde9	41	28
A Tom andò dello shampoo negli occhi.	Tom got shampoo in his eyes.	a229db44-4e8c-5139-a101-2be4300deabe	37	28
Questo shampoo mi rende i capelli luccicanti.	This shampoo makes my hair shiny.	f4a7bc7f-e661-5522-831c-637bdbd31968	45	33
Che marchio di shampoo usi?	What brand of shampoo do you use?	01dedb13-2a26-5364-b7e1-5c05ccba1d46	27	33
Che marchio di shampoo usa?	What brand of shampoo do you use?	163b5740-6314-571f-9ae1-a8a90213d898	27	33
Che marchio di shampoo usate?	What brand of shampoo do you use?	63713033-f86a-5553-99b9-7293449776dd	29	33
Che marchio di shampoo utilizzi?	What brand of shampoo do you use?	a507ed29-9b42-58fe-a2c1-71650ea315ee	32	33
Che marchio di shampoo utilizza?	What brand of shampoo do you use?	0a51bbb6-eb24-50fe-9eb0-030d3d35cf76	32	33
Che marchio di shampoo utilizzate?	What brand of shampoo do you use?	5fca3d51-85f3-584a-9169-f23a2d412b48	34	33
Che tipo di shampoo usi?	What kind of shampoo do you use?	696dbe97-52cb-55a1-8aaf-c09a5dcc5097	24	32
Che tipo di shampoo usa?	What kind of shampoo do you use?	90b5844c-6a9a-5eb8-aa2b-b93bf0b57dcf	24	32
Che tipo di shampoo usate?	What kind of shampoo do you use?	d6d1d4c9-7494-534d-b1c6-eaa31e8e54d9	26	32
Che tipo di shampoo utilizzi?	What kind of shampoo do you use?	ec297eb0-10d7-502d-98b4-9373f829f01a	29	32
Che tipo di shampoo utilizza?	What kind of shampoo do you use?	2c1652a2-a1ce-5233-9d5a-e5b933ee8b9f	29	32
Che tipo di shampoo utilizzate?	What kind of shampoo do you use?	2ffddd0c-f0b8-5326-9294-c69b3926627c	31	32
Tom si lava i capelli senza usare shampoo.	Tom washes his hair without using shampoo.	7f9dae7f-ac3a-54ba-be8e-3ba389b744a3	42	42
Tom si lava i capelli senza utilizzare shampoo.	Tom washes his hair without using shampoo.	cd4d911b-ebaa-5776-b0ea-693bf0bcfe45	47	42
Tom si è sciacquato lo shampoo dai capelli.	Tom rinsed the shampoo out of his hair.	a552f141-268c-5925-9196-c441a40019dd	43	39
Tom si sciacquò lo shampoo dai capelli.	Tom rinsed the shampoo out of his hair.	ccc3410f-b9da-5bb4-83a7-4fee35130cf4	39	39
Tom ha vinto il primo round.	Tom won the first round.	08392d13-0b2f-55c2-92d6-0f628bd3c28d	28	24
Tom vinse il primo round.	Tom won the first round.	81b5a218-3221-5038-b629-69d0aa4a8ebd	25	24
Posso riavere la mia pistola?	Can I get my gun back?	3d4cb3d9-9280-5804-b313-354155c5c69e	29	22
Tom prese peso.	Tom gained weight.	a72a31df-0a78-5585-bd5e-a6e7c3a00d40	15	18
Tom non riesce a fare tutto da solo.	Tom can't do everything himself.	7739f213-817d-55a9-a2dd-c16322058eeb	36	32
Hanno paura di noi.	They're afraid of us.	1f40141c-475e-5753-8bc7-6f5060b4a92c	19	21
Loro hanno paura di noi.	They're afraid of us.	83345191-0d23-58b5-b2ec-1862247f3e66	24	21
Tom è stato a Boston prima.	Tom has been to Boston before.	411f7661-8ba4-5eb4-b12b-9eefa34b128e	27	30
Tom è già stato a Boston.	Tom has been to Boston before.	58b0dd64-e894-50ac-89bf-a4263ab8f60a	25	30
Tom aveva paura di dire qualunque cosa.	Tom was afraid to say anything.	044e6e47-09ee-5288-ba94-beedbfeaf9f6	39	31
Tom aveva paura di dire qualsiasi cosa.	Tom was afraid to say anything.	bdd4f235-a631-5d16-b659-7f2dbf097b49	39	31
Mi fa piacere farlo.	I'm glad to do it.	aa0fc5ef-21ce-5a1a-8224-7aadf7342adb	20	18
Mi fa piacere farla.	I'm glad to do it.	e1d9b1de-fb98-5226-a7fe-5868b3815154	20	18
È molto divertente guidare una macchina.	It is a lot of fun to drive a car.	b436b4dd-0860-531c-9daf-891d39be1573	40	34
È molto divertente guidare un'auto.	It is a lot of fun to drive a car.	11fca758-693e-5538-89c6-01fcbcff4f72	35	34
È molto divertente guidare un'automobile.	It is a lot of fun to drive a car.	1b4e41c6-839f-517c-89d9-b78d32bd9623	41	34
Non correre così veloce.	Don't run so fast.	1b28f210-044d-53a0-998d-7725392f003f	24	18
Non correte così veloce.	Don't run so fast.	47ae7e5a-bb46-5486-ba84-74d8b9c481af	24	18
Non corra così veloce.	Don't run so fast.	d1ab950e-a7f5-525a-9e2c-22e013c293c5	22	18
Sembra che tu abbia perso un po' di peso.	It looks like you've lost some weight.	d2426f9b-e80f-5c8e-8ba5-4b446a4258a0	41	38
Sembra che lei abbia perso un po' di peso.	It looks like you've lost some weight.	37ecc183-9783-5a21-8f59-e3571345a513	42	38
Sembra che abbiate perso un po' di peso.	It looks like you've lost some weight.	752275d5-9782-5509-bf20-87916b53b983	40	38
Sembra che voi abbiate perso un po' di peso.	It looks like you've lost some weight.	2e799fd0-ae57-5774-a9d4-b9e6f40a4545	44	38
Perché Tom non vuole uscire con noi?	Why does Tom not want to hang out with us?	ccf77c99-d879-54da-9e54-b33114dda834	36	42
Perché non lo vendi e basta?	Why don't you just sell it?	db77320d-a299-5323-bebf-4996f4821d10	28	27
Perché non la vendi e basta?	Why don't you just sell it?	6dcc13e4-08bb-5305-a4f0-31ddb88237a2	28	27
Perché non lo vende e basta?	Why don't you just sell it?	5df5e21f-074c-52a6-9e05-3580faa8ee30	28	27
Perché non la vende e basta?	Why don't you just sell it?	decaa2a8-9f6a-5e38-a92a-72c58deb83f5	28	27
Perché non lo vendete e basta?	Why don't you just sell it?	b3d28cc4-6084-56b7-b73f-d3825e485bdb	30	27
Perché non la vendete e basta?	Why don't you just sell it?	2a4b9d28-5eb9-5d53-9571-a50db40c3779	30	27
Per piacere, non farlo.	Please don't do it.	69126d43-7242-5d23-894e-80c34060252f	23	19
Per piacere, non farla.	Please don't do it.	03631b6b-2a1c-5d3c-9ab4-f87029af927b	23	19
Per favore, non farlo.	Please don't do it.	b3b07d06-fce2-5666-87ed-2f69812c5c37	22	19
Per favore, non farla.	Please don't do it.	a23f3a3f-f75b-511c-9aec-04e90c1e45eb	22	19
Per favore, non fatelo.	Please don't do it.	b58c359c-265a-5ac1-9c99-3f03811ac2e2	23	19
Per favore, non fatela.	Please don't do it.	b1e3dca0-212f-5646-890a-c8e67fc04a29	23	19
Per piacere, non fatelo.	Please don't do it.	8e07f916-178c-5245-8b33-a2bb07ecec4f	24	19
Per piacere, non fatela.	Please don't do it.	118a7203-6850-5700-a985-a160022ec573	24	19
Per piacere, non lo faccia.	Please don't do it.	2a7f80c4-59c1-5fc4-8161-7721d4345279	27	19
Per favore, non lo faccia.	Please don't do it.	ad1f9f82-c160-5fa1-9340-ea0d7755d561	26	19
Per piacere, non la faccia.	Please don't do it.	7a9e79f9-0a8f-562c-bb02-16a6161710b6	27	19
Per favore, non la faccia.	Please don't do it.	94001629-756e-5f97-bf6c-9458b360ddef	26	19
Sei eccentrico?	Are you eccentric?	77c7e7b7-4f0a-516c-be7c-7525e5c7dc34	15	18
Tu sei eccentrico?	Are you eccentric?	6e59e488-94e3-5a06-95f1-88cfef24ed55	18	18
Sei eccentrica?	Are you eccentric?	4ca55094-7989-5446-b3f2-262b14e8df39	15	18
Tu sei eccentrica?	Are you eccentric?	46ff4f3f-4596-596c-8d41-b472ca2e31b2	18	18
È eccentrico?	Are you eccentric?	cf2b9af3-0c97-5aae-8706-44afc20a55f5	13	18
Lei è eccentrico?	Are you eccentric?	070edf94-b0ac-50d6-9dea-0f02930d4b9e	17	18
È eccentrica?	Are you eccentric?	c96474d6-1dc5-5545-93c3-c39356ce05c5	13	18
Lei è eccentrica?	Are you eccentric?	142dfd54-dd98-558e-af7f-075d09130123	17	18
Siete eccentrici?	Are you eccentric?	55d293de-0539-5313-88b4-14d41cc6cd39	17	18
Voi siete eccentrici?	Are you eccentric?	5827b27b-8774-5189-9561-84fc0d744688	21	18
Siete eccentriche?	Are you eccentric?	c688368e-d008-591c-85b3-4c4b7f9972f2	18	18
Voi siete eccentriche?	Are you eccentric?	3ad99eb2-b389-589f-b7fb-410c6e959398	22	18
Non abbiamo guardato molto a lungo.	We didn't look very long.	6d561de1-899e-56da-9474-73efdeb0a5ce	35	25
Noi non abbiamo guardato molto a lungo.	We didn't look very long.	3b4944b9-0ebd-546b-b013-41291d450739	39	25
Non guardammo molto a lungo.	We didn't look very long.	e69fa8af-ca7c-5bee-b6ac-fa9531d888a3	28	25
Noi non guardammo molto a lungo.	We didn't look very long.	063e307b-f6e0-5d20-9a10-aaba3de4d0fb	32	25
Amerei cantare per te.	I'd love to sing for you.	eba8be18-dd3d-520d-b4eb-93545391490c	22	25
Io amerei cantare per te.	I'd love to sing for you.	279dd72e-9dc7-5af8-8fff-5b38d3f89aa1	25	25
Amerei cantare per voi.	I'd love to sing for you.	0ee7fc7a-90ff-56f5-8f09-36cfe8fb0f95	23	25
Io amerei cantare per voi.	I'd love to sing for you.	88767deb-64bf-525b-9eff-ce2c74ca680f	26	25
Amerei cantare per lei.	I'd love to sing for you.	49f7fb52-7941-505f-ab23-299be674b448	23	25
Io amerei cantare per lei.	I'd love to sing for you.	f828a451-c63e-50b8-a528-071fe4180a14	26	25
Molte persone ci credono.	Many people believe that.	6ca6d265-a252-53b7-a5a3-cd95f23b1916	25	25
Molta gente ci crede.	Many people believe that.	4c32113f-5bf1-5465-8d38-a4b1a9bbc1f4	21	25
Questo non è esattamente salutare.	This is not exactly healthy.	4f4f31e9-b1e4-5ec6-ae7a-3ceb9eb07c88	34	28
Voi due vi siete conosciuti?	Have you two met?	cb715150-e940-5cbe-a0e6-dc23114e52b5	28	17
Voi due vi siete conosciute?	Have you two met?	5f4fbf70-9afa-53fb-815f-35ce7f876132	28	17
Voi due vi siete incontrati?	Have you two met?	ab8f31e9-7f11-5f1a-b6bd-30790c1c9694	28	17
Voi due vi siete incontrate?	Have you two met?	ec05b0b4-e0fa-552f-936f-291354fb640d	28	17
Tom ha una bella personalità.	Tom has a nice personality.	f1e39e78-7baa-542b-9c90-abd17edf93bb	29	27
Questo è tutto un errore.	This is all a mistake.	ae1b2556-65a9-5066-b815-7f4ca166c874	25	22
Questo è di visone?	Is this mink?	6b0bc16a-910b-5a90-925d-d0e7bc9f412e	19	13
Questo è visone?	Is this mink?	c8d8a8e0-425d-555f-8858-8ace78e5fdd0	16	13
Tom era troppo spaventato per gridare.	Tom was too scared to yell.	19db52ca-89a7-5ae6-981c-9c77d99d9c14	38	27
Non mentirò a riguardo.	I won't lie about it.	72e872cb-a04e-5f71-a099-212c511ac815	23	21
Io non mentirò a riguardo.	I won't lie about it.	7761b694-0586-590a-970e-11b1f004dbda	26	21
Mi sono imbattuto in Tom.	I bumped into Tom.	d935a30c-0e80-5492-a78f-ba3115a11633	25	18
Mi sono imbattuta in Tom.	I bumped into Tom.	ec51f9a6-09a7-5ca8-adc5-5a54592e126c	25	18
Tom ha chiesto a Mary di smettere di fumare.	Tom asked Mary to quit smoking.	876b4c32-7877-56ee-b1e2-4ef5f1e35994	44	31
Tom chiese a Mary di smettere di fumare.	Tom asked Mary to quit smoking.	20e68bed-5d7f-5ae1-95a5-d7f5bdc392ad	40	31
Non dovrebbe essere divertente.	It's not supposed to be fun.	cdad1d7f-eddc-5d5f-864e-8f77e442a7f1	31	28
Tom beve circa tre litri d'acqua al giorno.	Tom drinks about three liters of water a day.	a1650d98-a4d7-5091-9873-917a774df242	43	45
La strada era in costruzione.	The road was under construction.	2e82f0e9-2307-595f-87ce-e2f678ecf2a9	29	32
Tom ha sentito qualcuno toccare il suo braccio.	Tom felt someone touch his arm.	3aa720d4-1bdc-58d0-bc8b-e9b21711c205	47	31
Tom sentì qualcuno toccare il suo braccio.	Tom felt someone touch his arm.	cdfae74c-5193-50fb-a8ca-fcf52638821a	42	31
Ho abbastanza soldi per comprare questo.	I have enough money to buy this.	92196c39-ba32-52a8-b884-a0e5d7b16047	40	32
Io ho abbastanza soldi per comprare questo.	I have enough money to buy this.	779710a8-9854-5369-b937-362d95309c38	43	32
Ho abbastanza denaro per comprare questo.	I have enough money to buy this.	abe333ab-ea8b-5296-95aa-aec63b694d28	41	32
Io ho abbastanza denaro per comprare questo.	I have enough money to buy this.	b03cbef2-75d3-5bd6-b864-f1e71af1836b	44	32
Ho abbastanza denaro per acquistare questo.	I have enough money to buy this.	fe719649-06c4-5a50-bce5-165230010389	43	32
Io ho abbastanza denaro per acquistare questo.	I have enough money to buy this.	10c73822-aa89-5a43-95c9-7eea9d8d8a09	46	32
Ho abbastanza soldi per acquistare questo.	I have enough money to buy this.	167bec99-880d-5b17-9f88-ea5011021711	42	32
Io ho abbastanza soldi per acquistare questo.	I have enough money to buy this.	c3bad698-7366-5016-a1c7-2c3294963949	45	32
Sua figlia lo importunava per comprare la bambola.	His daughter importuned him to buy the doll.	6defda69-9626-5de5-8aec-39f96da3d9d3	50	44
Ti farò un favore enorme.	I'm going to do you a huge favor.	2ecc07b3-8142-5309-8020-da91597d920e	25	33
Vi farò un favore enorme.	I'm going to do you a huge favor.	26b4eab5-0a08-5a22-9bda-b43685140250	25	33
Le farò un favore enorme.	I'm going to do you a huge favor.	c1ec6532-aea3-5811-ab29-a93b37f1e967	25	33
Tom ha finalmente smesso di ridere.	Tom finally stopped laughing.	2e694143-aa5c-5b11-ab12-1d5b3a7b8384	35	29
Tom smise finalmente di ridere.	Tom finally stopped laughing.	729e02a5-74de-5716-a340-440e776863c6	31	29
Moriranno?	Are they going to die?	464fa53c-8ddf-5b8d-b055-9a833de56a9d	10	22
Loro moriranno?	Are they going to die?	8b9afa80-f7b4-5675-9dbb-7c7505fc98de	15	22
Che rottura!	What a drag!	7a711c2e-4373-5c08-a49e-3594409ae14b	12	12
Che lagna!	What a drag!	f93ec8a9-ca0b-5c6d-a43d-9cbc5d5306c4	10	12
Che solfa!	What a drag!	ed5792de-27ed-54ae-8862-c2cf7371335f	10	12
Che menata!	What a drag!	31a60227-2409-578c-8521-a9fcc23b23a2	11	12
Che palla!	What a drag!	70ff3023-1858-548a-85b7-9391e24a905d	10	12
Che fardello!	What a millstone!	7c576846-b7b6-54ad-bd15-21ce89bdb307	13	17
Che peso!	What a millstone!	e0fd715c-39b0-592d-8fd9-6c19e072e0a6	9	17
Capisci come funziona?	Do you understand how it works?	db40858f-6289-5405-b787-cb38292dee5e	22	31
Tu capisci come funziona?	Do you understand how it works?	89f76092-a129-513e-88ee-fc345f70675f	25	31
Capisce come funziona?	Do you understand how it works?	f936a2d8-9436-50e1-8fb4-68befda73d3b	22	31
Lei capisce come funziona?	Do you understand how it works?	b6dacbec-95f4-5938-b4fc-725aa4a53111	26	31
Capite come funziona?	Do you understand how it works?	04f14024-d387-5740-9e23-25decaea2969	21	31
Voi capite come funziona?	Do you understand how it works?	885d61e2-f3b9-53b7-81eb-0b4d2194db15	25	31
Tom è stato condannato a trent'anni.	Tom was sentenced to thirty years.	620c6e40-bd16-5dc0-9aa4-7c602e2a8e75	36	34
Tom fu condannato a trent'anni.	Tom was sentenced to thirty years.	4bc05349-b2d5-5ff0-bbce-f1f57a6da13f	31	34
Questo incrocio è pericoloso.	This intersection is dangerous.	daf3755f-f33e-59d1-877a-bec791a043f6	29	31
Non penso che abbia mai funzionato.	I don't think it ever worked.	f2be03bf-af83-5666-9768-1211f6c279e0	35	29
Le persone non lo dicono più.	People don't say that anymore.	b607311f-3442-56f2-b8f8-ae71c269e197	29	30
La gente non lo dice più.	People don't say that anymore.	d22839ee-bac8-5a89-be5e-d27cfc269d8f	25	30
Andrò quando torna.	I will go when he comes back.	93ab9c5c-8a42-5909-9e65-e2d208bec2ee	19	29
Siamo piuttosto ubriachi.	We're quite drunk.	4a872ff3-cec2-5f72-b8d5-74d8446bac07	25	18
Siamo piuttosto ubriache.	We're quite drunk.	50fb09e4-a132-5acb-83fd-463d6db4e11f	25	18
Tom vende fertilizzante.	Tom sells fertilizer.	5ba89abc-df12-5cd6-8285-25737b6f8075	24	21
Tom e Mary si comportavano come bambini.	Tom and Mary acted like children.	b7491741-4139-52e1-a919-bc8e3842e0f4	40	33
Ho quasi vinto.	I almost won.	2e323f2d-c2e6-501f-b73c-7410c24cbef7	15	13
Io ho quasi vinto.	I almost won.	721d53c8-c0a4-5a83-a909-b597f6e85fb6	18	13
Ci sto ancora lavorando sopra.	I'm still working on that.	d5aa8bd4-6867-565d-8353-2ddbc66da466	30	26
Io ci sto ancora lavorando sopra.	I'm still working on that.	50b806f5-724a-54a2-b17d-3e627e174693	33	26
Se non faccio questo, chi lo farà?	If I don't do this, who will?	24285ccc-06ce-5025-af9d-c4fb4e448265	34	29
Se io non faccio questo, chi lo farà?	If I don't do this, who will?	781f96f5-42cf-58a8-8cf3-3ee49f5da529	37	29
Mi daresti una mano?	Would you lend me a hand?	4a0da363-48b8-53e0-9261-eeabbf87d076	20	25
Mi dareste una mano?	Would you lend me a hand?	854d7cde-5dfa-593c-bacb-5048a4e80c53	20	25
Mi darebbe una mano?	Would you lend me a hand?	b3f8ec80-1bac-5008-bc03-1a15576872bc	20	25
Tom è un brillante scienziato.	Tom is a brilliant scientist.	2d62a4f0-c4c4-586d-83d6-ef85dfa1b0fe	30	29
Perché combatterlo?	Why fight it?	f10df164-2575-58d4-b5f9-36f3d6201e70	19	13
Perché combatterla?	Why fight it?	36033e3c-1ba9-53e1-825c-225a60c84043	19	13
Penso che troverai questo interessante.	I think you'll find this interesting.	6ee5d68c-3124-587a-8d0e-f332a24d2483	39	37
Penso che troverà questo interessante.	I think you'll find this interesting.	452a224e-c9e6-5470-9c3d-c9ccaf3ed02e	38	37
Penso che troverete questo interessante.	I think you'll find this interesting.	7f981449-4cae-5144-9834-a4a018306450	40	37
Tom e Mary sono entrati in chiesa assieme.	Tom and Mary entered the church together.	8443c08e-ed88-54a0-a0ac-0f60e541813c	42	41
Tom e Mary entrarono in chiesa assieme.	Tom and Mary entered the church together.	c85024ee-0572-5a0e-92bb-7cbeec0d41dc	39	41
Ho visto Tom prendere le tue chiavi.	I saw Tom take your keys.	04ad8c9d-c6a1-5873-b970-76b95be3a60a	36	25
Ho visto Tom prendere le sue chiavi.	I saw Tom take your keys.	17e61c2f-164f-5e23-9f11-642d264eaf0b	36	25
Ho visto Tom prendere le vostre chiavi.	I saw Tom take your keys.	440ba3b4-ddde-524e-b905-d3535f15fb97	39	25
Vidi Tom prendere le tue chiavi.	I saw Tom take your keys.	4b4b1ede-8a0f-5d46-a5dc-492c70f2cc2b	32	25
Vidi Tom prendere le sue chiavi.	I saw Tom take your keys.	0715b02f-b344-59b2-9ff9-d0b2df762039	32	25
Vidi Tom prendere le vostre chiavi.	I saw Tom take your keys.	e9dfd8a3-3f70-5304-83f3-6e14e8f60816	35	25
Tom te l'ha dato?	Did Tom give it to you?	95e05907-56bd-548e-944e-cb2e5ba7763c	17	23
Tom te l'ha data?	Did Tom give it to you?	0f0ae7c2-7abb-5e20-bd6e-b50e87b59479	17	23
Tom ve l'ha dato?	Did Tom give it to you?	01be57fa-5098-5f41-aae5-cde6338aa23f	17	23
Tom ve l'ha data?	Did Tom give it to you?	46455db3-a8cc-583d-a3db-94dc0596162e	17	23
Tom gliel'ha dato?	Did Tom give it to you?	5fe1cefe-a652-5a05-b83a-e24bcbc3a577	18	23
Tom gliel'ha data?	Did Tom give it to you?	b7c76f26-39c2-50c1-8100-85e97cd3c367	18	23
Io e Tom non siamo gemelli identici.	Tom and I aren't identical twins.	4f3c7e63-83ff-5f27-8eea-e02db47ea6bd	36	33
Togli le mani da Tom.	Get your hands off Tom.	52f2ffb5-f0b5-5174-9d27-fa0d37fb536a	21	23
Tolga le mani da Tom.	Get your hands off Tom.	86c4d513-fc96-5127-81c3-0288b5d9bca0	21	23
Togliete le mani da Tom.	Get your hands off Tom.	e94c9501-edc1-5f8d-8985-b42b4a3da4dc	24	23
Sono fratello e sorella.	They're brother and sister.	013c37ec-4358-5845-832b-af105d4b421e	24	27
Loro sono fratello e sorella.	They're brother and sister.	86f239d1-eab4-53a9-81cd-e638b4134b10	29	27
Sono un nonno.	I'm a grandfather.	ed69dccc-88f2-56d3-b34b-73ce896f7459	14	18
Io sono un nonno.	I'm a grandfather.	5e392a41-8ad9-5e3d-849b-41718980e07b	17	18
Trovami un avvocato.	Get me a lawyer.	715b8aed-64b1-5686-932a-a3be708752df	20	16
Mi trovi un avvocato.	Get me a lawyer.	69578b70-f56a-5fee-bbaf-18103b58e752	21	16
Trovatemi un avvocato.	Get me a lawyer.	bf9351e3-53d9-596d-80f0-25168b8b9254	22	16
Tom ha suggerito che tornassimo domani.	Tom suggested we come back tomorrow.	c304b337-e8f6-5212-b4b5-696cb727419a	39	36
Conosci questo gioco?	Do you know this game?	d728a97d-e40d-5199-b5f3-c3252687df36	21	22
Tu conosci questo gioco?	Do you know this game?	683b85cc-0a0b-5d75-877d-e04c8c9bd23c	24	22
Conosce questo gioco?	Do you know this game?	b5edbdbd-b0d6-5f68-ae44-ea46d9be5c7d	21	22
Lei conosce questo gioco?	Do you know this game?	e418e8b3-2fb9-5561-8f6d-8530f6d721c0	25	22
Conoscete questo gioco?	Do you know this game?	eec5db52-5a85-5e9b-8a28-fb98a09639be	23	22
Voi conoscete questo gioco?	Do you know this game?	a3c3c849-0db9-505b-8542-b1ea82fd06ca	27	22
Tom ha lasciato il suo cappello in macchina.	Tom left his hat in the car.	d9f61bfd-fa3d-5276-9e67-a1a5e8309849	44	28
Tom lasciò il suo cappello in macchina.	Tom left his hat in the car.	5a14e497-fe5a-5ab9-89b0-67b0a358eae6	39	28
Sembrano felici oggi.	They look happy today.	e336e197-64f4-58b3-932c-ace2f2f6324f	21	22
Loro sembrano felici oggi.	They look happy today.	50fe2368-8aa8-5dc5-8e1a-a0564a8f5a5c	26	22
Tom non vuole problemi.	Tom doesn't want any trouble.	bfb2daa9-05e2-5377-b455-1ff9f98305bf	23	29
Tom non vuole alcun problema.	Tom doesn't want any trouble.	d178351d-3794-5dd0-9d24-5bb9df3d6964	29	29
Non la amo.	I don't love her.	77b7f3da-a2c4-5b41-8bc4-a7575afb2152	11	17
Io non la amo.	I don't love her.	df44309c-097f-50f0-9631-7a9ea8841959	14	17
Non lo amo.	I don't love him.	ef3196b5-0a87-5377-8e5f-5cd29d16c243	11	17
Io non lo amo.	I don't love him.	09ad98a1-1cc3-544b-a63e-a8c41828c41a	14	17
Sono canadesi, vero?	They're Canadians, aren't they?	6e8ac658-79b4-5b17-be35-e4069cfcc459	20	31
Loro sono canadesi, vero?	They're Canadians, aren't they?	4a829169-9903-5e4e-a7cd-9a0f992e3bf6	25	31
Avevo solo bisogno di un posto in cui studiare.	I just needed a place to study.	c40bdc99-dd11-5db0-a020-f7164ceb61f7	47	31
Credo che l'amore esista.	I believe love exists.	311d5c8f-80d8-5c5e-b26a-6aaff7d913a7	25	22
Io credo che l'amore esista.	I believe love exists.	e725e81d-1768-5e89-bfb3-e0348aea1590	28	22
Voglio abbandonare.	I want to quit.	db5c3835-4e16-5836-b6d3-bc7ea23f1973	19	15
Io voglio abbandonare.	I want to quit.	8b249485-22e4-5744-9313-b3845281e5dd	22	15
Sono un vero uomo.	I'm a real man.	c63f06fb-9d46-5abe-89ae-cf7556a73471	18	15
Io sono un vero uomo.	I'm a real man.	051a3850-9f56-582b-9127-a5b1e1118f85	21	15
Ha rifiutato la mia richiesta di amicizia.	He refused my friend request.	cc3c786b-b42c-5b88-a2e1-04ec044aeb3b	42	29
Lui ha rifiutato la mia richiesta di amicizia.	He refused my friend request.	f2323e7a-3f50-5ab2-8bab-6c3cd17141dc	46	29
Rifiutò la mia richiesta di amicizia.	He refused my friend request.	eedd5c13-a8ea-54a8-b78e-ca3d0083ae76	37	29
Lui rifiutò la mia richiesta di amicizia.	He refused my friend request.	482934d8-4493-59db-a2c0-752ac09ba940	41	29
Nessuno lo fa.	Nobody does that.	b74eebec-848c-5b41-a48c-5ae8a1702e09	14	17
Non lo fa nessuno.	Nobody does that.	94e33aaf-743e-5fd6-bcce-a7bb8c546b42	18	17
Guarda questo!	Look at this!	23b09e4a-03c9-5364-9bd2-6d72ef3afc95	14	13
Guardate questo!	Look at this!	3406234e-55e3-5733-869b-05c29a5d5ba7	16	13
Guardi questo!	Look at this!	68da3329-4c88-5826-8aa8-427a0af2ef38	14	13
E abbiamo avuto una pizza gratis.	And we got a free pizza.	9a72af75-1c9f-5a78-a428-88973c26c7f1	33	24
Lo faresti per me?	You would do that for me?	38112d96-a976-54be-b609-7af7d7a7fbe2	18	25
Lo fareste per me?	You would do that for me?	21b414ad-56ee-564b-8772-e7d8c800ebe3	18	25
Lo farebbe per me?	You would do that for me?	2e7db87a-c7dd-5b86-ae6f-b27fb17e47c5	18	25
Perché qualcuno vorrebbe attaccare Tatoeba?	Why would anyone want to attack Tatoeba?	6268a6c9-8f64-529d-be1f-e39c0e45cbb2	43	40
Tom è stato pugnalato con un coltello.	Tom was stabbed with a knife.	80606a49-c3cd-5c3b-95ee-f371e71374d9	38	29
Tom fu pugnalato con un coltello.	Tom was stabbed with a knife.	86184ab7-6e36-57e0-a51e-2667b8728779	33	29
È dolce come il miele.	She's as sweet as honey.	f68b32aa-6085-5419-9373-68db03b912a4	22	24
Lei è dolce come il miele.	She's as sweet as honey.	7f40e17f-54fd-59e2-9a97-beb325f81739	26	24
Il mio gatto sta soffrendo per via del calore.	My cat is suffering from the heat.	e4bfb7ec-cde0-591b-9804-fb292c23e81c	46	34
Scorri per sbloccare.	Slide to unlock.	a5d712af-1aea-5c44-ad11-9f28b8b41145	21	16
Scorra per sbloccare.	Slide to unlock.	8d7449fd-d94a-501f-b548-fcdc34022a4e	21	16
Scorrete per sbloccare.	Slide to unlock.	99b73e97-b584-514f-8a5c-0b1403e9789b	23	16
Non mi piace che mi venga detto cosa fare.	I don't like being told what to do.	ae044cfd-614c-50d6-bb92-1129b860a720	42	35
A me non piace che mi venga detto cosa fare.	I don't like being told what to do.	a1424737-316c-55f3-9342-6c765726b412	44	35
Tom è arrivato lunedì.	Tom arrived on Monday.	8f07e0cc-2e13-5f32-a3a3-948369173746	22	22
Hanno sorriso tutte.	They all smiled.	8a6f220f-a7f5-5d22-a7e5-0151304f20c1	20	16
Sorrisero tutte.	They all smiled.	03ccde03-387d-550d-b6a8-f7d9fb12d35d	16	16
Mi ha detto di incontrarlo al ristorante.	He told me to meet him at the restaurant.	eeb158d1-b357-52f5-919f-760e277a20c7	41	41
Mi disse di incontrarlo al ristorante.	He told me to meet him at the restaurant.	fcffde0a-a251-5d92-8c23-00152ca50f72	38	41
Presto sarà andato.	Soon it will be gone.	1a8e4e7d-0b6f-5916-8a77-5244d38aef2f	19	21
Presto sarà andata.	Soon it will be gone.	22af9440-2281-51a8-bf9f-fc7b25951cc9	19	21
Sarebbe uno spreco dei loro talenti.	That would be a waste of their talents.	ad591c2f-2d3a-5c81-8827-277ddea38a5f	36	39
Quello sarebbe uno spreco dei loro talenti.	That would be a waste of their talents.	03253e06-ba1f-512e-9ace-3483759eecd0	43	39
È un remake.	It's a remake.	7b7068ca-0812-504b-b56e-dd6d25c78763	12	14
Hai una Playstation 3?	Do you have a Playstation 3?	1863d00c-d52e-53d5-a599-8203cc8c45d2	22	28
Ha una Playstation 3?	Do you have a Playstation 3?	47e10419-40b3-59cb-a4f3-95bc745fbf20	21	28
Avete una Playstation 3?	Do you have a Playstation 3?	b301024d-6e57-57f1-81aa-c35fdb4f52db	24	28
È un'idea impopolare.	It's an unpopular idea.	217b4592-851e-5840-b0dd-fade545c8d03	21	23
Non c'è niente di divertente a riguardo.	There's nothing funny about that.	bc9adcfc-2510-5434-acbc-b416d3cf8944	40	33
Non c'è nulla di divertente a riguardo.	There's nothing funny about that.	27916028-c383-5ef4-9225-90b3a43152d9	39	33
Pensi che io stia bluffando?	Do you think I'm bluffing?	40e0cbd5-f9da-5ed1-a540-72ac8a9e20f5	28	26
Pensa che io stia bluffando?	Do you think I'm bluffing?	d9f812ec-f50b-5ce2-a13a-f3044a9660f7	28	26
Pensate che io stia bluffando?	Do you think I'm bluffing?	9cb593c6-6d7b-50c7-aa07-24aa4f1ae838	30	26
Tom vive accanto a me.	Tom lives next to me.	87816b66-649b-5b46-869f-99a7f1a787a3	22	21
Tom abita accanto a me.	Tom lives next to me.	27e6a326-7013-5719-ad45-c177e4352aee	23	21
Non ci può fermare.	He can't stop us.	cdac9d66-5213-555e-9f44-83be22ccdd31	19	17
Ho insegnato a mia moglie a guidare.	I taught my wife how to drive.	7a094a2d-17fa-592a-8848-58ecb61e0218	36	30
Sapevo che era sbagliato.	I knew it was wrong.	607a2516-6a4a-5f8d-b5c0-acc75b137e62	25	20
Sapevo che era sbagliata.	I knew it was wrong.	e9ef3fbd-f53e-5811-9fb1-12b424f2f60c	25	20
È pronta ad andare.	She's ready to go.	493681ce-0f5f-5e7d-973f-1845179a58bb	19	18
Lei è pronta ad andare.	She's ready to go.	ac3cf0ea-4449-5e0f-bdb9-c975ca991f27	23	18
Siamo solo amici?	Are we just friends?	dc156281-4db4-536d-80a4-edf999fe8664	17	20
Siamo solo amiche?	Are we just friends?	cf5d111c-e8b3-5844-b302-0d4357709040	18	20
Siamo soltanto amici?	Are we just friends?	5a2cd14e-0b56-5a4f-8ef7-2314a1feaac0	21	20
Siamo soltanto amiche?	Are we just friends?	f005d48b-8962-5fbf-899c-7a5562ea3dfe	22	20
Siamo solamente amici?	Are we just friends?	11e1682a-04c9-5588-99ce-97741fe4ffa0	22	20
Siamo solamente amiche?	Are we just friends?	e078f3d6-6e29-5d79-a731-be82506c5b5c	23	20
Devo andare via da qui.	I have to get away from here.	0a05265a-7cc6-5586-81f5-157e31985932	23	29
Ti piace il porridge di mais?	Do you like grits?	38ee6ab2-999a-5602-aeeb-2475af8d53dd	29	18
Vi piace il porridge di mais?	Do you like grits?	abc1ee2a-2096-527f-b5ca-a78ec83cc558	29	18
Le piace il porridge di mais?	Do you like grits?	8f700f15-76d3-5ba1-b5eb-8a20d115e416	29	18
A te piace il porridge di mais?	Do you like grits?	e961b83c-ea3b-55d9-91d7-080113577080	31	18
A voi piace il porridge di mais?	Do you like grits?	457d4092-1a04-529e-a112-6ceeca3401de	32	18
A lei piace il porridge di mais?	Do you like grits?	df178347-f888-5761-b618-0305305e3937	32	18
Il mio passatempo è la musica.	My hobby is music.	48e83ad6-f927-5a52-a295-73fbc2c5457d	30	18
Sei sicura di poter nuotare così lontano?	Are you sure you can swim that far?	76bff2b5-67bd-5202-ad8e-47917063b2c1	41	35
Sei sicura di saper nuotare così lontano?	Are you sure you can swim that far?	2f3420ef-aa58-5e35-9769-c0f8e0ffda9d	41	35
Sei sicuro di saper nuotare così lontano?	Are you sure you can swim that far?	b0f22870-070d-56c1-b61e-61f14a8dc933	41	35
Dobbiamo finire il lavoro.	We need to finish the job.	7c3f61f2-4062-5567-baab-f252fc36d163	26	26
Noi dobbiamo finire il lavoro.	We need to finish the job.	2ea8be4b-8bd5-57f0-9b54-fa5752dbe8c8	30	26
È stata la festa migliore di sempre.	It was the best party ever.	70171aa9-443a-5bbb-86ef-2dc68221cbee	36	27
Perché avrebbe mentito?	Why would he lie?	8879fe8e-34bf-58a3-8cfc-eac5f1bbfde3	23	17
Voglio vederlo.	I want to see it.	5f54a945-46a6-5827-9ad6-99f40377efc6	15	17
Voglio vederla.	I want to see it.	35993030-7cd6-5bbe-8dd6-5e3b14c220d4	15	17
Lo voglio vedere.	I want to see it.	6158329f-107c-588b-8d9e-62ecc723a091	17	17
La voglio vedere.	I want to see it.	b8486dd8-d359-5247-82ea-b8868ddd9799	17	17
L'ammiraglio non è mai soddisfatto.	The admiral is never satisfied.	d74d6532-bfa8-586d-91aa-a42d5670586e	35	31
Canti sempre.	You always sing.	e38a46ec-9b3e-551f-8c31-9a0ad5188046	13	16
Tu canti sempre.	You always sing.	7a5c7218-7391-57d7-8c37-4744f32df55c	16	16
Canta sempre.	You always sing.	61feccb5-72ed-5d10-b2a1-f40af0c844ba	13	16
Lei canta sempre.	You always sing.	534ebc4e-dfc4-55ca-b3a1-a2d7b78c6932	17	16
Cantate sempre.	You always sing.	f366186e-b2fa-516d-a02f-98104566bd76	15	16
Voi cantate sempre.	You always sing.	029883b9-110a-50ba-8371-d24bde643da2	19	16
Stai sempre cantando.	You're always singing.	01d71df2-ed58-5569-a000-a371d9f93b0b	21	22
Tu stai sempre cantando.	You're always singing.	84b7fb16-66f5-5b49-b3ff-a3fddbb7c987	24	22
Sta sempre cantando.	You're always singing.	427769ff-6f09-53c8-9b77-4f3aa84c1b11	20	22
Lei sta sempre cantando.	You're always singing.	46816026-688f-57cf-963e-d5c148d5ada5	24	22
State sempre cantando.	You're always singing.	83343b6e-decb-51ca-950f-17e122fa56ff	22	22
Voi state sempre cantando.	You're always singing.	0f9a7032-01dc-5e67-b42e-fda10a3c9bae	26	22
Non rifarò lo stesso errore.	I won't make the same mistake again.	72726119-bbbe-573c-829d-853c5827ac2d	28	36
Io non rifarò lo stesso errore.	I won't make the same mistake again.	413d5b47-5528-5acd-87cd-23367ac85f4a	31	36
Ho dei piani per sabato sera.	I have plans for Saturday night.	0ba6fd26-9bbe-5e63-98c3-3382d8599e06	29	32
Io ho dei piani per sabato sera.	I have plans for Saturday night.	86c1febd-ee28-54c5-b79e-2993f7fd8cac	32	32
Ho dei piani per sabato notte.	I have plans for Saturday night.	76f2e2c2-6abd-547d-9b96-bb06a8bb0ffc	30	32
Io ho dei piani per sabato notte.	I have plans for Saturday night.	6ae160f3-8b1e-50d1-ae75-364b120d4260	33	32
Tom ha realizzato che Mary era seria.	Tom realized Mary was serious.	cdc6c1a4-68d0-544e-b18e-b6ae0c51d97e	37	30
Tom realizzò che Mary era seria.	Tom realized Mary was serious.	bf75f120-ce8f-5220-a047-940dbc8942c3	32	30
Grazie della spiegazione dettagliata.	Thank you for your detailed explanation.	020a7fe4-2640-5cff-b5d7-a69201cd62ea	37	40
Mio padre era un insegnante.	My father was a teacher.	973a49e6-5d40-5846-9123-9ece25f8bbc7	28	24
Tom non vuole deludere Mary.	Tom doesn't want to let Mary down.	4facc628-5f0b-5b02-b8c2-25e9f1e3ee83	28	34
Ho lasciato il mio portafoglio a casa.	I left my wallet at home.	7cce1b49-d9f3-5233-a8f3-afe733497d31	38	25
Lasciai il mio portafoglio a casa.	I left my wallet at home.	24ec058c-df5a-517c-9a1c-f751a68da064	34	25
Tom non sa quello che voglio.	Tom doesn't know what I want.	9e2dd831-429f-53d9-a286-49b6a9e26c06	29	29
Tom era visibilmente scosso.	Tom was visibly shaken.	852fdd6c-227b-51f3-8622-b8877647f0f9	28	23
Tom deve essere il fidanzato di Mary.	Tom must be Mary's boyfriend.	5eb669f4-0efc-50b8-8be5-74d11956f8dc	37	29
Tom deve essere il moroso di Mary.	Tom must be Mary's boyfriend.	268eb012-7308-5e29-86f7-6f6a46c55a34	34	29
Tom deve essere il ragazzo di Mary.	Tom must be Mary's boyfriend.	1fbbb12a-76a7-5b13-ae3e-0f884cd9b13e	35	29
Tom sapeva che era impossibile.	Tom knew it was impossible.	635489d4-a3a9-5481-b159-f5373b0cba52	31	27
Proviamo qualcos'altro.	Let's try something else.	88b898b2-9081-58cd-979d-823c0b1d27c0	23	25
Non voglio mangiare niente.	I don't want to eat anything.	7e80f06a-fa95-5a5b-b49e-475b5b747e85	27	29
Io non voglio mangiare niente.	I don't want to eat anything.	35959d38-3385-5584-8d0b-edab04c75ad0	30	29
Non voglio mangiare nulla.	I don't want to eat anything.	fa5fb5e4-6847-59ef-9520-96f5462f9d8a	26	29
Io non voglio mangiare nulla.	I don't want to eat anything.	51956458-d9fd-5605-b3b3-fc8cd02f5ae2	29	29
Tom è un impiegato.	Tom is an employee.	b5ca6d2c-a83e-5cf8-be57-27d9dd8a0996	19	19
Non essere ingenuo.	Don't be naive.	cf4ff00f-ef76-52b2-860c-80fe946512c4	19	15
Non essere ingenua.	Don't be naive.	7971a0cd-b4cd-5ece-be65-52eff51b8afe	19	15
Non sia ingenuo.	Don't be naive.	3439ddae-b1c6-5f16-8cd1-959ff17b4ca8	16	15
Non sia ingenua.	Don't be naive.	ad0ceac2-f739-5f7c-a0c0-7efe4a975c49	16	15
Non siate ingenui.	Don't be naive.	53cac06f-9201-5302-88d4-cc36ea80c94d	18	15
Non siate ingenue.	Don't be naive.	0a486ea6-6983-569d-bdd1-2c523d923368	18	15
Questo è il mio dipinto.	This is my painting.	6c80d701-3fbc-570e-8372-3d7af7461f2f	24	20
Tom è ancora al telefono?	Is Tom still on the phone?	cf16375b-c2d8-5adc-8ad6-de5f9c4bde7b	25	26
Abbiamo meno di tre ore.	We have less than three hours.	ecfffa32-db72-5c4e-bac3-84e911ae4e0f	24	30
Riconosci quella persona?	Do you recognize that person?	dcebfd77-c21e-5845-8ca9-a27a7a945544	25	29
Tu riconosci quella persona?	Do you recognize that person?	626081f5-c07f-5b39-a275-3cdd866c76c8	28	29
Riconosce quella persona?	Do you recognize that person?	721d60be-4d92-5010-bc5d-f951e9758287	25	29
Lei riconosce quella persona?	Do you recognize that person?	1c9e4845-3aa4-5493-b07c-4c659f738dd3	29	29
Riconoscete quella persona?	Do you recognize that person?	e32ff166-d308-5bcd-9ade-abd6284ccab3	27	29
Voi riconoscete quella persona?	Do you recognize that person?	418c0d32-9796-5da3-91ce-391aa28ceb4a	31	29
Vieni a cenare con me.	Come have dinner with me.	4e5a804b-0615-5714-a904-561a74ab5f80	22	25
Venga a cenare con me.	Come have dinner with me.	96b7bdf9-e039-5953-bcda-ca161d4efd50	22	25
Venite a cenare con me.	Come have dinner with me.	b52e4c83-4d87-5ec3-bb71-e0d7213f27be	23	25
Di' a Tom che lo stiamo aspettando.	Tell Tom we're waiting for him.	ccbb1ec1-b312-53b1-97d0-1c71ebd9a184	35	31
Dica a Tom che lo stiamo aspettando.	Tell Tom we're waiting for him.	febb5315-62f8-5991-965d-5fadea8539a5	36	31
Dite a Tom che lo stiamo aspettando.	Tell Tom we're waiting for him.	fa49a474-cca5-5a6d-981a-e1767f6ac13f	36	31
Tom pranza qui almeno una volta la settimana.	Tom eats lunch here at least once a week.	50bbf6a6-f13b-51f4-be8a-043ec33766a9	45	41
Non ho i tuoi stivali.	I don't have your boots.	362787b5-38c6-5702-b116-bd55061231c7	22	24
Non ho i suoi stivali.	I don't have your boots.	63b09aca-25e1-589b-8da6-90deb015f26a	22	24
Non ho i vostri stivali.	I don't have your boots.	0e187220-a326-5ad7-9290-9f7c3404a0af	24	24
Non mi piace questo posto.	I don't like this place.	ced7473f-6bdf-5e51-beb6-59dc456a7319	26	24
A me non piace questo posto.	I don't like this place.	c16adf44-042c-5b9b-a790-1eaf8f2833fc	28	24
C'è la risposta.	There's the answer.	03cf091e-ba82-5c6b-90a9-b372de285bfe	16	19
Sono un soldato ora.	I'm a soldier now.	9e49487b-c130-5e91-81e0-96d60cca485d	20	18
Io sono un soldato ora.	I'm a soldier now.	9455e8ec-8f88-51ac-a7b9-077c65fe702f	23	18
Sono un soldato adesso.	I'm a soldier now.	a8c6d00e-011b-59fd-b692-b12c75b34097	23	18
Io sono un soldato adesso.	I'm a soldier now.	eed070ae-af18-5852-999e-f276fefc0aaa	26	18
Abbiamo ringraziato Tom per quello.	We thanked Tom for that.	29ebe6be-b717-538a-8838-55465a7c527f	35	24
Ringraziammo Tom per quello.	We thanked Tom for that.	c2f2f119-17ef-5dde-a7cc-97caa0f21a74	28	24
Quale squadra è probabile che vinca?	Which team is likely to win?	fa183676-66e8-5bca-a453-a5c289d4502f	36	28
Tom si è sposato giovane.	Tom married young.	21d7f753-e34f-556c-9854-37b6cd8598ea	25	18
Tom si sposò giovane.	Tom married young.	45b18678-6a58-5ac4-816c-4dd7da48b110	21	18
Sono così confuso.	I'm so confused.	4de1d459-b4d9-5fc5-a537-a29b5c32b75d	18	16
Io sono così confuso.	I'm so confused.	0cb3cd61-f958-591a-9b74-e071565a734d	21	16
Sono così confusa.	I'm so confused.	4c08a1e3-0d2e-505a-ad2e-d0ad27537416	18	16
Io sono così confusa.	I'm so confused.	40900ecc-e2b0-51a1-b1cf-d38113ba2233	21	16
Nara è una città che mi piace molto.	Nara is a city which I like very much.	d77290e4-63c5-55d3-a34f-593b7fac047f	36	38
Deve essere un ristorante molto costoso!	It must be a very expensive restaurant!	2cbd0422-00c8-5758-9637-9e8bf0fa0986	40	39
Deve essere un ristorante molto caro!	It must be a very expensive restaurant!	438a4071-d727-5255-9658-3fdc89c69d17	37	39
Dovrei portare Tom?	Should I take Tom?	ec14b26f-a27a-5993-a4df-d0a0a108126c	19	18
Usiamo questa macchina.	Let's use this car.	edea59d6-6dc4-5e1d-84cb-e7d5f0f9bbb7	23	19
Tom quante volte è stato a Boston?	How many times has Tom been to Boston?	0db06ffb-5a3e-5f07-8ffb-a2eb6bec38dd	34	38
Cos'è davvero successo a Tom e Mary?	What really happened to Tom and Mary?	db2f31fe-3d96-5786-b16d-97e2a1f000d4	36	37
Cos'è veramente successo a Tom e Mary?	What really happened to Tom and Mary?	1975b901-b33a-54fe-be32-06706a47c5fa	38	37
Tom può mangiare ovunque vuole.	Tom may eat wherever he wants to.	3b4f01be-2c4b-58bc-a26b-387094b75152	31	33
Continuerò a cercare Tom.	I'm going to keep looking for Tom.	256edeb4-46e8-5504-8d27-0fb7cfb1ea43	25	34
Io continuerò a cercare Tom.	I'm going to keep looking for Tom.	ae12f63e-dab7-5274-b84d-9cb7204608e8	28	34
Forse Tom non ci ha visti.	Maybe Tom didn't see us.	3187dcea-b174-5182-8ed0-260a1d792ebf	26	24
Forse Tom non ci ha viste.	Maybe Tom didn't see us.	ce4b5b03-9899-51c2-8210-6fff82ffd44d	26	24
Mi farà piacere venire.	I'll be glad to come.	0ccf1b2d-26ce-5246-815a-f72f61cfea03	23	21
Tom sapeva che questo sarebbe successo.	Tom knew this would happen.	2836b583-e676-5c88-9698-66377351a7f2	39	27
Tom sapeva che questo sarebbe capitato.	Tom knew this would happen.	682b0726-d4b9-5614-b9bb-766e683904ea	39	27
Tom ha alcune cose di cui occuparsi.	Tom has some things to take care of.	cb8b8dd8-68ed-52cb-935e-678c6c3908d5	36	36
Nessuno è in vista.	No one's in sight.	50ac5723-3b66-5b6f-9a1c-5d1d1fbff317	19	18
Sapevo che stavo commettendo degli errori.	I knew I was making mistakes.	03e11cdb-0be7-5908-b2fe-148278c150f1	42	29
Non andiamo a fare dei viaggi.	We don't go on trips.	8bd18a10-a1be-5602-b815-9c7dda6fab51	30	21
Noi non andiamo a fare dei viaggi.	We don't go on trips.	bd117e9a-7991-5525-95a4-ce28ac963ceb	34	21
Andiamo prima che cambi idea.	Let's go before I change my mind.	e65878ab-eaf6-58d2-9d7d-4ab97da65e11	29	33
Sono proprio qui in cucina.	I'm right here in the kitchen.	08919459-5f69-5778-9c5d-cffdb6987ad2	27	30
Tom era difficile da convincere.	Tom was hard to convince.	9f9e8f61-9717-5068-8c2b-96bb85251c17	32	25
Quell'articolo è stato scritto in inglese.	That article was written in English.	8ea2d12e-d347-52e9-983c-7d4af0932ab3	42	36
Quell'articolo fu scritto in inglese.	That article was written in English.	01678e57-8463-54cc-8646-96b410452c9b	37	36
Il mio cane abbaia continuamente.	My dog barks all the time.	85614e91-34a9-5a84-b183-7e8fa65e22f7	33	26
Il mio cane abbaia in continuazione.	My dog barks all the time.	aaf70591-381c-5116-8d5c-945431f62bd7	36	26
Mi piace la frutta.	I like fruit.	40f80d7a-cdf4-5478-94a7-d8cbf5777c71	19	13
A me piace la frutta.	I like fruit.	fc351ffd-8cf5-528f-a6ee-57a7b5cfca43	21	13
Non riesco a connettermi a Internet.	I can't connect to the Internet.	92b3de44-47f5-5047-8ec3-3866a6190abd	36	32
Io non riesco a connettermi a Internet.	I can't connect to the Internet.	b3231bda-fe45-5dbd-a547-ca970f94be8e	39	32
Non posso connettermi a Internet.	I can't connect to the Internet.	ed9c3d40-1804-52bf-9ed7-ca68fb4ac61c	33	32
Io non posso connettermi a Internet.	I can't connect to the Internet.	d050335f-9445-50ef-95ae-d7859305b832	36	32
Non mi riesco a connettere a Internet.	I can't connect to the Internet.	fc868210-e633-5d5b-825a-b840c3525195	38	32
Io non mi riesco a connettere a Internet.	I can't connect to the Internet.	acf9c96b-6901-5cba-8ed1-81c76577f903	41	32
Non mi posso connettere a Internet.	I can't connect to the Internet.	6d3875f1-8f8a-502e-9905-2e9717e871cd	35	32
Io non mi posso connettere a Internet.	I can't connect to the Internet.	b0cde45f-636b-507c-9d7f-7fd8f91d9760	38	32
Tom non ha ancora visto questa foto.	Tom hasn't seen this picture yet.	e2e39522-485d-5b59-a525-f02f3602754e	36	33
Tom non ha ancora visto questa fotografia.	Tom hasn't seen this picture yet.	ab6ef5b6-6603-5f3a-bd27-35f8852de1c2	42	33
Tom non ha ancora visto questa immagine.	Tom hasn't seen this picture yet.	9825a9ad-20bb-58e9-81da-755d778887fa	40	33
Questo non può essere evitato.	This can't be avoided.	a6787d42-9200-59ad-98cc-b08574147ec8	30	22
Perché odi così tanto Boston?	Why do you hate Boston so much?	4fd6e7b6-cd63-54ef-b8c0-3899113eba6f	29	31
Perché odia così tanto Boston?	Why do you hate Boston so much?	214a71ad-80f1-5d65-aba5-13a5023aa64d	30	31
Perché odiate così tanto Boston?	Why do you hate Boston so much?	0f2b4d05-0eba-53ea-8563-1fb80b5bf2ea	32	31
Ne avrò bisogno.	I'll need that.	bf1546ff-3d51-56ab-bdec-231b5e8b3af5	16	15
Io ne avrò bisogno.	I'll need that.	45e70f10-5732-5ff8-bd50-f3be0e644677	19	15
Non ne abbiamo mai avuto bisogno.	We've never needed it.	18bc7c34-ce5c-5548-b340-41af6670a1c1	33	22
Noi non ne abbiamo mai avuto bisogno.	We've never needed it.	58ad03fd-6690-50f2-a5bd-7aa5f7f0d58b	37	22
Non ho la palla.	I don't have the ball.	c89abe7f-276b-52b4-83d1-337dee69a048	16	22
Io non ho la palla.	I don't have the ball.	7fb32168-cd0c-51a2-958a-08f8be4826ab	19	22
Il treno ha fatto una breve fermata.	The train made a brief stop.	6edfab87-b036-5197-a1f1-b749073e4472	36	28
Il treno fece una breve fermata.	The train made a brief stop.	df4d5ac1-341f-5ca8-9378-21d9440bf753	32	28
La sperimentazione può essere buona.	Experimentation can be good.	3787237a-6235-5d02-ae02-92e5aa8a86cf	36	28
Quello che hai detto ha convinto Tom.	What you said convinced Tom.	84c49abd-3f8f-5332-941d-dfcdfd3c601a	37	28
Quello che ha detto ha convinto Tom.	What you said convinced Tom.	054eba65-1b78-5229-b359-7148cd23b27b	36	28
Quello che avete detto ha convinto Tom.	What you said convinced Tom.	f6ac80dc-4696-510e-a0c7-1fa5fea5c1b0	39	28
Tom sapeva fin dall'inizio chi ero.	Tom knew all along who I was.	db801f21-e9a4-5be4-98d1-b84ad57b4044	35	29
Tom non mi ha mai detto che aveva paura di Mary.	Tom never told me he was afraid of Mary.	cd0513dd-d0cd-5230-af52-eb1a0e7dfa79	48	40
Speriamo di aver fatto la cosa giusta.	Let's hope we did the right thing.	0c650b69-74f9-5413-82af-9dacc995a0fa	38	34
Speriamo di avere fatto la cosa giusta.	Let's hope we did the right thing.	d1cd9be9-27ae-5f7b-bdcb-7d211055119e	39	34
Hai mai imbrogliato a un esame?	Have you ever cheated on an exam?	f67eb944-99c5-5c09-b3ef-b456aa777b09	31	33
Tu hai mai imbrogliato a un esame?	Have you ever cheated on an exam?	efc9bede-8990-520d-b2cb-56d21a9a051b	34	33
Ha mai imbrogliato a un esame?	Have you ever cheated on an exam?	df9816a6-46fb-5369-b032-4ca40509d011	30	33
Lei ha mai imbrogliato a un esame?	Have you ever cheated on an exam?	0fd011a5-063d-5986-96f4-57d436b06347	34	33
Avete mai imbrogliato a un esame?	Have you ever cheated on an exam?	9702d7f2-a543-5bff-a987-c5e1a1beee07	33	33
Voi avete mai imbrogliato a un esame?	Have you ever cheated on an exam?	e9af6688-2fe3-57e7-8b75-403cb8321d8f	37	33
Lo scopriremo sufficientemente presto.	We'll find out soon enough.	d855fd77-3e50-595a-aedd-4c3e53527466	38	27
Avevano una missione.	They had a mission.	9078350f-6955-5620-8f30-0410c32a791c	21	19
Loro avevano una missione.	They had a mission.	8c7a1e20-32bd-51df-b622-97ce0148dd2f	26	19
Lo lasceremo a Tom.	We'll leave it to Tom.	e7757afb-f122-5a8d-8d51-048e32e560c9	19	22
La lasceremo a Tom.	We'll leave it to Tom.	fc0678ee-e235-57c7-9f17-1d6178c12f48	19	22
Cosa sta cercando di nascondere Tom?	What's Tom trying to hide?	18119260-e00f-5fa9-a752-12dee7352a42	36	26
Cosa sta provando a nascondere Tom?	What's Tom trying to hide?	782516e7-13b2-528a-8042-32278f0c0c60	35	26
Tom lavora il turno di notte.	Tom works the night shift.	b963afc0-cf7d-5a5e-87b4-62fcaeff14db	29	26
Non mangeremo niente.	We're not going to eat anything.	63c73ed1-6a8c-5d04-bb3a-5c44c2375c1e	21	32
Noi non mangeremo niente.	We're not going to eat anything.	ac8d1977-2934-51d6-9158-c79bdd7d2f11	25	32
Non mangeremo nulla.	We're not going to eat anything.	f6aa6589-79e8-511e-a9e9-98c3bf5411a8	20	32
Noi non mangeremo nulla.	We're not going to eat anything.	9fc43e64-3c04-5f07-8235-516664b7ade8	24	32
Perché non entri ad aspettare?	Why don't you come inside and wait?	27482e20-d41d-50d1-84c9-512a14f81302	30	35
Perché non entra ad aspettare?	Why don't you come inside and wait?	50c2c38a-027b-57cc-bff4-a12b599c3cfd	30	35
Perché non entrate ad aspettare?	Why don't you come inside and wait?	089f2d52-91bf-5fe8-9d1b-1c3f5b744534	32	35
Mi piace il gelato.	I like ice cream.	d35facd4-de46-59ad-85fc-ffd982bf2df0	19	17
A me piace il gelato.	I like ice cream.	9ac39f8a-c7db-5d6f-83ce-6ea64d483bb5	21	17
Mi piace veramente il gelato.	I do like ice cream.	55901935-c198-59a5-808d-660ab58e5754	29	20
A me piace davvero il gelato.	I do like ice cream.	695001cb-7ac2-5365-b348-65094cfe8365	29	20
A me piace veramente il gelato.	I do like ice cream.	c62d3f93-ba3f-5c6a-9cda-b49c94de1e14	31	20
Mi piace il gelato alla fragola.	I like strawberry ice cream.	2d6beb13-a4ee-5e9c-944b-a628de1b636e	32	28
A me piace il gelato alla fragola.	I like strawberry ice cream.	0b9bf802-5637-5b28-acf0-66f0ae4dd7cd	34	28
Tieni la porta.	Hold the door.	3a0337e3-c275-5935-a787-d2ff08f03819	15	14
Tenga la porta.	Hold the door.	67629704-89e8-5726-a9ae-f66d9f6349ab	15	14
Tenete la porta.	Hold the door.	a4ecb691-aed9-5c11-87e8-54bfded8eb6d	16	14
Possiamo ancora vincere.	We can still win.	9ea56d45-8aa9-56ac-ab8b-46fd0bf59c06	24	17
Noi possiamo ancora vincere.	We can still win.	747ce94a-1126-5b8a-90fd-3e6310caa0a7	28	17
Qualcosa non ha senso qui.	Something doesn't make sense here.	566b6557-8d11-583c-8f20-74e451134a93	26	34
A me piace molto il gelato.	I like ice-cream very much.	0037397a-1e3a-539e-9940-5197995a701b	27	27
È molto da chiedere.	That's a lot to ask.	a6d2084a-c9a3-5002-bda6-6c54829fbc77	20	20
Tom potrebbe fare lo stesso.	Tom might do the same.	89b67911-4472-5729-a41e-d05fd27990f7	28	22
Tom parla il francese come un madrelingua.	Tom speaks French like a native speaker.	05a59571-2902-5433-b0f8-4028f7eca53b	42	40
È probabile che Tom venga scelto.	Tom is likely to be chosen.	35e4a464-f600-5c6c-be07-078e555436a7	33	27
Vogliamo aiutare.	We want to help.	51e4b156-d0b6-5b26-8da5-544aa41c47f8	17	16
Noi vogliamo aiutare.	We want to help.	cb4276b8-0f1a-5355-a55f-ceb6338bd230	21	16
Il francese non è la mia lingua materna.	French isn't my first language.	e98736c2-7743-5980-abd8-3177e8cc133e	40	31
Il francese non è la mia lingua madre.	French isn't my first language.	882f93fc-62ca-5b16-bb62-006d3ec5150d	38	31
Avanti, rifacciamo questo.	Come on, let's do this again.	f9dd35d2-edb3-5968-9184-2f570c936d0b	26	29
Pensavo che avessi ragione.	I thought you were right.	152b988d-98b9-5941-b5f5-5fa2937dbf99	27	25
Pensavo che avesse ragione.	I thought you were right.	c6f2bffd-3c31-5fda-a3d0-4423b210d425	27	25
Pensavo che aveste ragione.	I thought you were right.	8e25a02b-0e18-57a2-9c32-cc5b8da89d71	27	25
Voglio delle uova.	I want eggs.	8dcd76e0-cfef-5a1f-a6a1-dc2236ede71b	18	12
Io voglio delle uova.	I want eggs.	d12d74b3-36e1-544a-8913-b6d383806b6f	21	12
Tom si fa una doccia ogni giorno?	Does Tom shower every day?	5f6ee04c-a8b3-5ea1-ab5a-61c9cb471274	33	26
Prima le cose importanti.	First things first.	fc840eb4-5bf9-5e19-abd3-df106d764437	25	19
È bravo con le carte.	He's good at cards.	8a8006ec-7d54-535d-90aa-097d938266dd	21	19
Lui è bravo con le carte.	He's good at cards.	47a12323-72e7-55a2-af3a-3d3586e33f84	25	19
Sappiamo che Tom è lì dentro.	We know Tom is in there.	2142446c-9a96-51fb-92ef-9fcaa9727d6d	29	24
Tom e Mary sono una coppia.	Tom and Mary are a couple.	7b6211e0-ab14-5f6f-a723-7f796b0fe2c7	27	26
Quella macchina avrebbe potuto colpirmi.	That car could've hit me.	10aa1d38-ad13-5f2a-9d14-1f908a4f7885	40	25
Quella macchina mi avrebbe potuto colpire.	That car could've hit me.	a9d0fe30-8ef7-5301-bb2f-7e29641de468	42	25
Quella macchina mi avrebbe potuta colpire.	That car could've hit me.	add91956-8d65-51fa-af5f-2fc9fba3f6aa	42	25
Ho guidato la Prius di Tom una volta.	I drove Tom's Prius once.	24f5c550-508d-51b9-b666-c756e0a7643b	37	25
Io ho guidato la Prius di Tom una volta.	I drove Tom's Prius once.	aedfcf5e-b994-5f77-9a16-8f4e8d7e72e3	40	25
Tutti guardavano i miei piedi.	Everyone looked at my feet.	2e7d7222-6551-5406-92e4-2db000e39946	30	27
Voglio che Tom se ne vada.	I want Tom to leave.	8f80363d-13d5-5102-934d-66e355128722	26	20
Io voglio che Tom se ne vada.	I want Tom to leave.	65e8b020-9700-51db-a02f-7ba8e026d953	29	20
Tom è stato qui per tre ore.	Tom has been here for three hours.	520290a3-905c-5cf3-914e-773ce0ee4fb0	28	34
Per piacere, non andare.	Please don't go.	aa1ad7bc-6831-546b-aa3b-48ab0d94cf70	24	16
Per favore, non andare.	Please don't go.	4a5cb5c3-bd5f-5fcb-8fec-635b8aa112fa	23	16
Per piacere, non andate.	Please don't go.	edf63216-c0d1-55d8-bcb5-3d43cb64453d	24	16
Per favore, non andate.	Please don't go.	547e3e46-f7a5-51db-8690-44101ab88c8e	23	16
Per piacere, non vada.	Please don't go.	cc2cd7ff-363a-5144-aedc-077fe2ccbf19	22	16
Per favore, non vada.	Please don't go.	7f231868-3318-57e2-8459-fdbda49967d6	21	16
Chi ci crede?	Who believes that?	2aa85c0f-5848-556e-86ee-9365b6c34b3f	13	18
Tom viveva a Boston l'anno scorso.	Tom was living in Boston last year.	bb553de7-3889-5e5b-9193-33895b44786b	34	35
Tom abitava a Boston l'anno scorso.	Tom was living in Boston last year.	eb90b687-63a1-5bf2-893a-38fe7fc67dff	35	35
Voglio parlare con il responsabile.	I want to speak to the person in charge.	6013aada-f8f9-5f52-ad62-5ae899c8144d	35	40
Io voglio parlare con il responsabile.	I want to speak to the person in charge.	f297f1f7-9103-5006-92a3-afbbddc0a269	38	40
Voglio parlare col responsabile.	I want to speak to the person in charge.	22f6510e-598a-59c3-92a2-735b064b0a5a	32	40
Io voglio parlare col responsabile.	I want to speak to the person in charge.	128e3f2a-228f-5918-b35d-9a5761e4ea7a	35	40
Mangiamo un morso.	Let's have a bite to eat.	0d92a5ca-4f4c-5d7d-a040-61165c43ef63	18	25
Dovremmo continuare a muoverci.	We should keep moving.	fc66d4d9-e93e-5691-a28a-c16a2161d940	31	22
Ci dovremmo continuare a muovere.	We should keep moving.	92b61931-4e2d-59c8-b7c5-f1696c9f2b63	33	22
Questo ombrello appartiene a Tom.	This umbrella belongs to Tom.	5969acaa-5756-5649-b563-3f1e5e9e12f9	33	29
Tom ha aiutato tutti.	Tom helped everybody.	f96c9ebe-51f1-5a98-bca1-d4c62eb6d77b	21	21
Tom aiutò tutti.	Tom helped everybody.	2214941e-152f-5eda-b6f5-5206a659606e	16	21
Ci piacerebbe.	We'd like that.	ad8206d3-fcd5-5ebc-9d26-161473e02f3b	14	15
A noi piacerebbe.	We'd like that.	4cc88cfc-532d-5a93-a185-6ea214931353	17	15
Tom è il capo da queste parti.	Tom is the boss around here.	ccfe2886-4ea0-5162-9155-2c6f23c84dab	30	28
Ero bagnato.	I was wet.	6ba1eb39-0c26-59fc-a519-0d2bac72a37d	12	10
Io ero bagnato.	I was wet.	34d207ff-d803-519c-b87c-cc1fc5e6ba11	15	10
Ero bagnata.	I was wet.	cbba3961-6f4b-592c-b142-867f609d524f	12	10
Io ero bagnata.	I was wet.	6f804654-ecea-5151-8b10-2545e85f1079	15	10
Mary lavora part-time come infermiera.	Mary works part-time as a nurse.	2d16871f-f627-5a63-b345-1f7e91f5f4f0	38	32
Non avevo intenzione di interrompere niente.	I didn't mean to interrupt anything.	fe8913d5-6516-5d59-81b8-2696e76fa408	44	36
Non avevo intenzione di interrompere nulla.	I didn't mean to interrupt anything.	5720aee2-135d-57dc-b082-78b6fcbef915	43	36
Io non avevo intenzione di interrompere niente.	I didn't mean to interrupt anything.	05ae2a02-b22c-50f2-9c41-512bcb4544fd	47	36
Io non avevo intenzione di interrompere nulla.	I didn't mean to interrupt anything.	b28e4842-5ea4-5900-aaf7-d7f3cf1d0d51	46	36
Avevo paura che il fuoco potesse spegnersi.	I was afraid the fire might go out.	01471f81-bf71-5603-83e1-7d0b919dd1ef	43	35
Io avevo paura che il fuoco potesse spegnersi.	I was afraid the fire might go out.	c9b04f3a-060e-5fbc-baa5-ace7fb643560	46	35
Avevo paura che il fuoco si potesse spegnere.	I was afraid the fire might go out.	0543e5ab-29a6-5f97-94b3-688c6cf58bc7	45	35
Io avevo paura che il fuoco si potesse spegnere.	I was afraid the fire might go out.	20ec06d0-336b-5415-be88-1aed87b81d80	48	35
Le sue idee sono un po' arcaiche.	His ideas are a little archaic.	be1b6e38-1e64-5705-b755-66ac5f588427	33	31
La cerniera non si aprirà.	The zipper won't open.	54448445-175e-5209-9ddd-8fa6b471344b	26	22
La cerniera lampo non si aprirà.	The zipper won't open.	37519533-9aa4-50cc-9f60-994160a444e1	32	22
La zip non si aprirà.	The zipper won't open.	ae9003d2-fc33-54a3-90ab-e609367c0880	21	22
La lampo non si aprirà.	The zipper won't open.	a11841cb-51f7-560f-b92d-956b44a22f12	23	22
Ha vissuto lì per molti anni.	She lived there for many years.	9a307531-0c35-5b6e-8639-be76016dc70a	29	31
Lei ha vissuto lì per molti anni.	She lived there for many years.	f1b811c9-24f7-500a-a639-e61d8b8e2d61	33	31
Ha abitato lì per molti anni.	She lived there for many years.	003ffa07-0b7f-5a2d-be36-ed40b6d527ad	29	31
Lei ha abitato lì per molti anni.	She lived there for many years.	2a6e7c1a-2aac-596a-872f-2f7c7d931427	33	31
Tom ha una sorellastra.	Tom has a half-sister.	15937166-5168-502a-863f-dcec9f97e44b	23	22
Thomas ha una sorellastra.	Thomas has a half-sister.	e962087d-89b9-5603-8df5-18fea33e0cf2	26	25
Mary è la mia sorellastra.	Mary is my half-sister.	45f1aa8c-f29e-559c-a824-179052e53bc9	26	23
Susan in realtà è la tua sorellastra.	Susan is actually your half sister.	0a9c4d42-57d0-5192-b124-aaadb0e41cb1	37	35
Susan in realtà è la sua sorellastra.	Susan is actually your half sister.	6e7a2af4-8d3c-53f9-86e5-9e67144b4c3d	37	35
Susan in realtà è la vostra sorellastra.	Susan is actually your half sister.	0210d517-ba2d-571e-ba05-57f4d3140c5a	40	35
Diane è anche la tua sorellastra, George.	Diane is your half-sister too, George.	8eb418e3-90a8-565b-b09c-116dda346d45	41	38
La famiglia fu informata della morte del bambino.	The family was informed of the child's death.	8e9b5687-5740-548f-8b0b-57775882ef2c	49	45
È ora di smettere di aspettare.	It's time to stop waiting.	e08ba22b-a1c7-5bd3-9227-00f7cb2ff7bf	31	26
Voglio provare qualcosa di diverso.	I want to try something different.	441e3789-56aa-56dd-8b71-e6b56ef01b13	35	34
Io voglio provare qualcosa di diverso.	I want to try something different.	cf5b7ebc-67b4-5577-8d49-8202e216c2dc	38	34
Non sono in disaccordo con la tua decisione.	I don't disagree with your decision.	1130863e-4f50-5e3b-a86e-abee4e21c4ac	44	36
Io non sono in disaccordo con la tua decisione.	I don't disagree with your decision.	a9f5611d-a10a-58fc-a03a-5e6c7ca93f23	47	36
Non sono in disaccordo con la sua decisione.	I don't disagree with your decision.	1da6ad38-65fb-5662-976c-d69bc7153913	44	36
Io non sono in disaccordo con la sua decisione.	I don't disagree with your decision.	89b170da-d30e-5333-a876-e5b2e0a3cb3a	47	36
Non sono in disaccordo con la vostra decisione.	I don't disagree with your decision.	ec67cbd6-35b0-5a4d-8ea2-60dad043f17c	47	36
Io non sono in disaccordo con la vostra decisione.	I don't disagree with your decision.	02698a3a-8a3b-5bb9-a709-af16f7e7da65	50	36
Ti piacciono i gerani?	Do you like geraniums?	6201d461-638c-5886-b6a3-e09a5d8262ad	22	22
Vi piacciono i gerani?	Do you like geraniums?	c30c00e3-5a94-575b-8c2c-0478a9fb92fd	22	22
Le piacciono i gerani?	Do you like geraniums?	62ad07b4-26de-5723-b1cc-97e7c45f4a2d	22	22
A te piacciono i gerani?	Do you like geraniums?	200b7fa3-cf07-5965-b1ac-d11b9872fa1b	24	22
A voi piacciono i gerani?	Do you like geraniums?	fa2ef8dd-e64a-5b38-9d4f-28ac1a22a932	25	22
A lei piacciono i gerani?	Do you like geraniums?	d5123f2c-bb70-5c06-910f-273e6b6131a0	25	22
Quanto è distante il mare?	How far away is the sea?	edcbbf24-9f4d-5919-a6ee-7d2574260cf8	26	24
Quanto dista il mare?	How far away is the sea?	734de77f-9dbc-5a5d-9c3f-1634a22d459b	21	24
Tom chiese a Mary di portare John all'aeroporto.	Tom asked Mary to take John to the airport.	5396e3de-3bf5-54f6-bd2a-5d4409068b2c	48	43
Lui è a dieta.	He's dieting.	ef3153e1-e361-5e43-a34b-509457f56606	14	13
Non è una questione di soldi.	It's not a money issue.	2c6b09bf-c27e-59ef-aad4-383de35b4187	29	23
Non è una questione di denaro.	It's not a money issue.	46635ff7-e7d5-54f6-a3b1-13e926581f1f	30	23
Forse avrei dovuto dirlo a Tom.	Maybe I should've told Tom.	0af55273-a04a-594e-bdf5-c4eafed24e7e	31	27
Forse lo avrei dovuto dire a Tom.	Maybe I should've told Tom.	6b437018-8d3b-5e5e-81a2-bbf0567eac38	33	27
Pensavo che fosse ovvio.	I thought it was obvious.	2c853803-2c93-53cc-a188-ca6f592d0289	24	25
Pensavo che fosse ovvia.	I thought it was obvious.	80ae1b4a-61ac-5299-8c69-c3bcff1b833c	24	25
Tom conosce questo posto.	Tom knows this place.	571a8549-f57b-5d77-9968-e08e49ac8cfc	25	21
Tom voleva guidare la macchina.	Tom wanted to drive the car.	75e21d71-c98a-570f-b6df-a193cb7c2113	31	28
Tom voleva guidare l'auto.	Tom wanted to drive the car.	16abdf61-e828-5098-821a-e1e44327d6e3	26	28
Tom voleva guidare l'automobile.	Tom wanted to drive the car.	22b7e5a1-eb18-5713-98a8-6ef089e6b98d	32	28
Il club ha più di cinquanta membri.	The club has more than fifty members.	203db9cd-13b4-5b7b-943b-331a78cb46ed	35	37
È un buco nero.	It is a black hole.	b19a4331-db1e-5f83-b28e-36c486fe9acf	15	19
Chiudi le persiane.	Close the shutters.	8444b277-125e-5953-9973-4ddcb8017370	19	19
Chiuda le persiane.	Close the shutters.	b751c5ca-b97f-5352-aa4b-17ac17695997	19	19
Chiudete le persiane.	Close the shutters.	2ca0e69b-a65a-5500-a951-48348447a227	21	19
Il poliziotto guardava Tom con sospetto.	The policeman looked at Tom suspiciously.	aa47185d-7cda-5f63-845c-4e4dddced095	40	41
Il poliziotto guardava Tom sospettosamente.	The policeman looked at Tom suspiciously.	adcbe5bd-ecad-5f36-9e05-36b3b3892bc3	43	41
Quest'uomo è molto generoso.	This man is very generous.	560be4a2-6274-583a-98d1-7d4ce274a069	28	26
Non vincerai mai.	You will never win.	9a860a7b-dad1-5835-b44d-a61def20ea14	17	19
Tu non vincerai mai.	You will never win.	528b1add-db71-581f-9e0a-8d9ae524c663	20	19
Non vincerà mai.	You will never win.	9d8464bf-a6ba-5447-88b4-2ab1166ce244	16	19
Lei non vincerà mai.	You will never win.	bab2c938-a766-5264-8476-f2d113483453	20	19
Non vincerete mai.	You will never win.	9cceb6df-9cc5-51f3-ae75-8fd60db14780	18	19
Voi non vincerete mai.	You will never win.	a0f11605-86dc-5709-9622-fb6230a7e7fd	22	19
Tom è sempre di buonumore.	Tom is always in a good mood.	d66e01ae-b93c-5e64-80f3-6581d10695a2	26	29
La ragazza vede il ragazzo.	The girl sees the boy.	a46612b7-8909-5b4c-88f4-32ab3c204017	27	22
Non è energica come era una volta.	She isn't as energetic as she once was.	012b782a-63a2-5967-b104-fb422dd7b12e	34	39
Lei non è energica come era una volta.	She isn't as energetic as she once was.	335f88d7-137f-5851-9f75-84557623eb72	38	39
Ho fatto un passo indietro.	I took a step backwards.	6d883fd6-b699-561f-b12b-47f2f8260a59	27	24
Feci un passo indietro.	I took a step backwards.	6363885b-17c4-54e4-b08d-6a64a5d2429d	23	24
Aveva pulito la sua stanza?	Did you clean your room?	67d033fe-b185-5e7d-966b-87b6e1258626	27	24
Avevate pulito la vostra stanza?	Did you clean your room?	50be3d11-b142-5a74-8c8d-d2050b24153d	32	24
Hai pulito la tua stanza?	Did you clean your room?	3bad8aa9-e4f5-5053-9a4a-e91c4ae5d4bc	25	24
Ha pulito la sua stanza?	Did you clean your room?	0117b8c1-95de-5b15-a8e1-22dba6d5b4bf	24	24
Avete pulito la vostra stanza?	Did you clean your room?	37d83f09-c536-55f5-9bde-06f59adcfa21	30	24
Viene dal Galles.	He comes from Wales.	296c19a6-e565-5d97-9017-d43db1bd36c3	17	20
Lui viene dal Galles.	He comes from Wales.	834aec59-ba3a-5f8e-8d94-4d327ffd861a	21	20
Non dirlo a tua madre!	Don't say that to your mother!	1c7ae13b-519a-5cc3-be56-904e38289585	22	30
Non lo dica a sua madre!	Don't say that to your mother!	d4da7ecd-14a4-54ce-89d0-28775298aadb	24	30
Non ditelo a vostra madre!	Don't say that to your mother!	6ac0bf1f-ae91-5052-b758-368779ea454c	26	30
Rispetto l'opinione di tutti.	I respect everybody's opinion.	93dbbe19-cc15-5ac2-bfdb-6d71a9f4f4e0	29	30
Io rispetto l'opinione di tutti.	I respect everybody's opinion.	32257268-8309-5ee4-88e5-326f3cfd3593	32	30
Quante sillabe ha questa parola?	How many syllables does this word have?	18d687f3-ff3d-5087-ba1d-37cb517ab9a1	32	39
Interlingua ha cinque sorelle più grandi.	Interlingua has five older sisters.	21614dd5-6e5b-5e21-8794-d5dedb41bc90	41	35
Dove era diretto? Era diretto a nord.	Where was he headed? He was headed north.	5b1017be-b5f2-59e5-b5d2-480e40f3aed8	37	41
Stavo pensando la stessa identica cosa.	I was thinking the exact same thing.	5715a111-6029-5659-a7d9-7381508b018c	39	36
Io stavo pensando la stessa identica cosa.	I was thinking the exact same thing.	334ab44a-6a06-5075-afac-ddd11f0d6a94	42	36
Questo caffè è piuttosto forte.	This coffee is quite strong.	289422c2-abc1-583e-bba0-7e3492b496bc	31	28
È quasi alta come me.	She's almost as tall as I am.	388ecb38-e9e9-5d89-8e4a-53cd3083bdbc	21	29
Lei è quasi alta come me.	She's almost as tall as I am.	6a5a6c21-c529-5cd4-b6f7-b327b778c5b2	25	29
Volevo che Tom mi portasse con lui.	I wanted Tom to take me with him.	8ed6f010-5d71-5bcc-8076-af49305650ab	35	33
Io volevo che Tom mi portasse con lui.	I wanted Tom to take me with him.	c7e122f9-fae8-5e7a-b0ba-a176cdbcf574	38	33
Ci stai facendo del male.	You're hurting us.	05c43d5e-2fce-5b14-bf3f-a00319cf0650	25	18
Ci sta facendo del male.	You're hurting us.	8ddfe3a2-f868-5e0b-b1fb-b82123a9cec0	24	18
Ci state facendo del male.	You're hurting us.	4b5038ff-667d-5693-b0be-9c1ea33ef1ab	26	18
Ho viaggiato per tutta la Spagna.	I traveled all through Spain.	67eb1420-0569-51ef-b779-8acc7224011c	33	29
Io ho viaggiato per tutta la Spagna.	I traveled all through Spain.	80daebf7-f2c4-5a24-8823-ba2ee8ed9fb9	36	29
Non sa giocare a golf.	He doesn't know how to play golf.	0f22b673-5469-5f2b-9b07-037e2ab25d72	22	33
Lui non sa giocare a golf.	He doesn't know how to play golf.	d914e734-9f94-5b78-935b-80b28e609634	26	33
Sta giocando a golf.	He is playing golf.	1ecd80ae-5394-547d-a04e-3620dc925c82	20	19
Lui sta giocando a golf.	He is playing golf.	187ddf12-12eb-51ea-85a7-e10babd9f875	24	19
Ti piace il golf?	Do you like golf?	c9fe70ed-f1a6-55d7-bd4b-165e890dce05	17	17
Vi piace il golf?	Do you like golf?	6cbd545e-cebd-52cf-9d34-ad6c28fdefab	17	17
Le piace il golf?	Do you like golf?	8e435787-e7d9-5185-85f6-ef0e4ed9a468	17	17
A te piace il golf?	Do you like golf?	34890c07-f2e7-5f80-8c0b-951507a6641f	19	17
A voi piace il golf?	Do you like golf?	3ddab725-3342-555a-b78c-f74dbe95e171	20	17
A lei piace il golf?	Do you like golf?	6fa347fd-737c-55f8-b22d-563022a92b48	20	17
Hanno giocato a minigolf.	They played miniature golf.	5ca71167-17d7-54c3-9ab8-1d97d4e94b8a	25	27
Loro hanno giocato a minigolf.	They played miniature golf.	65ad01c4-8018-5aa2-b645-1212af2bf360	30	27
Giocarono a minigolf.	They played miniature golf.	ec906a0b-447a-5964-85fe-443176a213c4	21	27
Loro giocarono a minigolf.	They played miniature golf.	f0a2734e-12d4-5cb6-b838-efd7f97c1c5b	26	27
Dovresti giocare a golf.	You should play golf.	fe76a8a6-adcb-5ff0-9716-50b2af1f5cdc	24	21
Dovreste giocare a golf.	You should play golf.	8d9c320a-9ac0-5950-9956-f45cfb3cbc6a	24	21
Dovrebbe giocare a golf.	You should play golf.	41339554-568f-5ce9-87c1-05579a2c8e1c	24	21
A Tom piace giocare a golf.	Tom enjoys playing golf.	bbee61e3-fe8a-51d2-b9aa-cb57002b35a8	27	24
Amo guardare il golf.	I love watching golf.	ed62260e-c209-57e2-a771-19f07f07d9a9	21	21
Io amo guardare il golf.	I love watching golf.	4abe37f4-85e5-5c2c-863b-f23778354763	24	21
Tom sta giocando a golf.	Tom is playing golf.	27466b53-a9dd-5bf0-909d-dc89518dbbcb	24	20
John è interessato al golf.	John is interested in golf.	1cbedd07-573e-5828-8070-ca7c7d11dcee	27	27
Giocare a golf è molto divertente.	Playing golf is great fun.	d929614e-68b8-5237-8534-52f66e912a32	34	26
Giochi a golf, Takaki?	Do you play golf, Takaki?	1282e511-d062-59c9-8e35-4d117fb7159e	22	25
Tu giochi a golf, Takaki?	Do you play golf, Takaki?	1f9da9d8-0e6c-5752-b905-ee22bd74dc5d	25	25
L'ho battuto a golf.	I beat him at golf.	29df45f5-bde6-583b-b77d-41a9318eade0	20	19
È bravo a golf.	He is good at golf.	6aafaefa-1ef5-5d21-86fd-96f64811d1d1	15	19
Lui è bravo a golf.	He is good at golf.	17d8744a-e16d-57a6-ac55-54818b21bf21	19	19
Non ha mai giocato a golf.	He has never played golf.	ed3743cc-e05a-552e-bd0b-e54a6bd25a56	26	25
Lui non ha mai giocato a golf.	He has never played golf.	813beb3d-58d0-57c4-a8e1-e510ed607680	30	25
Gioca a golf ogni weekend.	She plays golf every weekend.	0731069d-2f8f-5d86-96ba-057c13993a2b	26	29
Lei gioca a golf ogni weekend.	She plays golf every weekend.	92aaada1-7985-56c1-91fb-400d8198362e	30	29
Gioca a golf ogni fine settimana.	She plays golf every weekend.	e072a6ef-41ad-5f49-8b27-d281f3cbe750	33	29
Lei gioca a golf ogni fine settimana.	She plays golf every weekend.	045c947b-2088-5df0-bb1c-de431c37e48f	37	29
Amo giocare a golf.	I love to play golf.	5f723f8a-5d8b-517f-9c42-3e47c795eecf	19	20
Io amo giocare a golf.	I love to play golf.	bc3cddb5-44c8-5949-9443-f7fc12b1699d	22	20
Che ne dici di giocare a golf domani?	How about playing golf tomorrow?	26c2d6ff-e465-5801-8139-640f91354caa	37	32
Che ne dice di giocare a golf domani?	How about playing golf tomorrow?	469170e5-f50f-50ae-acd9-ad22b6836fc8	37	32
Che ne dite di giocare a golf domani?	How about playing golf tomorrow?	b343f06d-4e33-51b5-945c-5f98a7b166b1	37	32
Il golf è per i ricchi.	Golf is for rich people.	1460bc20-af56-546f-ba6a-36d0e6ed806f	23	24
Il golf è per le persone ricche.	Golf is for rich people.	e6c694c3-5070-5c6e-ae0d-0bf042153a2f	32	24
Il golf è per la gente ricca.	Golf is for rich people.	a9f64cc3-ebad-5557-835f-92c276ed501f	29	24
Perché alle persone piace il golf?	Why do people like golf?	1ac13a13-8942-5dd5-9736-a0d9150ce5e2	34	24
Perché alla gente piace il golf?	Why do people like golf?	27d364da-267c-53d2-a46e-f096bd7532a0	32	24
Giochi ancora a golf?	Do you still play golf?	03ae4f37-b204-5718-ba5a-e69f2d8ba745	21	23
Tu giochi ancora a golf?	Do you still play golf?	24de3049-5d5c-5ae7-a303-c5840f793f40	24	23
Gioca ancora a golf?	Do you still play golf?	7452f2f2-5942-5dd8-b316-c81328c88df8	20	23
Lei gioca ancora a golf?	Do you still play golf?	cd353145-27f7-5570-b130-4cd39b694ca6	24	23
Giocate ancora a golf?	Do you still play golf?	eb58ed66-0d58-5cc3-a20f-b1986ee43dd4	22	23
Voi giocate ancora a golf?	Do you still play golf?	eca57f28-da07-5fd7-a584-a75cc44a728c	26	23
Giocherà a golf domenica prossima.	He will play golf next Sunday.	d4a582a6-1a94-555e-9d90-57170fff6604	34	30
Lui giocherà a golf domenica prossima.	He will play golf next Sunday.	63202f77-399c-51b8-8ede-4984609e7309	38	30
Mio padre gioca a golf ogni domenica.	My father plays golf every Sunday.	ad47b17f-786d-5e99-8174-1e45da8319aa	37	34
Tom non ha interesse verso il golf.	Tom has no interest in golf.	d5922476-5810-5198-b810-055c5611dcdc	35	28
In realtà non ho mai giocato a golf.	I've actually never played golf.	57544c82-d074-51fa-b39d-aece44c2e1eb	36	32
Io in realtà non ho mai giocato a golf.	I've actually never played golf.	fc6f7425-abe9-5914-af72-f81b0d12ffcd	39	32
Sembra che stia bene oggi.	She appears well today.	20a1f74d-4d55-5fdc-84d8-9579af4fc622	26	23
Sembra che lei stia bene oggi.	She appears well today.	d09dedcf-e452-58e8-b71d-83cd4823902b	30	23
Sembra stare bene oggi.	She appears well today.	b6b5d5f1-d2ae-51dd-9e3e-910de3201ec6	23	23
Lei sembra stare bene oggi.	She appears well today.	eccced28-6d40-5c32-9a49-1b45008cc840	27	23
Come è stata la festa ieri?	How was the party yesterday?	e6a25f28-bec5-527b-be2b-0bba9086664f	27	28
Quello che gli piace è la gelatina.	What he likes is jelly.	77f33681-f867-5ed1-8074-b201cecf7d96	35	23
Tom era molto sensibile.	Tom was very sensitive.	873f76b8-dae1-5b0e-bfed-f897c963e353	24	23
Ero con lui per tutto il giorno.	I was with him all day.	d107ae62-ccd6-5bdc-8248-adb5e86b85d4	32	23
Io ero con lui per tutto il giorno.	I was with him all day.	c194f8e2-3a8f-5671-be9b-51e90df15ae6	35	23
Penso che Tom ci stia cercando.	I think Tom is looking for us.	4f6a6bc7-3723-5476-91bf-8d408611a90e	31	30
Io penso che Tom ci stia cercando.	I think Tom is looking for us.	45990f03-3b21-5ec1-bfdd-a6fedc3ce6e2	34	30
Gli ho consigliato di smettere di fumare.	I advised him to give up smoking.	f15cfc80-1b19-51aa-b1ee-6364623293a8	41	33
Gli consigliai di smettere di fumare.	I advised him to give up smoking.	45056c41-5b43-53c0-a2d7-769e8a5e8f75	37	33
Tom sta avendo una brutta giornata.	Tom is having a bad day.	9d25365a-c667-590a-9c80-705935cd16fd	35	24
Tom è molto più basso di Mary.	Tom is much shorter than Mary.	149d47e4-a017-50d5-ac71-e49e15c72251	30	30
Non ho altro da fare.	I've got nothing else to do.	7e8f0332-8ec8-5194-924c-11108d50364d	21	28
Io non ho altro da fare.	I've got nothing else to do.	512f997d-88af-54d2-834d-9c24b40006b9	24	28
Stavo sperando di imparare molto.	I was hoping to learn a lot.	b0c2637d-10dc-563e-9e95-9164db8ced6a	33	28
Io stavo sperando di imparare molto.	I was hoping to learn a lot.	b9e26f46-ac30-5d3a-aea2-9f44b98b7753	36	28
Sono andato in Australia nel 2013.	I went to Australia in 2013.	e51c6e09-4323-5ade-8d3f-d9f85c36d1cb	34	28
Io sono andato in Australia nel 2013.	I went to Australia in 2013.	429fb8ad-fec8-5b9d-b519-8ee73eb47f47	37	28
Sono andata in Australia nel 2013.	I went to Australia in 2013.	a742afa1-4427-5570-9143-2f3a3a6f9f76	34	28
Io sono andata in Australia nel 2013.	I went to Australia in 2013.	a2cd7964-141e-572f-b964-6798aa64bc9e	37	28
Sono piuttosto felice di essere qui.	I'm pretty happy to be here.	3caf3ea3-a54c-59e0-ad28-a68983c36f10	36	28
Io sono piuttosto felice di essere qui.	I'm pretty happy to be here.	ae934c3c-5a11-5800-be4a-a3112365ba1e	39	28
Dovrei fare la foto con o senza il flash?	Should I take the picture with or without flash?	2e5a3884-bf9a-5112-a434-cab8998a5a5e	41	48
Tom ha comprato una rosa per Mary.	Tom bought a rose for Mary.	81e3584d-c771-5c41-b932-a35f3ec471b8	34	27
È il suo migliore amico.	He is her best friend.	2383f1fc-63c1-5221-98ac-32222aa833c8	24	22
Lui è il suo migliore amico.	He is her best friend.	e3b001fb-1957-5e64-bcc5-77d86ddcefad	28	22
Devi aiutarmi a trovarla.	You need to help me find her.	38fb1a1f-6a50-5ffb-8fb8-c7032544cdb4	25	29
Deve aiutarmi a trovarla.	You need to help me find her.	fe1eab90-6b90-558d-8122-d720a2614ace	25	29
Dovete aiutarmi a trovarla.	You need to help me find her.	de2d05d1-b033-5d5f-a063-4242d2701611	27	29
Mi devi aiutare a trovarla.	You need to help me find her.	2e2ab881-034d-5817-9a3a-d0381b19d53d	27	29
Mi dovete aiutare a trovarla.	You need to help me find her.	9da50f09-0034-5ef3-af3d-ac18a2985322	29	29
Mi deve aiutare a trovarla.	You need to help me find her.	64206def-0e1c-56df-b3ed-1a921aa1536a	27	29
Merito di essere trattato con rispetto.	I deserve to be treated with respect.	b0ef21d7-cf72-58b8-985e-5e37962cc45e	39	37
Merito di essere trattata con rispetto.	I deserve to be treated with respect.	1d0c622e-732f-5fdc-923c-1a031cb6d785	39	37
Ho visto Tom la scorsa notte in biblioteca.	I saw Tom last night in the library.	28bfd6bb-ced7-5bb1-a640-56ca3bad39d0	43	36
Ho visto Tom ieri sera in biblioteca.	I saw Tom last night in the library.	1063d338-59f7-57e7-b4a9-c9c771b9cb29	37	36
Volevo che Tom mi aiutasse.	I wanted Tom to help me.	edea17ed-665d-5712-9d3e-4a068372e10c	27	24
Io volevo che Tom mi aiutasse.	I wanted Tom to help me.	4d103310-0ff1-5cdb-a0fa-d36b3e2f5cc0	30	24
A tutti noi studenti piace il baseball.	All of us students like baseball.	e13f5c19-41e1-57a1-8c3e-9a0858282fdc	39	33
Non è chiara la ragione per cui Tom non è qui.	It's unclear why Tom isn't here.	6c4cc4be-4947-5a40-97e9-1fb57d0c88d5	46	32
È brusca.	She is curt.	06a37993-af58-56f3-a5bb-37fbcaf277b0	9	12
Lei è brusca.	She is curt.	a4b58e3d-7d94-512c-bf23-73039720c482	13	12
È rude.	She is curt.	5e8e85b7-e1d4-5467-8169-e4c23dda8b2a	7	12
Lei è rude.	She is curt.	715e2371-8983-5a12-b9b3-3a407cb9c2e9	11	12
Tom mangia solo cibo crudo.	Tom only eats raw food.	8fe339f6-5ddf-53d6-ae94-babfc91eb3b2	27	23
Tom mangia soltanto cibo crudo.	Tom only eats raw food.	b5403e87-d281-50cb-9765-0bf1f94f08e2	31	23
Tom mangia solamente cibo crudo.	Tom only eats raw food.	8b4ea88c-3b88-5a74-8bc2-f8e20fa6b5f2	32	23
Per quanto ha lavorato qui Tom?	How long did Tom work here?	d1b0b577-d1ba-5b6f-aa3b-17eaf6a12ade	31	27
Per quanto tempo ha lavorato qui Tom?	How long did Tom work here?	a3f79943-2350-5a75-ab17-6d71311dbf91	37	27
Non sono uno che spettegola.	I'm not one to gossip.	6b66d060-7fc5-5854-9aa6-0f4032e184c2	28	22
Io non sono uno che spettegola.	I'm not one to gossip.	ceed7245-3207-5663-b405-0829e9b68f49	31	22
Non sono una che spettegola.	I'm not one to gossip.	16997ad9-5828-5926-8a84-1e735c6882fe	28	22
Io non sono una che spettegola.	I'm not one to gossip.	e4b2ba00-e843-5510-a022-c4a53a585940	31	22
Penso che Tom sia paffuto.	I think Tom is chubby.	d33ec738-9993-53e7-8b8d-a3d1036f0cc1	26	22
Io penso che Tom sia paffuto.	I think Tom is chubby.	f3c8dd1e-a2c1-5f81-a84b-2ebc8810f2d5	29	22
Non mi sorprende più niente.	Nothing surprises me anymore.	4c6e1bf0-b20b-5fd3-9a21-c6d80fcc3740	28	29
Non mi sorprende più nulla.	Nothing surprises me anymore.	bbc02a86-b756-5fdb-a942-8923e84b7a08	27	29
Stai facendo progressi.	You're making progress.	04b8309a-cc73-5b18-8053-a405336f3d92	23	23
State facendo progressi.	You're making progress.	0a854e29-07b1-5fff-a2a5-ae04aa55682e	24	23
Vuoi fare una pausa?	Do you want to take a break?	e4575485-9629-5bd2-a858-41d72a053d60	20	28
Vuole fare una pausa?	Do you want to take a break?	d3ac6363-97df-5772-9f91-d3c64f86f25b	21	28
Volete fare una pausa?	Do you want to take a break?	08d0510b-e73c-533e-a49c-6a675365fe40	22	28
È tutto quello che abbiamo.	It's all we have.	d759a95a-5c23-5fb6-8673-1443035c6816	27	17
È tutto ciò che abbiamo.	It's all we have.	d2aea573-a272-5ed5-8af1-cc262feef5f7	24	17
È così importante per me.	It's so important to me.	e2d30de0-76a6-5d16-94ff-f18893d72b6b	25	24
Ecco i miei libri.	Here are my books.	05d896a0-f5a0-5309-8fe3-e2d09f0014e8	18	18
Voglio quel lavoro.	I want that job.	cc97cb56-9a65-5286-9a6b-3cb142ff66ef	19	16
Voglio quell'impiego.	I want that job.	dec9397d-4ebe-5796-bc65-d0508655a56d	21	16
Tom si è coperto gli occhi.	Tom covered his eyes.	bab687b6-5deb-5a51-8764-d2c7f61b4bde	27	21
Tom si coprì gli occhi.	Tom covered his eyes.	e83225b1-9209-591b-9655-e75ce28b867f	23	21
Non riesco a seguire la logica di Tom.	I can't follow Tom's logic.	9a09a5b3-9984-5ec3-a4c4-c9cd7e804400	38	27
Io non riesco a seguire la logica di Tom.	I can't follow Tom's logic.	92af731a-789e-5c15-b2d3-2740bd8cb0b8	41	27
Tom è un giocatore.	Tom is a player.	20787e61-86e6-58d7-8d3a-a5ae0b18813c	19	16
Non mi hanno detto così.	They didn't tell me so.	80f64aa6-92eb-53f9-8f17-c2d7fbb3d819	24	23
Non so se è vera o no.	I don't know if it's true or not.	aadf4c8c-b373-55fc-b00e-780c6ceb7cea	22	33
Continueremo a farlo.	We'll still do that.	d83efa68-327f-51b4-9af5-02dc4bc4db5e	21	20
Lo continueremo a fare.	We'll still do that.	93c784e3-a6c1-5443-9092-5094afe2f5d1	23	20
Mio fratello vive ancora a Boston.	My brother is living in Boston.	fe81b82b-9ec6-5e5a-848b-1c8b0e3483c4	34	31
Tom parla come un anziano.	Tom speaks like an old man.	4d8cb201-62fd-56fa-8087-685dc129c932	26	27
Tom e Mary sono miei compagni di classe.	Tom and Mary are my classmates.	9b67e4d1-e233-5a29-9fb5-3c21f7900f2c	40	31
Andavamo a pescare assieme.	We used to go fishing together.	06bc9756-d85e-524a-9ef0-5f49222697ee	27	31
Noi andavamo a pescare assieme.	We used to go fishing together.	d3e5064a-6c0b-54c8-be22-0769e431a36d	31	31
Guarda il traffico.	Look at the traffic.	52d1ff47-bdea-59c4-9f89-94d1319e9dda	19	20
Guardate il traffico.	Look at the traffic.	62f6143f-1495-5d03-90aa-d8c4841e6761	21	20
Guardi il traffico.	Look at the traffic.	720ebdb5-17ac-527c-bdab-d833c581a555	19	20
Dove sarai?	Where are you going to be?	45b6c755-16df-5d1c-a6fe-b4de0e9cc1fc	11	26
Dove sarà?	Where are you going to be?	4128384c-c835-5d16-aae9-8fb68e10f0de	10	26
Dove sarete?	Where are you going to be?	6755cd4e-b98f-5ff4-85ee-03d67a4d5e96	12	26
Non siamo felici.	We're not happy.	c9c4cb93-5e03-50d3-b365-b873db72dba8	17	16
Noi non siamo felici.	We're not happy.	934ed178-a638-5342-9573-36c9b64f6cad	21	16
Tom voleva essere famoso.	Tom wanted to be famous.	487325cf-c0d6-5a30-a0f2-946acb1f9f1a	25	24
Lui ha avuto un incidente stradale.	He had a traffic accident.	de7f6584-bd86-5c52-ad4e-2d7772408f4f	35	26
Ebbe un incidente stradale.	He had a traffic accident.	1cf58d06-e960-5d99-9d2a-a85a63612446	27	26
Lui ebbe un incidente stradale.	He had a traffic accident.	91628156-f737-5043-aff0-35a6a43aaa55	31	26
Riesco a malapena a stare in piedi.	I can barely stand.	d87c5ab6-5469-5e4a-9b6d-0197c3240681	35	19
Io riesco a malapena a stare in piedi.	I can barely stand.	bcb3538f-53ed-5248-90a3-9043c85de991	38	19
È stato catturato dalla polizia.	He was caught by the police.	10b75267-8cf2-588f-9fc2-9be3f975a339	32	28
Lui è stato catturato dalla polizia.	He was caught by the police.	6bdf2334-bd16-5b5b-8466-f8ac06688bb3	36	28
Fu catturato dalla polizia.	He was caught by the police.	7db7e4b8-862f-5cae-83e9-35ee08b9b4ed	27	28
Lui fu catturato dalla polizia.	He was caught by the police.	abbd6955-ad6b-5543-93d0-987d1984176e	31	28
Non penso che sia una brutta cosa.	I don't think it's a bad thing.	0d483dab-8d64-5b03-a5a6-5abe0751e92b	34	31
Non penso che fosse un errore.	I don't think it was a mistake.	3206fbff-eb74-572b-a90b-ce6b68556151	30	31
Io non penso che fosse un errore.	I don't think it was a mistake.	fdc811b1-3906-5dca-9da1-8b895c37bdf9	33	31
Tom ha troppe idee strane.	Tom has too many strange ideas.	2dd9e653-02e2-5802-8487-da9c50c5c239	26	31
Non cammino più da solo.	I don't walk by myself anymore.	ea323352-41dd-5fa0-91c0-cc251045e94b	24	31
Io non cammino più da solo.	I don't walk by myself anymore.	c813333b-ca00-5c8a-a02d-afb3b01d5b3c	27	31
Non cammino più da sola.	I don't walk by myself anymore.	02b8b80f-9f3a-5e3c-9721-d0a5359cb1cd	24	31
Io non cammino più da sola.	I don't walk by myself anymore.	b8d94139-3646-5b52-b34c-ba1e2f44aba4	27	31
Non passeggio più da solo.	I don't walk by myself anymore.	31ccfcf1-11c4-5dae-830d-5e17f325ba2a	26	31
Io non passeggio più da solo.	I don't walk by myself anymore.	a0f48989-6149-5c73-bcf1-6a4698107e9e	29	31
Non passeggio più da sola.	I don't walk by myself anymore.	9868c494-61ac-5fd5-8a0c-49d86deb202b	26	31
Io non passeggio più da sola.	I don't walk by myself anymore.	f1f62c61-b893-56cc-8df0-69e37f57d0e4	29	31
Non leggo molto spesso dei romanzi.	I don't very often read novels.	f28c643f-fd73-546c-afb7-0f3f3f384f52	35	31
Io non leggo molto spesso dei romanzi.	I don't very often read novels.	94742b38-561c-5e1d-b930-e1e7ef59ba1e	38	31
Tom sperava di trovare Mary a casa.	Tom hoped to find Mary at home.	0eab291c-3d9e-517f-bf4e-5d3fb0885560	35	31
Tom e Mary sono separati.	Tom and Mary are separated.	5387e89d-ac3a-5df9-bc42-00fd6eed6460	25	27
Indietro! Ripugnante malinconia!	Hence, loathed melancholy.	ab092bbf-0ac2-50e4-9894-8056f610998e	32	26
Nessuno ha detto a Tom quello che deve fare.	Nobody has told Tom what he needs to do.	c3e2ac1d-af9c-5f39-89fb-76f7de3172a2	44	40
Non cerco di compiacere tutti.	I don't try to please everyone.	f43b40b3-bbf0-547f-9ccc-f5469d79eb3a	30	31
Io non cerco di compiacere tutti.	I don't try to please everyone.	fee486df-005d-5af0-84b6-966b71c209f0	33	31
Tom si è offerto volontario per aiutarci.	Tom has volunteered to help us.	5d4e2078-6c14-56e3-b7ca-dede1b039efa	41	31
Tom ha fino a lunedì per decidere.	Tom has until Monday to decide.	d49080e7-aebd-5d5d-9fd6-e7079887e112	34	31
Non penso che si siano arresi tutti.	I don't think everyone gave up.	b5c70063-d625-5333-a701-e19548ed3e7f	36	31
Io non penso che si siano arresi tutti.	I don't think everyone gave up.	33f09669-5804-5938-874d-a674254bea71	39	31
Non penso che tutti si siano arresi.	I don't think everyone gave up.	948ac2df-ab53-5246-9813-12eb84f5eba9	36	31
Io non penso che tutti si siano arresi.	I don't think everyone gave up.	4064502b-aa0d-51bd-84a5-2ecf9d18b704	39	31
Sto pianificando di comprare un dipinto per Tom.	I'm planning to buy a painting from Tom.	b8d68144-a8f7-52be-9dba-7f5096f5e5e7	48	40
Sto pianificando di acquistare un dipinto per Tom.	I'm planning to buy a painting from Tom.	9c2232cf-66f2-5b3b-a3d4-3c14a4dfff5b	50	40
Non penso che andrò mai in pensione.	I don't think I'll ever retire.	3463db20-ec23-57c4-96be-a109769e7191	36	31
Io non penso che andrò mai in pensione.	I don't think I'll ever retire.	e201d612-e949-5eae-bc32-5563c863caaa	39	31
Tom ha diverse migliaia di libri.	Tom has several thousand books.	07b845ec-1b99-593b-a2a4-cc65846eb984	33	31
Probabilmente parlo il francese meglio di Tom.	I probably speak French better than Tom.	5b4e4346-f67d-5e9e-a8f4-0b63846b1dc1	46	40
Non penso che dobbiamo farlo.	I don't think we need to do it.	a7e9d35f-f2cf-5792-b68f-255c21d09dcc	29	31
Non penso che dobbiamo farla.	I don't think we need to do it.	b766526b-60dd-5fab-ae12-57cf65629e23	29	31
Non penso che lo dobbiamo fare.	I don't think we need to do it.	5caa35fd-b705-5f91-ba56-bf75ae99d0e0	31	31
Non penso che la dobbiamo fare.	I don't think we need to do it.	b3986491-6409-52ff-adca-1225fe578a78	31	31
So che la casa di Tom è in vendita.	I know Tom's house is for sale.	8745cc8f-ba40-58b8-991f-dcb0933fa8c2	35	31
Tom è il ragazzo perfetto per Mary.	Tom is the perfect guy for Mary.	caef25f1-4dd0-52c4-ad4b-bc3450b1e1bf	35	32
Tom e Mary sono dentro.	Tom and Mary are inside.	95637946-713d-50c6-add0-952044e2f322	23	24
Posso capire questo.	I can understand this.	b96bbe46-ebbd-51df-b4ce-d1e59ef0b228	20	22
Riesco a capire questo.	I can understand this.	2a2a7184-7b1e-5af2-8b76-edc0883cf064	23	22
Che ci si creda o no, Tom ha settant'anni.	Believe it or not, Tom is 70 years old.	7d4bd691-c755-53bb-9abe-8352a81fdcc9	42	39
Che tu ci creda o no, Tom ha settant'anni.	Believe it or not, Tom is 70 years old.	db774faf-a78b-557d-ba83-9ab666d64de2	42	39
Che lei ci creda o no, Tom ha settant'anni.	Believe it or not, Tom is 70 years old.	92494eb0-2195-5503-b33d-bdb57e2d40e0	43	39
Che ci crediate o no, Tom ha settant'anni.	Believe it or not, Tom is 70 years old.	0ba794e9-ade4-5ea1-81fc-4374ef7d93de	42	39
Che voi ci crediate o no, Tom ha settant'anni.	Believe it or not, Tom is 70 years old.	84ec7d75-f459-5354-be15-f57d5310b2f7	46	39
Tom non è il marito di Mary.	Tom isn't Mary's husband.	6cede97c-e551-5084-89bb-4646c57a9423	28	25
Ero in grado di risolvere il problema.	I was able to solve the problem.	0d38469d-a56e-55ee-bf13-e0c97723a606	38	32
Io ero in grado di risolvere il problema.	I was able to solve the problem.	a88ca9f9-95a4-5c1a-8e69-45547ffd9447	41	32
Nessuno ha dovuto dirlo a Tom. Lo sapeva già.	Nobody had to tell Tom. He already knew.	953ecb0e-d346-54f9-b24f-7bc22bcff9cd	45	40
Nessuno lo ha dovuto dire a Tom. Lo sapeva già.	Nobody had to tell Tom. He already knew.	bc735208-2082-5583-872a-b45f9865b217	47	40
È troppo costoso per te?	Is that too expensive for you?	c8295a04-9168-57da-accd-9c663e1f3567	24	30
È troppo costoso per voi?	Is that too expensive for you?	1b8abdd2-686a-588b-a2cc-4fd7bf9ea6a2	25	30
È troppo costoso per lei?	Is that too expensive for you?	3fce9fe0-67d2-56d5-8d72-a0dcb802513c	25	30
Tom è diventato un poliziotto.	Tom became a policeman.	0f117641-676c-53cd-bbcd-273f82a91ca2	30	23
Tom divenne un poliziotto.	Tom became a policeman.	0930b4e6-a2a7-591d-965a-e22feaa160c3	26	23
Tom diventò un poliziotto.	Tom became a policeman.	0418eee5-9394-525e-b1cb-f3564394211f	26	23
Pensavo che Tom fosse in prigione.	I thought Tom was in prison.	ae2bab51-993d-5d49-a26e-42eb180142bc	34	28
Io pensavo che Tom fosse in prigione.	I thought Tom was in prison.	b3db8023-29b3-56bf-b58b-a674bdaa4f3e	37	28
Tom ha chiamato il suo cane Cookie.	Tom named his dog Cookie.	8b9da77f-69b3-5be3-b667-f672ec8bd822	35	25
Tom chiamò il suo cane Cookie.	Tom named his dog Cookie.	f0afdcec-f2a2-5801-bd3e-31a6a482cd07	30	25
Tom ha chiamato il suo cane Biscotto.	Tom named his dog Cookie.	69378241-f0f8-5490-88ec-84758a1ff0f7	37	25
Tom chiamò il suo cane Biscotto.	Tom named his dog Cookie.	c0ffc319-11ff-565a-a6a5-48a4e0be3e2e	32	25
Tom è meglio di chiunque altro.	Tom is better than anyone else.	a5ccba59-d4fd-5664-ab74-bede810a0166	31	31
Nessuno è nella stanza.	No one is in the room.	2a9ed4d4-ce23-5f68-99d4-597d4def422a	23	22
Tom era gentile con tutti.	Tom was kind to everybody.	ad329725-f0d6-55bc-909d-75884590d88f	26	26
Prenderò un'altra birra.	I'll have another beer.	c9b27f7b-e0a2-547c-9bc0-c37030578d01	24	23
Io prenderò un'altra birra.	I'll have another beer.	37d0b6f4-6ec8-5dd7-80cf-736bb179358d	27	23
Tom darà i dettagli a Mary più tardi.	Tom will give Mary the details later.	2f1ac026-d59e-5b29-962e-f834418e92fa	37	37
Non voglio sprecare i miei soldi.	I don't want to waste my money.	bf04c4f3-364e-5bb6-80a7-e2cfdd47275d	33	31
Non voglio sprecare il mio denaro.	I don't want to waste my money.	750cce13-3a84-518c-89bf-9e99dc098d61	34	31
Ho visto Tom in concerto quattro volte.	I saw Tom in concert four times.	9fe40a4c-b9cc-5b35-8c1d-957db5ddcc9f	39	32
Io ho visto Tom in concerto quattro volte.	I saw Tom in concert four times.	e698f16b-5ad5-541a-816b-ebc98f179639	42	32
È solo una scatola vuota.	It's just an empty box.	058dc7f1-b963-5269-8441-12ae6c0d5f2b	25	23
È soltanto una scatola vuota.	It's just an empty box.	cfec85b2-4591-514b-a3ec-35f8029fbe22	29	23
È solamente una scatola vuota.	It's just an empty box.	913336c0-fe42-5921-99ac-24c680d55125	30	23
Chi ha detto che mi vergognavo?	Who said I was ashamed?	3a625a52-dbc3-5d02-b4bc-c7413b6425e3	31	23
Ha raccolto il libro.	He picked up the book.	08af7ea4-0c81-5fa9-8018-5ca289a7f7ab	21	22
Raccolse il libro.	He picked up the book.	3c08fe80-b7d6-5084-b5f0-66708f6b469a	18	22
Dobbiamo tornare prima di Tom.	We have to get back before Tom does.	37c27b16-a0e2-5408-a8be-f8e4fe347418	30	36
Il mio capo è molto rigido.	My boss is very strict.	b87713c9-fa73-5527-a4b1-3101e65ad196	27	23
Il mio capo è molto severo.	My boss is very strict.	e1ffe27b-6fc8-548b-b4d8-547a66e7b745	27	23
Il mio capo è molto rigoroso.	My boss is very strict.	1bda666d-cca0-556b-a7cc-76ab4fe2311b	29	23
Voglio che Tom pulisca la cucina.	I want Tom to clean the kitchen.	ea2bb16e-0e67-58ac-99ee-a17aec39e127	33	32
Io voglio che Tom pulisca la cucina.	I want Tom to clean the kitchen.	844d3dd7-6236-5a2c-9db5-32682a156755	36	32
Tom voleva guardare attraverso il telescopio.	Tom wanted to look through the telescope.	3c4ff800-b567-5ef5-9589-8b77b9be2a4f	45	41
Troverò la persona che ha fatto questo.	I'll find the person who did this.	373f5540-e57b-5624-bd8a-ed2e976692ff	39	34
Non riuscivamo a smettere di ridere.	We couldn't stop laughing.	7516f77e-8be9-5cba-98cc-972fd6c6df84	36	26
Perché le persone lo chiamano Tom?	Why do people call him Tom?	cc30f2be-29a1-56c5-8525-fceeeffa65bb	34	27
Perché la gente lo chiama Tom?	Why do people call him Tom?	0dba8017-54e4-53e4-917c-367b9c3a66aa	30	27
Quali sono le condizioni?	What're the terms?	70b204ae-b485-5e3c-a2a6-bf19d7a4aae1	25	18
Tom è un fotografo amatoriale.	Tom is an amateur photographer.	a975abfc-1166-5576-9131-dc7e0bac4e4a	30	31
Lo odio più di qualunque altra cosa.	I hate that more than anything.	27c74885-aa9f-55b1-a881-ab347caf31e7	36	31
Lo odio più di qualsiasi altra cosa.	I hate that more than anything.	c45cf587-2881-5f80-bddc-7e770ea7dc7b	36	31
È con me.	She's with me.	011a7e62-8151-531a-827d-98529ac495f5	9	14
Lei è con me.	She's with me.	71e7a6ad-c2e2-5762-8e70-b50ef03d45c9	13	14
Lui è con me.	He's with me.	52590847-dd92-50ba-8017-2703e6ab93ae	13	13
Eureka!	Eureka!	132e94ba-55ab-5c5e-a8c6-d01154d2976c	7	7
Si sono addormentati entrambi.	They both fell asleep.	e205c77d-fde2-5428-b704-dca175961f68	30	22
Si sono addormentate entrambe.	They both fell asleep.	00904189-d62a-5888-b0d6-91d42b026d0e	30	22
Si addormentarono entrambi.	They both fell asleep.	83b8b824-719b-54f5-89e5-d2cb6800cf50	27	22
Si addormentarono entrambe.	They both fell asleep.	0f2147df-e68a-5d42-bc09-d1634afebc7e	27	22
Siamo tornati lunedì.	We came back on Monday.	d73b88eb-1800-5e91-8270-46aae27ccf6e	21	23
Noi siamo tornati lunedì.	We came back on Monday.	11c5e738-3942-5f69-b8e2-fe758461bbbf	25	23
Siamo tornate lunedì.	We came back on Monday.	6c920f35-cb5d-5d8d-b92d-76c9d65155d4	21	23
Noi siamo tornate lunedì.	We came back on Monday.	88080a0c-1217-57a5-b938-dc4e98f7024b	25	23
Tom ha detto a Mary il suo segreto.	Tom told Mary his secret.	f379e209-fe05-54e0-b7ac-4a55eb2505f7	35	25
Tom disse a Mary il suo segreto.	Tom told Mary his secret.	02cb0959-55f1-551e-8073-50877b0b364a	32	25
Immagino di essere un po' curioso.	I guess I'm a little curious.	41bfbfd4-15c6-5c58-ab06-abe6cd711a61	34	29
Immagino di essere un po' curiosa.	I guess I'm a little curious.	c77baf2b-259f-596b-97bc-f5b91d1932b3	34	29
Ho visto la partita.	I saw the game.	fbb5088d-6aa8-5e3b-aab7-f622350b5785	20	15
Vidi la partita.	I saw the game.	2a791f8a-eaae-5d49-a344-19cce3693a1e	16	15
Cos'ha Tom?	What does Tom have?	e6b52010-683f-54d8-ace3-b4a14e8f0067	11	19
Che cos'ha Tom?	What does Tom have?	468f2360-0037-5a9e-aafe-807b3c501abf	15	19
Che ha Tom?	What does Tom have?	b3c9d852-f5a4-5a4f-8fb1-aca668ef6fb0	11	19
Ho fatto molti errori nella mia vita.	I've made many mistakes in my life.	cf1b2863-4bd7-54b4-8dc6-fa0316c93989	37	35
Io ho fatto molti errori nella mia vita.	I've made many mistakes in my life.	b8ac9dad-38c8-505a-9f75-31e1b525a3c6	40	35
Ho commesso molti errori nella mia vita.	I've made many mistakes in my life.	f17212d6-f2ea-5a91-8c90-3c5edc9d54ad	40	35
Io ho commesso molti errori nella mia vita.	I've made many mistakes in my life.	7e9a92c3-ceb6-5c51-b447-69637699c3b8	43	35
Beh, cosa potrebbe essere?	Well, what could it be?	f6ecaed8-878d-55bf-af5c-7e6f1063785c	26	23
Beh, che cosa potrebbe essere?	Well, what could it be?	52ed8223-6fec-5ab4-94c3-39c74ee88030	30	23
Vorrei che Tom fosse nella nostra squadra.	I wish Tom were on our team.	8b3ff76d-e7f6-57db-9610-18fa26eaf652	42	28
Io vorrei che Tom fosse nella nostra squadra.	I wish Tom were on our team.	b2e0e7c9-6c94-58b8-8df1-d165ec88fc81	45	28
Non voglio essere cremato.	I don't want to be cremated.	4c2d84ed-8f9c-5c3f-9315-03780067730f	26	28
Io non voglio essere cremato.	I don't want to be cremated.	7d99661c-758c-5680-aba6-20af1a78db1f	29	28
Non voglio essere cremata.	I don't want to be cremated.	dcdb36da-51ce-5af8-890f-1b44f1181bda	26	28
Io non voglio essere cremata.	I don't want to be cremated.	de967cbf-be8b-5b1c-9b6f-62491c0fd706	29	28
Non abbiamo una figlia.	We don't have a daughter.	bac2fb8e-6699-5c2e-9ecb-4bc3c1548411	23	25
Noi non abbiamo una figlia.	We don't have a daughter.	41b9b8bf-5c1e-5770-b702-7a3aa88045a3	27	25
Dobbiamo ridurre il debito nazionale.	We have to reduce the national debt.	b4194a0e-d938-58b9-951c-895c6614a07c	37	36
Noi dobbiamo ridurre il debito nazionale.	We have to reduce the national debt.	dfe92f0f-bb52-516d-a6fd-740502a79e33	41	36
Tom non è mai stato sconfitto.	Tom has never been defeated.	c3160dfb-0f7c-5f95-90d6-e414ff3d4e8a	30	28
Tom riusciva a malapena a parlare.	Tom could barely speak.	1565bb54-a9bc-5063-83b1-329795ac961d	34	23
Ecco qualche buona notizia.	Here's some good news.	33107706-46e7-52c0-9534-3de925d97ed9	27	22
C'è qualcosa con cui posso aiutare?	Is there anything I can help with?	d4e47a2a-08aa-5c4d-8a13-dcea2a74601c	35	34
Di' a Tom di non dirlo a Mary.	Tell Tom not to tell Mary.	4c920f2a-0423-593d-8513-8645e8778492	30	26
Dica a Tom di non dirlo a Mary.	Tell Tom not to tell Mary.	9895d9d0-d3c6-5679-8553-145542d6bd56	31	26
Dite a Tom di non dirlo a Mary.	Tell Tom not to tell Mary.	3c8dc1b7-f41e-5137-8152-f9cf06d75dab	31	26
Prenderò queste rose.	I'll take these roses.	2a1e707b-9873-5676-9f4d-7bcb95f531bd	21	22
Cos'è successo stasera?	What happened tonight?	b535343e-49f6-5432-b4a7-4ba6d9d9227c	23	22
Cos'è successo questa sera?	What happened tonight?	4dc814b8-7681-562b-af6d-105c0f69020f	27	22
Cos'è successo stanotte?	What happened tonight?	d0fa1fc7-b947-52c4-a479-df4220af8c7f	24	22
Cos'è successo questa notte?	What happened tonight?	2b2e0bdd-96ae-5da4-bf78-6c5d72e3a95e	28	22
Forse lavoreremo assieme.	Maybe we'll be working together.	150a6445-00e0-575c-9991-1a1acf9a138c	25	32
Posso ottenere un rimborso?	Can I get a refund?	436593f9-5ff2-5f08-b75a-d436774610a0	27	19
Riesco a ottenere un rimborso?	Can I get a refund?	4a903bd5-2693-5d06-879c-350e3eb16ccd	30	19
Esigo un rimborso.	I demand a refund.	2dfad9c8-9850-5dec-92bd-dba26017bc7a	18	18
Io esigo un rimborso.	I demand a refund.	5e0bf85c-ae6e-5db1-934b-9b1854da813f	21	18
Ho chiesto un rimborso.	I asked for a refund.	44e2c43b-1dc2-590f-b59a-77eb2236e4de	23	21
Io ho chiesto un rimborso.	I asked for a refund.	e85b9221-ed67-5806-907f-8feaa8c74518	26	21
Chiesi un rimborso.	I asked for a refund.	e8cdefea-0ca1-5883-bc05-79a58f996b85	19	21
Io chiesi un rimborso.	I asked for a refund.	22afbede-1b22-5458-b41f-8de31d10a9ee	22	21
Tom dovrebbe chiedere un rimborso.	Tom should ask for a refund.	ecc7e16d-6932-5cc3-b778-4b3e22da19f6	34	28
Vorrei ottenere un rimborso.	I'd like to get a refund.	f63af5ea-7809-5f0a-8970-c95758224501	28	25
Io vorrei ottenere un rimborso.	I'd like to get a refund.	52219738-5e71-522e-9662-45b2ac4c07c8	31	25
Mi piacerebbe ottenere un rimborso.	I'd like to get a refund.	940fc11d-0b2c-57a7-8a71-e8bd58151099	35	25
A me piacerebbe ottenere un rimborso.	I'd like to get a refund.	53918f79-b511-5807-86f3-61fb20076b02	37	25
Puoi aiutarmi a ottenere un rimborso?	Can you help me get a refund?	028e2944-dd5f-5f07-a432-8387a4049aac	37	29
Può aiutarmi a ottenere un rimborso?	Can you help me get a refund?	00c8613c-04cb-5540-ad99-ef066fecd33f	36	29
Potete aiutarmi a ottenere un rimborso?	Can you help me get a refund?	b18fe8cd-19c3-533d-9d6b-6280b457fce1	39	29
Mi puoi aiutare a ottenere un rimborso?	Can you help me get a refund?	8ceb17cd-fb9f-583f-a58e-1a1af2e8221b	39	29
Mi può aiutare a ottenere un rimborso?	Can you help me get a refund?	4c8cea1c-3018-5e7d-b271-9fe5511ea7d2	38	29
Mi potete aiutare a ottenere un rimborso?	Can you help me get a refund?	9a006ab4-a2b5-5146-a3d0-9e5f56da977f	41	29
Dobbiamo muoverci molto rapidamente.	We have to move very quickly.	b4621de6-58e7-528c-abda-5479d81c76f2	36	29
Ci dobbiamo muovere molto rapidamente.	We have to move very quickly.	ed93544b-6261-54d1-bb28-5b986b252a57	38	29
Sta succedendo qualcosa di molto strano qui.	Something very strange is happening here.	bce8341b-91a0-57a1-b1e8-ee17c8bcbc30	44	41
Sta capitando qualcosa di molto strano qui.	Something very strange is happening here.	e23de947-7498-56ba-a6b9-36f475acf1da	43	41
Tom non è andato dopo tutto.	Tom didn't go after all.	0fee0bcf-e62f-5751-b41e-a63ef1fbe5a5	28	24
Tom ha sentito dire che Mary era in ospedale.	Tom heard Mary was in the hospital.	83ae1ae8-0972-5eea-8785-0dd85dce8596	45	35
Tom è il migliore amico di mio figlio.	Tom is my son's best friend.	5a3a31b8-785e-53da-95b5-d7f88143fbfe	38	28
È stata un'ottima serata.	It was a great evening.	c38e9f07-cf12-597e-9754-09b48f205ac4	25	23
Amo tutto di Tom.	I love everything about Tom.	8f81d013-2ad2-59fe-8f46-d9006135a624	17	28
Io amo tutto di Tom.	I love everything about Tom.	2e97f7a7-1bae-5f7e-b7bf-ed84a53cb342	20	28
Tom ha scritto tre lettere.	Tom wrote three letters.	b47440ac-08e7-53f7-ac09-9d604294d658	27	24
Tom scrisse tre lettere.	Tom wrote three letters.	0d0642e9-7b87-5b3e-b1cd-4ab1761181ee	24	24
Per cosa sta UN?	What does UN stand for?	7572220d-201c-5dbb-989a-c4837d980412	16	23
È la ragione per cui mi hai chiamato?	Is that why you called me?	0edb8a52-9630-5231-8b00-bdd910033564	37	26
È la ragione per cui mi hai chiamata?	Is that why you called me?	177ab48c-6849-5cc8-b41c-42fdcadf7056	37	26
È la ragione per cui mi ha chiamato?	Is that why you called me?	afe5364e-190e-512f-ac8d-15cd4ade66aa	36	26
È la ragione per cui mi ha chiamata?	Is that why you called me?	100200d3-1299-5f30-9c69-21fa368a5aeb	36	26
È la ragione per cui mi avete chiamato?	Is that why you called me?	cfbe7a94-daea-5336-a08f-1de4d7c2e591	39	26
È la ragione per cui mi avete chiamata?	Is that why you called me?	d33f69f8-8950-582c-bfa4-34b7baa02957	39	26
Il feedback era buono.	The feedback was good.	afa7bd13-ddb4-5764-ab62-90eaabee7bca	22	22
Grazie per il feedback.	Thanks for the feedback.	d516766d-d687-58f1-a132-066a3506cce6	23	24
Voglio il tuo feedback.	I want your feedback.	6fea6ad9-9d88-5c58-ae7b-9063d6763dd0	23	21
Io voglio il tuo feedback.	I want your feedback.	856c5ad2-1e21-5e00-a634-f43acebd35c9	26	21
Voglio il suo feedback.	I want your feedback.	b0145ee5-0fdc-5042-b1fb-3be5edecb980	23	21
Io voglio il suo feedback.	I want your feedback.	58fa89cb-84b3-502b-a2dd-f6ee7144ef12	26	21
Voglio il vostro feedback.	I want your feedback.	e8c64aea-92c3-5638-b210-a492a69a0960	26	21
Io voglio il vostro feedback.	I want your feedback.	29365c1b-2c8e-569e-b07e-98f8a9c52b6e	29	21
Apprezzo il tuo feedback.	I appreciate your feedback.	361ad3bf-f8a0-5434-a930-c9268bd13f72	25	27
Io apprezzo il tuo feedback.	I appreciate your feedback.	21b41459-e7d6-5f5a-8260-21e6eb237c96	28	27
Apprezzo il suo feedback.	I appreciate your feedback.	8ec27cae-8453-5dbe-9dc8-957cdd9d6e4a	25	27
Io apprezzo il suo feedback.	I appreciate your feedback.	b9072960-66d1-543b-b196-823ca6ba9c8b	28	27
Apprezzo il vostro feedback.	I appreciate your feedback.	cd21653c-7db6-5d10-b29c-a81620c1f2dc	28	27
Io apprezzo il vostro feedback.	I appreciate your feedback.	1256445f-3f59-5431-b3ba-1e76e11cccc5	31	27
Volevo il tuo feedback.	I wanted your feedback.	a42a3d64-b3ef-5455-b899-6f0238855e9a	23	23
Io volevo il tuo feedback.	I wanted your feedback.	628871dc-ecd9-5cd5-be8d-45fb17574ce2	26	23
Volevo il suo feedback.	I wanted your feedback.	d8fdce1d-d1cd-56d5-88c3-acfc896c50ef	23	23
Io volevo il suo feedback.	I wanted your feedback.	8f4293f0-36da-587d-9d2f-cf483fa85ffc	26	23
Volevo il vostro feedback.	I wanted your feedback.	886058af-c465-574f-9c0b-46eea20bd51d	26	23
Io volevo il vostro feedback.	I wanted your feedback.	02a41296-4350-57d0-97f9-2bb239774169	29	23
Tom sapeva perché Mary non era a scuola.	Tom knew why Mary wasn't at school.	eab82226-f85f-5eed-8635-10130f8525ba	40	35
Aveva una grande influenza su di me.	He was a great influence on me.	6d7e484d-618a-5410-bf3d-0ba4fadafb3f	36	31
Lui aveva una grande influenza su di me.	He was a great influence on me.	24d05729-01be-57ae-9a6b-91007ff9a525	40	31
Sono pronto a farlo.	I'm ready to do it.	b707c7a1-c73c-5b9e-acb1-4b64528bb95e	20	19
Sono pronto a farla.	I'm ready to do it.	af0469f4-6904-5f73-b4e5-584f25d909c3	20	19
Sono pronta a farlo.	I'm ready to do it.	c2c93ecf-6a5f-5473-b1fd-6fe1b9b9ca1a	20	19
Sono pronta a farla.	I'm ready to do it.	3a2e54ed-f8e8-5399-9f22-65329f3a049d	20	19
Ha provato una terza volta.	She tried a third time.	cacdde4d-3f36-53c0-8583-0dc244023b0f	27	23
Provò una terza volta.	She tried a third time.	84466438-0c7f-5ae4-9ce9-81bcc84271ab	22	23
Quello che faccio è un mio problema.	What I do is my problem.	3186cf0c-e8d8-5c6a-b9d3-40822d9e62e0	36	24
Ciò che faccio è un mio problema.	What I do is my problem.	16fda5ba-d7ce-5086-865d-7a9a1830eacc	33	24
Ci piace aiutare.	We like to help.	a99cf871-05c0-51d3-b8a4-cdf4889580c2	17	16
A noi piace aiutare.	We like to help.	3c56a320-66a2-53f2-9295-bebbcf0eb8eb	20	16
A chi crederai?	Who will you believe?	78bb19d3-245f-5d3b-a4fe-e17c91010681	15	21
A chi crederà?	Who will you believe?	d21890ad-4beb-526f-b3e0-7495efab08a3	14	21
A chi crederete?	Who will you believe?	205daf45-eb97-5a91-b6d4-4088cfadbc8f	16	21
Sembra che stia andando bene.	It seems to be going well.	3ebe14ba-1c65-595f-a61b-e4ba71999523	29	26
Quando verrai?	When are you going to come?	a60c2769-cdc4-5446-95e9-359362da72a9	14	27
Quando verrete?	When are you going to come?	dc826931-16c2-5ddc-ac89-c6c7edf66103	15	27
Era solo un'ipotesi.	It was only a hypothesis.	4be55b04-c644-51b7-a2fb-91ca04827938	20	25
Era soltanto un'ipotesi.	It was only a hypothesis.	c7d81146-7c6c-59c0-b142-76fd9bb9a9b0	24	25
Era solamente un'ipotesi.	It was only a hypothesis.	6519b1c9-a7c1-5bbc-8124-23934899af00	25	25
Ne ho visto uno una volta.	I saw one once.	502ea895-bbac-58c5-b45c-841ea3a79dc1	26	15
Ne vidi uno una volta.	I saw one once.	a2f4c97c-422e-50f3-9671-93583211f503	22	15
Ne ho vista una una volta.	I saw one once.	dce0ab0a-09e6-50cd-8bce-5ae8f9f51371	26	15
Ne vidi una una volta.	I saw one once.	1f837be3-66b4-514b-9faa-78d4bdd30438	22	15
È successa la stessa cosa tre anni fa a Boston.	The same thing happened three years ago in Boston.	bda36d0e-b16e-5a97-b1c4-afa9139b6b88	47	50
Voglio che tu segua Tom.	I want you to follow Tom.	52e7aebb-4237-5a5c-aba4-e24440bada9d	24	25
Voglio che lei segua Tom.	I want you to follow Tom.	4ddfd77f-6a44-5187-8328-ee27bb8834dd	25	25
Voglio che seguiate Tom.	I want you to follow Tom.	7fe9f102-ea7e-5ef9-a627-a2970168f541	24	25
Voglio che voi seguiate Tom.	I want you to follow Tom.	3ea38b12-b61f-53cb-8703-30a76df05697	28	25
Ho le mani piccole.	I have small hands.	22f4ddf5-7294-5fd6-a3f2-1d8d7585bb4c	19	19
Io ho le mani piccole.	I have small hands.	fbbb99fe-9e00-5518-8d65-97ba1b5a3d29	22	19
È caffè?	Is that coffee?	ce07066f-a901-5f0b-8b87-3214c7254e22	8	15
Quello è caffè?	Is that coffee?	d8231c28-c913-5af8-9451-5ab4b0bef91e	15	15
Voglio vedere come finisce.	Let's see how it ends.	e048674b-acf5-5de7-9c1b-1f2bb2559532	27	22
Tom ha scritto diversi libri.	Tom has written several books.	193cbbb0-33a0-5c6c-8bde-eadd32bd0f01	29	30
Parleremo con Tom lunedì.	We'll talk with Tom on Monday.	00b1679e-9a93-5f06-b46d-a4a04b30df2a	25	30
Amavi Tom?	Did you love Tom?	d2ebd0ed-72ec-5231-aaf7-c522d4836110	10	17
Tu amavi Tom?	Did you love Tom?	0a43f4ee-0a75-58a9-b03d-b92aec198ca5	13	17
Amava Tom?	Did you love Tom?	5a7978b3-b550-502b-a415-aeeed964ff34	10	17
Lei amava Tom?	Did you love Tom?	d172df47-3cc2-566e-8e45-ba5cc65449f4	14	17
Amavate Tom?	Did you love Tom?	57948d1f-c684-5258-bbdd-6349b9db4450	12	17
Voi amavate Tom?	Did you love Tom?	0a3528e0-e0a5-5119-b65f-81f2ba118649	16	17
Possiamo avere un momento da soli?	Can we have a moment alone?	c4b39226-07df-5f16-8a24-3882c04de20b	34	27
Possiamo avere un momento da sole?	Can we have a moment alone?	c6907e97-18ad-5598-b908-f5c5061e5e79	34	27
Tom può essere stato lì.	Tom may have been there.	0635d0ad-ff6b-5785-a55b-8f010bd0806c	24	24
Tom e Mary sono all'Hilton Hotel.	Tom and Mary are at the Hilton Hotel.	811db99b-68e9-5517-8e5c-ec1c0907f55c	33	37
Sto andando a Boston con Tom.	I'm going to Boston with Tom.	226e8ed1-e33c-5648-bacf-60d83f79fba5	29	29
Io sto andando a Boston con Tom.	I'm going to Boston with Tom.	e7a217f0-5d8c-529d-b115-cbeff88e1bac	32	29
Che altro ha detto Tom di me?	What else did Tom say about me?	6b2a5a0f-3220-5a86-b167-365a761bf72f	29	31
Ci stavamo aspettando molta neve.	We were expecting a lot of snow.	d563b24a-81b0-5d60-8fde-601c9af6ddea	33	32
Dirò a Tom che non è vero.	I'll tell Tom that's not true.	88f83639-6d9a-5903-a716-66d049f19d22	26	30
Possono andare.	They may go.	add7d9a8-7b74-5a5b-ab50-2d9e130fa12d	15	12
Loro possono andare.	They may go.	b7ba83d4-3218-56c5-a935-8709bdd4a6a0	20	12
Tom vuole mangiare con noi.	Tom wants to eat with us.	42d1270c-3ca3-5540-abba-39a8320be16d	27	25
È bella, vero?	She's beautiful, isn't she?	4ef0bd95-6f7a-56fa-824e-4c9dd50a9cc8	14	27
Lei è bella, vero?	She's beautiful, isn't she?	2f3458a0-ebb0-51c0-a8ad-09b14bf25b54	18	27
Su che altro stai lavorando?	What else are you working on?	8acc0825-d628-544c-8157-bba833b3f4fc	28	29
Su che altro sta lavorando?	What else are you working on?	4ea08b5f-4bc5-57b5-9001-40b34434dd91	27	29
Su che altro state lavorando?	What else are you working on?	d60000cf-5702-5664-9e3b-57d342cd76d0	29	29
Non mi aspettavo che Tom ci aiutasse.	I didn't expect Tom to help us.	d5078f8e-37d5-549d-a656-96e947dfa993	37	31
Io non mi aspettavo che Tom ci aiutasse.	I didn't expect Tom to help us.	c0d77595-604f-5375-8905-e9dd9f93db8e	40	31
Cosa dovrei dare da mangiare al mio cane?	What should I feed my dog?	02bade9b-4927-5566-86fd-13c78b6d5da9	41	26
Che cosa dovrei dare da mangiare al mio cane?	What should I feed my dog?	212760c8-0c83-5a74-bc93-eb2b1337d6b3	45	26
Tom ha aspettato che Mary continuasse.	Tom waited for Mary to continue.	1665f651-1284-5219-9f68-373fef47a1a0	38	32
Tom aspettò che Mary continuasse.	Tom waited for Mary to continue.	2c80bc6a-7f66-5e5b-9c09-7271f313bcaf	33	32
Chi sta causando tutti i problemi?	Who's causing all the problems?	95a4278e-3028-58fe-8fd0-de2904cdf42c	34	31
Persi il mio volo.	I missed my flight.	861fda08-39a8-5d9d-a57e-a3a5b7ed4480	18	19
Io persi il mio volo.	I missed my flight.	1a379aa9-c6c1-51a0-87ba-2f935a0d1dce	21	19
Siete voi gli esperti.	You're the experts.	9d9598ed-b17f-5d7c-bdbc-a0f34d0ad5cc	22	19
Che uomo strano!	What a strange man!	f1635f0b-e2f8-568a-95be-18d1c1c10a43	16	19
Mi mancano le superiori.	I miss high school.	30cddf70-808a-5f4f-a705-299f23a2f9cc	24	19
A me mancano le superiori.	I miss high school.	38a0ed17-65d6-501d-8d5b-82f35d71768d	26	19
Tom non ha peli sul petto.	Tom has no hair on his chest.	61cd084e-e68c-54fc-9b65-135d0e080df5	26	29
Ho sentito dire che Tom sta imparando a guidare.	I heard that Tom is learning how to drive.	77454269-66ac-55c7-a25f-35938a6d8e91	48	42
La tua T-shirt si asciugherà presto.	Your T-shirt will dry soon.	f6ae10d5-13c0-550e-bca7-d94c2cebc8ff	36	27
La sua T-shirt si asciugherà presto.	Your T-shirt will dry soon.	28069543-5fb1-5809-a76b-bbc19af6764b	36	27
La vostra T-shirt si asciugherà presto.	Your T-shirt will dry soon.	3031bbec-3d24-51a1-a739-297df76543ca	39	27
Non voglio parlare del mio raffreddore.	I don't want to talk about my cold.	df28c5c7-8ae9-5eae-9069-ab99c35d22e1	39	35
Ha detto: Sono le nove.	He said, It's nine o'clock.	cc41b3ab-8b48-5fa5-9e74-59583543c7a1	23	27
Disse: Sono le nove.	He said, It's nine o'clock.	d8b421a9-acde-536f-b939-71b0889a8e1a	20	27
Il nome della vittima non è stato rilasciato.	The victim's name hasn't been released.	89c8c9ac-84d5-5e87-8ef5-2b353ca9fe58	45	39
Mi ha ferito nel profondo.	It hurt me deeply.	993b4c58-3259-50b4-9127-857f2884434e	26	18
Mi ha ferita nel profondo.	It hurt me deeply.	33e8850b-2aae-5021-b0a0-95cb4c332c8f	26	18
Mi ferì nel profondo.	It hurt me deeply.	a18aa6ed-c981-5321-8e56-bcab930bbf14	21	18
Ho preparato dei pancake per colazione.	I made pancakes for breakfast.	788b6a7c-7a4e-58cf-bb66-eded70534522	39	30
Ho fatto dei pancake per colazione.	I made pancakes for breakfast.	bdea4645-5d75-511d-aada-0671e106b2a0	35	30
Perché lo permetti?	Why do you permit it?	0b7a2dcb-5fd0-54e9-82f6-8fdd86509539	19	21
Perché la permetti?	Why do you permit it?	b2368271-34ba-5584-aa05-7244aa72527e	19	21
Perché lo permette?	Why do you permit it?	eb486b5b-a432-5f39-9b46-d52e78899310	19	21
Perché la permette?	Why do you permit it?	126af928-8ffb-5c1f-9163-5ad0f5d5a281	19	21
Perché lo permettete?	Why do you permit it?	421104fb-d164-5a40-8d94-35b982112c25	21	21
Perché la permettete?	Why do you permit it?	4f36dcee-c948-55f8-b17e-9b158caeee76	21	21
Dobbiamo arrivare al matrimonio.	We need to get to the wedding.	9d9e5751-df8e-585f-b0e6-2a2d1b4ce809	32	30
Noi dobbiamo arrivare al matrimonio.	We need to get to the wedding.	8b7f7af6-08a3-5f09-8043-ddfee4531dc2	36	30
Posso avere questa pellicola sviluppata?	Can I have this film developed?	78f2419a-fe60-571a-8309-1be7c9d282aa	40	31
Riesco ad avere questa pellicola sviluppata?	Can I have this film developed?	3ed93bf7-be96-517b-8c7b-edee7eaaf039	44	31
Lo arrestarono.	They arrested him.	32f65a64-b175-5c76-a616-ee012982bb6b	15	18
Tom non mi aiuta mai.	Tom never helps me out.	b1c2155d-8913-5907-8b79-3ba3e93b6079	21	23
Non vogliamo trasferirci.	We don't want to move.	f322f3d0-ed9e-583b-a430-546169b2cbd3	25	22
Non ci vogliamo trasferire.	We don't want to move.	4f82a734-240a-573e-99c3-2e0434bd5839	27	22
Non vogliamo muoverci.	We don't want to move.	2cd829fd-8dfb-515d-8f42-4be09404bea5	22	22
Non ci vogliamo muovere.	We don't want to move.	f9de597d-56ab-5e72-a3ba-140c2e6746a1	24	22
Mi hanno tradito.	They betrayed me.	b1c47fed-731a-5af7-b22e-78d08a88b1a8	17	17
Mi hanno tradita.	They betrayed me.	f8746262-a5df-5a59-9229-4323b73e6412	17	17
Mi tradirono.	They betrayed me.	5fa2fe2e-5d84-5223-865e-aa954e15ab0d	13	17
Tom era assente ieri.	Tom was absent yesterday.	1d87cd7d-cbce-575e-9525-4fa561418ac3	21	25
Cos'era che volevi?	What was it that you wanted?	cf76a741-6ffa-5b2d-ae9e-446aebf471bc	19	28
Cos'era che voleva?	What was it that you wanted?	91fa7069-e38f-5d99-ab09-afb293b1188f	19	28
Cos'era che volevate?	What was it that you wanted?	5a153704-be93-5b74-a9bc-8ddbac6279bf	21	28
Fai entrare tutti.	Get everyone inside.	48514251-b3f1-56ba-8d99-dabcb7c56864	18	20
Faccia entrare tutti.	Get everyone inside.	8517a743-875f-5c31-b295-f914d56d32bd	21	20
Fate entrare tutti.	Get everyone inside.	34f21bbe-36b8-59d5-87de-117a1123edf4	19	20
Facci sapere come va.	Let us know how it goes.	c1ad2b74-4e3a-5922-9c33-0be5a00393b6	21	24
Ci faccia sapere come va.	Let us know how it goes.	57ca7cc8-b932-5615-8849-c8940febcb9f	25	24
Fateci sapere come va.	Let us know how it goes.	a5e19bae-720e-514e-a8b9-a1b22d767997	22	24
Capisco la regola.	I understand the rule.	99862715-4a42-530b-84a7-a99206771f28	18	22
Io capisco la regola.	I understand the rule.	a34b6bd9-dd1d-5520-bf73-26f670e34f4c	21	22
Comprendo la regola.	I understand the rule.	ea72a5bb-50b2-5878-a742-cce9b02a28e3	20	22
Io comprendo la regola.	I understand the rule.	a6435b6d-b27d-58b9-8d7a-2eff612aaad3	23	22
Tom e Mary sono diversi come il giorno e la notte.	Tom and Mary are as different as night and day.	2bfa69ea-b380-5bea-94bd-6f2c9e7d54a8	50	47
Stavamo cercando di sorprendere Tom.	We were trying to surprise Tom.	5f231894-c01e-5562-8917-9e8eaa872c44	36	31
Stavamo provando a sorprendere Tom.	We were trying to surprise Tom.	58bf21f3-4f7e-556d-900e-d7178a3d982f	35	31
Abbiamo fatto solo quello.	We did just that.	61750ede-2158-530e-acd0-38c4eff004c1	26	17
Noi abbiamo fatto solo quello.	We did just that.	f20f453b-486e-57ae-8708-4e25ddb5cb2c	30	17
Sembra in un qualche modo pericoloso.	That looks somewhat dangerous.	1d04fc9a-405b-5c50-8940-d156074ad1b4	37	30
Voglio diventare un musicista.	I want to become a musician.	6d7e50ad-b0a5-5a5f-89e9-370f0c7ed634	30	28
Io voglio diventare un musicista.	I want to become a musician.	9c7ce7de-0aa2-5dee-9e06-347463fae788	33	28
Voglio diventare una musicista.	I want to become a musician.	4d30a3ee-0d89-5df8-bef5-a7a580d267c7	31	28
Io voglio diventare una musicista.	I want to become a musician.	a1d116b4-89ff-5968-aa20-f6aa24dcc96b	34	28
Voglio essere un musicista.	I want to be a musician.	40010f0b-5375-590c-b10b-c9f8a66b5301	27	24
Io voglio essere un musicista.	I want to be a musician.	525c9130-fc63-5193-becb-08955c1bbdb0	30	24
Voglio essere una musicista.	I want to be a musician.	160b677e-77ac-53d8-9a8f-800d7e19b73d	28	24
Io voglio essere una musicista.	I want to be a musician.	34644d71-28c9-50af-95f5-3af6127aafcf	31	24
C'è qualcun altro in casa.	There's someone else in the house.	d3107ca0-2b4d-5134-be65-1ae1713dce51	26	34
C'è qualcun altro nella casa.	There's someone else in the house.	82c1afcd-6516-5c14-a4b0-b0c8f5c65a57	29	34
Tom dorme con la sua finestra aperta.	Tom sleeps with his window open.	23e0150a-a23a-572a-82a9-b9a4a615e4ba	37	32
Tom non ne aveva alcuno.	Tom didn't have any.	50a31216-c707-5c0b-a50d-7c86e02cafb1	24	20
Tom non ne aveva alcuna.	Tom didn't have any.	300db53b-2a81-56d0-be2b-9316a6bd8074	24	20
Questa è una moschea.	This is a mosque.	b836d235-0b6f-5fa2-8490-0466c836e4ef	21	17
Tom sapeva che Mary stava cucinando.	Tom knew what Mary was cooking.	2d859bbf-d81a-5ce0-b035-51441ecd9ecc	36	31
Mi piace, ma non lo amo.	I like it, but I don't love it.	80dd07ef-67e5-594f-adda-29aa0c5be7bc	24	31
Mi piace, ma non la amo.	I like it, but I don't love it.	11bf3efa-2161-5dff-944e-b7aed24374a1	24	31
Mi piace sapere cosa sta succedendo.	I like to know what's going on.	cc127a01-fa25-56c2-89f0-dccaf34d20cf	36	31
Vivo giusto dietro l'angolo.	I live right around the corner.	074d59f7-3824-5bd9-8e09-af11849b44e2	28	31
Io vivo giusto dietro l'angolo.	I live right around the corner.	1cef8eb8-0dd6-551b-8adf-b537906d2cd3	31	31
Abito giusto dietro l'angolo.	I live right around the corner.	d80780d8-4f0e-5bc0-bd94-040710bc73e8	29	31
Io abito giusto dietro l'angolo.	I live right around the corner.	f14b7358-49ec-550c-9546-4378643200a1	32	31
Hai trovato il tuo passaporto?	Did you find your passport?	0026577e-3abf-5733-b43a-6b5914faaa65	30	27
Ha trovato il suo passaporto?	Did you find your passport?	290dafe5-6503-5895-85dd-f82205ad95f1	29	27
Avete trovato il vostro passaporto?	Did you find your passport?	14926e74-91c1-58de-ae4c-cb0c58c871c9	35	27
Sembra che Tom si stia davvero divertendo.	It looks like Tom is really enjoying himself.	4569777a-5619-53a6-8950-6ce0739cb87a	42	45
Sembra che Tom si stia veramente divertendo.	It looks like Tom is really enjoying himself.	4d58fd92-91ad-5c71-a8f4-52b50d0dd729	44	45
Amo viaggiare d'inverno.	I love traveling in the winter.	918c8f0e-0b69-5c07-926a-ae7312d6d626	24	31
Io amo viaggiare d'inverno.	I love traveling in the winter.	500a304d-a742-5b6e-9358-edad391ac487	27	31
Ho fatto un errore e mi dispiace.	I made a mistake and I'm sorry.	ef405af1-8e00-50ef-8f3d-8d32174a10a8	33	31
Io sono in biblioteca.	I'm at the library.	fa0a8e05-5279-5994-817f-3e163d1309ef	22	19
Sarò in biblioteca.	I'll be in the library.	fb3866d3-4790-5414-87e2-31ad8c1bd799	19	23
Io sarò in biblioteca.	I'll be in the library.	d857da11-81e9-5fe4-9c2e-249fcae7278b	22	23
Noi non lo sapremo mai.	We will never know.	2099e7bd-3244-5dfa-a78a-40ad2e88724f	23	19
È un lavoro davvero complicato.	It's a really complicated job.	8e563b9d-8604-5bb2-b7dd-9be1ef3b7dd5	31	30
È un lavoro veramente complicato.	It's a really complicated job.	1b042e34-a0be-5e09-920e-483e19c683b3	33	30
Il robot è andato fuori controllo.	The robot went out of control.	62b84331-2949-52b3-8d42-fc2c2448303c	34	30
Il robot andò fuori controllo.	The robot went out of control.	580906e9-fb40-5aaf-8f74-342f08b2596d	30	30
Ha decorato l'aula.	She decorated the classroom.	0d6d46af-889c-5a5c-b87d-2de719af5579	19	28
Lei ha decorato l'aula.	She decorated the classroom.	84174938-42cf-5f41-9c6f-7b709900772e	23	28
Decorò l'aula.	She decorated the classroom.	0ff3707f-8c15-5a52-864d-3789dc0051ea	14	28
Lei decorò l'aula.	She decorated the classroom.	09ffb0df-2601-51b0-95e1-365523d5e72a	18	28
La segretaria del dottor Georges è giapponese.	Dr. Georges's secretary is Japanese.	8486a5a8-8842-5b93-b77a-27f423c7d421	46	36
Il segretario del dottor Georges è giapponese.	Dr. Georges's secretary is Japanese.	2094151d-5b46-52e8-b045-f7fa09decea6	46	36
Sei la mia ragazza preferita.	You're my favorite girl.	cbc273e4-3489-59d9-afc8-083b708a0c0d	29	24
Tu sei la mia ragazza preferita.	You're my favorite girl.	93672739-7f52-5b5a-876b-e5e79dbe1b8f	32	24
Tom ha origliato la loro conversazione.	Tom overheard their conversation.	8274a9b5-1cdc-5b77-946b-c87bd5a6dbdf	39	33
Tom origliò la loro conversazione.	Tom overheard their conversation.	7327a895-08de-583b-8a1c-3955ee6ff116	34	33
Penso che dovresti chiamare Tom.	I think you should call Tom.	b4950106-5a18-5201-aa10-2748feb73dea	32	28
Penso che dovreste chiamare Tom.	I think you should call Tom.	2ba42eea-4a5a-5c56-ade5-f30daa0181c4	32	28
Penso che dovrebbe chiamare Tom.	I think you should call Tom.	5ca79688-bb8a-5af0-b300-2f2f1221fa78	32	28
Ufficialmente, non lo permettiamo.	Officially, we don't allow that.	ae0e7b2d-7558-54df-92b1-4b7c17e0d190	34	32
Ufficialmente, noi non lo permettiamo.	Officially, we don't allow that.	7fecaad6-8378-544e-9ea7-156f3259cd71	38	32
Tom era importante.	Tom used to be important.	7c7da72d-48fb-55ca-b352-358375f871cf	19	25
Tom veste sempre di nero.	Tom always wears black.	65d22e9d-d116-59ed-900f-731d7299a2f4	25	23
Sarò di ritorno tra qualche mese.	I'll be back in a few months.	66d32333-7143-5269-bed9-c363905875d8	33	29
Non farò nomi.	I'm not going to name names.	3e15c619-4a0b-5c1c-a9ea-df40162943ad	14	28
Non hanno giocato a tennis ieri.	They didn't play tennis yesterday.	75cd2828-d4b8-54a9-8032-de02a07738ba	32	34
Mi sento più al sicuro qui.	I feel safer here.	8d2e3c87-bf43-529f-ae5d-c66df044b12e	27	18
Io mi sento più al sicuro qui.	I feel safer here.	1b5c1af1-0ec6-56ef-94c7-4a7afb218709	30	18
Smettila di parlare con Tom e fai i tuoi compiti.	Stop talking to Tom and do your homework.	18248cee-a3b5-5a82-8165-8f1ae2e2ffdf	49	41
Sono stufo delle riunioni.	I'm sick of meetings.	1352d87e-4254-54eb-bdb1-558f1c32afb1	26	21
Io sono stufo delle riunioni.	I'm sick of meetings.	8c022b2f-6558-55b5-b263-3ae296d48e25	29	21
Sono stufa delle riunioni.	I'm sick of meetings.	67445b8c-7811-5a49-a098-819b6bab733a	26	21
Io sono stufa delle riunioni.	I'm sick of meetings.	0a5fe126-ad30-5a38-aafe-93b5a2d8ebb9	29	21
Potresti tacere per un secondo?	Could you shut up for a second?	bfd58eed-0aaa-506b-818e-eb4154b01ad0	31	31
Potreste tacere per un secondo?	Could you shut up for a second?	3dde5545-b0e4-5ee0-a659-3df393b4d7d6	31	31
Potrebbe tacere per un secondo?	Could you shut up for a second?	1cb7d4a1-3b3b-5412-bdaa-44a5d57bf654	31	31
Vorrei sapere cosa dire a Tom.	I wish I knew what to tell Tom.	bb5600ab-a614-5307-8864-198fcc0249c8	30	31
Io vorrei sapere cosa dire a Tom.	I wish I knew what to tell Tom.	e6d1879c-dc83-5f11-90e7-5db17358d34d	33	31
Cosa ti ha fatto insospettire?	What made you suspicious?	076f7565-3a65-5894-a580-01762820be9f	30	25
Tom fa più soldi dei suoi genitori.	Tom makes more money than his parents.	c25c45a6-e422-5886-b2d1-9137d2f57b78	35	38
Chi era al secondo posto?	Who was in second place?	4b39ddc9-846c-5e39-93ea-ce851b978333	25	24
È tutto quello che puoi fare.	That's all you can do.	122f40fd-e946-537e-bef1-56e395f370b0	29	22
È tutto quello che può fare.	That's all you can do.	f5772105-6c3f-5bde-ae07-3ebea447d403	28	22
È tutto quello che potete fare.	That's all you can do.	400333ff-c9de-553c-9ee8-8cb8fbc5c559	31	22
Tom aveva una macchina sportiva.	Tom used to have a sports car.	bd37b7c9-c10b-5c13-a658-e00a3b13d162	32	30
Ci sono molti idioti qui stasera.	There are a lot of idiots here tonight.	70c37a60-b44b-506b-879c-d4476b45a517	33	39
Ci sono molti idioti qui questa sera.	There are a lot of idiots here tonight.	3e7cc0f3-34e8-50ec-b32c-6c0f8270cf26	37	39
Quindi non è qualcosa che ti piace?	So it's not something you enjoy?	450e4208-9105-51c8-af39-b72e01d181c4	35	32
Quindi non è qualcosa che vi piace?	So it's not something you enjoy?	dd372b3a-1055-5c3f-9509-8fc90728e93b	35	32
Quindi non è qualcosa che le piace?	So it's not something you enjoy?	2c9673f1-1950-5c6d-be59-516ee24a2f50	35	32
Significava qualcosa per me.	It meant something to me.	d7078ac8-2e69-516d-bc1d-3f105dce9493	28	25
Tom era di buon umore ieri.	Tom was in a good mood yesterday.	6181f11b-5c05-5e38-9c39-63fe80700acb	27	33
Tom era di buonumore ieri.	Tom was in a good mood yesterday.	493222a7-34e7-5431-ab9e-1981d37651c7	26	33
Anche in paradiso non è bello essere soli.	Even in paradise it is not good to be alone.	e3355081-6dd2-5cdf-8956-5b5c9f52a039	42	44
Amor, tosse e fumo, malemente si nascondono.	Love, smoke and cough are hard to hide.	efd45e8c-0814-5e72-abe0-03b7a2d43775	44	39
Tom ha provato a resistere.	Tom tried to resist.	c3d167f3-1321-55ff-a24e-18862351878c	27	20
Tom provò a resistere.	Tom tried to resist.	6c3a7497-d3a6-56d9-84ca-7f4cfc4550d1	22	20
Tom ha cercato di resistere.	Tom tried to resist.	24ccc535-ebd8-5544-b62a-02d66c454290	28	20
Tom cercò di resistere.	Tom tried to resist.	ce622c9b-78d5-5ced-af85-8d9eee11385e	23	20
Ogni regola ha delle eccezioni.	Every rule has exceptions.	278a830e-7a95-5047-affa-39da54797f8e	31	26
Tom vive con Mary a Memphis.	Tom lives with Mary in Memphis.	0c5b1c94-0982-53f7-b979-9eafb3a9ccde	28	31
Tom abita con Mary a Memphis.	Tom lives with Mary in Memphis.	352f2180-a44e-5b0d-bb63-c94e303fe8e0	29	31
Questo non può aspettare fino a domani?	Can't this wait until tomorrow?	d9730461-8dc9-50b8-984d-f658c9b5eabc	39	31
La pioggia mi ha impedito di andare.	The rain prevented me from going.	50719fad-1c4e-5be6-94c6-dea3ceb1cde7	36	33
La pioggia mi impedì di andare.	The rain prevented me from going.	63e69ef3-1e0d-5a99-b603-dbcd7d90eb79	31	33
Non sai niente di me.	You know nothing about me.	14908143-9eb4-5545-811b-5d53a3bea3fa	21	26
Andrò ora.	I'm going to go now.	a9ff3813-754d-571f-889e-da24f05ebc20	10	20
Andrò adesso.	I'm going to go now.	017d99f4-e090-5c10-b7ce-e8bfddc2cda6	13	20
Nessuno ha detto niente.	Nobody said anything.	ec960618-d343-5249-bd80-18adf4e648c4	24	21
Nessuno ha detto nulla.	Nobody said anything.	58e38ad0-75de-5eba-98f4-fe55c9fd9aa0	23	21
Nessuno disse niente.	Nobody said anything.	ec074b5c-a879-5aff-a861-40bd3d53e84f	21	21
Nessuno disse nulla.	Nobody said anything.	e4aa5343-ccb0-5ff2-bd1c-ae2d49d5363f	20	21
Dovresti sbrigarti.	You should hurry.	6b2bde20-7cc4-5872-bd47-1ae52e3e13c6	19	17
Ti dovresti sbrigare.	You should hurry.	9a3b6ab8-ed32-5e8d-af8f-52374e4b59fa	21	17
Dovreste sbrigarvi.	You should hurry.	d8b79394-b871-5c4c-9a9f-b66888df1f34	19	17
Vi dovreste sbrigare.	You should hurry.	0f8cd27b-3797-5764-ba20-cd0ef9a23dc2	21	17
Dovrebbe sbrigarsi.	You should hurry.	93552534-6ff7-5834-bf78-05c2c7cc8eb0	19	17
Si dovrebbe sbrigare.	You should hurry.	3239debf-0af6-5c32-84b4-f8e8928841e6	21	17
Hai un bel cane.	You have a beautiful dog.	0059374b-ba61-57b0-89cc-90d7e4597258	16	25
Tu hai un bel cane.	You have a beautiful dog.	0adb74cf-5337-5c67-8fef-4fe7f21383ff	19	25
Ha un bel cane.	You have a beautiful dog.	01959cad-3248-584b-b23e-b5b8179f31b8	15	25
Lei ha un bel cane.	You have a beautiful dog.	6a83fad9-c703-5765-bf66-e5a5e5567f2e	19	25
Avete un bel cane.	You have a beautiful dog.	36d44bed-97ef-5248-9218-4bbbb845ebc0	18	25
Voi avete un bel cane.	You have a beautiful dog.	9fc3e21a-ab49-54c1-b87d-cf8c5691fd72	22	25
È innegabile.	That's undeniable.	4538c2c3-5118-5803-8e19-5c8a6c49fc2f	13	18
La vita è diversa ora.	Life is different now.	2a587bc3-54a3-5909-a218-a244361d1246	22	22
La vita è diversa adesso.	Life is different now.	c6b331fd-9330-5174-9f14-2345d27a2b20	25	22
La vita è differente ora.	Life is different now.	f454106f-12bc-5895-a366-c42dcd5ad918	25	22
La vita è differente adesso.	Life is different now.	9f7eb8eb-63ba-52de-bcbb-9b222bcce364	28	22
Tom si sta comportando come un idiota.	Tom is acting like an idiot.	3260f298-9790-5c06-b90c-15490358b9da	38	28
Tom sembra essere molto assonnato.	Tom seems to be very sleepy.	b369fce9-5219-5ac4-b07c-7586585ec767	34	28
Qualcuno può spiegarmi questo?	Can anyone explain this to me?	946c1158-ec75-50d5-beee-42a1c5fafa3f	30	30
Qualcuno mi può spiegare questo?	Can anyone explain this to me?	2bb71edd-4641-501a-8e94-1f6d4ddc8a5f	32	30
Qualcuno riesce a spiegarmi questo?	Can anyone explain this to me?	9aac5d9f-902b-5172-b728-8b2ab1cdf026	35	30
Qualcuno mi riesce a spiegare questo?	Can anyone explain this to me?	e68f51a5-0647-5cef-b0b3-47fa7c907608	37	30
Sei un bravo soldato.	You're a good soldier.	48375b80-5c9e-5380-ae34-8a8fd0532fc1	21	22
Tu sei un bravo soldato.	You're a good soldier.	eee64bed-0426-5f6a-8163-3a263f0db366	24	22
Lo rende facile.	That makes it easy.	2633c7db-7e4e-501d-b208-c4e82436ebda	16	19
La rende facile.	That makes it easy.	4a77f997-78b7-500e-a8e0-2a2db823d10d	16	19
Ci vedremo in aeroporto.	I'll see you at the airport.	b506e175-29da-53c2-9628-92b74d327813	24	28
Tom ha dato al suo gatto un po' di latte.	Tom gave his cat some milk.	75c7585d-c11a-5224-b893-91a979a77b6a	41	27
Tom diede al suo gatto un po' di latte.	Tom gave his cat some milk.	8ffb5a40-494a-5bca-854c-592c06a749ff	39	27
Tom ha dato alla sua gatta un po' di latte.	Tom gave his cat some milk.	5fe831f4-4a1a-50a4-a2b0-6c28ca0bb553	43	27
Tom diede alla sua gatta un po' di latte.	Tom gave his cat some milk.	0b721b1b-91a9-53f9-8d33-f9cbeab0e575	41	27
Tom studia ad Harvard.	Tom studies at Harvard.	b86cb65e-37d7-525f-9c28-6ce46ebf8624	22	23
Ceno con Tom domani.	I'm having dinner with Tom tomorrow.	dbd6fe79-e355-590f-9ca6-e596f271af09	20	36
Io ceno con Tom domani.	I'm having dinner with Tom tomorrow.	a644a8d3-4479-5b1e-9ca0-dd21fd03bae5	23	36
Voglio sapere cosa farai.	I want to know what you'll do.	1b5611cb-14a6-5ca0-866c-66cacabc1098	25	30
Voglio sapere cosa farà.	I want to know what you'll do.	e0f754fa-2944-5364-aadd-0574c358f0eb	24	30
Voglio sapere cosa farete.	I want to know what you'll do.	01079a52-7017-55e9-98bf-669067c28cb3	26	30
Tom non si alza mai presto la mattina.	Tom never gets up early in the morning.	14c848d6-8e92-5f18-b999-a2d01ae04fa2	38	39
Questo è suo marito?	Is this your husband?	793b53b9-0bd2-52e0-a3a8-bbd9a8e50ce3	20	21
Questo è tuo marito?	Is this your husband?	bbba05b5-1346-57a3-b11f-6c13a68642c3	20	21
Non voglio camminare con te.	I don't want to walk with you.	9ad89e65-00a7-5308-83d0-9c1cc096b745	28	30
Non voglio camminare con voi.	I don't want to walk with you.	dabfb572-82e2-5fc6-bf95-1d4541abeaed	29	30
Non voglio camminare con lei.	I don't want to walk with you.	c33ac01c-a637-57df-99c9-68aa74d30e8c	29	30
Non voglio passeggiare con te.	I don't want to walk with you.	49bea33d-f0ee-517a-bcc3-bc2bdadf9f3d	30	30
Non voglio passeggiare con voi.	I don't want to walk with you.	7d877636-8ee7-5066-8b04-aa66fc50e69e	31	30
Non voglio passeggiare con lei.	I don't want to walk with you.	f9817778-3719-5e6b-8c10-bffad40bab89	31	30
Tom è terribile a golf.	Tom is terrible at golf.	1887a69b-6bad-5767-8975-516357fc0ca9	23	24
Forse è la ragione.	Maybe that's the reason.	e92e3ff8-9d4e-5b37-91f2-1edb0c1b7264	19	24
Dai un po' di spazio a Tom.	Give Tom some room.	8b42b411-e25e-5127-bdd6-502d7576d0a5	27	19
Dia un po' di spazio a Tom.	Give Tom some room.	4e10713a-38db-569b-9750-b89fbde88422	27	19
Date un po' di spazio a Tom.	Give Tom some room.	670ca7b8-9068-5d74-bb9a-330e2c020f3c	28	19
Sei venuto qui ieri?	Did you come here yesterday?	42532a0a-d27d-522b-a7e7-c8f6692a69bf	20	28
Sei venuta qui ieri?	Did you come here yesterday?	1ebd3f0f-835e-5be9-96ce-367193960795	20	28
Siete venuti qui ieri?	Did you come here yesterday?	fa7cfa2b-c690-5194-9e00-6963cd039b35	22	28
Siete venute qui ieri?	Did you come here yesterday?	6802a555-e893-56d4-9734-59ff1433812d	22	28
È venuto qui ieri?	Did you come here yesterday?	9c93db01-48ff-594f-a35a-e5f9d7e7f413	18	28
È venuta qui ieri?	Did you come here yesterday?	69957fe4-a4a1-5437-8db9-c0b620a01203	18	28
La biblioteca è sulla sinistr.	The library is to the left.	b2f8c051-1444-54d8-96a0-ee9235233e6f	30	27
Nessuno stava ascoltando.	Nobody was listening.	3fff68c7-5a48-5b37-8214-b197d3ff14df	25	21
Tom passa molto tempo in ufficio.	Tom spends a lot of time at the office.	d66a0893-c159-5c26-93d8-404d6ffafae7	33	39
Tom trascorre molto tempo in ufficio.	Tom spends a lot of time at the office.	4cf946cc-b3ae-5632-87ec-08b02c243ed4	37	39
Io non l'ho ancora fatto.	I haven't done that yet.	18e45f64-4cd7-5601-ab3e-108fcff9589c	25	24
Tom è stato molto gentile con noi.	Tom has been very kind to us.	82553127-bc98-53ce-a5c5-8f939e99fe80	34	29
È da qualche parte in questa stanza.	It's somewhere in this room.	1ad9946a-32e0-5e6e-b54f-15f829b62941	36	28
Tom lavora nel nostro ufficio di Boston.	Tom works at our Boston office.	d1c6bc82-f18b-5066-b835-4243b8d9de87	40	31
Tom è andato a scuola con Mary.	Tom went to school with Mary.	5fe0feb1-4e6d-500b-b21f-07db979e8804	31	29
Tom andò a scuola con Mary.	Tom went to school with Mary.	8bf15054-4eb8-5442-862f-da7f9e6f6b11	27	29
Tom insegna ad Harvard.	Tom teaches at Harvard.	87393c7a-0994-5f37-b185-15e445a6cff5	23	23
Vorresti guardare il menù?	Would you like to look at the menu?	e6f71a37-8341-565e-a28e-799c1ef91dad	26	35
Vorreste guardare il menù?	Would you like to look at the menu?	26a22620-d310-5001-9ac9-696df1ac4330	26	35
Vorrebbe guardare il menù?	Would you like to look at the menu?	d68dbc55-077c-5f8b-9943-c8bc3b0e596e	26	35
Lascia la tua scrivania così com'è.	Leave your desk as it is.	7c5fd346-17d2-5d2d-870a-eaa99f61d3ab	35	25
Lasci la sua scrivania così com'è.	Leave your desk as it is.	4ae7a285-b6a5-5e11-932b-f8d81dc05583	34	25
Lasciate la vostra scrivania così com'è.	Leave your desk as it is.	cac333c7-d7fc-5755-8c23-179c4af0eb20	40	25
Potrebbe essere così semplice?	Could it be that simple?	d2d9f4cd-8230-5bd0-afef-0434dd2eabef	30	24
Perché fai sempre questo?	Why do you always do this?	77a0b016-27f8-53c4-b4fe-2fbe5ffcb911	25	26
Perché fa sempre questo?	Why do you always do this?	6ae700ae-4f3b-5e80-b53a-8d82cf520bd2	24	26
Perché fate sempre questo?	Why do you always do this?	2624ce95-f178-5931-ad7e-b8b5873963de	26	26
Facciamo un altro viaggio.	Let's take another trip.	5d5e0574-ff71-5aa8-9fbf-deecee16b012	26	24
Che giornata perfetta!	What a perfect day!	5ba992ef-f272-5d29-92ad-babaf6adf50d	22	19
Mi sto perdendo qualcosa qui?	Am I missing something here?	b842a076-03c7-5fc7-90a0-d43ee0592917	29	28
Tom mi sostituirà.	Tom is going to replace me.	8fd223b7-ebac-52fb-9feb-321e28849c90	18	27
Tom non ha idea di quanto ci vorrà.	Tom has no idea how long it will take.	98a33c1d-0c64-5268-afd5-e8403fd3f394	35	38
Tom non ha idea di quanto tempo ci vorrà.	Tom has no idea how long it will take.	8bbcf774-03f3-5a2f-99a0-1fcc0817a24e	41	38
Penso di avere una costola rotta.	I think I have a broken rib.	3f2d1d1f-85ce-576e-b57f-148cbe3e6b44	33	28
Non possiamo esserne sicuri.	We can't be sure of that.	2f45b0d6-3646-51ae-8ba0-58e8d7b277f4	28	25
Non possiamo esserne sicure.	We can't be sure of that.	dfa66b4b-12c4-5769-99e2-12a3aabd4d7b	28	25
Non ne possiamo essere sicuri.	We can't be sure of that.	e6bedf50-32ac-5509-98b4-b6d03bd0978d	30	25
Non ne possiamo essere sicure.	We can't be sure of that.	ce631888-0697-569c-a04b-139f70cac58d	30	25
Non importerebbe.	It wouldn't matter.	d9f68d2f-aa83-5f42-aba5-5d394ce39207	17	19
Abbiamo lavorato in una fattoria la scorsa estate.	We worked on a farm last summer.	16c891d9-b366-5521-b51d-f5c5af09dac5	50	32
Non penso che la mia vita sia molto interessante.	I don't think my life is very interesting.	d3bdbf8f-7983-5383-9d6a-abb9119ebac4	49	42
È quello che è sbagliato.	That's what's wrong.	baf3cc82-d37f-5369-a269-9f64d4cad0ac	25	20
È ciò che è sbagliato.	That's what's wrong.	c3bcf947-0ea7-514e-b459-98b2797c7c28	22	20
Il coltello è sporco.	The knife is dirty.	0e0d5de6-5255-509e-bb9a-baf0bbebca33	21	19
Tom ha provato a controllare le sue emozioni.	Tom tried to control his emotions.	a671affc-cdf5-5066-a834-4881bd58f00a	45	34
Tom ha cercato di controllare le sue emozioni.	Tom tried to control his emotions.	4eb4c107-d95c-5c61-b361-bb0c02032641	46	34
Tom provò a controllare le sue emozioni.	Tom tried to control his emotions.	e98adb9a-7429-51d9-a602-2377d48d7a9d	40	34
Tom cercò di controllare le sue emozioni.	Tom tried to control his emotions.	1537934e-cf16-58c4-b510-507876814b79	41	34
Tom è il mio padre biologico.	Tom is my biological father.	b57799c3-cd3e-5b90-92dc-3850620a6934	29	28
A che ora vuoi partire?	What time do you want to leave?	7c8477a8-9648-5e35-9755-8e6448ae8bae	23	31
A che ora vuole partire?	What time do you want to leave?	aff78a3b-8b51-5787-a365-87a71e7ef596	24	31
A che ora volete partire?	What time do you want to leave?	b519b293-9b16-5a2e-9af5-296809e58b71	25	31
È un fatto?	Is that a fact?	1f40802e-9d10-5591-9a33-e2a46818027d	11	15
Quello è un fatto?	Is that a fact?	4ac784d4-6dc0-50c3-a3d2-872d0a147fde	18	15
Abbiamo ignorato Tom.	We ignored Tom.	7848d009-9e59-55f9-9231-7845754065ff	21	15
Noi abbiamo ignorato Tom.	We ignored Tom.	984e4ed9-2022-539c-8ddc-4d2c4f321c9e	25	15
Ignorammo Tom.	We ignored Tom.	62ff674f-0579-58f7-9227-d245eea8f92d	14	15
Noi ignorammo Tom.	We ignored Tom.	b24a2955-8716-595d-95f8-215af66dc8d5	18	15
Ci sono un sacco di pesci nel mare.	There are plenty of fish in the sea.	190d15db-a331-5287-bd4b-0dce833c9667	35	36
Mary non è la moglie di Tom.	Mary isn't Tom's wife.	f84f8862-e1b6-5eae-bd8d-6e4e50060d8b	28	22
Mary non è la donna di Tom.	Mary isn't Tom's woman.	3c4c1e40-8dd9-5cfb-a908-2ae92c72a7eb	27	23
Ieri ho letto una storia interessante.	Yesterday I read an interesting story.	6f317fdf-ac76-57df-9578-666bf6b12c25	38	38
Prenda un uovo dal frigo.	Take an egg from the fridge.	48b2f492-c3d5-5b5e-8f4c-151812c842ab	25	28
Prendete un uovo dal frigo.	Take an egg from the fridge.	e90bf31f-20d8-54ec-9073-1d02856c075a	27	28
Prenda un uovo dal frigorifero.	Take an egg from the fridge.	f37897dc-ae6f-5d20-9ea7-3126224d198b	31	28
Prendete un uovo dal frigorifero.	Take an egg from the fridge.	b33be26d-502f-5f93-a984-e91fca0fc16e	33	28
Tom ci ha detto di non preoccuparci.	Tom told us not to worry.	899d3b15-9b95-5509-a1d1-60d6110fd425	36	25
Dobbiamo essere cauti.	We have to be cautious.	0b784112-d34e-5bb9-9b60-83ad13c5dea9	22	23
Dobbiamo essere caute.	We have to be cautious.	b006db1d-ae85-55ad-a5ce-c171c77aeb1b	22	23
Si guadagna da vivere insegnando.	He earns his living by teaching.	da418951-36ae-5371-9e01-4309dd4a3224	33	32
Lui si guadagna da vivere insegnando.	He earns his living by teaching.	6bce4e45-1a21-5761-b00e-653aabc6bb45	37	32
Lo ha tentato.	She tempted him.	1c565405-26cb-5bc1-8bde-44e37c338e57	14	16
Lei lo ha tentato.	She tempted him.	6831b63c-20d1-5e19-a076-3eb2f358bef1	18	16
Lo tentò.	She tempted him.	86e721d9-443e-518d-9b94-8ccb41827f00	9	16
Lei lo tentò.	She tempted him.	6a8ab43c-8fdf-5ba4-b995-15b15d37b7d1	13	16
Deve essere stato divertente.	It must've been fun.	61ccac5d-881d-5ee3-8751-fc103229f175	29	20
Deve essere stata divertente.	It must've been fun.	9dae52f7-0f1e-5587-b742-887ae4bac0b3	29	20
Spero che nevichi tutta la notte.	I hope it snows all night.	85484702-c564-54b9-9a48-e44bba56915b	33	26
Io spero che nevichi tutta la notte.	I hope it snows all night.	e9e54aa1-f096-5ab0-9b04-cb67b7ea59bc	36	26
Spero che nevichi tutta la sera.	I hope it snows all night.	25493ca3-c017-5704-a4cd-6f7256a6b10c	32	26
Io spero che nevichi tutta la sera.	I hope it snows all night.	adfd5593-71e6-5bcd-a155-a9b53804d7d0	35	26
Non parlare male dei tuoi compagni di classe.	Don't speak ill of your classmates.	590d39dc-d0bd-58dc-84e1-7978aa84e4c3	45	35
Non parli male dei suoi compagni di classe.	Don't speak ill of your classmates.	430ca908-cd68-55f9-a464-16f16c7a302b	43	35
Non parlate male dei vostri compagni di classe.	Don't speak ill of your classmates.	4db544b5-10f9-5609-ac6f-36f7615ea074	47	35
Assomigli a un babbuino.	You look like a baboon.	9e3dfb12-9588-5086-becc-71eeac62d376	24	23
Tu assomigli a un babbuino.	You look like a baboon.	6f74a0e6-c3bf-5b84-bba5-4b5bb83e2938	27	23
Assomiglia a un babbuino.	You look like a baboon.	09b9de79-e036-5127-ab8d-67ad33018158	25	23
Lei assomiglia a un babbuino.	You look like a baboon.	3d2ff041-a0c8-5edc-bf3d-1a279e4e6262	29	23
Non perde mai la testa.	He never loses his head.	138e6510-44f4-559d-9e3e-72c3460ca33e	23	24
Lui non perde mai la testa.	He never loses his head.	c5fb43c8-9c14-5be9-9b65-b37c7ebe457a	27	24
Hai mai viaggiato da solo?	Have you ever travelled alone?	a45b750a-72be-5aaf-a182-4bd676f9b710	26	30
Tu hai mai viaggiato da solo?	Have you ever travelled alone?	91f38c62-f46a-5968-919a-232d5b3f6356	29	30
Hai mai viaggiato da sola?	Have you ever travelled alone?	0a4a3db7-7ac8-57c4-9982-43253d793f01	26	30
Tu hai mai viaggiato da sola?	Have you ever travelled alone?	8faca834-c453-5c30-85d3-440b08be7235	29	30
Ha mai viaggiato da sola?	Have you ever travelled alone?	f18174cb-2b56-5fe3-8935-93de71532a9a	25	30
Lei ha mai viaggiato da sola?	Have you ever travelled alone?	af54d95c-0011-5d27-836c-80fb44673829	29	30
Ha mai viaggiato da solo?	Have you ever travelled alone?	b4e393d1-baf9-53d5-b875-00bab1bbae2b	25	30
Lei ha mai viaggiato da solo?	Have you ever travelled alone?	a5451114-6012-56f0-a526-2ee804b0028a	29	30
Avete mai viaggiato da soli?	Have you ever travelled alone?	894d5855-0ffd-5cd1-8505-42b7067e400c	28	30
Voi avete mai viaggiato da soli?	Have you ever travelled alone?	f30e44bf-bbf1-5250-abc5-bf4991bc7ee4	32	30
Avete mai viaggiato da sole?	Have you ever travelled alone?	0966a44e-ae7e-5b2e-bd27-054cf2c79b31	28	30
Voi avete mai viaggiato da sole?	Have you ever travelled alone?	bd65a679-dbb9-54e1-9dde-8bcda68415a8	32	30
Vorrei poter dipingere così.	I wish I could paint like that.	650d1906-f354-5d23-b4f0-e571e5155d37	28	31
Vorrei riuscire a dipingere così.	I wish I could paint like that.	983f4262-b13c-5cde-af78-8d2408c4c9f8	33	31
Il marasso è ovoviviparo.	The common adder is ovoviviparous.	b97c04cd-7725-5ad0-bb7d-ddb045ab9cac	25	34
Vivo ad Oslo.	I live in Oslo.	537174fe-3d62-50b3-8aee-3cfc3393102f	13	15
Ha giocato a tennis per tutto il giorno ieri.	She played tennis all day yesterday.	264b1c19-2e10-5d24-a918-51033869a8c5	45	36
Lei ha giocato a tennis per tutto il giorno ieri.	She played tennis all day yesterday.	e05c2d2b-07d8-5985-8c3f-29cbe2ad18fe	49	36
La signora Wood è una cuoca molto brava.	Mrs. Wood is a very good cook.	d52a3a66-853b-523e-bd39-087d9533d0f7	40	30
Ho dato un passaggio a Tom.	I gave Tom a ride.	b042fb9c-1a08-52bc-be68-f63d8fc68ff4	27	18
Diedi un passaggio a Tom.	I gave Tom a ride.	2e6c1808-f47e-5865-8634-103d0c1a856d	25	18
Durante il mio soggiorno a Londra, lo conobbi.	During my stay in London, I met him.	e97130cc-862f-56e9-9501-e9fb1269d3c9	46	36
Durante il mio soggiorno a Londra, lo incontrai.	During my stay in London, I met him.	cdbadb69-9380-5ca8-baf7-1280135402f0	48	36
È solo troppo vero.	It is only too true.	4d804b7d-b02b-5e6f-9609-f4e01948f6f5	19	20
È solo troppo vera.	It is only too true.	95e404d6-3260-56e4-89cd-751cef7e750d	19	20
È soltanto troppo vero.	It is only too true.	1c72ee84-33a2-5f2b-bf42-7eb85c371385	23	20
È soltanto troppo vera.	It is only too true.	95bac4cd-8040-5ba3-a58f-d919733d91ea	23	20
È solamente troppo vero.	It is only too true.	4fb53286-cc3b-5a81-88bc-4614eacfaab3	24	20
È solamente troppo vera.	It is only too true.	c566bf0c-3722-5187-9cf5-3c3e12265be2	24	20
Mi sto perdendo qualcosa?	Am I missing something?	179eb1a1-a9d4-5084-b731-2eb55650c1f1	25	23
Ho risposto alla domanda.	I answered the question.	9300c357-b78f-51a3-a4a0-e9a5175d1abd	25	24
Risposi alla domanda.	I answered the question.	fdbba494-04d9-525e-bc26-4511c51956c3	21	24
Tom non deve più preoccuparsi.	Tom doesn't need to worry anymore.	8bf505e4-ce5b-5069-b64e-a5e6b1aa0def	30	34
Tom non si deve più preoccupare.	Tom doesn't need to worry anymore.	09ae3b7f-56b8-5f8f-a499-844e74aae357	32	34
Non è possibile vivere per sempre.	It's not possible to live forever.	e1fd4505-d087-584f-a8ad-ecb107b3ed5b	34	34
Tom vive in una casa marrone.	Tom lives in a brown house.	2f49316c-db4c-51be-9c62-50903d41c6c9	29	27
Il fuoco si è spento da solo.	The fire went out by itself.	129a5212-58a3-577b-8617-fd895725997f	29	28
Il fuoco si spense da solo.	The fire went out by itself.	3fdc9f29-3a7a-56dc-9699-7770a0bc23ac	27	28
Tutti sembrano a disagio.	Everyone looks uncomfortable.	afc05665-1da3-53df-a216-73eb173c9d55	25	29
Sembrano tutti a disagio.	Everyone looks uncomfortable.	77f01ef4-a009-56e1-9ec7-577a9abaa59e	25	29
Non sono riuscito a raggiungerlo al telefono.	I couldn't get him by phone.	e3a88f3e-c8c6-502c-9073-04a9c04bcfed	45	28
Non sono riuscita a raggiungerlo al telefono.	I couldn't get him by phone.	4adcf4f1-c2ce-5431-8954-a0995f3cf306	45	28
Questo è relativo e ambiguo.	This is relative and ambiguous.	0398855b-7ab6-5041-a41f-bc0c69db5c20	28	31
Questo rapporto sembra essere incompleto.	This report seems to be incomplete.	ed2dafce-a3e5-53b0-8023-f0333e57e73f	41	35
Dalle un bacio.	Give her a kiss.	f59b2982-1227-5a41-8ae9-de1e8aae6198	15	16
Le dia un bacio.	Give her a kiss.	f1d8e58b-7d46-5dde-a2fd-73f7a943915c	16	16
Datele un bacio.	Give her a kiss.	246c7865-5aca-537f-9daa-d1c34e8908b9	16	16
Dagli un bacio.	Give him a kiss.	06ddda69-d7b3-5a71-96c4-6da065c5b1f0	15	16
Gli dia un bacio.	Give him a kiss.	22dfe2aa-105a-5ed2-a231-ca8e4437145c	17	16
Dategli un bacio.	Give him a kiss.	fe2f5715-d052-57a0-b2e6-e9e28acdd53e	17	16
Bacialo.	Kiss him.	0b9e0482-47e3-5b4f-93f2-53b01ce84697	8	9
Lo baci.	Kiss him.	0e50062b-c5b3-5873-a39a-a297e4523185	8	9
Baciatelo.	Kiss him.	12cd03e5-bcde-5713-8d30-092ae302b964	10	9
Ti conoscevano tutti.	They all knew you.	581fa487-4f31-5544-b8ee-4e0efe90adb0	21	18
Ti conoscevano tutte.	They all knew you.	66ce8c7c-3a2c-5200-9cd1-68edd285a57a	21	18
Vi conoscevano tutti.	They all knew you.	32973390-47a6-507f-9107-f292c331546b	21	18
Vi conoscevano tutte.	They all knew you.	d57cee3f-a095-5bba-9f47-72d05252a215	21	18
La conoscevano tutti.	They all knew you.	3ef6cb52-4429-5441-9b19-9a40103b1554	21	18
La conoscevano tutte.	They all knew you.	0c44a7a7-26c2-5d93-8b9f-fbde2105d439	21	18
Perché non chiedere a Tom cosa pensa?	Why not ask Tom what he thinks?	2347475d-7833-5bad-9db5-7ddf76012cb3	37	31
Il programma deve essere mantenuto.	The schedule must be maintained.	798cd270-4e1d-5819-9f03-b107d39c2d42	35	32
Questa è solo la mia opinione.	This is just my opinion.	a64e4b88-fcc2-574b-a774-afdba6a6a791	30	24
Questa è soltanto la mia opinione.	This is just my opinion.	0987eaa5-da6a-50d5-83d5-d4c84d233e40	34	24
Questa è solamente la mia opinione.	This is just my opinion.	0a10c5e1-0bf6-5c3e-94c2-74a43cb86d62	35	24
Qualcosa la sta facendo preoccupare.	Something's worrying her.	02bf8801-cb32-5bfa-b3f5-986039e5da65	36	25
Qualcosa lo sta facendo preoccupare.	Something's worrying him.	598daa0d-aa02-54b8-bd83-f3e49523d622	36	25
Qualcosa sta facendo preoccupare Tom.	Something's worrying Tom.	aaa6dc22-c5b5-5241-b81b-46d955325984	37	25
Qualcosa li sta facendo preoccupare.	Something's worrying them.	57d969c3-1d0d-58f7-89b9-42361b14c56a	36	26
Qualcosa le sta facendo preoccupare.	Something's worrying them.	aac265da-c17e-5d7d-a2cc-1e9e95aa3bbe	36	26
È sempre così terribile ad aprile?	Is it always so awful in April?	be91615a-b0ec-5ac0-a764-c057d08c6771	34	31
São Vicente è stata la prima città del Brasile.	São Vicente was the first city in Brazil.	fde2370d-6b30-5f3d-a915-25c76b1963bd	47	41
Non so cosa vuole dire questa parola.	I don't know what this word means.	74e30887-9114-5d45-83f6-e620f3cb7b4d	37	34
Io non so cosa vuole dire questa parola.	I don't know what this word means.	91e88521-0cb1-56b0-97a9-356782644e46	40	34
Ciao, ho detto.	Hello, I said.	32b31c7e-b9bf-57cd-84a0-15b42d38a155	15	14
Ciao, dissi.	Hello, I said.	9fa8ea60-1daa-5c42-a0eb-cdc40457be8b	12	14
In realtà è successo tre volte.	That actually happened three times.	15153b8b-fe64-590a-8d30-172640da689d	31	35
In realtà è capitato tre volte.	That actually happened three times.	a1824ea6-8b13-5548-8716-2425b13ae632	31	35
Ci si vede la settimana prossima!	See you next week!	7e2bc959-d664-5445-af3e-477e5264b699	33	18
Ci vediamo la settimana prossima!	See you next week!	70b2ece4-f4c9-53e5-86e8-123ded69bb98	33	18
Mai sottovalutare il potere della stupidità umana.	Never underestimate the power of human stupidity.	e570058a-46bd-50ea-9e6c-89eca68c4dcd	50	49
Successivamente ha scritto al presidente.	Later he wrote to the president.	9bc829c5-5130-53d1-a54f-1fbe3428ff39	41	32
Successivamente scrisse al presidente.	Later he wrote to the president.	3d5d5fd0-4d60-5097-992b-4e5dc422abfd	38	32
Per piacere, vai.	Please go.	d2df351a-0d9f-585d-b480-97812a9cb5a3	17	10
Per favore, vai.	Please go.	1b1d7d79-7568-5923-9976-87e07a8359c3	16	10
Per piacere, vada.	Please go.	e374af65-118a-571f-9afd-2f49eae60ac0	18	10
Per favore, vada.	Please go.	633ab175-24a4-59d1-8ba3-5e8b63e9b06c	17	10
Per piacere, andate.	Please go.	4da09777-3014-5a8b-bb95-3256fef80227	20	10
Per favore, andate.	Please go.	042b5f1f-86dc-5907-a2b0-4a5dba453320	19	10
È arrossita.	She blushed.	9f209b26-48e5-558a-9308-39b617b68e92	12	12
Arrossì.	She blushed.	f7a8feb8-f07c-56d8-a221-62030735a9eb	8	12
Sono sicuro che Tom aiuterà.	I'm sure Tom is going to help.	80435244-fce2-5e28-9458-3ee62ed660c3	28	30
Sono sicura che Tom aiuterà.	I'm sure Tom is going to help.	459769c6-20ab-5dc0-84de-c44ffba0047d	28	30
Prenderò un po' di caffè.	I'm going to get some coffee.	3e28096f-4c27-5a30-a852-c5693439332c	25	29
Tom è nello scantinato.	Tom is in the basement.	d2fdce72-d2df-5d8c-8c29-593a48e85e57	23	23
È tutto quello che sto cercando.	That's all I'm looking for.	a80f2e85-719e-5e0c-aeba-6ddba2a21d2b	32	27
Potrebbe essere difficile da fare.	That might be difficult to do.	ae7a4335-8270-513a-877b-141560568550	34	30
Perché hai bisogno del mio aiuto?	Why do you need my help?	1fa1f349-8ffc-5b6f-b4b4-70c7e82f6542	33	24
Perché ha bisogno del mio aiuto?	Why do you need my help?	806a85f0-0b15-57ca-a7f0-ba04331b57d9	32	24
Perché avete bisogno del mio aiuto?	Why do you need my help?	68226446-ea4b-5a20-bcb6-3a4d97648b82	35	24
Non deve studiare.	You don't have to study.	50dae755-de72-5bb4-8c41-0f30b0c69f1c	18	24
Non dovete studiare.	You don't have to study.	9a04f21d-9976-509f-bc62-9669be9578d3	20	24
Hai un tavolo vicino alla finestra?	Do you have a table near the window?	c4712b63-d40c-50e2-9d01-95c42e650410	35	36
Ha un tavolo vicino alla finestra?	Do you have a table near the window?	5aecaecf-b163-5f95-980a-7d11ce7f11b4	34	36
Avete un tavolo vicino alla finestra?	Do you have a table near the window?	3c7a4de3-45ae-549e-b354-77fd92dc8e1a	37	36
La luce si è spenta.	The light went out.	b075b460-a280-5b07-b807-830ba6455edd	20	19
La luce si spense.	The light went out.	47e6a3dc-09e3-58f0-ab57-660cb1f44af2	18	19
Ne hai un altro?	Do you have another one?	f61129f5-4a90-5488-bee7-64112da35c45	16	24
Ne ha un'altra?	Do you have another one?	0379c02a-80af-518d-8f70-ab0150c6da90	15	24
Ne hai un'altra?	Do you have another one?	8c9ac2da-8d55-527a-9029-140a6abce958	16	24
Ne ha un altro?	Do you have another one?	ebf19d32-c7a7-5dfe-9b76-7b7eb8bbbe23	15	24
Ne avete un altro?	Do you have another one?	2b3238dc-8907-5c24-ad6c-72fcca749374	18	24
Ne avete un'altra?	Do you have another one?	f079cdae-fa85-5007-9b1e-51a68799b2aa	18	24
Fanno tutto assieme.	They do everything together.	ebe64fd5-60de-5511-8bd6-f72b544c58f5	20	28
Era davvero necessario?	Was that really necessary?	af57efba-46f0-5b33-809d-961e31eee3c4	23	26
Era veramente necessario?	Was that really necessary?	1abcae8d-4795-592a-8ba1-d573328d2c1b	25	26
Quanto spesso vai a trovare la tua famiglia?	How often do you visit your family?	98b577b6-82e5-5130-9524-9655b3b93557	44	35
Quanto spesso va a trovare la sua famiglia?	How often do you visit your family?	552eade3-dac3-5399-9074-bcc72f6d4442	43	35
Quanto spesso andate a trovare la vostra famiglia?	How often do you visit your family?	79d34971-6c96-5968-a48e-e02a13ce910f	50	35
Tom è un ottimo compagno di squadra.	Tom is a great teammate.	86b53e7f-f730-5d2d-b0dd-1ac95560bcff	36	24
Mi hai dato trenta giorni per finire questo.	You gave me 30 days to finish this.	1bda4652-3507-5d3f-aac5-0f4ef7cc6e79	44	35
Mi ha dato trenta giorni per finire questo.	You gave me 30 days to finish this.	5e78c865-fa3d-56c1-8bf3-94b7bcd06fc4	43	35
Mi avete dato trenta giorni per finire questo.	You gave me 30 days to finish this.	6bc504f3-c0c0-5489-9c80-687679c3777e	46	35
Tom ha la voce bassa.	Tom has a soft voice.	ae87b468-ffdd-536d-9cee-4eb01d56fea1	21	21
Stavo studiando.	I was studying.	1221db2d-d5f5-5b21-affa-0f67e413ea5f	16	15
Io stavo studiando.	I was studying.	eaebe865-cd2e-50f9-9a0b-b4119ad72bf4	19	15
A che ora finirà la corsa?	At what time will the race finish?	352c9c63-799b-511d-bb13-70d2918351db	26	34
So cos'è successo a scuola oggi.	I know what happened at school today.	8a552b3d-4f87-5230-9c4f-6774cf93bd09	32	37
So cos'è capitato a scuola oggi.	I know what happened at school today.	69945336-aca8-50fe-a83c-67a211a4ac39	32	37
Mary ha chiesto di suo padre.	Mary asked after his father.	c3f20082-8b8a-5101-a32f-5d99f31d1ca7	29	28
Mary chiese di suo padre.	Mary asked after his father.	65e725c8-a3c5-5df4-9dd5-5de92196a8f2	25	28
Era un insulto?	Was that an insult?	a7201a14-ff2b-5c72-891f-b3f242c7d378	15	19
Tom sogna di diventare un milionario.	Tom dreams of becoming a millionaire.	21bf62fb-8844-5e30-959b-89985ffb18d6	37	37
Avrò bisogno di qualche strumento.	I'll need some tools.	0d9b4cb0-d242-5bb1-8089-d636aa1f9dd2	34	21
Mi servirà qualche strumento.	I'll need some tools.	83210300-6c03-590c-ae5a-4ac6036ba444	29	21
Non ero ricco all'epoca.	I wasn't wealthy at that time.	6a194618-c16b-5a02-9616-045df1c8e178	24	30
Non ero ricca all'epoca.	I wasn't wealthy at that time.	5cbf93ea-a828-5712-9aa5-6a96db0f54b5	24	30
Lo pneumatico perde aria.	The tire leaks air.	cf343cb7-ac10-5015-9147-7f722e4b7b7b	25	19
Abbiamo passato almeno trent'anni qui.	We've spent almost thirty years here.	792ebf07-bd76-5781-b86b-5f45285908ef	38	37
Abbiamo trascorso almeno trent'anni qui.	We've spent almost thirty years here.	fb0559d7-379c-5a17-8cc2-2bc92db63fa1	40	37
Tornare a casa?! Preferisco stare qui!	Return home?! I prefer to stay here!	67913e59-a577-5d73-947d-58b986a827b6	38	36
Ritornare a casa?! Preferisco stare qui!	Return home?! I prefer to stay here!	81f6ca92-f129-57af-91a2-136e6cfecc92	40	36
Tornare a casa?! Preferisco restare qui!	Return home?! I prefer to stay here!	2e086ac9-cc47-55fa-b4ad-f149492b3123	40	36
Ritornare a casa?! Preferisco restare qui!	Return home?! I prefer to stay here!	867e221a-734d-555d-8906-27f06622ccea	42	36
Tornare a casa?! Preferisco rimanere qui!	Return home?! I prefer to stay here!	1fddd693-8774-524f-8472-3c4bb88f219d	41	36
Ritornare a casa?! Preferisco rimanere qui!	Return home?! I prefer to stay here!	8189bcab-8abe-58ae-b91d-3057f2b08716	43	36
Sarò lì tra cinque minuti.	I'll be there in five minutes.	a397adc2-7a60-56e1-8a54-a3176ab2f034	26	30
Non ho mai avuto un problema con questa macchina.	I've never had a problem with this car.	9f123d59-42c0-55a3-af78-cf7c2305db18	49	39
Penso che faresti meglio a tornare a casa.	I think you'd better come back home.	595aafc7-56fe-58c9-a47e-a054675f0746	42	36
Penso che fareste meglio a tornare a casa.	I think you'd better come back home.	9aaf62cd-f0a8-5740-bc04-a19b369ce25b	42	36
Penso che farebbe meglio a tornare a casa.	I think you'd better come back home.	0fd281d1-dc3a-5625-a362-d050577f38ef	42	36
La zuppa è densa.	The soup is thick.	564023ac-da63-527e-bcc7-05b11aa6e48c	17	18
La minestra è densa.	The soup is thick.	954b5d97-cf1e-5a39-afaa-e51f64dd37d8	20	18
Potrebbe essere possibile, suppongo.	That might be possible, I suppose.	358f9d1f-bf70-55aa-91ed-e69dc679132d	36	34
Non torno indietro.	I'm not turning back.	6703b797-c35d-52e1-bd9b-b7fa00acef46	19	21
Io non torni indietro.	I'm not turning back.	33f59a09-97ee-51c5-89ac-ba5da347a703	22	21
Tom non deve prendere quella decisione ora.	Tom doesn't need to make that decision now.	fcfdf390-b58a-54da-8efa-41f4b2af920b	43	43
Tom non deve prendere quella decisione adesso.	Tom doesn't need to make that decision now.	01a14a35-b9c5-5583-9dc7-fa156fdf393f	46	43
Questa chiave non funziona in questa serratura.	This key doesn't work in this lock.	6ea8657c-fc76-52c0-9b54-658c87849c76	47	35
Tom non ha accettato le mie scuse.	Tom didn't accept my apologies.	450d9d64-b405-5d8e-b644-1ea4cef167be	34	31
Tom non accettò le mie scuse.	Tom didn't accept my apologies.	3a71aa50-2fd9-5a02-b587-8cdc8b0ac7e4	29	31
Ho fatto qualcosa di sbagliato, Tom?	Did I do something wrong, Tom?	4800da3b-468d-5a70-9ec1-5c5cc3d0ebd4	36	30
Stiamo ancora lavorando.	We're still working.	50c2eef3-a8db-5a95-8939-d2104b32fd0f	24	20
Noi stiamo ancora lavorando.	We're still working.	627c72c0-253a-50ba-b8d4-35fda6d6b268	28	20
Penso che Tom abbia suonato molto bene.	I think Tom played very well.	a11917a8-6a32-569c-a752-87f11d25a043	39	29
Io penso che Tom abbia suonato molto bene.	I think Tom played very well.	8d84176b-77cd-5322-9165-56d7c28eae14	42	29
Penso che Tom abbia giocato molto bene.	I think Tom played very well.	5ba4b487-25a4-5aa7-a565-d84f2a7f96a4	39	29
Io penso che Tom abbia giocato molto bene.	I think Tom played very well.	4ab9b235-9087-5457-849c-bba4dc7f2a47	42	29
La mia sorella minore non ha salutato.	My younger sister didn't say hello.	57a3dd91-03e2-5d2f-8b41-9b2bcabc88db	38	35
Temo che farà un errore.	I am afraid he will make a mistake.	e77739ad-b927-5f80-a398-8bbe78058d4f	24	35
Temo che commetterà un errore.	I am afraid he will make a mistake.	404eda35-abad-5b69-a43e-c9b7d6707ca3	30	35
Questa offerta è valida per cinque giorni.	This offer is good for five days.	84084583-6ad8-59e3-a8fe-247da8eb41c5	42	33
È l'ultima occasione.	It's the last chance.	3267d7a9-98e1-5ca0-b1b8-e26c24e571f2	21	21
Sono in orario.	I'm on time.	344d38e5-f969-5c4b-9853-6b920f4968bb	15	12
Io sono in orario.	I'm on time.	c1fdf327-f380-5c32-a0f6-3ed456a20329	18	12
Penso che Tom stia nascondendo qualcosa.	I think that Tom is hiding something.	844699d4-c36e-51d2-882f-81211b735168	40	37
Non dire cose del genere.	Don't say things like that.	c505f555-077b-50f7-aa73-005859820031	25	27
Non dite cose del genere.	Don't say things like that.	bdc22e58-3de5-5f84-8c19-62ccd62ee0ae	25	27
Non dica cose del genere.	Don't say things like that.	90f94e10-fefb-574a-adbb-b8b5398dfcf2	25	27
Hai i soldi?	Do you have the money?	d4175685-73a8-5873-88d7-72278ca7ed57	12	22
Hai il denaro?	Do you have the money?	3b0d3703-d146-53e7-ad3d-e24531857a2c	14	22
Ha i soldi?	Do you have the money?	9b66d6de-44c1-5697-9df0-0563c81ead56	11	22
Ha il denaro?	Do you have the money?	9dd92ece-a7bc-5d5a-9509-503ef9f62d5a	13	22
Avete i soldi?	Do you have the money?	eaab5b1e-94f4-5d96-a614-f647da0bcae7	14	22
Avete il denaro?	Do you have the money?	b224d712-eb29-5eb7-901c-6f70ed31cd08	16	22
Erano tutti presenti.	All were present.	f7ab242d-082f-556d-ad04-f404f75e5374	21	17
Tutti erano presenti.	All were present.	a235d382-4f6e-5f00-a9e8-bbb135668567	21	17
Tom non voleva che Mary venisse alla sua festa,	Tom didn't want Mary to come to his party.	45333fd4-3a4f-5e5b-a8fc-a3afdedf9b1a	47	42
Forse Tom non ti dice tutto.	Maybe Tom doesn't tell you everything.	9214fa46-724a-5a52-bb6f-dc6f368d795a	28	38
Forse Tom non vi dice tutto.	Maybe Tom doesn't tell you everything.	b2ebf34f-b2aa-5717-8e78-ca9190c7a248	28	38
Forse Tom non le dice tutto.	Maybe Tom doesn't tell you everything.	c9fc9505-8736-5d32-b2d3-916cde6fb4e6	28	38
Quanto tempo sei stato a Kushiro?	How long have you been in Kushiro?	d8286d53-28a6-5861-96a5-bffb9b4bdb7b	33	34
Quanto tempo sei stata a Kushiro?	How long have you been in Kushiro?	9415f8c8-a913-5646-ad94-c048cb5da2e6	33	34
Quanto tempo è stato a Kushiro?	How long have you been in Kushiro?	c4d0ff15-f824-5a61-8d06-c90fa198bd2d	31	34
Quanto tempo è stata a Kushiro?	How long have you been in Kushiro?	610aee6f-3cde-54a2-b091-6cd172ea18a7	31	34
Quanto tempo siete stati a Kushiro?	How long have you been in Kushiro?	4c8a07be-cf0f-5172-99a6-e11031e00c21	35	34
Quanto tempo siete state a Kushiro?	How long have you been in Kushiro?	1dd734e8-c206-5774-969e-607cc4c69a43	35	34
Non sono mai stato a Kushiro.	I have never been to Kushiro.	9a6526cb-cad6-5db6-b2af-43127a5120de	29	29
Io non sono mai stato a Kushiro.	I have never been to Kushiro.	db18f0f9-7332-5e2a-89f3-e1602b7c8143	32	29
Non sono mai stata a Kushiro.	I have never been to Kushiro.	ca264148-2f6c-577f-8a4d-d88bc0d09158	29	29
Io non sono mai stata a Kushiro.	I have never been to Kushiro.	af92a51d-deea-547b-a4eb-acb415e825cd	32	29
Tom non sembra contento.	Tom doesn't look pleased.	19bbd12c-1f9d-5d5d-832a-da3922626b8c	24	25
Tom non sembra soddisfatto.	Tom doesn't look pleased.	29c8bf70-9e45-5d86-8850-e18fc1d3e2f4	27	25
Tom non sembra compiaciuto.	Tom doesn't look pleased.	14122228-1135-57ba-b306-d56070f0e3fa	27	25
Ero molto lusingato.	I was very flattered.	47adc608-5778-5d85-8fb6-3cb978064c35	20	21
Ero molto lusingata.	I was very flattered.	c7f2c6b5-bb48-5186-bc0f-a4f1f2f8d9ca	20	21
Ci siamo rilassati in salotto.	We relaxed in the living room.	9b3b4fc0-98d3-52d2-958f-3a35a5781bf2	30	30
Noi ci siamo rilassati in salotto.	We relaxed in the living room.	61cb80e4-8aff-5966-a1a1-b3078d89c3bd	34	30
Ci siamo rilassate in salotto.	We relaxed in the living room.	aa89eab4-22a0-5697-a471-ead429e9260d	30	30
Noi ci siamo rilassate in salotto.	We relaxed in the living room.	8672368a-f392-5074-bbc0-799cad826c0c	34	30
Ci rilassammo in salotto.	We relaxed in the living room.	a921acca-cb02-508e-8208-851386e1372e	25	30
Noi ci rilassammo in salotto.	We relaxed in the living room.	8e81def0-caa0-5ce8-ab4c-09b842a7f406	29	30
Cosa sono tutti quei lividi?	What are all those bruises?	e0fad1f1-a952-5d43-ba1c-6fda21de5a01	28	27
Che cosa sono tutti quei lividi?	What are all those bruises?	05b0df65-24b6-5ec5-835c-4fe689bde9c2	32	27
Jane fece un gesto di stizza.	Jane made an angry gesture.	068e9807-9396-56c0-a41f-1a34d6bd1297	29	27
Jane ha fatto un gesto di stizza.	Jane made an angry gesture.	30b016fa-36b5-5d44-aae5-7d0cb08feb03	33	27
Non riesco a credere che ho pianto.	I can't believe I cried.	bfd00955-10e0-5a98-8caf-4f76ccec4c8b	35	24
Non riesco a credere di avere pianto.	I can't believe I cried.	ca844556-2e4e-54b1-a2c1-16aeb982be49	37	24
Dove posso comprare delle stampanti?	Where can I buy printers?	5a45fde8-d9cd-57e2-b1f9-68a19fb97bf7	36	25
Dove posso acquistare delle stampanti?	Where can I buy printers?	3371b928-3eaf-5287-9f4f-3a36c87723d7	38	25
Non ci sono stampanti qui.	There are no printers here.	a1bb3225-43b7-51c2-8346-2cf935aab220	26	27
Dov'è la stampante?	Where is the printer?	d89d1b4d-4300-5399-bd19-0152fa4e03dd	19	21
Non riesco a trovare la stampante.	I can't find the printer.	93d6c62b-57da-5570-8fcb-25f63829ca49	34	25
Non posso trovare la stampante.	I can't find the printer.	3503aa75-6b4b-5c8e-aef6-659fc957d44b	31	25
Sono molto più giovani di Tom.	They are much younger than Tom.	a324247e-a255-5425-be41-7f587c65f4e6	30	31
Loro sono molto più giovani di Tom.	They are much younger than Tom.	1f80150b-cb13-528a-b39c-0e4437aa6ca7	35	31
C'è qualcuno dietro di lei.	There's someone behind her.	9c239461-b0c6-55a5-ad92-92432469b7c9	27	27
C'è qualcuno dietro di lui.	There's someone behind him.	d99dc54d-5fc8-52cd-99bf-793c8da85ca5	27	27
Fumare non è permesso in questa stanza.	Smoking is not allowed in this room.	aab8e40d-13e5-5f70-abfb-3b8d21b40055	39	36
Ho già finito il lavoro.	I have already finished the job.	18922adf-9111-5795-ba46-cd39e0b173ea	24	32
Io ho già finito il lavoro.	I have already finished the job.	501b8fd9-64cf-5cfe-9936-cf487ff133a1	27	32
Fingeva di dormire.	He pretended to be asleep.	20cad95e-7a39-58fb-9997-d3d4bd43fdf3	19	26
Lui fingeva di dormire.	He pretended to be asleep.	87f6a84e-fe20-50b5-9d48-e8cf5ecf43f0	23	26
Non darlo a Tom. Dallo a Mary.	Don't give it to Tom. Give it to Mary.	287348ec-85a3-5307-882d-8ea5c9fdc848	30	38
Non darla a Tom. Dalla a Mary.	Don't give it to Tom. Give it to Mary.	b2f1d903-41ba-543c-a8a3-65ba87d2cf33	30	38
Non lo dia a Tom. Lo dia a Mary.	Don't give it to Tom. Give it to Mary.	50e95bcd-56db-5ffc-a8f8-98627b86e139	32	38
Non la dia a Tom. La dia a Mary.	Don't give it to Tom. Give it to Mary.	53c2d90e-84e8-5aef-9644-95bd6b5e646d	32	38
Non datelo a Tom. Datelo a Mary.	Don't give it to Tom. Give it to Mary.	03aba2d1-45c9-5f32-90fe-a809783ea48a	32	38
Non datela a Tom. Datela a Mary.	Don't give it to Tom. Give it to Mary.	1cb24d6d-6102-5847-b265-fc27f42b15a3	32	38
Tom ci dirà come possiamo aiutare.	Tom will tell us how we can help.	59922b43-2a1d-5460-ad4e-a8f6bf5816b2	34	33
Vuoi prendere qualcosa per cena?	Do you want to get some dinner?	69c56a9c-c488-5848-8d1e-05a0d33920e1	32	31
Vuole prendere qualcosa per cena?	Do you want to get some dinner?	8a1a81b1-eb9e-5b3f-a5cc-bfc145624eb3	33	31
Volete prendere qualcosa per cena?	Do you want to get some dinner?	3752f1a1-7f5f-5467-a94c-36baf2aeeb53	34	31
Questo giocattolo è quasi indistruttibile.	This toy is almost indestructible.	f03edec4-0b63-55fe-a8e7-cff06e715bce	42	34
Tom ha detto che dovrei andarmene.	Tom said that I should leave.	f752edb4-7d43-56b0-b7f6-65bfada8915e	34	29
Tom ha detto che me ne dovrei andare.	Tom said that I should leave.	dab3296a-54ac-5c42-8a3b-aba60ada7e06	37	29
A Tom non piace che lo si faccia aspettare.	Tom doesn't like to be kept waiting.	28e4a5ce-2f24-5100-80ed-a1e5fd288b5b	43	36
Dan ha cercato di annegarsi.	Dan tried to drown himself.	a8dc2af4-9069-5d23-b5c5-da807ad21579	28	27
Dan cercò di annegarsi.	Dan tried to drown himself.	91e05775-4f57-59cf-9458-3ef0e0af2950	23	27
Dan ha provato ad annegarsi.	Dan tried to drown himself.	086687b3-eb78-54e1-b294-d194f3b9aba2	28	27
Dan provò ad annegarsi.	Dan tried to drown himself.	58110883-540c-5883-8bd7-dfdbc99d940e	23	27
Tom comprerà un nuovo violoncello.	Tom is going to buy a new cello.	612bbcd1-2b36-53a1-983e-60f7c8f870fe	34	32
Tom acquisterà un nuovo violoncello.	Tom is going to buy a new cello.	9b6d5cef-8f42-5f5c-b502-8e25a1f53d70	36	32
Solo Tom è restato.	Only Tom stayed.	6c839cdb-bf5f-5c21-ad38-e5b09744c026	19	16
Solo Tom è rimasto.	Only Tom stayed.	30bd3a71-b42f-5cf6-a6d5-fdf51c785581	19	16
Soltanto Tom è restato.	Only Tom stayed.	2c320b4e-6db7-52ac-bdc6-71824a14f1e2	23	16
Soltanto Tom è rimasto.	Only Tom stayed.	a7457f69-9160-595e-b6c3-44c7ec80bc2c	23	16
Solamente Tom è restato.	Only Tom stayed.	8b3ee321-a08b-5d28-b0b3-c64bcca66e43	24	16
Solamente Tom è rimasto.	Only Tom stayed.	96e3d91d-050c-5fba-9f4e-c6b391bba198	24	16
Non l'ho fatto per i soldi.	I don't do it for money.	c4cf222d-1372-5cdf-be42-813b7d97ef10	27	24
Non l'ho fatta per i soldi.	I don't do it for money.	026c81d9-2eb4-5fcc-a766-060df9ef564c	27	24
Non l'ho fatto per il denaro.	I don't do it for money.	bc559f9f-d4c9-56e0-9376-118482a4de00	29	24
Non l'ho fatta per il denaro.	I don't do it for money.	53d60ed5-329a-5a2c-8e59-c267bd3ea873	29	24
Tom ama i bambini.	Tom loves children.	5869279e-af6e-555a-88e9-d683cb2ee13a	18	19
È un problema molto complicato.	That's a very complicated problem.	2faf2fda-0d8a-5d32-94cf-9d65b7e23152	31	34
È un problema molto complesso.	That's a very complex problem.	fe0d5012-e8e7-5831-b5f2-7360e3fa636e	30	30
Hanno delle famiglie da sfamare.	They have families to feed.	3aa67447-80b4-572b-96d4-2b0ab610ab84	32	27
Loro hanno delle famiglie da sfamare.	They have families to feed.	5f899165-e33d-55e6-b926-a41fea5460df	37	27
Non devi mangiare.	You don't have to eat.	9ad443ab-328f-5c87-b6d9-644439499700	18	22
Tu non devi mangiare.	You don't have to eat.	7276d687-8aaf-5bbd-859b-a4e7c1540c32	21	22
Non deve mangiare.	You don't have to eat.	ce9062c0-2f9d-50ec-81de-af7d23cfd858	18	22
Lei non deve mangiare.	You don't have to eat.	bee99d1b-8efb-5ba9-b883-05b5661e773b	22	22
Non dovete mangiare.	You don't have to eat.	ccd2a284-0faf-55c0-bc54-86e26cc02800	20	22
Voi non dovete mangiare.	You don't have to eat.	cb11ec0e-aab0-5199-97eb-992e76e8cf6f	24	22
Beh, come si chiama?	Well, what's it called?	834416d1-32e5-5036-9cf1-40d9d76703b3	20	23
Fa rima, per cui è vero!	It rhymes, therefore it is true!	708644d6-2942-5193-b8f6-b9dd5e07b6f6	24	32
Fa rima, per cui è vera!	It rhymes, therefore it is true!	30f6caca-cc58-5207-a117-5a0059f42fb5	24	32
Non ho letteralmente niente da fare.	I have literally nothing to do.	2ac8062c-dc55-554f-be11-113bf956bb00	36	31
Io non ho letteralmente niente da fare.	I have literally nothing to do.	7e7be73e-da5d-5eef-93da-115afb7aeaa3	39	31
Non ho letteralmente nulla da fare.	I have literally nothing to do.	8e8c4730-7938-593d-90a2-35b73b62ffe7	35	31
Io non ho letteralmente nulla da fare.	I have literally nothing to do.	df453947-65b5-5507-ab71-974592c1808c	38	31
Tom mi ha detto che non dovrei fare questo.	Tom told me I shouldn't do this.	4b4c76f3-23e4-5b0b-a6e1-5d635110ef4f	43	32
C'è qualcosa che devo fare.	There's something I have to do.	25e7bec8-36a6-5253-a2a2-b8d7d3111dc5	27	31
Devo dirlo a qualcuno.	I have to tell someone.	3a1f91df-63fd-56bc-81fa-41734bf14889	22	23
Lo devo dire a qualcuno.	I have to tell someone.	bb95d650-40a4-509f-b925-c81569e0e5ba	24	23
Questa non può essere una coincidenza.	This can't be a coincidence.	233375c6-6f36-5d38-bf71-ddfc13ade5c1	38	28
Tom sembrava davvero occupato.	Tom looked really busy.	0dc103e4-a382-554f-b947-c1d10d3ec869	30	23
Tom sembrava veramente occupato.	Tom looked really busy.	7c4da2b0-69dc-5e2c-8fef-96b311fd238f	32	23
Tom sembrava davvero impegnato.	Tom looked really busy.	f536e402-5075-541d-9fc2-59731734f152	31	23
Tom sembrava veramente impegnato.	Tom looked really busy.	c113a5f4-294b-52d3-b548-679aa0c2009c	33	23
Non darmelo, Tom.	Don't give me that, Tom.	b94f74c5-833a-5f1e-bc25-8a315d076a91	17	24
Non me lo dare, Tom.	Don't give me that, Tom.	347fba07-6f1d-5db7-9173-8ea26ca48574	20	24
Tom vuole l'approvazione di Mary.	Tom wants Mary's approval.	5c08085b-74db-5fca-a0f5-28a68c96388b	33	26
Questo è un paese libero.	This is a free country.	e03012a9-12cf-5a9e-82fd-4228e2bc4f24	25	23
I risultati saranno annunciati lunedì.	Results will be announced Monday.	3ee0aeaf-f2aa-5b7c-8282-2fae9c7bc53d	38	33
Tom la pensa allo stesso modo.	Tom thinks the same way.	15382955-7a6c-5a26-b01e-28112ad01764	30	24
Perché non hai detto così?	Why didn't you say so?	87ea5f81-7af7-53ad-98ae-b65e7a39899a	26	22
Perché non ha detto così?	Why didn't you say so?	b4241380-ce55-51dc-bfa4-4e8e5fcdff93	25	22
Perché non avete detto così?	Why didn't you say so?	03226c14-e553-515f-9167-26893527fd9c	28	22
Non andremo alla festa di Tom.	We won't be going to Tom's party.	5ad613ec-89ef-56ba-8920-60025b2dbc3b	30	33
Noi non andremo alla festa di Tom.	We won't be going to Tom's party.	f5a51fb5-d304-5a92-ba6d-d7b26a39ba01	34	33
Ho appena detto la stessa cosa.	I just said the same thing.	dcc19660-6cb6-5706-a939-d70ec7f66131	31	27
Non sono stati dati altri dettagli.	No other details were given.	c1878046-1ccb-5298-851d-84987e0c94d0	35	28
Non furono dati altri dettagli.	No other details were given.	24472d2e-cd12-5f13-8e17-77647855ef86	31	28
Tom è un matematico.	Tom is a mathematician.	4971dde3-d386-5b15-953b-27eb851acc8e	20	23
È tutto per ora, ragazzi.	That's all for now, folks.	17053f50-6ace-5e9b-9638-c709edc78937	25	26
È tutto per adesso, ragazzi.	That's all for now, folks.	d762ee53-461c-5e7e-957c-b44f763962ae	28	26
Perché quella luce sta lampeggiando?	Why is that light flashing?	9e86888c-25ea-513d-9859-ab171cff5ab5	36	27
Pensi che Tom sia pericoloso?	Do you think Tom is dangerous?	23ffe74a-e6ca-56e9-9985-876e0f10146f	29	30
Pensa che Tom sia pericoloso?	Do you think Tom is dangerous?	8fb610fb-d086-5248-ac5a-a688c960265a	29	30
Pensate che Tom sia pericoloso?	Do you think Tom is dangerous?	d1cd2386-6670-558a-b4a9-822873376e8f	31	30
Non ti stai sentendo bene?	Aren't you feeling well?	795ccfea-24e2-5b4a-8bb4-5a9cfadd432d	26	24
Non si sta sentendo bene?	Aren't you feeling well?	04a621ff-e510-52d9-a19d-f7db6eb49bd2	25	24
Non vi state sentendo bene?	Aren't you feeling well?	5a9a8b7d-53ff-58b9-824e-70e0be222cf1	27	24
Posso parlare con Tom, per favore?	Can I speak to Tom, please?	c714c361-52c6-5990-9c6c-261ff1c35969	34	27
Posso parlare con Tom, per piacere?	Can I speak to Tom, please?	71ad7d97-6c53-57ae-ab76-73fbad71ac43	35	27
Nessuno era in grado di scappare.	No one was able to escape.	a7db795e-deaa-5943-941c-cd84e17fda1a	33	26
Tom ha provato ad aiutarmi.	Tom tried to help me.	cea068e8-869e-537a-947f-1a6b281d356d	27	21
Tom ha cercato di aiutarmi.	Tom tried to help me.	d3a3ffb7-c66f-58ae-9a0f-e141078ed4e5	27	21
Chi stavi cercando?	Who were you looking for?	3cd1ba0c-0c7b-5e29-86c2-9ee9a1048d76	19	25
Chi stava cercando?	Who were you looking for?	b3e2d00a-bc7b-533c-844f-ccb187cd1172	19	25
Chi stavate cercando?	Who were you looking for?	07c9312a-1efb-50dc-882f-654e083011f2	21	25
Dimmi cosa posso fare.	Tell me what I can do.	104cacac-7ddd-59c7-9238-0e47f06424cc	22	22
Mi dica cosa posso fare.	Tell me what I can do.	a3577e73-f0dd-5bdb-84b7-92a391fec51e	24	22
Ditemi cosa posso fare.	Tell me what I can do.	a0bdf268-332a-5049-b0d5-fb56bc08abf4	23	22
Mi aspettavo di peggio.	I expected worse.	bd2be64a-edcc-5b54-9910-dc612735cb7b	23	17
Non sembra serio?	Doesn't that sound serious?	4b043329-3754-547f-9c51-25ae7fb30119	17	27
È quello che ha fatto Tom.	That's what Tom did.	d95b3b73-1534-5b9b-a75b-10b2c8f11d07	26	20
Dormiamo un po'.	Let's get some sleep.	2a42dd08-f7f4-547a-84ef-85c4814fc379	16	21
Apprezzo i tuoi commenti.	I appreciate your comments.	ffb4d42e-509a-593b-9ade-3672a8026523	25	27
Apprezzo i suoi commenti.	I appreciate your comments.	d479d13c-66cd-580b-a115-e44bf087b36a	25	27
Apprezzo i vostri commenti.	I appreciate your comments.	0ac3d2ee-717e-5d24-ba8b-9b99aaa737e5	27	27
Sarà difficile?	Will that be difficult?	383f5f5e-2eed-5938-bfb9-1e9d4b67801b	15	23
Non temo nessuno.	I fear no one.	494dfc15-ed05-54b5-a220-ec255dd3a93e	17	14
Io non temo nessuno.	I fear no one.	0f70af14-c735-59ea-b0ed-74fd550f8b9e	20	14
Lo ignorerò.	I'm going to ignore that.	2e3aa884-316e-5067-a0d7-cab34cdb0838	12	25
Voglio migliorare nel nuoto.	I want to become better at swimming.	e0878951-4acf-57b0-895b-836f5e7cff6d	28	36
Io voglio migliorare nel nuoto.	I want to become better at swimming.	45432515-a421-54ca-91a8-ded8b4d8fffa	31	36
Tom non riusciva a spiegare il perché.	Tom couldn't explain why.	81b5fa83-2be1-5318-9528-d5c117a7eef1	38	25
Tom non poteva spiegare il perché.	Tom couldn't explain why.	dace130d-652b-5425-935a-3e77c6d7b61f	34	25
Mi è sempre piaciuta Boston.	I've always liked Boston.	7b859cad-dce4-54ee-88c5-55ace4a62e35	28	25
Che altro hanno fatto?	What else did they do?	22813f30-faa6-51d6-ac8c-b1c53b3d7c3d	22	22
Loro che altro hanno fatto?	What else did they do?	40088c21-e71c-515d-a77b-f3ca0eb1cdb6	27	22
Tom ha detto che non è da solo.	Tom said he's not alone.	41e76f45-ad25-58bb-a512-81f1e13b327a	31	24
In un qualche modo mi mancano.	I kind of miss them.	450596ac-515b-5a6f-9c10-1ac9a6acd96a	30	20
Tom continua a non avere una fidanzata.	Tom still doesn't have a girlfriend.	1b3da55b-df16-53d2-8b8d-cc462b2e8515	39	36
Tom continua a non avere una ragazza.	Tom still doesn't have a girlfriend.	9fe6d19a-4fcb-5a35-aa1b-969de7e8440c	37	36
Tom continua a non avere una morosa.	Tom still doesn't have a girlfriend.	6d4dd085-6c52-5b4c-862a-e0b2303d22e7	36	36
Non ho un'assicurazione.	I have no insurance.	c99f0d90-6d1c-5480-8ccd-9270e786e51e	24	20
Io non ho un'assicurazione.	I have no insurance.	7073d3a0-9635-5a5c-8ffc-a5542da4b927	27	20
Ovviamente c'è un problema.	Obviously, there's a problem.	b688310d-4b88-5339-a8fb-265ccb13d6f4	27	29
Quando posso vedere Tom?	When can I see Tom?	bf9a2054-82f9-5857-a3e2-923dd92126d1	24	19
Tom e Mary si capiscono a vicenda.	Tom and Mary understand each other.	8fecc741-b93a-59c3-9efd-013b26be916d	34	35
Io e Tom ti aspetteremo.	Tom and I will wait for you.	164e9638-a28c-5824-8706-831cf30d3a73	24	28
Io e Tom vi aspetteremo.	Tom and I will wait for you.	cb4ad431-4dff-57e0-a306-be8943be724b	24	28
Io e Tom la aspetteremo.	Tom and I will wait for you.	ee0d4bf4-4f41-56c0-8d18-a018daabb814	24	28
Mi piace parlare.	I like talking.	8107513e-23c3-530e-8cff-8f6a05111b58	17	15
A me piace parlare.	I like talking.	535f3234-5c49-533e-8fae-3fbbd069a6f4	19	15
Tom sembrava un dottore.	Tom looked like a doctor.	7c2da289-fadb-5434-8d4d-d0d94ea9550e	24	25
Grazie per la tua opinione.	Thanks for your opinion.	3de0f13d-d75b-5de8-b879-b4eab4f20165	27	24
Grazie per la sua opinione.	Thanks for your opinion.	4c24b7a9-4a6f-5f94-a52e-d13ae1535d69	27	24
Grazie per la vostra opinione.	Thanks for your opinion.	a774020f-b9ec-5139-8bbc-87c1be90064b	30	24
Tom lavora ancora qui?	Does Tom still work here?	12ed96d6-91b1-52c0-816d-774f882fd9a7	22	25
Era doloroso.	It was painful.	dad73d05-1fd5-5354-8d7b-861c71fa6911	13	15
Era dolorosa.	It was painful.	f549da45-e606-5339-805a-21d8f903f451	13	15
È stato doloroso.	It was painful.	6b289d8d-b60c-50d7-8c22-e350a9e795c8	17	15
È stata dolorosa.	It was painful.	9ec7640d-f7a3-5ba2-b9be-76eaf0835b49	17	15
Tom non ha fatto del male a nessuno.	Tom didn't hurt anybody.	9bc3f177-b444-5bb9-9869-bbb6056e75e2	36	24
Tom non fece del male a nessuno.	Tom didn't hurt anybody.	cdf23b9d-51b8-57d0-b516-f33bed1c4d8c	32	24
Tom ha tolto la chiave dalla porta.	Tom removed the key from the door.	467cf931-b918-522d-8acb-8aa89beadd1b	35	34
Tom tolse la chiave dalla porta.	Tom removed the key from the door.	afd77db6-6111-5e3a-8421-e5ba31baeea9	32	34
Tom ha speso tutti i suoi soldi per una moto.	Tom blew all his money on a motorcycle.	87b75700-0c7e-5abe-9f2f-5843b95b10fa	45	39
Questo cos'ha a che fare con noi?	What's this got to do with us?	c278cbc4-829f-5436-a9bb-09753908a89d	33	30
Come sei stato invitato?	How did you get invited?	fa308fed-f1b8-5196-8fcc-ee9a81e544ba	24	24
Come sei stata invitata?	How did you get invited?	23b25ee4-7b53-5fd3-9639-304e1a033597	24	24
Com'è stato invitato?	How did you get invited?	45f37a83-e56b-5bae-81ad-869654c688e6	21	24
Com'è stata invitata?	How did you get invited?	dc9694de-171f-5cda-9aea-5b0a89ae1574	21	24
Come siete stati invitati?	How did you get invited?	6f305b72-ebb8-5f92-bcfd-862ded91ba7c	26	24
Come siete state invitate?	How did you get invited?	6f56b335-ae2d-5fa0-a1c7-ad9ef8179f38	26	24
Deve essere malata.	She must be sick.	70253080-9570-56e3-9f5f-e2c49683015f	19	17
Lei deve essere malata.	She must be sick.	700d8283-663f-5b6c-b303-1fbdfa86c153	23	17
Ho fatto questo prima.	I've done this before.	be7b44e9-e4d1-57c2-9c51-daa4eba5fcfe	22	22
Io ho fatto questo prima.	I've done this before.	7ae807e8-6f3f-5fef-8829-4160eb671bc5	25	22
Ho già fatto questo.	I've done this before.	9b3d04eb-ac12-5a68-bc4f-a787c5132215	20	22
Io ho già fatto questo.	I've done this before.	72ac6753-6d0d-53bd-8cd9-d05ac3e2d4e0	23	22
Non volerà!	It won't fly!	91bdc0e2-7acb-5195-b035-9ed62b4c9bf2	11	13
Non si librerà!	It won't fly!	37360764-c87b-57a5-be32-c8610e4545d8	15	13
Tom si è imbattuto in Mary mentre andava a scuola.	Tom bumped into Mary on his way to school.	8a463d03-b5fb-5316-92b1-06d7d61e5ab2	50	42
Appena Tom arriva qui, mangeremo.	As soon as Tom gets here, we'll eat.	4f8a6d0e-57ec-5864-914e-8fc1e3d8b6d1	33	36
Questa immagine è bella.	This picture is beautiful.	026c0bcc-7cc8-5570-9548-2ee7e5820bef	24	26
Questa foto è bella.	This picture is beautiful.	40a00083-f9b0-5e9a-974e-67e7abe9f69c	20	26
Questa fotografia è bella.	This picture is beautiful.	01c2f54d-a8ce-56fa-95db-425305be5f42	26	26
Era di buon umore.	He was in good spirits.	3e784574-2a5f-5ecd-b789-0d7e55be2efb	18	23
Era di buonumore.	He was in good spirits.	e2ebb6a4-b153-5f2c-9b38-2ef86825f176	17	23
Per loro, era la fine.	For them, it was the end.	20e4c9dc-05c8-5fee-8855-25fa497d7e9a	22	25
Ci sarò lunedì sera.	I'll be there Monday night.	be305fe0-615d-53ea-ba74-15f7a356b1af	20	27
Io ci sarò lunedì sera.	I'll be there Monday night.	9646f0c4-fe9f-51a7-af09-9a8e40b70a71	23	27
Tom sta sonnecchiando sul divano.	Tom is dozing on the sofa.	fbbb10f4-15d6-55f2-a1ae-cf4a6400c3d9	33	26
Tom è in abiti casual.	Tom is in casual clothes.	b514a7f5-f725-57c6-afb3-7b6893d00ba2	22	25
Dovresti chiedere a loro.	You'd have to ask them.	321f7af9-5b06-5e64-b433-8c1cf8183df6	25	23
Dovreste chiedere a loro.	You'd have to ask them.	20b68eef-c721-5852-ab65-5f30c2ee3a06	25	23
Dovrebbe chiedere a loro.	You'd have to ask them.	e94a63e5-3017-5044-8dba-40ffdd160e4e	25	23
Via la testa!	Off with your head!	9dfed16a-30aa-59b0-8d28-a98e5793041c	13	19
Stanno guardando un'opera.	They are watching a play.	8770e0bb-2f08-5f7b-b9c2-f6c0db0adc3d	26	25
Loro stanno guardando un'opera.	They are watching a play.	9e905541-d963-5072-97ec-bf781a0bf996	31	25
Stanno guardando uno spettacolo.	They are watching a play.	60e7f1db-ce7f-503c-a869-0ae385f37fee	32	25
Loro stanno guardando uno spettacolo.	They are watching a play.	fb0ddca0-3a10-5fa8-bed6-32ce2ecd77c5	37	25
Guarderemo un'opera.	We're going to watch a play.	89a44115-7891-53c8-8267-22afbd990193	20	28
Noi guarderemo un'opera.	We're going to watch a play.	1d0086f0-228a-5dce-aa3e-ccc6b02e9fa7	24	28
Guarderemo uno spettacolo.	We're going to watch a play.	109e4324-ee6f-51b1-b640-7481e07b5b83	26	28
Noi guarderemo uno spettacolo.	We're going to watch a play.	c3406302-f1fc-5589-9083-81f22d7bd24e	30	28
Stiamo andando a guardare uno spettacolo.	We're going to watch a play.	7c60e9d1-d55d-5879-b725-ce83f893f93c	41	28
Noi stiamo andando a guardare uno spettacolo.	We're going to watch a play.	6dcf86ff-26f5-53df-a84b-2b6740f77340	45	28
Stiamo andando a guardare un'opera.	We're going to watch a play.	e0045fb3-489f-5c0a-8ec6-2829679f33c5	35	28
Il mistero rimane irrisolto.	The mystery remains unsolved.	26a73b2a-299a-5fcb-a5a5-c15ce06e543a	28	29
Abbiamo fatto una breve vacanza a febbraio.	We had a short vacation in February.	2509a451-9370-5d16-81a6-633441b443b9	43	36
Noi abbiamo fatto una breve vacanza a febbraio.	We had a short vacation in February.	cb12d4e0-0be8-5573-95a0-f3b52e13fd1e	47	36
Non bere la tempera.	Don't drink the tempera.	a11aa52c-316a-58df-bce0-5fe1fb662f53	20	24
Non beva la tempera.	Don't drink the tempera.	a1713df0-ffac-5f10-8dee-6c245ea52af4	20	24
Non bevete la tempera.	Don't drink the tempera.	ec8a6780-12cf-50cf-bccc-91be6cbdcd8f	22	24
Nuoto nel mare ogni giorno.	I swim in the sea every day.	53b6c826-f7cc-560c-b954-8898a796b1aa	27	28
Io nuoto nel mare ogni giorno.	I swim in the sea every day.	bd25a011-87b6-5bd4-acf9-c718e37c039e	30	28
Conosco i fatti sufficientemente bene.	I know the facts well enough.	e31b2997-21e6-5592-b75d-a98eeb79a5ac	38	29
Io conosco i fatti sufficientemente bene.	I know the facts well enough.	836db94a-fdb6-5344-af5a-41f1f3966012	41	29
Eravamo così vicini!	We were so close!	72eb9127-beab-51c1-8ce0-c73d41051a03	20	17
Eravamo così vicine!	We were so close!	dc359736-cf13-5ed4-b0de-086ff033f6f0	20	17
È piuttosto raccapricciante.	It's kind of creepy.	280a9046-c285-5f89-b9bd-9c5b7fd445f3	28	20
George è povero, ma è sempre felice.	George is poor, but he's always happy.	33df5625-7359-553a-9d74-d3176bd6bbd7	36	38
È abbastanza. Non ne voglio più.	That's enough. I don't want any more.	aa85aa64-365b-58a0-b6fb-8442d4c99e7f	32	37
Solitamente c'è qualcuno qui.	There's usually someone here.	019d0ee2-d19b-5ee2-b105-ef2233e2f58e	29	29
Di solito c'è qualcuno qui.	There's usually someone here.	fc444835-bf11-5826-9e69-247c4fbc811e	27	29
Penso che li troveremo.	I think we'll find them.	8c5b3437-442e-5f5e-8cbb-cd589925fdb9	23	24
Penso che le troveremo.	I think we'll find them.	8f2d3fe8-9222-5526-b484-ec7f2af37ebe	23	24
Ha detto che gli dispiaceva.	He said he was sorry.	09a6d0d3-b579-5c17-a6c8-5fa0b6665ef4	28	21
Disse che gli dispiaceva.	He said he was sorry.	517a94eb-38da-5f7b-be73-142b97e73851	25	21
Penso che farò una passeggiata.	I think I'll take a walk.	36e24911-1f78-5280-b4f1-8095eecb7599	31	25
Non disturbarla mentre sta dormendo.	Don't disturb her while she is sleeping.	7011e405-e8be-53ee-bd26-e38b950c4da2	36	40
Non disturbatela mentre sta dormendo.	Don't disturb her while she is sleeping.	f670908a-df7c-518b-821c-5b0902dfaeae	37	40
Non la disturbi mentre sta dormendo.	Don't disturb her while she is sleeping.	6b923cc3-8dfc-5c70-a968-06d89b571408	36	40
Non la disturbare mentre sta dormendo.	Don't disturb her while she is sleeping.	51f75b86-5dac-52a9-980d-ad74e5da90b0	38	40
Non la disturbate mentre sta dormendo.	Don't disturb her while she is sleeping.	2b7e69ae-6ba8-508d-9f02-a89717f51200	38	40
Fa troppe feste.	He parties too much.	62cb03e7-8c5f-59d5-9ccc-bfabc9bda625	16	20
Lui fa troppe feste.	He parties too much.	ad10d239-c677-5208-b18c-5fb7a5302a9b	20	20
Vorrei solo che non fosse così costoso.	I just wish it wasn't so expensive.	a54b6597-124e-5518-ae81-0c947c71d473	39	35
Vorrei solo che non fosse così costosa.	I just wish it wasn't so expensive.	eb74ad1e-dd11-5870-ad0a-eebda4e22a2f	39	35
Vorrei solo che non fosse così caro.	I just wish it wasn't so expensive.	69cf8273-4ed6-5f3e-badd-fb50a1c1c43e	36	35
Vorrei solo che non fosse così cara.	I just wish it wasn't so expensive.	56195adb-0cdf-5b89-8bd1-bd4782bc89ff	36	35
Tom e Mary erano entrambi assonnati.	Tom and Mary were both sleepy.	33cb800e-2f34-530c-83b8-5546ace491d9	36	30
Ci si vedrà, Tom.	We'll be seeing you, Tom.	5a224782-35a4-5418-9f79-b5d5ef7637c1	17	25
Ci vedremo, Tom.	We'll be seeing you, Tom.	02252ed7-6dd1-5c9f-a9ae-c06a6c6b657b	16	25
Chi ha la leadership?	Who has leadership?	b8c1a5b0-fd92-5d29-97f3-e22df2af4f6a	21	19
Abbiamo bisogno di una leadership.	We need leadership.	2924235b-5ddb-56f5-bb44-c83509402f16	34	19
Noi abbiamo bisogno di una leadership.	We need leadership.	039817d7-5381-5970-8dac-876193ee925f	38	19
Era richiesta una forte leadership.	Strong leadership was needed.	4d35a794-fca9-5ae9-8c05-360a896b52c0	35	29
Puoi salvarla?	Can you save her?	8ae2016e-a1b3-5090-b3d7-6e040e1bf14f	14	17
Può salvarla?	Can you save her?	2a87a317-31c9-57fa-9959-00e15cad701f	13	17
Potete salvarla?	Can you save her?	702f3520-6066-50e7-9d5c-169da8c5ba73	16	17
La puoi salvare?	Can you save her?	501cc0f0-0bd7-5a5d-a00b-bf097d9ed517	16	17
La può salvare?	Can you save her?	cf02972d-86c2-5074-915f-3956b6fb3060	15	17
La potete salvare?	Can you save her?	6b5b4741-c19c-5b29-b72e-ac946af3432f	18	17
Riesci a salvarla?	Can you save her?	e13859ec-bfb3-5829-96f6-dbbaa531483d	18	17
Riesce a salvarla?	Can you save her?	476bbe24-68ea-5ec4-9e5b-30c4fe77d2e4	18	17
Riuscite a salvarla?	Can you save her?	2bead1ad-76dc-57a4-a093-4542db036f61	20	17
La riesci a salvare?	Can you save her?	1e457ae5-132f-50d5-b02f-ade07e560ad6	20	17
La riesce a salvare?	Can you save her?	48439c9f-f523-53f6-bb8b-a0c208c3b01c	20	17
La riuscite a salvare?	Can you save her?	8a1fbaa4-fb3e-5ea1-9ef7-b30db8b61a9c	22	17
Puoi salvarlo?	Can you save him?	85f1b17f-0133-5177-87f6-3b3bb5b62581	14	17
Può salvarlo?	Can you save him?	3882ea70-4382-511f-b1b1-45cb8d75da4f	13	17
Potete salvarlo?	Can you save him?	f7f6ead5-d26a-5703-be2e-ca863d8a6ddc	16	17
Riesci a salvarlo?	Can you save him?	3c69de06-a1ff-581c-98e3-94c540b6c544	18	17
Riesce a salvarlo?	Can you save him?	c78162b8-14a4-54b1-a49a-10d3160e3ce1	18	17
Riuscite a salvarlo?	Can you save him?	cb6c66cc-5628-5f2d-b215-2f10d5c7e7f1	20	17
Lo puoi salvare?	Can you save him?	77d3b02d-3ba0-555d-b40f-0f4c3d2181e2	16	17
Lo può salvare?	Can you save him?	ecba787a-e7b1-528a-b3f0-4f31fffcd3a1	15	17
Lo potete salvare?	Can you save him?	e6259cae-64e3-54f0-82bf-b154885669e1	18	17
Lo riesci a salvare?	Can you save him?	7ce5360f-abf1-5640-92a7-5df5cdc0c1d8	20	17
Lo riesce a salvare?	Can you save him?	5a1ec57a-21ce-5526-8968-9aabd2241af9	20	17
Lo riuscite a salvare?	Can you save him?	b018967a-1965-5900-8f0a-51867f91928e	22	17
Non conoscevo nessuno alla festa.	I didn't know anyone at the party.	99d74652-3bf2-5f23-bddf-85f2ac057366	33	34
Io non conoscevo nessuno alla festa.	I didn't know anyone at the party.	5ae50007-667a-523a-a9cf-6850e711189f	36	34
Tom è il mio unico parente in vita.	Tom is my only living relative.	b06a7ddc-345e-5cd1-95ed-a6faae8cc407	35	31
Non mi piace il pesce con le lische.	I don't like bony fish.	11a75703-e423-5e6a-b59d-9281ec801f1b	36	23
A me non piace il pesce con le lische.	I don't like bony fish.	e009f856-d624-5804-9c12-f0e3cb22f65e	38	23
Non mi piacciono i pesci con le lische.	I don't like bony fish.	2775915c-b68a-5d77-a02e-1177db9b98a5	39	23
A me non piacciono i pesci con le lische.	I don't like bony fish.	707ff5e6-d8c5-5c81-918d-b55d1cf64a5e	41	23
Preferisco il vestito rosso al vestito blu.	I like the red dress more than the blue dress.	53efb170-a814-5a40-bf76-6a0a4120a0e1	43	46
Io preferisco il vestito rosso al vestito blu.	I like the red dress more than the blue dress.	c85ec9b6-bbeb-5530-a5c3-b9646d487009	46	46
La Spagna ha approvato il trattato.	Spain approved the treaty.	5ea3eb73-198b-5734-b35a-aae3e35e822e	35	26
La Spagna approvò il trattato.	Spain approved the treaty.	9cb697d3-e6b6-5d4f-9cb1-4cb274993e3b	30	26
Ho l'onore di lavorare con Tom.	I have the honor of working with Tom.	5076f276-8a82-57c2-be40-1590388100ad	31	37
Io ho l'onore di lavorare con Tom.	I have the honor of working with Tom.	b49f4017-18c4-57a5-a8f8-6bb2ff87b25c	34	37
Lascia andare la corda.	Let go of the rope.	d2ad272d-f699-5f7b-93e2-827a095e24f2	23	19
Lasci andare la corda.	Let go of the rope.	0e9344b8-2058-51de-8da5-2bd161f64218	22	19
Lasciate andare la corda.	Let go of the rope.	c5e30dd5-26ae-5763-86e2-a8be34cd8cc4	25	19
Sai cosa abbiamo fatto?	Do you know what we did?	19696c99-ca3f-5283-90f2-b3b3be5e9255	23	24
Sa cosa abbiamo fatto?	Do you know what we did?	0163662b-5a9d-5394-af34-e46f90ece04a	22	24
Sapete cosa abbiamo fatto?	Do you know what we did?	64741245-a27e-55f7-aeac-a92af82bdf74	26	24
Lo sai cosa abbiamo fatto?	Do you know what we did?	b78d9c6a-90e7-5491-97a4-8910a6d43a0f	26	24
Lo sa cosa abbiamo fatto?	Do you know what we did?	af8d1fc1-9903-553f-8e17-14a55aa918e8	25	24
Lo sapete cosa abbiamo fatto?	Do you know what we did?	3c6b2d0b-dc84-57c2-afc5-e8ccc26ad078	29	24
Ho amato l'opera.	I loved the play.	40ce3209-6501-50bd-a7a3-c8c788d60fb4	17	17
Io ho amato l'opera.	I loved the play.	25bb791f-c773-5cce-b04c-bdd17bb631bc	20	17
Ho amato lo spettacolo.	I loved the play.	b9371d55-58e6-5e29-aa8f-e9762dda63d1	23	17
Io ho amato lo spettacolo.	I loved the play.	35daefa4-80ef-5405-a3dc-9c7b22668244	26	17
Amai l'opera.	I loved the play.	60c1c3ce-18bc-59fe-8ffb-dac35adee2bd	13	17
Io amai l'opera.	I loved the play.	c5c0bbf4-2730-57ba-a64d-481e8cce0e19	16	17
Amai lo spettacolo.	I loved the play.	4ffb5db2-cfec-528e-b600-faf3972e7928	19	17
Io amai lo spettacolo.	I loved the play.	c139a6a7-c100-508c-b015-743ad3eedae4	22	17
Ha assistito al reato.	She witnessed the crime.	8cd69b6d-987b-5854-9813-5e23999a03e7	22	24
Lei ha assistito al reato.	She witnessed the crime.	de0be4de-6b2f-5e2c-8899-e9e4a0f1c3d0	26	24
Ha assistito al crimine.	She witnessed the crime.	7120e972-db51-5d4f-809a-9f506451488a	24	24
Lei ha assistito al crimine.	She witnessed the crime.	29e3d0bb-feae-5fb3-a38e-46f38337a71b	28	24
Assisté al crimine.	She witnessed the crime.	3a762bb8-eff2-57ea-9e57-b2713fec7262	19	24
Lei assisté al crimine.	She witnessed the crime.	c1bef1be-1a59-5aee-b4b9-03965c07bd69	23	24
Assistette al crimine.	She witnessed the crime.	6ba9451a-e43d-5633-ae22-ced1a3b72aa6	22	24
Lei assistette al crimine.	She witnessed the crime.	78a889cd-1a12-55b3-b26c-c8081fae8d11	26	24
Assistette al reato.	She witnessed the crime.	4a3ba1f9-f64c-5b16-8546-c9cf899c01dc	20	24
Lei assistette al reato.	She witnessed the crime.	f34d6bdc-cfdf-5846-ba5e-e615719f7283	24	24
Assisté al reato.	She witnessed the crime.	9c1aa685-d450-5369-849d-8838bc72df7f	17	24
Lei assisté al reato.	She witnessed the crime.	2e9873c8-1356-518b-a327-bca2ef6c5538	21	24
È bagnata.	She's wet.	54021cf0-30fe-5b41-bd29-63338e26762a	10	10
Lei è bagnata.	She's wet.	1083715a-0a04-508d-bf74-c2ccf5a0e6e4	14	10
Lui è bagnato.	He's wet.	44f40e97-d023-5a5f-a9e3-4953f77fdaf5	14	9
Quali sono i tuoi piani?	What are your plans?	2cf26b24-a8aa-50f9-90d7-769934d24d6c	24	20
Quali sono i suoi piani?	What are your plans?	67907ba8-155e-5bf1-9a15-2bbf274c6b13	24	20
Quali sono i vostri piani?	What are your plans?	63176be6-88c5-51b3-a337-3c7246fd6baa	26	20
Sono venuto con lei.	I came with her.	7e7ff79c-a5eb-572e-bb21-58a32d03b1de	20	16
Io sono venuto con lei.	I came with her.	2ea92924-3868-57d6-8552-6237634a1acf	23	16
Sono venuta con lei.	I came with her.	897e56e5-c8b2-5961-8a44-4e7515c128b9	20	16
Io sono venuta con lei.	I came with her.	94fc19e1-e943-5e91-8c85-5f8804a04440	23	16
Tom non gioca molto spesso a tennis.	Tom doesn't play tennis very often.	72be8f7d-291c-562c-b344-a1f791ac8bbf	36	35
Ho chiuso a chiave la porta.	I've locked the door.	74945bda-69f7-5304-b3ea-e7a32c68fda4	28	21
Io ho chiuso a chiave la porta.	I've locked the door.	0ac5215b-dff3-5e86-93a9-c2b0315d404a	31	21
Ha scritto una lettera minatoria alla sua ragazza.	He wrote a threatening letter to his girlfriend.	7d4cc92a-b330-5d09-aee1-920f3d2f8328	50	48
Scrisse una lettera minatoria alla sua ragazza.	He wrote a threatening letter to his girlfriend.	739eed46-de45-523e-a181-a3defb4463f3	47	48
Scrisse una lettera di minacce alla sua ragazza.	He wrote a threatening letter to his girlfriend.	22e99cc0-ee70-58ea-ad8f-e97f205c35fb	48	48
Ha scritto una lettera minatoria alla sua morosa.	He wrote a threatening letter to his girlfriend.	01ac2c65-ed95-5214-a01a-c9d9f9a81504	49	48
Scrisse una lettera minatoria alla sua fidanzata.	He wrote a threatening letter to his girlfriend.	ba6347fe-977a-530f-bd58-86a5c33bbc12	49	48
Scrisse una lettera minatoria alla sua morosa.	He wrote a threatening letter to his girlfriend.	d9b31f0a-1a8c-5c05-9b28-70f1e8152a34	46	48
Lui scrisse una lettera minatoria alla sua morosa.	He wrote a threatening letter to his girlfriend.	27b39018-af98-5226-9235-006e5ffcf572	50	48
Ha scritto una lettera di minacce alla sua morosa.	He wrote a threatening letter to his girlfriend.	e2eff46b-c331-529b-a2d0-7835f73a60a9	50	48
Scrisse una lettera di minacce alla sua fidanzata.	He wrote a threatening letter to his girlfriend.	60ad8d4f-17b5-5463-b591-0f75994299dc	50	48
Scrisse una lettera di minacce alla sua morosa.	He wrote a threatening letter to his girlfriend.	2b8f52c6-19a1-5a68-b277-ede683746876	47	48
Il mio amico si ricordava da che parte andare.	My friend remembered which way to go.	07762951-d2da-580d-97e3-38e09e6e2c3a	46	37
La mia amica si ricordava da che parte andare.	My friend remembered which way to go.	a527971d-8547-5a47-8612-941f69446293	46	37
Avresti potuto correre.	You could've run.	a087b0d7-4cc0-540b-aab3-fcf6f373b1ab	23	17
Avreste potuto correre.	You could've run.	44f14e7a-22b7-5596-aa77-9fae8a7f9936	23	17
Avrebbe potuto correre.	You could've run.	48f37c02-afa0-57d2-97ed-ad068bd1e0ac	23	17
Sono andati in spiaggia.	They went to the beach.	85293397-9504-54e1-9133-ac56d34eec35	24	23
Loro sono andati in spiaggia.	They went to the beach.	365b07ed-2c89-5165-ac67-0559a73646f2	29	23
Sono andate in spiaggia.	They went to the beach.	ed631b15-e775-5468-8ccd-23bc0ae96133	24	23
Loro sono andate in spiaggia.	They went to the beach.	94b13fd6-0ac2-52ab-b405-2040de93b6ad	29	23
Andarono in spiaggia.	They went to the beach.	e383ef68-c562-5ccb-a671-ecaecc63c793	21	23
Loro andarono in spiaggia.	They went to the beach.	03680a3a-62d2-54bf-b02e-a532caf70bc0	26	23
Avevo appena scritto la lettera quando è tornato.	I had just written the letter when he came back.	13f91ca4-0d69-576e-9f45-aa4470ee5954	49	48
Dove stava lavorando Tom all'epoca?	Where was Tom working then?	092aa274-73c0-5016-a300-b8d82843980a	35	27
Tom dove stava lavorando all'epoca?	Where was Tom working then?	2de15f56-3a61-5158-871c-5475fbdbdfd2	35	27
Non questa sera.	Not tonight.	eff9441e-3c40-518a-b3ac-7091c3e9e15a	16	12
Non questa notte.	Not tonight.	abec5402-6ec7-5f73-9101-71b40fcbcf30	17	12
Mi presteresti quel libro?	Would you lend me that book?	fe6d71e2-0eb9-5c9c-bf14-b580d072aadd	26	28
Mi prestereste quel libro?	Would you lend me that book?	2348208f-d09b-5f78-8995-5bc3dc31baf6	26	28
Mi presterebbe quel libro?	Would you lend me that book?	e45e041e-6578-5b90-9176-9ea5e5e7dc5c	26	28
Cosa ci faranno?	What will they do to us?	d5148ddc-fd96-529a-9eee-b0471872957d	16	24
Che cosa ci faranno?	What will they do to us?	2fc8b8ed-81fb-54af-b22f-f201079583bf	20	24
Che ci faranno?	What will they do to us?	a0813736-63a3-5105-aa15-6c076f412deb	15	24
Quanti hamburger ci sono?	How many hamburgers are there?	cfefb252-27c8-5108-8007-81658344ea66	25	30
Devi riprovare.	You have to try again.	462af8c3-e222-5556-8662-1a7c9f551685	15	22
Deve riprovare.	You have to try again.	1016e0ca-b09f-559c-97ed-9be925e6520e	15	22
Dovete riprovare.	You have to try again.	511538d7-d2d8-5e2f-8513-5968cb2c3208	17	22
Non impiegherò altro del tuo tempo.	I won't take up any more of your time.	452d8d48-0dde-5267-b9d7-5212b4a1e401	35	38
Non impiegherò altro del suo tempo.	I won't take up any more of your time.	8ac6293f-f3d3-5b06-89f7-8b4db2da11d4	35	38
Non impiegherò altro del vostro tempo.	I won't take up any more of your time.	5ef76ba6-bbbc-57b1-8af9-542658a0879a	38	38
Come ti senti davvero, Tom?	How do you really feel, Tom?	cb3ae4ac-de62-58aa-8af6-49ca7281df68	27	28
Come ti senti veramente, Tom?	How do you really feel, Tom?	7693022d-6340-50a1-bc5d-b1bd781adb5b	29	28
I soldi sono importanti in questo modo.	Money is important in this way.	aa13e6e3-462a-5af0-9c2a-a6b8f8b95452	39	31
Il denaro è importante in questo modo.	Money is important in this way.	649fdfed-1c57-567e-8484-71613a59f3f2	38	31
Vengo da Oslo.	I am from Oslo.	a43aa10f-d5e3-5685-9eb7-7a39d724b0f8	14	15
Io vengo da Oslo.	I am from Oslo.	97a09389-b0e0-5e27-ae12-c5998cac0d8c	17	15
L'ho fatto apposta.	I did that on purpose.	dae4fcea-5ae0-5a7d-a2ce-ee0b1aefbfe1	19	22
Ero un pochino deluso.	I was a little bit disappointed.	371c33a2-e182-54c0-b64f-f0923cfe871c	22	32
Io ero un pochino deluso.	I was a little bit disappointed.	4128b73f-fc32-578a-9e42-ee2a834c28f9	25	32
Ero un pochino delusa.	I was a little bit disappointed.	2225681c-ad95-5015-b3cf-c5aa34ca63b7	22	32
Io ero un pochino delusa.	I was a little bit disappointed.	37d3b818-e30c-59b1-b57d-e5612e8010bf	25	32
Tom è convinto che sia una buona idea.	Tom is convinced that's a good idea.	8dbfed3b-dffd-522f-b5d8-96b09581f29f	38	36
Tom è convinto che quella sia una buona idea.	Tom is convinced that's a good idea.	5227966e-dd4c-5964-8905-9801989d993c	45	36
Lo feci apposta.	I did that on purpose.	3a463d92-9671-5f6b-8b65-631c1a3df7f2	16	22
Li stai spaventando.	You're scaring them.	ebf64eaf-4c62-50d9-ba66-fa8c8dce582d	20	20
Le stai spaventando.	You're scaring them.	ba429884-1f35-5c82-a196-15819c8fc529	20	20
Li sta spaventando.	You're scaring them.	20dcfe25-9938-5b9f-a324-5f6adcb2828d	19	20
Li state spaventando.	You're scaring them.	753b5473-f0a8-5b03-87a3-d0ff279fb1ba	21	20
Le state spaventando.	You're scaring them.	d5760d56-3280-556a-bc70-7cb71c2c9dc5	21	20
Le sta spaventando.	You're scaring them.	bf57ced4-e5f8-58b3-a3b8-ab43f89944eb	19	20
Tutti i nostri piani sono andati male.	All our plans went wrong.	3df75fd5-cd4b-5a8b-828b-92ee7fc4ec07	38	25
Ero lì solo per tre giorni.	I was only there for three days.	57417ff0-d449-54d6-be89-e98adea12f96	27	32
Io ero lì solo per tre giorni.	I was only there for three days.	6b75ea52-e116-523d-a291-23932ade0890	30	32
Ero lì soltanto per tre giorni.	I was only there for three days.	772764a8-dd6b-5e1d-bd2e-7f9fce4f7d9e	31	32
Io ero lì soltanto per tre giorni.	I was only there for three days.	bcd88517-8760-532f-b17b-3bed095b837c	34	32
Ero lì solamente per tre giorni.	I was only there for three days.	aa3bb730-d1e7-55af-8862-e7f5cdd70373	32	32
Io ero lì solamente per tre giorni.	I was only there for three days.	31ddde1a-64ee-5038-8ca4-6206b2c498ee	35	32
Tom ha annuito in silenzio.	Tom nodded silently.	26d01d31-5a2f-531f-b32c-3376df1df03b	27	20
Tom annuì in silenzio.	Tom nodded silently.	877fe61a-a42e-51bb-a09c-5ab0d9717434	22	20
A che ora parte il tuo aereo?	What time does your plane leave?	41aadea3-4baf-51ca-9abd-a143c7e44f4e	29	32
A che ora parte il suo aereo?	What time does your plane leave?	5f78fa0a-bb5b-5a55-89e6-9a4914f8e39a	29	32
A che ora parte il vostro aereo?	What time does your plane leave?	2a005fda-a910-5fd1-95e5-3c9f1dcd033a	32	32
Tom ha cresciuto tre figli tutto da solo.	Tom raised three children all by himself.	1612add8-ca98-5136-9f01-bd1cddd47e1b	41	41
Tom crebbe tre figli tutto da solo.	Tom raised three children all by himself.	e7e1744f-b363-5282-8975-a771081be945	35	41
Trasportavano dell'acqua dentro dei secchi.	They carried water in buckets.	bd92bd4b-2ea4-56de-9210-cbad054d17ef	43	30
Loro trasportavano dell'acqua dentro dei secchi.	They carried water in buckets.	7b92f138-db61-54b8-9615-7d3eae2145e4	48	30
Tom ha detto la brutta notizia a Mary.	Tom told Mary the bad news.	333d46f5-d714-56e4-8fac-ddeab60d046c	38	27
Tom disse la brutta notizia a Mary.	Tom told Mary the bad news.	13749c8b-dc90-5a59-9b2f-c22c017d78ff	35	27
Tom ha detto le brutte notizie a Mary.	Tom told Mary the bad news.	e34e91af-ec55-599b-920e-d1cd4b3cb5a2	38	27
Tom disse le brutte notizie a Mary.	Tom told Mary the bad news.	949903e4-f9d3-5add-a60b-022b13b196d0	35	27
Lo hanno fatto lavorare.	They made him work.	93357e0b-d889-5ad2-a57d-161df27a55db	24	19
Lo fecero lavorare.	They made him work.	81257df5-a07b-5978-a6c5-35a7ba1f7e61	19	19
Avresti potuto farlo.	You could have done it.	560aaab2-eea7-57a8-a456-e5427b3073b9	21	23
Avresti potuto farla.	You could have done it.	f301c6c5-9868-550c-b164-8111bebe4029	21	23
Avreste potuto farlo.	You could have done it.	01265838-3549-52b9-9a91-429c942cf1ad	21	23
Avreste potuto farla.	You could have done it.	f3e78b64-3bb4-5b1f-b57d-4ba5bfe78052	21	23
Avrebbe potuto farlo.	You could have done it.	da5e636d-ce59-5f00-8f15-4a044cd2869f	21	23
Avrebbe potuto farla.	You could have done it.	b1d84b77-21db-5dbd-85ce-45a67b5f9172	21	23
Lo avresti potuto fare.	You could have done it.	86a0eb85-2e71-5769-8ff2-c340382ba44d	23	23
Lo avreste potuto fare.	You could have done it.	55af7b05-c2c3-526c-b1e4-bbf490b59ed8	23	23
Lo avrebbe potuto fare.	You could have done it.	dcaedb14-07b4-5ac7-b49f-507b38f1fe5f	23	23
Siamo andati a Boston.	We went to Boston.	419e9562-41bc-5b0a-bb94-29abfcfb58b3	22	18
Noi siamo andati a Boston.	We went to Boston.	aaccc9f8-0483-5d69-9a00-77c391cb5640	26	18
Siamo andate a Boston.	We went to Boston.	c2ac050a-15f7-5077-869a-89f2c2f24227	22	18
Noi siamo andate a Boston.	We went to Boston.	b776920c-baa1-5784-9307-ce5d60533b75	26	18
Andammo a Boston.	We went to Boston.	57fda7d9-3700-5fc6-8ecc-ce2c6ba39e75	17	18
Noi andammo a Boston.	We went to Boston.	3a9f91ca-3817-560a-95f3-007388fee87e	21	18
Non hai nulla di cui vergognarti.	You have nothing to be ashamed of.	d2112252-30b6-50ed-96b5-920c6eef8239	33	34
Non hai niente di cui vergognarti.	You have nothing to be ashamed of.	26d9c485-7e22-5b30-becc-2b3da659d7b6	34	34
Non ha nulla di cui vergognarsi.	You have nothing to be ashamed of.	5df9f741-69dd-5157-8552-a57d14fc7dd7	32	34
Non ha niente di cui vergognarsi.	You have nothing to be ashamed of.	2d71c891-9bb9-5c4f-8233-20aab470a991	33	34
Non avete nulla di cui vergognarvi.	You have nothing to be ashamed of.	c650715e-6d16-52ba-9480-f5ebb50d98fb	35	34
Non avete niente di cui vergognarvi.	You have nothing to be ashamed of.	935c5764-3ff3-5aba-b0c1-019c593a0449	36	34
Farà abbassare il prezzo.	That'll bring the cost down.	91e9cd31-0d32-5f05-827e-69b25d9ac1eb	25	28
La luna di miele non è ancora finita.	The honeymoon's not over yet.	728de34f-95b4-5300-b977-b163423007f9	37	29
Penso di averli mischiati.	I think I've mixed them up.	a48cf80e-c06c-51b6-836e-c0a8359d4158	26	27
Penso di averle mischiate.	I think I've mixed them up.	84a78d25-0c6d-5a1d-9096-61a6b1cedced	26	27
Penso di averli mescolati.	I think I've mixed them up.	39fc43e0-bb08-5b35-b91a-25ef2aeab66e	26	27
Penso di averle mescolate.	I think I've mixed them up.	f1756919-af5d-596f-a86a-48fe394e452e	26	27
È impossibile finire questo in due giorni.	It is impossible to finish this in two days.	70cc8c3c-01cc-59d6-9f54-6258c7db87d9	42	44
Lascia che faccia una domanda.	Let me ask a question.	16283c98-6e23-5d1c-af04-e0e266ff74b2	30	22
Lasci che faccia una domanda.	Let me ask a question.	dec16909-c080-55e1-8473-85ff221ba83d	29	22
Lasciate che faccia una domanda.	Let me ask a question.	e1ea9b9e-fb2a-5df2-ac0f-62ae4b1450bd	32	22
Maria non mangia il cibo che vendono per strada.	Maria doesn't eat food that's sold on the street.	76ae9607-c709-5a96-8604-57c26646f6cf	48	49
Tom ha delle abilità musicali uniche.	Tom has unique musical abilities.	bbf4c07c-4050-5dfd-add1-a2e18898e961	37	33
Mio fratello ha ventuno anni ed è sposato.	My brother is twenty one years old and is married.	adbe27f7-3f13-59f0-ae94-d5eb2142fe9e	42	50
Dipende da come mi sento.	It depends how I feel.	1aa93dab-09e6-5d94-bed0-bed0a135782e	25	22
Ho speranza.	I have hope.	96918cef-08fc-5d0a-82b3-a42bcc5842fe	12	12
Io ho speranza.	I have hope.	d05b37d0-c5c2-555e-bf25-5b0cdfc32cb8	15	12
In questo appartamento vive uno spirito maligno.	In this flat lives an evil spirit.	dfc1bdab-a995-50c0-8d24-424ecf2a2b3d	48	34
Hanno arrestato Tom.	They arrested Tom.	4e2813d8-bf23-5e8a-918e-57b065dcd789	20	18
Arrestarono Tom.	They arrested Tom.	4be5ea25-de09-570b-9661-7194ce73b5bf	16	18
Le mie mutande sono bagnate.	My underpants are wet.	f5960582-238f-57aa-ba7e-22e78aba8b1b	28	22
Penso che sia saggio.	I think that's wise.	97de1e67-f8d7-5d15-817d-a79b8382007e	21	20
Io penso che sia saggio.	I think that's wise.	5f608e67-eebf-55da-953e-71ea413d8030	24	20
Forse Tom può aiutarti.	Perhaps Tom can help you.	724b1fbc-540f-525d-b3d5-271a81b488fa	23	25
Forse Tom può aiutarvi.	Perhaps Tom can help you.	2d69ef00-80b9-5033-b88c-7ba66aa58dff	23	25
Forse Tom può aiutarla.	Perhaps Tom can help you.	a8128c64-d039-51be-b853-a9e6e150bedd	23	25
Forse Tom ti può aiutare.	Perhaps Tom can help you.	b672f4be-35b3-5c58-95cb-fd167b17d5db	25	25
Forse Tom vi può aiutare.	Perhaps Tom can help you.	d06a550a-2952-5282-af6e-61c7fa3741a5	25	25
Forse Tom la può aiutare.	Perhaps Tom can help you.	19792179-a03b-5e25-824b-cbdc47f4652d	25	25
Tom aveva molto entusiasmo.	Tom had a lot of enthusiasm.	98ccaaea-1056-5e29-a466-a210bd043d8b	27	28
Non è capitato niente.	Nothing has happened.	1b586181-b2e6-55f6-99ea-d0f28a0ceab4	22	21
Non è capitato nulla.	Nothing has happened.	6d1ea94b-d56f-54e2-b0f1-0978c2728d9b	21	21
Non siamo molto bravi.	We're not very good.	0b5d8ab6-918c-56d9-bc08-a8a75530e6f9	22	20
Noi non siamo molto bravi.	We're not very good.	5c8289af-0017-5e0c-b81d-2ef7ba653826	26	20
Non siamo molto brave.	We're not very good.	f9916b1f-50b5-5255-af5f-68e469d1f962	22	20
Noi non siamo molto brave.	We're not very good.	3390d40f-b81b-5a78-a4b7-e002b2f69a88	26	20
Non siamo molto buoni.	We're not very good.	449ffbf3-2d33-521a-8614-5f50f362c914	22	20
Noi non siamo molto buoni.	We're not very good.	eaa8d9f0-f01b-5295-840d-e12c48e4157a	26	20
Noi non siamo molto buone.	We're not very good.	9b26f3d4-3395-50a7-b458-940b08fee193	26	20
Non siamo molto buone.	We're not very good.	8b78e442-53de-5216-92a0-46a61b4f18b4	22	20
Il direttore vuole parlarti.	The principal wants to talk to you.	baafad3c-6fa6-53a1-9609-ae8875529ab4	28	35
Il direttore vuole parlarvi.	The principal wants to talk to you.	f160134a-0ba3-571c-b919-3d6b35b09b4b	28	35
Il direttore vuole parlarle.	The principal wants to talk to you.	a1aa04c8-a377-5233-97be-290600787ca4	28	35
Il preside vuole parlarti.	The principal wants to talk to you.	2ef74114-840f-5431-969b-253d3e77253c	26	35
Il preside vuole parlarvi.	The principal wants to talk to you.	908b8b67-317e-556c-a34e-d409b4b38497	26	35
Il preside vuole parlarle.	The principal wants to talk to you.	71ec0eb4-57ee-5191-85b7-5e924411375e	26	35
Il direttore ti vuole parlare.	The principal wants to talk to you.	16a68d31-1689-517c-b4b3-20362bd33f67	30	35
Il direttore vi vuole parlare.	The principal wants to talk to you.	afb5077b-6750-5a34-9bac-62130f96e9dc	30	35
Il direttore le vuole parlare.	The principal wants to talk to you.	b8cd78b3-1c29-5ce6-9ccf-330a7d89ee0d	30	35
Il preside ti vuole parlare.	The principal wants to talk to you.	e7759fae-7f8e-597b-8a83-b7fc0c51f031	28	35
Il preside vi vuole parlare.	The principal wants to talk to you.	8c4f3e7b-e5a0-5c73-9cfa-28b07b9ee6f0	28	35
Il preside le vuole parlare.	The principal wants to talk to you.	5972e24c-eb8b-54f8-9d96-515084f94297	28	35
Non ci piacevano.	We didn't like them.	1c697f93-09a9-5075-9f4d-e8ff024d561a	17	20
Loro non ci piacevano.	We didn't like them.	bea62760-809c-500c-b142-6dd104a7e449	22	20
Non ci piacevamo.	We didn't like each other.	9d299911-885f-5263-b6d6-61c13f89b917	17	26
Noi non ci piacevamo.	We didn't like each other.	99e301ce-d406-500e-95c4-c7f083043aec	21	26
Sono sotto la coperta.	I am under the blanket.	fd95421a-3194-518a-95f1-16f6d80bb3ae	22	23
Io sono sotto la coperta.	I am under the blanket.	143444d2-8296-5b14-8cac-2cc0fa6d9fa1	25	23
Sa quando arriveranno?	Do you know when they will arrive?	bcc8a53b-6b90-5f73-81fe-17cdfc0285d3	22	34
Sapete quando arriveranno?	Do you know when they will arrive?	9082ac0f-b3c1-56a3-b690-35d9d7df39ba	26	34
Tom ha visto un incidente mentre andava a scuola.	Tom saw an accident on his way to school.	311a25e3-d1d5-5db5-b2a8-5969e8ad0ef4	49	41
Tom vide un incidente mentre andava a scuola.	Tom saw an accident on his way to school.	eaa26b3e-2100-56d2-b757-53ef96e3de1f	45	41
Non è meno bella di sua madre.	She is no less beautiful than her mother.	11a8ce8c-18ff-5aa1-91d7-b8bebc02ded3	30	41
Lei non è meno bella di sua madre.	She is no less beautiful than her mother.	ae6dfffe-17c1-5760-b141-5ee876e0d4a8	34	41
Mi sono appena fatto un amico.	I just made a friend.	fcd8ca64-2e23-5cb9-8906-6791867b9ade	30	21
Mi sono appena fatta un amico.	I just made a friend.	c01a908e-9717-5def-bd39-264ec39774b1	30	21
Mi sono appena fatto un'amica.	I just made a friend.	bb3b5c7d-4c5e-5b9c-9e85-d199a84e76c7	30	21
Mi sono appena fatta un'amica.	I just made a friend.	dec2ab24-8802-56e6-b9ce-99ed92ec8c20	30	21
Ha fatto male, ma non ho pianto.	It hurt, but I didn't cry.	27ef5a6d-c667-53e2-8e2c-d5291703dea5	32	26
Ha fatto male, però non ho pianto.	It hurt, but I didn't cry.	88c754a3-a49f-5f49-b95b-baba1863cded	34	26
Questo orologio è un acquisto davvero buono.	This watch is a really good buy.	245fff55-b77c-54db-8ae0-0fdf7c1c1f1d	44	32
Questo orologio è un acquisto veramente buono.	This watch is a really good buy.	b5635860-3aec-562f-846e-bb7c86098252	46	32
Ti rimangono dei biglietti?	Do you have any tickets left?	852f5aa3-4527-58e6-8544-d1fd2321abc8	27	29
Vi rimangono dei biglietti?	Do you have any tickets left?	e2e7f869-b3bf-5ea4-bdf5-17e6719af8c3	27	29
Le rimangono dei biglietti?	Do you have any tickets left?	057458bf-72af-555b-a7db-5030988dd7aa	27	29
Che scelta abbiamo?	What choice do we have?	1bee296c-90f6-5198-848f-10068cc83f28	19	23
Tom è un bullo, proprio come John.	Tom's a bully, just like John is.	fc6a862f-2921-56f8-ad82-73699b70d541	34	33
Tom ha accettato la nostra offerta.	Tom accepted our offer.	97788f1f-bd9d-576f-a158-87f000ca72c2	35	23
Tom accettò la nostra offerta.	Tom accepted our offer.	8bf3135a-d7e9-553c-8867-3851a2252301	30	23
Perché l'hai lasciato da solo?	Why did you leave him alone?	a5969070-b19e-5263-bd56-24c21981ab7e	30	28
Perché lo ha lasciato da solo?	Why did you leave him alone?	bc4cb639-442d-50de-b32c-0e8f6dc67d10	30	28
Perché lo avete lasciato da solo?	Why did you leave him alone?	546ba70e-e051-59eb-818b-44ec807030bf	33	28
Tom ci sta cercando?	Is Tom looking for us?	7d9c2251-6006-57f7-8275-6f882c3afa87	20	22
Perché hai lasciato Tom da solo?	Why did you leave Tom alone?	eb758fe8-df00-54dd-80dd-55209afb1b3c	32	28
Perché ha lasciato Tom da solo?	Why did you leave Tom alone?	8bed1361-09ff-58df-91c2-72ebe2065c53	31	28
Perché avete lasciato Tom da solo?	Why did you leave Tom alone?	14c6a6fc-986d-5023-9e75-6ab8be3bdd38	34	28
Perché l'hai lasciata da sola?	Why did you leave her alone?	7fddc5a3-2753-5f97-961d-f3dcd942910c	30	28
Perché l'ha lasciata da sola?	Why did you leave her alone?	3373a142-ba00-5f71-83be-80bb231026e1	29	28
Perché la avete lasciata da sola?	Why did you leave her alone?	e4703b76-92f3-5fb0-8a08-d20d774032f0	33	28
Vuoi che rimangano?	Do you want them to stay?	4525f094-de93-5b85-8c7e-be31606708dc	19	25
Vuole che rimangano?	Do you want them to stay?	695cfc40-a7dd-5e48-97c0-8d359c45c0f5	20	25
Volete che rimangano?	Do you want them to stay?	90bfd110-9a60-5366-b44c-408c570b5bd7	21	25
Vuoi che restino?	Do you want them to stay?	65730b40-4c94-5747-893f-8143a17f1439	17	25
Vuole che restino?	Do you want them to stay?	42768449-84ab-569d-8515-6e1cf61381e9	18	25
Volete che restino?	Do you want them to stay?	bd5af277-4104-55f3-bb60-e0c3c3266af1	19	25
È tutto quello che vuoi sapere?	Is that all you want to know?	c3fa3376-718a-5701-9085-57de553613dd	31	29
È tutto quello che vuole sapere?	Is that all you want to know?	759c8480-907a-5edb-a608-8bf833c19923	32	29
È tutto quello che volete sapere?	Is that all you want to know?	d0ff672e-cf55-5f7a-a6d4-f7a6f2be862f	33	29
Il mio quartiere è un bel posto in cui vivere.	My neighborhood is a nice place to live.	b6712fd8-a298-572c-bad9-c64caf3f2c3d	46	40
Il mio quartiere è un bel posto in cui abitare.	My neighborhood is a nice place to live.	f61df4e8-658c-5893-aa00-81ce4a78a21d	47	40
Tom odia gli insetti.	Tom hates insects.	5e21c46a-43fe-5f51-8721-39353e3852f8	21	18
È successo qualcosa di interessante a scuola oggi?	Did anything interesting happen at school today?	a81f1fe7-80a7-53d7-8e0a-8afc291235fd	50	48
È capitato qualcosa di interessante a scuola oggi?	Did anything interesting happen at school today?	eb536170-dcfc-5e65-8e5c-a6961eb2168d	50	48
Questo è abbastanza per me.	This is enough for me.	ddf7c9ab-cdf8-5023-84e0-6c5859297eb2	27	22
Fammi provare qualcosa.	Let me try something.	358d64c6-db9e-517f-86f7-410b35bcd9ba	23	21
Mi faccia provare qualcosa.	Let me try something.	b1421874-e6e5-5e90-a794-2c05549916e6	27	21
Fatemi provare qualcosa.	Let me try something.	fe2ad579-c5d9-55df-b9be-395032bedd23	24	21
Nessuno era più sorpreso di me.	No one was more surprised than me.	337773b3-bc6c-5cca-9f47-d9c43a2cb687	31	34
Continua con il tuo lavoro.	Go on with your work.	e295e9d1-7174-5e18-8799-442194fe7c44	27	21
Continui con il suo lavoro.	Go on with your work.	c00ae147-865a-5370-9205-cfe5cd51ec23	27	21
Continuate con il vostro lavoro.	Go on with your work.	9a3b9605-fbf0-5b7e-b326-f96fa1d29681	32	21
Il freddo intorpidisce gli arti.	Cold numbs the limbs.	5381012f-9cd0-5639-ab18-15948af6cf87	32	21
Tutti loro sono rimasti in silenzio.	All of them remained silent.	ed28ef9e-4c18-5170-909b-c4b9195c9338	36	28
Tutte loro sono rimaste in silenzio.	All of them remained silent.	ac4c111c-7cf0-57e8-aac1-a4977c798fec	36	28
Tutti loro rimasero in silenzio.	All of them remained silent.	26b96463-f11e-50e4-87a9-6d0c7c55a297	32	28
Tutte loro rimasero in silenzio.	All of them remained silent.	37ede3eb-b485-5fd7-958b-e66276a21e65	32	28
Potrei farti una domanda personale?	Might I ask you a personal question?	f495f4fa-aeb8-5054-af1c-ff8dab6f735e	35	36
Potrei farvi una domanda personale?	Might I ask you a personal question?	28ac26f0-adad-5252-bf92-a6e87094f7d2	35	36
Potrei farle una domanda personale?	Might I ask you a personal question?	c77a352b-a49b-5005-8625-f860b0294838	35	36
Tom deve fare una telefonata urgente.	Tom needs to make an urgent telephone call.	49183f5f-41d1-53cc-aacd-92546a781475	37	43
Ho sentito Tom litigare con Mary.	I heard Tom arguing with Mary.	ef07d688-c10b-5372-8c53-8de14d3b7d2d	33	30
Sentii Tom litigare con Mary.	I heard Tom arguing with Mary.	7fc260fc-799d-5928-ab9c-a50d715bab4d	29	30
Penso che dovremmo parlare con lui.	I think we should talk to him.	a1f0d9f4-cc6a-5dd3-be28-d0efd22cae50	35	30
Lui ha tre fili.	He has three sons.	a37e49c2-6f1c-560b-9eb1-57d7d3399cf2	16	18
Non so dove porta quella strada.	I don't know where that street leads.	9db1ebf6-a492-5571-a0d9-2645f8fb6621	32	37
L'ho sempre voluto provare.	I've always wanted to try that.	0ffbb627-327d-59e5-ae4e-a0fcbb9eb591	27	31
Devo chiedere un favore.	I need to ask a favor.	557f3739-0a7e-5c05-a972-3e279d4c6b41	24	22
Chi si sta lamentando?	Who's complaining?	7f77be23-d6fe-5149-9347-bff92b801f5c	22	18
Comprendo il rischio.	I understand the risk.	bbaa1a07-8a5b-5f46-b46e-f018dc82b962	21	22
Il tuo tema ha qualche errore.	Your composition has a few mistakes.	5669bb43-68e3-597c-b060-24a905c35859	30	36
Il suo tema ha qualche errore.	Your composition has a few mistakes.	e7c52c35-21e5-5206-8a42-2866738086e0	30	36
Il vostro tema ha qualche errore.	Your composition has a few mistakes.	7b753c68-e8ab-5708-a1c0-041c9f1631c5	33	36
Non ho mai saputo il suo nome.	I never knew his name.	d3262f15-f10f-58e2-ac2d-e0b6bf1f00b6	30	22
Io non ho mai saputo il suo nome.	I never knew his name.	0820d287-eeb0-56a0-9281-9f429051b7f2	33	22
E se Tom avesse ragione?	What if Tom was right?	2a0ecb1d-a782-555a-9264-8b5beb26b071	24	22
Li abbiamo visti entrambi.	We both saw them.	5e2bc53a-914b-55d7-9383-312d98672207	26	17
Li abbiamo visti entrambe.	We both saw them.	333fc8a3-b387-56cc-8e1b-77697a382bcd	26	17
Le abbiamo viste entrambi.	We both saw them.	0f99bb6a-d74b-505c-92dc-c3e74016e05a	26	17
Le abbiamo viste entrambe.	We both saw them.	314f9d57-184e-54fa-9e53-515846a7a9e2	26	17
Tom ha baciato Mary sulla guancia.	Tom kissed Mary on the cheek.	da8899e9-161d-571b-96ff-68bff992b16e	34	29
Tom baciò Mary sulla guancia.	Tom kissed Mary on the cheek.	575434fa-37c1-5673-9749-de0cace758a9	29	29
In realtà sai come fare questo?	Do you actually know how to do this?	dbe21867-03e5-5989-841a-b08d775c1868	31	36
In realtà sa come fare questo?	Do you actually know how to do this?	8d0003e7-c94c-5566-8aa2-7f7d697b25c6	30	36
In realtà sapete come fare questo?	Do you actually know how to do this?	b7e4c923-3cdf-5604-a6f4-47f46fb92bf8	34	36
Ti sei arreso troppo presto.	You gave up too soon.	a8f8029b-d8b9-5b09-b024-576d5e982d51	28	21
Ti sei arresa troppo presto.	You gave up too soon.	f2b9c730-44c8-53c5-9fe2-1037e3a0b816	28	21
Si è arreso troppo presto.	You gave up too soon.	10667db0-ce98-5d6e-b64e-821bc6f1708d	26	21
Si è arresa troppo presto.	You gave up too soon.	073fd310-d707-5223-b344-892b262d60f1	26	21
Vi siete arresi troppo presto.	You gave up too soon.	5e021cbf-fa12-5352-8d44-eec1db5de200	30	21
Vi siete arrese troppo presto.	You gave up too soon.	2ed64ec2-5f41-5255-9e3a-115a913a18f5	30	21
Penso di essere stato innamorato di lui.	I think I was in love with him.	4f21bc3f-2118-5c99-9427-897aef8d258b	40	31
Penso di essere stata innamorata di lui.	I think I was in love with him.	b71d3f99-4c5d-5c90-828c-35b1d04e166b	40	31
Spiegami perché Tom non è qui.	Explain to me why Tom isn't here.	833c0123-46f9-5e0f-80a0-f6a2b407ed87	30	33
Mi spieghi perché Tom non è qui.	Explain to me why Tom isn't here.	af7bc411-f478-5d63-9308-c965f17983d6	32	33
Spiegatemi perché Tom non è qui.	Explain to me why Tom isn't here.	f99d51ba-bb68-5b84-b238-b2e36e6065c4	32	33
Siamo qui stasera per una buona causa.	We're here tonight for a good cause.	e0686d2b-940e-5781-8e22-d3acc6791f34	38	36
Siamo qui questa sera per una buona causa.	We're here tonight for a good cause.	7c35923e-343a-5921-a035-9b72bd41ed0e	42	36
Tom si stava nascondendo nel bosco.	Tom was hiding in the woods.	47e3a117-69a0-5221-ba50-8252f0286c9b	35	28
Tutto era così bello.	Everything was so beautiful.	12489b99-fd30-5ab7-aa02-dcd7e03b9155	21	28
Era tutto così bello.	Everything was so beautiful.	1a2320a6-1b41-54e1-b8cd-6a35a92cd939	21	28
Il suo modo di pensare era razionale.	Her way of thinking was rational.	af6a4237-9790-5aaa-804c-84c0bd696510	37	33
Dovrò dire a Tom di questo.	I'm going to have to tell Tom about this.	a88a9daa-16de-52cf-aabf-5971796bbf82	27	41
Io dovrò dire a Tom di questo.	I'm going to have to tell Tom about this.	3d18a521-babe-570e-a94c-7dd2a51e3053	30	41
Posso parlare con lui, per favore?	Can I please talk to him?	ca7c2055-032d-5e38-a105-4da0b295e4db	34	25
Posso parlare con lui, per piacere?	Can I please talk to him?	f973e3e1-3ad5-5f25-9474-a73a90161de1	35	25
Posso parlare con lei, per favore?	Can I please talk to her?	9e7f80bc-408e-54be-987e-de0ed0849605	34	25
Posso parlare con lei, per piacere?	Can I please talk to her?	7442cb7c-1eea-52d1-94d1-8f2df5fe3945	35	25
Sono nati a Tacuarembó.	They were born in Tacuarembó.	4f21d24e-632b-59d6-8707-d16586efe89e	23	29
Loro sono nati a Tacuarembó.	They were born in Tacuarembó.	05633845-3a4b-5d07-9e51-510ca14ad92d	28	29
Sono nate a Tacuarembó.	They were born in Tacuarembó.	fa156b5a-cfab-501f-bb5e-b0dc1220c1d8	23	29
Loro sono nate a Tacuarembó.	They were born in Tacuarembó.	181c8144-fcb1-5d22-bceb-5fcc6623cd93	28	29
Nacquero a Tacuarembó.	They were born in Tacuarembó.	06484140-9e20-5ee7-aca2-44453c5f96b6	22	29
Loro nacquero a Tacuarembó.	They were born in Tacuarembó.	0b6a8c86-f5d6-5704-b213-6bf90b0ca2bf	27	29
Senza giustizia non ci sarà pace.	Without justice there will be no peace.	bff2d964-ed93-5321-9a27-5d314679367e	33	39
Non ignorare i tuoi subordinati.	Don't ignore your subordinates.	edee2e9f-4f44-564d-82e2-5ec82c81f177	32	31
Non ignori i suoi subordinati.	Don't ignore your subordinates.	041bb9c0-1322-5092-9c14-756c717dc1cc	30	31
Non ignorate i vostri subordinati.	Don't ignore your subordinates.	d36cc459-9adb-58c9-97c5-c5eb7a74fba5	34	31
Perché Tom si deve nascondere?	Why does Tom need to hide?	a94a2338-6415-54dc-b2dd-d327f1d41d5c	30	26
Perché Tom deve nascondersi?	Why does Tom need to hide?	aec67359-dbec-5ae2-aaa0-f1800d223067	28	26
A Tláloc piace viaggiare.	Tláloc likes to travel.	e6e7f1f3-3924-52d2-b1e6-dbf0da3d0340	25	23
Non lo vedo spesso.	I don't see him often.	a2da5471-731a-5612-a58b-7f93807c50c5	19	22
Io non lo vedo spesso.	I don't see him often.	4d5c736b-abf6-5af8-be2c-05eb13f262b6	22	22
Non la vedo spesso.	I don't see her often.	e68b3a66-b23b-51cf-b7b7-27e59051fd34	19	22
Io non la vedo spesso.	I don't see her often.	df8df0fc-bd01-5d33-9901-0de37427702b	22	22
Sono andato ad Harvard.	I went to Harvard.	6cb38497-f1be-5a92-8484-96c85d387ad6	23	18
Io sono andato ad Harvard.	I went to Harvard.	83cfdc98-6c1e-53e8-a4cb-377f62519976	26	18
Sono andata ad Harvard.	I went to Harvard.	20597ead-eed1-520d-8e12-99e202461ff9	23	18
Io sono andata ad Harvard.	I went to Harvard.	c9abe1b4-f843-5ef6-b3c6-70d5e8067b08	26	18
Andai ad Harvard.	I went to Harvard.	5c6c9a12-cb3d-5eb0-9b11-cae3437d86eb	17	18
Io andai ad Harvard.	I went to Harvard.	df286647-ceee-57fe-b84f-62af0e582375	20	18
Cosa mangiano le persone in Egitto?	What do people eat in Egypt?	72a802aa-e155-5c4a-b636-f97bc7867a41	35	28
Cosa mangia la gente in Egitto?	What do people eat in Egypt?	e46e59f0-a3b2-5f3b-84cd-02d29b6977b2	31	28
Che cosa mangiano le persone in Egitto?	What do people eat in Egypt?	0039bb91-b993-5542-8bd6-6e63cd97f62f	39	28
Che cosa mangia la gente in Egitto?	What do people eat in Egypt?	2d8e4389-1dfb-5538-a60b-c4a703edfe43	35	28
Ho deciso di dirle che la amo.	I decided to tell her that I love her.	e9303871-6191-5e6a-a478-a812db4f4568	30	38
Tom deve avere sui trent'anni.	Tom must be around thirty.	47572ec4-375d-5a73-92bc-34920c1c2ad8	30	26
Sto preparando delle uova strapazzate.	I'm making scrambled eggs.	9ebe8cfb-907e-5f66-89f7-f3e5e98d4fbe	38	26
Io sto preparando delle uova strapazzate.	I'm making scrambled eggs.	b4c4edcc-0912-523e-bf79-50d713ae7763	41	26
Tom aveva torto marcio.	Tom was dead wrong.	5b13c13e-c17a-5f20-9049-ae9fa4d516c0	23	19
I genitori di Tom vivono in America del Sud.	Tom's parents live in South America.	65f55f49-1902-5d20-a0c1-4b9ca2bda37c	44	36
In termini di salario, quel lavoro è fantastico.	In terms of salary, that job is fantastic.	e2199660-a2dd-52ce-a345-b0dbb9e2465f	48	42
In termini di salario, quell'impiego è fantastico.	In terms of salary, that job is fantastic.	1f984b39-c6af-55ad-aad0-cfa48f991c43	50	42
Dove sono le scialuppe di salvataggio?	Where are the lifeboats?	f0ae718d-ee99-525d-b0a6-7dfa9267ca19	38	24
Tutti sono stati coinvolti.	Everyone has been affected.	295bba36-265d-5cee-a22a-446696767032	27	27
Sono stati tutti coinvolti.	Everyone has been affected.	9d4427b1-968c-58a3-a729-fff0a42241b4	27	27
Tom vuole prendere in prestito un po' di soldi.	Tom wants to borrow some money.	dcded0e6-bf1a-5fee-8311-81b18f58b53f	47	31
Tom vuole prendere in prestito un po' di denaro.	Tom wants to borrow some money.	ddf19e25-586d-5b3f-995a-405ae1935728	48	31
Perché dovrei ascoltarti?	Why should I listen to you?	9fffa543-700f-5cec-bb98-5eee1de48991	25	27
Perché dovrei ascoltarvi?	Why should I listen to you?	05dbded9-af92-5482-86ca-126392ca48d2	25	27
Perché dovrei ascoltarla?	Why should I listen to you?	a3f6fd1d-56d3-55c1-adcc-f1c80ffed21e	25	27
Perché ti dovrei ascoltare?	Why should I listen to you?	ee3392ec-06fc-546d-91fe-cebde1b48093	27	27
Perché vi dovrei ascoltare?	Why should I listen to you?	804eb17f-43e8-5f5f-bd84-508008c4b12b	27	27
Perché la dovrei ascoltare?	Why should I listen to you?	446af428-6858-5684-a8de-873084c0b63d	27	27
Qualcuno ti sta osservando.	Somebody's watching you.	15428fe1-ddb7-5e43-8c47-98001785961c	27	24
Qualcuno vi sta osservando.	Somebody's watching you.	7a6ca9f3-5fb9-5671-998b-c38d9e6de56a	27	24
Qualcuno la sta osservando.	Somebody's watching you.	953ae6be-0d73-5999-946d-d972131e9b37	27	24
Beh, sono stato meglio.	Well, I've been better.	7e026699-6ff2-5842-92df-9f8ff5448932	23	23
Beh, sono stata meglio.	Well, I've been better.	927f1131-ffaf-55ec-8466-08f5623a1cab	23	23
Uno degli studenti non è venuto oggi.	One of the students didn't come today.	84abbf93-4129-5da9-92d9-8237244a49a4	37	38
Tom sta spalmando del burro sul pane.	Tom is spreading butter on the bread.	7b1eaee8-8805-5712-92a4-71e92a521411	37	37
Francamente, non mi importa.	Frankly, I don't care.	fb4ea593-1502-5d0e-979e-183f7e35cdda	28	22
Personalmente non mi importa più.	I personally don't care anymore.	b43f1b39-2059-5a46-86c9-2b38517b4af5	33	32
I suoi modi non erano quelli di un gentiluomo.	His manners were not those of a gentleman.	c42a6a87-26c5-5395-827d-6fd9113225ab	46	42
Sono soddisfatto.	I'm satisfied.	957e43d5-4845-593a-ab9b-153ac9c1297b	17	14
Io sono soddisfatto.	I'm satisfied.	d97fe3d6-0235-5da5-aafb-de2605cee71e	20	14
Sono soddisfatta.	I'm satisfied.	49b74df3-2d01-5d82-a45b-cef3082250bf	17	14
Io sono soddisfatta.	I'm satisfied.	042ba888-52b8-55e6-8304-17d159acebb5	20	14
Questo è il nostro primo Natale qui a Boston.	This is our first Christmas here in Boston.	8aa91550-5e6a-55a2-9f87-81fbfc6d74b2	45	43
Tom e Mary si sono sposati la Vigilia di Natale.	Tom and Mary got married on Christmas Eve.	62e05d1b-2d96-5f87-b2ab-96192b27d079	48	42
Tom e Mary si sposarono la Vigilia di Natale.	Tom and Mary got married on Christmas Eve.	8b0dae30-16b4-5eb7-acca-d7b91c1c5d7e	45	42
I bambini hanno ricevuto delle scarpe per Natale.	The children received shoes for Christmas.	b37fecd1-9275-548c-b54d-3462103dacee	49	42
I bambini ricevettero delle scarpe per Natale.	The children received shoes for Christmas.	4b98582c-8ce2-5be4-b017-b9c560e195c8	46	42
Molta gente va in chiesa la Vigilia di Natale.	Many people go to church on Christmas Eve.	e8c7a3e5-72bf-5b96-83f3-799d75092604	46	42
Mandiamo una cartolina di Natale a Tom quest'anno.	Let's send Tom a Christmas card this year.	bf83e6f2-f6d8-537b-8f18-8542eec3e2b0	50	42
Non manderò una cartolina di Natale a Tom.	I'm not going to send Tom a Christmas card.	fdefeb94-c171-5804-90e5-529bb23d4421	42	43
Io non manderò una cartolina di Natale a Tom.	I'm not going to send Tom a Christmas card.	dc61ae09-e9e6-5ac6-abea-a669f111e938	45	43
Voglio solo augurarti un buon Natale.	I just want to wish you a merry Christmas.	24896ceb-6951-5750-a872-b65481457c0b	37	42
Voglio solo augurarvi un buon Natale.	I just want to wish you a merry Christmas.	f3971432-a7fe-5a67-9b9b-f1774fae3a0b	37	42
Voglio solo augurarle un buon Natale.	I just want to wish you a merry Christmas.	38b6b545-0eb6-557f-973e-d1f9700329fc	37	42
Voglio solo augurarti un felice Natale.	I just want to wish you a merry Christmas.	0c0445ad-dc83-51a9-a1f9-e40c95c747bc	39	42
Voglio solo augurarvi un felice Natale.	I just want to wish you a merry Christmas.	3724f110-90c7-5736-8bdd-d17b4fc15d03	39	42
Voglio solo augurarle un felice Natale.	I just want to wish you a merry Christmas.	b96589d9-9652-5e88-aa68-b977fb2a2b61	39	42
Il 24 dicembre è la Vigilia di Natale.	December 24th is Christmas Eve.	873fe7bf-9a03-5af2-83eb-3326286318e0	38	31
Ti voglio solo augurare un buon Natale.	I just want to wish you a merry Christmas.	a78a5449-6779-51a3-a292-6f97f8545f83	39	42
Vi voglio solo augurare un buon Natale.	I just want to wish you a merry Christmas.	ae6c84fb-9e72-57c8-9c87-daf9c3e2f984	39	42
Le voglio solo augurare un buon Natale.	I just want to wish you a merry Christmas.	6c98c3f1-13cd-57a0-8254-fc795e54bc88	39	42
Ti voglio solo augurare un felice Natale.	I just want to wish you a merry Christmas.	735d0dab-20a6-5bed-86c8-33146bdd73a5	41	42
Vi voglio solo augurare un felice Natale.	I just want to wish you a merry Christmas.	b8df797a-978a-506e-a81f-7ad6aa40bcba	41	42
Le voglio solo augurare un felice Natale.	I just want to wish you a merry Christmas.	c33e4d27-6ad4-58c4-a8e1-6ef65f2a829b	41	42
Si sono sposati la Vigilia di Natale.	They married on Christmas Eve.	2846c726-1c22-546a-a481-cf250025cb20	37	30
Loro si sono sposati la Vigilia di Natale.	They married on Christmas Eve.	da4e6aff-7e9e-57e4-9fe5-ce7c5a5aa6a2	42	30
Si sono sposate la Vigilia di Natale.	They married on Christmas Eve.	e858c2e2-aa43-5b28-b563-b8cb5f10c334	37	30
Loro si sono sposate la Vigilia di Natale.	They married on Christmas Eve.	de65a941-582e-5bcf-820f-a9f18f895d95	42	30
Si sposarono la Vigilia di Natale.	They married on Christmas Eve.	e3c9b698-6d87-5d67-8dce-beb7da8ab807	34	30
Loro si sposarono la Vigilia di Natale.	They married on Christmas Eve.	2ea4ac82-282a-5942-b022-0be22c5bd593	39	30
Sono andati in chiesa la Vigilia di Natale.	They went to church on Christmas Eve.	ff56cd1d-bf9d-521e-afa2-725aacaec4a6	43	37
Loro sono andati in chiesa la Vigilia di Natale.	They went to church on Christmas Eve.	f260db18-c799-5ec3-a7c4-0222cc47f930	48	37
Sono andate in chiesa la Vigilia di Natale.	They went to church on Christmas Eve.	13a01817-42c8-5b53-8736-471a2e4db385	43	37
Loro sono andate in chiesa la Vigilia di Natale.	They went to church on Christmas Eve.	7340c42b-9e50-55d1-a41a-e9c982255131	48	37
Andarono in chiesa la Vigilia di Natale.	They went to church on Christmas Eve.	b4d3231a-c089-57fe-91cc-6318dee352ef	40	37
Loro andarono in chiesa la Vigilia di Natale.	They went to church on Christmas Eve.	e23bda17-ae40-5e28-bbae-a39e5725f0de	45	37
I bambini di solito si alzano presto a Natale.	Children usually get up early on Christmas.	4e913508-8e4d-5e8b-99ae-5f332f13afe4	46	43
I bambini solitamente si alzano presto a Natale.	Children usually get up early on Christmas.	63716696-5e7c-55ec-87b5-aceeb0490d64	48	43
Passo la Vigilia di Natale con la mia famiglia.	I'm spending Christmas Eve with my family.	d807b61a-514c-5a08-8d13-874c7119bc83	47	42
Io passo la Vigilia di Natale con la mia famiglia.	I'm spending Christmas Eve with my family.	d4888a99-74af-5aef-b081-b92db7e37ceb	50	42
Tom è in ospedale dalla Vigilia di Natale.	Tom has been in the hospital since Christmas Eve.	2d43b78b-317e-5b65-a1bc-865cce8605d8	42	49
Non so cosa farò dopo Natale.	I don't know what I'll do after Christmas.	94a2c46c-b177-5006-b25f-da961431d85f	29	42
Io non so cosa farò dopo Natale.	I don't know what I'll do after Christmas.	54309633-a219-5ad8-b275-7a429b685911	32	42
Non so che cosa farò dopo Natale.	I don't know what I'll do after Christmas.	4c30cf4a-9dfa-5f2c-a75c-e486889ba3df	33	42
Io non so che cosa farò dopo Natale.	I don't know what I'll do after Christmas.	5d54d937-e031-59e1-a214-6fa4866a32d5	36	42
Hai finito il tuo shopping di Natale?	Have you finished your Christmas shopping?	5ea7052f-75b9-54e7-b8fa-1dbe651efd62	37	42
Ha finito il suo shopping di Natale?	Have you finished your Christmas shopping?	e22d6b7e-42c7-5af0-9a20-7a2938bda74a	36	42
Avete finito il vostro shopping di Natale?	Have you finished your Christmas shopping?	3b213972-df9f-5409-8e5a-fe2276221eb1	42	42
Hai finito il tuo shopping natalizio?	Have you finished your Christmas shopping?	1e4151f1-9501-5a05-ac5a-4fabd97e9972	37	42
Ha finito il suo shopping natalizio?	Have you finished your Christmas shopping?	fa58f3fa-b9de-5f2c-8bc3-c7471ca96c8b	36	42
Avete finito il vostro shopping natalizio?	Have you finished your Christmas shopping?	8913248a-5e60-54ba-b08c-2c3c57c5ab20	42	42
Tom ricevette tutto quello che voleva per Natale.	Tom got everything he wanted for Christmas.	fc4869e2-313d-5b92-a467-fa63d1a5e303	49	43
Vogliamo che tutti passino un buon Natale.	We want everybody to have a good Christmas.	3408512d-6b34-54f8-a147-d42ee51556a4	42	43
Noi vogliamo che tutti passino un buon Natale.	We want everybody to have a good Christmas.	04cd17ec-31be-5f60-a815-0b339b8fb565	46	43
Vogliamo che tutti trascorrano un buon Natale.	We want everybody to have a good Christmas.	55562f71-d9e6-5dbc-8fc5-9c375f10c8ad	46	43
Noi vogliamo che tutti trascorrano un buon Natale.	We want everybody to have a good Christmas.	49f2eb44-6db3-5f7f-8918-8e37589d7be9	50	43
Natale è un periodo magnifico dell'anno.	Christmas is a wonderful time of the year.	e986f61a-cbc5-5965-9b9f-a00e999aaed1	40	42
Tom compie trent'anni tre giorni prima di Natale.	Tom turns 30 three days before Christmas.	16539830-5691-512e-929e-bb93b8789b9f	49	41
Ho scritto un paio di canzoni di Natale.	I've written a couple of Christmas songs.	070f00ea-11f4-5e83-821d-21ef3ada3b74	40	41
Io ho scritto un paio di canzoni di Natale.	I've written a couple of Christmas songs.	5b3639d6-1d9c-5e8e-8696-aa0fecaecbfc	43	41
Ho scritto un paio di canzoni natalizie.	I've written a couple of Christmas songs.	b19808ab-9587-545e-b365-719ebdd64ccf	40	41
Io ho scritto un paio di canzoni natalizie.	I've written a couple of Christmas songs.	48b3ba77-c19e-531c-9e1f-7ff7b7d4dba0	43	41
Una delle studentesse non è venuta oggi.	One of the students didn't come today.	9f8aaade-3963-5d2c-88b2-d559e41237eb	40	38
Mancano tre giorni a Natale.	There are three days left till Christmas.	63023ce3-3836-5ff0-9e85-38f2aafbe2da	28	41
Come decori la tua casa per Natale?	How do you decorate your house for Christmas?	4742dacd-d816-5681-8afd-fce4b342123c	35	45
Come decorate la vostra casa per Natale?	How do you decorate your house for Christmas?	60786e3a-f291-5d6d-a6a2-00eb9f8f86dd	40	45
Come decora la sua casa per Natale?	How do you decorate your house for Christmas?	af102efb-90ce-5e24-be6e-ab91646003ec	35	45
È come Natale per tutto l'anno qui.	It's like Christmas all year around here.	a8408700-ccd1-5046-a5af-4f70f3095ccd	35	41
Anche molti non Cristiani festeggiano il Natale.	Many non-Christians celebrate Christmas, too.	802df20b-cbad-54c5-b7fe-c4dc3e6e7d70	48	45
Sai cosa vuole Tom per Natale?	Do you know what Tom wants for Christmas?	61767d9d-fd90-52a5-bcb0-a805e3607afb	30	41
Tu sai cosa vuole Tom per Natale?	Do you know what Tom wants for Christmas?	84666917-94a2-5cd8-b308-047914c7cc9e	33	41
Sa cosa vuole Tom per Natale?	Do you know what Tom wants for Christmas?	b06e3e6a-c755-5e28-8662-5bec668813cb	29	41
Lei sa cosa vuole Tom per Natale?	Do you know what Tom wants for Christmas?	92749c46-ead6-5084-b5cd-ed8713b5d04b	33	41
Sapete cosa vuole Tom per Natale?	Do you know what Tom wants for Christmas?	41f63568-98bb-551f-a543-ee7b2364a7b5	33	41
Voi sapete cosa vuole Tom per Natale?	Do you know what Tom wants for Christmas?	f01487c6-42c0-5eae-b6ca-f5cfef1deefe	37	41
Con chi hai intenzione di passare il Natale?	Who do you plan to spend Christmas with?	38e39520-963f-5b8b-a039-b248c84eee38	44	40
Con chi ha intenzione di passare il Natale?	Who do you plan to spend Christmas with?	27762db3-7bd2-5b53-a30f-6f1ab65d121d	43	40
Con chi avete intenzione di passare il Natale?	Who do you plan to spend Christmas with?	22b5d77c-7cfc-5603-9ef3-08871eff41d6	46	40
Con chi hai intenzione di trascorrere il Natale?	Who do you plan to spend Christmas with?	5b1ba8b9-5391-57ce-a185-82994e671c87	48	40
Con chi ha intenzione di trascorrere il Natale?	Who do you plan to spend Christmas with?	b37d7112-6c1f-5d50-afc0-c92682b54e21	47	40
Con chi avete intenzione di trascorrere il Natale?	Who do you plan to spend Christmas with?	7ebe3af2-c391-531c-a4d2-1d998c82d1db	50	40
Mio Dio, aiutami!	My God, help me!	4e2373ce-6ae8-5d0f-910a-e8c056422546	17	16
Tom ha passato il Natale a Boston con Mary.	Tom spent Christmas in Boston with Mary.	a37ea203-be50-52f9-be3e-3392f4708946	43	40
Tom ha trascorso il Natale a Boston con Mary.	Tom spent Christmas in Boston with Mary.	4f0654a6-d83a-5a2b-8dd9-81fa148ae501	45	40
Tom passò il Natale a Boston con Mary.	Tom spent Christmas in Boston with Mary.	f49d075c-93d5-54d6-a3a4-941d8e129752	38	40
Tom trascorse il Natale a Boston con Mary.	Tom spent Christmas in Boston with Mary.	93460ef3-0c8a-5ceb-9286-415b085815e8	42	40
Tom dice che vuole un cucciolo per Natale.	Tom says he wants a puppy for Christmas.	5b3efda8-cd66-547d-abd1-bce49c4a8d74	42	40
Tom dice di volere un cucciolo per Natale.	Tom says he wants a puppy for Christmas.	33973416-073e-57c6-8d1d-62042c169041	42	40
Sta cercando di smettere di fumare.	He is trying to quit smoking.	b5c9d47c-370d-56b2-8778-928387a3c8ed	35	29
Lui sta cercando di smettere di fumare.	He is trying to quit smoking.	d13b74b8-d39c-5252-b445-05d807749938	39	29
Non voglio essere coinvolto in questo affare.	I don't want to be involved in this affair.	180d6350-c288-58df-9cb3-5e8f184cfa0a	45	43
Io non voglio essere coinvolto in questo affare.	I don't want to be involved in this affair.	68fedcfd-f78d-5dd7-8201-5e289bc95b56	48	43
Non voglio essere coinvolta in questo affare.	I don't want to be involved in this affair.	c443dada-77de-5444-8693-09f5081349fb	45	43
Io non voglio essere coinvolta in questo affare.	I don't want to be involved in this affair.	8114108a-d0c1-5454-9fdb-9b66db7ab585	48	43
Va a Londra una volta al mese.	He goes to London once a month.	66df9a68-b89a-5814-9736-619b1459e30b	30	31
Lui va a Londra una volta al mese.	He goes to London once a month.	d4adeb01-75d4-5750-9366-92bf831968b0	34	31
Tom è tornato a casa giusto in tempo per Natale.	Tom came back home just in time for Christmas.	b593ff51-70ee-572a-800b-753253e7f7c1	48	46
Tom tornò a casa giusto in tempo per Natale.	Tom came back home just in time for Christmas.	1c08ebb9-235b-5d5e-9047-1f75f0df17db	44	46
Non ho mai dimenticato quella volta.	I've never forgotten that time.	21224651-51b0-59a3-a102-b4e6adb12915	36	31
Io non ho mai dimenticato quella volta.	I've never forgotten that time.	da5f7079-e20c-5431-ac1e-27324ddf007d	39	31
Non ho mai scordato quella volta.	I've never forgotten that time.	cbba5ebd-cc74-5d71-abe4-6631bc00aa27	33	31
Io non ho mai scordato quella volta.	I've never forgotten that time.	6960b476-6154-533d-a5bc-8d04bd28c182	36	31
Tom ha ricevuto più regali di Natale di me.	Tom got more Christmas presents than me.	06e0ab41-690f-5914-bc5e-15893d0ef445	43	40
Tom ricevette più regali di Natale di me.	Tom got more Christmas presents than me.	05b28886-b516-56d6-a010-b625fc7d731f	41	40
Tom ha ricevuto più regali natalizi di me.	Tom got more Christmas presents than me.	fbc8d361-c9dc-59b7-86e0-462a59484ca1	42	40
Tom ricevette più regali natalizi di me.	Tom got more Christmas presents than me.	98651287-a5e3-587e-975e-e37fb12cc0cb	40	40
Quanti giorni mancano a Natale?	How many days are there until Christmas?	f01adc1e-cef2-56d1-92cf-bc41d0f90dbf	31	40
Tom non passerà il Natale con la sua famiglia.	Tom won't be spending Christmas with his family.	09c538f3-4efe-52e1-b38e-1012d5b830d1	46	48
Tom non trascorrerà il Natale con la sua famiglia.	Tom won't be spending Christmas with his family.	db579eb3-4194-501d-b407-f0932d6e3f50	50	48
Hai comprato qualcosa a Tom per Natale?	Did you buy Tom something for Christmas?	d41bc530-e75c-5a8a-9346-878192a5ce72	39	40
Ha comprato qualcosa a Tom per Natale?	Did you buy Tom something for Christmas?	1446897b-1b68-560c-84d8-e5bf10315feb	38	40
Avete comprato qualcosa a Tom per Natale?	Did you buy Tom something for Christmas?	75659038-1209-5954-9a39-916d432a8617	41	40
Natale è un periodo magico dell'anno.	Christmas is a magical time of the year.	fa05af9c-ac20-5a42-b0b0-70e67dfbc0c6	37	40
Voglio vedere i cavalli.	I want to see the horses.	b579de20-435d-51ac-8008-32815ed25938	24	25
Ho insegnato il francese per trent'anni.	I taught French for thirty years.	0fe380d0-1b71-5cdc-868e-4c8bbc259bb8	40	33
Tom ha assolutamente torto.	Tom is absolutely wrong.	324cc068-db05-58aa-a8af-c1db98e581ed	27	24
C'è qualcosa che voglio dirti.	There's something I want to tell you.	ad02812f-62ef-5b1b-a47c-36fc2ac7712b	30	37
C'è qualcosa che voglio dirvi.	There's something I want to tell you.	6380693c-8d39-5e4f-a4f3-3870eaa0a69e	30	37
C'è qualcosa che voglio dirle.	There's something I want to tell you.	cc48774e-8146-5436-bb4b-d77491ec3247	30	37
C'è qualcosa che ti voglio dire.	There's something I want to tell you.	eaa0cc27-3c5d-59a5-b778-778c672676d1	32	37
C'è qualcosa che vi voglio dire.	There's something I want to tell you.	06747b4c-fe07-5f6b-9894-76de5200141f	32	37
C'è qualcosa che le voglio dire.	There's something I want to tell you.	6da705a9-be97-54fe-b7dc-98ee5281a348	32	37
Aspetta in macchina, OK?	Wait in the car, OK?	4ab61ee4-b144-5b4c-8d1b-e4647b3af82c	24	20
Aspettate in macchina, OK?	Wait in the car, OK?	3251b80f-3f8f-5839-a7e5-99ccb54d00f8	26	20
Aspetti in macchina, OK?	Wait in the car, OK?	ba8a5e3c-b924-5d96-af10-4bb197944a23	24	20
Non sono mai stato molto bravo in francese.	I've never been very good at French.	f3f8fc36-48f7-5f7a-be62-d0a329fb488d	43	36
Io non sono mai stato molto bravo in francese.	I've never been very good at French.	0ea4dedd-aca4-5d7d-8eb9-8920236f8b54	46	36
Non sono mai stata molto brava in francese.	I've never been very good at French.	93171fb2-b6a5-5925-9d1c-a7d2415c6f30	43	36
Io non sono mai stata molto brava in francese.	I've never been very good at French.	08b4fa24-4974-5e74-a301-856a1a899a3a	46	36
È tua moglie?	Is that your wife?	7bf1de70-3e6e-5867-87cc-4f7e3927afa8	13	18
È sua moglie?	Is that your wife?	0bdb9a06-903a-5634-b22a-ab7657535ee4	13	18
Facciamo un favore a Tom.	Let's do Tom a favor.	2de39c69-65d3-51c3-a1ff-4e46961ecd00	25	21
Mi piace rendere le persone felici.	I like to make people happy.	31006d9e-173b-5426-a95a-9ad8d23f99f5	35	28
Di quali animali hai paura?	What animals are you afraid of?	d51488b0-3e25-5c84-9b96-0bbc6e7512e1	27	31
Di quali animali ha paura?	What animals are you afraid of?	de9cbad8-3e9a-50da-a76c-e548ad09e48a	26	31
Di quali animali avete paura?	What animals are you afraid of?	8f76df8e-87a4-53cc-9809-d96f4d4a4a71	29	31
Tom è morto di tumore al fegato.	Tom died of liver cancer.	08649d49-2879-5606-855f-9cb076b51958	32	25
Tom morì di tumore al fegato.	Tom died of liver cancer.	96bad909-d214-50e7-8c02-da76eb0db357	29	25
È il mio CD, vero?	It's my CD, isn't it?	af84578e-572d-56fd-898c-8dc042ba20ab	18	21
Tom ha aiutato Mary a lavare i piatti.	Tom helped Mary wash the dishes.	850c5e57-1b41-5ae1-a787-951c0ae94a5a	38	32
Vuoi correre quel rischio?	Do you want to take that risk?	9f39f006-fc95-5099-817e-5f0711d2d106	26	30
Vuole correre quel rischio?	Do you want to take that risk?	cf5ba487-631a-5d7e-86a9-0653f3b976e4	27	30
Volete correre quel rischio?	Do you want to take that risk?	1e15e3fa-09a1-5c1e-a77e-87f3e2839575	28	30
Tenevo un diario in francese.	I used to keep a diary in French.	0ca73f78-219e-582f-9339-19b13ca5d683	29	33
Io tenevo un diario in francese.	I used to keep a diary in French.	ac22b45f-7d88-5fb0-a393-feccb27fa491	32	33
Speriamo che sia abbastanza.	Let's hope it's enough.	f7324493-7ed1-5f0e-a428-5c9eff1097e5	28	23
Tom non ha ancora baciato Mary.	Tom hasn't kissed Mary yet.	ea2c45f6-2f33-5b84-99e3-2620a6a2bd62	31	27
Sarà imbarazzante.	It's going to be embarrassing.	0c98cfc0-e949-5222-8ea5-a4b2b36c60d9	18	30
Tom lo odierà.	Tom will hate that.	7714001b-3b3e-5bf4-a70b-913ef1f652ec	14	19
Vogliamo risultati positivi.	We want positive results.	6cc8312e-7ddc-50b3-9ad3-a96e595348a8	28	25
Tom ha una chitarra.	Tom has a guitar.	c55cd293-e0b5-58b0-801e-c8bc58bec76b	20	17
Cos'hai comprato a Tom per Natale?	What have you bought Tom for Christmas?	9c43f42f-177a-5b9b-acc5-e9b28c2233ba	34	39
Cos'ha comprato a Tom per Natale?	What have you bought Tom for Christmas?	e9410a9d-bf07-5a5c-b01b-f4a14c57d48e	33	39
Cosa avete comprato a Tom per Natale?	What have you bought Tom for Christmas?	9efee116-1fcf-5b92-998c-65f494dcfdcd	37	39
Felice Natale!	Merry Christmas!	502cbdb2-f9a8-5210-864a-f70397676226	14	16
Natale si sta avvicinando velocemente.	Christmas is fast approaching.	b2f41955-0942-5dbc-bfe7-9c46ce2a67a3	38	30
Perché aspettare Natale?	Why wait for Christmas?	05c0a294-beac-56cb-8d00-b55675ecc876	24	23
Natale si sta avvicinando rapidamente.	Christmas is rapidly approaching.	04149fc5-03a4-52f6-b584-89afb8f9da32	38	33
Non è Natale.	It's not Christmas.	7b468d4b-f359-5f7b-9ada-c57f3e09b77f	13	19
Ci si vede a Natale.	See you at Christmas.	f75d7321-a099-59c0-8002-0d9112fe2c27	20	21
Amo le luci di Natale.	I love Christmas lights.	390677b6-bf2b-5272-b2d9-f56195ec49f9	22	24
Io amo le luci di Natale.	I love Christmas lights.	6e669df2-9851-5988-bb0a-854638a30b8d	25	24
Amo le luci natalizie.	I love Christmas lights.	afcd564a-56b1-5817-9b00-d3230063abae	22	24
Io amo le luci natalizie.	I love Christmas lights.	81842dda-111c-5e3b-b6ca-33d62fe07e8c	25	24
Amo le canzoni di Natale.	I love Christmas songs.	fbccf738-3cd5-58c9-9c50-82771594a106	25	23
Io amo le canzoni di Natale.	I love Christmas songs.	6eb7687f-4d32-5ab0-8f5a-e363ca343182	28	23
Amo le canzoni natalizie.	I love Christmas songs.	30b09ee3-8b1a-5e52-a18a-ba18ab418e5a	25	23
Io amo le canzoni natalizie.	I love Christmas songs.	e9f1dcf9-4ecf-53bd-a436-bf09a84120a4	28	23
Amo la musica di Natale.	I love Christmas music.	563d9f30-362e-5b26-bbe3-078c6424bfb7	24	23
Io amo la musica di Natale.	I love Christmas music.	f0a3c3d5-ebad-56ad-a57e-c99ad0379e52	27	23
Amo la musica natalizia.	I love Christmas music.	a42c2900-9a4f-535e-9d56-244bde3c76a3	24	23
Io amo la musica natalizia.	I love Christmas music.	e0f66fd7-1519-505d-a47e-7537b908cc01	27	23
Mi piacciono le decorazioni di Natale.	I like Christmas decorations.	e7f0fec7-5233-5197-beef-b77eabcea320	38	29
A me piacciono le decorazioni di Natale.	I like Christmas decorations.	87125c85-cc0c-5771-8ceb-cff01c7d61c9	40	29
Mi piacciono le decorazioni natalizie.	I like Christmas decorations.	c9075ae3-293a-5f18-98d2-a3de5ac8e9cc	38	29
A me piacciono le decorazioni natalizie.	I like Christmas decorations.	e3fbfa73-d364-5a18-b570-b96178e479e9	40	29
È quasi Natale.	It's almost Christmas.	6ef32dfc-18d7-5bba-b816-1e0811fc4668	15	22
Oggi non è Natale.	Today's not Christmas.	37c358f4-bb35-5e39-8a91-b2e1b4e2defb	18	22
Stai festeggiando il Natale?	Are you celebrating Christmas?	8ad1b3a4-625c-58be-8715-a2ea8c085faf	28	30
Sta festeggiando il Natale?	Are you celebrating Christmas?	6a7d3527-794d-59a6-8636-c79d80ac9fb9	27	30
State festeggiando il Natale?	Are you celebrating Christmas?	aa225fc9-8936-5e6d-a078-469cf7099726	29	30
Festeggiano il Natale con dei regali.	They celebrate Christmas with presents.	c04664b5-4e3a-515c-8f85-098d3a055c60	37	39
Loro festeggiano il Natale con dei regali.	They celebrate Christmas with presents.	a4a4b252-1724-5cbb-9880-c75f1c86f455	42	39
È il suo regalo di Natale.	It's his Christmas present.	ff4ba5a4-62f2-5c65-aad9-1d90bfb4d06f	26	27
Ne ho preso uno per Natale.	I got one for Christmas.	521d796d-ad4a-512b-aacd-1c9c046fc670	27	24
Ne ho presa una per Natale.	I got one for Christmas.	dd6c86f2-fa20-5c4f-a4e0-cba47aea3fba	27	24
Non è Natale oggi.	It's not Christmas today.	dfecd625-7d68-58eb-bb59-8d7e57ecfa62	18	25
Le scuole sono chiuse per Natale.	Schools are closed for Christmas.	dcf3b421-fef3-5783-b0ef-0023492c0e26	33	33
Molti non Cristiani festeggiano il Natale.	Many non-Christians celebrate Christmas.	c4ead2ed-2db1-535c-9860-3feeaf52130c	42	40
Natale è la mia festa preferita.	Christmas is my favorite holiday.	874874ec-29b9-5d44-b728-6e9b59be6e76	32	33
Era quasi come Natale.	It was almost like Christmas.	359e6ff8-1f9a-5372-85a9-88008fc9d365	22	29
Tom non ha mai festeggiato il Natale.	Tom has never celebrated Christmas.	f8a7e1a3-4be1-5ab2-80d0-d16dc281e98c	37	35
Tom e Mary erano genitori orribili.	Tom and Mary were horrible parents.	f37ef04e-3d7a-5010-b734-9efa10bd29d1	35	35
Tom si ricorda sempre di noi a Natale.	Tom always remembers us at Christmas.	0546a55d-00ae-5fdc-8016-d882fb4cd4d2	38	37
Tom ha ricevuto un criceto per Natale.	Tom got a hamster for Christmas.	43644b1e-9d5a-504f-92dd-29070924db9e	38	32
Tom ricevette un criceto per Natale.	Tom got a hamster for Christmas.	2fc451fa-ba37-5c15-8c25-b9bf58bdb1b1	36	32
Tom non riceve mai niente per Natale.	Tom never gets anything for Christmas.	f23cafe6-9930-5fae-b8e6-5e116ee318d0	37	38
Tom non riceve mai nulla per Natale.	Tom never gets anything for Christmas.	21da1d13-0675-5409-84c5-2daa9b7bd366	36	38
Voglio un cucciolo per Natale.	I want a puppy for Christmas.	a19d293a-1617-5a12-ad44-bfa1a83ca4a9	30	29
Io voglio un cucciolo per Natale.	I want a puppy for Christmas.	3846acc8-a9a9-51fb-9e83-f620d5d500c8	33	29
Sarò di ritorno per Natale.	I'll be back for Christmas.	408bc3e2-c380-5ac6-a631-ae567e8ad8c4	27	27
Io sarò di ritorno per Natale.	I'll be back for Christmas.	86ebd8ec-8420-57ac-acc4-29d115ed9c10	30	27
Manca solo una settimana a Natale.	Christmas is just a week away.	f165b46f-44c9-57eb-bf8d-4c969b0ef8b3	34	30
Manca soltanto una settimana a Natale.	Christmas is just a week away.	d8ab4448-dc69-546a-84b9-1f856b0a96dd	38	30
Manca solamente una settimana a Natale.	Christmas is just a week away.	3154fcc9-f586-52d2-a839-88661e3b8dbe	39	30
Dove vai per Natale?	Where do you go for Christmas?	cb2ed29f-b7d7-5106-86c8-d4f65ae59def	20	30
Dove va per Natale?	Where do you go for Christmas?	22ff9772-f894-5c4d-a7d0-1fc110e7055f	19	30
Dove andate per Natale?	Where do you go for Christmas?	59f4b572-2756-5d03-bcc0-58db3ec0f1c4	23	30
Dimmi cosa vuoi per Natale.	Tell me what you want for Christmas.	e1da04f2-9e16-5cd8-9a7d-e2be78aec27a	27	36
Mi dica cosa vuole per Natale.	Tell me what you want for Christmas.	2fd3432c-b6db-5951-877f-07c1d18c501d	30	36
Ditemi cosa volete per Natale.	Tell me what you want for Christmas.	2b60cda3-9012-5579-94fb-07e630e9b590	30	36
Dove hai nascosto il regalo di Natale?	Where have you hidden the Christmas present?	5e2fce6e-0c56-55d5-910a-0460179cf103	38	44
Dove ha nascosto il regalo di Natale?	Where have you hidden the Christmas present?	250240f0-4136-5fd8-87a0-1acaa6913509	37	44
Dove avete nascosto il regalo di Natale?	Where have you hidden the Christmas present?	bf76aafd-6bf5-5dd5-ad59-498dd53e69d9	40	44
Torno a casa per Natale.	I'm going back home for Christmas.	a3b9a0c6-68a2-504c-bd3c-bb68725aa640	24	34
Io torno a casa per Natale.	I'm going back home for Christmas.	582c183f-9905-54bd-b820-59fadc91887e	27	34
Lo zoo era chiuso il giorno di Natale.	The zoo was closed on Christmas day.	3849c89a-2b4b-5899-bffe-a182d11bb8f6	38	36
Tom mi ha dato un'armomica per Natale.	Tom gave me a harmonica for Christmas.	07cfaea5-6588-5e43-9b82-46274a1c6792	38	38
Tom mi diede un'armomica per Natale.	Tom gave me a harmonica for Christmas.	e0ede780-7ea9-5052-bbf8-51a016104ad3	36	38
Tom e Mary hanno aperto i loro regali di Natale.	Tom and Mary opened their Christmas presents.	9503692e-01d7-54ee-b119-e15a33ac3731	48	45
Tom e Mary aprirono i loro regali di Natale.	Tom and Mary opened their Christmas presents.	c679ea6a-3526-5e7d-9fde-06378b22e3d6	44	45
Questo è un regalo di Natale per te.	This is a Christmas present for you.	4f43c0f1-2df2-5129-b96b-8b5b19b18e64	36	36
Questo è un regalo di Natale per voi.	This is a Christmas present for you.	78b32ca3-c933-55b6-aede-7e46ae3066c3	37	36
Questo è un regalo di Natale per lei.	This is a Christmas present for you.	0bc6e850-df83-5762-845b-de450300fcdc	37	36
Che regalo vorresti per Natale?	What gift would you like for Christmas?	5036394e-9828-5072-9e95-d0687f6d9e49	31	39
Che regalo vorreste per Natale?	What gift would you like for Christmas?	9f3d9f9d-ed4b-5e7b-929c-157f981d1d36	31	39
Che regalo vorrebbe per Natale?	What gift would you like for Christmas?	5b6f5243-337c-5baa-8a40-c65dea2f12b7	31	39
Allora, siete tutti pronti per Natale?	So, are you all ready for Christmas?	b68a1e78-dac5-50d8-8f6f-34b3bf19bde6	38	36
Allora, siete tutte pronte per Natale?	So, are you all ready for Christmas?	5daf9a3a-0485-582d-9d71-0738e37262a8	38	36
Un felice Natale a tutti voi.	A merry Christmas to all of you.	7a6d2536-c967-5bfd-9162-baf2eb954e61	29	32
Un felice Natale a tutte voi.	A merry Christmas to all of you.	2bf5cc23-5167-578a-b76c-4c6aec28e11c	29	32
Tom mi ha dato un libro per Natale.	Tom gave me a book for Christmas.	cde6826b-cb1d-5e42-b9ae-fc8a04e37ce4	35	33
Tom mi diede un libro per Natale.	Tom gave me a book for Christmas.	7b896c05-9ef4-5c57-8eb8-b367e3e4b7f9	33	33
Questo era un regalo di Natale da Tom.	This was a Christmas present from Tom.	7f2a7e5f-8441-56c4-930c-542bf0d8f268	38	38
Felice Natale a te e alla tua famiglia.	Merry Christmas to you and your family.	9022ced5-e543-55ad-8f90-67477da49cf1	39	39
Buon Natale a te e alla tua famiglia.	Merry Christmas to you and your family.	e286ad7c-a0d4-5fec-9316-c9d59545eb7e	37	39
Felice Natale a lei e alla sua famiglia.	Merry Christmas to you and your family.	e15cf209-299b-5048-8b54-6b2eca589167	40	39
Buon Natale a lei e alla sua famiglia.	Merry Christmas to you and your family.	d92f068d-c27a-53ba-a2b3-5751da95417e	38	39
Felice Natale a voi e alla vostra famiglia.	Merry Christmas to you and your family.	9263359e-b7f8-5718-9f05-b92ccb3be9f2	43	39
Buon Natale a voi e alla vostra famiglia.	Merry Christmas to you and your family.	e4324c2c-3dc0-57ae-afc2-c1efeb5f6740	41	39
Tom ha comprato a Mary un bel regalo di Natale.	Tom bought Mary a nice Christmas present.	480d7d16-3fbc-5def-b350-4cf45837aeba	47	41
Tom comprò a Mary un bel regalo di Natale.	Tom bought Mary a nice Christmas present.	e65bdd58-6b8f-5046-82e4-c3c545d0b247	42	41
Voglio che Tom sia qui per Natale.	I want Tom to be here for Christmas.	04047110-4ea9-5d74-8bae-d5c6f49f8478	34	36
Io voglio che Tom sia qui per Natale.	I want Tom to be here for Christmas.	d2304b73-dfa4-5245-aff3-4edd9eaaee34	37	36
Prendiamo a Tom qualcosa di utile per Natale.	Let's get Tom something useful for Christmas.	7764e09d-7c7c-556d-88fd-14ff18103eca	45	45
Tom non mi ha dato niente per Natale.	Tom didn't give me anything for Christmas.	77085f35-1e04-5f2e-8eb6-a085f99a3afb	37	42
Tom non mi ha dato nulla per Natale.	Tom didn't give me anything for Christmas.	0cdf24a5-7842-575b-b06c-45a09e774dab	36	42
Tom non mi diede niente per Natale.	Tom didn't give me anything for Christmas.	3ef7abce-df82-5dbb-8584-6e8430cdccb9	35	42
Tom non mi diede nulla per Natale.	Tom didn't give me anything for Christmas.	b53d187c-7e52-536d-8c0e-19aa3394cabd	34	42
Qual è il nome dell'assistente?	What's the assistant's name?	024d5aad-5930-5b57-bc52-e20ee7fb3ee3	31	28
Come si chiama l'assistente?	What's the assistant's name?	9d6cb3ae-32b4-5435-a0c7-2a7529be0aa1	28	28
Sei innamorato?	Are you in love?	c08ae68c-c8c7-5b97-8956-7c6e8fce31cc	15	16
Sei innamorata?	Are you in love?	1c49ade8-85b2-5c2b-ac38-bca3abd57b04	15	16
Ne vale ancora la pena?	Is it still worth it?	6918bf74-ec72-5ac8-8656-f4fcec5463ba	23	21
Potrei rifarlo.	I could do it again.	368f7549-d015-59ff-a1c6-913a665eb66a	15	20
Potrei rifarla.	I could do it again.	64889df3-4c50-559b-85ce-509c936177de	15	20
Lo potrei rifare.	I could do it again.	346c55f9-69be-532c-8a2b-31cabfa5ea52	17	20
La potrei rifare.	I could do it again.	db8cf6bb-686c-5797-b697-55d3b2732182	17	20
Come è stata la tua giornata?	How has your day been?	35b3f41a-98ef-5fe6-af5d-9608afb6d8ce	29	22
Come è stata la sua giornata?	How has your day been?	4023fca7-4119-5dc7-aeb3-3bbcae77681a	29	22
Come è stata la vostra giornata?	How has your day been?	98a3382a-8e82-55fc-8d94-9981f487acb8	32	22
La politica è un affare sporco.	Politics is a dirty business.	da182400-681c-560a-9ca5-be8a372cada7	31	29
Non ho niente a che fare con loro.	I have nothing to do with them.	36a53630-98ac-5ed2-9ae7-1076be54c2e3	34	31
Io non ho niente a che fare con loro.	I have nothing to do with them.	e43ee2a0-b5ff-58b2-bf87-a0a8bf749b88	37	31
Non ho nulla a che fare con loro.	I have nothing to do with them.	aed154e6-198b-5053-9356-5befe011448b	33	31
Io non ho nulla a che fare con loro.	I have nothing to do with them.	73dfe43d-21c3-5873-95d4-ca5307fc6d3a	36	31
Dammi una mancia.	Give me a tip.	2475704b-3e50-5e19-9280-3295b9023052	17	14
Mi dia una mancia.	Give me a tip.	ddedf656-e82e-56c9-bc42-c14f8db8c204	18	14
Datemi una mancia.	Give me a tip.	d4c50121-7ee9-5d53-9c8d-c715397a420d	18	14
Non fare ancora niente.	Don't do anything yet.	f6dc7f35-3445-572c-bdc9-db7dd1786004	23	22
Non fare ancora nulla.	Don't do anything yet.	a4237547-4489-5601-bda2-6af3769da892	22	22
Non fate ancora niente.	Don't do anything yet.	0a69b36b-e3c9-5cc4-9fc6-b0cc76071be3	23	22
Non fate ancora nulla.	Don't do anything yet.	b60b6201-cfc7-5c76-b200-9dd2090af0f1	22	22
Non faccia ancora niente.	Don't do anything yet.	57b5499a-bf0c-501a-83f1-cf20f0f26a03	25	22
Non faccia ancora nulla.	Don't do anything yet.	72155e98-3036-5ad0-b13d-d5578134cbc7	24	22
Tom sa cos'hai fatto?	Does Tom know what you did?	3640e29f-2b7b-5e43-b478-6c826be56398	21	27
Tom sa cos'ha fatto?	Does Tom know what you did?	2b7b50e9-aa5d-5c26-9091-5706f22a3599	20	27
Tom sa cosa avete fatto?	Does Tom know what you did?	e35566e5-b2e2-5f6e-9158-77212156337a	24	27
Tom sapeva che Mary lo stava facendo.	Tom knew that Mary was doing that.	acf1eeb6-1774-53c7-a473-f63c4376c566	37	34
Tom e Mary hanno decorato l'albero di Natale.	Tom and Mary decorated the Christmas tree.	3f4dbe4b-9172-50a7-b6bf-1d10598cbdd0	45	42
Tom e Mary decorarono l'albero di Natale.	Tom and Mary decorated the Christmas tree.	17d8792f-3fff-534b-a026-dc04a620c5a4	41	42
Tutto quello che faccio diventa un disastro.	Everything I do turns into a disaster.	fc2e5093-ff4b-56e6-88ec-3e8b38593be2	44	38
Tutto ciò che faccio diventa un disastro.	Everything I do turns into a disaster.	66f4169a-79f9-5039-bb4e-78b03236a365	41	38
Non capisco il Natale, ha detto Charlie Brown.	I don't understand Christmas, said Charlie Brown.	8463b3a7-cd3a-5065-b728-6b9d240ee2f5	46	49
Non capisco il Natale, disse Charlie Brown.	I don't understand Christmas, said Charlie Brown.	c050417f-19f1-5690-b0b4-d26bf7748de9	43	49
Non comprendo il Natale, ha detto Charlie Brown.	I don't understand Christmas, said Charlie Brown.	22514767-e8f4-5ed0-a32d-27d54614285a	48	49
Non comprendo il Natale, disse Charlie Brown.	I don't understand Christmas, said Charlie Brown.	ede04cbb-0b0a-523d-9ee5-ff1a5d22cf81	45	49
Non capisco il Natale.	I don't understand Christmas.	703087e4-be2f-5c0c-9c83-66c7afcf963a	22	29
Io non capisco il Natale.	I don't understand Christmas.	abf6c794-a7ae-5e56-a82f-f06f807b6186	25	29
Non comprendo il Natale.	I don't understand Christmas.	13ecbf24-41b7-5044-941a-654fbd80c877	24	29
Io non comprendo il Natale.	I don't understand Christmas.	eef811cc-63cf-5d43-a5e9-3e759701f5da	27	29
Tom sapeva che qualcosa era sbagliato.	Tom knew that something was wrong.	549265e0-e30f-5fce-b5ab-a4dec2db0176	38	34
Tom e Mary sono andati a pattinare sul ghiaccio.	Tom and Mary went ice skating.	69a1cb94-68f9-5027-8d0e-c3c05ddd8996	48	30
Tom e Mary andarono a pattinare sul ghiaccio.	Tom and Mary went ice skating.	0dd94e30-9ab4-547b-8363-cd9a21abb146	45	30
Tom sapeva cosa aveva intenzione di fare Mary.	Tom knew what Mary intended to do.	e768d91e-d2f8-5b52-8985-d71388b3fbfe	46	34
L'approvazione di Tom è importante per me.	Tom's approval is important to me.	fc4ba234-defc-5c2d-8902-a305f505db02	42	34
Sto aspettando di vedere se è vero.	I'm waiting to see if it's true.	9443d513-814c-5a11-a678-3f9b60c9e0dc	35	32
Sto aspettando di vedere se è vera.	I'm waiting to see if it's true.	b2940ab4-366c-5369-ab17-7869dd0ba59c	35	32
Tom è il miglior batterista di Boston.	Tom is the best drummer in Boston.	4076cb55-86aa-537b-8ab7-32f5f1a6a8bb	38	34
Tom è il migliore batterista di Boston.	Tom is the best drummer in Boston.	ef6d3c0f-6484-585a-aa55-269eff515224	39	34
Tom è preoccupato per i suoi figli.	Tom is worried about his children.	8d85e8cc-b070-515c-adab-f57ee8b7905f	35	34
Tom non è qualcuno su cui si può fare affidamento.	Tom isn't someone you can rely on.	b72b0391-8ec2-5825-8348-969ed427197e	50	34
Non credo che Tom sia qualificato.	I don't believe Tom is qualified.	afa26a33-5351-57fb-a008-76881bd161be	34	33
Io non credo che Tom sia qualificato.	I don't believe Tom is qualified.	183d003a-5b49-5d0b-8205-7b4eddbe05e1	37	33
Lo ameresti.	You'd love it.	2ccdbcbb-c7ac-5e4c-8c45-d87b3cfdb95d	12	14
Tu lo ameresti.	You'd love it.	87ad8b06-ae83-5d6e-9f82-0b1e1153eb19	15	14
Lo amereste.	You'd love it.	e9b2f611-4726-5231-ad7f-aff334e51b92	12	14
Voi lo amereste.	You'd love it.	f9d9d021-aa1f-51fa-b870-bf109c1f3f59	16	14
Lo amerebbe.	You'd love it.	2af0131b-3ccf-5563-92ed-13776d5004dc	12	14
Lei lo amerebbe.	You'd love it.	ab3b3107-ed0d-5c0f-a125-56e347688a60	16	14
La ameresti.	You'd love it.	2fa11ff4-44a6-51d1-ba58-d90b935893ac	12	14
Tu la ameresti.	You'd love it.	d803146a-0e0b-52fa-a19b-bc63a28121ed	15	14
La amereste.	You'd love it.	3bbbd6fd-f539-5d2b-8263-6e262bebac2c	12	14
Voi la amereste.	You'd love it.	1538b35f-b990-5b68-81a2-7c574fe5c351	16	14
La amerebbe.	You'd love it.	85e1724b-4f3c-54d2-9bbd-1e07abb2de6f	12	14
Lei la amerebbe.	You'd love it.	ca474dd8-5efd-5d8b-a55b-60c19d96af8a	16	14
Tom era molto impegnato.	Tom was very busy.	998793eb-2c68-5b2a-af64-cf02bdc1ddf6	24	18
Tom era molto occupato.	Tom was very busy.	696123a7-3053-5adf-97c8-6561abd97356	23	18
Tom indossava un vecchio paio di scarpe.	Tom wore an old pair of shoes.	2579705c-6ee7-5eb1-959c-825ee4d23d52	40	30
Devo fare qualcosa prima.	I've got to do something first.	d8957964-0dc5-5b55-9750-ca74dc761f5c	25	31
Io devo fare qualcosa prima.	I've got to do something first.	58cfbda5-2f62-51d3-9f59-c8ea21629dd9	28	31
Non so ancora chi sia Tom.	I still don't know who Tom is.	e1c5fd49-daa1-5c32-b9bc-f28e6defb063	26	30
Io non so ancora chi sia Tom.	I still don't know who Tom is.	6215b87a-e498-5558-beb8-c7c7c2ce9aeb	29	30
Sembra essere nei guai.	He seems to be in trouble.	b1d88d31-03dd-5b7e-b1ed-6d0b2e6ddd87	23	26
Lui sembra essere nei guai.	He seems to be in trouble.	6d8b4473-528e-5b74-9aed-721391664c3e	27	26
Non c'è molta neve per terra.	There's not much snow on the ground.	584537d9-186a-54f4-a907-f423cb50417e	29	36
Sono molto serio riguardo alla mia musica.	I'm very serious about my music.	edf9afa3-4474-5d1d-a126-5ce50ee18895	42	32
Io sono molto serio riguardo alla mia musica.	I'm very serious about my music.	9c98e1b8-cf6a-55ca-a424-0c1fd4fbfc7a	45	32
Sono molto seria riguardo alla mia musica.	I'm very serious about my music.	cc7a88d5-4f36-5172-a08a-54b8748dd354	42	32
Io sono molto seria riguardo alla mia musica.	I'm very serious about my music.	61ffdc9a-e564-5423-927a-2432eb47814d	45	32
Come vorresti procedere?	How would you like to proceed?	4369604f-a83d-5caf-b2c2-ed00096e8ccc	24	30
Come vorreste procedere?	How would you like to proceed?	236072b4-47fe-5af8-b4ce-7fc11d9beaa6	24	30
Come vorrebbe procedere?	How would you like to proceed?	d3d44fc0-926a-5fe7-bee6-4d26f3eb7abf	24	30
Dietro la cassettiera vive un grosso ragno.	A big spider lives behind the chest of drawers.	c7f2ac68-8d48-5e12-83c9-00937349005d	43	47
Tom è sia un dottore che uno scrittore.	Tom is both a doctor and a writer.	75c0eb60-4c0b-50a9-9308-a9c10da5b0e4	39	34
Tom va in vacanza domani.	Tom is going on vacation tomorrow.	47e67bba-4b10-5061-88d2-8f9409efc9e1	25	34
Tom è bravo in tutto quello che fa.	Tom is good at everything he does.	068a2dea-13b9-56f3-95ec-7a7c8650d6c6	35	34
Penso davvero che Tom sia pericoloso.	I do think that Tom is dangerous.	26527045-69c4-5bcb-b096-6d2cf8e6628d	37	33
Io penso davvero che Tom sia pericoloso.	I do think that Tom is dangerous.	b780aa64-111c-554a-8794-023c7030b387	40	33
Penso veramente che Tom sia pericoloso.	I do think that Tom is dangerous.	d5d89ab1-b83b-5251-8e27-8494bf831ca0	39	33
Io penso veramente che Tom sia pericoloso.	I do think that Tom is dangerous.	928bd3de-48be-52f7-8fb1-c19b8a03f939	42	33
Sto cercando di non sprecare il mio tempo.	I'm trying not to waste my time.	125bffbb-b64a-56e8-ba45-f2ea7e4ab517	42	32
Sto provando a non sprecare il mio tempo.	I'm trying not to waste my time.	271c5da8-b7a6-5ec3-beeb-3f8e15d1ea99	41	32
Tom si è comportato come un perfetto gentiluomo.	Tom acted like a perfect gentleman.	02fe55dd-58e0-577d-88dd-a8135d923883	48	35
Tom si comportò come un perfetto gentiluomo.	Tom acted like a perfect gentleman.	de06da06-f2f5-5bfc-96fd-a881164c4ab6	44	35
Questo ti ha sorpreso?	Did that surprise you?	183af097-4a75-5d2a-982a-d3de4126dd46	22	22
Ho aiutato Tom con i suoi compiti.	I helped Tom with his homework.	be3f7b7e-222d-5956-b235-e39d0fdd9750	34	31
Perché ha smesso di rispondermi?	Why did she stop replying to me?	d6c4a87a-e7bf-5069-b0ee-b9322e2fb368	32	32
Aiutai Tom con i suoi compiti.	I helped Tom with his homework.	930af6a4-2924-562d-b1a7-44580ba88b5c	30	31
Non ti sto contando.	I'm not counting you.	87e69707-90c9-5ff2-a760-c2537f6f5c36	20	21
Non vi sto contando.	I'm not counting you.	482e31a2-ae98-5972-884a-fb16045b3140	20	21
Non la sto contando.	I'm not counting you.	7ad1b1df-ae96-5f91-a169-d37f5a55fe2c	20	21
Tom ha tre belle figlie.	Tom has three beautiful daughters.	c9160f52-f222-57fd-93ba-d2601ac3f4b5	24	34
Tom non ha mangiato niente per tutto il giorno.	Tom hasn't eaten anything all day.	fb5cf1c9-a978-51be-88e6-eb7aede6a510	47	34
Tom non ha mangiato nulla per tutto il giorno.	Tom hasn't eaten anything all day.	89dff311-ea4d-5bb1-863e-4ae95e87b632	46	34
Tom ha aiutato Mary a trovare sua figlia.	Tom helped Mary find her daughter.	bc50c545-2e54-558b-9dac-8be679a711e9	41	34
Tom aiutò Mary a trovare sua figlia.	Tom helped Mary find her daughter.	9dbf21ee-aed5-5664-945b-d78270ba69af	36	34
Apprezzo il supporto di tutti.	I appreciate everybody's support.	e910bf61-5ad5-5a1b-8420-146113d99dad	30	33
Io apprezzo il supporto di tutti.	I appreciate everybody's support.	b09337e5-36e9-545b-a201-636c61de971c	33	33
Tom non ha ripreso conoscenza.	Tom hasn't regained consciousness.	85667a83-ed4a-5210-8ae8-1245af0e0726	30	34
Perché lei ha smesso di rispondermi?	Why did she stop replying to me?	c90a683e-6733-5340-8b5f-2b8c98d0dccc	36	32
Il musicista ha molti amici.	The musician has many friends.	9e141391-6547-52dd-afbe-3a7bf6a959ef	28	30
Il musicista ha molte amiche.	The musician has many friends.	b0d7a48d-9cda-5891-a741-27b08c5d8d48	29	30
La musicista ha molti amici.	The musician has many friends.	8c5f4253-86fa-50e7-b24a-afeb90796e5b	28	30
La musicista ha molte amiche.	The musician has many friends.	e693b8bf-37b7-533c-bd5c-65fe8f42b5a9	29	30
Ha indovinato.	She guessed.	c6e06fcb-e4bc-5ae5-810b-6d25870e1484	14	12
Lei ha indovinato.	She guessed.	9212327c-1127-574a-ab52-324de125d5fb	18	12
Indovinò.	She guessed.	a81f1608-5a1a-5c9c-9366-eb7bbfa15128	9	12
Lei indovinò.	She guessed.	8a616fda-8a63-5eef-b377-b01b144ec932	13	12
Sa.	She knows.	f248e921-6e27-5cc3-9724-726009aeb566	3	10
Lei sa.	She knows.	8c75190c-9288-5e6d-a4c4-e07dd4c44ae2	7	10
Lei ha riso.	She laughed.	e04f97f4-a375-57cc-a1d1-bffbd54bfb69	12	12
Lei rise.	She laughed.	ac2a4915-7298-5b4e-bcf2-5ded71e86867	9	12
Studia matematica.	She studies mathematics.	169c59d9-e469-552b-965e-1b21232fce4a	18	24
Lei studia matematica.	She studies mathematics.	d645841e-601b-5bb1-b1a6-3a490ed087f1	22	24
Mi è sempre piaciuto Tom.	I've always liked Tom.	8ed232c1-8ad7-56d5-b9a8-954312c7e4cf	25	22
A me è sempre piaciuto Tom.	I've always liked Tom.	f053fc02-6e1c-5011-a84c-1297edc71b2e	27	22
Non sta succedendo niente.	There's nothing going on.	eea3224d-ff69-525b-8640-6d77d82b4f40	26	25
Non sta succedendo nulla.	There's nothing going on.	0140f924-02a0-5308-a71a-2af28ab79665	25	25
Non sta capitando niente.	There's nothing going on.	d556fda4-231d-547e-a504-58083b464cf6	25	25
Non sta capitando nulla.	There's nothing going on.	9b88a581-f3e4-51a9-a693-21643d6ae35a	24	25
Nessuno saprà che sono qui.	No one will know I'm here.	3df8563a-4b0c-57c5-931e-b0151ccde8a2	27	26
Tom legge il Washington Post ogni giorno.	Tom reads the Washington Post every day.	3e0e1e6c-f1d0-52cb-ab0d-7da2405ee29f	41	40
Ha risposto con facilità.	She answered easily.	a1642452-616a-5e19-b9a1-d335f9e0a771	25	20
Lei ha risposto con facilità.	She answered easily.	87f1a7ce-80f3-507c-8ca7-b8610704e2fd	29	20
Rispose con facilità.	She answered easily.	bc8be234-45ca-5f44-a10a-7183a0341303	21	20
Lei rispose con facilità.	She answered easily.	891a2c81-0890-522d-b02f-a0bc8fc90a4b	25	20
Non riesco a vedere dov'è il problema.	I can't see where the problem is.	67381486-5043-5892-b0ad-e6f914ce1316	38	33
Tom non è mai stato meglio.	Tom has never been better.	0db804f9-e1c1-52a9-ae67-745f8fee2daf	27	26
Tom è un biologo.	Tom is a biologist.	fdc93b87-6115-56c0-b20e-e383cf9c1dc4	17	19
Mia figlia ha un amico immaginario.	My daughter has a make-believe friend.	8da41efb-2c09-59ec-8d4f-ea6ef496dfdc	35	38
Mia figlia ha un'amica immaginaria.	My daughter has a make-believe friend.	007d33e7-059e-51ac-91f6-dd2e57cd3448	35	38
Al massimo, il viaggio costerà mille dollari.	At the most, the trip will cost $1,000.	e71c1ca6-0fa7-51c4-88a6-44c7b8ddc5b3	45	39
Questo vaso è molto fragile.	This vase is very fragile.	fd7a3f07-c14b-548b-9ff7-e9107b5e3335	28	26
Ti chiamerò quando sono pronto.	I'll call you when I'm ready.	6121ef51-4015-5dba-bda1-884ef80f0f08	31	29
Ti chiamerò quando sono pronta.	I'll call you when I'm ready.	e2b9b411-7d52-53fd-9cb1-141366d9c461	31	29
Vi chiamerò quando sono pronto.	I'll call you when I'm ready.	d0893313-3635-5ed9-a5f0-1ec3009376dd	31	29
Vi chiamerò quando sono pronta.	I'll call you when I'm ready.	5ce8966a-1c55-5dbf-98a5-f7ea6a344890	31	29
La chiamerò quando sono pronto.	I'll call you when I'm ready.	7fb1665c-728f-5fda-aed1-1722126ee1ae	31	29
La chiamerò quando sono pronta.	I'll call you when I'm ready.	d9e4f82f-790e-58c3-b644-ec29d45b249c	31	29
Posso usare la tua matita? Sì, puoi.	May I use your pencil? Yes, you may.	5cbbd8e4-bcd4-59a5-ba4a-19f0cfe15a03	36	36
Vuoi davvero svegliare Tom?	Do you really want to wake Tom up?	2b1fe850-510c-5eca-9b5b-651e4fd19494	27	34
Vuoi veramente svegliare Tom?	Do you really want to wake Tom up?	53aac6ac-4ce3-531c-a636-8e8ca848317f	29	34
Vuole davvero svegliare Tom?	Do you really want to wake Tom up?	88bd69f8-6f13-5e65-9d62-dcdecf93f2df	28	34
Volete davvero svegliare Tom?	Do you really want to wake Tom up?	2c78610d-4c76-5427-a08f-b807c36c1ac0	29	34
Volete veramente svegliare Tom?	Do you really want to wake Tom up?	a0ec4c80-2d5d-5301-a36d-51f66059c3f5	31	34
Vuole veramente svegliare Tom?	Do you really want to wake Tom up?	768e78a5-90d6-5644-935c-f20b77ecca64	30	34
L'ho semplificato un po'.	I've simplified it a bit.	aa61813f-b69f-59a3-8f84-32edce2c1fbb	25	25
L'ho semplificata un po'.	I've simplified it a bit.	0c03d960-38e5-509f-8111-03c31a56b3a0	25	25
Volevo prendere il primo treno.	I had wanted to catch the first train.	3d47f84f-f341-50d2-b28f-31eea8bc735f	31	38
Io volevo prendere il primo treno.	I had wanted to catch the first train.	35274b12-3af2-5e66-9e4e-ed7046550032	34	38
Tom ha già cercato la sua palla nell'armadio?	Has Tom already looked for his ball in the closet?	172c4d4b-1071-54ca-bee0-6d53463e9816	45	50
Era l'inizio di tutto.	That was the beginning of everything.	63914a5d-7f9b-5eda-ab3e-33efe3e4de34	22	37
Che ne dici di invitare Meg alla festa?	How about inviting Meg to the party?	dd756442-6693-5b40-98d9-d4f02dec4751	39	36
Che ne dice di invitare Meg alla festa?	How about inviting Meg to the party?	cfae9a03-1dc5-5b26-8e51-0a0b7e75ce0f	39	36
Che ne dite di invitare Meg alla festa?	How about inviting Meg to the party?	90c7552d-022d-5d33-b908-6b531fadb287	39	36
Non mi fido delle donne belle.	I don't trust beautiful women.	0c7060b2-f0c9-5bdf-ac0f-9391091ad88f	30	30
Io non mi fido delle donne belle.	I don't trust beautiful women.	470def52-61eb-58da-b6e0-e685a8a155c4	33	30
Ti ho preso qualcosa.	I got you something.	1bb5c950-8687-5450-a108-e0cfe5fa5e9c	21	20
Io ti ho preso qualcosa.	I got you something.	aee4e7bf-2391-5d09-9754-355e18fe78b8	24	20
Vi ho preso qualcosa.	I got you something.	e37b378e-d61a-5fc5-9a96-0fe6d12e276d	21	20
Io vi ho preso qualcosa.	I got you something.	7acb5227-dd59-545f-af1d-d41f6676f302	24	20
Le ho preso qualcosa.	I got you something.	047bf6ad-7959-5b31-9b2d-dfc1aa4195dd	21	20
Io le ho preso qualcosa.	I got you something.	8337cb96-4d4a-5f07-856f-b1e4c72ff635	24	20
Tutti saranno a casa per Natale.	Everybody will be home for Christmas.	a2d45da9-b7b0-5d65-ab34-9bdfc5a874cc	32	37
Saranno tutti a casa per Natale.	Everybody will be home for Christmas.	44ca059a-5c1a-5644-8ffd-0cb50a149046	32	37
Erano molto poveri.	They were very poor.	b750327e-5f32-5f28-9165-36f6b7a2bce5	19	20
Loro erano molto poveri.	They were very poor.	1eb60378-df20-513b-90c4-6c83ca6c1e1f	24	20
Erano molto povere.	They were very poor.	4a945619-76b8-5d9d-8019-7cac39450afa	19	20
Loro erano molto povere.	They were very poor.	fde1b6de-c44e-5496-9b2f-e7fc48001fe3	24	20
Siamo andati lì per una settimana.	We went there for a week.	96355222-1afb-5abe-bbc3-158f15c5d03f	34	25
Siamo andate lì per una settimana.	We went there for a week.	5b0a1b07-9d25-5786-8163-c74cc0ac0b48	34	25
Andammo lì per una settimana.	We went there for a week.	02ce34d6-b102-5776-b366-7f5eaea71bb6	29	25
Mio padre è morto in Vietnam.	My father died in Vietnam.	110a0287-7b45-5a67-9477-ddee391134ce	29	26
Dovevo proteggere Tom.	I had to protect Tom.	82d91220-f38a-51e0-8e9f-2a818e85ef59	22	21
Io dovevo proteggere Tom.	I had to protect Tom.	ed64ef88-cee8-559e-8f98-8788bcf965f5	25	21
Penso di essere allergico a quel sapone.	I think I'm allergic to that soap.	21111e1b-0df7-587b-b2b6-71c0743cc761	40	34
Penso di essere allergica a quel sapone.	I think I'm allergic to that soap.	00f10123-5048-507d-b96b-48c1e0a398b8	40	34
Ti consideri una persona onesta?	Do you consider yourself an honest person?	15d3cdf3-67e1-50ae-a4f4-ebde55c079c2	32	42
Tu ti consideri una persona onesta?	Do you consider yourself an honest person?	46827d93-982a-5754-9ef4-f50c54583dd1	35	42
Si considera una persona onesta?	Do you consider yourself an honest person?	ac0b5896-d40f-5233-96af-8247906cbf38	32	42
Lei si considera una persona onesta?	Do you consider yourself an honest person?	6afaa067-3afb-5314-a446-0719454381c5	36	42
Tom non sembrava troppo deluso.	Tom didn't seem too disappointed.	8ba9fe4b-7734-5a4f-9a5d-c52c792f4bfc	31	33
Tom si è lamentato con Mary riguardo al cibo.	Tom complained to Mary about the food.	2db90c5c-96f8-5167-a4bd-99de63e7653d	45	38
Tom si lamentò con Mary riguardo al cibo.	Tom complained to Mary about the food.	20df2ea1-0410-54cd-8b07-bbc33eb30d7a	41	38
Studi il francese a scuola?	Do you study French at school?	5f392ad2-22fe-5f5a-833a-d0afe8e30000	27	30
Tu studi il francese a scuola?	Do you study French at school?	55fa4760-2e6d-5d89-b5af-6cc7d22f3ead	30	30
Studia il francese a scuola?	Do you study French at school?	cfd15062-e5d7-5b98-af6c-86c01eb2dfb9	28	30
Lei studia il francese a scuola?	Do you study French at school?	7787d6a8-ee0c-51b8-9b3f-b19f348cb833	32	30
Studiate il francese a scuola?	Do you study French at school?	11200ae3-3a1a-5d2b-91ea-be0398164eab	30	30
Voi studiate il francese a scuola?	Do you study French at school?	ed2ce39c-20d9-50f1-8dd7-63163c789dc4	34	30
Questo è un grave errore.	This is a grave mistake.	2e832aa7-00e3-538f-ad12-4be7c8d1f634	25	24
C'è qualcosa che si muove laggiù.	There's something moving down there.	63fdd0bd-94d0-52f9-9a97-c81d5101c5b0	33	36
È sempre meglio essere preparati.	It's always better to be prepared.	942a0d99-7246-5846-849a-5fd5944f41fc	33	34
Puoi dare questo a Tom?	Can you give this to Tom?	b15e3205-1f30-5e82-8236-00547bd0767d	23	25
Può dare questo a Tom?	Can you give this to Tom?	7c975b67-cbfe-5aab-a203-297b47e41504	22	25
Potete dare questo a Tom?	Can you give this to Tom?	25ead5a9-3c1f-5911-a7ba-c65cd1fb867b	25	25
Vuoi una dimostrazione?	Do you want a demonstration?	e309f473-a35a-54c1-88fb-dfdbb24b206c	23	28
Vuole una dimostrazione?	Do you want a demonstration?	a0f3d8fc-5be8-5a44-9dba-2a9bdfd2d801	24	28
Volete una dimostrazione?	Do you want a demonstration?	337793b7-9695-5721-b680-861f4dfed8a7	25	28
Hanno votato per creare un comitato.	They voted to create a committee.	2a7921d8-c839-5d38-bee0-da8b47c2e227	36	33
Votarono per creare un comitato.	They voted to create a committee.	fae787a0-99e5-5bd6-92d1-2fb9529b394f	32	33
Quel divano è meno costoso di questo tavolo.	That sofa is less expensive than this table.	61506598-0cd8-5c79-867c-89e481745802	44	44
Ci sono molte vitamine nelle arance.	There are a lot of vitamins in oranges.	3d5aac52-fcf0-597b-9d4d-d3607173da7b	36	39
Tutti hanno bisogno di un posto da chiamare casa.	Everyone needs a place to call home.	53fa540b-c80b-5f16-a218-1caac5baa5a6	49	36
Questo potrebbe fare un po' male.	This might hurt a little.	0a0b1179-58fb-5540-acfe-18c6b4995e51	33	25
Non so neanche perché.	I don't even know where.	4e744195-660d-5fea-848e-01e7b588f38a	22	24
Non so nemmeno perché.	I don't even know where.	0f5642ab-1c70-5d19-a918-7287e1dd718b	22	24
Non so neppure perché.	I don't even know where.	aedb8a0f-cada-50af-aa86-82379f7490ac	22	24
Sto andando all'ufficio postale.	I am going to the post office.	4ac3e328-6d48-5537-8b3f-43c6eb85c0d7	32	30
Quanto sarà grande?	How big will it be?	65c11db1-84a9-527c-832a-c26b0f129983	19	19
Hai visto Tom di recente?	Have you seen Tom lately?	ea0316dc-3f51-5e0c-a4ee-7b7f266ee33a	25	25
Ha visto Tom di recente?	Have you seen Tom lately?	0eaf3895-f225-5ad0-b5d2-1404efdbd488	24	25
Avete visto Tom di recente?	Have you seen Tom lately?	e21bac86-9718-56d1-b68d-987716f96c4b	27	25
Non siamo americani.	We are not Americans.	7189f126-9dbc-5065-8cdb-9823abb48506	20	21
Noi non siamo americani.	We are not Americans.	4a7d9b37-b375-5b5a-adaa-ba5d4e79997a	24	21
Non siamo americane.	We are not Americans.	ab7e70d9-88ed-51ad-bf56-1cba1128d11f	20	21
Noi non siamo americane.	We are not Americans.	6257612f-590e-5dd7-9651-d17d490a6400	24	21
Non lo avete detto a Tom, vero?	You didn't tell Tom, did you?	dcabc9fb-1e80-57cd-8b89-9389f0e1672e	31	29
Tom lavorava in un forno.	Tom used to work in a bakery.	a9812ff7-06ef-5ba4-b04e-45556bd7b05a	25	29
Tom lavorava in una panetteria.	Tom used to work in a bakery.	bf0ee79c-6852-56c2-b0fd-f1664b10dcab	31	29
Quella ragazza laggiù è mia sorella.	That girl over there is my sister.	ac614cd6-ff2b-5157-a8e6-2285b808501e	36	34
Tom ha rimandato.	Tom rescheduled.	c26dbd80-eb94-548e-8666-fb9692037e57	17	16
Tom rimandò.	Tom rescheduled.	a8955765-a6f7-5414-ba0d-e7985ff34f03	12	16
Tom ha cambiato data.	Tom rescheduled.	d991a2df-8c54-5b4d-81df-6947dd30e510	21	16
Tom cambiò data.	Tom rescheduled.	f86cca94-4ee9-53b0-a785-e06c2caae1f4	16	16
Tom ha cambiato orario.	Tom rescheduled.	2e1fae88-80bc-5201-b893-134f2e44eca1	23	16
Tom cambiò orario.	Tom rescheduled.	65f81f50-a64c-56a5-a134-e5e176819815	18	16
Elena è la ragazza più alta della classe.	Elena is the tallest girl in the class.	f890366f-d87c-5817-a63c-74ed6e9def7a	41	39
I biglietti vanno in vendita lunedì.	Tickets go on sale Monday.	081279a0-9480-50ad-86c7-6bbb6066d93d	36	26
Non meritavo di andare in prigione.	I didn't deserve to go to prison.	17d3e066-2d03-56c0-b991-5b9206ce73ac	35	33
Io non meritavo di andare in prigione.	I didn't deserve to go to prison.	cda4a580-c0b8-543d-803e-589eaae4a0d1	38	33
Tom non è chi dice di essere.	Tom is not who he says he is.	cd32ad98-68f3-5d97-ae74-d1e463b7ef58	29	29
Non mi piacciono gli insetti.	I don't like bugs.	44bdf1ef-1df9-5593-bd14-78b89bed0b4b	29	18
A me non piacciono gli insetti.	I don't like bugs.	02f17ad2-294c-5e8e-98da-7203e38d6551	31	18
Tom mi ha raccontato una storia interessante.	Tom told me an interesting story.	46e58fb1-b6fb-5056-b5b0-8690500e239b	45	33
Tom mi raccontò una storia interessante.	Tom told me an interesting story.	c32328a0-9720-5ced-87c0-86dae3efa959	40	33
Chi ti ha insegnato a fare questo?	Who taught you how to do this?	4c17f11a-1266-5423-871c-fd0ae8191165	34	30
Chi vi ha insegnato a fare questo?	Who taught you how to do this?	9eacf453-5bb8-5f85-96f7-050db58b91a9	34	30
Chi le ha insegnato a fare questo?	Who taught you how to do this?	d692c503-8ab2-5035-aba2-c3ffdfff8502	34	30
Tom sta lavorando troppo duramente.	Tom is working too hard.	72324963-49b1-5a9a-9f84-8178fb5fcab4	35	24
Tom non vuole essere catturato.	Tom doesn't want to be caught.	94569250-6cfd-51b6-a39f-54501d22132f	31	30
Tom non legge.	Tom doesn't read.	1f996261-d0ce-5730-bb32-9b33fd35509a	14	17
Tom ha chiesto a Mary di aiutarlo a trovare John.	Tom asked Mary to help him find John.	42f0e91f-343d-5924-bcd1-f74a53a70dca	49	37
Tom chiese a Mary di aiutarlo a trovare John.	Tom asked Mary to help him find John.	9d4035ce-b790-5b8e-95d9-fce1d1d66a51	45	37
Tom sa come portare a termine le cose.	Tom knows how to get things done.	2f2efb7a-e478-53ab-955e-c6d4bcfb2722	38	33
Mi stai facendo arrossire.	You're making me blush.	e62f2358-1081-5ef2-9759-3abd8a87064f	26	23
Mi sta facendo arrossire.	You're making me blush.	45cd509e-0e84-50da-a365-206fa6def265	25	23
Mi state facendo arrossire.	You're making me blush.	c89c1956-1efd-5669-b9fb-d4d4a04c66d6	27	23
Tom non ha paura di te.	Tom isn't afraid of you.	d3e18af6-c14d-57cc-9b70-daaf6da98554	23	24
Tom non ha paura di voi.	Tom isn't afraid of you.	f36fdc8d-74e8-52cc-b550-238a3c7875cb	24	24
Tom non ha paura di lei.	Tom isn't afraid of you.	44cbaab5-b62f-5bb5-88fa-772525aa35eb	24	24
Quando hai incontrato Tom?	When did you meet Tom?	85c3233e-6203-533f-9bc9-44124f930309	26	22
Quando ha incontrato Tom?	When did you meet Tom?	6fd75cc0-3b9b-550b-a083-150082217b56	25	22
Quando avete incontrato Tom?	When did you meet Tom?	249d0d52-8c7c-5172-b03f-6d5a6a5834cf	28	22
Come riesci a mangiare così tanto?	How can you eat so much?	b787c405-0c5f-5767-b6a9-0d401594a162	34	24
Come riesce a mangiare così tanto?	How can you eat so much?	0894ed33-3dda-5f28-b621-a1738c7b623a	34	24
Come riuscite a mangiare così tanto?	How can you eat so much?	aa2b67a3-ee6b-511c-9fc0-9fc934074168	36	24
Come puoi mangiare così tanto?	How can you eat so much?	6d64c5e7-27e4-5491-93f8-c5943f68e86f	30	24
Come può mangiare così tanto?	How can you eat so much?	2435c3c0-1a71-5c09-9cfd-77dbe0ad2eb3	29	24
Come potete mangiare così tanto?	How can you eat so much?	03de7184-224b-5532-8123-dbcc7351a15b	32	24
Ho trovato il pezzo mancante della tua collana.	I found the missing piece of your necklace.	35fa04fe-1234-5ace-9b05-33deba35cd16	47	43
Ho trovato il pezzo mancante della sua collana.	I found the missing piece of your necklace.	95661246-f843-57ce-95ba-c24eb6fbc440	47	43
Ho trovato il pezzo mancante della vostra collana.	I found the missing piece of your necklace.	4ec66fee-9d93-53d2-97a9-862f5c62c6c7	50	43
Preferiscono un posto dal lato finestrino.	They prefer a window seat.	dc43282e-2579-5789-bc02-832d3ffff7d0	42	26
Loro preferiscono un posto dal lato finestrino.	They prefer a window seat.	48885cea-4753-5110-8429-8639bb1bae1a	47	26
Tom vorrebbe parlare con te.	Tom would like to talk to you.	2f8377eb-1b92-59d0-b22e-dab4883acf33	28	30
Tom vorrebbe parlare con voi.	Tom would like to talk to you.	bf3a2ae9-9144-5463-ab1d-aa14d9473bba	29	30
Tom vorrebbe parlare con lei.	Tom would like to talk to you.	c6a1a27c-52c5-5524-9931-59cef26f3f92	29	30
Non sembra molto emozionante.	It doesn't sound very exciting.	0b07fac4-4368-59eb-96ef-e0837268b3ac	29	31
È un'autorità in diritto penale.	He is an authority on criminal law.	3ee53408-6fc5-5994-be32-326ec2c9554a	32	35
Lui è un'autorità in diritto penale.	He is an authority on criminal law.	cf0b60fb-2ed9-55f2-966f-16906d1e4f00	36	35
È un luminare in diritto penale.	He is an authority on criminal law.	0153a748-4049-514a-a592-1cdad484fc75	32	35
Lui è un luminare in diritto penale.	He is an authority on criminal law.	f65568bd-c287-5c94-b51e-1d35b9159277	36	35
È un luminare in Cina.	He is an authority on China.	0ea21f97-6974-5a90-8f03-c8be65f18b7e	22	28
Lui è un luminare in Cina.	He is an authority on China.	548e5e0e-7f7e-561b-b808-bfed027a8b36	26	28
È un grande luminare in economia.	He is a great authority on economics.	6660fd6a-f5ca-5461-987c-f74a2b8af356	33	37
Lui è un grande luminare in economia.	He is a great authority on economics.	b26a03d6-b78b-552a-93bd-115b100cfcf2	37	37
È un luminare nel suo campo.	He's an authority in his field.	d171cabf-64e9-58d2-bbef-eb90e6d52a84	28	31
Lui è un luminare nel suo campo.	He's an authority in his field.	cd07ba2f-7b0c-53ba-9035-526a0a3b6f38	32	31
È una luminare nel suo campo.	She's an authority in her field.	c7088feb-d815-54c1-a845-793636f92244	29	32
Lei è una luminare nel suo campo.	She's an authority in her field.	0341a49b-92d3-595b-906f-b1f08925e797	33	32
È uno dei luminari principali del suo campo.	He's a leading authority in his field.	651f1269-16b4-58ed-b389-645d5761e21e	44	38
Lui è uno dei luminari principali del suo campo.	He's a leading authority in his field.	a2bfaeb5-04af-5880-b55f-8614c59a8ea3	48	38
È uno dei principali luminari del suo campo.	He's a leading authority in his field.	2611176a-0a40-547f-9eb2-5b148ce3c87d	44	38
Lui è uno dei principali luminari del suo campo.	He's a leading authority in his field.	73a6b5bb-cf1f-51bf-8687-ac85955a7f10	48	38
È una delle principali autorità del suo campo.	He's a leading authority in his field.	95efa732-eb16-5863-9628-3e6abb9422b6	46	38
Lui è una delle principali autorità del suo campo.	He's a leading authority in his field.	8776f269-338a-5dcb-8113-018167a85136	50	38
Quanto spesso devo dirtelo?	How often do I have to tell you?	0a674c25-f2c8-5b3c-b9f9-6b3e4f2cf243	27	32
Quanto spesso devo dirvelo?	How often do I have to tell you?	356c7528-b5db-5e69-ac23-0dc193de3c32	27	32
Quanto spesso devo dirglielo?	How often do I have to tell you?	5867f554-121a-5c40-bb67-15f76907ed43	29	32
Quanto spesso te lo devo dire?	How often do I have to tell you?	8314dae4-6b9b-50f7-9024-93ac13bf19a8	30	32
Quanto spesso ve lo devo dire?	How often do I have to tell you?	14e682b1-113a-5e71-b58a-40dbbc9fedcb	30	32
Quanto spesso glielo devo dire?	How often do I have to tell you?	98786d62-49b3-5a6c-8524-5ccd8ed4b615	31	32
Tom è tuo figlio, vero?	Tom is your son, isn't he?	8089ac4e-474c-508b-a4d2-25462ef63fbb	23	26
Tom è suo figlio, vero?	Tom is your son, isn't he?	136c1589-c110-5a90-a30f-ba1d1dbbd1c6	23	26
Tom è vostro figlio, vero?	Tom is your son, isn't he?	f65d378e-0425-53c4-998e-0e39e878cc9e	26	26
Tom ha una buona vista.	Tom has good eyesight.	be5b8f17-a73d-5190-98bd-8a3ba8aa0cdd	23	22
Tom era seduto alla sua scrivania.	Tom sat at his desk.	f0e0ab91-caa9-56ff-8447-c0e3062e8ddf	34	20
Questo può capitare ancora?	Can this happen again?	95f7fc02-c5fe-5799-9df0-bd072381b2b6	27	22
Questo può capitare di nuovo?	Can this happen again?	546fd05e-bfb8-589c-8450-44ebcc05d514	29	22
Questo può succedere ancora?	Can this happen again?	de3ad486-ff71-5251-a834-1f65ac1973fc	28	22
Questo può succedere di nuovo?	Can this happen again?	4835dbe3-4b12-5697-aead-a27a23b12777	30	22
Tom sembrava un po' infastidito.	Tom looked a little annoyed.	e261b89d-5dce-5c79-bfde-e6172e33d1d6	32	28
Ti dirò.	I'll tell you.	baff9a1c-979d-58c2-99ec-bf95549c290f	8	14
Vi dirò.	I'll tell you.	b64f16bd-23db-50e3-9bca-278a85e8613f	8	14
Le dirò.	I'll tell you.	1286d8bd-9405-5b50-81e8-859c606fab18	8	14
Te lo dirò.	I'll tell you.	c2ccae94-ba32-5d35-bcd5-70e4386083a9	11	14
Ve lo dirò.	I'll tell you.	e2b1e046-76ac-5c8b-a805-2aa8a0b8ef3d	11	14
Glielo dirò.	I'll tell you.	894d5a89-994c-5ff9-a237-431546b3f44d	12	14
Tom vuole passare del tempo con me.	Tom wants to spend time with me.	cadd59fb-e979-5349-8ae6-f17ae8ae6a50	35	32
Tom vuole trascorrere del tempo con me.	Tom wants to spend time with me.	280468a1-c25a-5323-843d-adee3c4cec2c	39	32
Mi serve un piano.	I need a plan.	88f35b3d-410c-5c46-97b8-34642c690c18	18	14
Ho bisogno di un piano.	I need a plan.	66c1fff3-4671-522a-8c41-55fc0158fbaf	23	14
Abbiamo discusso di questo.	We've discussed this.	aa7500d0-259e-5a51-b00a-da8c6ee5b723	27	21
Noi abbiamo discusso di questo.	We've discussed this.	1ec93b11-52e6-54ae-8d78-edcf2326a6e9	31	21
È davvero ottimo!	That's really great!	3958df17-d7b9-599f-a183-b7fbff995b85	17	20
È veramente ottimo!	That's really great!	655aba60-544f-5966-aa8e-953da78fb36e	19	20
Possiedo due libri.	I own two books.	8c39bca8-ff87-56b6-8392-4c7d3e144d94	19	16
Io possiedo due libri.	I own two books.	d33711d4-e8f2-5f8f-8721-dd0a3e5d9a38	22	16
Non ne ho parlato con nessuno.	I didn't talk to anyone about it.	959de424-03de-59b5-ab6d-cbdeed8c2d4d	30	33
Io non ne ho parlato con nessuno.	I didn't talk to anyone about it.	f06aab06-5f6b-5c9b-97d0-85499e8a33c1	33	33
Tom non voleva trasferirsi a Boston.	Tom didn't want to move to Boston.	3f7a7018-31e1-59ab-9ff6-95b1b519b43e	36	34
Tom non si voleva trasferire a Boston.	Tom didn't want to move to Boston.	f1dd2bcd-260c-561f-ae71-73dd577508c7	38	34
Tom non voleva rivedere Mary.	Tom didn't want to see Mary again.	bea6db5e-e6ed-5b20-ac4e-6508690ba91b	29	34
Non pensavo che fosse possibile.	I didn't think that was possible.	7e8e35b0-4d19-5540-8233-8500e655d2dd	32	33
Io non pensavo che fosse possibile.	I didn't think that was possible.	0ee1748d-c099-5189-9d18-7cf2815772cf	35	33
Non ci ho pensato troppo.	I didn't think about it too much.	26e97138-71ce-56b9-a88f-87904da89771	25	33
Io non ci ho pensato troppo.	I didn't think about it too much.	5aab8639-74dd-558c-9725-f6ba692fd162	28	33
Tom non sembra molto felice oggi.	Tom doesn't seem very happy today.	1ba120f7-52f4-5488-a038-9d6ec23df352	33	34
Non mi piace socializzare.	I don't like socializing.	fff3d329-8dbc-5387-849e-283dc5d16a7b	26	25
A me non piace socializzare.	I don't like socializing.	984401ed-9521-521b-a5d8-f4f4c87b440b	28	25
Questo è un po' difficile per me da dire.	This is a little difficult for me to say.	13026cc7-34bb-5dd1-a8f4-0e12be020cc3	41	41
Ovviamente, non posso dirlo a Tom.	Of course, I can't tell Tom.	ff08f4d3-6986-5cd2-a5f3-f45eae0a0de6	34	28
Ovviamente, non lo posso dire a Tom.	Of course, I can't tell Tom.	c1f37dee-abca-5fd8-b9ae-a5b9d7fd63c8	36	28
Quando chiude la banca?	When does the bank close?	18d01367-1ef3-5f2d-b4ae-3573044d2c5b	23	25
Non è quello che vuoi?	Isn't that what you want?	27eb54d2-9f05-51ac-aec0-4bdb7e42709a	22	25
Non è quello che vuole?	Isn't that what you want?	d6220109-26e7-5d19-93e0-fcbf1ce14dd7	23	25
Non è quello che volete?	Isn't that what you want?	1694cf85-fcee-504f-b879-8ada6a464eee	24	25
Voglio del gelato per dessert.	I want ice cream for dessert.	b4b420d6-4142-5fb0-923e-21d6a270e522	30	29
Io voglio del gelato per dessert.	I want ice cream for dessert.	6c0fa0bf-8fa6-5923-82f3-1887be98e0f9	33	29
Perché sei così magro?	Why are you so thin?	33fa58e8-3a51-59b3-9d0f-1ea31bf2645d	22	20
Perché sei così magra?	Why are you so thin?	5d6f476d-b369-51ca-a1af-565f4a2d95a4	22	20
Perché è così magro?	Why are you so thin?	8a1e1248-aff3-5ff0-9edb-6baafb3607d0	20	20
Perché è così magra?	Why are you so thin?	3ad3cc7e-c49d-50f0-bc76-e0f91f601a15	20	20
Perché siete così magri?	Why are you so thin?	e16a37d7-6353-5985-b8f6-90e6605c792d	24	20
Perché siete così magre?	Why are you so thin?	6018d148-41e2-5038-a5f4-ec74cbc9508e	24	20
Chi ha tempo?	Who has time?	60e6cfce-d810-5a98-ac3c-1f0c85cc6e24	13	13
Ho lasciato indietro Tom.	I left Tom behind.	e29535ea-924a-5e0a-b02d-9dd2296387bc	25	18
Lasciai indietro Tom.	I left Tom behind.	9a2f6b44-e62e-5e1e-a386-5c057b0f2cbf	21	18
Tom fa questo sei giorni la settimana.	Tom does this six days a week.	c8eef86d-8cf9-5a7d-aaf1-78267fddfd84	38	30
Dove ho messo quella scatola?	Where did I put that box?	9b512c68-1b86-540d-9e65-86d52f1e88e8	29	25
Tom non indossa mai un cappello.	Tom never wears a hat.	924d6299-c483-51f0-8408-22be1f8c9254	32	22
Porta fuori quella roba.	Take that stuff outside.	a519ca86-af2e-5075-9d1b-d1b907dadec5	24	24
Portate fuori quella roba.	Take that stuff outside.	9637a494-62ce-50bc-b703-899ffb9b60a6	26	24
Porti fuori quella roba.	Take that stuff outside.	fe26b7f0-b984-5817-9189-c2cf2becf503	24	24
Guardo continuamente la TV.	I watch TV all the time.	15ce2d83-a775-5425-9676-234774ff7819	27	24
Io guardo continuamente la TV.	I watch TV all the time.	095af076-8df6-5e25-b275-93ea1ce4ee32	30	24
Guardo in continuazione la TV.	I watch TV all the time.	93bb6f5f-480f-5d51-8a7c-79b9be1ce194	30	24
Io guardo in continuazione la TV.	I watch TV all the time.	d0035070-60e9-5afb-8ac6-795501e51970	33	24
Tom e Mary pranzano assieme ogni giorno.	Tom and Mary eat lunch together every day.	9d75f3ba-3404-518b-8fa4-12e184a7266c	40	42
Quanto sono pericolosi?	How dangerous are they?	09efa8ce-1266-5b46-992d-e7c2b826fb1e	23	23
Quanto sono pericolose?	How dangerous are they?	2616c359-3394-5d88-919a-683bedd0e2e4	23	23
Mio zio è sulla quarantina.	My uncle is in his forties.	02a465a4-e794-5ae1-946c-98d9c8ebb40a	27	27
Dov'è il banco check-in?	Where is the check-in counter?	97fb0c06-d923-5b3e-8ff1-5d00cc6b25b5	24	30
Ti piace fare surf?	Do you like surfing?	21e4fdef-c06c-5298-8471-75d375f28581	19	20
Le piace fare surf?	Do you like surfing?	fcc6f99a-3212-542c-9a6b-7757f054f311	19	20
Vi piace fare surf?	Do you like surfing?	75702ed2-ffdf-530a-ba21-2baabf9d4db1	19	20
Grazie per la raccomandazione.	Thanks for the recommendation.	497002cf-0d74-5d92-b236-d529a69e8784	30	30
Dovrai unirti al progetto.	You will have to join the project.	79ac724e-fe63-50b5-bfad-c238f5448b6f	26	34
Dovrà unirsi al progetto.	You will have to join the project.	38f7498d-0e4d-5ce6-888c-df52787c5322	25	34
Dovrete unirvi al progetto.	You will have to join the project.	f5a6f4f7-ab54-54ba-8e67-b833a721b67c	27	34
Ti dovrai unire al progetto.	You will have to join the project.	4741d509-0184-58cc-a701-a7ab1082ced7	28	34
Si dovrà unire al progetto.	You will have to join the project.	a033ea5a-43a7-53c1-8879-979b0d3ffd89	27	34
Vi dovrete unire al progetto.	You will have to join the project.	1a18ec06-a099-568f-821a-6dcd9fed868a	29	34
Il re è morto, lunga vita al re!	The king is dead, long live the king!	12857218-311c-57ac-b903-84e215e8c4bd	32	37
Shinya ha sposato una bella ragazza.	Shinya married a pretty girl.	5f88104b-df86-5281-81d8-9444a89c37a0	36	29
Shinya sposò una bella ragazza.	Shinya married a pretty girl.	364e1c99-b9c2-50e1-8894-86e624e899d8	31	29
Non nasconderti lì dentro.	Don't hide in there.	1145a14f-38c9-591a-9de6-fdd0c50c0674	26	20
Non si nasconda li dentro.	Don't hide in there.	61413d94-e467-5fd5-874f-224fd637d67b	26	20
Non nascondetevi lì dentro.	Don't hide in there.	f0305d85-9f93-59b7-82fa-fca9a59b3644	27	20
Tom deve avere avuto le sue ragioni.	Tom must've had his reasons.	ad5d1e98-1f37-5c91-a108-ed1bd4e47731	36	28
Grazie per il tuo messaggio.	Thanks for your message.	cf6bab1c-cc86-54be-a167-363f64f409d3	28	24
Grazie per il suo messaggio.	Thanks for your message.	b0bae206-bcb2-5d81-9331-f75c644d6441	28	24
Grazie per il vostro messaggio.	Thanks for your message.	bd80971d-08f8-5bca-97ea-7583e1a0d6a5	31	24
Dovresti discutere di questo con Tom.	You should discuss this with Tom.	bf49599d-fde6-53b2-95dd-a40954cf6038	37	33
Dovreste discutere di questo con Tom.	You should discuss this with Tom.	6ec4074a-db12-5fe8-b608-bd7ebb80d740	37	33
Dovrebbe discutere di questo con Tom.	You should discuss this with Tom.	61f0595a-68d0-508b-a517-e4d8d718c5e5	37	33
Cosa costerà esattamente?	What exactly will it cost?	dfbe9828-6850-5200-beeb-d4aba7c2dd13	25	26
Abbiamo un visitatore.	We've got a visitor.	32ab11e8-6d76-5cb1-b26d-cb283d72634e	22	20
Non devi essere qui domani.	You don't have to be here tomorrow.	3a6fdb21-c85d-5a57-8df3-b411daaf6a76	27	35
Non deve essere qui domani.	You don't have to be here tomorrow.	0d03fc98-e3b1-5c7e-81a6-f0754cb28896	27	35
Non dovete essere qui domani.	You don't have to be here tomorrow.	e0d08cfd-5a0c-5d77-800d-9e4dcb7673a3	29	35
Tom è tornato a casa prima delle due e mezza.	Tom got back home before 2:30.	f1fe1444-255d-5a6a-a93d-32761c99bbb0	45	30
Tom tornò a casa prima delle due e mezza.	Tom got back home before 2:30.	c24ec49e-9791-5b29-b7a2-93786fb98e7b	41	30
Chi non è stato lì?	Who hasn't been there?	c8f88ed9-a277-58ab-a1b5-a3f6e94db4d2	19	22
Chi non c'è stato?	Who hasn't been there?	e0696a65-6377-5bbf-9b2d-1bc4adb90184	18	22
Tom si sta sentendo claustrofobico.	Tom is feeling claustrophobic.	39fc4b7d-d4c0-534c-8b3e-0936cafe3449	35	30
Ho incontrato Tom ieri.	I met Tom yesterday.	eeb2274e-1065-5891-a943-9a555fbf7e62	23	20
Ho conosciuto Tom ieri.	I met Tom yesterday.	6e7281fc-e2b8-51c2-b445-721613c84fe8	23	20
È abituata a vivere da sola.	She is used to living alone.	57b70c3e-e7be-5a66-a195-01e2ea238906	28	28
Lei è abituata a vivere da sola.	She is used to living alone.	06694d39-845f-51d6-98a2-d6114707ee12	32	28
Li conosce?	Do you know them?	0021b99e-0035-5c0a-845b-35ce6aa4318c	11	17
Le conosci?	Do you know them?	709dedc0-915a-53f3-97cb-a5c89c9ec555	11	17
Le conoscete?	Do you know them?	c82f89a7-abb7-5333-8701-f14f4eb519b0	13	17
Sei uno studente delle superiori?	Are you a high school student?	535627b5-0a82-5aa4-b9b3-c114f2e3bd83	33	30
Tu sei uno studente delle superiori?	Are you a high school student?	c5cdb014-7be3-5f07-8a1a-78e9a6934a94	36	30
Sei una studentessa delle superiori?	Are you a high school student?	b363a518-8711-5a1a-bb69-348b112a8c56	36	30
Tu sei una studentessa delle superiori?	Are you a high school student?	194ce4c0-6ada-58ec-b216-ee599de1d476	39	30
Tom ha ringraziato Mary per averlo aiutato.	Tom thanked Mary for helping him.	e42e9df4-ef62-569c-aae9-dabc80bcae25	43	33
Tom ringraziò Mary per averlo aiutato.	Tom thanked Mary for helping him.	b9fa20d7-fee8-5669-b863-8707b7395eac	38	33
Amo contrattare.	I love to bargain.	10958a61-d08c-51dc-9bc2-66c166bff2ed	16	18
Io amo contrattare.	I love to bargain.	48aface0-35ce-5334-b3a7-74131e2ae7ee	19	18
Tom ti ha offerto una birra?	Did Tom offer you a beer?	cd687f1d-e30b-5602-bf05-8619706322a6	28	25
Tom vi ha offerto una birra?	Did Tom offer you a beer?	67cdcb9a-8bb0-5192-9b18-b3311776e07c	28	25
Tom le ha offerto una birra?	Did Tom offer you a beer?	36c3fc74-9dbe-5503-9e23-558c0125236c	28	25
Chi stavano cercando?	Who were they looking for?	7a090952-5e32-5315-8123-e1b13bfdb9b2	21	26
Loro chi stavano cercando?	Who were they looking for?	d95262cc-56c4-5522-bda2-a868316b1007	26	26
Non siamo al sicuro qui.	We aren't safe here.	bb725cf7-feac-5530-ba0f-b39a394ae1f5	24	20
Noi non siamo al sicuro qui.	We aren't safe here.	fff70b69-fbc8-57f4-a721-874913341350	28	20
Il mio fratello maggiore è single.	My oldest brother is single.	7e495dff-3779-56a3-87cc-17c1324ca83a	34	28
Non piaccio alle donne.	Women don't like me.	2ebf6707-e331-535e-bee9-7a2f27fc6ebc	23	20
Io non piaccio alle donne.	Women don't like me.	fa0b00f6-0be0-5036-94d3-f473bc9a23ec	26	20
Vorrei avere molti più soldi.	I wish I had a lot more money.	22db9c44-a128-5e47-9127-414cc3f1ae40	29	30
Io vorrei avere molti più soldi.	I wish I had a lot more money.	964d02fc-0de6-5af4-b7d0-cf8660f45aa9	32	30
Vorrei avere molto più denaro.	I wish I had a lot more money.	fc0750d2-de7c-5a61-8e87-92dc73408b31	30	30
Io vorrei avere molto più denaro.	I wish I had a lot more money.	9a54c2d0-a9ac-5143-92f8-a12da5db77c2	33	30
Gli ho dato un po' di consigli.	I gave him some advice.	23818661-9fcd-5f31-9d4f-cd99d1209006	31	23
Gli diedi un po' di consigli.	I gave him some advice.	90f8e2c1-6a6f-5d7b-9f1e-10f91140a4af	29	23
Questa è la tua unica occasione, Tom.	This is your one chance, Tom.	e87ee729-45cc-5234-b2fd-c86cf4b5377c	37	29
Inizio a lavorare domani.	I start working tomorrow.	93836d77-72a7-59d4-8ba3-7f9feb558e79	25	25
Comincio a lavorare domani.	I start working tomorrow.	97493506-08e1-55ac-9555-d466f1a0ac1f	27	25
È quello che voglio chiedere.	That's what I want to ask.	5222c3f3-a89a-5cf3-8cbd-581ed1ec1472	29	26
È ciò che voglio chiedere.	That's what I want to ask.	80a882d0-d56b-5271-aa0a-63ff88dca816	26	26
Ecco un breve elenco.	Here's a short list.	abcccd85-9035-5ae1-8a9d-d442cac2b050	21	20
Ecco una breve lista.	Here's a short list.	0aca9bde-a668-5e03-9c2c-14fbc7bb795d	21	20
Di che segno sei?	What sign are you?	4d2f0376-007a-5a33-a945-fd8c5e157f09	17	18
Di che segno è?	What sign are you?	a82635d9-79ee-5d24-9e3c-d8b2e5e66291	15	18
Di che segno siete?	What sign are you?	240737f3-56d4-5b25-b5f4-dc880bb082c0	19	18
Tom ci avrebbe aiutati se glielo avessimo chiesto.	Tom would've helped us if we'd asked him.	644bdc24-3db0-5600-968b-5f0d5de78f37	50	41
Tom ci avrebbe aiutate se glielo avessimo chiesto.	Tom would've helped us if we'd asked him.	5a9b4b7c-def6-5e63-8985-1d425ff00ca7	50	41
Cerca di non ripeterti.	Try not to repeat yourself.	8da34c84-f542-5afb-b5f1-4bb25ccf19a7	23	27
Cerchi di non ripetersi.	Try not to repeat yourself.	1f603412-d069-56c8-a366-4bb39dec91dc	24	27
Tom si è provato addosso il cappotto.	Tom tried the coat on.	6ebac89a-81ab-5dca-b2d0-a64dd382c408	37	22
Tom si provò addosso il cappotto.	Tom tried the coat on.	3f3d2aba-89b4-580d-8b32-f43a181f4b5b	33	22
Tom non si rade da tre anni.	Tom hasn't shaved in three years.	5679024b-d69a-50b1-ba28-1612bc4439ce	28	33
Tom mangiò tutti i suoi pasti nella sua stanza.	Tom ate all his meals in his room.	23d31359-d236-5bab-8e43-b8537ffdb0bc	47	34
Tom non sta cercando di impressionare nessuno.	Tom isn't trying to impress anyone.	995a3116-52b3-5ce2-8fd7-662b582b00ee	46	35
Tom non può accettare il tuo regalo.	Tom can't accept your gift.	c3cedee5-1926-54b0-9bdc-0c738c02a895	36	27
Tom non può accettare il suo regalo.	Tom can't accept your gift.	e52e2d81-24dd-5b82-b812-fe4fab8b5054	36	27
Tom non può accettare il vostro regalo.	Tom can't accept your gift.	96e372c7-12e1-5947-b3ad-86cf6876330f	39	27
Tom ha affettato la banana con un coltello.	Tom sliced the banana with a knife.	0aa67d41-560f-51b3-970d-7cbbe1d14bb1	43	35
Tom affettò la banana con un coltello.	Tom sliced the banana with a knife.	f390bc5c-b48f-5f00-9e68-0f67ce2d676b	38	35
Questa banana è andata a male.	This banana went bad.	6c51095b-9d8a-57cf-b2d1-e858ad0bbaaf	30	21
Vuole una banana.	He wants a banana.	29e7357f-632d-50d6-b5ad-47fd47b6279e	17	18
Lui vuole una banana.	He wants a banana.	ad8a095d-20b0-525b-b3b7-e6ad7656534c	21	18
Ho mangiato una banana.	I ate a banana.	fea46f7a-4bf0-5ac5-93cd-9ead70d62565	23	15
Io ho mangiato una banana.	I ate a banana.	63b95b42-3639-545d-af0c-aca3abf2d29f	26	15
Mangiai una banana.	I ate a banana.	53d8b3bd-b3b6-5679-bf05-58644a261ed8	19	15
Io mangiai una banana.	I ate a banana.	1fa681a8-c921-5171-be98-4cb90687574a	22	15
Vorresti una banana?	Would you like a banana?	21394c70-366f-54d9-a171-cfeda31b310d	20	24
Vorreste una banana?	Would you like a banana?	339ed52f-8812-54bb-8f15-ca26c2d431d1	20	24
Vorrebbe una banana?	Would you like a banana?	a2337366-3e1e-5674-b3cf-743d5d548c13	20	24
Perché la banana è curva?	Why is the banana bent?	6b96dbed-0d13-5cf9-8fdf-bf516d60f8fd	25	23
Vuoi una banana?	Do you want a banana?	1a697155-c409-5ded-ba14-4326b8ece9a3	16	21
Vuole una banana?	Do you want a banana?	e63f586b-79c5-5275-ad18-d5da50e095c0	17	21
Volete una banana?	Do you want a banana?	1b5d4b8a-e16d-5f48-8c84-8591b749dea8	18	21
La scimmia vuole una banana.	The monkey wants a banana.	694edb7a-c3ce-50ea-8bf4-9bf27c14f289	28	26
Tom ha sbucciato la banana per Mary.	Tom peeled the banana for Mary.	3cf5fac9-d282-501e-bdeb-fee14176a7bf	36	31
Tom sbucciò la banana per Mary.	Tom peeled the banana for Mary.	8a599c90-44fd-574f-864b-89a66b77b8c4	31	31
Non voglio una banana.	I don't want a banana.	c2dcc396-7593-5c36-ae95-aef2b391e99d	22	22
Io non voglio una banana.	I don't want a banana.	dcd47065-a050-5945-8ab6-2e806a02a5d4	25	22
Non ci sono abbastanza banani.	There aren't enough banana trees.	a4eae175-9e2e-58b4-88ca-6f488d8d62a0	30	33
Qualcuno conosce il cognome di Tom?	Does anyone know Tom's family name?	08d82d9d-bcfa-59f0-9e2f-233d11fcdd31	35	35
La banana era marrone e molliccia.	The banana was brown and mushy.	57f6339d-7ef6-5181-a75d-6a2a4c6fe6c2	34	31
Perché hai comprato solo una banana?	Why did you buy only one banana?	326d81e3-5059-530b-8e32-76967cc3ef7d	36	32
Perché hai comprato soltanto una banana?	Why did you buy only one banana?	c662648d-ae99-5b66-8762-0cd3a744e889	40	32
Perché hai comprato solamente una banana?	Why did you buy only one banana?	a6b525a1-4bf2-504c-b658-bb51a8406061	41	32
Perché ha comprato solo una banana?	Why did you buy only one banana?	86ee580f-a210-509d-8cb0-cad647b3f23b	35	32
Perché ha comprato soltanto una banana?	Why did you buy only one banana?	484570bc-8fa4-5793-bb1a-2eeca0a31d31	39	32
Perché ha comprato solamente una banana?	Why did you buy only one banana?	e0232669-ce2a-589c-b0b2-01f9fdad22a9	40	32
Perché avete comprato solo una banana?	Why did you buy only one banana?	8d042c9b-52b7-5368-b0f3-4bf2273a7a96	38	32
Perché avete comprato soltanto una banana?	Why did you buy only one banana?	3aa77d33-8bce-5367-9e37-04d06fc06cb5	42	32
Perché avete comprato solamente una banana?	Why did you buy only one banana?	b8809ad4-d950-5edf-a8a7-281da43df48d	43	32
Ecco, lascia che ti aiuti.	Here, let me help you.	f5157d67-bf30-5155-adc0-6086b09ecc2c	26	22
Ecco, lasci che la aiuti.	Here, let me help you.	868b1efc-89a1-5ed6-8808-d132779faef0	25	22
Ecco, lasciate che vi aiuti.	Here, let me help you.	d5e67acf-5d05-5f97-a48c-0c84c8a8cfda	28	22
Tom ha sbucciato la banana e l'ha mangiata.	Tom peeled the banana and ate it.	ac02726e-59e2-500f-9e48-5fa1366f94d5	43	33
Tom sbucciò la banana e la mangiò.	Tom peeled the banana and ate it.	eefc5e69-60a9-5685-afca-68cc42ffe283	34	33
Sei mai scivolato su una buccia di banana?	Have you ever slipped on a banana peel?	db4abea4-0175-5dd1-be38-e5a623f981d3	42	39
Tu sei mai scivolato su una buccia di banana?	Have you ever slipped on a banana peel?	e5b67815-3d60-50fe-b440-d5edc7a14759	45	39
Sei mai scivolata su una buccia di banana?	Have you ever slipped on a banana peel?	27226bb7-19ff-502b-9088-7d408fe95274	42	39
Tu sei mai scivolata su una buccia di banana?	Have you ever slipped on a banana peel?	c1978509-cf7c-558e-bb2c-03400d5dbdff	45	39
È mai scivolata su una buccia di banana?	Have you ever slipped on a banana peel?	08bead49-b8cd-5b41-90fa-0f7d97e35714	40	39
Lei è mai scivolata su una buccia di banana?	Have you ever slipped on a banana peel?	0dbc8711-787b-5a3d-bbad-ebf252912165	44	39
È mai scivolato su una buccia di banana?	Have you ever slipped on a banana peel?	b3dd8cde-4f7c-55f5-9dee-7f8e91b25296	40	39
Lei è mai scivolato su una buccia di banana?	Have you ever slipped on a banana peel?	831f2fe7-6eb1-5ed0-ba13-fba762ac8817	44	39
Siete mai scivolati su una buccia di banana?	Have you ever slipped on a banana peel?	450c3497-19ba-5958-b68a-0ee414ccf795	44	39
Voi siete mai scivolati su una buccia di banana?	Have you ever slipped on a banana peel?	46d5214e-34eb-5ab2-9bc5-da25ee5ee6cb	48	39
Siete mai scivolate su una buccia di banana?	Have you ever slipped on a banana peel?	fe35c9f4-5d63-5325-a518-840bd35175c4	44	39
Voi siete mai scivolate su una buccia di banana?	Have you ever slipped on a banana peel?	6a325cba-54a4-578d-8c4f-bdaa8c2f08be	48	39
Tom ha mangiato la bana senza lavarsi le mani.	Tom ate the banana without washing his hands.	11749986-82df-5d4a-a8b0-73def7b1f0dc	46	45
Tom mangiò la banana senza lavarsi le mani.	Tom ate the banana without washing his hands.	b7c711f4-9393-589c-b888-5bf4dfa9b4d1	43	45
Non sono mai scivolato su una buccia di banana.	I have never slipped on a banana peel.	7dfe8932-6c49-5128-8a2f-9e34910aaa31	47	38
Io non sono mai scivolato su una buccia di banana.	I have never slipped on a banana peel.	daa15b0d-d964-569d-bc6d-93bdde11d904	50	38
Non sono mai scivolata su una buccia di banana.	I have never slipped on a banana peel.	e0d2b121-618e-57f5-aeae-dfd6c47fa090	47	38
Io non sono mai scivolata su una buccia di banana.	I have never slipped on a banana peel.	39095026-4d92-55b3-a299-99d8cdab0d02	50	38
Voglio trovare la mia grande banana gialla.	I want to find my big yellow banana.	277fb7e6-fb10-5377-b1b0-4fa84db74174	43	36
Io voglio trovare la mia grande banana gialla.	I want to find my big yellow banana.	95d99174-49af-5f1f-b668-af66053ff299	46	36
Non voglio mangiare quella banana.	I don't want to eat that banana.	bce3cc37-fd07-5aed-8563-e31137590fd1	34	32
Io non voglio mangiare quella banana.	I don't want to eat that banana.	34b48346-badb-56e7-be47-9b3d3fa55b2a	37	32
Trovai la banana su una ripida strada di montagna.	I found the banana on a steep mountain road.	9507e316-cc63-5bad-a3a5-69486856bee4	50	44
Ti devi fermare.	You need to stop.	7c836876-fadd-5b09-9f5f-ef4ae9f4adf5	16	17
Si deve fermare.	You need to stop.	88bdf35b-ebb6-51e6-897e-e23279fd42af	16	17
Vi dovete fermare.	You need to stop.	e68a18d9-15a8-5a91-bf84-e7559fd5b5f8	18	17
Tom ha guardato per un po'.	Tom watched for a while.	183a4d2f-1820-505d-a2dc-188abb5b4bd1	27	24
Tom guardò per un po'.	Tom watched for a while.	8494a2d4-c454-567d-b235-968e94692257	22	24
Sua zia sta mangiando una mela o una banana?	Is his aunt eating an apple or a banana?	6cc7862b-c2a5-5402-a277-8b386151e2e0	44	40
Hai mangiato una torta di banane?	Have you eaten a banana pie?	b070a367-296b-5c23-80b7-7c1531a394b4	33	28
Ha mangiato una torta di banane?	Have you eaten a banana pie?	a1f60446-28be-532a-8581-7d45814a5b41	32	28
Avete mangiato una torta di banane?	Have you eaten a banana pie?	addc6b9a-2c27-53d6-b906-f112ffce8b7a	35	28
Com'è questa banana?	What is this banana like?	6093b48d-9e03-51cf-963a-38b37935aaef	20	25
Ha confessato la sua colpa.	He confessed his guilt.	b4399eff-24c2-5135-86b1-1696e546d5d9	27	23
Lui ha confessato la sua colpa.	He confessed his guilt.	9da4cba4-90ee-5798-ae5d-ab9c5bcb81b5	31	23
Confessò la sua colpa.	He confessed his guilt.	7a5c98d0-3d25-50a8-a026-cc6503919555	22	23
Lui confessò la sua colpa.	He confessed his guilt.	e0d12f47-71e8-51d9-acdc-6233936f5674	26	23
Ha ammesso la sua colpa.	He admitted his guilt.	5a7e8ffb-61fc-53f2-b927-869fa7787f38	24	22
Lui ha ammesso la sua colpa.	He admitted his guilt.	796ca91d-1068-5109-babb-f1c4ff945cf6	28	22
Ammise la sua colpa.	He admitted his guilt.	c70095fd-e4a7-545f-8eae-fbcff9935071	20	22
Lui ammise la sua colpa.	He admitted his guilt.	bb039200-6220-5480-a811-b2ee50c3e652	24	22
Hai visto mia moglie? Hai visto Mary?	Have you seen my wife? Have you seen Mary?	46587d1f-6ecb-50ef-9855-b5d58847a471	37	42
Ha visto mia moglie? Ha visto Mary?	Have you seen my wife? Have you seen Mary?	e29236c2-0a9f-5276-a17e-bfb1538e474d	35	42
Avete visto mia moglie? Avete visto Mary?	Have you seen my wife? Have you seen Mary?	2fad0b28-eee1-52a1-8196-7d3bf6a49367	41	42
Hai visto mia moglie?	Have you seen my wife?	86116fed-0177-5f14-990a-3c944ab65eb1	21	22
Tu hai visto mia moglie?	Have you seen my wife?	8e660f2c-d604-53c6-a774-fb4c211607b6	24	22
Ha visto mia moglie?	Have you seen my wife?	82258d52-153f-598a-b290-50ad249901cb	20	22
Lei ha visto mia moglie?	Have you seen my wife?	b87bf9f1-4dc9-5c91-acb7-56f41dc245d5	24	22
Avete visto mia moglie?	Have you seen my wife?	4ceb0e8b-bb0c-5863-a88f-1590d24bab1e	23	22
Voi avete visto mia moglie?	Have you seen my wife?	cfd15e28-0309-5dda-93fb-e19f4c11ddbb	27	22
Hai visto Tom e Mary oggi?	Have you seen Tom and Mary today?	d3193173-b231-5ccd-9642-9800fcdbec96	26	33
Ha visto Tom e Mary oggi?	Have you seen Tom and Mary today?	c40b5c0e-ff29-5b4f-8781-8d7a09f56724	25	33
Avete visto Tom e Mary oggi?	Have you seen Tom and Mary today?	85e24f09-17e4-5e74-9a38-f5b3000f1ecf	28	33
Abbiamo delle banane.	We have bananas.	d16a23d0-3b1e-5bc7-92e8-3545350a2c1c	21	16
Noi abbiamo delle banane.	We have bananas.	2f4d5552-5c20-5657-a260-588b6ab553a7	25	16
Queste banane sono andate a male.	These bananas went bad.	fa0600e8-09e9-5cb4-b396-3eb7b889bcef	33	23
Ho mangiato solo delle banane.	I ate only bananas.	0ffc4bbd-a98e-569e-9b80-7d9175ad6f23	30	19
Io ho mangiato solo delle banane.	I ate only bananas.	7b7f8d82-0561-5068-960f-8665c45468f3	33	19
Ho mangiato soltanto delle banane.	I ate only bananas.	f431f74c-cf0d-5790-9705-3a2da4eddb3a	34	19
Io ho mangiato soltanto delle banane.	I ate only bananas.	a1d78d2d-fa83-56c0-93a7-151771747e2f	37	19
Ho mangiato solamente delle banane.	I ate only bananas.	892e23c8-92fb-5887-8340-4d9ec1d770dc	35	19
Io ho mangiato solamente delle banane.	I ate only bananas.	79587795-05a8-5083-845b-2a5efdbc7782	38	19
Amo le banane fritte.	I love fried bananas.	6b649730-b096-56a0-98b9-6aa81b799f77	21	21
Io amo le banane fritte.	I love fried bananas.	2d8bf535-758b-51dc-b5f9-ddfe313ec7d1	24	21
Tom sta comprando delle banane.	Tom is buying bananas.	f65c7556-40f4-56b9-be95-8babaec88654	31	22
Non ci sono abbastanza banane.	There are not enough bananas.	3715b771-179c-5f75-9fb4-c53feadc38d5	30	29
Non ho mai comprato così tante banane!	I have never bought so many bananas!	2c27067a-17a4-5eb8-97f9-963114f4807f	38	36
Io non ho mai comprato così tante banane!	I have never bought so many bananas!	6af7425d-b790-5bab-af59-3e6d86990940	41	36
A chi non piace l'odore delle banane?	Who doesn't like the smell of bananas?	d160489a-4e5c-5689-99ff-5aa789db2648	37	38
È diventato conosciuto come dottore.	He became known as a doctor.	ef804e1d-cc12-599a-9cd1-5cdb12ef4e6f	36	28
Lui è diventato conosciuto come dottore.	He became known as a doctor.	3213cb4a-08a6-5674-be50-8fd328d52ba5	40	28
Divenne conosciuto come dottore.	He became known as a doctor.	1290cd66-c275-5101-aca8-da66c1950114	32	28
Lui divenne conosciuto come dottore.	He became known as a doctor.	27052ba2-20da-5b8e-bcdf-2fc6be66c20b	36	28
Diventò conosciuto come dottore.	He became known as a doctor.	ed67f8eb-c8c0-56be-a08d-c342a96d7adf	32	28
Lui diventò conosciuto come dottore.	He became known as a doctor.	d0951408-e1f7-53a6-acf4-8d125ca5797a	36	28
Gli piace esplorare le caverne sotterranee.	He likes to explore underground caves.	d42160b3-77f0-53df-b483-d655abea5ffc	43	38
A lui piace esplorare le caverne sotterranee.	He likes to explore underground caves.	6fc6e274-19f0-5fb5-b1f1-7e4c3e7f36e8	45	38
Non lasciare andare la corda.	Don't let go of the rope.	b3cdccc6-b2a2-5ca5-863d-9b4180cafa25	29	25
Non lasciate andare la corda.	Don't let go of the rope.	821f0044-4161-514f-90ad-088c48d51c6b	29	25
Non lasci andare la corda.	Don't let go of the rope.	1d325a4d-3700-5094-81d5-deebcc96a339	26	25
Non ho molta fame in questo momento.	I'm not very hungry right now.	2ec1fd91-22a8-55d8-9509-faa153326033	36	30
Io non ho molta fame in questo momento.	I'm not very hungry right now.	aee25239-3771-557f-8f05-7567ba6cd2c6	39	30
Le piante stanno crescendo.	The plants are growing.	d6bcd606-87e4-51d0-980a-853d43488e60	27	23
Questo mi sta davvero infastidendo.	This is really bothering me.	b3e0d2b9-d9fc-5bf5-ace8-1bc83ef560e1	35	28
Questo mi sta veramente infastidendo.	This is really bothering me.	e3f53f07-419b-5155-b8ee-48f35ce45f95	37	28
Dovremmo andare al centro commerciale?	Should we go to the mall?	992bdab0-9371-567d-a11d-f0d901b9611f	38	25
Odio Tom per molte ragioni.	I hate Tom for many reasons.	49d21971-c883-5fc9-8e33-5bcc734a7a41	27	28
Io odio Tom per molte ragioni.	I hate Tom for many reasons.	e485151e-2635-5640-80d5-4ebfff8639b4	30	28
Mi hai comprato questi?	Did you buy me these?	0efa273d-f156-583a-a95d-a12ef73c02ec	23	21
Mi hai comprato queste?	Did you buy me these?	5ea16a25-ace9-56b5-8ba3-1bcbe5fa399c	23	21
Mi ha comprato questi?	Did you buy me these?	377e0673-7dc4-5235-8514-e07fb8034a50	22	21
Mi ha comprato queste?	Did you buy me these?	f8ba1087-9765-5e96-a141-b8228f48b0e6	22	21
Mi avete comprato questi?	Did you buy me these?	0ba64394-6981-5327-98a5-5aedec840a03	25	21
Mi avete comprato queste?	Did you buy me these?	f625a35a-a690-5a84-b5da-dfeebb73211c	25	21
Devi tenere gli occhi aperti.	You must keep your eyes open.	ce957380-da20-5685-ac76-29ecb4b644c1	29	29
Deve tenere gli occhi aperti.	You must keep your eyes open.	261aa2ff-8f9c-5989-9887-b4ecf8bfd1a5	29	29
Dovete tenere gli occhi aperti.	You must keep your eyes open.	40fd9565-8b0a-5a2a-86cf-af6012570b1e	31	29
Devo almeno provare.	I have to at least try.	f3b4056b-4fff-52dd-bfb0-4c0f9f3244c8	20	23
La capitale del Marocco è Rabat.	The capital of Morocco is Rabat.	16cdf66d-919b-5ec1-a818-d4feae699e8b	32	32
Partirò per il Marocco la settimana prossima.	I will be leaving for Morocco next week.	97eb02bb-a454-5adc-a7ee-5dc777361765	45	40
Io partirò per il Marocco la settimana prossima.	I will be leaving for Morocco next week.	332a210c-2851-5fe8-9811-444df0e141f8	48	40
Sarò in Marocco per i prossimi sette anni.	I'll be in Morocco for the next seven years.	d4b6620c-b40f-5bc4-9fc9-ea949ea656a5	42	44
Io sarò in Marocco per i prossimi sette anni.	I'll be in Morocco for the next seven years.	39098ea1-32fc-55af-8501-15259a370441	45	44
Le ho telefonato immediatamente.	I telephoned her at once.	82d96250-806c-5af6-8c69-0c03aca9b089	32	25
Le telefonai immediatamente.	I telephoned her at once.	dc50a3e0-9fca-5032-8310-98539d34cc63	28	25
È una persona molto energica.	He's a very energetic person.	c7b861dd-53b3-53e2-9bf6-27dee36a9e17	29	29
Lui è una persona molto energica.	He's a very energetic person.	a2d7ecab-75b3-51df-9d93-5b08ef0d0fa2	33	29
Ha venduto tutte le sue proprietà in Marocco.	He sold all his property in Morocco.	e32fcacf-d979-5fef-844c-66112097da8a	45	36
Lui ha venduto tutte le sue proprietà in Marocco.	He sold all his property in Morocco.	a080a851-c2cb-5a94-b884-961db710bca4	49	36
Vendette tutte le sue proprietà in Marocco.	He sold all his property in Morocco.	3ba35ed8-548b-5d52-960f-60157926c88c	43	36
Lui vendette tutte le sue proprietà in Marocco.	He sold all his property in Morocco.	ec4fdb6d-2f93-58ba-a87a-d5263a513370	47	36
Ti sei chiuso fuori.	You locked yourself out.	0d777e94-5f4a-549a-91e9-7d66ff607b94	20	24
Ti sei chiusa fuori.	You locked yourself out.	92a2fe44-11b7-5b17-bcd6-e83b67f8e302	20	24
Si è chiuso fuori.	You locked yourself out.	1bcba56a-342a-53b7-a3b4-fee3c94aedd6	18	24
Si è chiusa fuori.	You locked yourself out.	93c9b50b-565c-58f7-976a-7fd6bf6d69fa	18	24
Vi siete chiusi fuori.	You locked yourself out.	19947ce0-c506-52c1-9007-106413a3394e	22	24
Vi siete chiuse fuori.	You locked yourself out.	426b0809-aadc-5a4e-88ca-6d7bc0576517	22	24
Tom è troppo giovane per andare a scuola.	Tom is too young to go to school.	8f9900d8-d5da-5e2e-b1d1-0df1c1828461	41	33
A che ora partirai per Londra?	What time are you going to leave for London?	fe1f9f86-49af-548f-bb00-c459ed79b9a6	30	44
A che ora partirà per Londra?	What time are you going to leave for London?	0d21f45b-53f0-5805-acf6-0ccb567c8168	29	44
A che ora partirete per Londra?	What time are you going to leave for London?	c6999b7d-e064-511d-bc7a-31c2011b61a0	31	44
Noi giochiamo a baseball.	We play baseball.	abff8359-7de4-5c3e-89db-c1797f17a35e	25	17
La festa è mercoledì.	The party's Wednesday.	236fcede-4ce7-595b-b9fd-4198fc6d2e35	21	22
Tom è preoccupato di perdere il suo lavoro.	Tom is worried about losing his job.	74d271dd-8df7-583d-a177-6ecba180e7fd	43	36
Tom è preoccupato di perdere il suo impiego.	Tom is worried about losing his job.	8bb54cdd-bd01-5a16-b638-5e11b58ef081	44	36
È molto improbabile che Tom sarà lì.	It's very unlikely that Tom will be there.	ac5929b2-00fd-50e7-975e-380e30c7e529	36	42
È molto improbabile che Tom ci sarà.	It's very unlikely that Tom will be there.	03723ee8-06b2-587a-9a4e-999a979eb08f	36	42
Avrei dovuto fare colazione.	I should've eaten breakfast.	ec0d52b1-1b0f-5bf6-a97b-3d64e607c6ee	28	28
Non c'era molto altro da fare.	There wasn't much else to do.	873001ca-dca1-5a2e-9268-d28c9c834275	30	29
Tom vuole finire questo.	Tom wants to end this.	905659dc-e814-5326-b4fe-3a81ea65a523	24	22
Come prendo uno di quelli?	How do I get one of those?	e7a54054-ffab-51f2-abf7-aad24124da08	26	26
Come prendo una di quelle?	How do I get one of those?	c2f21516-2c06-59ac-818b-9aef29766281	26	26
Quella roba è velenosa.	That stuff is poisonous.	071d6c12-c0de-5c00-9b82-cec0c6386963	23	24
Perché non potevi venire sabato?	Why couldn't you come on Saturday?	42713cfc-ece2-5a21-957b-242d05266c3a	32	34
Perché non poteva venire sabato?	Why couldn't you come on Saturday?	a189d0f7-2f6d-5b79-85a8-6b5d259c0da7	32	34
Perché non potevate venire sabato?	Why couldn't you come on Saturday?	e3fc61e8-6fde-55ac-851d-8f0d698f4b5e	34	34
Non è costato molto.	It didn't cost much.	963db26f-7dfa-583b-9000-df0739960e4d	20	20
Non è costata molto.	It didn't cost much.	4fa4105f-fe67-5815-9d3e-f7c4411d9bab	20	20
Lavoro tutto il giorno.	I work all day.	20f308b5-209f-5cd5-8148-209e16f8395b	23	15
L'ultima casa era la residenza di Tom.	The last house was Tom's residence.	33b86673-219c-5302-aeaf-31b9bf00051a	38	35
Le persone cattive non nascono cattive.	Bad people aren't born bad.	2faaf5fd-868f-5916-9707-ec1459fbf3fc	39	27
Tom lavora per un'azienda americana.	Tom works for an American company.	ade1f398-0edc-551f-8946-bf93556bc83c	36	34
Ho dovuto licenziare Tom.	I had to fire Tom.	837574ee-f6eb-5d33-ab45-349876812296	25	18
Dovetti licenziare Tom.	I had to fire Tom.	37b27081-08cf-5a26-9153-f2b9d0db445a	23	18
Tom è un po' sconvolto.	Tom's a bit freaked out.	27b9152b-9700-5e5c-80b9-f0f89debfc23	23	24
La signora parla in turco?	Does the lady speak Turkish?	3a534652-be97-501c-b454-0662998ffa0c	26	28
Vorrei visitare l'Australia.	I'd like to visit Australia.	6d9f2829-652e-5556-8596-1ad394f8eeb2	28	28
Io vorrei visitare l'Australia.	I'd like to visit Australia.	0b1a73c1-2fdd-5e37-999a-6ed49bffaf61	31	28
Mi ha comprato un bel cappotto.	She bought me a nice coat.	541d1713-f837-5613-b060-e5cb8598622f	31	26
Lei mi ha comprato un bel cappotto.	She bought me a nice coat.	a5e6681d-880a-5e84-8c79-56300f13f29f	35	26
Mi comprò un bel cappotto.	She bought me a nice coat.	d2891c1d-4dc6-561b-a7ea-42cea762688b	26	26
Lei mi comprò un bel cappotto.	She bought me a nice coat.	9664139e-1115-5f18-8d86-a4fc20ab1ac9	30	26
È un lungo viaggio.	It's a long journey.	b39bf49d-2a9e-5590-ab84-9d3f40587ba7	19	20
Bere fino allo stordimento fa male alla salute.	Binge drinking is harmful for your health.	19796983-412d-575a-9f74-5ab1104756de	47	42
Il binge drinking fa male alla salute.	Binge drinking is harmful for your health.	fb747f40-6109-569d-93ae-2394ce3c833b	38	42
Il binge drinking può danneggiare l'amigdala.	Binge drinking can damage the amygdala.	c6123550-cae9-5a51-adca-e70ae154ab23	45	39
Ci sono altre opzioni.	There are other options.	298570bd-89d8-503b-9ec9-9dca968f4cf6	22	24
È un ordine.	It's an order.	77541440-9acd-5ed4-bd69-24248ed22c78	12	14
È successo qualcosa di terribile qui.	Something terrible happened here.	b8e22d42-e077-54db-9d4b-30866816b9c1	37	33
Abbiamo bisogno di un po' di ghiaccio.	We need some ice.	ab530cad-bd57-5246-8eb2-0fb0c35e5f0a	38	17
Ci serve un po' di ghiaccio.	We need some ice.	57910d57-ffd7-56f3-b526-ae3af7d37d4e	28	17
Forse Tom ha bisogno di aiuto.	Perhaps Tom needs help.	b38571b2-6df3-544a-890c-cbb25085304d	30	23
Perché vuoi prendere un taxi?	Why do you want to take a taxi?	e7b8daad-d584-5acd-b42b-54a355c3ce72	29	31
Perché vuole prendere un taxi?	Why do you want to take a taxi?	d2e8ab81-65d0-5cbd-a7ac-46859cf6732a	30	31
Perché volete prendere un taxi?	Why do you want to take a taxi?	75459404-f626-5995-aa33-4833ae521975	31	31
Vorresti rivederlo?	Would you like to see that again?	20451329-dddd-584f-ac91-7c16c5535f50	19	33
Vorreste rivederlo?	Would you like to see that again?	1eebaa66-68f4-57b5-926a-c6592b133ce2	19	33
Vorrebbe rivederlo?	Would you like to see that again?	1eb678d3-6b37-5e21-83c0-84f29f455f8c	19	33
Lo vorresti rivedere?	Would you like to see that again?	e91c435e-ce75-590a-b33c-e1a9b6572233	21	33
Lo vorreste rivedere?	Would you like to see that again?	4b87b528-4952-5e52-8be5-d68a5545dd1e	21	33
Lo vorrebbe rivedere?	Would you like to see that again?	eb9e9272-403d-59b4-8585-b93a46d57a10	21	33
Tom ha dovuto pagare i danni.	Tom had to pay for damages.	65e812fe-f0d1-5c0b-b744-e2128f473fd3	29	27
Tom dovette pagare i danni.	Tom had to pay for damages.	2bbf60a7-f7c4-58fa-aded-9980c396b299	27	27
Vuoi prendere la cena?	Do you want to grab dinner?	6e82e9ca-816a-52d5-9dd7-2fcd6d0be962	22	27
Vuole prendere la cena?	Do you want to grab dinner?	0de53a3e-61d9-5d5b-b7ef-1d31d6a63bcb	23	27
Volete prendere la cena?	Do you want to grab dinner?	9d1bd800-4e06-558e-89ae-daeaeb921e77	24	27
Ci deve essere un modo migliore.	There's got be a better way.	8cab4907-4c97-5e03-9a4d-e43e271180e0	32	28
Pensavo che Tom avesse confessato.	I thought Tom confessed.	5b699722-dc5f-5e9f-ba1f-1d74f6d4c791	34	24
È solo naturale.	That's only natural.	e8b515e3-7451-5b5f-9468-ef46f6b70570	16	20
È soltanto naturale.	That's only natural.	24f2c865-6b5d-55e3-8bb0-aa1aaf5b7195	20	20
È solamente naturale.	That's only natural.	21d25528-3db0-5d4c-a879-bc376aac36f9	21	20
Non mi sarei mai dovuto fidare di Tom.	I never should've trusted Tom.	23f3a1e1-80c4-5de9-8b43-bbaaf57ced5b	38	30
Non mi sarei mai dovuta fidare di Tom.	I never should've trusted Tom.	1e819fbc-1a21-5fa0-bd03-615b7ab51a1b	38	30
Sei dopo di Tom.	You're after Tom.	dbc523e0-e45e-516a-b6b9-0c8bb30776e9	16	17
Tu sei dopo di Tom.	You're after Tom.	3ea0d769-acbe-59cd-82f4-184449d0b7b8	19	17
È dopo di Tom.	You're after Tom.	b5b6bd81-ea63-5a78-8092-dd7ffb3fd5b7	14	17
Lei è dopo di Tom.	You're after Tom.	50a35e30-d319-5d89-98c9-537a84c8a4cb	18	17
Siete dopo di Tom.	You're after Tom.	486c3e2d-8495-55ed-903c-0d0bd6fcd258	18	17
Voi siete dopo di Tom.	You're after Tom.	c3a535fa-5329-5944-944a-da9c970ff4b0	22	17
Com'è sopravvissuto Tom?	How did Tom survive?	0b2d9da2-1e50-52ca-a3cd-88629e59b267	24	20
Come è sopravvissuto Tom?	How did Tom survive?	baa764d7-9bf8-5dd5-b959-b98a34ef8ad8	25	20
Sta mangiando una pera.	She's eating a pear.	dd806d49-8a94-556e-b170-6fd768acd160	23	20
Lei sta mangiando una pera.	She's eating a pear.	2115d8b4-35cc-5d02-b0df-03cee1b68765	27	20
Non posso fare un altro passo.	I can't take another step.	5c25320d-a164-581b-8b72-ef7f2a749863	30	26
Non riesco a fare un altro passo.	I can't take another step.	c74d7cdc-61e5-551e-b3a8-69c0660397ea	33	26
È molto divertente giocare a basket.	It's a lot of fun to play basketball.	9dfd6aae-5fa8-56f2-a2ea-f3bb4af88123	36	37
Chi l'ha preso?	Who took it?	c65bbb37-db80-5cac-9544-978d92f0a3a1	15	12
Chi l'ha presa?	Who took it?	84bc565f-794f-531c-be86-d42d9668e316	15	12
Non puoi minacciarmi.	You can't threaten me.	86116a7e-b3d3-534f-8cc6-1b238aaeb104	21	22
Non può minacciarmi.	You can't threaten me.	b3f12fb1-f558-5fbc-93df-8feb27b5a3cb	20	22
Non potete minacciarmi.	You can't threaten me.	8a15bb74-91cf-5ad9-a8c0-e2c360ca6635	23	22
Non mi puoi minacciare.	You can't threaten me.	e5ef3c2a-9ecc-5a46-9569-01b5bc7f637d	23	22
Non mi può minacciare.	You can't threaten me.	2d992faf-6b7d-54dc-bec0-0d14ead7a9a9	22	22
Non mi potete minacciare.	You can't threaten me.	95bcfd3c-e39c-5f7a-ae5e-9082b5153d06	25	22
Abbiamo comprato un camion usato.	We bought a used truck.	b5653ee0-a344-5c5e-a962-099e23e36b59	33	23
Tom preferisce non parlarne.	Tom prefers not to talk about it.	ce8a8fbe-8a0b-5031-94a1-cf61a2c5e9e4	28	33
Voglio fare qualcosa di nuovo.	I want to do something new.	231f180b-cf65-5805-acb2-53af087d19ba	30	27
Io voglio fare qualcosa di nuovo.	I want to do something new.	45b73ba6-6021-514b-9dec-665c6b52e234	33	27
In realtà è perfetto.	That's actually perfect.	2b6d10f8-444d-5446-897d-5389ae5114dd	21	24
Sto cenando ora.	I'm eating dinner now.	f7e77839-6b1e-5c02-9d80-6ef701bcc737	16	22
Io sto cenando ora.	I'm eating dinner now.	dd82cd3a-943c-560a-893c-b822c5f17b59	19	22
Sto cenando adesso.	I'm eating dinner now.	1083d7e6-dabd-555e-a0e1-677a97bcc120	19	22
Io sto cenando adesso.	I'm eating dinner now.	517de636-b304-5e2c-ae5b-0f1f32b13277	22	22
Questa è una festa privata.	This is a private party.	4af69bb9-cf9c-562a-a24f-71cbbcdba071	27	24
È esattamente quello che direi.	That's exactly what I'd say.	e1995fd8-8686-5829-be2d-274946baebda	31	28
In questo momento, le cose sono tese.	Right now, things are tense.	d98ef8f7-a9ec-5a50-9c65-49ca18edcc66	37	28
Penso che dovrei aiutare Tom.	I think I should help Tom.	62d5c6ec-92a6-5b4b-a9eb-f7f7f4d66c98	29	26
Tom è ancora il capitano della tua nave?	Is Tom still the captain of your ship?	0235cec7-0a3a-57d6-b4d0-d554e79ef3da	40	38
Tom è ancora il capitano della sua nave?	Is Tom still the captain of your ship?	acd80d2b-d132-578a-805b-e71bd30cd7ce	40	38
Tom è ancora il capitano della vostra nave?	Is Tom still the captain of your ship?	0cce26e2-73ce-514b-9e93-09263b5d4e66	43	38
Non mi resta un centesimo.	I don't have a dime left.	c039fb00-b3f2-592d-b335-ee7aa205f04a	26	25
Non mi rimane un centesimo.	I don't have a dime left.	5de62172-3c2d-519d-9749-797553b23f9c	27	25
Ora sai come mi sento.	Now you know how I feel.	c68abfd5-f132-5172-9344-9d5f6d2ff31b	22	24
Adesso sai come mi sento.	Now you know how I feel.	a5741181-bd04-578d-bcfa-6acbfd936fc8	25	24
Ora sa come mi sento.	Now you know how I feel.	97775ae7-6fc4-5c9c-8d9c-1554315d7244	21	24
Adesso sa come mi sento.	Now you know how I feel.	dbb97d69-f1ac-5fc7-9b4d-735615d9fe9f	24	24
Ora sapete come mi sento.	Now you know how I feel.	6e9f2927-a810-5fae-8a76-65a66d6233f9	25	24
Adesso sapete come mi sento.	Now you know how I feel.	4c54130a-a13f-5d80-bfae-4fe838b6268c	28	24
Ti ringrazio molto per il tuo aiuto.	I thank you very much for your help.	141bd254-fc89-554a-afee-e3e3e482a425	36	36
La ringrazio molto per il suo aiuto.	I thank you very much for your help.	643fad2c-1afc-5bc8-b6d1-dc869c617899	36	36
Vi ringrazio molto per il vostro aiuto.	I thank you very much for your help.	2e96b6d5-8b10-5da7-9011-31d33eb25272	39	36
La famiglia di Tom si trasferì a Boston nel 2013.	Tom's family moved to Boston in 2013.	a19453d0-f331-524a-b70b-ceda590f0a13	49	37
Tom potrebbe cucinare per me stasera.	Tom might cook for me tonight.	a71bdb55-4f4a-5ea5-8c04-a013b4bbc5d0	37	30
Tom potrebbe cucinare per me questa sera.	Tom might cook for me tonight.	f5cd1a12-612b-521f-b964-55d1a4c641bf	41	30
Tom gioca bene a basket.	Tom plays basketball well.	669bb885-0f6c-5417-b85c-0fd1f1657cf9	24	26
Sono il bambino più giovane.	I'm the youngest child.	456f26e3-70fc-532f-950a-790a2996c23a	28	23
Io sono il bambino più giovane.	I'm the youngest child.	41cde6a5-4171-5c27-b96f-202b0052d237	31	23
Sono la bambina più giovane.	I'm the youngest child.	5b43a1b5-fd98-5cab-9e73-f701731da530	28	23
Io sono la bambina più giovane.	I'm the youngest child.	432991a4-96f0-5c03-89d9-cdac03809bab	31	23
Tom era solo.	Tom was lonely.	bc1125ac-a3e0-566a-ae64-1702b14c8143	13	15
Mi scuso per quello che ho detto.	I apologize for what I said.	5ecf7812-69c8-573e-a352-0aa730677cda	33	28
Non ho fretta.	I'm in no hurry.	787bd11e-5998-5d16-bbd2-3954509742bf	14	16
Io non ho fretta.	I'm in no hurry.	cc45c047-4168-5d1d-ab76-01b3a4b6caa3	17	16
Qual è il conteggio finale?	What's the final count?	447c32c5-ab3a-52e5-b674-b2c31e863823	27	23
Vuoi vedere qualcosa di interessante?	Do you want to see something interesting?	0c3c830d-3b9a-500b-be78-eef2ffa0e57b	37	41
Vuole vedere qualcosa di interessante?	Do you want to see something interesting?	49eaa724-1e5b-5f9c-a2b0-9d3a51cf0d83	38	41
Volete vedere qualcosa di interessante?	Do you want to see something interesting?	8c9d0173-6030-5074-b1f3-f61816592f38	39	41
Tom ha fatto qualcosa di sbagliato?	Has Tom done something wrong?	06dfd726-f49d-5776-a77c-132aeb585bed	35	29
Tom non aveva voglia di uscire.	Tom didn't feel up to going out.	ecf89208-7d87-507b-999b-128a14c08495	31	32
A Tom non andava di uscire.	Tom didn't feel up to going out.	01e17459-42ba-5257-b027-0001f373631c	27	32
Devo sapere qual è la posta in gioco.	I have to know what's at stake.	5b6aa720-7d2b-5ced-8511-67ff090b87cc	37	31
Io devo sapere qual è la posta in gioco.	I have to know what's at stake.	aad8ab76-b09f-51bc-b9ea-4a8e0d3b1b63	40	31
Ci sono vite in gioco.	There are lives at stake.	f59161f0-310e-5c24-872a-edf4c5a4a8f4	22	25
Sono in gioco interessi grandissimi.	There are huge interests at stake.	8fd70caa-7083-5e0d-a20e-f83cfc5953f2	36	34
Non ho mai tenuto un diario.	I've never kept a diary.	5d7aabe5-b4e9-501d-8a2c-61a937650fd1	28	24
Io non ho mai tenuto un diario.	I've never kept a diary.	0d58775c-5781-571c-871a-368bd9ef728b	31	24
Tom è metodico, vero?	Tom is methodical, isn't he?	9859a6ce-d054-56f6-99b0-03dec7ba0bca	21	28
Stavo avendo una brutta giornata.	I was having a bad day.	4c781adb-69c6-5f4a-ba99-ea167d47ddfc	33	23
La mia camera da letto è troppo piccola.	My bedroom is too small.	343ebde2-892e-579c-9c51-7f8eca8db8b0	40	24
Sai se Tom è vivo?	Do you know if Tom is alive?	10b94806-1aa2-5481-b95f-9627333d79db	18	28
Sa se Tom è vivo?	Do you know if Tom is alive?	90f61e50-2529-5a70-8451-864d4d1ed289	17	28
Sapete se Tom è vivo?	Do you know if Tom is alive?	e09ceb36-b914-5671-a634-7b0eda790cea	21	28
Neanche Tom è felice.	Tom is not happy, either.	0e7ae64b-1a7c-5a9b-9773-24d23c08bb00	21	25
Neppure Tom è felice.	Tom is not happy, either.	f7f84f09-22ad-5cce-aa4f-e80fa892bdd3	21	25
Nemmeno Tom è felice.	Tom is not happy, either.	43b77df6-58ce-59cd-aebf-4079cd4ea430	21	25
Non ho mai perso contro Tom.	I've never lost to Tom.	db12f7da-e758-5fa6-960d-0442a75b6e44	28	23
Io non ho mai perso contro Tom.	I've never lost to Tom.	5bbf75af-1107-5fc0-966d-988122a7612f	31	23
Vorrei averlo detto.	I wish I had said that.	b7c097d5-c933-5d13-82b9-73884bda948f	20	23
Lo vorrei avere detto.	I wish I had said that.	7b712890-76f7-5e34-81e6-c16169a51522	22	23
Stavamo cercando di tenerlo segreto.	We were trying to keep that a secret.	1851de0f-fec1-52d5-9be4-0ecf278895a8	36	37
Stavamo provando a tenerlo segreto.	We were trying to keep that a secret.	f8bbf6d9-5332-5404-b755-4999b738ae67	35	37
Cosa stai proponendo?	What are you proposing?	fc8874e8-e020-5247-b9f2-32128581a554	21	23
Cosa sta proponendo?	What are you proposing?	82b4ff58-edb5-5e5e-aa0d-dee5374f7a44	20	23
Cosa state proponendo?	What are you proposing?	ccc9cf54-9bb2-56e4-b221-3ada31ab18e3	22	23
Tom sembra sapere cosa fare.	Tom seems to know what to do.	1a222a4f-2e9c-53c0-89df-3938600c6105	28	29
C'è qualcuno sdraiato per terra.	There's something lying on the ground.	8dd185b5-a4f9-5a92-adc7-b206fdf00ec5	32	38
Tom può andare con te se vuole.	Tom may go with you if he wants.	b975f500-37fc-5814-bfdf-6431c12b0263	31	32
Tom può andare con voi se vuole.	Tom may go with you if he wants.	6d582363-45bd-5eca-85c7-81e1573d1280	32	32
Tom può andare con lei se vuole.	Tom may go with you if he wants.	ffb1118a-8e04-55f0-92dd-d7f8dd38611e	32	32
Non ho detto che l'hai preso.	I didn't say you took it.	c435e28d-e269-5c2c-9e23-91b4a4aa63fd	29	25
Non ho detto che l'hai presa.	I didn't say you took it.	62215b08-1b5f-5601-83e5-d019ecfa97c0	29	25
Non ho detto che l'ha preso.	I didn't say you took it.	aaab0d12-c9e0-50e5-8d60-058e461e249a	28	25
Non ho detto che l'ha presa.	I didn't say you took it.	96c6db75-d2a0-5f6c-baea-078fcb65cc15	28	25
Non ho detto che lo avete preso.	I didn't say you took it.	eb00f536-6d3b-5baa-b72c-8c1b1210d025	32	25
Non ho detto che la avete presa.	I didn't say you took it.	05712cce-026b-50d3-97c3-1f7efa3b0957	32	25
Ho imparato così tanto da Tom.	I've learned so much from Tom.	e6c0aa09-43dd-59ed-8ced-063b35415e2f	30	30
Tom era vestito di blu.	Tom was dressed in blue.	8ab38d6b-f572-59d4-9509-0d6c964d1583	23	24
Non ci penso mai.	I never think about it.	b1b80520-8cd9-5e23-b14e-8e7a221744d1	17	23
Io non ci penso mai.	I never think about it.	a5c15135-83f7-57b4-a60f-2075e208d5ae	20	23
Tom ha un'officina nel suo seminterrato.	Tom has a workshop in his basement.	fa6c8042-5492-5587-91f6-d4ae1cbd12bf	40	35
Dove hai preso tutta questa roba?	Where did you get this stuff?	aa4b4a7b-47a0-5b8b-8263-2b5f5ca91ad3	33	29
Dove ha preso tutta questa roba?	Where did you get this stuff?	c5477de8-5970-5b7d-a3b3-522b30d3c428	32	29
Dove avete preso tutta questa roba?	Where did you get this stuff?	99e44c44-09d2-5ffb-8767-e9c3be233cab	35	29
Non abbiamo ancora trovato la pistola.	We haven't found the gun yet.	168e9771-5920-5d1d-965c-edfe291f5b62	38	29
Cosa mangeremo?	What are we going to eat?	f863f47a-dffe-55d0-9418-f24b6d884dec	15	25
Che cosa mangeremo?	What are we going to eat?	cda76d9b-a50c-5e26-ad40-be744646d556	19	25
Non sono sicuro che questo sia necessario.	I'm not sure this is necessary.	14a4ee92-f089-5f5f-9d1f-9b96bde8de4b	42	31
Non sono sicura che questo sia necessario.	I'm not sure this is necessary.	c696657a-b14b-5533-9090-a4e65dcb7529	42	31
Mi piace essere spontaneo.	I like to be spontaneous.	fd04e282-4757-501d-8deb-c595b8baf193	26	25
Mi piace essere spontanea.	I like to be spontaneous.	e72199b2-098d-5c87-aab8-30c451ab17be	26	25
A me piace essere spontaneo.	I like to be spontaneous.	b63c7a50-826f-50ce-8873-60e6e876f57b	28	25
A me piace essere spontanea.	I like to be spontaneous.	44108004-28c7-5170-80c8-bcc481e7103d	28	25
Tom e Mary si sposano domani.	Tom and Mary are getting married tomorrow.	c43f5e07-ebfb-5ee9-81c2-d02888cbd549	29	42
È un ribelle.	He's a rebel.	85e7a5cb-e456-509b-af43-423532d7c4e5	13	13
Lui è un ribelle.	He's a rebel.	c48d497b-7c3f-5122-9810-4a8ed65b3320	17	13
Ecco il tuo amico.	There's your friend.	b9f2ca07-df63-5fbb-af3f-a93fc096d6c4	18	20
Ecco la tua amica.	There's your friend.	bb909bef-91a0-5915-84de-e1af113bd868	18	20
Ecco il suo amico.	There's your friend.	6c0ab2b9-2f54-5d2e-8c87-caf17a2309f6	18	20
Ecco la sua amica.	There's your friend.	0da54ddb-0658-5c80-a691-83415b93fd0b	18	20
Ecco il vostro amico.	There's your friend.	70916a74-f851-5df6-8efc-ead0bfcdce6c	21	20
Ecco la vostra amica.	There's your friend.	0edf47ce-78a6-5964-b52d-4f5907fb5786	21	20
Vi siete tutti persi?	Are you all lost?	e9c9482d-e533-5e78-b1f0-587dc6ca0f05	21	17
Vi siete tutte perse?	Are you all lost?	b35859f5-1090-58e1-afaf-3ab2d4a738ef	21	17
Tom aspetterà la tua chiamata.	Tom will be waiting for your call.	3f99656a-5b17-5019-8480-d74f6840ed0d	30	34
Tom aspetterà la sua chiamata.	Tom will be waiting for your call.	b4979865-98ad-5780-9ec2-a1f3005729fb	30	34
Tom aspetterà la vostra chiamata.	Tom will be waiting for your call.	3c04be08-7cc1-5661-94d8-07ff6da3f4a3	33	34
Ti ho visto in TV.	I saw you on TV.	611e01df-0818-5a88-904e-255a7e30841b	18	16
Ti ho vista in TV.	I saw you on TV.	5255e058-1ff2-5840-b906-d210d4f8dc47	18	16
Vi ho visti in TV.	I saw you on TV.	2841aa7b-647b-5d52-9a8b-fff9d0b2ffc2	18	16
Vi ho viste in TV.	I saw you on TV.	ec313021-303b-5274-8577-e6ced4062c3b	18	16
L'ho visto in TV.	I saw you on TV.	1e38d85f-39cc-511e-b82b-5efc8593b833	17	16
L'ho vista in TV.	I saw you on TV.	11af1ba8-cdbf-5f39-8481-62b364eedd83	17	16
Farò i tuoi compiti per te.	I'll do your homework for you.	ea46f025-aad6-5de2-8478-e7eb430800be	27	30
Farò i suoi compiti per lei.	I'll do your homework for you.	183f5ad1-b04b-54db-a09b-15eff969963a	28	30
Farò i vostri compiti per voi.	I'll do your homework for you.	2ba9f685-0bb4-55d8-96e8-b012647a809a	30	30
Mi dispiace di averla disturbata.	I'm sorry to have disturbed you.	07d455c0-5f33-5e99-9beb-5da0656a9b46	33	32
Non ho voglia di cucinare.	I don't feel like cooking.	2a78f1fb-0ef7-5029-b38f-f197aa18ea68	26	26
Io non ho voglia di cucinare.	I don't feel like cooking.	b06a1bc8-4522-5bce-a46a-06473af06a86	29	26
Non mi va di cucinare.	I don't feel like cooking.	6854a409-dea6-563a-afc8-f0d3ad77d7bc	22	26
A me non va di cucinare.	I don't feel like cooking.	274bff30-1dd4-5486-b13e-77ffd4a571e8	24	26
Non posso dire la verità a Tom.	I can't tell Tom the truth.	9dc31d5d-598d-5797-af6f-6f9ecb00792d	31	27
Non riesco a dire la verità a Tom.	I can't tell Tom the truth.	f9be9873-3f41-525c-864a-1417de22390f	34	27
Hai dei problemi.	You have problems.	e37d8da8-7bdb-5700-b320-3a617ffd6d02	17	18
Tu hai dei problemi.	You have problems.	930704f9-8319-56af-88ae-4b79e0464ea0	20	18
Avete dei problemi.	You have problems.	779b75cb-9148-5531-bda5-2f0073e7fd53	19	18
Voi avete dei problemi.	You have problems.	39c42272-3d53-5bac-9d0d-d09be192cb05	23	18
Ha dei problemi.	You have problems.	5f6e5955-5a99-5dfe-83d0-90ec163dbc3a	16	18
Lei ha dei problemi.	You have problems.	899cc3b1-99ba-53f4-8732-42a7bec4b111	20	18
Potrebbe dirci qualcosa.	It might tell us something.	e316bd14-abbd-5dbe-9a71-cd128adec39b	24	27
Tom non sa niente dell'Australia.	Tom doesn't know anything about Australia.	afbea4f3-047d-5d26-9b86-bdf200bc1981	33	42
Tom non sa nulla dell'Australia.	Tom doesn't know anything about Australia.	3d3d2719-504c-5502-9e04-094e691a701e	32	42
Ci potrebbe dire qualcosa.	It might tell us something.	582798c9-6410-5dc7-8e9b-6dfa848de959	26	27
Dovrebbe dirci qualcosa.	That should tell us something.	6f255a0e-903f-53e0-b16c-21995b9336ed	24	30
Ci dovrebbe dire qualcosa.	That should tell us something.	d3ac2808-ce15-5a4f-b707-86a95886c17f	26	30
Non ho ancora niente.	I still have nothing.	3986f0b9-a725-51e7-ad4e-306bef3e74f9	21	21
Non ho ancora nulla.	I still have nothing.	2a09d857-2151-5b55-ad0e-71fce45507a3	20	21
Abbiamo altre cose da fare.	We have other things to do.	f034b911-b366-5317-964b-dad1dbb08f4d	27	27
Noi abbiamo altre cose da fare.	We have other things to do.	aafde54c-c00e-5744-af98-df665e520b25	31	27
Tom deve dormire ora.	Tom needs to sleep now.	e0bc1ec5-362d-58c0-b526-f613b0976fc7	21	23
Tom deve dormire adesso.	Tom needs to sleep now.	d91760ab-0e32-556a-9c0d-dccdc5c3c66f	24	23
Sono stati lasciati indietro.	They were left behind.	d04b7bda-78f8-5a9f-89ec-5179810e7d4c	29	22
Sono state lasciate indietro.	They were left behind.	e9dbbee8-193a-5b45-beda-87d8512aafc0	29	22
Furono lasciati indietro.	They were left behind.	7b068588-b4d7-54a0-866d-a11f1bbc7c75	25	22
Furono lasciate indietro.	They were left behind.	44f4e175-6e9c-50fd-9587-ebcdfbcb9f3d	25	22
Speriamo che non capiti.	Let's hope that doesn't happen.	8432e0a2-0a27-53c1-87db-c7abb4aff4fc	24	31
Speriamo che non succeda.	Let's hope that doesn't happen.	fed82843-87d5-5e21-b0fa-75fb72c8b0dd	25	31
Riconosci qualcosa qui?	Do you recognize anything here?	c053f894-e9f6-5f1b-8c82-dc49fba4f454	23	31
Riconosce qualcosa qui?	Do you recognize anything here?	71a2ffab-5e7d-5dc7-a410-667ae2c930c1	23	31
Riconoscete qualcosa qui?	Do you recognize anything here?	cb1c7e69-d6ec-55c3-a1b9-bfbe3d731aa6	25	31
Tom non ha mangiato molto.	Tom didn't eat much.	7c0d18cc-8ad4-54f5-ba6c-6bc2b610103f	26	20
Tom non mangiò molto.	Tom didn't eat much.	5bfc9b0c-723d-56aa-ae6c-21462460cea2	21	20
Vogliono dirci qualcosa.	They want to tell us something.	03dfe80a-8913-5a8a-a731-791d8685ed7f	24	31
Loro vogliono dirci qualcosa.	They want to tell us something.	5a50099f-5472-5afc-b5ae-7d575c87fbb9	29	31
Ci vogliono dire qualcosa.	They want to tell us something.	57a629c6-1da0-5dce-abcb-3ff62c174a86	26	31
Loro ci vogliono dire qualcosa.	They want to tell us something.	e072bcda-8e45-503e-b1eb-98f949acce65	31	31
Eravamo assieme a Boston.	We were together in Boston.	ba007b45-ceb0-54e5-836e-227644f8929f	25	27
Noi eravamo assieme a Boston.	We were together in Boston.	1c5777d4-aa77-51b0-a7ac-483be6a194c5	29	27
Cosa pensi che dovrei comprare?	What do you think I should buy?	92817cc9-21b7-51fb-b19e-099bfe627433	31	31
Cosa pensa che dovrei comprare?	What do you think I should buy?	824bea14-c4b8-5f1c-8708-5c1e889e8f41	31	31
Cosa pensate che dovrei comprare?	What do you think I should buy?	ac867f56-5490-5b3e-98f2-b704ca554178	33	31
Tom era un po' ubriaco.	Tom was a little drunk.	adbb25f9-3cdd-5ebc-a0bc-f448aad6bc6e	23	23
Tom pesa più di Mary.	Tom weighs more than Mary does.	8988a7e6-db72-59af-9acf-c26ea6cad8c5	21	31
Partirò immediatamente.	I'll leave immediately.	e7f83062-1416-5704-94ad-72a9f3b7ae39	23	23
Me ne andrò immediatamente.	I'll leave immediately.	8c86626c-cf64-5043-8823-492377a8b6b2	27	23
Il mio telefono deve essere ricaricato.	My phone needs to be recharged.	5307b10c-595f-5ce5-8619-b9ae374af498	39	31
Il mio telefono ha bisogno di essere ricaricato.	My phone needs to be recharged.	04d27515-90f6-5d98-881f-2e5479e2fbd3	48	31
Sei troppo piccolo.	You're too little.	3452179d-3887-57c0-9062-722c8ead35c8	19	18
Sei troppo piccola.	You're too little.	09f84739-90a2-5f3f-8128-1f9dc4baedc0	19	18
Siete troppo piccoli.	You're too little.	b12bd00a-a34f-55b7-8951-874ede6e2ea1	21	18
Siete troppo piccole.	You're too little.	78f40db5-cde2-5cf6-8d35-079b44d2b166	21	18
Questo è così strano, vero?	This is so weird, isn't it?	3d2be6bb-0f3f-588d-824f-364d7d26252f	27	27
Grazie per avere chiamato tutti.	Thanks for calling everyone.	27f800a3-feb6-5a27-b245-90b968c9727f	32	28
Sei così modesto.	You're so modest.	45fb3719-7438-523e-b9a8-d74eaba7c4eb	17	17
Sei così modesta.	You're so modest.	804df087-28b9-5a55-b599-004507606291	17	17
È così modesto.	You're so modest.	77a69056-128f-521e-880f-c68ae0ecc428	15	17
È così modesta.	You're so modest.	64285776-c07f-5233-a41f-84624f0d4fd9	15	17
Siete così modesti.	You're so modest.	f8aee3ea-c424-5cd0-88d4-3a5994f2f78c	19	17
Siete così modeste.	You're so modest.	04aa92ca-7a49-512c-a28e-829227dc2599	19	17
Non sto lasciando la porta aperta.	I'm not leaving the door open.	139e559e-a8da-5f48-9327-58ea87ad2225	34	30
Io non sto lasciando la porta aperta.	I'm not leaving the door open.	bcebc787-ffe3-5b90-9b00-7ffa349f60cf	37	30
Di cosa avevamo paura?	What were we afraid of?	580c567b-0446-5dcf-8463-c697594dd09a	22	23
Ora taci.	Now shut up.	7db76f6c-6774-59aa-aa77-228d06e5da98	9	12
Adesso taci.	Now shut up.	4a637d97-b0be-5313-baad-421c58b61be6	12	12
Ora taccia.	Now shut up.	ae5c0baa-48a0-52dc-8f74-4b4d3a69cd96	11	12
Adesso taccia.	Now shut up.	e4e15a89-eb0e-5102-bd1e-0ea8a9522a7e	14	12
Ora tacete.	Now shut up.	2e64108e-943b-55fc-988b-e305018763ee	11	12
Adesso tacete.	Now shut up.	4ec7edd8-1a53-523f-8bb2-b0dfe02387e0	14	12
Tom sedeva su una roccia.	Tom sat down on a rock.	6e6f5177-dcd3-53f2-93c0-31bb3521b6cb	25	23
Vado dal dentista domani.	I'm going to the dentist tomorrow.	a32ca5e6-25a7-51db-8008-2223df3bc619	25	34
Io vado dal dentista domani.	I'm going to the dentist tomorrow.	7befef22-e7b8-5348-b4c3-fe7ceab633db	28	34
Sono felice di essere di nuovo qui.	I'm happy to be here again.	66ef06ba-e5ce-528f-8d19-393c05cc3fd4	35	27
Non avevo tempo di farlo oggi.	I didn't have time to do that today.	88acf9cd-c769-5731-84a6-53cea0de69db	30	36
Erano molto preoccupati.	They were very concerned.	3c341442-8cba-5f49-a28a-9c999f4d5bf5	24	25
Loro erano molto preoccupati.	They were very concerned.	64ea62a9-404a-530f-a3ed-ef0e4f7eb5d6	29	25
Erano molto preoccupate.	They were very concerned.	19319493-f165-5022-ba86-fec45afb2274	24	25
Loro erano molto preoccupate.	They were very concerned.	e6b2659f-cab8-513b-ae51-3d732f1dbf9b	29	25
Potrebbe spiegarlo.	That could explain it.	2ce8e042-2ccb-5f06-86c6-b011fcb39796	19	22
Potrebbe spiegarla.	That could explain it.	49c84b2c-9922-50a0-ad3b-cd16367652e0	19	22
Lo potrebbe spiegare.	That could explain it.	46312fd8-b247-56b9-8a37-3baf49c9f06a	21	22
La potrebbe spiegare.	That could explain it.	a239a78d-b363-5f38-989d-d538e114b139	21	22
C'erano molte persone alla festa di Tom.	A lot of people were at Tom's party.	067ad277-52d8-5abc-b577-9f10522545d2	40	36
C'era molta gente alla festa di Tom.	A lot of people were at Tom's party.	660232c3-3a8f-5cf8-be22-21b6b44fbbeb	36	36
La sua stanza è molto piccola.	Her room is very small.	dea04de2-471c-5ccf-a778-22d8d7010d36	30	23
La sua camera è molto piccola.	Her room is very small.	7c22c44a-4b2f-50ee-89dd-043ec0cb2371	30	23
Sii gentile con lui.	Be kind to him.	ffef8bc0-4641-54b9-ae98-fdf7159a9441	20	15
Sia gentile con lui.	Be kind to him.	a368f6b7-f161-598f-bfa9-459639b35c34	20	15
Siate gentili con lui.	Be kind to him.	3cdf51c4-83d7-5274-88cf-4560d15f0d29	22	15
Il capo di Tom è canadese.	Tom's boss is Canadian.	466dea5c-77bb-5c67-8d28-305b84605234	26	23
Questo problema mi rende perplesso.	This problem baffles me.	e75b9437-b4fc-5dd1-94f3-7eff60b466cd	35	24
Questo problema mi rende perplessa.	This problem baffles me.	32e7f59f-b023-594f-80d8-bec462b90cc6	35	24
Tom nuotava, ma non lo fa più.	Tom used to swim, but he doesn't anymore.	401e5618-bbb3-5bee-8320-c1f557207e15	30	41
Tom nuotava, però non lo fa più.	Tom used to swim, but he doesn't anymore.	189140f6-9f73-559c-b0fe-b6e4431dd565	32	41
Sono d'accordo con la sua opinione.	I agree with his opinion.	35fd765a-a588-55a4-a5b9-25519f488ab7	35	25
Io sono d'accordo con la sua opinione.	I agree with his opinion.	4694d373-bf7b-53d1-80c6-0c0e72048870	38	25
Tom sapeva che Mary sarebbe stata arrabbiata.	Tom knew Mary would be angry.	82f0cf60-d73d-5e7e-b808-a1b48522bf44	45	29
Tom è stato morso da un serpente.	Tom has been bitten by a snake.	a7dd7c01-33ee-5665-9446-beead2a61472	33	31
È tornato alle cinque.	He came back at five o'clock.	d07df705-b5c1-54e4-a200-e4b9f59587be	22	29
Non ho voglia di scherzare.	I'm not feeling like joking.	e3dee740-e4ca-547e-b44c-0a8f60779c5e	27	28
Io non ho voglia di scherzare.	I'm not feeling like joking.	5b151194-d3e3-50e0-a17f-ae7beb1310e4	30	28
Non mi va di scherzare.	I'm not feeling like joking.	07f51959-a281-5110-b0f5-3cb5966f94bc	23	28
A me non va di scherzare.	I'm not feeling like joking.	20f73c43-ce49-52b8-9246-4928a930ffac	25	28
Perdono veramente Tom.	I do forgive Tom.	c9ef778f-eef8-58ab-bffe-89944970f687	22	17
Io perdono veramente Tom.	I do forgive Tom.	db9236d5-1e04-527c-9add-897d21d7badd	25	17
Perdono davvero Tom.	I do forgive Tom.	b9a8bf94-0ac6-517f-88da-3f5cfe5e80ad	20	17
Io perdono davvero Tom.	I do forgive Tom.	1160ab3c-694d-5c83-9dee-41063aceb9e1	23	17
Perdono sul serio Tom.	I do forgive Tom.	faccd6d3-a82a-5649-90bc-dc9a79b958bb	22	17
Io perdono sul serio Tom.	I do forgive Tom.	a8207c3f-3edf-5d00-aadb-38c974075320	25	17
Vengono forniti servizi per l'infanzia.	Child care is provided.	bea6edd7-af7b-500c-8bc9-79854431e7a5	39	23
Voglio davvero rifare questo.	I really want to do this again.	10a4fdff-dd48-5ff1-90af-d2e78ffb8c7f	29	31
Io voglio davvero rifare questo.	I really want to do this again.	59364ffd-84dd-5ccc-98ce-abc024657491	32	31
Voglio veramente rifare questo.	I really want to do this again.	32ad9a82-f079-5f28-9abd-23373dfd60f7	31	31
Io voglio veramente rifare questo.	I really want to do this again.	6f8c19cf-5bae-539c-9cad-3f3147cd37f4	34	31
Tom ha tre figli e una figlia.	Tom has three sons and one daughter.	f8998bed-59f5-5097-85df-2c7778d06f42	30	36
Ho dormito tutto il giorno ieri.	I slept all day yesterday.	dc42992f-9522-58b4-9e1e-bcddde40286a	32	26
Io ho dormito tutto il giorno ieri.	I slept all day yesterday.	0b46814c-e7f7-5289-a891-a7be58f0d514	35	26
Quando sei nata?	When were you born?	f42f553f-7c0a-5b05-9142-81cf937f0772	16	19
Quando è nato?	When were you born?	6c0ab9d1-c9d4-5335-a771-4e8a4e81f34f	14	19
Quando siete nati?	When were you born?	ed7a8be7-7630-5d64-aeea-5c38d0c5a0e6	18	19
Quando siete nate?	When were you born?	102819e0-7e14-59ed-b0fd-ab4c7f00f58a	18	19
Non ascoltarla. Ti sta mentendo.	Don't listen to her. She's lying to you.	f7907911-4dc4-5487-b5ec-5425c0f8a215	32	40
Non la ascolti. Le sta mentendo.	Don't listen to her. She's lying to you.	7a8a7184-b967-5024-9c1f-6369f4f8e928	32	40
Non ascoltatela. Vi sta mentendo.	Don't listen to her. She's lying to you.	a32ea22f-2781-5657-93e7-30afabd2cd76	33	40
Non c'è abbastanza latte.	There is not enough milk.	4e1dec76-39f7-5d2c-9cfc-315d2909a73c	25	25
Mary è piuttosto carina.	Mary is kind of pretty.	734f92e2-1e68-554f-a0c7-30f9cb3906f3	24	23
Chi è l'uomo seduto nell'angolo?	Who is the man sitting in the corner?	14c66d33-7f07-5c06-9c55-4eec400ec477	32	37
Tom ha un TomTom.	Tom has a TomTom.	f70a4178-4a8b-568e-b53c-e60a6bba83a2	17	17
Non lo aprirai?	Aren't you going to open it?	45a46ada-8087-568a-9cc1-dd944169a6cf	15	28
Non la aprirai?	Aren't you going to open it?	484f1a0b-98ca-539e-b513-b18b98c26aff	15	28
Non lo aprirà?	Aren't you going to open it?	52686828-1d6a-51ed-a65a-e0e23e69f837	14	28
Non la aprirà?	Aren't you going to open it?	9c7c0320-6893-5d4f-aebc-2265358c23c1	14	28
Non lo aprirete?	Aren't you going to open it?	96c7910e-a45f-5d58-b8e1-c2bc6dbf79b4	16	28
Non la aprirete?	Aren't you going to open it?	99787595-ac7e-5217-a6bf-bd3aadaae96a	16	28
Tom sa che Mary sta bluffando.	Tom knows that Mary is bluffing.	12274bd7-67b5-53fd-83e9-65e5b57fb566	30	32
Nevicherà?	Is it going to snow?	1044cbc6-4f0f-53d2-b5b6-12656689e81b	10	20
Vai immediatamente dal dottore!	Go to the doctor at once!	6f547dba-e532-52b4-98a7-df285e45eae4	31	25
Vada immediamente dal dottore!	Go to the doctor at once!	06659cc0-10c7-50e2-b3fa-eb6e55fea395	30	25
Andate immediamente dal dottore!	Go to the doctor at once!	082eb55a-e0ea-54b8-a399-95e0fed4a99f	32	25
Tom dipende da sua moglie.	Tom is dependent on his wife.	35bc9943-f8f6-56ae-8141-b235de237a83	26	29
Tom ha fatto diversi errori gravi.	Tom has made several serious mistakes.	9046c7ac-4f9e-53e8-a0ef-09597fd75acd	34	38
Tom ha commesso diversi errori gravi.	Tom has made several serious mistakes.	4b278575-aaa9-57cd-ae9b-2f3118e836f9	37	38
L'inglese non è facile da padroneggiare.	English isn't easy to master.	33f39778-32d7-5430-9666-6e2578723641	40	29
Tom non ha ringraziato Mary per il regalo.	Tom didn't thank Mary for the gift.	3ff3d1d1-8985-55ab-8f58-9886d0424c12	42	35
Tom non ringraziò Mary per il regalo.	Tom didn't thank Mary for the gift.	97e7c4d6-c9ce-59bc-87f0-de5cde2ac044	37	35
È l'ora di punta alla stazione di Tokyo.	It's rush hour at Tokyo station.	e6c5c41c-deb1-596e-b18f-6ae6ceea4778	40	32
È l'orario di punta alla stazione di Tokyo.	It's rush hour at Tokyo station.	d45775d7-bee6-5661-8aac-1b0807b42061	43	32
Tom non vede Mary da un po'.	Tom hasn't seen Mary in a while.	e3a0cdb9-6a9f-5570-bc14-16d7d4152a92	28	32
È veramente carino.	It's really pretty.	006ce756-7b73-57e5-ac3d-45f845f95936	19	19
Perché non hai parlato?	Why didn't you speak?	9477ea1d-0ee9-508d-b0f0-9e6ddbd58170	23	21
Perché non ha parlato?	Why didn't you speak?	a962e3c3-a0f5-5e66-ae4e-593c1aafaeec	22	21
Perché non avete parlato?	Why didn't you speak?	07b3d79c-5d76-5e0d-81fd-aa8a325017ba	25	21
Ho tradotto quello che ha scritto Tom.	I translated what Tom wrote.	f64703a9-f6b9-583e-8fda-59e1dd29ee32	38	28
Io ho tradotto quello che ha scritto Tom.	I translated what Tom wrote.	f0872739-481c-5156-a57b-7b4545ffa115	41	28
Sono insoddisfatto.	I'm dissatisfied.	eacd6fad-9842-5ec7-9ffd-aa8162832f4f	19	17
Sono insoddisfatta.	I'm dissatisfied.	f23e8525-f3cf-5a58-aef5-359c7f9065fd	19	17
Quanto mangi?	How much do you eat?	2dc5ca67-e292-5627-b2bf-d620ef6a1abe	13	20
Tu quanto mangi?	How much do you eat?	aba42181-432c-5834-a78a-b5f445a1c48e	16	20
Quanto mangia?	How much do you eat?	da5bf5eb-9194-556f-b378-2887e628be9e	14	20
Lei quanto mangia?	How much do you eat?	2eaf6998-e49c-5d1d-9812-328ab0337af0	18	20
Quanto mangiate?	How much do you eat?	9e5f1eaf-870e-5085-98d5-38f0fae624e6	16	20
Voi quanto mangiate?	How much do you eat?	a4a6016f-d25b-589f-ba63-4abdd63239fb	20	20
Ho vissuto in Australia per tre anni.	I lived in Australia for three years.	7c3f7668-3d50-5879-8c18-aece3502e7c1	37	37
Io ho vissuto in Australia per tre anni.	I lived in Australia for three years.	08cc20dc-f345-5b99-99f5-d562b1bee175	40	37
Ho abitato in Australia per tre anni.	I lived in Australia for three years.	17761732-cf1c-50b1-928d-0491c92e6715	37	37
Io ho abitato in Australia per tre anni.	I lived in Australia for three years.	13dfd672-8686-578a-b71c-1f98f19a55f0	40	37
Qual è la specialità del ristorante?	What's the restaurant's speciality?	ed62d0dc-c95b-52ec-ab65-78776f2f1c4f	36	35
Non sono libero di andare questo pomeriggio.	I'm not free to go this afternoon.	3625483b-57ce-56f0-904e-b681743f9c57	44	34
Non sono libera di andare questo pomeriggio.	I'm not free to go this afternoon.	127f1388-5208-53af-bf69-4c9d078aca72	44	34
Tom non è venuto con te?	Didn't Tom come with you?	f72864d5-64da-5a86-850a-78e700f490c2	24	25
Tom non è venuto con voi?	Didn't Tom come with you?	1379c637-58d1-5af9-bb4e-959b6fec2379	25	25
Tom non è venuto con lei?	Didn't Tom come with you?	77289ec1-7c35-5f8f-b0c7-2ced552052de	25	25
Sa scrivere una lettera in inglese.	She can write a letter in English.	5d99d3bd-aa17-56db-af30-c2513602f3b7	35	34
Lei sa scrivere una lettera in inglese.	She can write a letter in English.	090ec465-8272-5355-9d89-76f8da35ada5	39	34
Può scrivere una lettera in inglese.	She can write a letter in English.	8751e3fb-297f-589d-8638-fa38e76b611b	36	34
Lei può scrivere una lettera in inglese.	She can write a letter in English.	5a5f8bff-343b-5287-ac8f-07ddcc4c26fd	40	34
Riesce a scrivere una lettera in inglese.	She can write a letter in English.	51de00b6-c856-5090-ab02-44289768954a	41	34
Lei riesce a scrivere una lettera in inglese.	She can write a letter in English.	16b33a08-14b9-5d0c-acfc-4b157fd058b9	45	34
4 per 4 fa 16	4 times 4 is 16.	52f3c466-2973-5925-a9c4-bbb7bc6e811e	13	16
Quattro per quattro fa sedici.	4 times 4 is 16.	90da0ec2-40cd-5a99-b0fd-7540c1f27643	30	16
Sono le sette.	It is 7 o'clock.	1eb622df-f142-5ce3-ba98-4207726bedf9	14	16
Sai suonare Jingle Bells?	Can you play Jingle Bells?	afe41402-478f-5c37-b9e4-de676e498f59	25	26
Sa suonare Jingle Bells?	Can you play Jingle Bells?	0f736c45-9f62-562b-a1b7-d85bc62b6d9c	24	26
Sapete suonare Jingle Bells?	Can you play Jingle Bells?	49a4993e-bcfd-5c65-b694-7992164a6b0d	28	26
Puoi suonare Jingle Bells?	Can you play Jingle Bells?	94f32236-d19d-506c-9ad7-37db3c228148	26	26
Può suonare Jingle Bells?	Can you play Jingle Bells?	209042b6-7696-5626-aaaa-a747b8132935	25	26
Potete suonare Jingle Bells?	Can you play Jingle Bells?	85859eb5-cfd1-5119-b518-4de0f6373767	28	26
Riesci a suonare Jingle Bells?	Can you play Jingle Bells?	40e8d473-4236-50a7-a5c5-155fd75fe9df	30	26
Riesce a suonare Jingle Bells?	Can you play Jingle Bells?	d774c372-306a-53f2-b795-2cb5169e63a6	30	26
Riuscite a suonare Jingle Bells?	Can you play Jingle Bells?	12a30344-742b-5cdd-ab33-104babb6ffd9	32	26
Mi piace navigare su Internet.	I like to surf the internet.	6363b50d-458f-5181-9470-c668cdcda894	30	28
A me piace navigare su Internet.	I like to surf the internet.	76dff6d2-637a-5f4b-bd2a-70ae42356abe	32	28
Lavoro al computer tutto il giorno.	I work on the computer all day.	f37842ad-7706-51df-b1b4-5577f2c56ea0	35	31
Io lavoro al computer tutto il giorno.	I work on the computer all day.	82de4dd4-725f-5c68-988f-835c9e253cec	38	31
Spero che lui stia bene.	I hope he's all right.	be1e6e41-bac5-57ac-b657-a023fa9b88be	24	22
Io spero che lui stia bene.	I hope he's all right.	c3cd90c7-0dfc-5b1c-b7fb-ff2f31e6c885	27	22
Non aprire la porta a nessuno.	Don't open the door for anyone.	1c089e4b-f6a8-5992-99b0-bc253e3df1f4	30	31
Non apra la porta a nessuno.	Don't open the door for anyone.	4137f6f3-6e1e-5418-9f08-8e853f8325e1	28	31
Ho visto molte cose.	I saw many things.	99232dee-f4c0-5695-974c-59a2d4a34b6c	20	18
Io ho visto molte cose.	I saw many things.	cfc28402-25ea-513c-b898-b0521fdac9ed	23	18
Vidi molte cose.	I saw many things.	3eb5de8a-cab5-5f30-9c77-feb739bbccd7	16	18
Io vidi molte cose.	I saw many things.	320acb64-7637-5a91-a89e-c37cd59c1eb0	19	18
L'hai minacciato?	Did you threaten him?	565197c7-64c7-58ed-9d4d-841753e005e5	17	21
L'ha minacciato?	Did you threaten him?	13538d2a-752e-57cb-9de6-24698b8127d0	16	21
Lo avete minacciato?	Did you threaten him?	b33cb674-2898-5720-ac0d-47c3a4b56bc5	20	21
L'hai minacciata?	Did you threaten her?	eb1f528e-67a7-581a-937b-5094546f123d	17	21
L'ha minacciata?	Did you threaten her?	125ed367-d4eb-5a6c-84c0-0b43e3364861	16	21
La avete minacciata?	Did you threaten her?	fc851426-1871-53f2-b252-4cfd0c9e0898	20	21
Trascura i suoi studi.	He neglects his studies.	fc6bedc7-cc91-5b17-bc5e-8d393c7b0ce2	22	24
Lui trascura i suoi studi.	He neglects his studies.	b8f443c3-938d-56ef-ab6a-b4dfa498ee87	26	24
Non penso che Tom ne sarebbe d'accordo.	I don't think Tom would agree to that.	3bb58a75-e50b-5a66-8492-cabd7cb42765	39	38
Io non penso che Tom ne sarebbe d'accordo.	I don't think Tom would agree to that.	d044ce7d-e9fb-52ba-b56f-080ad5dfe9e3	42	38
Ho bruciato la torta.	I burned the cake.	44a3eaf9-eace-5171-8485-fa5775c26093	21	18
Bruciai la torta.	I burned the cake.	b3481086-8f64-5bb6-873d-a9c6dcf6868b	17	18
Tom ha visto dove vive Mary.	Tom saw where Mary lives.	298b991e-42d6-55ec-94ce-692b4a7704bb	28	25
Tom ha visto dove abita Mary.	Tom saw where Mary lives.	a7de12ac-28b3-5602-9df4-00c394a50fcd	29	25
Non torno a Boston.	I'm not going back to Boston.	247e5dbf-16fb-5286-9f8a-cce1a84043ed	19	29
Io non torno a Boston.	I'm not going back to Boston.	398b85f5-6e17-5d46-8377-197076777bc0	22	29
Tom dice che si sente un po' meglio.	Tom says he feels a little better.	158f2464-a740-560b-b0ab-4d9cf7850bf8	36	34
Tom dice di sentirsi un po' meglio.	Tom says he feels a little better.	955f82c9-49e4-5260-b94e-725daebf39a5	35	34
Qual è la situazione?	What's the situation?	910e82e3-3074-57de-80f2-62df1e6a7709	21	21
Ha dedicato la sua vita al suo studio.	He devoted his life to his study.	932da4fe-093a-5c3a-bdae-b7f06d8dc5b8	38	33
Lei ha dedicato la sua vita al suo studio.	He devoted his life to his study.	de59005d-2d2e-5119-8a70-0bd149662020	42	33
Dedicò la sua vita al suo studio.	He devoted his life to his study.	a217be62-1b3e-5efc-95d6-11eeb84668b4	33	33
Lui dedicò la sua vita al suo studio.	He devoted his life to his study.	85cf2c7a-2e75-520a-9796-5d54db442b9c	37	33
Vorrei fare qualcos'altro.	I'd like to do something else.	18eb2890-b097-53d3-9623-dbaa51327e30	26	30
Io vorrei fare qualcos'altro.	I'd like to do something else.	3c870041-0f6d-5646-9b2a-6aea9efec1b3	29	30
Ho apprezzato l'offerta generosa del mio vicino.	I appreciated my neighbor's generous offer.	cfc8ab2b-9e01-5533-ae48-0db1ee3d9800	48	43
Ho apprezzato l'offerta generosa della mia vicina.	I appreciated my neighbor's generous offer.	76d4e431-9721-50e1-ab30-574b83ab9a1b	50	43
Apprezzai l'offerta generosa del mio vicino.	I appreciated my neighbor's generous offer.	da5a41c5-1990-5906-9408-ee16fe4a0ddc	44	43
Apprezzai l'offerta generosa della mia vicina.	I appreciated my neighbor's generous offer.	a358f65f-ac1b-5e8b-b3a1-b01807686ff5	46	43
Ho fatto una scoperta.	I've made a discovery.	b03e381a-2697-5c6e-a953-401ab1554d6d	22	22
Io ho fatto una scoperta.	I've made a discovery.	2faddd86-ae20-5319-af5d-86236e029208	25	22
Tom e Mary erano entrambi esausti.	Tom and Mary were both exhausted.	87848d4c-28de-55f2-b4cf-a869a68aad84	34	33
Penso che il film sarà interessante.	I think the movie will be interesting.	f5f129eb-c68a-5cf5-af5e-951f34c21c0e	36	38
Io penso che il film sarà interessante.	I think the movie will be interesting.	1430b12c-a270-549c-84e5-0315524d8adb	39	38
Ho scritto circa tremila parole finora.	I've written about 3,000 words so far.	c1f3e10f-4659-52c2-93b1-a94cb7c6ef6b	39	38
Io ho scritto circa tremila parole finora.	I've written about 3,000 words so far.	c8561885-d6a4-5f91-b3a5-0cb6c5e63672	42	38
Tom e Mary condividevano molti segreti.	Tom and Mary shared many secrets.	5ced623d-beb6-57b2-8904-8f0a7db0c20b	39	33
Tom e Mary hanno condiviso molti segreti.	Tom and Mary shared many secrets.	9505f320-e8ca-5704-9133-9de97feb5de2	41	33
Tom e Mary condivisero molti segreti.	Tom and Mary shared many secrets.	5fe671dc-2d74-563a-8a16-2ef5de1f20f8	37	33
Tom ha chiesto a Mary di venire a Boston.	Tom asked Mary to come to Boston.	0b15014f-d21a-5924-82d1-935391b1bc1a	41	33
Tom chiese a Mary venire a Boston.	Tom asked Mary to come to Boston.	9a7e6dfb-78e7-520c-ba62-d81a001178a3	34	33
Mi tirai su.	I heaved myself up.	efeff81c-b902-56b0-9ec9-80bb9a9a16da	12	19
Sono qui per parlare di loro.	I'm here to talk about them.	ea85b85e-952e-5c73-8a48-07b20a4faa55	29	28
Io sono qui per parlare di loro.	I'm here to talk about them.	f8c48357-fc5b-5ddd-bb76-d49189239ab8	32	28
Vuoi lavorare in Germania?	Do you want to work in Germany?	ccfef9b6-101a-5245-abf4-105f6e171299	26	31
Tu vuoi lavorare in Germania?	Do you want to work in Germany?	0c72fee4-1ef4-5b03-8e4c-6b00a21c621d	29	31
Vuole lavorare in Germania?	Do you want to work in Germany?	52d198cf-3628-5e83-977c-3083bf62678e	27	31
Lei vuole lavorare in Germania?	Do you want to work in Germany?	dcdebb67-b124-57fb-be74-ab6d74a50374	31	31
Volete lavorare in Germania?	Do you want to work in Germany?	bcdb9f62-a57b-5ffd-87f2-de753b022189	28	31
Voi volete lavorare in Germania?	Do you want to work in Germany?	35358245-3625-590c-a540-63029e73c810	32	31
Non possiamo offrirti un salario più alto.	We can't offer you a higher salary.	b1329bc5-2597-558a-8003-440ea0fc6371	42	35
Non possiamo offrirvi un salario più alto.	We can't offer you a higher salary.	cc0d937b-f5ea-5bf3-99c0-8768c3f4f5f1	42	35
Non possiamo offrirle un salario più alto.	We can't offer you a higher salary.	526ca7dd-f571-5957-97b1-41c7b82a7893	42	35
Non ti possiamo offrire un salario più alto.	We can't offer you a higher salary.	cd4853ed-32b2-5f01-ad98-05035ccb7bae	44	35
Non vi possiamo offrire un salario più alto.	We can't offer you a higher salary.	02ea2a17-9436-5263-9948-aa3da238a90d	44	35
Non le possiamo offrire un salario più alto.	We can't offer you a higher salary.	2ad89a32-67f6-59a5-b071-3adc47557974	44	35
Il rumore era assordante.	The noise was deafening.	f2d1acc6-c296-560e-a306-94b5e41f7f7c	25	24
Il brandy mi sta dando alla testa.	The brandy is getting to my head.	85f16f15-4ec1-54d1-8ead-419af509ed5f	34	33
Il brandy è del tutto finito.	The brandy is all gone.	71376b77-db6c-5ec8-a32b-f1f2bbc427f9	29	23
Tom ha dato a Mary un po' di brandy.	Tom gave Mary some brandy.	474036ae-786d-5cc0-80c5-a5a1bbdb76fc	36	26
Tom diede a Mary un po' di brandy.	Tom gave Mary some brandy.	a58eb273-5d2b-5818-aee4-dbbd9c267089	34	26
Tom ha versato del brandy nei bicchieri.	Tom poured brandy into the glasses.	cd3e253b-a87a-56c1-bc32-ef7c612bcc0b	40	35
Tom versò del brandy nei bicchieri.	Tom poured brandy into the glasses.	7d0ad571-39c4-5ce9-93b6-075379dee79c	35	35
Tom ha bevuto un sorso di brandy.	Tom took a sip of brandy.	a58b5e9d-f6bf-50d4-9237-f43c459b0fe8	33	25
Tom bevve un sorso di brandy.	Tom took a sip of brandy.	740640db-82bb-5cb5-a561-d2b0389bca5b	29	25
Tom bevette un sorso di brandy.	Tom took a sip of brandy.	3c6e5c6b-07d0-5d0d-bd24-b0856f1adfdf	31	25
Tom bevé un sorso di brandy.	Tom took a sip of brandy.	11732de0-f0b7-5bdb-9644-55a16c9d56af	28	25
Ti prenderò un po' di brandy.	I'll get you some brandy.	26de0680-3c24-5470-b83b-f4a7fbdea7a1	29	25
Vi prenderò un po' di brandy.	I'll get you some brandy.	6cd3bd18-cc41-5b41-884f-f30eaea3b414	29	25
Le prenderò un po' di brandy.	I'll get you some brandy.	6c2a8a18-c96f-5605-9227-597528cb6d84	29	25
Preferisco il tuo brandy alla tua conversazione.	I prefer your brandy to your conversation.	2d17a9c1-6ac1-534f-950c-82dcee269729	48	42
Preferisco il suo brandy alla sua conversazione.	I prefer your brandy to your conversation.	e16661b1-c751-522a-b487-0a0822c9dab4	48	42
Dimmelo francamente.	Tell me frankly.	7b1ca34a-b5b2-5317-91a9-f6a87ee9bce2	20	16
Ditemelo francamente.	Tell me frankly.	4209dc61-213c-571f-8a74-64d6ab84e519	21	16
Me lo dica francamente.	Tell me frankly.	44ebcf3a-0693-5f28-9cdd-138b89895459	23	16
Dimmelo con franchezza.	Tell me frankly.	62bb75ae-bce4-533d-8385-4b0d9a2cb3b6	23	16
Me lo dica con franchezza.	Tell me frankly.	a37d523e-9af0-5c96-a0d1-27db9e714a23	26	16
Ditemelo con franchezza.	Tell me frankly.	629382ea-9485-5eb3-9d1b-eae30793af9d	24	16
Ti piace il giapponese o l'inglese?	Do you like Japanese or English?	c91700f5-8d4e-5736-9169-ee316f2fda0c	35	32
Vi piace il giapponese o l'inglese?	Do you like Japanese or English?	656b52ba-ae1d-565f-90e1-bf3f594dfa22	35	32
Le piace il giapponese o l'inglese?	Do you like Japanese or English?	1f136d39-c17c-5fc9-98f1-0ecda28a16b4	35	32
A te piace il giapponese o l'inglese?	Do you like Japanese or English?	435316a4-7046-545b-ba64-ac5e0b749db8	37	32
A voi piace il giapponese o l'inglese?	Do you like Japanese or English?	9772c47d-5a7f-5f23-ad99-a63f51bc3d39	38	32
A lei piace il giapponese o l'inglese?	Do you like Japanese or English?	af22c13a-1c5c-5467-87a9-5c099fca7d7e	38	32
Pensi che Tom stia mentendo?	Do you think Tom is lying?	4f1c1c63-49dd-5b0b-8766-c85716360ace	28	26
Tu pensi che Tom stia mentendo?	Do you think Tom is lying?	6449636d-9666-583a-9c9f-b965e99d63ec	31	26
Pensa che Tom stia mentendo?	Do you think Tom is lying?	5cd5c2f3-d0f6-58af-a038-716ed212853d	28	26
Lei pensa che Tom stia mentendo?	Do you think Tom is lying?	3e5f319e-3f71-524f-81e7-b05ca40d99bd	32	26
Pensate che Tom stia mentendo?	Do you think Tom is lying?	466bb08e-0218-5089-9248-89327326e587	30	26
Voi pensate che Tom stia mentendo?	Do you think Tom is lying?	b3c7149f-4447-5ab7-a373-e16284433c07	34	26
La mia vita è stata buona.	My life has been good.	7136396d-3929-523e-b91e-59ddd313a42c	26	22
Vai al concerto stasera?	Are you going to the concert tonight?	e296bd46-93cd-531c-8ef7-e65c9a4316f3	24	37
Tu vai al concerto stasera?	Are you going to the concert tonight?	f1d0cf09-e1ab-5cc5-b4e3-6f79fcba401f	27	37
Va al concerto stasera?	Are you going to the concert tonight?	8d0ed63b-27fa-5f73-9f66-71cc8cb7b158	23	37
Lei va al concerto stasera?	Are you going to the concert tonight?	49f9d753-ddb3-5a2c-9a6d-7b837fac8ad5	27	37
Andate al concerto stasera?	Are you going to the concert tonight?	206e0c83-5b7b-5b8e-96ba-2d2eb4c5abeb	27	37
Voi andate al concerto stasera?	Are you going to the concert tonight?	89360e53-72f6-52fa-b049-3b3de3d9f834	31	37
Vai al concerto questa sera?	Are you going to the concert tonight?	c68e053e-d082-563c-aa85-27b23ed54797	28	37
Tu vai al concerto questa sera?	Are you going to the concert tonight?	6a150696-0396-5408-8f97-24a10c6a8d99	31	37
Va al concerto questa sera?	Are you going to the concert tonight?	96f48884-f86c-51d3-93ab-cd06a1d0f593	27	37
Lei va al concerto questa sera?	Are you going to the concert tonight?	f3277401-c886-5cdd-a845-241e273bd814	31	37
Andate al concerto questa sera?	Are you going to the concert tonight?	2a245aeb-fbbe-560e-87c8-a75016962f3a	31	37
Voi andate al concerto questa sera?	Are you going to the concert tonight?	ca9a0fa9-d697-58a4-ad20-8d6f0809635e	35	37
Ho fatto un pupazzo di neve.	I made a snowman.	ffb244c2-1ef2-5444-93e3-b11089ddeb7d	28	17
Io ho fatto un pupazzo di neve.	I made a snowman.	0aaeb77f-f353-5625-b152-9a2244803264	31	17
Feci un pupazzo di neve.	I made a snowman.	de46c585-106b-5790-820f-c3adb117845d	24	17
Io feci un pupazzo di neve.	I made a snowman.	9ecc6aa6-3f3e-540f-b293-63bb69039def	27	17
Le renne sono degli animali amichevoli.	Reindeer are friendly animals.	21e67967-586f-5a4b-a6e9-98dfa8a349d2	39	30
Hanno costruito un pupazzo di neve assieme.	They built a snowman together.	32530c0c-e7c0-5d94-b92d-6ddcba16ab60	43	30
Loro hanno costruito un pupazzo di neve assieme.	They built a snowman together.	d1389b2e-21b5-5d3a-b725-d45f18986402	48	30
Costruirono un pupazzo di neve assieme.	They built a snowman together.	a49ba545-d00d-50c6-b2e9-a6b2dc73801f	39	30
Loro costruirono un pupazzo di neve assieme.	They built a snowman together.	553367b7-2d0e-5754-9fd2-39a4e7295898	44	30
Sto facendo un pupazzo di neve.	I'm making a snowman.	9323e885-9b55-518c-a4be-5b25605cc005	31	21
Io sto facendo un pupazzo di neve.	I'm making a snowman.	ffb7b210-0199-51d1-b429-257cf5680526	34	21
Tom voleva fare un pupazzo di neve.	Tom wanted to make a snowman.	c8bb2b9f-0f95-55c0-ab36-2adee723b8fe	35	29
Pensi che Tom sia sdraiato?	Do you think Tom is lying?	31b39c0a-e2ba-53ef-b378-0f62fcd3ade9	27	26
Tu pensi che Tom sia sdraiato?	Do you think Tom is lying?	da0121a2-afeb-5989-9d3f-c4d6bee4f2aa	30	26
Pensa che Tom sia sdraiato?	Do you think Tom is lying?	2f7b3f7a-70b1-5b7f-a41c-2ac1f7e3d522	27	26
Lei pensa che Tom sia sdraiato?	Do you think Tom is lying?	d2c958e3-62c3-5839-9a12-fc878a7e5c3a	31	26
Pensate che Tom sia sdraiato?	Do you think Tom is lying?	1d462b3b-aa3c-5b5f-a127-49b7e86df578	29	26
Voi pensate che Tom sia sdraiato?	Do you think Tom is lying?	55e871cd-3214-5953-a005-55da805c53fc	33	26
Questo computer ha un lettore di floppy.	This computer has a floppy disk drive.	87d3bccc-6521-57d3-bdf5-80f41b29bb18	40	38
Possiamo spegnerlo, per favore?	Can we turn that off, please?	f8d3c271-8e66-5ad2-8241-feb2020f162a	31	29
Possiamo spegnerlo, per piacere?	Can we turn that off, please?	b4ef61cc-573f-597d-8b6a-42d71f81c78e	32	29
Lo possiamo spegnere, per favore?	Can we turn that off, please?	a5326bf9-ddff-5b67-a626-8ec084aa3750	33	29
Lo possiamo spegnere, per piacere?	Can we turn that off, please?	c5c98081-8de5-55bc-bad8-327637a4c876	34	29
Tom e Mary hanno costruito un pupazzo di neve.	Tom and Mary built a snowman.	011388d1-9f2f-58df-a43c-f53279d3191c	46	29
Tom e Mary costruirono un pupazzo di neve.	Tom and Mary built a snowman.	b858642e-a5a2-5ca9-b29c-2eb94c4a9818	42	29
I bambini hanno fatto un pupazzo di neve gigante.	The children made a giant snowman.	7c980e80-0800-5967-b7de-698827942927	49	34
I bambini fecero un pupazzo di neve gigante.	The children made a giant snowman.	8e2b3c3e-c08e-562c-b07a-d27f0f8e4206	44	34
Perché Tom non vuole aiutare Mary?	Why doesn't Tom want to help Mary?	07367ed9-4e87-5e18-85f6-2a39862096cf	34	34
Tom ha iniziato a sentirsi a disagio.	Tom began to feel uneasy.	11434669-dfeb-505e-8cb4-f22b8833581f	37	25
Tom iniziò a sentirsi a disagio.	Tom began to feel uneasy.	1b4e1ec1-a742-5faa-b864-3fedc806ef3e	32	25
Tom ha cominciato a sentirsi a disagio.	Tom began to feel uneasy.	082db3c2-3bf6-5ea4-93cf-cc86f0e1b02b	39	25
Tom cominciò a sentirsi a disagio.	Tom began to feel uneasy.	d08d7b13-5e94-5794-bca3-4a45da0d4419	34	25
Amo giocare col mio cane.	I like playing with my dog.	dda659e1-96e8-5a57-8799-aabfcf2cd893	25	27
Amo i canti di Natale.	I love Christmas carols.	5af0374c-f6fe-57f9-beb1-86af5a148dba	22	24
Io amo i canti di Natale.	I love Christmas carols.	2552c829-27b5-5cbb-afe8-4b7e3d22d105	25	24
Amo i canti natalizi.	I love Christmas carols.	ce1ddab1-100f-5f2f-b41c-d8e92b542b99	21	24
Io amo i canti natalizi.	I love Christmas carols.	796a3dff-7e8e-5582-80fc-04a41263943d	24	24
Passa un piacevole Natale!	Have a lovely Christmas!	a2af75d9-34a1-50a7-9a54-b8a55ab5556a	26	24
Passate un piacevole Natale!	Have a lovely Christmas!	de8cb948-88e1-5e48-9c34-5a86547d7118	28	24
Passi un piacevole Natale!	Have a lovely Christmas!	d07c9723-fc77-5df2-b441-7eb895f966ea	26	24
Lo shopping di Natale è stressante.	Christmas shopping is stressful.	d6995e42-d915-5d9f-9477-3cdb430ae4d3	35	32
Lo shopping natalizio è stressante.	Christmas shopping is stressful.	4796032d-be61-5025-a637-2fccc86b097a	35	32
Natale si ripresenterà presto.	Christmas will soon come around.	fd9c8d0e-962d-51b4-9890-5c3ef376f647	30	32
Natale è vicino.	Christmas is near at hand.	f05a6270-f2e1-517e-b7dc-1e90a9571f69	16	26
Natale è prossimo.	Christmas is near at hand.	0a26fe1f-27c5-5293-8af7-ea6455b1ebdf	18	26
Abbiamo bevuto champagne lo scorso Natale.	We drank champagne last Christmas.	6cea07d7-4034-53c2-acc5-e206c62f978c	42	34
Noi abbiamo bevuto champagne lo scorso Natale.	We drank champagne last Christmas.	9a9ed9fc-02e4-5842-b38e-479b67eee028	46	34
Sei pronto per il Natale?	Are you ready for Christmas?	60fa93c8-67b3-597e-a7ee-767c5ad0072f	25	28
Sei pronta per il Natale?	Are you ready for Christmas?	4b3f8895-9801-5ae8-9e0c-7c778f85f1e2	25	28
Siete pronti per il Natale?	Are you ready for Christmas?	55d29f59-f290-5ca0-b67d-a3e783925252	27	28
Siete pronte per il Natale?	Are you ready for Christmas?	724241f6-e628-5ac4-a146-5875fa6192da	27	28
È pronto per il Natale?	Are you ready for Christmas?	7d0d73a9-c63c-50a7-964c-56b4e98ce934	23	28
È pronta per il Natale?	Are you ready for Christmas?	91edddf6-c16d-5d84-8666-0cb3c518a99c	23	28
Non incolparmi.	Don't blame me.	bed7784f-e6cb-5fe9-97e1-427544b209a3	15	15
Non incolpatemi.	Don't blame me.	ccb66c3a-ee01-516f-9c94-a2b15c5726c4	16	15
Non mi incolpi.	Don't blame me.	05b3e297-e3dd-54e4-90ee-ec3f204ddf0e	15	15
Non mi incolpare.	Don't blame me.	569ecbe4-9ae1-5f21-a5f8-418eec0a7a03	17	15
Non mi incolpate.	Don't blame me.	275f6fc4-c9a9-53e7-ac01-fab5f7b98245	17	15
Tom mi ha dato un regalo di Natale molto bello.	Tom gave me a very nice Christmas present.	3cbe2d7a-8c10-52e9-8767-9db4c30315bf	47	42
Tom mi diede un regalo di Natale molto bello.	Tom gave me a very nice Christmas present.	fe46dd90-f53a-5706-8411-dc8b8f797dce	45	42
Tom mi ha dato un regalo natalizio molto bello.	Tom gave me a very nice Christmas present.	85542565-f17b-5efc-bba1-005467b6e13b	47	42
Tom mi diede un regalo natalizio molto bello.	Tom gave me a very nice Christmas present.	218a20e1-4bce-5e89-a63f-ed4cd7a6a4e7	45	42
Non darmi la colpa.	Don't blame me.	6c0896bc-0e67-5b16-a5cf-b5bcd4aa6e46	19	15
Non mi dia la colpa.	Don't blame me.	0ecf1039-2521-5f26-aebf-ed841133330c	20	15
Non datemi la colpa.	Don't blame me.	98c36658-13d3-5b0c-b7a3-8e6b01ad3edb	20	15
Non mi dare la colpa.	Don't blame me.	acd95470-6ab2-5cbe-85e3-78568c7faa22	21	15
Non mi date la colpa.	Don't blame me.	b45a3e09-ad29-5aa5-8861-d65957106bda	21	15
Cosa dovrei comprare a Tom per Natale?	What should I buy Tom for Christmas?	d7e5f1c0-87b4-54c0-97fa-8fe60afe846c	38	36
Che cosa dovrei comprare a Tom per Natale?	What should I buy Tom for Christmas?	23ba4472-394f-582d-a79a-c79adec70dff	42	36
Ha trovato la porta chiusa a chiave.	He found the door locked.	2c223fe2-8b5a-5efc-bc9a-87e3652c4d62	36	25
Trovò la porta chiusa a chiave.	He found the door locked.	5ca0d820-c8d1-5d35-ab45-8d15689d3aae	31	25
Tom voleva che Mary venisse a Boston per Natale.	Tom wanted Mary to come to Boston for Christmas.	adb8fc71-8364-5cf0-876d-23706528b1c0	48	48
Siamo stati a Boston per Natale.	We stayed in Boston over Christmas.	7eda47d5-a75d-5d2d-9e78-d19556c38831	32	35
Noi siamo stati a Boston per Natale.	We stayed in Boston over Christmas.	eb71411e-f132-56cd-862e-1af1d3ff1604	36	35
Siamo state a Boston per Natale.	We stayed in Boston over Christmas.	9cd2e89f-2b4b-5cda-97ad-67c2c4a8a8bd	32	35
Noi siamo state a Boston per Natale.	We stayed in Boston over Christmas.	66b80719-8579-55c7-9c94-bce9e656bb28	36	35
Natale non è come era una volta.	Christmas isn't like it used to be.	5821426b-5d3e-5303-8aba-d73bc6f0a32b	32	35
Per piacere, dimmi la verità; esiste Babbo Natale?	Please tell me the truth: is there a Santa Claus?	1a094db5-d708-55d9-88bb-091048fdbbca	50	49
Per favore, dimmi la verità; esiste Babbo Natale?	Please tell me the truth: is there a Santa Claus?	449f1318-8da7-5fac-b173-461c14c987db	49	49
Per favore, ditemi la verità; esiste Babbo Natale?	Please tell me the truth: is there a Santa Claus?	2a9401eb-7617-5eb7-88b5-51c6fe546c35	50	49
Tom ha scritto una lettera a Babbo Natale.	Tom wrote a letter to Santa Claus.	8c6fb54f-b908-528f-9fc1-0d6a81fd2524	42	34
Tom scrisse una lettera a Babbo Natale.	Tom wrote a letter to Santa Claus.	46576f10-19e6-5c80-86fa-3f4cfb169543	39	34
Mi chiedo se esista davvero Babbo Natale.	I wonder if there really is a Santa Claus.	57babd2e-5eba-5e3a-bf1b-6a8d851e64cb	41	42
Io mi chiedo se esista davvero Babbo Natale.	I wonder if there really is a Santa Claus.	aa55665c-551f-5e0d-aef5-dcf6850d7d43	44	42
Mi chiedo se esista veramente Babbo Natale.	I wonder if there really is a Santa Claus.	5e4ed1fe-7a8d-5b64-a324-51888703f069	43	42
Io mi chiedo se esista veramente Babbo Natale.	I wonder if there really is a Santa Claus.	de1ab587-f621-571f-aa96-2791610e3b46	46	42
La ragazza crede ancora a Babbo Natale.	The girl still believes in Santa Claus.	61cd0fe7-ccca-5b00-865c-846ae7f67aa1	39	39
Siete interessati?	Are you interested?	6ddd8768-b98d-5136-bb71-840165c4b08e	18	19
Voi siete interessati?	Are you interested?	65ff2182-2b96-56a8-a070-ace922b1e18b	22	19
Siete interessate?	Are you interested?	ff1c3767-bbf2-5877-80a9-c7dca7fb9541	18	19
Voi siete interessate?	Are you interested?	fc91349d-7af0-50e5-a8c0-90946e21a879	22	19
Sei interessato?	Are you interested?	a5c1acd7-73ed-5b08-9bc8-a8118486086c	16	19
Tu sei interessato?	Are you interested?	0c7c4db0-7c56-5e17-8039-ab2a04f4388f	19	19
Sei interessata?	Are you interested?	ddc8af3a-9cf3-5938-a99c-814991bba966	16	19
Tu sei interessata?	Are you interested?	ddc53da9-7bf3-542c-8862-7473a613b72e	19	19
È interessato?	Are you interested?	1ea98769-847b-5c97-a553-c3554f6a971f	14	19
Lei è interessato?	Are you interested?	a1271907-f5b8-592c-8e3c-420964acb1f5	18	19
È interessata?	Are you interested?	3341fe1b-e0aa-58c7-ac26-d48b17ef1c68	14	19
Lei è interessata?	Are you interested?	fc594a49-c20b-5ce0-960d-3345b4fc4bfa	18	19
Belsnickel è uno spaventoso Babbo Natale tedesco.	Belsnickel is a scary German Santa Claus.	6993804e-14cd-55ea-b1aa-c124cd6f9cb0	49	41
Cantami una canzone, Tom!	Sing me a song, Tom!	3316f02e-a427-56bd-aade-ae9d662c1861	25	20
Non potevo farlo a Tom.	I couldn't do that to Tom.	337e2320-4819-598b-863d-0acc61b22b5c	23	26
Non lo potevo fare a Tom.	I couldn't do that to Tom.	46b296c0-8d5f-5e75-9d47-a453d947ad3c	25	26
Penso che Tom ci aiuterà.	I think Tom will help us.	c4d08d36-56c3-5be6-a726-eaf11cacd15a	25	25
Io penso che Tom ci aiuterà.	I think Tom will help us.	7752c92d-d274-527b-bfc0-9ff80f05c170	28	25
Tom non ha fatto niente finora.	Tom hasn't done anything so far.	4294cc42-806d-5724-b775-0678c7c868df	31	32
Tom non ha fatto nulla finora.	Tom hasn't done anything so far.	29fd48fc-34b8-5451-b0dd-2afc1a84c3fb	30	32
Tom ha smesso di parlare con Mary.	Tom has stopped talking to Mary.	9ccf23c2-f5f0-56fe-a6ee-0982fc4c5b08	34	32
Penso che forse dovresti chiamare la polizia.	I think perhaps you should call the police.	e5fd669e-b7d5-5886-9c9d-0b44d074796d	45	43
Penso che forse dovreste chiamare la polizia.	I think perhaps you should call the police.	ed4e7669-4e16-5b3b-a26b-d944f2a974ae	45	43
Penso che forse dovrebbe chiamare la polizia.	I think perhaps you should call the police.	da7a1b3f-ce3a-5019-b4aa-5e7fe9b83ac8	45	43
Tom ha viaggiato per tutto l'anno.	Tom has been traveling all year.	235412b0-3324-58be-85bc-534e48a11b38	34	32
Torno a casa a Boston ogni tre mesi.	I go back home to Boston every three months.	f604fbd6-572e-56d3-a9e3-7e2208dd53fd	36	44
Io torno a casa a Boston ogni tre mesi.	I go back home to Boston every three months.	0f521031-9730-5e5b-b239-577050ce4d74	39	44
Non avvicinarti alla luce!	Don't come near the light!	a7e2bccf-e3b7-5128-aa22-4c5bdb903d3e	26	26
Non si avvicini alla luce!	Don't come near the light!	32c2a9e5-3813-5129-86a9-9e501d544a41	26	26
Non avvicinatevi alla luce!	Don't come near the light!	53c1376f-4e6e-507f-beed-19dbb774cef9	27	26
Non ti avvicinare alla luce!	Don't come near the light!	6168c58e-484e-5769-b183-bcff9d8d3a0b	28	26
Non vi avvicinate alla luce!	Don't come near the light!	30c38bc3-e8a0-5b47-86c1-160a5e424303	28	26
La stanza di Tom è più pulita della mia.	Tom's room is cleaner than mine.	772130d5-8277-5774-ae90-a994d3741e07	40	32
La camera di Tom è più pulita della mia.	Tom's room is cleaner than mine.	7b5bffa7-41e9-5ba1-a8c2-8a84f3b304e4	40	32
Ho deciso di fidarmi di te.	I've decided to trust you.	cf5f5351-7b67-593d-8f94-bcf54c6974dc	27	26
Ho deciso di fidarmi di voi.	I've decided to trust you.	d8153a40-3029-5478-bcc1-1c7cc0134770	28	26
Ho deciso di fidarmi di lei.	I've decided to trust you.	2c331679-660e-5643-98cc-f8bf66c88af1	28	26
Devo cambiare la batteria della mia macchina.	I have to charge the battery of my car.	ed7b1565-3677-51b0-b95c-71edd8f566fe	45	39
Devo cambiare la batteria della mia auto.	I have to charge the battery of my car.	9414d28a-8980-5224-8ab2-d14eb4b6b608	41	39
Devo cambiare la batteria della mia automobile.	I have to charge the battery of my car.	5480ed91-01d8-5cb8-9990-7d03a6c66027	47	39
È stata eletta regina del ballo.	She was voted prom queen.	2c45ef44-36b2-56cb-bffe-ed6f7d7b29e0	32	25
Lei è stata eletta regina del ballo.	She was voted prom queen.	b7e78afa-848d-582f-ba4c-7218bd8d51c9	36	25
Fu eletta regina del ballo.	She was voted prom queen.	96e740d0-8289-5119-844f-da21a992a075	27	25
Lei fu eletta regina del ballo.	She was voted prom queen.	d0bf3177-fe4f-545f-9eb9-64956429b4b3	31	25
Che ha intenzione di fare?	What does he intend to do?	eb558f6b-5368-5c4a-a2d9-e6bd2aa4dfa2	26	26
Lui che ha intenzione di fare?	What does he intend to do?	99f2e71b-1a85-5a97-9ed0-26bc07de0b96	30	26
Vieni qui e dammi un abbraccio.	Come here and give me a hug.	aee0c31d-8aac-59e8-a8e7-c27658174b0e	31	28
Venite qui e datemi un abbraccio.	Come here and give me a hug.	32dfb6be-8a65-56da-b23b-38dd630a0255	33	28
Venga qui e mi dia un abbraccio.	Come here and give me a hug.	c1895493-47c0-58d7-afd0-123cbb16600c	32	28
Mi sembrava logico.	It seemed logical to me.	1edc84ed-205e-59c3-a363-edcd912cbb10	19	24
Mi sembrava logica.	It seemed logical to me.	657048a6-70c5-5707-9e0a-1de92767ba4d	19	24
Mi è sembrato logico.	It seemed logical to me.	27cd0cdd-cf26-51a7-ba88-cce773b82146	21	24
Mi è sembrata logica.	It seemed logical to me.	a6c2ce4b-14cf-5a6c-a846-fadd7acb8395	21	24
Non mi ascolta neanche.	He doesn't even listen to me.	e0bd1357-03e8-541f-8541-5eaba71f093c	23	29
Lui non mi ascolta neanche.	He doesn't even listen to me.	df864c64-c5cc-51e8-980f-1cf7aaff7320	27	29
Non mi ascolta neppure.	He doesn't even listen to me.	7de1949c-16e4-509b-bc62-90a92f7703ad	23	29
Lui non mi ascolta neppure.	He doesn't even listen to me.	12df9357-44e4-5558-8af8-78479e2753c8	27	29
Non mi ascolta nemmeno.	He doesn't even listen to me.	76340655-ae66-5cf7-9f23-159a41a15eb7	23	29
Lui non mi ascolta nemmeno.	He doesn't even listen to me.	dda58ae4-8f00-5f3d-b367-9e7a15168b36	27	29
Tom ha chiacchierato con Mary.	Tom chatted with Mary.	04505f04-41bf-53a1-833c-6cf90ac735c2	30	22
Tom chiacchierò con Mary.	Tom chatted with Mary.	1804672a-49c6-547c-845a-df37da791a5a	25	22
Io e Tom abbiamo chiacchierato per un po'.	Tom and I chatted for a while.	d5b0abb4-72d0-5b90-ba69-556544144e12	42	30
Perché sono tutti così quieti?	Why is everyone so quiet?	7dfe0e55-61a9-5f19-910f-92002b8edc4a	30	25
Perché tutti sono così quieti?	Why is everyone so quiet?	efa94f8d-41ac-532f-a78b-ac2e58eaaffa	30	25
Ho fatto una bella chiacchierata con Tom.	I had a nice chat with Tom.	3873e1cc-d7bc-5afc-b178-1f7b9008da2a	41	27
Io ho fatto una bella chiacchierata con Tom.	I had a nice chat with Tom.	ba248f4f-44a6-5e7a-a117-c29d00fafad0	44	27
Feci una bella chiacchierata con Tom.	I had a nice chat with Tom.	0eff809f-35db-5184-8751-de1884cdb402	37	27
Io feci una bella chiacchierata con Tom.	I had a nice chat with Tom.	dab908d3-01af-59db-b240-52c4034512e0	40	27
Ho appena fatto una chiacchieratina con Tom.	I just had a little chat with Tom.	dfcf5e66-7f69-50fc-8c44-7075d4b04616	44	34
Io ho appena fatto una chiacchieratina con Tom.	I just had a little chat with Tom.	3948a278-0644-5a0e-a3e5-133988258e62	47	34
Abbiamo chiacchierato per un po'.	We had a chat for a while.	b518ab4d-6057-5eba-a853-7a8fd8408170	33	26
Noi abbiamo chiacchierato per un po'.	We had a chat for a while.	b24c8400-6edb-556d-add0-f7491ce44662	37	26
Chiacchierammo per un po'.	We had a chat for a while.	90e3885f-d733-5d01-adc1-28421044b752	26	26
Noi chiacchierammo per un po'.	We had a chat for a while.	1c59a9da-6d54-50df-89bc-833ded38c5b2	30	26
Egli aveva sete.	He was thirsty.	9859693b-45bf-5c50-8528-997e80d8acd8	16	15
Lui aveva sete.	He was thirsty.	ad026a9d-3933-54c6-bed8-087116ba8113	15	15
Se vuoi, tornerò qui.	If you want, I will come back here.	f5771996-4d9a-5630-8bec-2d980db03f82	21	35
Se vuole, tornerò qui.	If you want, I will come back here.	108d3921-8c03-5aff-85a0-c8d0742645eb	22	35
Se volete, tornerò qui.	If you want, I will come back here.	af65f7f3-368a-510b-adf1-a69c0ea9864a	23	35
Questo cappello si abbina bene al vestito.	This hat goes together with the dress.	9be0872c-77f6-54b8-8101-b26f73c295e2	42	38
Ho scoperto qualcosa di interessante.	I've discovered something interesting.	9e87620a-38e5-53f2-871e-de2166d38328	37	38
Io ho scoperto qualcosa di interessante.	I've discovered something interesting.	3a9c9c6e-2a83-5778-bc6f-df09123a3998	40	38
L'ho capito correttamente?	Did I understand that correctly?	55b61dbb-8a4c-538c-8cf2-a3146123eb54	26	32
È quello che sono abituato a fare.	It's what I'm used to doing.	79ad198c-fb4a-5ccf-913d-08b8dc9c9dae	34	28
È quello che sono abituata a fare.	It's what I'm used to doing.	5d978faa-f8a2-553c-96cc-8c517349bc06	34	28
Non mi dispiacerebbe aiutarti.	I wouldn't mind helping you.	6c16bd03-db97-5224-b7cc-e3dff4497408	30	28
Non mi dispiacerebbe aiutarvi.	I wouldn't mind helping you.	48a3cbb7-01a8-509d-b706-89488dc43eca	30	28
Non mi dispiacerebbe aiutarla.	I wouldn't mind helping you.	c4e8b11a-b494-57fa-b33d-986b13fe5035	30	28
A me non dispiacerebbe aiutarti.	I wouldn't mind helping you.	6798fb5c-bf74-5fd9-a23a-e684d6359628	32	28
A me non dispiacerebbe aiutarvi.	I wouldn't mind helping you.	37bfeeca-d9c7-5599-a508-3aeb259a08b6	32	28
A me non dispiacerebbe aiutarla.	I wouldn't mind helping you.	b4498d03-ba0a-5ca2-ad93-ecc56b8186d4	32	28
È troppo tardi in ogni caso.	It's too late anyway.	5d70a424-7391-5de4-943f-5e3651131fa7	28	21
Ha molte conoscenze.	He has a lot of acquaintances.	c85a95af-c2c4-5fee-89e4-d797963daaa1	20	30
Lui ha molte conoscenze.	He has a lot of acquaintances.	7a6d066a-9116-503b-9f22-c22acffa0734	24	30
Appare in TV stasera.	She is appearing on TV tonight.	526f0cbf-8985-594c-981b-322f71fe0521	21	31
Lei appare in TV stasera.	She is appearing on TV tonight.	45d7fa06-6306-5ef3-8a45-d75c225c0411	25	31
Appare in TV questa sera.	She is appearing on TV tonight.	bce6d572-2e0a-5a63-8528-8fecabaa31ea	25	31
Lei appare in TV questa sera.	She is appearing on TV tonight.	18d0271b-f7f1-5510-8578-25d24e80b096	29	31
Dov'è il giornale della mattina?	Where's the morning paper?	c4abd4f4-2e48-5bcf-8b66-0cf4197001c9	32	26
Prega diverse volte al giorno.	He prays several times a day.	5fe91c7a-b728-53d1-864f-9c905a8aeb24	30	29
Lui prega diverse volte al giorno.	He prays several times a day.	f1b1a1e7-ab8a-5d12-9305-e0f17ab9a6e4	34	29
Avanti, dammi una mano.	Come on, give me a hand.	503e3c9d-9ef2-5432-ac3c-077890ef77d6	23	24
Avanti, mi dia una mano.	Come on, give me a hand.	19b8cfef-d49c-5cf4-b3e5-bbfcbfcc37c5	24	24
Avanti, datemi una mano.	Come on, give me a hand.	86349e74-7464-599c-85ef-8583b6c3b719	24	24
Apri le finestre.	Open the windows.	3cd09743-eeb4-509e-9ffc-422e025256b2	17	17
Apra le finestre.	Open the windows.	1bf94ef4-aa19-5da7-aa6f-94210f6571c8	17	17
Aprite le finestre.	Open the windows.	d810c061-65d4-55e6-9356-ccb1465c7a09	19	17
L'amore ama amare l'amore.	Love loves to love love.	70e7761a-413c-5349-899f-92bff4549c34	26	24
Per quanto posso prenderlo in prestito?	How long can I borrow it?	ae79fe0f-bcd0-54da-af98-2bdd7fee2df2	39	25
Per quanto tempo posso prenderlo in prestito?	How long can I borrow it?	51258828-2886-51e5-bf8e-d5c4d42609c3	45	25
Per quanto posso prenderla in prestito?	How long can I borrow it?	440a7cfb-3d7f-5854-88a7-42795ba57fb5	39	25
Per quanto tempo posso prenderla in prestito?	How long can I borrow it?	ba5cd6b5-1657-527d-b773-46949b993b98	45	25
Per quanto lo posso prendere in prestito?	How long can I borrow it?	58fdfc34-6c5b-5a5f-93ec-de6c401bfe19	41	25
Per quanto tempo lo posso prendere in prestito?	How long can I borrow it?	d932fa24-8642-5f6e-ac3f-5888087f1d01	47	25
Per quanto la posso prendere in prestito?	How long can I borrow it?	202ecf83-7a1b-594d-9c74-d46f789203b7	41	25
Per quanto tempo la posso prendere in prestito?	How long can I borrow it?	2723104a-d44a-5dc8-b1d2-762c34ead090	47	25
Non voglio andare con lui.	I don't want to go with him.	8634783f-e062-5110-8e70-5c30d62484df	26	28
Io non voglio andare con lui.	I don't want to go with him.	8c75786c-0e1f-5200-86e7-3957ff03bb76	29	28
Io non voglio andare con lei.	I don't want to go with her.	56564900-55a0-5117-a659-5f639d8d2c24	29	28
Smettila di infastidire Tom.	Stop bothering Tom.	0d99e2b8-7e24-5bc5-8beb-81e8e28cf938	28	19
La smetta di infastidire Tom.	Stop bothering Tom.	74bdb851-674a-5723-9711-78bb9f44eb81	29	19
Smettetela di infastidire Tom.	Stop bothering Tom.	824bb6bf-0699-5679-bf07-71fbab496112	30	19
Cosa stiamo provando a fare?	What are we trying to do?	ff0d9516-16e5-5cda-802e-9c573e3c675b	28	25
Cosa stiamo cercando di fare?	What are we trying to do?	c0a494a9-2713-5f80-8014-c0b025989296	29	25
Sto piantando dei fagioli nel mio giardino.	I am planting beans in my garden.	e6ce616c-e35c-5aef-b43d-5829ed66541b	43	33
Io sto piantando dei fagioli nel mio giardino.	I am planting beans in my garden.	a1c58d63-bdb5-5e79-ab20-2c4d4461cc19	46	33
Molti di noi eravamo stanchi.	Many of us were tired.	91535dfc-fd05-58a2-8281-85e8c2dd77d7	29	22
Molte di noi eravamo stanche.	Many of us were tired.	95c1b109-ad59-54c0-9dff-359cbea75c83	29	22
Aveva perso tutto il potere politico.	He had lost all political power.	ac05c923-81f6-5514-a29c-c25fdb45d017	37	32
Lui aveva perso tutto il potere politico.	He had lost all political power.	8534ba18-7106-5b29-88f0-425d8340b365	41	32
Pensi che Tom sia debole?	Do you think Tom is weak?	6a85c7ee-8ee6-5c97-9bd5-2d29ef088965	25	25
Tu pensi che Tom sia debole?	Do you think Tom is weak?	e65cf6d5-6e23-544b-aa30-5c59581d65fe	28	25
Pensa che Tom sia debole?	Do you think Tom is weak?	2090b12b-4593-502d-babd-e2e760f548bd	25	25
Lei pensa che Tom sia debole?	Do you think Tom is weak?	d937da10-64c2-58fb-ab45-68fde9e24db9	29	25
Pensate che Tom sia debole?	Do you think Tom is weak?	6ec11bde-5ddc-53a8-b6ee-3a9d90e4908e	27	25
Voi pensate che Tom sia debole?	Do you think Tom is weak?	c357de9b-51af-5923-b0ec-7febac2f2e4b	31	25
Potrebbe peggiorare.	It could get worse.	a6bb1b74-8f36-5a2b-8186-f7f38f234063	20	19
Tom si contorceva un po' sulla sedia .	Tom squirmed in his chair a little bit.	a42c2be8-0734-568e-9bcd-70652977de9f	38	39
Le nostre riserve idriche stanno diminuendo.	Our water supplies are dwindling.	96e0b2ef-b25a-5527-ad05-23279e25e552	44	33
Il loro numero è in diminuzione.	Their numbers are dwindling.	f9bc43f6-4786-57f8-b348-bafdf0a6b782	32	28
Ho comprato una macchina nuova.	I bought a new car.	8bbb6529-4c63-5b0e-bf4b-3ef7f0da8e5c	31	19
L'aula è pulita.	The classroom is clean.	1e94ea75-9739-5a1c-97ff-118638eeae72	16	23
Hai chiesto il nostro aiuto.	You asked for our help.	19a69773-2f48-5c6e-af62-374e514e4bb3	28	23
Ha chiesto il nostro aiuto.	You asked for our help.	89de148d-de6d-5e56-82a4-66a324b990d2	27	23
Avete chiesto il nostro aiuto.	You asked for our help.	b98747b6-6c7a-509d-9208-15b6b802df8c	30	23
Ho davvero freddo.	I'm really cold.	da22ad17-35ae-57b7-b663-92a250387089	18	16
Ho veramente freddo.	I'm really cold.	67b5b70a-adbc-5b30-97b3-7e0e128ae322	20	16
Tom guardava in basso.	Tom looked down.	7ee31bd3-84ae-5916-ae2e-9f51a265cb50	22	16
Penso che Tom potrebbe avere ragione.	I think Tom could be right.	6e3c23f9-93a2-50ce-bfda-a450e8ef2098	37	27
Lo vuoi o no?	Do you want it or not?	2a78bea0-bd24-5cf4-b9cf-b0c964c2ffb8	13	22
Lo vuole o no?	Do you want it or not?	60ff2053-38dc-5136-a6f1-6d718e529d23	14	22
Lo volete o no?	Do you want it or not?	d8aed133-dad9-5d6a-a6c2-4b1f34492e83	15	22
La vuoi o no?	Do you want it or not?	a7582ad0-3d04-5b3d-a44f-00de21601852	13	22
La vuole o no?	Do you want it or not?	23abffee-9d33-5573-bfe4-8f325cae15a1	14	22
La volete o no?	Do you want it or not?	a7886945-4b13-5cf7-b29b-5e1b30ad67b5	15	22
Stiamo contando su di te, Tom.	We're counting on you, Tom.	fba2b0b8-273a-51bf-89c8-e513108d20ec	30	27
Noi stiamo contando su di te, Tom.	We're counting on you, Tom.	4b68c5a4-969a-52d3-a2ac-fb43b41f5a9b	34	27
Tom era come me.	Tom was like me.	303130b2-f9a7-52ee-986f-b2ada376e6d0	16	16
Tom non vuole andare lì da solo.	Tom doesn't want to go there alone.	ce37169b-bf14-5f45-965c-2a30a149ef54	32	35
Questo è il nostro problema più grande.	This is our biggest problem.	3afa665f-af72-50fe-b406-0438913d02e3	39	28
Non ti fa piacere vedermi?	Aren't you glad to see me?	7983760d-d4a0-52ad-8e2a-0ad56151be35	26	26
Non vi fa piacere vedermi?	Aren't you glad to see me?	d5b59091-e64d-5cd4-b8e0-84fd19ebe595	26	26
Non le fa piacere vedermi?	Aren't you glad to see me?	6b9e9a0f-3db6-5406-a8be-414543bcd260	26	26
Legge un romanzo ogni giorno.	He reads a novel every day.	330b8971-a205-5b8a-a090-9a0f78fc0409	29	27
Lui legge un romanzo ogni giorno.	He reads a novel every day.	ab0efd86-9cb5-5d1a-b6dc-7d98e0df50dc	33	27
Tom è scomparso nel tunnel.	Tom disappeared into the tunnel.	6320326b-744f-5bf8-a278-bfd24bf6a166	27	32
Tom scomparve nel tunnel.	Tom disappeared into the tunnel.	f8a15b63-0630-5d3f-a909-2b4210b3dfbc	25	32
Avete tutti sottovalutato Tom.	You've all underestimated Tom.	cbcfc0f2-3226-59eb-8f50-9546421d7e79	30	30
Avete tutte sottovalutato Tom.	You've all underestimated Tom.	5f06246e-0f19-555b-93c9-40d262ceb064	30	30
Perché Tom sta andando a Boston?	Why is Tom going to Boston?	508e4e9d-1c90-576e-812a-79079a24f364	32	27
Siamo all'università.	We're in college.	56b9ed36-28a3-508e-b3c2-53ff10056239	21	17
Noi siamo all'università.	We're in college.	eb3d9409-c7c7-5236-91ef-b43c6c9ddcca	25	17
Stiamo alludendo alla guerra.	We are alluding to war.	4283936e-8624-5f7c-a018-c1af2aceaead	29	23
Noi stiamo alludendo alla guerra.	We are alluding to war.	b926ecff-36cd-56d5-9dd3-3a15c8d0faae	33	23
Penso che comprerò questo paio di scarpe.	I think I'll buy this pair of shoes.	6126afc6-e532-54e5-94ae-74b46c560f3b	41	36
Ascolta e spiegherò.	Listen and I'll explain.	8f81e8e9-188a-5caf-bfad-937e60228ba3	20	24
Ascoltate e spiegherò.	Listen and I'll explain.	59e58c4c-23c5-500a-a86c-4efcd15b5e4e	22	24
Ascolti e spiegherò.	Listen and I'll explain.	0556482a-41a8-552b-a4ab-d7f314ccca1f	20	24
So che hai fame.	I know you're hungry.	f171c974-0e97-5dfc-ab7e-9af49364f185	16	21
So che ha fame.	I know you're hungry.	9d15ddd5-9216-594a-b914-0ffe09099abf	15	21
So che avete fame.	I know you're hungry.	89f42c5c-5596-5d91-8c71-04d999f2d35c	18	21
John sta aspettando Mary sul binario.	John is waiting for Mary on the platform.	769efc5b-e08a-546a-8fa3-62a25ccd30db	37	41
Chi l'ha trovata?	Who found her?	a3932aa4-c9ae-5114-8569-8d23a74830e7	17	14
Ne ho cantato uno.	I sang one.	1e55ab7a-5df4-5342-8901-d72fb3a3de9c	18	11
Ne ho cantata una.	I sang one.	6ff32249-c9f9-5eeb-b1d8-e81830875c46	18	11
Ne cantai uno.	I sang one.	4e1b8945-c2a5-5e84-ab0e-335a1194d7e3	14	11
Ne cantai una.	I sang one.	7f98ce53-d9a1-5f07-94c1-6803d57e9292	14	11
Che sfortuna!	Tough luck!	9850be28-90c3-5643-9358-8a3ee8675aa0	13	11
Di' che ti dispiace.	Say you're sorry.	92365734-5bcf-5e72-90f8-a76b1965722e	20	17
Dica che le dispiace.	Say you're sorry.	fdb02de7-9904-5af8-b6d9-e80a1fdfaac2	21	17
Dite che vi dispiace.	Say you're sorry.	ea6bd343-4755-538a-837f-d109444c7281	21	17
È assolutamente incredibile.	That's absolutely incredible.	900f4269-22d3-5f17-9e95-0dd9a644d6ad	28	29
Tom è un nano.	Tom is a dwarf.	a787b630-1db7-52a3-bcd0-869b11384424	14	15
Questa strada ti porterà al museo.	This road will take you to the museum.	e7f11c40-dbe6-5a6f-9049-35bb56983cbf	34	38
Questa strada vi porterà al museo.	This road will take you to the museum.	5e08a572-550a-54c9-b9a7-91406ad82dde	34	38
Questa strada la porterà al museo.	This road will take you to the museum.	cd073349-23cf-5c72-ad0a-cdc70ff77ae0	34	38
La felicità è un fiore delicato.	Happiness is a delicate flower.	e4392a40-ab93-5e54-81d0-d741d85bb287	32	31
Mia nonna di solito fa colazione alle sei.	My grandfather usually eats breakfast at six.	322a3bd8-c1e2-5ee8-a57c-23076e2f5606	42	45
Mia nonna solitamente fa colazione alle sei.	My grandfather usually eats breakfast at six.	1469654b-a80b-50b9-b691-1fefd97603fb	44	45
Di' agli altri di sbrigarsi.	Tell the others to hurry up.	60fd108c-a05a-5147-9848-dd20f9f67099	28	28
Dica agli altri di sbrigarsi.	Tell the others to hurry up.	7ee15441-f050-58ba-a3f5-8e438f0040f4	29	28
Dite agli altri di sbrigarsi.	Tell the others to hurry up.	a0e8e874-da9c-526f-b473-941b84f98f5f	29	28
Di' alle altre di sbrigarsi.	Tell the others to hurry up.	2307c6ba-b54c-5739-9bc6-1b4fc68c8527	28	28
Dica alle altre di sbrigarsi.	Tell the others to hurry up.	55a8ae06-2376-5c08-9ec5-857e69d9acce	29	28
Dite alle altre di sbrigarsi.	Tell the others to hurry up.	f3258640-33d2-5d17-a9ff-381e71092766	29	28
La felicità è un fiore debole.	Happiness is a feeble flower.	75d78adf-3951-56a6-9c50-d48d471086a8	30	29
Ho un'idea magnifica.	I have a wonderful idea.	dd43d15e-0888-5345-b30b-fb3f536c70d3	21	24
Io ho un'idea magnifica.	I have a wonderful idea.	415c7374-0c7a-5a60-af33-aebd793b0af8	24	24
Tom insegna inglese in una scuola del posto.	Tom teaches English at a local school.	e305b116-7109-5152-8550-ee166f168638	44	38
Tom non lo troverà mai.	Tom will never find it.	3b1197a5-24e8-5df9-b465-9bf815881380	23	23
Tom non la troverà mai.	Tom will never find it.	41c3500b-1ef0-598b-854c-32facb8ab1cd	23	23
Iniziamo con la lezione tre.	Let's begin with Lesson 3.	d62ccf04-a50a-5b43-aa30-708dff4cbcd2	28	26
Cominciamo con la lezione tre.	Let's begin with Lesson 3.	a578cac3-7a7e-5a0b-8b7c-b37bfe75f4a0	30	26
Dovresti andare a parlare con lui.	You should go talk to him.	2854ea6d-40e5-5d7b-a0f3-794284be8007	34	26
Dovreste andare a parlare con lui.	You should go talk to him.	6e213a35-12f3-5614-a578-6af603ce7f7c	34	26
Dovrebbe andare a parlare con lui.	You should go talk to him.	11685252-b851-5a91-b29f-8fadd6c9f500	34	26
Ha un anno in più di me.	She's one year older than me.	3f490f2c-1fd5-521f-80ef-6a3848f409ba	24	29
Lei ha un anno in più di me.	She's one year older than me.	3062c4b8-090b-5dec-b7ef-40b749d198c5	28	29
Ho finito il lavoro in meno di un'ora.	I finished the work in less than an hour.	d1277048-8e89-5d94-ab9e-f8010e291bd4	38	41
Io ho finito il lavoro in meno di un'ora.	I finished the work in less than an hour.	39080980-ed45-53bf-8a31-337355d05890	41	41
Voglio aumentare il mio vocabolario.	I want to increase my vocabulary.	9526599e-0c27-57ce-a0ee-2fc5d7ea8f12	36	33
Io voglio aumentare il mio vocabolario.	I want to increase my vocabulary.	007ebdf7-153a-5cac-9093-51508d0c3bc9	39	33
Non voglio più fare del male a nessuno.	I no longer want to hurt anyone.	54debfcb-23f3-5828-a187-7491fd0890ea	39	32
Io non voglio più fare del male a nessuno.	I no longer want to hurt anyone.	63598967-f56c-55fa-957e-186665ebb04b	42	32
Il contratto è scaduto lunedì.	The contract expired on Monday.	8b1fbdf5-84ef-5815-8b88-110a765b73d7	30	31
La chimica non è l'unica cosa che fa schifo.	Chemistry isn't the only thing that stinks.	5b474561-7970-51a8-af66-0048620514ce	44	43
La chimica non è l'unica cosa che puzza.	Chemistry isn't the only thing that stinks.	b79f2466-b908-5c3e-a1d8-6e076dcfa3b5	40	43
Tom è un artista marziale.	Tom is a martial artist.	af963abb-9dfa-5d21-9cc9-a45ce904fe1a	26	24
L'ho detto a Tom ieri.	I told Tom about it yesterday.	842dd7cb-4742-545e-acd9-c5a3040a8583	22	30
L'ho detta a Tom ieri.	I told Tom about it yesterday.	ba9d7b65-3a63-5945-a07f-42eb09ad3f88	22	30
Tom ha detto di chiederlo a te.	Tom said to ask you.	53947088-fc57-5829-b9d8-25fcff8d6421	31	20
Tom ha detto di chiederlo a voi.	Tom said to ask you.	fcf8ebe3-5156-5f62-b803-fb7c721fc418	32	20
Tom ha detto di chiederlo a lei.	Tom said to ask you.	d27ab1bd-11b1-51e6-ac35-f930c0eb9df9	32	20
Tom non si è disturbato a rispondere.	Tom didn't bother to respond.	cab3a1db-4cb9-58d0-99d8-9d6dbb6100c0	37	29
Tom non si disturbò a rispondere.	Tom didn't bother to respond.	9e41c8d5-189a-564d-b5f2-b73ad7422799	33	29
È tutto quello che voglio.	It's all I want.	4b9e05a1-bc97-5db9-b7cd-f07b06b9296c	26	16
Eravamo intimi.	We were close.	7a784108-13a2-5180-9881-9146c3e9a330	15	14
Noi eravamo intimi.	We were close.	656406bb-f284-52e9-b014-8af3213e5e03	19	14
Eravamo intime.	We were close.	661d540f-141d-58ba-a088-aaebdaa4958e	15	14
Noi eravamo intime.	We were close.	afe4663f-e0e1-5f23-94e0-c97bb4a30e9b	19	14
Si stanno riprendendo tutti?	Is everyone recovering?	7ac078b4-bc4b-5cd0-be68-86f533e6f0bf	28	23
Si stanno riprendendo tutte?	Is everyone recovering?	0ff0ff12-3918-5b53-8686-21c9549ebc57	28	23
Sto gestendo questo.	I'm handling this.	17cdaf46-1f2b-51d1-9206-016ab904b694	20	18
Io sto gestendo questo.	I'm handling this.	97150cd9-48f9-54f8-915c-dc6f14dafa1e	23	18
Non sono un ribelle.	I'm no rebel.	654c574c-9565-53e4-a328-6c4990408226	20	13
Io non sono un ribelle.	I'm no rebel.	3fd07fbf-5a61-5f90-af51-09169955a937	23	13
Non sono una ribelle.	I'm no rebel.	530f999c-1499-521a-8363-ccef285e2e22	21	13
Io non sono una ribelle.	I'm no rebel.	2e9e2706-c469-5bce-8e73-0686e0783b6d	24	13
È così piacevole.	That's so nice.	9b4b5d6e-7c77-56d6-9ec8-c1060bea4c69	17	15
L'idea prevale ancora.	The idea still prevails.	6f472724-eeed-572c-851b-afd8faf3021d	22	24
Avevo alcuni problemi di cui occuparmi.	I had some problems to take care of.	40d7e063-9f23-5bc3-b7ab-615e7b521a33	39	36
Io avevo alcuni problemi di cui occuparmi.	I had some problems to take care of.	13023f35-7a0d-51b4-a00f-cbf0f22824e7	42	36
Avevo qualche problema di cui occuparmi.	I had some problems to take care of.	18ededdb-5b0b-5e39-bd98-4aba4750a0d4	40	36
Io avevo qualche problema di cui occuparmi.	I had some problems to take care of.	a430d55f-aef3-5129-b662-cc8278b5958d	43	36
Ci si vede al lavoro.	See you at work.	8b87e3e2-2783-579c-aa6b-2b819f4eaab0	21	16
Ci vediamo al lavoro.	See you at work.	c4e31066-72f0-5440-834c-d1219c952ee5	21	16
Possiamo farlo in questo momento.	We can do it right now.	674990d6-30af-5bee-91a8-3006534e44e0	33	23
Possiamo farla in questo momento.	We can do it right now.	eb08bf4b-2945-5195-8a68-f3985a677b95	33	23
Lo possiamo fare in questo momento.	We can do it right now.	e61065a7-e625-5d20-a577-3389724c1cee	35	23
La possiamo fare in questo momento.	We can do it right now.	8d19cc77-a188-5844-b218-971aabc14df0	35	23
Dovrebbe essere una barzelletta?	Is that supposed to be a joke?	affc7959-8fab-51c1-9fcf-3f93c16d9222	32	30
Dovrebbe essere una battuta?	Is that supposed to be a joke?	60101944-a215-5c49-a86e-f3d2c94d1594	28	30
Quella dovrebbe essere una barzelletta?	Is that supposed to be a joke?	8022a697-0af1-5c11-889d-fc13d27cd97f	39	30
Quella dovrebbe essere una battuta?	Is that supposed to be a joke?	9bd2ef50-a8d5-5b8a-8190-16308b0194df	35	30
Scuoti questa bottiglia prima di aprirla.	Shake this bottle before you open it.	60b816fe-0b83-5401-89a4-2e91f6bd6620	41	37
Scuota questa bottiglia prima di aprirla.	Shake this bottle before you open it.	71868ad3-caf1-564e-965a-56df02d832ce	41	37
Scuotete questa bottiglia prima di aprirla.	Shake this bottle before you open it.	81c837ca-6842-541b-8a5f-3d1bae875b01	43	37
Abbiamo circa la tua età.	We are about your age.	959aa4f2-2e81-55ec-be68-dbdf40dc7ebd	25	22
Noi abbiamo circa la tua età.	We are about your age.	74bf37dd-3243-5f41-9239-69168742403c	29	22
Abbiamo circa la sua età.	We are about your age.	890ba1f2-21a0-5ec0-9d61-eb351d2bda9b	25	22
Noi abbiamo circa la sua età.	We are about your age.	adbdb2aa-edcd-58c4-8b13-882c92a8061c	29	22
Abbiamo circa la vostra età.	We are about your age.	0e20c5c0-1e69-5d7c-9951-05945b25dc89	28	22
Noi abbiamo circa la vostra età.	We are about your age.	c6873f83-dbf3-5c6a-8fd5-7b361414297b	32	22
Tom è nell'edificio.	Tom is in the building.	41fa2c09-5617-5243-a695-b34fb18d2bc5	20	23
Non ho votato per te.	I didn't vote for you.	ecb06763-a94d-5f78-9f29-e4c300d88bae	21	22
Io non ho votato per te.	I didn't vote for you.	c7b3590d-cc10-5417-a707-558cfc6d9de0	24	22
Non ho votato per voi.	I didn't vote for you.	ed53063d-cc32-5b39-a03d-8d436a8ebe49	22	22
Io non ho votato per voi.	I didn't vote for you.	a6740213-4d07-5795-be3c-4e01d0e7192b	25	22
Non ho votato per lei.	I didn't vote for you.	b8810029-530d-54a4-8a66-2594c16c47cc	22	22
Io non ho votato per lei.	I didn't vote for you.	1ec95bbb-25e7-5f47-abe2-dd80908f9317	25	22
Tom stava indossando dei mocassini.	Tom was wearing moccasins.	2621eaba-e943-571a-a532-7fbb833ef25c	35	26
Tom non deve sapere i dettagli.	Tom doesn't need to know the details.	ea33f0f5-554b-5ca6-9f24-1459c47351d9	31	37
Tom non ha bisogno di sapere i dettagli.	Tom doesn't need to know the details.	12a9be5a-cf95-5125-ae5e-fe5d20e3e233	40	37
A Tom non serve sapere i dettagli.	Tom doesn't need to know the details.	0684abce-837d-5dd0-9a47-3a39615d38bf	34	37
Devo tornare per loro.	I have to go back for them.	246f1c5e-b7ea-566b-b162-4b734bf4307b	22	27
Io devo tornare per loro.	I have to go back for them.	5f202f49-d2c7-5079-b689-980bff98bd99	25	27
Posso sedermi con te?	Can I sit with you?	231b00db-7f77-5e56-aee4-dff0f7fcf30a	21	19
Posso sedermi con voi?	Can I sit with you?	5b32277a-312e-5f1d-a475-a2582a9899d3	22	19
Posso sedermi con lei?	Can I sit with you?	fb9e37c7-05cd-5147-8ee3-a9ae79322cee	22	19
Mi posso sedere con te?	Can I sit with you?	13573312-a1cf-580b-a667-016157ddc117	23	19
Mi posso sedere con voi?	Can I sit with you?	84822605-618d-51fe-91fc-77f57c82cd73	24	19
Mi posso sedere con lei?	Can I sit with you?	bbc25bf0-1aa4-5a2e-976a-af5967b32569	24	19
Ho bisogno di asilo politico.	I need political asylum.	3807ee1a-73e5-5598-97d3-7e33e88cd023	29	24
Io ho bisogno di asilo politico.	I need political asylum.	8518a09e-9545-59fc-bc90-3e1242f27971	32	24
Tom non viene più qui.	Tom doesn't come here anymore.	1009c034-c70d-5f6d-88e6-68a53b171950	22	30
Non voglio mentirti.	I don't want to lie to you.	8069cbb0-7ef3-51b3-8df2-f7f3cb7f0396	20	27
Non voglio mentirvi.	I don't want to lie to you.	dd10d6ac-bfbb-59e0-84f0-1b86f5727771	20	27
Non ti voglio mentire.	I don't want to lie to you.	aac29535-3cf1-522f-bf83-3d972bd06678	22	27
Non vi voglio mentire.	I don't want to lie to you.	3b71b98f-acf0-59a7-914f-8d72af847e62	22	27
Non le voglio mentire.	I don't want to lie to you.	a3fe3ffd-b867-5e5a-bb25-14fa44578fa8	22	27
I soldati sono morti.	The soldiers died.	093f18f1-7ddf-5a6d-a139-2d9f9f29a8ee	21	18
I soldati morirono.	The soldiers died.	09bdf122-b1ac-5a2f-bb9b-60e87d722a45	19	18
Tom ha guardato la TV ieri.	Tom watched TV yesterday.	bdea819b-d49c-5ea3-8e5c-e2a286b44644	27	25
È una brutta strega.	She's a nasty witch.	a862d4fa-c9a0-5fd5-840a-83637294330e	20	20
Lei è una brutta strega.	She's a nasty witch.	7cf4e582-90cd-5aa6-8252-419304d82b4a	24	20
Qualcuno deve avere visto qualcosa.	Someone must've seen something.	2190dc9a-9404-53d5-959c-306394336c02	35	31
Non ti ho mai mentito.	I've never lied to you.	3a38534b-c909-5a61-bdd3-386f92395066	22	23
Io non ti ho mai mentito.	I've never lied to you.	ae140ae2-5d4e-531f-8a1b-0996cc6beeb7	25	23
Non vi ho mai mentito.	I've never lied to you.	1fb63d16-fc2e-5085-923f-8bf273ffba1d	22	23
Io non vi ho mai mentito.	I've never lied to you.	ef778755-539d-554c-b083-899330635d0f	25	23
Non le ho mai mentito.	I've never lied to you.	81f5e195-3863-508c-bd26-c3eabf2be559	22	23
Io non le ho mai mentito.	I've never lied to you.	0a1afe2e-1d68-5e9d-9577-56c4cd2d373f	25	23
Questo non riguarda me.	This isn't about me.	9c8fe855-2a12-5508-a1ca-ab982265aefa	23	20
Questo non è su di me.	This isn't about me.	cbd30c58-63ca-579d-b624-5937bf0a8729	22	20
Il testimone vede il cittadino.	The witness sees the citizen.	ac967b18-785a-5d41-bc20-1d889a071c46	31	29
Il testimone vede la cittadina.	The witness sees the citizen.	154a38c3-2b9b-5d34-81f0-4157c0d8efcd	31	29
La testimone vede il cittadino.	The witness sees the citizen.	c0b3dddf-ba3a-5a80-8942-8480354dc684	31	29
La testimone vede la cittadina.	The witness sees the citizen.	3a6bd5c9-443b-5bc4-8065-f79f42d95e10	31	29
Tutte le mie piante sono morte.	All my plants died.	542149d7-cd83-50a7-b358-49d1775125e7	31	19
Tutte le mie piante morirono.	All my plants died.	894b2f88-fa5c-5f23-b630-c1f8c318115a	29	19
Tom non sa perché Mary era in ritardo.	Tom doesn't know why Mary was late.	e68556d7-d157-54a9-b409-bca44a673966	38	35
Mi piace questo mammifero.	I like this mammal.	60ba564b-d99e-5b61-a5c0-1fd85e421561	26	19
A me piace questo mammifero.	I like this mammal.	10e94780-afb6-5853-84fb-943144285ea8	28	19
Il mammifero è morto.	The mammal is dead.	96be0fc2-1b7b-5cb9-98ad-4daef10df356	21	19
Un delfino è una specie di mammifero.	A dolphin is a mammal species.	580a3df2-59f0-5921-9b32-f7458c1c821d	37	30
L'antilope è un mammifero africano.	The antelope in an African mammal.	3e24a3b7-56d1-5d0e-b64c-6a05b2306f08	35	34
Quell'enorme mammifero si chiama elefante.	That huge mammal is called an elephant.	b3662bfd-ee54-5c00-9c34-43b936652afc	42	39
Quel mammifero enorme si chiama elefante.	That huge mammal is called an elephant.	4466c783-dea1-558d-a422-e8205c2a0655	41	39
Un pipistrello non è un uccello, ma un mammifero.	A bat is not a bird, but a mammal.	a17a157d-768c-5d79-9591-422822d473d6	49	34
Tom era utile.	Tom was helpful.	923d9083-5e7d-5b32-b6e4-2d35d2a4836e	14	16
Allora iniziamo.	Then let us begin.	cac36fdf-05b4-5071-8f25-0814a55a4b45	16	18
È diventato difficile trovare dei bisonti.	It became difficult to find buffalo.	47e2dda6-d325-56d8-9681-74882b91a40f	42	36
Diventò difficile trovare dei bisonti.	It became difficult to find buffalo.	462d319c-8b33-5416-9db7-486110b587c1	38	36
Divenne difficile trovare dei bisonti.	It became difficult to find buffalo.	b4e49119-da8c-5156-957c-05c2be4f1d4e	38	36
È una mucca o un bufalo?	Is that a cow or a buffalo?	8db31478-ee8e-5ff8-a98e-fe04796b2478	24	27
È una vacca o un bufalo?	Is that a cow or a buffalo?	17a6b89d-30ed-56f3-ab2d-74c9b7c5be81	24	27
È una mucca o un bisonte?	Is that a cow or a buffalo?	e436fd27-ed1a-5c95-8aa3-53cac301ab2b	25	27
Quella è una mucca o un bisonte?	Is that a cow or a buffalo?	f51908d9-832e-5862-9dc9-b487ca27c416	32	27
È una vacca o un bisonte?	Is that a cow or a buffalo?	a7f3435a-9a9a-5c66-9d23-8087b2b161b5	25	27
Quella è una vacca o un bisonte?	Is that a cow or a buffalo?	a0e33c7d-5686-512b-bde3-36306a3b370a	32	27
Perché stai cercando un bufalo bianco?	Why are you looking for a white buffalo?	54090581-dae4-57fc-930e-6ce93bf65f5d	38	40
Perché sta cercando un bufalo bianco?	Why are you looking for a white buffalo?	31864e37-4df7-5b32-ac9d-38c02a87ea48	37	40
Perché state cercando un bufalo bianco?	Why are you looking for a white buffalo?	9c5418e9-22fd-5a34-a3ca-e09ea9c67ca9	39	40
Perché stai cercando un bisonte bianco?	Why are you looking for a white buffalo?	277f0c9f-2e43-5309-8487-08592fa03f3a	39	40
Perché sta cercando un bisonte bianco?	Why are you looking for a white buffalo?	1e49baeb-8313-5223-8739-64c5d476302a	38	40
Perché state cercando un bisonte bianco?	Why are you looking for a white buffalo?	700d1bcc-ca41-5a86-84fa-116e122cb640	40	40
Quanta erba mangia ogni giorno un bisonte?	How much grass does a buffalo eat per day?	d3cac92e-459c-5099-b100-1dfb2204d092	42	42
Le ossa di bufalo furono trasformate in strumenti.	Buffalo bones were made into tools.	ce4f9695-01ae-5d36-bafe-dcd30de57344	50	35
Centinaia di bufali si spostarono verso il lago.	Hundreds of buffaloes moved toward the lake.	9e8888f2-6770-5b09-b584-69620aef4a0c	48	44
Centinaia di bisonti si spostarono verso il lago.	Hundreds of buffaloes moved toward the lake.	1b659e45-0a92-5e38-8c7c-11b20602a681	49	44
È uno shock enorme per me.	It's a huge shock to me.	1edc752f-f3dc-597e-b41d-8376aa102a69	26	24
Stai fuori dall'acqua.	Stay out of the water.	98f645fc-5e83-573d-8731-8881c535b8c1	22	22
Stia fuori dall'acqua.	Stay out of the water.	af8c9c17-8a00-59dd-982c-953c9ad98e3d	22	22
State fuori dall'acqua.	Stay out of the water.	b55a0188-9606-56f0-97d9-69a8f5138c99	23	22
Resta fuori dall'acqua.	Stay out of the water.	eb7d82d1-182d-5510-9e30-632642382c46	23	22
Restate fuori dall'acqua.	Stay out of the water.	6be0c406-9e2d-5451-b69f-a2c7b21f2ded	25	22
Resti fuori dall'acqua.	Stay out of the water.	0384ea4e-893c-518b-998a-f4ba6d6f39f8	23	22
Rimani fuori dall'acqua.	Stay out of the water.	b76b6174-cd48-5511-82d9-3ceb8d6cc3e3	24	22
Rimanga fuori dall'acqua.	Stay out of the water.	f91b44de-8a82-5421-9efe-270ac27b5a38	25	22
Rimanete fuori dall'acqua.	Stay out of the water.	0dfb186a-8b78-5664-b44e-efac466bb6ad	26	22
Ho decifrato il codice.	I cracked the code.	ebea3032-88f0-5ef4-8042-bc13b1c6aaf7	23	19
Io ho decifrato il codice.	I cracked the code.	a00b0292-4d1d-505d-b0ec-1f388b929302	26	19
Decifrai il codice.	I cracked the code.	1a42bce7-8b95-5083-b3b8-4b6b5f8700f7	19	19
Io decifrai il codice.	I cracked the code.	6d87b63d-3b5c-59b3-9680-c05c968834b7	22	19
Chiama immediatamente il dottore.	Call the doctor right away.	1ca95899-331e-50b3-ba3b-3e9b496e84d5	33	27
Chiamate immediatamente il dottore.	Call the doctor right away.	38180748-afc0-5cd7-94f4-b9527fe2fda9	35	27
Chiami immediatamente il dottore.	Call the doctor right away.	455cdd58-6bce-5ba5-b18b-c81f4f1eabe8	33	27
Non è una buona ragione.	That isn't a good reason.	1002ec25-2670-5cf8-956b-490f3622c4ac	24	25
Quella non è una buona ragione.	That isn't a good reason.	015dc8f2-d7f3-5955-8ac4-d5af212e1ccf	31	25
Mi farò il culo per studiare.	I'm going to study my ass off.	556bdf57-501c-5926-b629-014eb39dd1d0	29	30
Io mi farò il culo per studiare.	I'm going to study my ass off.	3fb3fd24-0110-5290-97be-445e972545c4	32	30
Era un generale nella Seconda Guerra Mondiale.	He was a general in WWII.	71ec8ee2-59c1-5001-abf1-e0df3e7a2217	46	25
Lui era un generale nella Seconda Guerra Mondiale.	He was a general in WWII.	3b32ff43-20e4-585b-bc78-180e94af812e	50	25
L'amministrazione prende decisioni importanti.	The administration makes important decisions.	4d94027c-d545-53bc-8e44-c8fb1a085c33	46	45
Il giornale non ha comunicato la storia.	The paper didn't carry the story.	28a236fa-f4f3-54a9-8422-cde3c5b751ad	40	33
Il giornale non comunicò la storia.	The paper didn't carry the story.	94512337-ef1b-529c-8858-e05a5e4bff3a	35	33
Amo davvero molto la sua sorella minore.	I really love her younger sister a lot.	874e0bc1-8a7b-59ad-81fc-472da9ccb357	40	39
Io amo davvero molto la sua sorella minore.	I really love her younger sister a lot.	4f532e67-23a0-5b9e-aaf4-973859458898	43	39
Amo veramente molto la sua sorella minore.	I really love her younger sister a lot.	e50e35e8-4d66-5c36-b8aa-2ee3eb1319e3	42	39
Io amo veramente molto la sua sorella minore.	I really love her younger sister a lot.	5a729e8a-061d-5ce7-a548-a1835c2d7d4b	45	39
Lui è in albergo ora.	He's at the hotel now.	dfd04aa4-230b-5491-9767-093af98a199b	21	22
Lui è in albergo adesso.	He's at the hotel now.	418cad95-2c63-5f58-8490-60486dbd012d	24	22
Lui è in hotel adesso.	He's at the hotel now.	e23e5e26-2661-50d8-a9f9-0255e697275d	22	22
Lui è in hotel ora.	He's at the hotel now.	844a9672-6288-5483-aa6f-da56702cc975	19	22
Tom si è scrocchiato le nocche.	Tom cracked his knuckles.	0138e8d1-6ff4-5b49-9dca-06826579ee0f	31	25
Tom si scrocchiò le nocche.	Tom cracked his knuckles.	6f980b56-db6d-5f24-a030-dc90e6eef75b	27	25
Siamo olandesi.	We are Dutch.	13b0995c-1d6c-599d-8d98-9dc34cfd1cef	15	13
Noi siamo olandesi.	We are Dutch.	819b0a01-07f6-58c5-9ed0-05efc5cd29bf	19	13
Parli olandese?	Do you speak Dutch?	01d827be-2b6c-548e-8374-6e72cc4d77c9	15	19
Tu parli olandese?	Do you speak Dutch?	1d38b603-54ba-537a-ad3d-fbfae2672c40	18	19
Parla olandese?	Do you speak Dutch?	fea40f86-8d4e-5ec6-ab2a-4a9aade27161	15	19
Lei parla olandese?	Do you speak Dutch?	c702c11e-cd60-53a3-a7d9-c4836160e137	19	19
Parlate olandese?	Do you speak Dutch?	0758326a-3392-59e6-b30f-b780a1755204	17	19
Voi parlate olandese?	Do you speak Dutch?	87e24a8e-bd60-5400-b744-ae811cd3e094	21	19
Non avrei dovuto fare quello che ho fatto.	I shouldn't have done what I did.	1895bd6c-0d09-5436-9f27-b44561f0adcb	42	33
Io non avrei dovuto fare quello che ho fatto.	I shouldn't have done what I did.	ad44f6cc-a13d-5652-8c09-1431f782d367	45	33
Brigitte è un nome olandese.	Brigitte is a Dutch name.	a0d0bfbe-2b1d-5abc-b2e6-0caaee7653f4	28	25
Cosa?! Tom sta parlando olandese!	What?! Tom's speaking Dutch!	9550892b-a531-54b9-91df-deffd2396c83	33	28
Gli olandesi sanno parlare molte lingue.	Dutch people can speak many languages.	9e623f61-8773-5e52-9f3a-cbee7d68609d	40	38
Gli olandesi possono parlare molte lingue.	Dutch people can speak many languages.	48dabd56-0810-5929-8ee3-50f5dd989b56	42	38
Gli olandesi riescono a parlare molte lingue.	Dutch people can speak many languages.	8589250e-2a6e-545c-aeb5-9c983bf77692	45	38
I miei genitori non parlano olandese.	My parents don't speak Dutch.	ba55c4ea-6bfe-5c9b-8f80-ad8841a3c5e0	37	29
I miei genitori non parlano l'olandese.	My parents don't speak Dutch.	291421e7-6953-5147-b05b-c764aeae37cd	39	29
Ho ricevuto un libro in olandese.	I received a book in Dutch.	6664e5ce-ee7c-5497-927f-8fca6897dbb7	33	27
Io ho ricevuto un libro in olandese.	I received a book in Dutch.	6930df1c-7298-57f0-b5eb-b3e88e7c91f9	36	27
Ricevetti un libro in olandese.	I received a book in Dutch.	120cac16-1f8c-575e-8610-8f77cae776d5	31	27
Io ricevetti un libro in olandese.	I received a book in Dutch.	a6e1083b-240c-5d23-8a7c-9478826c617c	34	27
Sai dire molto in olandese?	Can you say much in Dutch?	911cbb77-0bc0-5206-9420-708343e0de90	27	26
Tu sai dire molto in olandese?	Can you say much in Dutch?	6731507e-df6c-58d1-bb64-0d603abb308f	30	26
Sa dire molto in olandese?	Can you say much in Dutch?	9fe70bf1-04f7-53aa-8f5f-b94fd5d4d87e	26	26
Lei sa dire molto in olandese?	Can you say much in Dutch?	87c199e6-792b-519a-a198-8b38f5c10e2b	30	26
Sapete dire molto in olandese?	Can you say much in Dutch?	68dcf81a-0884-592d-8656-73a7e4f225ef	30	26
Voi sapete dire molto in olandese?	Can you say much in Dutch?	a74d38ca-a9bc-54a9-b58c-6a2ff498b837	34	26
Non è difficile imparare l'olandese.	It's not difficult to learn Dutch.	5699752d-db2c-5f6d-b86d-685645f10e38	36	34
Vincent van Gogh era un pittore olandese.	Vincent van Gogh was a Dutch painter.	7aa35bb2-0da3-5196-be30-616c8ccc5646	41	37
L'Olanda si chiama Nederland in olandese.	The Netherlands is called Nederland in Dutch.	7d5516f3-4a45-5728-965a-f39b7dccbaa2	41	45
Ho un piccolo blog sull'olandese.	I have a small blog about Dutch.	09047e47-46e3-523c-856e-c54e889e706a	33	32
Io ho un piccolo blog sull'olandese.	I have a small blog about Dutch.	ef3c1c42-a983-535f-94aa-5890dae76149	36	32
Ho un piccolo blog riguardo all'olandese.	I have a small blog about Dutch.	a05f0122-0340-50f0-9d04-844eaabfe475	41	32
Io ho un piccolo blog riguardo all'olandese.	I have a small blog about Dutch.	3a248efd-2cbd-52a8-8b15-a583b1682d07	44	32
Per piacere, leggi il mio blog.	Please read my blog.	535eb0b8-cbb2-5900-a55d-0dcaa4239a23	31	20
Per favore, leggi il mio blog.	Please read my blog.	6fcc901c-75c4-5bde-9793-54fd8753961b	30	20
Per piacere, legga il mio blog.	Please read my blog.	5b37e157-015e-5096-92b8-513466633eba	31	20
Per favore, legga il mio blog.	Please read my blog.	392fe6ee-8a7f-528d-856e-3ec8bfb6b216	30	20
Per piacere, leggete il mio blog.	Please read my blog.	40f676f4-776b-54dd-add8-82d7272ab15e	33	20
Per favore, leggete il mio blog.	Please read my blog.	ef4d011a-11ea-51f9-929b-e6eb8fefff42	32	20
Tom ha un blog.	Tom has a blog.	504dfee7-1f43-55b1-a2e4-3498129a27d7	15	15
Non capisco l'olandese. È difficile.	I don't understand Dutch. It's difficult.	a3f3fb2c-d013-5563-864a-aa4268f3585e	36	41
Io non capisco l'olandese. È difficile.	I don't understand Dutch. It's difficult.	c5ce0df7-c72c-5a16-b4f5-542b2c41f205	39	41
Dove hai iniziato a imparare a parlare l'olandese?	Where did you start learning to speak Dutch?	44bc95a9-8cfc-521e-93f8-bf9c9f904526	50	44
Dove ha iniziato a imparare a parlare l'olandese?	Where did you start learning to speak Dutch?	ce741ff7-0e6d-5a4d-9123-ffbfde4ece91	49	44
Il dipinto è il lavoro di un maestro olandese.	The painting is the work of a Dutch master.	7b86d6b7-d1d2-5ad8-9ec0-aef9564b3d5e	46	43
Di cosa parla il tuo blog?	What's your blog about?	7f13c5ba-7910-5bf5-aa42-b9879c598e7f	26	23
Di che cosa parla il tuo blog?	What's your blog about?	03013f9c-20b0-5aa1-9c21-4bb035e1d88a	30	23
Di cosa parla il suo blog?	What's your blog about?	f32bf9f4-9d32-50a7-ab8b-353bbdc4273c	26	23
Di che cosa parla il suo blog?	What's your blog about?	ec8ffb3c-2c53-5a73-b3cd-c0d0fdfa1252	30	23
Di cosa parla il vostro blog?	What's your blog about?	b39b2842-6172-5687-83b2-9faee6736814	29	23
Di che cosa parla il vostro blog?	What's your blog about?	f00c9aad-9ff9-5fe7-8459-0167fdec7091	33	23
Tom ha dimenticato l'indirizzo di Mary.	Tom forgot Mary's address.	54150ba3-1cde-5f74-8028-d6e5a38fcc33	39	26
Tom dimenticò l'indirizzo di Mary.	Tom forgot Mary's address.	50db45ca-d208-55b2-9349-8f0b3259eef0	34	26
Tom ha scordato l'indirizzo di Mary.	Tom forgot Mary's address.	b0b078e2-7b9c-5626-acda-da90089d0d3d	36	26
Tom scordò l'indirizzo di Mary.	Tom forgot Mary's address.	f2133e49-2436-51ac-8eb2-a127bb30e01e	31	26
Tom sta leggendo il giornale.	Tom is reading the paper.	516db239-3460-5a9f-96a9-f3c7e3e623e2	29	25
Chi è stato invitato alla festa?	Who was invited to the party?	7c5015a9-7417-59fa-b07c-042f4ae9b2c3	32	29
Tom ha mangiato il pollo con le mani.	Tom ate the chicken with his fingers.	2d7178ee-3eba-5e46-8f17-a56e3408f1d1	37	37
Tom mangiò il pollo con le mani.	Tom ate the chicken with his fingers.	a975beba-a9bc-5559-940d-6d3dd06d7012	32	37
Devi concentrarti.	You have to focus.	4ca75faa-48cb-5200-8e43-26d79d6e8741	18	18
Deve concentrarsi.	You have to focus.	a980b889-0043-5427-b0d4-116b64b382ac	18	18
Dovete concentrarvi.	You have to focus.	084f2f11-42fd-5eb9-90c9-db5ce448885a	20	18
Ti devi concentrare.	You have to focus.	ab8de9fc-06f4-5d86-bfa0-b7c41f5aa49a	20	18
Si deve concentrare.	You have to focus.	47bfc362-66df-5f60-84b4-27a225460dc8	20	18
Vi dovete concentrare.	You have to focus.	5fbcded4-b544-578a-b955-73d8975136d8	22	18
Tom è nella mia classe.	Tom is in my class.	4a8f6d9d-55b7-5498-841e-def9edfad4b6	23	19
Di cosa è fatta l'aspirina?	What's aspirin made of?	1d203d2d-13a2-5b60-b138-5846cc602976	27	23
È tutto quello che sappiamo su di loro.	That's all we know about them.	492e73ee-6636-5207-a794-46e99a7e0dcc	39	30
Mi piace fare cose con Tom.	I enjoy doing things with Tom.	2d39af78-b50d-517f-9188-03817057045a	27	30
A me piace fare cose con Tom.	I enjoy doing things with Tom.	d84f8cee-3cc3-5dab-84a0-f23ce1d10379	29	30
È il giorno del bucato.	It's laundry day.	559104f1-8c19-5056-8c3f-f198b0b2e14c	23	17
Tom assomigliava proprio a suo padre.	Tom looked just like his father.	59d3fd38-2e54-5ebc-9f16-6f02cdd5e31e	37	32
Ti va di bere qualcosa?	Do you feel like a drink?	ed7574ce-1b15-569d-a6dc-d0d4f481571e	23	25
Vi va di bere qualcosa?	Do you feel like a drink?	3e0d11c5-0847-5762-9c44-9ca630a1c62b	23	25
Le va di bere qualcosa?	Do you feel like a drink?	27223de1-6d34-5170-80f1-cce79168ddd8	23	25
Abbiamo una casa qui.	We have a house here.	b36cf806-689e-52bc-8404-df681aacd78d	21	21
Noi abbiamo una casa qui.	We have a house here.	da38e36e-142e-5438-af4e-cd36a9bdd30d	25	21
Imparo il turco.	I learn Turkish.	99e0debf-2b56-5af9-87e7-dd3c06b70c9b	16	16
Io imparo il turco.	I learn Turkish.	063f16db-8019-5e19-825f-9436a1229cea	19	16
Le persone sagge imparano dai loro nemici.	Wise people learn from their enemies.	7084aade-3381-5b22-a1b9-43326503ea3a	42	37
Ho visto la luce.	I saw the light.	890005f8-6a73-57ce-9fd6-68be16284cde	17	16
Io ho visto la luce.	I saw the light.	757ce111-79a3-5728-8b1a-c79b615cc999	20	16
Vidi la luce.	I saw the light.	0d76d0bf-af5c-5a40-a584-601672754875	13	16
Io vidi la luce.	I saw the light.	a655466a-23c3-53c5-842f-c07d4ae6e2fd	16	16
Ti chiamano Tom.	They call you Tom.	4ecb828f-3211-5cbd-b335-7b0538732da5	16	18
Loro ti chiamano Tom.	They call you Tom.	80ef51c9-6a12-5021-8202-0ad90e12c26d	21	18
Tom, dimmi la tua e-mail.	Tom, tell me your email.	e48039ae-0dab-5a70-8cb1-4dfe48c18213	25	24
Ho baciato Tom una volta.	I kissed Tom once.	40c70fde-313e-529c-a761-a06bde15039e	25	18
Io ho baciato Tom una volta.	I kissed Tom once.	e0521334-47a6-5a7d-90f5-e2f6e2de095f	28	18
Vende cibo.	She sells food.	c01b7e79-bf3b-59b8-88b8-9505413aee92	11	15
Lei vende cibo.	She sells food.	f6df599c-0f8e-52a3-a434-76cb2b74ea3f	15	15
Mi piace vincere premi.	I like to win prizes.	88349111-a8f7-5216-96d6-26317776b2db	23	21
A me piace vincere premi.	I like to win prizes.	76a3892a-3d9b-57ef-a880-5b2b6db267b9	25	21
Tom può venire qui.	Tom may come here.	57fb4932-8097-5d73-91c2-c6bd21e7854d	19	18
Ho un casino di cose da fare.	I have a ton of things to do.	497f36a8-ff59-51c1-ad9c-73ace2e7093e	29	29
Io ho un casino di cose da fare.	I have a ton of things to do.	53d8f61b-eeb1-5d85-b41c-92c7d10d7ded	32	29
Ho un casino di lavoro da fare oggi.	I have a ton of work to do today.	2291c011-f59b-5c98-bd38-85fd9b438e55	36	33
Io ho un casino di lavoro da fare oggi.	I have a ton of work to do today.	dd089e92-b479-597d-b9a9-1e7388abb855	39	33
Hai ancora bisogno di un passaggio a casa?	Do you still need a ride home?	7c317ba7-f42a-5fdb-9a82-d81e35488760	42	30
Tu hai ancora bisogno di un passaggio a casa?	Do you still need a ride home?	9c38a1d1-f428-56e2-993c-60cc04d2760c	45	30
Ha ancora bisogno di un passaggio a casa?	Do you still need a ride home?	608d29e1-3189-5492-996a-4c58f534dd1b	41	30
Lei ha ancora bisogno di un passaggio a casa?	Do you still need a ride home?	6d9e9131-a6d6-5356-95c6-633a97fe5a85	45	30
Avete ancora bisogno di un passaggio a casa?	Do you still need a ride home?	706bbcb6-fc33-5ccf-af61-1b81c3acfe13	44	30
Voi avete ancora bisogno di un passaggio a casa?	Do you still need a ride home?	4bcc0490-9098-5857-931a-d9199d98cffe	48	30
Faremmo meglio a ordinare immediatamente.	We'd better order right away.	83052617-4e1f-5895-9c80-69c04487ee96	41	29
La torta è pronta per uscire dal forno.	The cake is ready to come out of the oven.	0646f4dd-992a-5fbb-896c-5fb74046c750	39	42
Molti uomini sono morti in mare.	Many men died at sea.	94dee288-0a10-5caa-83d6-e5e19dd5336c	32	21
Molti uomini morirono in mare.	Many men died at sea.	97443ac1-dae2-511a-babd-16c53c0ff512	30	21
Temo che non sia più possibile.	I'm afraid that's no longer possible.	7a70d304-2dbd-51f0-8713-3aa4c1754821	31	37
Cammino molto, perché è salutare.	I walk a lot, because it's healthy.	44fe35f6-073c-5654-a38b-cdafed4544ca	33	35
Io cammino molto, perché è salutare.	I walk a lot, because it's healthy.	cb777bd2-89a0-5a72-9556-76cc29fa5d4a	36	35
Passeggio molto, perché è salutare.	I walk a lot, because it's healthy.	c9eeb500-fe64-5007-a9eb-da3432af2241	35	35
Io passeggio molto, perché è salutare.	I walk a lot, because it's healthy.	b1442f89-43ca-5d0c-b10c-6b0573326e55	38	35
Uno dei coltelli è scomparso.	One of the knives is missing.	ed96d80c-ef07-53d8-baec-0d8c3c19f35c	29	29
Sarò pronto tra un secondo.	I'll be ready in a second.	d079f43b-f4e5-5ad0-9b36-e56cd2977092	27	26
Sarò pronta tra un secondo.	I'll be ready in a second.	7015e90d-b37b-5e3a-b9f0-14e5f751057c	27	26
Aveva un piccolo oggetto rotondo in mano.	She had a little round object in her hand.	c0f06799-bbf7-5b3b-9456-c040ee1acb3f	41	42
Lei aveva un piccolo oggetto rotondo in mano.	She had a little round object in her hand.	b128a092-e26b-5ee8-83cb-ac264f9bd9b6	45	42
Beh, sto solo guardando la TV...	Well, I'm just watching TV...	f41042b4-876a-5552-923f-cd9fcb45b17e	32	29
Beh, sto soltanto guardando la TV...	Well, I'm just watching TV...	eb8c4d65-3949-554c-9325-8c6d98302778	36	29
Beh, sto solamente guardando la TV...	Well, I'm just watching TV...	a0d027a2-67ee-5488-81f1-1250a416cdd1	37	29
Sto iniziando a incuriosirmi.	I'm beginning to get curious.	02951cad-eca4-5b05-81c3-efdcf223e18a	29	29
Sto cominciando a incuriosirmi.	I'm beginning to get curious.	e6ac0851-c767-5226-a218-dc8dc6b31bc2	31	29
Potresti non essere in grado di vedere Tom.	You might not be able to see Tom.	fa35970d-5807-53c2-b846-a2104d8fe4c6	43	33
Potreste non essere in grado di vedere Tom.	You might not be able to see Tom.	8457f465-d0ee-5f45-9785-b6988ed1145e	43	33
Voi potreste non essere in grado di vedere Tom.	You might not be able to see Tom.	7c196915-97cb-5f5e-b2c1-23f1730685bb	47	33
Tu potresti non essere in grado di vedere Tom.	You might not be able to see Tom.	b4e5259d-8d7b-581e-b332-a64a0c6114b2	46	33
Potrebbe non essere in grado di vedere Tom.	You might not be able to see Tom.	3927a798-cf11-578b-98ef-824ebd597bb9	43	33
Lei potrebbe non essere in grado di vedere Tom.	You might not be able to see Tom.	9423a886-f320-5f57-86d0-51cf7568c919	47	33
Tom non ha vinto il concorso.	Tom didn't win the contest.	0109a154-09f8-5776-b47c-e844ec6f2201	29	27
A che piano è?	What floor is it on?	1177f7d7-a210-5c87-a643-051d633883f4	14	20
Spero che saremo a casa per Natale.	I hope we'll be home for Christmas.	f86c3a42-7e1d-5d00-95ff-486fe5103efd	35	35
Tutto quello che voglio per Natale è una chitarra.	All I want for Christmas is a guitar.	3ce80f21-7cee-5230-8d6a-54f7cbe52873	50	37
Grazie per il regalo di Natale.	Thank you for the Christmas gift.	2b2032f5-212e-5c98-97a8-f305b4ada01a	31	33
Grazie per il regalo natalizio.	Thank you for the Christmas gift.	b45625f8-360b-5ea3-92e1-290d5d0700ff	31	33
Cosa vuoi per Natale, Jenny?	What do you want for Christmas, Jenny?	45f4a2e6-4da6-5e66-bca8-2e74cd66176d	28	38
Che cosa vuoi per Natale, Jenny?	What do you want for Christmas, Jenny?	f95842d2-f5a7-51e3-ba21-806864af5355	32	38
Pensavo che fosse divertente.	I thought it was funny.	d12cb060-d0d0-55bc-a886-a3e8e9641778	29	23
Tom è arrivato qui ieri sera.	Tom arrived here last night.	30be6ad9-7b86-538c-8420-86ea3341c882	29	28
Tom è arrivato qui la scorsa notte.	Tom arrived here last night.	7a133d9b-c927-5422-a6ce-e2c0fb026c15	35	28
Tom è un bravo atleta.	Tom is a good athlete.	5dae23f5-de3e-5128-8da9-4aadf4240bec	22	22
Posso chiedere il perché?	Can I ask why?	dbb2072e-affb-5e12-aebb-294642ef29b9	25	14
Non pensavo che venisse qualcuno.	I didn't think anybody was coming.	f9fcf951-a688-57c3-b56a-d686ed5dcc5f	33	34
Io non pensavo che venisse qualcuno.	I didn't think anybody was coming.	b8b71b10-a58e-508a-a76c-abe0c8ee9256	36	34
Andiamo al centro commerciale stasera.	Let's go to the mall tonight.	469e9d15-8770-57e3-9be3-698fdbc56997	38	29
Andiamo al centro commerciale questa sera.	Let's go to the mall tonight.	1a210726-f7f4-5de8-b310-3fc3ecfc12a3	42	29
Tom vive in campagna.	Tom lives in the country.	f07e4e9a-811d-5c46-8c79-60a5d5d4ebd1	21	25
Ero seduto accanto a lui.	I was sitting next to him.	9c90abcb-ac24-5980-af43-bcb26feaf73d	25	26
Io ero seduto accanto a lui.	I was sitting next to him.	125cc00b-b25d-53a8-917e-aaf3ca726e12	28	26
Ero seduta accanto a lui.	I was sitting next to him.	5d9407c6-6bfa-5ffc-af99-4f3f1a8644a0	25	26
Io ero seduta accanto a lui.	I was sitting next to him.	f26673a4-fa1a-5962-8dd3-be9f2ef6ce2c	28	26
La mamma sta preparando la cena ora.	Mom is fixing supper now.	d38014a0-2cdb-5bb9-a6ce-3217462c967d	36	25
La mamma sta preparando la cena adesso.	Mom is fixing supper now.	c1d778f6-9b3b-5dcf-839e-7df4f71fb89b	39	25
Tom abita in campagna.	Tom lives in the country.	05330e47-be46-5749-8351-559d045d1fa1	22	25
Ti piace la musica moderna?	Do you like modern music?	ff633ed2-cdee-5300-8259-6b10c3d0a6b3	27	25
Vi piace la musica moderna?	Do you like modern music?	525c6d90-9978-517d-8d1f-2016d20eac88	27	25
Le piace la musica moderna?	Do you like modern music?	cbc2e643-2d72-5354-877e-f76871bd0a62	27	25
Tom sa che Mary è innamorata di John.	Tom knows Mary's in love with John.	c36de545-681f-514a-a2db-704a4e50fc85	37	35
Perché hai chiesto a Tom di andarsene?	Why did you ask Tom to leave?	a334f357-af81-58a3-adab-2ea531a16e2a	38	29
Perché ha chiesto a Tom di andarsene?	Why did you ask Tom to leave?	af51f033-1d44-5911-a18a-17f3202aa007	37	29
Perché avete chiesto a Tom di andarsene?	Why did you ask Tom to leave?	1d3b9976-f909-5ff4-9485-b7a1ecbf8a9e	40	29
Tom assomiglia proprio al suo papà.	Tom looks just like his dad.	4035fe97-da25-5ff3-9b67-5baa3b5fa444	35	28
Ho il pomeriggio libero.	I've got the afternoon free.	d57acfd5-c32a-5504-b054-9e02f6b2e2c2	24	28
Io ho il pomeriggio libero.	I've got the afternoon free.	c202aa33-b143-59ac-8b20-b7234133fa71	27	28
È il meglio che possiamo fare?	Is that the best we can do?	bca9fdc5-dbdd-5720-a7d8-f9dd865f03c2	30	27
È il meglio che riusciamo a fare?	Is that the best we can do?	ee49e04f-7725-512b-99e6-2b25a6af6a4f	33	27
Vorresti andare allo zoo con me?	Would you like to go to the zoo with me?	08a99c5e-de92-5462-85c8-07bb477f156a	32	40
Vorreste andare allo zoo con me?	Would you like to go to the zoo with me?	cfefbb1c-9c0f-5560-ae36-fe85ff347a4b	32	40
Vorrebbe andare allo zoo con me?	Would you like to go to the zoo with me?	637286dd-3a2a-5fa3-ab22-03b713515a64	32	40
Tom beve tè?	Does Tom drink tea?	8b1ff341-4068-5138-8f9c-191612161a06	12	19
Tom beve il tè?	Does Tom drink tea?	8373048c-d7ca-5f26-8f16-31d993a4de99	15	19
Tom beve del tè?	Does Tom drink tea?	00885747-2d9b-5764-bc8a-b68fc386d241	16	19
Hai letto questo rapporto?	Have you read this report?	a6d80005-de08-5916-8526-5b8b8c4cc3af	26	26
Ha letto questo rapporto?	Have you read this report?	b555efad-236b-57e0-936d-d4357c8ed802	25	26
Avete letto questo rapporto?	Have you read this report?	7ab36c99-d627-51be-962c-228847832378	28	26
Questo dipinto non è ancora completo.	This painting isn't complete yet.	345b0ed1-43a2-505a-9a06-4f86addd3b72	37	33
Ho bisogno dell'aiuto di Tom per questo.	I need Tom's help on this.	b0d9b4a1-992f-5ab1-a150-8acf5a124118	40	26
Mio padre nuota molto bene.	My father swims very well.	48d06420-6022-5dd1-9072-d18ae4bbbef6	27	26
Ho lavorato su questo per tre anni.	I've been working on this for three years.	67eddf9b-c5da-5778-9789-7f152c46ac54	35	42
Io ho lavorato su questo per tre anni.	I've been working on this for three years.	3ea9efdb-e195-567d-9d9b-ad499d40d5ff	38	42
Avremo un sacco di cibo.	We'll have plenty of food.	96c1582d-d8b6-55c6-a7b7-f3b4185eccc1	24	26
Penso che sia un'idea brillante.	I think it's a brilliant idea.	f6afada2-d17d-58f6-b03b-6fc6e9da28c5	32	30
Io penso che sia un'idea brillante.	I think it's a brilliant idea.	73db78ec-4a74-552b-a6ee-61c511194e12	35	30
Non ci siamo incontrati.	We haven't met.	64e7ac42-d8de-5bd3-ad23-172c980cbfb1	24	15
Non ci siamo incontrate.	We haven't met.	86658f0a-886a-51b9-b77a-9c11f283c428	24	15
Non ci siamo conosciuti.	We haven't met.	07c74132-b683-5dc2-a2f9-2f476a9e2a69	24	15
Non ci siamo conosciute.	We haven't met.	85ac4abe-28a5-59b7-b081-6ad56eaf4b7c	24	15
Devo davvero andare a letto.	I really have to go to bed.	590314ff-0522-5af4-9ac6-9dfb7efbde3d	28	27
Devo veramente andare a letto.	I really have to go to bed.	2e93f795-9eb6-5b9b-9bd6-3e67259a02b8	30	27
Cerca di essere conciso.	Try to be concise.	5b65b4f7-b38c-53d2-a4be-3eafceebf411	24	18
Cerca di essere concisa.	Try to be concise.	3f19447c-308e-5207-b433-1657cb657fd2	24	18
Cerchi di essere conciso.	Try to be concise.	793710e0-9794-505a-99ed-cafb9041bd46	25	18
Cerchi di essere concisa.	Try to be concise.	db0ddfaa-a640-5209-a0a8-adf533b1af2a	25	18
Cercate di essere concisi.	Try to be concise.	ef61d1b3-b02c-5fa2-a2af-508f08cb67c1	26	18
Cercate di essere concise.	Try to be concise.	13e2c47c-a435-5c17-80aa-f1ecd33f307d	26	18
Era davvero fastidioso.	It was really annoying.	d0294949-3579-5595-8903-4066d9297a33	23	23
Era davvero fastidiosa.	It was really annoying.	ddeb27f5-dd26-5b83-8be5-0a249f3b321e	23	23
Era veramente fastidioso.	It was really annoying.	25b3d496-40a0-52ef-8462-ca64b0f6a63b	25	23
Era veramente fastidiosa.	It was really annoying.	ca4a0e80-21a7-5851-93cb-40b1622195de	25	23
Non avere paura di fallire.	Don't be afraid to fail.	488d46ed-a58b-521f-a086-7b0e2fe52121	27	24
Non abbia paura di fallire.	Don't be afraid to fail.	9f2fe4ab-0fc8-5203-9923-72933e8bf377	27	24
Non abbiate paura di fallire.	Don't be afraid to fail.	6d926504-dfdb-5fb5-bfcf-6cd2a4108305	29	24
Di chi è questa casa?	Whose house is this?	91de9210-c24c-5587-abeb-076b7a39aba5	21	20
Tom è qui in questo albergo.	Tom is here in this hotel.	61997639-fcb6-51a7-828e-a2cec5fd7ded	28	26
Tom è qui in questo hotel.	Tom is here in this hotel.	208e729c-194f-51da-a8f9-ea55664bfc2a	26	26
Tom non l'ha mai fatto prima.	Tom has never done that before.	e1c09558-2594-58dd-87bb-eb94502402ee	29	31
Mi farà felice.	That'll make me happy.	b3909e71-2e84-57c0-bdac-c12b2e34fdc9	15	22
Mi renderà felice.	That'll make me happy.	587f78cc-04a5-5dd4-8477-49266ed5a1f3	18	22
Non era un colloquio di lavoro.	It wasn't a job interview.	f331405f-5dc8-5b6c-a4b7-b2aef0081221	31	26
Non fumare qui dentro.	Don't smoke in here.	06f8fd10-5987-5690-9eb3-e8c05c1a7f45	22	20
Non fumate qui dentro.	Don't smoke in here.	be0129e0-4967-5286-8bfd-8ce39f5e4637	22	20
Non fumi qui dentro.	Don't smoke in here.	42e7593b-d32b-5990-8d12-83eaf7b91332	20	20
Questo deve essere duro per Tom.	This must be hard for Tom.	2d0847fc-352b-59cc-937a-cc2128ca37d3	32	26
Questo deve essere difficile per Tom.	This must be hard for Tom.	a5fc2660-16db-55af-b0c1-e91edd106ebf	37	26
Sono andato a vedere Tom.	I went to see Tom.	a53e46e2-5648-5653-a3ad-436a6a3c26a2	25	18
Sono andata a vedere Tom.	I went to see Tom.	6c299636-1875-5813-a3dd-4070ab2843ea	25	18
Ero in ritardo di tre ore.	I was three hours too late.	6c80acf5-ff2a-5282-ba41-cdd71dcf3121	26	27
Io ero in ritardo di tre ore.	I was three hours too late.	74675e36-1bc3-582e-8997-b8738d9045d4	29	27
Tom non voleva andare all'università.	Tom didn't want to go to college.	0ad618a6-6bc7-5d2b-89a8-dcec6f067a51	37	33
Quell'arma è carica?	Is that weapon loaded?	2b25b49c-a912-5157-a6f0-13915d4fa603	20	22
Quel negozio vende carne e pesce.	That store sells meat and fish.	1977b387-4cde-579c-bda4-9748385b2972	33	31
La morte, in qualunque forma, è ripugnante.	Death, in whatever form, is repulsive.	a0379623-c072-5652-a582-5ee4718b89e1	43	38
La morte, in qualsiasi forma, è ripugnante.	Death, in whatever form, is repulsive.	60c45db3-fe7b-5830-8f01-e91b611dc374	43	38
Significherà molto per il villaggio.	It will mean a lot for the village.	b5e77949-a2a4-52de-849b-d62a52193af5	36	35
Maria Callas ha una bella voce.	Maria Callas has a beautiful voice.	b022632d-ff8f-54aa-9fd5-8511555eedcf	31	35
Lo stomaco è uno degli organi interni.	The stomach is one of the internal organs.	377014fa-ae04-5327-a872-0d64e73015cb	38	42
Chiamiamo questa montagna Tsurugidake.	We call this mountain Tsurugidake.	af25f666-9c9d-584c-9cdb-8e56d97fa66e	38	34
Noi chiamiamo questa montagna Tsurugidake.	We call this mountain Tsurugidake.	5f5ad742-90f9-52a5-87b2-845426c66472	42	34
Chiamiamo la montagna Tsurugidake.	We call the mountain Tsurugidake.	4b304f1b-cd43-569f-ab65-b05c9096a3ab	34	33
Noi chiamiamo la montagna Tsurugidake.	We call the mountain Tsurugidake.	fac536d9-26cb-5703-90ee-cfa3e990bbe6	38	33
Tom è in vacanza con i suoi genitori.	Tom is on holiday with his parents.	480ca5a6-6b80-5d7b-b789-0fc20aa99e0f	37	35
Non sei così male.	You're not so bad.	1dafd088-d72d-53e2-9f5b-74933c71fd88	18	18
Non siete così male.	You're not so bad.	a01a0275-4746-5dfd-837d-d5361d2d3edb	20	18
Pensi spesso al futuro?	Do you think often about the future?	dfb4e8da-9a52-5f50-bae6-a71e12768f8d	23	36
Mary, datti una calmata. Non fa bene innervosirsi.	Mary, come down. It is harmful to get angry.	22ff2bc7-25c1-52c0-9723-c618ce62946c	50	44
Dov'è adesso vostro figlio?	Where is your son now?	5206ad86-c3c1-50f3-972c-989d468e4f8e	27	22
Dov'è adesso vostra figlia?	Where is your daughter now?	190cd9fa-d714-5809-ad6d-ec374c5e847f	27	27
Chiedo scusa. A che punto ero rimasto?	I am sorry. Where was I?	67557a83-8797-52f8-9ca0-820d2a26bfb7	38	24
Lavori qui, vero?	You work here, don't you?	be2e649a-f6fa-573c-b20f-ad09b9c4e07b	17	25
Tu lavori qui, vero?	You work here, don't you?	66977bc2-f6c2-5520-bf50-10aa7fcf5800	20	25
Lavora qui, vero?	You work here, don't you?	a7b153b8-cfb4-5451-96ad-91a7ba6964c5	17	25
Lei lavora qui, vero?	You work here, don't you?	c8297806-53ed-5402-92ad-3b6293980e5a	21	25
Lavorate qui, vero?	You work here, don't you?	d2d7d0e0-8eda-57e7-8d58-7f0663a14ba2	19	25
Voi lavorate qui, vero?	You work here, don't you?	ee78d54d-534f-58a4-ae24-a2d04559d114	23	25
Tom mi ha detto cosa dire.	Tom told me what to say.	9ff729c5-de0e-5799-b3ba-10de84ab290c	26	24
Tom mi disse cosa dire.	Tom told me what to say.	9498958e-5203-500d-998c-1b31136ae526	23	24
Troppo è troppo!	Too much is too much!	802243ec-13aa-51ac-8a81-2e7970d28b5f	16	21
So cosa non mangiare.	I know what not to eat.	0e96dba0-86c0-5777-ad8c-8742b3dbac2e	21	23
Io so cosa non mangiare.	I know what not to eat.	898cc77c-6c4f-540e-ba22-5665a81c7abc	24	23
Non sapendo che fare, ho chiesto aiuto.	Not knowing what to do, I asked for help.	6cd285af-132b-5e70-9a07-ded1c83b148c	39	41
Non sapendo cosa fare, chiesi aiuto.	Not knowing what to do, I asked for help.	a32e5542-808a-58cd-a575-531bac3764e5	36	41
Non sapendo cosa fare, ho chiesto aiuto.	Not knowing what to do, I asked for help.	d955d319-c980-5daf-b28e-80f6e1e9dabe	40	41
Non sapendo cosa fare, gli ho chiesto aiuto.	Not knowing what to do, I asked him for help.	5ef02456-aa2c-5f04-b900-e572c95e6f7d	44	45
Non sapendo che fare, gli ho chiesto aiuto.	Not knowing what to do, I asked him for help.	ec9c316d-db64-5800-adde-7260f8c2d079	43	45
Non sapendo cosa fare, gli chiesi aiuto.	Not knowing what to do, I asked him for help.	fd6790bf-c8d6-50a7-9d10-44d3a941b0b5	40	45
Non sapendo che fare, gli chiesi aiuto.	Not knowing what to do, I asked him for help.	8a46a5c9-d0a7-5955-a3fe-b9fd774b30e2	39	45
Non sapendo cosa fare, mi ha chiesto aiuto.	Not knowing what to do, he asked me for help.	8b89b77c-5e1b-5dde-add3-4796ae1a543a	43	45
Non sapendo che fare, mi ha chiesto aiuto.	Not knowing what to do, he asked me for help.	7c2096e9-f440-5488-8d99-2008755f7aa5	42	45
Non sapendo cosa fare, mi chiese aiuto.	Not knowing what to do, he asked me for help.	9e02308e-8ee8-5410-bbd0-b468293e0c80	39	45
Non sapendo che fare, mi chiese aiuto.	Not knowing what to do, he asked me for help.	104f1004-ef77-5a4a-b480-cb283bce29cd	38	45
La polizia sta indagando la situazione.	The police are investigating the situation.	f1e7c771-eb22-5005-bc5e-71a299a945c9	39	43
La vita non è giusta, vero?	Life isn't fair, is it?	cbea926b-9230-59d1-a455-3f5170805815	27	23
La vita è ingiusta, vero?	Life isn't fair, is it?	05890fea-5431-52f7-9396-faa78dad76c1	25	23
Vorrei essere a Boston in questo momento.	I wish I were in Boston right now.	e4ea6749-4f81-51a8-af5f-d3a143084858	41	34
Io vorrei essere a Boston in questo momento.	I wish I were in Boston right now.	724509b7-c9d2-5664-8fba-c8d93f30cee5	44	34
Siamo stati in grado di prendere l'ultimo treno.	We were able to catch the last train.	436a3887-36b4-5184-a912-c0fa60c217c0	48	37
Siamo state in grado di prendere l'ultimo treno.	We were able to catch the last train.	856f4bce-e5b9-5bbe-9dbd-cf85f5069bba	48	37
È sicuro che George verrà.	It's certain that George will come.	f6dd7ee6-7f40-5cfb-9542-fd7eb4c6a946	26	35
Tom non riusciva ad entrare nella sua stanza.	Tom couldn't get in his room.	9b286c53-2b89-5530-b658-795ab2956f40	45	29
Tom non poteva entrare nella sua stanza.	Tom couldn't get in his room.	255adf1f-4caf-54fd-b020-f165d7f5b4cc	40	29
Tom non riusciva ad entrare nella sua camera.	Tom couldn't get in his room.	b55547a6-77ad-55f5-886e-7d39f100f0d0	45	29
Tom non poteva entrare nella sua camera.	Tom couldn't get in his room.	573d0c62-a0d6-5b93-8a03-e72c917bc92f	40	29
La luce è un'onda o una particella?	Is light a wave or a particle?	1e1d1e1e-fb37-5eda-a405-36b874fd0687	35	30
Conosci il signor Jackson?	Do you know Mr. Jackson?	cfc8671f-a1b5-5b5d-b7d8-b73a3eb53e13	26	24
Tu conosci il signor Jackson?	Do you know Mr. Jackson?	1a77ce83-3c35-50d6-a39f-3cf1ba93ab69	29	24
Conosce il signor Jackson?	Do you know Mr. Jackson?	32fbd517-345c-5a91-9705-e6f48cefbdfa	26	24
Lei conosce il signor Jackson?	Do you know Mr. Jackson?	31a3a020-4bb3-5a50-91f7-2e88b584ac6f	30	24
Conoscete il signor Jackson?	Do you know Mr. Jackson?	e5f6fc7f-f88a-5e53-90ab-bdea1c2c73f6	28	24
Voi conoscete il signor Jackson?	Do you know Mr. Jackson?	2de6d54b-fdcf-5817-9c79-0a24f5820804	32	24
Tom ha tolto l'amo dalla bocca del pesce.	Tom took the hook out of the fish's mouth.	9c4685a0-b77d-57ae-b1a3-213a9cccf4de	41	42
Tom tolse l'amo dalla bocca del pesce.	Tom took the hook out of the fish's mouth.	bc4099e0-6385-5af7-aff2-fa112b57aa01	38	42
Non abbiamo dovuto pagare i nostri biglietti.	We didn't have to pay for our tickets.	4d4de3d0-1416-578f-9f24-65aebfaa59d3	45	38
Noi non abbiamo dovuto pagare i nostri biglietti.	We didn't have to pay for our tickets.	6b648001-ed8d-5ff4-a792-516a76b8ce44	49	38
Non è autorizzato.	It's unauthorized.	dd864830-fa86-5d7d-9163-8d17d1694d72	18	18
Non è autorizzata.	It's unauthorized.	f1b49d0e-83e0-5304-9031-1df0bdf25293	18	18
Ha perso i suoi genitori all'età di sette anni.	He lost his parents at the age of seven.	8867bef4-ffbc-5939-9523-407f715d2dd4	47	40
Perse i suoi genitori all'età di sette anni.	He lost his parents at the age of seven.	879e498b-3c21-5bea-bf06-e19ef5594d27	44	40
Lui perse i suoi genitori all'età di sette anni.	He lost his parents at the age of seven.	faa22378-7410-539a-82c9-a08ca5d436c2	48	40
Sì, è quello che farei.	Yeah, that's what I'd do.	baa42a20-0da1-517c-b8c1-2b9c1ea72bf3	23	25
Sono tornato in affari.	I'm back in business.	94c1e74c-e40b-5d30-a995-757e3614f16e	23	21
Sono tornata in affari.	I'm back in business.	205e1a25-55fc-5179-bda7-29d2cb87e278	23	21
Dovremmo aiutarli.	We should help them.	67b3f8ef-9fdd-57e5-9620-459794548373	18	20
Dovremmo aiutarle.	We should help them.	172f1596-3d50-59cc-830b-bb25f4f066f5	18	20
Li dovremmo aiutare.	We should help them.	e7a2d13a-a75e-55fe-9c33-b30ee7cbc6e7	20	20
Le dovremmo aiutare.	We should help them.	548af40e-4ac0-5ec9-a236-abeb1bf9ab06	20	20
Dobbiamo aiutarli.	We need to help them.	1a4ef747-5871-5515-b979-b41059d6764c	18	21
Dobbiamo aiutarle.	We need to help them.	315d27b6-f9ba-5c0b-9e46-de5d608ab5dd	18	21
Li dobbiamo aiutare.	We need to help them.	59f8f94d-1364-52c4-8e53-a55114643ede	20	21
Le dobbiamo aiutare.	We need to help them.	07dd1310-7be1-5e02-9952-d96bd390c1d3	20	21
Diglielo.	Tell him.	adea8d70-5ef7-501e-bdcd-6d021c435a17	9	9
Glielo dica.	Tell him.	4a6e74f6-57bc-5647-98bb-438e3a125852	12	9
Diteglielo.	Tell him.	610f2db7-a527-5c6e-ae88-ddcb942cfc9d	11	9
Dillo a loro.	Tell them.	b9dcf26c-e1bb-5d94-bbdf-42a3711e6089	13	10
Lo dica a loro.	Tell them.	13fbb50a-f79b-5536-97a0-9f963852eb79	15	10
Ditelo a loro.	Tell them.	f5701272-377b-5958-9548-37257a28d38a	14	10
Dillo a lei.	Tell her.	852b6b67-05b9-5f5b-aff9-952f66b57d3b	12	9
Lo dica a lei.	Tell her.	4ec26269-3edf-5107-a373-a37b788b3f10	14	9
Ditelo a lei.	Tell her.	7ed8de93-f0d3-504e-9baf-dc8d569727a9	13	9
Salvami.	Save me.	66a6cee4-f712-51b2-bc7f-e0adf31b660d	8	8
Mi salvi.	Save me.	0ab25837-6b16-5e5b-85e3-eb33cfa49b41	9	8
Salvatemi.	Save me.	e85447d9-4851-5ef1-88b1-238f1c90d3ad	10	8
Lasciali.	Leave them.	b242cc04-2d8c-59ad-b813-2ea4d4967bd0	9	11
Lasciale.	Leave them.	6e471c11-1b0c-5930-ae34-88ee14ac9661	9	11
Li lasci.	Leave them.	77ada90f-667a-53ef-ad9e-3b62347e69fb	9	11
Le lasci.	Leave them.	98e137ec-1116-5d8e-bf5f-889c9047755a	9	11
Lasciateli.	Leave them.	2711bd9d-be20-51ed-aa15-115565785b53	11	11
Lasciatele.	Leave them.	8fe2fb0d-6ac0-5208-8440-3ea8d1e792dc	11	11
Contattalo.	Contact him.	140adf6b-0fb1-57a1-99b9-ab314ae7b6c9	11	12
Lo contatti.	Contact him.	2b58b9d3-10e7-59d1-9157-ed58a11f2b92	12	12
Contattatelo.	Contact him.	9fa21a7d-bf0a-5fdd-84d2-e33b2eb77a2d	13	12
Assecondali.	Humor them.	a89cbaf1-65d0-517f-859c-c476be86391a	12	11
Assecondale.	Humor them.	17dfbde8-a230-521d-bbf3-897aa89b4030	12	11
Li assecondi.	Humor them.	a489a677-d3b8-5127-a561-eab3da0ae196	13	11
Le assecondi.	Humor them.	7a5d1de2-b4de-526e-82c6-1102cf9f2dcf	13	11
Assecondalo.	Humor him.	c7123d7a-5bb1-5b42-b09f-431275961f31	12	10
Lo assecondi.	Humor him.	3b4a83cd-5f91-51ae-bc3d-558ce368edd6	13	10
Assecondatelo.	Humor him.	24d677dc-0831-5e95-bfed-d760f2600c41	14	10
Assecondala.	Humor her.	6fcc68ee-5b48-52ea-901a-9da0b8943733	12	10
La assecondi.	Humor her.	b11f401b-63c8-5088-96ef-5f8939b5b2eb	13	10
Assecondatela.	Humor her.	e4b3b500-b9aa-554d-83d6-370b09e528e6	14	10
Rispondi a loro.	Answer them.	66eefefe-ed3d-5251-b861-826189837ea1	16	12
Risponda a loro.	Answer them.	0bc44ac3-2631-58b9-a4d5-15745b37bf26	16	12
Rispondete a loro.	Answer them.	2b67f494-acb5-54af-b700-1e1a47a68ec6	18	12
Vai con lui.	Go with him.	c22320b5-b5c4-5d7a-a496-107002bd21d0	12	12
Vada con lui.	Go with him.	30e64682-0de9-5a42-a993-0d88c5216f66	13	12
Andate con lui.	Go with him.	e80a7d42-d028-5f30-bde8-a7ff489d8211	15	12
Vai con lei.	Go with her.	bec83218-4a1e-5035-beb3-66c4f7796fa0	12	12
Vada con lei.	Go with her.	c6a9f1bf-7bfd-556b-87f8-856f121c6544	13	12
Andate con lei.	Go with her.	be2f8fef-eae5-58ac-97de-7b5d6be34d6e	15	12
Controlla con loro.	Check with them.	b419458c-6ff9-5d47-a59c-0aa65875cffe	19	16
Controllate con loro.	Check with them.	539791bf-be57-5f90-96c2-8b9f0346bb69	21	16
Controlli con loro.	Check with them.	cda81152-b5b9-504a-a1eb-e6e8db520294	19	16
Controlla con lui.	Check with him.	b1292cc8-a4a1-5ff9-90d8-a30b395857d6	18	15
Controlli con lui.	Check with him.	aa231ce4-0c2c-5972-acc6-170fc3860d13	18	15
Controllate con lui.	Check with him.	46311e96-2b29-519a-a0f9-4af1fe26c765	20	15
Controlla con lei.	Check with her.	54c13171-6166-5577-9231-f9dd89c8e06a	18	15
Controllate con lei.	Check with her.	3098bfe1-dc79-5087-9ccb-e3f20f16b3ce	20	15
Controlli con lei.	Check with her.	a8811586-5a1a-5799-a308-351407f6ca2b	18	15
Li ho osservati.	I watched them.	426aa4f8-0846-5c0b-8572-0af8e6491278	16	15
Le ho osservate.	I watched them.	a1a4a9ad-eeef-584d-9156-24fa93103886	16	15
Li osservai.	I watched them.	a8255f87-aef3-5005-8840-69332aa6512a	12	15
Le osservai.	I watched them.	a5107258-f65a-5605-b4ff-1f75990a038c	12	15
L'ho osservato.	I watched him.	587c50bd-a17f-5339-87b5-6dbe09993b17	15	14
L'osservai.	I watched him.	dbede34f-a4d0-57a0-8b4f-5b1218da476e	11	14
L'ho osservata.	I watched her.	b7951817-639f-5b94-ac56-0de5be0983d7	15	14
La osservai.	I watched her.	6bf4d327-fcab-5f06-81c6-8ee2910af4e9	12	14
Li ho avvisati.	I warned them.	d5c1dcdf-ee89-5d3d-b57a-4cbb5020a1ce	15	14
Le ho avvisate.	I warned them.	6fc85657-e6f3-579b-9349-6dd281367f6e	15	14
Li avvisai.	I warned them.	ddedbbe3-2f90-5b8d-8ed3-80fefaa5398e	11	14
Le avvisai.	I warned them.	d69197a4-ad00-5159-b52d-6f0535f0427a	11	14
Li ho avvertiti.	I warned them.	82cc5034-8991-58b4-976b-a0c69fecfefb	16	14
Le ho avvertite.	I warned them.	482a9cf0-1ba3-5770-90fb-f31864414b16	16	14
Li avvertii.	I warned them.	74989c8c-2bcd-59c7-bfbe-c5164d356952	12	14
Le avvertii.	I warned them.	3b5a1ad2-b8a4-5e1b-99d1-b802beca5d67	12	14
Tom si fida di loro.	Tom trusts them.	4de3ef13-5025-5272-b062-3b193ae53912	20	16
Mi fido di loro.	I trust them.	af998826-fa56-5f46-bbfb-d080ca6ac565	16	13
Io mi fido di loro.	I trust them.	399bc43a-5356-52de-8576-092251f189d3	19	13
Li abbiamo ingannati.	We tricked them.	63fe0c16-f614-580a-940a-6b77666e9b5e	21	16
Le abbiamo ingannate.	We tricked them.	96bcb561-ea2b-506d-85e7-baf06187adf6	21	16
Lo abbiamo ingannato.	We tricked him.	11172e76-1b6d-5f2f-8559-005df7d1392f	21	15
La abbiamo ingannata.	We tricked her.	b1356622-78ea-5878-9707-fe2f885ca0d5	21	15
Li ho ingannati.	I tricked them.	fc656513-c383-5756-80af-9ef9574c7f6c	16	15
Le ho ingannate.	I tricked them.	f0bab7ca-c86a-55c7-b120-ed7185a5af3e	16	15
Li ho toccati.	I touched them.	a0c206db-da8d-5087-9ff7-28bc43352408	14	15
Le ho toccate.	I touched them.	33aca948-925b-5f69-8adc-8936c726741c	14	15
L'ho toccato.	I touched him.	94380f96-e5f1-5bbc-bbec-e39c2ee67696	13	14
L'ho toccata.	I touched her.	c8299089-e801-584a-8250-e79cfc5d6fe8	13	14
Li toccai.	I touched them.	772a4fc6-d0b7-5656-8cd1-b1eb80e975a1	10	15
Le toccai.	I touched them.	bb6902f6-b6a0-5a4a-bbcb-184e0471b768	10	15
Lo toccai.	I touched him.	f3cb4d79-18d1-5a02-a40b-dfafe79ce037	10	14
La toccai.	I touched her.	35ac817e-4af8-5686-9c72-5064c630671c	10	14
Li abbiamo torturati.	We tortured them.	d6ebf112-3a53-5c02-94eb-cae064378b12	21	17
Le abbiamo torturate.	We tortured them.	67e09e68-2140-504a-82ff-5b578efd91f7	21	17
Li torturammo.	We tortured them.	389b2341-9d85-5230-be33-0b245cb769bd	14	17
Le torturammo.	We tortured them.	83fde4c5-7c6c-5b4e-9455-52b49c55200f	14	17
Perché c'è inquinamento nelle città.	Because there's pollution in the cities.	0b86867a-11e6-5b02-90a6-16736f902218	36	40
Tom ha dato un'altra occhiata alla foto.	Tom took another look at the picture.	29d5981e-447d-5cf9-b45e-ee1f52cb7ca1	40	37
Tom ha dato un'altra occhiata alla fotografia.	Tom took another look at the picture.	8be532c4-0b18-572c-ac06-413483040ae9	46	37
Tom diede un'altra occhiata alla foto.	Tom took another look at the picture.	1e51bd0e-2d34-5271-bb85-3f0110eafaf8	38	37
Tom diede un'altra occhiata alla fotografia.	Tom took another look at the picture.	0fd1302e-b16b-5926-8242-8437d63c74b7	44	37
Parla con loro.	Talk to them.	fdb6c7a1-c886-5e55-a177-6d51be03ea76	15	13
Parli con loro.	Talk to them.	cd8847bc-227e-59f5-b6ba-70de991e26c8	15	13
Parlate con loro.	Talk to them.	f44d6272-82f3-5656-8904-6b360e376341	17	13
Ascoltali.	Listen to them.	c73b838d-139e-53e0-9ab2-8bb930be682a	10	15
Ascoltateli.	Listen to them.	ec464c9b-35e3-5767-9c10-72ab110a9848	12	15
Li ascolti.	Listen to them.	0fccf0d6-5b8b-5000-a805-97d41581db4c	11	15
Ascoltale.	Listen to them.	70e3a19e-a466-5fd4-b588-4c29b803fa31	10	15
Le ascolti.	Listen to them.	b874d2c4-8e6c-56eb-b132-d5e983c2a507	11	15
Ascoltatele.	Listen to them.	6a50873a-b972-5331-802a-7df1896742b2	12	15
Ascoltalo.	Listen to him.	e74df659-1808-5f0c-9778-8ff958dd394f	10	14
Lo ascolti.	Listen to him.	cc7da352-ccf3-5033-a3b7-9438e755f46d	11	14
Ascoltatelo.	Listen to him.	5ff6a78f-2456-5506-b3c3-5aba37d1778c	12	14
Scusati con loro.	Apologize to them.	078a1308-0b8d-5fe5-8bda-474617c26385	17	18
Si scusi con loro.	Apologize to them.	cc580c2b-78f7-516d-a309-b8041bdbe86d	18	18
Scusatevi con loro.	Apologize to them.	6fca27ee-2d3b-5b57-a61e-dc1f5acad393	19	18
Scusati con lui.	Apologize to him.	f5d028c8-3f3a-58aa-bb9e-558f323c97ce	16	17
Si scusi con lui.	Apologize to him.	ba5b8c1a-25fd-5dea-863f-b87452cb207b	17	17
Scusatevi con lui.	Apologize to him.	06804da1-cad7-5e80-8c32-2283917243dc	18	17
Scusati con lei.	Apologize to her.	80050815-a075-541d-a24d-c91c0611448e	16	17
Si scusi con lei.	Apologize to her.	057144e0-55db-5baa-ab8d-1424faf92ba3	17	17
Scusatevi con lei.	Apologize to her.	cc29218d-a409-5ac6-b72a-67177387903b	18	17
Buttali via.	Throw them out.	220518d2-5add-5377-bcad-20ac9cc0888f	12	15
Buttale via.	Throw them out.	8c231b65-0c4d-5a2d-8734-5fd99e8bbaa0	12	15
Buttateli via.	Throw them out.	80d8ccca-498b-5c7a-9bca-819353bf754e	14	15
Buttatele via.	Throw them out.	04634855-c9a2-558f-a371-9368ecd7532c	14	15
Li butti via.	Throw them out.	850fb208-a338-5962-80b8-896a13fd9804	13	15
Le butti via.	Throw them out.	50eb8962-b253-5e66-97fd-4da1d8db5b28	13	15
Cacciali.	Throw them out.	18a6dccd-2654-5f83-bd0e-fc28cbe140a1	9	15
Cacciale.	Throw them out.	14991c75-18cb-5ca0-82ae-c4bfedbb9744	9	15
Li cacci.	Throw them out.	afdb298b-ce71-59c6-ae9c-d560234bd7f6	9	15
Le cacci.	Throw them out.	47d1241d-6113-5bad-8dca-5e2b505c2f81	9	15
Cacciateli.	Throw them out.	b117140a-a6df-5334-b0a7-62e91873da34	11	15
Cacciatele.	Throw them out.	e2317f04-2109-5eea-be57-892f70d690b9	11	15
Caccialo.	Throw him out.	e68ba31d-b12c-555c-84c2-f78a6770249d	9	14
Lo cacci.	Throw him out.	8cca5475-3b28-587a-9da3-74455d71e05c	9	14
Cacciatelo.	Throw him out.	3e804a5b-37a9-5d4c-824e-31fac49a5622	11	14
Cacciala.	Throw her out.	6a26abdf-6f45-5e1d-aa6b-b55e48c36f19	9	14
La cacci.	Throw her out.	4a2b4934-30ac-51a6-9592-9ad53d09d16a	9	14
Cacciatela.	Throw her out.	fe2f7f87-f467-51e2-b3fa-c13b15b9e29a	11	14
Sono loro?	Is that them?	c99153b5-550c-5aeb-98c8-a5dc6d744c48	10	13
È lui?	Is that him?	08cfb8e4-90cd-516d-9253-3511d284a547	6	12
Diglielo tu.	Tell him yourself.	04d83ed6-9fa5-51dd-beff-85ec274a9bcc	12	18
Glielo dica lei.	Tell him yourself.	a1973908-6ac3-5e40-8bb8-ea5d64ff47e8	16	18
Dicci perché.	Tell us why.	0801e847-3514-5785-ae6d-bddf397918ab	13	12
Ci dica perché.	Tell us why.	408e035b-f2cb-5866-b53c-2e2bdec1f1e8	15	12
Diteci perché.	Tell us why.	6aad639c-2634-5291-95a7-af7441225eec	14	12
Di' loro perché.	Tell them why.	ede5f8c0-a4ce-5608-8fbe-c9cd276ea506	16	14
Dica loro perché.	Tell them why.	7cce3ddc-6987-5412-93aa-7ea88b96f895	17	14
Dite loro perché.	Tell them why.	132b9870-09ef-5c7b-b91b-8a606b3f9f68	17	14
Digli perché.	Tell him why.	b12a7763-b0cb-5fca-8c4c-6d2b39fc2f43	13	13
Gli dica perché.	Tell him why.	fbd8c977-e0ac-5fbd-ba89-d389dbfbe171	16	13
Ditegli perché.	Tell him why.	c1bccd78-25e8-5634-b388-d6d45613a5f7	15	13
Dille perché.	Tell her why.	81d0dbdc-68ee-58b8-8fdf-69983197c5e1	13	13
Le dica perché.	Tell her why.	4e9dcbdc-8789-556e-882e-75162da3b2c1	15	13
Ditele perché.	Tell her why.	5a9516fb-46ce-5726-aa9a-db7bd306302d	14	13
Dillo a lui.	Tell him that.	58d2d2f3-e1cf-5481-9250-0f39fb1b72a4	12	14
Lo dica a lui.	Tell him that.	02b8c73b-c733-5887-859c-170b011d4ad3	14	14
Ditelo a lui.	Tell him that.	67ea246a-3ada-535d-8728-535cc43c9934	13	14
Ringraziali.	Tell them thanks.	12cf64cb-fefa-547d-a25b-481015acf06f	12	17
Ringraziale.	Tell them thanks.	6f29f0a0-39a1-5fe7-a4aa-de7f3f4c9c8d	12	17
Li ringrazi.	Tell them thanks.	d183288b-fce6-5d95-bb14-9aea590651b0	12	17
Le ringrazi.	Tell them thanks.	c47df70b-0800-5084-835d-79de92490000	12	17
Ringraziateli.	Tell them thanks.	b31f206d-1c39-5d8e-88b6-98cb44b7c35d	14	17
Ringraziatele.	Tell them thanks.	ab2f7af2-487f-5742-a45e-dfd4b5719b4c	14	17
Ringrazialo.	Tell him thanks.	707988ec-7b8d-5448-87c8-30d3d4ea7d0d	12	16
Lo ringrazi.	Tell him thanks.	1b891696-06c6-57db-a6c1-8d18d53f3eb1	12	16
Ringraziatelo.	Tell him thanks.	e8c01e00-9c25-5e7b-87fe-0f0fc5aef824	14	16
Ringraziala.	Tell her thanks.	b5d523b6-75be-55ec-88dd-fe0841aea23a	12	16
La ringrazi.	Tell her thanks.	ecf8d131-ef16-5f4c-92eb-e5ddb367a2ae	12	16
Ringraziatela.	Tell her thanks.	54d35d52-46c2-5599-9960-7a9d7ec53bbc	14	16
Di' loro di no.	Tell them no.	50305319-b687-5622-8882-083970767032	15	13
Dica loro di no.	Tell them no.	18914215-4dc1-5eed-b17a-ce44d8030d60	16	13
Dite loro di no.	Tell them no.	17280a10-806d-541c-aec8-19654571f8b7	16	13
Digli di no.	Tell him no.	400d1f6c-594e-588b-8b03-208ed13fe7ef	12	12
Ditegli di no.	Tell him no.	c96551cc-972e-5e83-b5c6-1542edad853e	14	12
Gli dica di no.	Tell him no.	39265f45-cb3e-54fd-bb65-0342121371f2	15	12
Dille di no.	Tell her no.	53a21e1b-dbdb-5683-8959-37ccd6f935d1	12	12
Le dica di no.	Tell her no.	808c6d0a-8f45-53d7-8c39-8c69c615c0aa	14	12
Ditele di no.	Tell her no.	544f7fbd-8925-53aa-97b4-3f07620bc2fb	13	12
Di' loro tutto.	Tell them everything.	fffbfd6c-fcfc-50b6-98ae-ede11c480d49	15	21
Dica loro tutto.	Tell them everything.	60fee198-5b02-5c7b-9128-d7c9068affa4	16	21
Dite loro tutto.	Tell them everything.	c7387249-e905-522f-9ceb-48303328b274	16	21
Per piacere, dillo a loro.	Please tell them.	9bedde26-4969-5037-bc7c-84ece26ee9c4	26	17
Per favore, dillo a loro.	Please tell them.	0e5f5e7c-1819-5939-a9d6-a3307d4ca96d	25	17
Per piacere, ditelo a loro.	Please tell them.	edcab89d-c24b-5113-bd2d-6a2eb7c460f9	27	17
Per favore, ditelo a loro.	Please tell them.	b75ec36c-352e-5294-a154-43752533560f	26	17
Per piacere, lo dica a loro.	Please tell them.	21035bf2-b9ed-5ab1-8b95-26601edaf7f0	28	17
Per favore, lo dica a loro.	Please tell them.	53315299-cd2e-5a42-a032-5cc4e5b96586	27	17
Lo hanno scoperto.	They spotted him.	4f9fb380-67da-5846-98e1-4d9d5ac26ff4	18	17
Lo scoprirono.	They spotted him.	65eea83c-c86d-5981-8e39-bb96c98b7b9b	14	17
L'hanno scoperta.	They spotted her.	36b759a0-1e0a-54a2-a762-c9ce6e08eacb	17	17
La scoprirono.	They spotted her.	4f8d1420-bf2a-5710-a318-d4349c3e0f5b	14	17
L'ho spintonato.	I shoved him.	3b60c87b-86f0-5c35-96e5-ce0dd5858a38	16	13
L'ho spintonata.	I shoved her.	46c3a3b6-797a-5558-9e58-96d6700383a8	16	13
Caccialo nella fessura.	Shove it in the slot.	365092c0-793c-5262-ac45-23b64edaf24e	23	21
Cacciala nella fessura.	Shove it in the slot.	e205721a-7b9f-52f8-884b-5972ece4e282	23	21
Lo cacci nella fessura.	Shove it in the slot.	8d814cac-3700-59f4-92cd-8f3d6ee17867	23	21
La cacci nella fessura.	Shove it in the slot.	2329e0c6-1683-594e-aded-882ab4e9084a	23	21
Cacciatelo nella fessura.	Shove it in the slot.	a5f75f0d-cba1-576a-9904-fd63733748c7	25	21
Cacciatela nella fessura.	Shove it in the slot.	9feea00f-0cc5-5eb4-9a80-c4e7b0a2efd7	25	21
Lo spintonai.	I shoved him.	fc616841-0c62-50d5-9135-f9e1178f1ef1	13	13
La spintonai.	I shoved her.	0ec5509c-16ec-5bba-8756-574c5cac1281	13	13
Ci hai sparato.	You shot us.	62a36535-e3f1-561c-9457-32d1b3daf8e0	15	12
Tu ci hai sparato.	You shot us.	77945c37-d302-5df8-90d4-b969c76c5ea8	18	12
Ci ha sparato.	You shot us.	10190fe6-464b-5439-952c-e61651a7e0a0	14	12
Lei ci ha sparato.	You shot us.	1f35a14b-bbfa-548e-b25a-36263ecacf38	18	12
Ci avete sparato.	You shot us.	553520df-f1b6-5c46-a9b1-8e835e76ba52	17	12
Voi ci avete sparato.	You shot us.	143bab50-7de7-5f5c-afc6-855cbbf67d7a	21	12
È l'unico problema.	That's the only problem.	20c93089-f8a4-5133-83bd-a69d512fcc0c	19	24
Sembra che non ci sia modo di uscire da qui.	There seems to be no way out of here.	f366741a-f5d2-510a-9746-60bbf500ba17	44	37
Parlano il francese in Canada?	Do they speak French in Canada?	a7fc1251-391b-5047-bc48-ca574876ef2e	30	31
Si parla il francese in Canada?	Do they speak French in Canada?	cfd23236-35f9-5137-8b41-ec2942dd1499	31	31
Abbiamo cinque ospiti stasera.	We're having five guests tonight.	53fb1aa8-ca62-5449-9b28-a8e3a9f6d77b	30	33
Noi abbiamo cinque ospiti stasera.	We're having five guests tonight.	fc901325-4d6f-5a25-b9c5-cfcce48fb556	34	33
Abbiamo cinque ospiti stanotte.	We're having five guests tonight.	15c41858-a701-5399-a29d-bf4808ccb6a5	31	33
Noi abbiamo cinque ospiti stanotte.	We're having five guests tonight.	5bd18a9e-d533-5e57-b58e-684a1e2cde18	35	33
Abbiamo cinque ospiti questa sera.	We're having five guests tonight.	c977e2e8-5cb7-5058-a7a4-6c2a1de80077	34	33
Noi abbiamo cinque ospiti questa sera.	We're having five guests tonight.	ddbdafb4-7813-5e9e-9a82-9d26447e9205	38	33
Abbiamo cinque ospiti questa notte.	We're having five guests tonight.	d081f801-536a-57db-b71b-464dfc600918	35	33
Noi abbiamo cinque ospiti questa notte.	We're having five guests tonight.	f0d7fc8d-b523-5cdf-b576-91a90b6a1014	39	33
Ieri ho camminato fino al parco.	Yesterday I walked to the park.	d4a2ac96-bbda-53be-8b9b-96b77504bb28	32	31
Ieri ho passeggiato fino al parco.	Yesterday I walked to the park.	fd6332f0-e3b1-588e-8de0-405b6e32a2c6	34	31
Hai sparato a loro.	You shot them.	b449c10c-47d1-5415-96bb-87319941986f	19	14
Tu hai sparato a loro.	You shot them.	b07f7f03-a90b-5404-8242-1f5b34faadc0	22	14
Ha sparato a loro.	You shot them.	e2ca5695-baba-5b30-b2cb-144f3c8a281d	18	14
Lei ha sparato a loro.	You shot them.	1bcd381a-7aa6-58cf-b3f4-7982e843e7bc	22	14
Avete sparato a loro.	You shot them.	f9b27080-b31e-5c8d-a8db-8afeaa9334ab	21	14
Voi avete sparato a loro.	You shot them.	439096d3-86b4-59b7-80eb-d323f467926f	25	14
Gli hai sparato.	You shot him.	5aac4032-7380-56cb-8076-4e2629e2dfc8	16	13
Tu gli hai sparato.	You shot him.	0fc2d48b-f6aa-568e-b3dd-54e751bb9059	19	13
Gli ha sparato.	You shot him.	bc647fe0-0776-5bc2-9d60-368bbabf470a	15	13
Lei gli ha sparato.	You shot him.	02b25f76-ba86-532c-9377-8acff2040db7	19	13
Gli avete sparato.	You shot him.	cd5ad4e3-5c4b-5337-a953-f86f19766678	18	13
Voi gli avete sparato.	You shot him.	051ffe3b-cc09-5ff0-8019-538cb8832e4b	22	13
Le hai sparato.	You shot her.	becd8b22-1b49-5d73-ab7e-b0217b125ce8	15	13
Tu le hai sparato.	You shot her.	1a247714-b4a3-59f7-aaa1-3db4289c9446	18	13
Le avete sparato.	You shot her.	4a1038b1-4bfc-594b-8362-248c8d858fbe	17	13
Voi le avete sparato.	You shot her.	5de2d547-4106-5acb-b450-e57afd6e93ad	21	13
Chi ha sparato a loro?	Who shot them?	bc609e2b-acf9-5035-88cc-70577616d94e	22	14
Chi gli ha sparato?	Who shot him?	dcdaf26b-8ef0-50d2-9b4d-b286f5eef1a4	19	13
Mandalo via.	Send him away.	4b60ea13-b52a-545d-aaba-05b2cc0c1c08	12	14
Lo mandi via.	Send him away.	b5eeb804-1468-51b4-9178-f5087d6a7473	13	14
Mandatelo via.	Send him away.	2d2dd580-ad81-5498-9ca1-f733b45eeeb9	14	14
Mandali via.	Send them away.	efbc7aef-6c41-5070-816b-d3bd572b9c26	12	15
Mandale via.	Send them away.	0fe89a08-756f-5dcb-98a8-da8a899d0792	12	15
Mandateli via.	Send them away.	c9ee6e06-a44f-5515-8c25-e2616eaaf724	14	15
Mandatele via.	Send them away.	7751c539-808d-5b62-9565-b3b3e745af26	14	15
Li mandi via.	Send them away.	632200fd-66cc-5d7d-8456-4ba6d0e51c3f	13	15
Le mandi via.	Send them away.	4f46b270-90ca-5602-8726-ced60b522dd2	13	15
Mandala via.	Send her away.	d66b175c-62d8-5b09-9d40-b69737ab2ea7	12	14
La mandi via.	Send her away.	ea28e08b-68a9-51fb-8ef0-160e5c83818d	13	14
Mandatela via.	Send her away.	0fa7b54d-f6cd-5f3e-91ba-faf7c4398380	14	14
Vai a vederli.	Go see them.	038ae981-4192-56a3-be97-1695248a5ed1	14	12
Vai a vederle.	Go see them.	76af3a6e-6e6a-5fa1-87fd-42aefff26078	14	12
Vada a vederli.	Go see them.	6ac00a2d-19d1-526f-b816-57e2e4898a05	15	12
Vada a vederle.	Go see them.	ac1f9e3e-7f90-5268-bdc0-8d923e99f59e	15	12
Li vada a vedere.	Go see them.	8f4af35b-0533-5391-bec9-1fde89bfc47e	17	12
Le vada a vedere.	Go see them.	3b442fa1-8db9-5d03-a84a-61e3fb68f487	17	12
Vai a vederlo.	Go see him.	265a8143-4518-5025-b8a1-34b1dde52b39	14	11
Vada a vederlo.	Go see him.	e37bf56a-8d66-5a91-9f91-1d7c25170cc8	15	11
Andate a vederlo.	Go see him.	9ec01652-0b56-582b-94d4-618fa658b107	17	11
Lo vada a vedere.	Go see him.	f9a1acb0-6a2a-5eee-bf7e-b1b458b405b8	17	11
Era solo un'infatuazione passeggera.	It was just a passing infatuation.	6484ecfe-1d47-5e35-94d7-00a450af99e4	36	34
Era soltanto un'infatuazione passeggera.	It was just a passing infatuation.	4d86bf91-e3b5-52a5-8afc-3c16b0788d3a	40	34
Era solamente un'infatuazione passeggera.	It was just a passing infatuation.	c6485d70-195a-52bb-a904-16350437d717	41	34
Era solo una cotta passeggera.	It was just a passing infatuation.	f46f0454-4ccf-5b28-b157-ef237b486c90	30	34
Era soltanto una cotta passeggera.	It was just a passing infatuation.	f09c2ffe-9a7d-5eb0-9868-41594f49a8bd	34	34
Era solamente una cotta passeggera.	It was just a passing infatuation.	538d941f-f8bc-5bcf-8a8d-b43084be1ffa	35	34
Voglio che indossi questo.	I want you to wear this.	ba9c7862-42a2-5110-beb2-056d269e514e	26	24
Voglio che indossiate questo.	I want you to wear this.	5203c743-43d2-5458-ab3c-af455ea2bd77	29	24
Voglio che tu indossi questo.	I want you to wear this.	73213cb7-79bf-5030-a13f-48be78bbc9a2	29	24
Voglio che lei indossi questo.	I want you to wear this.	0191a21d-8c40-51fb-9362-f47b62f63014	30	24
Voglio che voi indossiate questo.	I want you to wear this.	6f4e8284-a3e4-5f52-981f-c06b5d182104	33	24
Eravamo giovani all'epoca.	We were young then.	eb9ddd55-45ca-5563-82f1-c2cd73c2feb4	26	19
Noi eravamo giovani all'epoca.	We were young then.	3f3912cb-d8a8-598a-a103-6b869d892acb	30	19
Eravamo giovani allora.	We were young then.	74101545-836d-5105-8525-e9ade626f954	23	19
Noi eravamo giovani allora.	We were young then.	196235d3-5723-5425-83fd-4140805f3173	27	19
Allora eravamo giovani.	We were young then.	44a90f6d-0a9d-5fc2-95f7-ed0d9e97c456	23	19
Ho avuto successo per via del suo consiglio.	I succeeded because of his advice.	efd31177-f5f8-5b8f-ab21-a6e7e6ef0dc9	44	34
Ebbi successo per via del suo consiglio.	I succeeded because of his advice.	6cf50daf-89d1-5fac-886d-900324146889	40	34
So che ami Tom.	I know that you love Tom.	18f2e762-1eaf-51bc-8fce-59b9a41cceae	15	25
So che ama Tom.	I know that you love Tom.	e9c126e7-ad71-56be-8f93-7cdda6d4a785	15	25
So che amate Tom.	I know that you love Tom.	4f633eea-7862-54dd-a682-d927a620f197	17	25
Dove hai visto Tom?	Where did you see Tom?	16d5ac2b-6ef6-5c43-a742-98515c9c98d4	19	22
Dove ha visto Tom?	Where did you see Tom?	411af26f-9883-5648-96ab-2e363bccba97	18	22
Dove avete visto Tom?	Where did you see Tom?	b611304b-32a6-5ee1-bd7a-be3b8057b337	21	22
Tom era genuinamente confuso.	Tom was genuinely puzzled.	07c3c633-553f-568e-9784-1043c8ad72b4	29	26
Tom era genuinamente disorientato.	Tom was genuinely puzzled.	886fd92c-2578-599d-8c9b-2aa1a15cafe3	34	26
Tom era genuinamente perplesso.	Tom was genuinely puzzled.	4b4081b3-f2b5-5cf4-838c-aa4c8e353ea1	31	26
Tu dove hai visto Tom?	Where did you see Tom?	350df00a-f7b7-52d0-9149-09e36721af1f	22	22
Lei dove ha visto Tom?	Where did you see Tom?	bb54d68d-70a3-54b6-b6bc-63248bad3c69	22	22
Voi dove avete visto Tom?	Where did you see Tom?	f64da3b6-4a0b-59d6-bb25-fab02e3a68eb	25	22
Tom ha una bici.	Tom has a bike.	71f05419-03df-5b06-a7b4-12241628ee00	16	15
Tom ha una bicicletta.	Tom has a bicycle.	b5e4ef78-43b4-5260-9747-e6567c8b3379	22	18
Alcune persone non capiranno mai.	Some people will never understand.	7f666732-a690-5b99-8ea2-ad7d34f131fb	33	34
Non eravamo neanche a Boston all'epoca.	We weren't even in Boston at that time.	9c769f6d-bfdb-546a-909e-7eceab8e7efe	39	39
Non eravamo neppure a Boston all'epoca.	We weren't even in Boston at that time.	2ea742a0-9167-5493-8c09-e482b4c0d0f8	39	39
Non eravamo nemmeno a Boston all'epoca.	We weren't even in Boston at that time.	c562d356-68c0-5b98-882c-48a478811001	39	39
Tom dove ha conosciuto sua moglie?	Where did Tom meet his wife?	aaad62c2-07c0-5834-ab46-a15c86e9be1f	34	28
Tom dove ha incontrato sua moglie?	Where did Tom meet his wife?	c9620bc3-ee08-59ab-a4c0-6a132a39f6c4	34	28
Posso tornare un'altra volta.	I can come back another time.	51464f69-2185-5112-b02a-808a45047d9c	29	29
Io posso tornare un'altra volta.	I can come back another time.	e00a270c-1883-52fc-a409-e31be46e2bb2	32	29
Penso che capiranno.	I think they'll understand.	803ea0c1-b5f8-5801-b478-87addc618f39	20	27
Io penso che capiranno.	I think they'll understand.	79a88b98-eca9-5b49-8ab5-3463973e2a75	23	27
Tom sa dove sono.	Tom knows where I am.	e3fdf857-82dd-5df9-a2e8-055237dd79c8	17	21
Non era colpa tua.	That wasn't your fault.	c0a004a3-096b-5b6c-9574-fee1aa365e6c	18	23
Non era colpa sua.	That wasn't your fault.	17fe3ad5-97b9-5409-af63-59b72bc6d12f	18	23
Non era colpa vostra.	That wasn't your fault.	a9d38c87-0297-5f45-ac47-1c0e5375936e	21	23
Preparerò qualcosa.	I'll prepare something.	c74c0d09-68cc-5419-927c-2618e740dd15	19	23
Io preparerò qualcosa.	I'll prepare something.	1551e544-94a8-532e-b7f2-9597b7029bb2	22	23
Non stavo aspettando te.	I wasn't waiting for you.	c9221626-56e2-5ade-9966-101020dfaf1c	24	25
Non stavo aspettando voi.	I wasn't waiting for you.	83a633bd-ccee-548d-85bd-0b37c5122cdb	25	25
Non stavo aspettando lei.	I wasn't waiting for you.	7b35ee71-49ae-5ee6-9d8a-cebf5b2266d4	25	25
Non ti stavo aspettando.	I wasn't waiting for you.	1b7fc5ec-ccfc-5dde-9f48-338c12cf2288	24	25
Non vi stavo aspettando.	I wasn't waiting for you.	273e3466-7d4d-5e2e-9beb-86998f95ac17	24	25
Non la stavo aspettando.	I wasn't waiting for you.	f294ff60-1644-5796-ae3a-e5799e8c2b37	24	25
Tom ha sorriso, ma non ha risposto.	Tom smiled, but didn't respond.	dd3c11ee-38a2-57f1-948c-495957001619	35	31
Tom sorrise, ma non rispose.	Tom smiled, but didn't respond.	9938c3ab-3aeb-5f0b-81b4-17d5275f6593	28	31
A nessuno è permesso di andare lì.	No one is allowed to go there.	20ec7162-606d-5e7f-8b09-b4ba3cb893f2	34	30
I miei genitori non avevano molti soldi.	My parents didn't have much money.	99a368b9-b2c8-519a-8a35-2b04badb2e76	40	34
I miei genitori non avevano molto denaro.	My parents didn't have much money.	dbe68942-f805-5b53-8e53-8d9608c32443	41	34
Hai preso una buona decisione.	You made a good decision.	3fd5c0b4-4728-5b6d-b749-43860da5857d	30	25
Ha preso una buona decisione.	You made a good decision.	eb775890-65cd-5be8-84c5-064179147f95	29	25
Avete preso una buona decisione.	You made a good decision.	4790fe24-2062-5673-8acc-be2c011307e0	32	25
Qualcuno potrebbe provare a rubarlo.	Someone might try to steal it.	d9b7567a-2e8e-5a8c-906f-9a7acf80dd22	36	30
Qualcuno potrebbe provare a rubarla.	Someone might try to steal it.	809c03fc-d993-5593-837e-1cfd04e14f6b	36	30
Qualcuno potrebbe cercare di rubarlo.	Someone might try to steal it.	84dbda11-1b3b-502f-88ca-408236772fb0	37	30
Qualcuno potrebbe cercare di rubarla.	Someone might try to steal it.	f928c000-b040-597d-ae6c-a7a3ef923729	37	30
Tom non parla il francese fluentemente come te.	Tom doesn't speak French as fluently as you.	742b7ad3-90c3-5282-97ea-c3ec963e47cc	47	44
Tom non parla il francese fluentemente come voi.	Tom doesn't speak French as fluently as you.	4204f658-04de-5d8e-8cff-45fa89097ee5	48	44
Tom non parla il francese fluentemente come lei.	Tom doesn't speak French as fluently as you.	3213be8c-28cc-5d5a-a92c-f8610e8e9fb4	48	44
È difficile da spiegare.	It's difficult to explain.	297f2dd2-dc9a-5416-a0f8-277cba2ff29f	24	26
Perché Tom è stanco?	Why is Tom tired?	f7cdbc50-0dc5-526c-8b7b-bebf8582ab8f	20	17
Ne sarei a favore.	I'd be in favor of that.	1286d856-6f9e-5300-b6d4-65df82013762	18	24
Io ne sarei a favore.	I'd be in favor of that.	891607e6-fee6-5af2-b892-c9689365a390	21	24
Non avrei dovuto dubitare di te.	I shouldn't have doubted you.	fbcbb091-5c93-500e-a88b-c3f60e5c0358	32	29
Non avrei dovuto dubitare di voi.	I shouldn't have doubted you.	d7441da4-cfc5-5159-b703-1cbf2996f3c4	33	29
Non avrei dovuto dubitare di lei.	I shouldn't have doubted you.	011b763b-1a28-566e-85f0-6a6d4c2ff9d8	33	29
Qualcuno riesce ad aiutarmi?	Can somebody help me?	05953faf-c86d-5c45-95f2-945a2cc1e66c	28	21
Qualcuno mi riesce ad aiutare?	Can somebody help me?	5764fa0f-8ece-5212-979f-ab50c91a9ef7	30	21
Andiamo a dirlo a Tom.	Let's go tell Tom.	cc4b1b87-4bfb-5983-a52e-08f967a1eda5	22	18
Abbiamo fatto alcune cose molto buone.	We've done some very good things.	a34b6da1-d988-5c0f-ba17-35aa092b3b58	38	33
Noi abbiamo fatto alcune cose molto buone.	We've done some very good things.	b37f23d2-67d4-52ce-adf2-295d784cb120	42	33
Tom ha molte cose da dire a Mary.	Tom has lots of things to tell Mary.	c88e8225-e01f-5719-b22e-898d9c41f17b	33	36
Dammi un po' di birra.	Give me some beer.	c0d12817-ff98-57d7-b210-f0d522c61457	22	18
Mi dia un po' di birra.	Give me some beer.	343f44d4-3bdf-5694-9285-772832254eff	23	18
Datemi un po' di birra.	Give me some beer.	25dc7a1c-2baa-5d90-bcb9-efecb523938c	23	18
Perché hai fatto quella domanda a Tom?	Why did you ask Tom that question?	04beeefe-a357-5416-a7af-1ac9a4e97408	38	34
Perché ha fatto quella domanda a Tom?	Why did you ask Tom that question?	a7197174-3502-5a02-b0cb-653cc9995bbc	37	34
Perché avete fatto quella domanda a Tom?	Why did you ask Tom that question?	095d8fc0-094c-50e9-878a-dce0cf27fd72	40	34
Sono al telefono con Tom ora.	I'm on the phone with Tom now.	13985de6-e546-5522-b91c-d8ae54b2341a	29	30
Io sono al telefono con Tom ora.	I'm on the phone with Tom now.	b1eb45f3-175e-5075-9a48-2a4bf2225b65	32	30
Sono al telefono con Tom adesso.	I'm on the phone with Tom now.	32f1b29a-91f4-5821-92f7-743a1c767eb2	32	30
Io sono al telefono con Tom adesso.	I'm on the phone with Tom now.	75b65b2c-8e9f-5b01-9827-64169f6a70eb	35	30
Ho detto a Tom che non ero interessato.	I told Tom I wasn't interested.	d9fe518d-3e35-5785-b435-9ecb67ce7fdb	39	31
Ho detto a Tom che non ero interessata.	I told Tom I wasn't interested.	c34efc7b-d736-5258-9100-33079eafb8c1	39	31
Dissi a Tom che non ero interessato.	I told Tom I wasn't interested.	00c8aa19-7de9-5e21-b338-5ff7d19c7460	36	31
Dissi a Tom che non ero interessata.	I told Tom I wasn't interested.	38afddd8-1672-515b-bc54-c54ade0761b5	36	31
Tom ha dato molti soldi a Mary.	Tom gave a lot of money to Mary.	ea9d36f9-cac3-5cd3-92a7-c7ee77ba25a0	31	32
Tom ha dato molto denaro a Mary.	Tom gave a lot of money to Mary.	2f051a4a-d053-53c4-8d84-565b967a177e	32	32
Tom diede molti soldi a Mary.	Tom gave a lot of money to Mary.	122d46e4-20d9-5e3f-8c75-9fa6014aa5f3	29	32
Tom diede molto denaro a Mary.	Tom gave a lot of money to Mary.	2a141518-d6a8-5fd1-b98b-f470d371dc0d	30	32
Certo, perdo sempre.	Of course, I always lose.	4d089fd9-ff52-5d4d-b453-a3f2dafb1242	20	25
Certo, io perdo sempre.	Of course, I always lose.	f749932b-7379-5fd1-9da8-ea2eb772de2a	23	25
Tom non deve scusarsi con me.	Tom doesn't have to apologize to me.	c104edcb-99fc-5703-9056-0cc316a06e7a	29	36
Tom non si deve scusare con me.	Tom doesn't have to apologize to me.	a554dbfe-04b7-5146-8b9a-1039c25a8db7	31	36
Sei sicuro che questo vada bene?	Are you sure this is OK?	b0a80b7b-8d7b-5133-a8ae-680b6f90d20e	32	24
Sei sicura che questo vada bene?	Are you sure this is OK?	059e854b-7738-5f97-9ffc-23dbf32118dc	32	24
Siete sicuri che questo vada bene?	Are you sure this is OK?	92b67ce1-8365-52b5-8d78-32d0b981fb72	34	24
Siete sicure che questo vada bene?	Are you sure this is OK?	ce269062-57bc-55cf-adbf-8ff0285c92e6	34	24
È sicuro che questo vada bene?	Are you sure this is OK?	4437d014-2c38-5a54-ac60-884ca2279e74	30	24
È sicura che questo vada bene?	Are you sure this is OK?	e8398f76-d1e5-57ac-a57f-e2862712923b	30	24
La risposta di Tom era giusta.	Tom's answer was right.	ff28a292-8a49-5a9f-b6d3-2c9f1fa1ae74	30	23
La risposta di Tom era corretta.	Tom's answer was right.	8917598d-a4b5-5cef-ada5-e928fe0b4f69	32	23
Tom fa tutto.	Tom does everything.	9e328852-879e-5f72-bdc0-ce42fac28cf6	13	20
Tom sa che quello che ha fatto era sbagliato.	Tom knows that what he did was wrong.	fd5b756a-b33d-5371-8ec2-67a8f9a38c87	45	37
Tom mi ha preparato una tazza di cioccolata calda.	Tom made me a cup of hot chocolate.	5d9b64bd-d202-58c8-a58e-d4a809e533a1	50	35
Tom mi preparò una tazza di cioccolata calda.	Tom made me a cup of hot chocolate.	88edfb5b-b3be-5b57-8824-0a263653dcff	45	35
Non c'erano problemi da segnalare.	There were no problems to report.	de417150-a22b-516d-92ba-f44570329551	34	33
Tom era loquace.	Tom was talkative.	8433f5d3-090b-5466-8b69-5c9174b43a11	16	18
Dammi il file.	Give me the file.	434cf281-6405-5440-81e6-f24118753b27	14	17
Mi dia il file.	Give me the file.	b4adf0a5-c9d6-5ef6-b15b-7cee6555cef7	15	17
Datemi il file.	Give me the file.	26428cd4-27b4-573c-a7f9-e195d91e28ca	15	17
Vorrei stare qui con Tom.	I'd like to stay here with Tom.	267ef4cf-f39f-5665-8274-b03488ae89e7	25	31
Io vorrei stare qui con Tom.	I'd like to stay here with Tom.	df5ca5f4-5865-56a0-88b3-3040da3d6b1e	28	31
Vorrei restare qui con Tom.	I'd like to stay here with Tom.	cd1edf02-8dd4-59fb-b181-a0642f313108	27	31
Io vorrei restare qui con Tom.	I'd like to stay here with Tom.	f789f2f5-2e53-55be-b68e-d0312c8b5d61	30	31
Vorrei rimanere qui con Tom.	I'd like to stay here with Tom.	0c4b1e44-4aa0-5d83-9701-361f93b7c625	28	31
Io vorrei rimanere qui con Tom.	I'd like to stay here with Tom.	c8265bf6-6202-53b1-8733-6b4676420f54	31	31
Vogliono che lo facciamo.	They want us to do it.	648bc834-eb26-5770-b613-57233f091a06	25	22
Vogliono che la facciamo.	They want us to do it.	26efbe47-cc61-5821-9140-164da3a65b04	25	22
Mi serve qualcosa da mangiare.	I need something to eat.	cbc94edf-449e-5ff0-8333-9ea0ebe7a03d	30	24
Ho bisogno di qualcosa da mangiare.	I need something to eat.	efbb54d3-f4a6-5a04-ae5a-75151ef4fe65	35	24
Si sono divertiti tutti?	Did everyone have a good time?	a31c6c98-d9e4-5526-acc2-29a833772824	24	30
So che è contro la legge.	I know it's against the law.	097c86e5-eb42-52fa-b0cf-e51172224005	25	28
Lo so che è contro la legge.	I know it's against the law.	254cfa5f-c996-54b2-bd0d-5f72bae46822	28	28
Ha bisogno di essere lavato.	It needs washing.	5c7b03fe-f03b-502d-9082-500f132796b9	28	17
Ha bisogno di essere lavata.	It needs washing.	fc369fd2-700b-51d7-9d3c-c5480d3a5e69	28	17
Deve essere lavato.	It needs washing.	f63917b3-7442-5808-8ae2-f80abb415d8b	19	17
Deve essere lavata.	It needs washing.	74a527e3-83f7-5c82-bb37-4965588488ee	19	17
Abbiamo chiesto a Mary perché stava piangendo.	We asked Mary why she was crying.	f756116d-4e14-5650-a672-e7aa0e51573f	46	33
Ti serve un'ambulanza?	Do you need an ambulance?	d8ca73e7-079a-5839-96a8-4d737cca2dbd	22	25
Vi serve un'ambulanza?	Do you need an ambulance?	5c34aaa3-e4ea-5d62-be31-da466041c545	22	25
Le serve un'ambulanza?	Do you need an ambulance?	26ffbcb8-b89a-5e2b-84cb-665f4ad5e487	22	25
Hai bisogno di un'ambulanza?	Do you need an ambulance?	19cb9938-97a6-56d7-a122-d7ced41e8d66	28	25
Ha bisogno di un'ambulanza?	Do you need an ambulance?	ff162f0d-e56c-5da9-be9c-79b5009f1cf7	27	25
Avete bisogno di un'ambulanza?	Do you need an ambulance?	7ca0edee-ab84-5236-9d0a-528d3bf8affa	30	25
Perché non stai dormendo?	Why aren't you sleeping?	63acb454-d8d3-58fe-9844-abf788a02ccd	25	24
Perché non state dormendo?	Why aren't you sleeping?	19b171be-5a92-5a02-89c0-023e0399d966	26	24
Hai tempo per pranzare?	Do you have time for lunch?	04770f26-48ee-5716-b9c6-8740d2f357de	23	27
Ha tempo per pranzare?	Do you have time for lunch?	8ca97a0e-6596-58b3-8dd5-8427b14057c5	22	27
Avete tempo per pranzare?	Do you have time for lunch?	74c48f6f-9d8b-52d5-a3fc-57a2cc021aaf	25	27
Cosa dovrei comprare?	What should I buy?	1d75cfb8-42f5-5844-bd51-131c109cb040	21	18
Che cosa dovrei comprare?	What should I buy?	20e029a3-9bbb-5fd1-bbd2-2260127d3a17	25	18
La mia mano era bruciata.	My hand was burned.	189eed4f-ac08-5ea7-899f-c69ce4a1e235	25	19
Giochi bene a basket?	Do you play basketball well?	ed2247f6-3403-5568-9ebd-990797155ab8	21	28
Giochi bene a pallacanestro?	Do you play basketball well?	ea19ab3e-a2e4-5f79-9938-c72944c062c4	28	28
Tu giochi bene a basket?	Do you play basketball well?	4cb53a58-21e2-5767-87e7-520e6b5e2aa4	24	28
Gioca bene a basket?	Do you play basketball well?	f41f46fb-b663-556b-8b1b-696c1143680e	20	28
Lei gioca bene a basket?	Do you play basketball well?	0cdc2179-0504-5873-ad63-277e4872ba2c	24	28
Giocate bene a basket?	Do you play basketball well?	26b01480-bc87-5e65-8bdc-380bec34afcb	22	28
Voi giocate bene a basket?	Do you play basketball well?	1178e522-8377-54a1-80de-88f3dfd7a597	26	28
Tu giochi bene a pallacanestro?	Do you play basketball well?	910b7c0e-167d-5148-97ff-551d2c26611d	31	28
Gioca bene a pallacanestro?	Do you play basketball well?	21b25c4a-f328-5730-95bf-fa2eaadf1d51	27	28
Lei gioca bene a pallacanestro?	Do you play basketball well?	5321f93f-8142-55d7-9957-48fb85b4d835	31	28
Giocate bene a pallacanestro?	Do you play basketball well?	65040cd2-97a8-5beb-9734-571a645fad7e	29	28
Voi giocate bene a pallacanestro?	Do you play basketball well?	930ff3f6-7d64-554e-8163-ce7cca4b45ee	33	28
Non penso che Tom sappia dov'è l'ufficio postale.	I don't think Tom knows where the post office is.	f6a7c70c-a232-5022-a40c-f76464cf4d67	49	49
Tom è un membro?	Is Tom a member?	73a0b1ad-a928-535e-bab7-aeeaf899bc68	16	16
Quando è tornato Tom?	When did Tom return?	4b5b897e-e4d3-5809-98b3-7971e2f3eca8	21	20
Quando è ritornato Tom?	When did Tom return?	39c3bb39-4993-5f78-919d-e178ea86d85d	23	20
Volevo vedere se era vero.	I wanted to see if that was true.	c7c34258-d0a8-5b67-8a6e-361a7a4ea011	26	33
Io volevo vedere se era vero.	I wanted to see if that was true.	ba9cbd40-77f1-5e07-8176-92af08cd1eeb	29	33
Mary è una donna molto attraente.	Mary is a very attractive woman.	530c1405-ba57-5b92-ade3-3dea1b760692	33	32
Tom non sembra molto ottimista.	Tom doesn't sound very optimistic.	05b89398-3ec6-50c6-8298-769a738acb6b	31	34
Va bene andare?	Is it all right to go?	02ac3f98-a9e7-54e9-8757-65a7bb6ca2fd	15	22
Non so niente sul cricket.	I don't know anything about cricket.	29aec1f1-faae-5a70-b2af-d96b597e9637	26	36
Io non so niente sul cricket.	I don't know anything about cricket.	0ad958b9-9e70-555c-9ccb-a5cf1d487307	29	36
Non so nulla sul cricket.	I don't know anything about cricket.	a03efb02-9c84-58d9-b9e1-175cf0e1db9f	25	36
Io non so nulla sul cricket.	I don't know anything about cricket.	50f20203-ab33-5b75-9540-e9ae5d2b5046	28	36
C'è un odore strano qui.	It smells strange here.	5bb46e09-7c55-509f-a8a6-2bd1c893155b	24	23
C'è un odore strano qua.	It smells strange here.	b0a47b45-2b04-5136-9269-532b7944a248	24	23
Tom è un abile giocatore di cricket.	Tom is an able cricket player.	aafd7148-c9db-5fad-aca9-a0e3aaa7a7dc	36	30
Mio zio è un giocatore di cricket dilettante.	My uncle is an amateur cricket player.	abe88be6-b932-50a2-8909-74317c95e1a3	45	38
Il cricket è un gioco che richiede abilità.	Cricket is a game that takes skill.	8190ee60-b729-5959-bfd9-eb6b3e5554c5	43	35
Qualcuno ha lasciato questo per te.	Someone left this for you.	b9a1576d-e4be-5a75-a12d-293dbff0e3ee	35	26
Qualcuno ha lasciato questo per voi.	Someone left this for you.	cce2a0eb-e233-567a-94da-3544b1530c98	36	26
Qualcuno ha lasciato questo per lei.	Someone left this for you.	6fc6df29-ece0-5e2b-8747-06a0531c6fb2	36	26
Cosa vuole che faccia Tom?	What does Tom want me to do?	89ba6119-c2f1-50f6-b5ec-19ac593619c6	26	28
Che cosa vuole che faccia Tom?	What does Tom want me to do?	5903441a-13be-52f9-81b9-2f94517806b2	30	28
Che vuole che faccia Tom?	What does Tom want me to do?	db0e901a-653a-5084-968f-9a041686533a	25	28
Amo sedermi sulla spiaggia.	I love sitting on the beach.	9748aa41-5fc4-564f-95b7-feffa11e2cd1	27	28
Io amo sedermi sulla spiaggia.	I love sitting on the beach.	e7d7fba6-acf5-5ee3-8a65-81815563aa79	30	28
Perché pensi che sto mentendo?	Why do you think I'm lying?	345efad5-b654-5192-a00d-ce7b428ad970	30	27
Perché pensa che sto mentendo?	Why do you think I'm lying?	fafe5029-8ce2-5e1f-8537-af32e245697c	30	27
Perché pensate che sto mentendo?	Why do you think I'm lying?	cadc251a-2983-540b-b5fb-5a385cd24fef	32	27
Il tempo qui può cambiare rapidamente.	The weather here can change quickly.	8a9b13bc-0a10-562d-99b6-424a056fe787	38	36
Il tempo atmosferico qui può cambiare rapidamente.	The weather here can change quickly.	81ce2160-cc7d-5658-9f70-c72211050ef4	50	36
Il tempo qua può cambiare rapidamente.	The weather here can change quickly.	ed5d212a-1528-5ba1-b6d2-33293ccd9dca	38	36
Il tempo atmosferico qua può cambiare rapidamente.	The weather here can change quickly.	b8b1c62a-e655-5cb6-a16a-6cb5466d9111	50	36
Lui è onesto.	He is honest.	0ab6a91c-dbab-5088-98b7-cde0aac5e468	13	13
Tom ha dei problemi mentali?	Does Tom have mental problems?	2fb6682e-ca11-5a1c-89f2-dda08c116c13	28	30
Tom è il mio vecchio capo.	Tom is my old boss.	46a7581a-0db0-5fe7-a384-c8c4fb323f59	26	19
Devi riposarti un po'.	You have to get some rest.	1aa29c4d-dda8-5423-8d6d-189ed9fcc057	22	26
Deve riposarsi un po'.	You have to get some rest.	ff87895a-520c-56f1-9276-abdd9381305e	22	26
Dovete riposarvi un po'.	You have to get some rest.	9c585850-f3e6-544d-9ceb-b53209192659	24	26
Ti devi riposare un po'.	You have to get some rest.	82c32b66-1a40-5b85-b75c-e4de6b72ac65	24	26
Si deve riposare un po'.	You have to get some rest.	82bd983c-9f73-510b-a8f3-7207115cd93e	24	26
Vi dovete riposare un po'.	You have to get some rest.	1ad8cd54-1bab-57a9-b407-a7e2897a7f15	26	26
Esigo di parlare con il mio avvocato.	I demand to speak with my lawyer.	e9e03b6b-eb13-58e4-9970-a2e8d9ce5151	37	33
Tom è un buon amico di Mary.	Tom is a good friend of Mary's.	cf28828c-3d81-5134-b17d-cdb82acdff09	28	31
Avevo solo bisogno di dirlo a qualcuno.	I just needed to tell someone.	8ca92d94-04ef-53a4-80e1-dbb9c652edf6	39	30
Avevo soltanto bisogno di dirlo a qualcuno.	I just needed to tell someone.	4441a068-f135-57d8-98cf-38ade4e9e2e5	43	30
Avevo solamente bisogno di dirlo a qualcuno.	I just needed to tell someone.	8469ffc9-2086-5a78-8150-8678376d68ab	44	30
Io e Tom siamo andati alle superiori assieme.	Tom and I went to high school together.	65cc36e7-bbb7-5913-b359-90934b236fe6	45	39
Tom ed io siamo andati alle superiori assieme.	Tom and I went to high school together.	afe70516-e928-5f2f-a7c6-63b562784916	46	39
Tom sa chi ha rotto la finestra.	Tom knows who broke the window.	ff23cb07-4b6d-55d6-b2d9-e579c897f95f	32	31
Sia Tom che Mary lavorano.	Tom and Mary both work.	dee63ec3-7ad4-537c-b737-999d164b9245	26	23
Tom e Mary lavorano entrambi.	Tom and Mary both work.	16f269cb-b105-542c-827e-70910aae369e	29	23
Il contratto scade l'anno prossimo.	The contract expires next year.	d4ff1106-21c8-5b35-9f67-9def83611516	35	31
Sto pensando di scrivere un libro.	I'm thinking of writing a book.	fe52b524-d23d-500a-aef7-dcde3a174fe0	34	31
Io sto pensando di scrivere un libro.	I'm thinking of writing a book.	73c55dc8-7f70-54b0-8021-e127dbc4f262	37	31
Stai spendendo troppi soldi.	You're spending too much money.	6f736807-c987-5e17-82fa-3b597859b90b	28	31
Tu stai spendendo troppi soldi.	You're spending too much money.	84171fd0-4c10-512c-9a30-6cc6aea30519	31	31
Sta spendendo troppi soldi.	You're spending too much money.	112cc41c-e51d-5e9b-a9a3-82a7ae7b6a30	27	31
Lei sta spendendo troppi soldi.	You're spending too much money.	dc61850e-c24d-500a-96a7-cc3ce7c25f56	31	31
State spendendo troppi soldi.	You're spending too much money.	9101f78c-5520-5645-ab8c-5e087f9a22ff	29	31
Voi state spendendo troppi soldi.	You're spending too much money.	e7dd03cd-6f3c-518b-a61d-a04b127b3346	33	31
Stai spendendo troppo denaro.	You're spending too much money.	bc66fa34-614d-516a-809a-bd7919c03417	29	31
Tu stai spendendo troppo denaro.	You're spending too much money.	18721665-a309-59a8-934e-eabe2c76f049	32	31
Sta spendendo troppo denaro.	You're spending too much money.	4425c7a9-bb54-5adb-8367-67944ba0c904	28	31
Lei sta spendendo troppo denaro.	You're spending too much money.	4d320bdf-c6fd-5ea2-86df-9f2f7476a2ea	32	31
State spendendo troppo denaro.	You're spending too much money.	d17c1283-fb5c-5162-bc2a-23806ba6d65e	30	31
Voi state spendendo troppo denaro.	You're spending too much money.	17732e98-0a37-5463-bde2-78e4a7d678a1	34	31
Finalmente è successo.	It finally happened.	ee4495aa-2598-5bb5-9fd2-c7b93c12fd09	22	20
Finalmente è capitato.	It finally happened.	02057e28-c57d-5d14-b194-81c71aab029e	22	20
Torniamo al garage.	Let's go back to the garage.	b1315f30-6f06-5c20-b58a-c86491189e01	19	28
Torniamo all'autorimessa.	Let's go back to the garage.	614fc028-8aed-53a2-940e-8973d38bb925	25	28
Non puoi entrare qui.	You can't come in here.	ec3de2b8-6f41-5b91-9867-31941fd7fa25	21	23
Tu non puoi entrare qui.	You can't come in here.	22af6023-cc62-5b67-886d-5425c946d64a	24	23
Non può entrare qui.	You can't come in here.	c8281d23-1a60-5e37-9858-e477439b8671	20	23
Lei non può entrare qui.	You can't come in here.	f71a5a6f-b10a-5a04-b6d4-5fe59a9fedfb	24	23
Non potete entrare qui.	You can't come in here.	3c788a55-d328-5492-81d0-748194e72a78	23	23
Voi non potete entrare qui.	You can't come in here.	60cbc622-fc02-5ffc-b5cd-2f2012d31c03	27	23
Va bene se ti chiamo Tom?	Is it all right if I call you Tom?	66b4a8c0-5998-5cfa-92c1-6b8f0fccbfeb	25	34
Tom ha slacciato il fiocco.	Tom untied the ribbon.	a5789eac-b2b2-5cd0-9f52-e7c255da3a43	27	22
Tom slacciò il fiocco.	Tom untied the ribbon.	0bb9fc6a-c50c-50c2-8897-5a698750913f	22	22
Tom ha slacciato il nastro.	Tom untied the ribbon.	87c0dd99-c073-5151-8d8f-cc1cb19aa048	27	22
Tom slacciò il nastro.	Tom untied the ribbon.	eddb2e34-b535-5007-b8e9-a75ef3f3f6b1	22	22
Perché non lo dimentichi e basta?	Why don't you just forget it?	7731ac2c-a1dc-514d-a6a0-5b9a553d6479	33	29
Perché non la dimentichi e basta?	Why don't you just forget it?	c710b257-e0a4-59c0-bda6-0580f41996e2	33	29
Perché non lo dimentica e basta?	Why don't you just forget it?	f5b245b5-1daf-5d92-b030-494e206c8d45	32	29
Perché non la dimentica e basta?	Why don't you just forget it?	13d56537-8ba9-5f10-ad82-dd132ba5807c	32	29
Perché non lo dimenticate e basta?	Why don't you just forget it?	0146155c-99ee-5362-89e6-30d175fa0bcb	34	29
Perché non la dimenticate e basta?	Why don't you just forget it?	9bb3ab3c-ebd7-5047-83d2-1d2e8694082b	34	29
Perché non lo scordi e basta?	Why don't you just forget it?	a0a760fb-fad2-53f2-a351-301be5713d26	29	29
Perché non la scordi e basta?	Why don't you just forget it?	206ae963-67d0-5168-bbdb-03aabf050e4f	29	29
Perché non lo scorda e basta?	Why don't you just forget it?	61aa75ad-2f8f-5ba1-80c3-ae33885cbff2	29	29
Perché non la scorda e basta?	Why don't you just forget it?	f411855f-0086-5579-9f95-1eb1f9c69d8d	29	29
Perché non lo scordate e basta?	Why don't you just forget it?	c2847c39-7a6a-5bfd-adf8-97ab2a57fb94	31	29
Perché non la scordate e basta?	Why don't you just forget it?	eb30d12d-3121-523a-a00d-4d83c7876138	31	29
Non potevo lasciare morire Tom.	I couldn't let Tom die.	f1cab34a-3d8b-5faa-9c9b-6644d0e5aaf8	31	23
Io non potevo lasciare morire Tom.	I couldn't let Tom die.	c67e6d94-0ec1-5084-9b94-3f111cb1b1da	34	23
Voglio essere in questa squadra.	I want to be on this team.	ab6791db-108d-51df-9295-56ea0658d97c	32	26
Io voglio essere in questa squadra.	I want to be on this team.	504e2d47-7316-5b61-9d40-5029f8a5da1e	35	26
È insolito, vero?	That's unusual, isn't it?	2cbe5b0a-7831-5e01-af21-56f43b1411f6	17	25
Grazie per avermi accettato.	Thank you for accepting me.	6f874a36-21b7-507f-ae5a-326a15ed7336	28	27
Grazie per avermi accettata.	Thank you for accepting me.	7e1b5fb8-6ceb-5c21-9861-094efe43f718	28	27
Tom ha un problema.	Tom has one problem.	4fa31d0d-bcb4-53a6-a50a-4cbda4a9162d	19	20
Non ho trovato battute in questo libro.	I didn't find any jokes in this book.	291efbbb-9261-5c77-86c5-a52998f71271	39	37
Io non ho trovato battute in questo libro.	I didn't find any jokes in this book.	97b23e9e-4c0d-53a1-b581-d5b5f9bf9ff1	42	37
Non ho trovato barzellette in questo libro.	I didn't find any jokes in this book.	56507bcb-8125-5322-b614-319bfd744b9d	43	37
Io non ho trovato barzellette in questo libro.	I didn't find any jokes in this book.	635522a1-3abd-59d2-b37e-321464a9b698	46	37
Perché Tom è vestito così?	Why is Tom dressed like that?	9ce2fe2e-b8aa-5909-a885-4bf86483bb6b	26	29
Cosa abbiamo qui?	What have we here?	d75e8687-06cc-56a8-9cb1-cba14810c1bc	17	18
Che cosa abbiamo qui?	What have we here?	63d9c3e4-7922-5ca6-8160-5f1693c34934	21	18
Non gioco.	I don't play games.	67c8ac11-5cad-55a4-91e2-787937db33c7	10	19
Io non gioco.	I don't play games.	890f3f23-a302-5d42-8e89-d5eb1cbfeedc	13	19
Non faccio giochi.	I don't play games.	00336094-dd0b-5d7e-9941-22c2ec6f0cd6	18	19
Io non faccio giochi.	I don't play games.	ca38868b-7ad2-53ba-87ad-89a6e215e391	21	19
Tom vuole essere un designer.	Tom wants to be a designer.	4ca4ee8b-52dc-52ad-be1c-24672b537785	29	27
Tom vuole essere un progettista.	Tom wants to be a designer.	cdc1b4e9-f53b-5e8c-874f-2b01e28b85da	32	27
Tom è un designer.	Tom is a designer.	159c99bb-e692-5ae4-9fee-133e10f00dcd	18	18
Tom è un progettista.	Tom is a designer.	af76b519-7eff-5d74-922c-9f453a95c3e8	21	18
Chi possiede questa proprietà?	Who owns this property?	7fb3a412-dbde-57f0-b159-80f5c2525e04	30	23
La polizia ha arrestato davvero qualcuno.	The police did arrest someone.	b4531b0e-f1a1-5fe4-928a-50358a556a99	41	30
La polizia ha arrestato sul serio qualcuno.	The police did arrest someone.	ecefa538-e171-5a9c-ad28-038633242b55	43	30
La polizia ha arrestato veramente qualcuno.	The police did arrest someone.	d78ff469-f585-53e7-82c7-5ff422257935	43	30
È una stilista di moda.	She's a fashion designer.	12fe886c-2c0e-5ba6-8641-c18e9745e04a	23	25
Lei è una stilista di moda.	She's a fashion designer.	0d77e464-4c43-5697-b62a-249cd9424d1b	27	25
Mary è una stilista di moda.	Mary is a fashion designer.	6fb075f3-7f80-5a5c-ba3f-a2aa3fec877d	28	27
Tom è un progettista di interni.	Tom is an interior designer.	c9fda7ff-828d-571f-b118-a253d85a7121	32	28
Mary è una progettista di interni.	Mary is an interior designer.	0d34fbc8-9b60-5bbf-a061-a3f1a6ebc7b9	34	29
Tom è un designer del paesaggio.	Tom is a landscape designer.	e3512f0d-f223-56e0-a9c1-0b9ee478854d	32	28
Tom è uno stilista di moda.	Tom is a fashion designer.	60b3e90f-c125-5737-8208-eccf2b781039	27	26
Tom è uno stilista.	Tom is a fashion designer.	19196d0e-874e-562e-8466-8ce30ab96054	19	26
Tom è un grafico.	Tom is a graphic designer.	93229475-af49-51ea-b875-ede43b814904	17	26
Vuole essere una designer.	She wants to be a designer.	0caea6ce-fb64-56f8-a61a-85d1d149b0b0	26	27
Lei vuole essere una designer.	She wants to be a designer.	5258797c-8f1e-5245-9423-87f035fb945a	30	27
Vuole essere una progettista.	She wants to be a designer.	14662895-3e90-51fe-91c3-8b24317249f8	29	27
Lei vuole essere una progettista.	She wants to be a designer.	33a2d84d-30bd-54c4-b6b8-d4f96966e0fd	33	27
Tom spera di diventare uno stilista.	Tom hopes to become a fashion designer.	f174e9b2-6b67-54d0-9321-74807ea80f2e	36	39
Tom spera di diventare uno stilista di moda.	Tom hopes to become a fashion designer.	f69adf0d-a5ee-5f2d-b83e-870db1457ba9	44	39
Tom lavorava come stilista.	Tom used to work as a fashion designer.	94366cb6-1fe3-5458-93e3-71a998c5368c	27	39
Tom lavorava come stilista di moda.	Tom used to work as a fashion designer.	ad94f3da-04c8-576c-b089-b1c6010e674a	35	39
Tom voleva diventare un grafico.	Tom wanted to become a graphic designer.	e3c11a71-0ec8-512e-9bae-12755662231e	32	40
È una disegnatrice di gioielli.	She's a jewelry designer.	db1b785b-c156-5aeb-8b2a-c46d8115f3b4	31	25
Lei è una disegnatrice di gioielli.	She's a jewelry designer.	34e96280-e508-5aae-811b-66edd99821aa	35	25
È una grafica.	She's a graphic designer.	13d0aa05-7815-5af2-b442-9c7603633c34	14	25
Lei è una grafica.	She's a graphic designer.	63d0b61a-1eba-57df-8c65-18248fa2ae75	18	25
Le macchine stanno diventando costose.	Cars are getting expensive.	d599e857-8bc1-55db-9acc-714e367e725d	38	27
Le auto stanno diventando costose.	Cars are getting expensive.	14e51996-cf67-5a91-9231-ae212276dbb9	34	27
Le automobili stanno diventando costose.	Cars are getting expensive.	cf7cdd0e-8849-5b5b-9d09-995e504e9111	40	27
Il fantasma ha attraversato la parete.	The ghost went through the wall.	29414c50-ba3a-5fdf-b4bb-e98db079c830	38	32
Il fantasma attraversò la parete.	The ghost went through the wall.	96ed84b1-2da2-5459-aa71-5d8a9dc20de0	33	32
Mai guardarsi indietro.	Never look back.	eaf2d852-db9b-5b7e-b08a-a9f846222782	23	16
Non guardarti mai indietro.	Never look back.	e45666d5-8065-56cf-acae-4670e143469b	27	16
Non ti guardare mai indietro.	Never look back.	3fcb662a-5aac-52b5-ba83-823471e33e4e	29	16
Non si guardi mai indietro.	Never look back.	98ad64c3-9d29-5075-a789-1b6b6ad28527	27	16
Non guardatevi mai indietro.	Never look back.	a2ccdb42-7aa2-5fcc-ae2e-8bdf39272ea7	28	16
Mi piace il cibo russo.	I like Russian food.	9507c79d-9cb4-57fe-b2d7-b184145e971d	23	20
A me piace il cibo russo.	I like Russian food.	fa65afc2-84f2-5f21-ac5c-aa30063987b0	25	20
Tom è sempre stato timido.	Tom has always been shy.	a07ad693-e60d-56a3-8297-9413c85c971e	26	24
Beh, cosa avrei dovuto fare?	Well, what was I supposed to do?	9d780416-2549-5929-ab4d-a1815695d7b7	28	32
Beh, che cosa avrei dovuto fare?	Well, what was I supposed to do?	9c2d3610-efe9-514a-84ef-091bf2d87c6e	32	32
Beh, che avrei dovuto fare?	Well, what was I supposed to do?	5cc047cf-1937-5439-8ade-113935ef92e7	27	32
Sono sorelle.	They're sisters.	cf42ab22-ad13-5245-8ae1-f9b97ef82b03	13	16
Loro sono sorelle.	They're sisters.	f5401330-41d8-52cb-9b18-9e0f0590f402	18	16
So che è difficile da credere.	I know it's difficult to believe.	8c5ad08f-5f0b-5671-b8b2-53561cdb1c4d	30	33
Lo so che è difficile da credere.	I know it's difficult to believe.	5452b5db-d38d-53b8-b2bf-67c1940dad39	33	33
Tom ha costruito questo con il suo papà.	Tom built this with his dad.	d6ce91dd-bb01-51de-a67d-78456aba6ff6	40	28
Tom era spaventoso.	Tom was scary.	aa8f2bd4-f20a-587e-9a1c-aa36150f57a4	19	14
Hai una famiglia numerosa, giusto?	You have a big family, right?	3963984f-02c8-5e7e-9a1c-2d7dde34a8f8	34	29
Tu hai una famiglia numerosa, giusto?	You have a big family, right?	c3ff7256-5374-5efb-8b53-4efd749023f8	37	29
Ha una famiglia numerosa, giusto?	You have a big family, right?	647f146a-28b2-5422-9d4c-c765add7d0de	33	29
Lei ha una famiglia numerosa, giusto?	You have a big family, right?	f0ca703c-0eb2-5c52-a7d8-71f12675e09c	37	29
Avete una famiglia numerosa, giusto?	You have a big family, right?	86cae86a-50e5-57b3-8c24-7348573940e3	36	29
Voi avete una famiglia numerosa, giusto?	You have a big family, right?	c0a3be09-83ba-57dc-ba93-b85121607cfe	40	29
Ho visto Tom in corridoio.	I saw Tom in the hallway.	8bc15485-0e1a-5753-a7c3-ba295fa22a31	26	25
Io ho visto Tom in corridoio.	I saw Tom in the hallway.	069af981-8ff3-53e2-9291-58896144c5e1	29	25
Ti dispiacerebbe spiegare questo?	Would you mind explaining this?	7943b15e-9ff0-5a0b-8bff-ecb908d198ec	33	31
Vi dispiacerebbe spiegare questo?	Would you mind explaining this?	62e92007-9b77-500e-82ab-4f2bf2600437	33	31
Le dispiacerebbe spiegare questo?	Would you mind explaining this?	2d96c6e8-7c36-57f4-9a60-d802f079802f	33	31
Non indosso occhiali da lettura.	I don't wear reading glasses.	c43ce4c1-c9dd-584b-a628-8f34ea8342c7	32	29
Io non indosso occhiali da lettura.	I don't wear reading glasses.	ce9794e0-9243-5c13-9fdb-06961979a256	35	29
Temo che stai sprecando il tuo tempo.	I'm afraid you're wasting your time.	a939da98-350d-57d0-8cd7-24f1d53d0536	37	36
Che altro potrebbe esserci?	What else could there be?	aac4026a-fd82-5010-be48-ee2150cdcc9b	27	25
Che altro ci potrebbe essere?	What else could there be?	90ec7553-3f19-5aa9-89f0-6d425a1eb24c	29	25
Tom pensa che sia un'idea ridicola.	Tom thinks it's a ridiculous idea.	8cff30bf-a34f-587f-a2ec-e188062297e6	35	34
Ci serve qualche minuto.	We need a few minutes.	dce5ff59-a1b4-567b-80d7-a762acfc46c7	24	22
Abbiamo bisogno di qualche minuto.	We need a few minutes.	82ee5938-87d1-5595-8a2d-0c610fcfe1be	34	22
Pensavo che lo sapessero tutti.	I thought everyone knew.	0c56b90f-5b86-5d12-a7f8-74c3f013a3d0	31	24
Io pensavo che lo sapessero tutti.	I thought everyone knew.	1b05cccc-8159-57de-871d-b7ec9b0a7438	34	24
Tom è andato direttamente a dormire.	Tom went right to sleep.	c655ce4b-c12c-59e5-aed0-a9cd98a645b8	36	24
Tom andò direttamente a dormire.	Tom went right to sleep.	4d1f9ff9-999a-55d0-89d6-555de7285ce1	32	24
Non lo sapevo prima.	I didn't know it before.	e6002401-3ac1-5ab1-80e8-78d70f9efc78	20	24
Io non lo sapevo prima.	I didn't know it before.	a186e333-ceac-54af-9523-9d746e6b850f	23	24
Non la sapevo prima.	I didn't know it before.	171a4afe-564b-5234-884c-4ad8a8d47ddd	20	24
Io non la sapevo prima.	I didn't know it before.	84941092-e150-5861-b2f5-008579a4b893	23	24
Non sono magnifici?	Aren't they wonderful?	0c2277da-1865-5605-b470-e848b1d58acc	19	22
Non sono magnifiche?	Aren't they wonderful?	9c94452d-172e-59fa-9f47-43577d148324	20	22
Non lo avrei detto così.	I wouldn't have said it like that.	7c824f66-854a-5ef5-88b7-2066c41bee68	24	34
Io non lo avrei detto così.	I wouldn't have said it like that.	74b6a61f-3ed1-53eb-b876-a50f4435b179	27	34
Non la avrei detta così.	I wouldn't have said it like that.	4c5ddac3-0af9-5432-8aa4-327a7abb73a4	24	34
Io non la avrei detta così.	I wouldn't have said it like that.	ad95b36f-f207-51e1-8654-a7fd95cb6d6b	27	34
Hai un voucher?	Do you have a voucher?	21642fba-45ba-549a-9238-8564ce4b5c89	15	22
Tu hai un voucher?	Do you have a voucher?	bcceafcd-4cc8-56e7-b720-bdd0397ab888	18	22
Ha un voucher?	Do you have a voucher?	7e37a8b9-56dc-5c17-bf6e-6bf1cdff2962	14	22
Lei ha un voucher?	Do you have a voucher?	5d30aa2c-b683-5489-89f6-23f2db79a096	18	22
Avete un voucher?	Do you have a voucher?	cd4163d0-e716-5e4b-ad5c-204f68d1b59d	17	22
Voi avete un voucher?	Do you have a voucher?	10a93e22-fc20-553c-a875-e93a708c1fee	21	22
Hai un coupon?	Do you have a voucher?	480c5bd7-0739-56c8-8ea8-63b48e3073f4	14	22
Tu hai un coupon?	Do you have a voucher?	79ca4ac8-e8c0-5c42-8d55-7eb77973a034	17	22
Ha un coupon?	Do you have a voucher?	cc14c170-9bcd-5114-87c5-6cfca072c905	13	22
Lei ha un coupon?	Do you have a voucher?	7287ba34-140b-55d6-9910-7900b8828958	17	22
Avete un coupon?	Do you have a voucher?	65dc49b7-314c-51e4-8ee7-231c31effbbd	16	22
Voi avete un coupon?	Do you have a voucher?	428aadc8-19e6-5269-94f5-0217ad936eac	20	22
Ho un coupon.	I've got a coupon.	64d7b93d-8f23-5d32-83f2-cd4b7b868f6f	13	18
Io ho un coupon.	I've got a coupon.	12cfb7cb-229f-55a0-9b40-896be70b2e4e	16	18
Abbiamo giocato a basket ieri.	We played basketball yesterday.	5d18d9f3-62fe-5237-92d9-41d4661675d4	30	31
Noi abbiamo giocato a basket ieri.	We played basketball yesterday.	0c4239a9-02b2-588d-8812-8bd04d113468	34	31
Abbiamo giocato a pallacanestro ieri.	We played basketball yesterday.	498d9756-35f4-5eee-9945-4f418ee70b92	37	31
Noi abbiamo giocato a pallacanestro ieri.	We played basketball yesterday.	7939364e-3b89-5b1a-a712-27d92deeac99	41	31
Assemblano aeroplani.	They assemble planes.	6882f9e3-a0d0-5e4a-b39a-4a525088741c	21	21
Loro assemblano aeroplani.	They assemble planes.	e6ec8b69-f8e5-59af-a8c8-42dec5348293	26	21
Perché sei spaventato?	Why are you scared?	66fc5776-4708-5daa-bc76-6b6e5937d6b0	22	19
Perché sei spaventata?	Why are you scared?	cf921cd2-1c0b-5507-a4bb-dc49084f796c	22	19
Perché è spaventato?	Why are you scared?	592502e0-8a9a-53cb-8b83-7073bb720380	20	19
Perché è spaventata?	Why are you scared?	8d7c7354-1686-595b-b111-f09116825533	20	19
Perché siete spaventati?	Why are you scared?	ba091e93-e2e8-5b36-9ac7-074234e86ed1	24	19
Perché siete spaventate?	Why are you scared?	36171a59-2dd1-5f23-a2e1-94c6706346b2	24	19
Tutti li vogliono.	Everybody wants them.	4e94c360-d143-56d2-a46d-929a9465277b	18	21
Tutti le vogliono.	Everybody wants them.	3b49c331-0800-5212-82f9-a742346cbc7d	18	21
Li vogliono tutti.	Everybody wants them.	e5eba482-4216-51ec-87de-0c33376f16af	18	21
Le vogliono tutti.	Everybody wants them.	c01669a2-fe31-5596-ba89-2eecb9fe4e9a	18	21
La vogliono tutti.	Everybody wants her.	5b4a7daf-6374-51b9-92ee-f03dee5fba1e	18	20
Tutti la vogliono.	Everybody wants her.	6b045464-f38e-5ae8-ba03-9df5ac58a8e6	18	20
Li capisco.	I understand them.	f592cb1b-21d0-5319-bdc0-5fee0cd47791	11	18
Io li capisco.	I understand them.	76168e00-7c99-5769-bcbc-abcd69f5fecc	14	18
Le capisco.	I understand them.	2f4df399-5a76-53d4-9e2d-ca2f696fbeac	11	18
Io le capisco.	I understand them.	197fc2a3-5b32-5072-8b6c-84292de1b6ac	14	18
Lo capisco.	I understand him.	a3bd8ef7-99a6-55ce-bb89-b54563294802	11	17
Io lo capisco.	I understand him.	4e2f1dad-2062-5c80-83d1-216114e40b4f	14	17
Ci hai sottovalutati.	You underestimated us.	d0555849-b4fd-5b15-b476-dadd00b15b09	21	22
Tu ci hai sottovalutati.	You underestimated us.	4b0d0a49-1a44-5863-a183-3f82d651c8a7	24	22
Ci ha sottovalutati.	You underestimated us.	de6f61bb-2174-5e4a-8e1e-7cdc38a2bb31	20	22
Lei ci ha sottovalutati.	You underestimated us.	551a167b-dc89-5926-9eb5-dc4824b1a068	24	22
Ci avete sottovalutati.	You underestimated us.	5a8035ad-5a3f-5e75-adb0-c4f2fe4667df	23	22
Voi ci avete sottovalutati.	You underestimated us.	3d1a3b20-1c55-5390-b871-01497378d723	27	22
Ci hai sottovalutate.	You underestimated us.	2dbe6ce9-5369-5484-a483-05d74314ad37	21	22
Tu ci hai sottovalutate.	You underestimated us.	19b1cb89-9940-5a89-b447-a379819191e0	24	22
Ci ha sottovalutate.	You underestimated us.	19cb05fe-7d1b-584a-9eaf-d9ac17df2fa2	20	22
Lei ci ha sottovalutate.	You underestimated us.	235ef54f-7cc1-50f6-bacc-28964e003cb6	24	22
Ci avete sottovalutate.	You underestimated us.	aa1c9d77-d317-5616-a0dc-0d4882cc56e8	23	22
Voi ci avete sottovalutate.	You underestimated us.	ffa13dda-ab34-5bf9-8a37-26b77f86a7c8	27	22
Li hai sottovalutati.	You underestimated them.	e02f643c-3540-5ec0-8d53-1ea044566d77	21	24
Tu li hai sottovalutati.	You underestimated them.	6b8d866d-c728-5dea-9546-c0c5db714790	24	24
Li ha sottovalutati.	You underestimated them.	06103d69-1a0a-553b-a643-b9b19ca8bb0c	20	24
Lei li ha sottovalutati.	You underestimated them.	797ef0b4-b94d-5450-930c-4d4f6e28906c	24	24
Li avete sottovalutati.	You underestimated them.	d731ced6-c85a-5e3f-bcd2-9d0f3751ff95	23	24
Voi li avete sottovalutati.	You underestimated them.	c963d78a-ea1c-5689-a203-0acbab92d23d	27	24
Le hai sottovalutate.	You underestimated them.	d5952880-2f70-5c9e-bc87-fa2f85d01802	21	24
Tu le hai sottovalutate.	You underestimated them.	be34dfee-a8ea-5d67-b183-8f723a3a2250	24	24
Le ha sottovalutate.	You underestimated them.	fd27129b-3101-51ce-ace4-f037c5b80f95	20	24
Lei le ha sottovalutate.	You underestimated them.	0d3890ee-b972-5663-a0f4-8eb2fe8fa20a	24	24
Le avete sottovalutate.	You underestimated them.	d2549309-ffc4-50be-9238-ccd2d5b92186	23	24
Voi le avete sottovalutate.	You underestimated them.	2097eba3-e71f-5038-89c7-258a86d55d59	27	24
Mi hai sottovalutato.	You underestimated me.	29f26fbe-a32e-59c5-9b17-da49d0728bd0	21	22
Tu mi hai sottovalutato.	You underestimated me.	d3347d4a-f33f-542b-b4a5-55df936bc446	24	22
Mi hai sottovalutata.	You underestimated me.	bd9849e1-0dc1-536b-97f0-8b5ac6c4d826	21	22
Tu mi hai sottovalutata.	You underestimated me.	ccbf0e8f-e7d6-5c4c-976c-fcd611c34f60	24	22
Mi ha sottovalutata.	You underestimated me.	f99dfab3-a352-510d-86ec-718285715205	20	22
Lei mi ha sottovalutata.	You underestimated me.	b62aa95e-9548-5f69-aea2-849107ab5d1b	24	22
Mi ha sottovalutato.	You underestimated me.	9b0536a6-c032-5973-a2b3-ba085fb52679	20	22
Lei mi ha sottovalutato.	You underestimated me.	58004cdc-b403-5576-95bc-241f26b489ce	24	22
Mi avete sottovalutato.	You underestimated me.	3d0f8d0e-6c80-5c76-ac34-5992449c8f76	23	22
Voi mi avete sottovalutato.	You underestimated me.	7a1ddc4b-3440-5b4e-86e9-2cdbede9fa7c	27	22
Mi avete sottovalutata.	You underestimated me.	cc62da8b-1932-5ec8-9710-6b915e4a3923	23	22
Voi mi avete sottovalutata.	You underestimated me.	1f8e0e2a-d2f2-5690-aa46-fdff0fc854a5	27	22
L'hai sottovalutata.	You underestimated her.	5b0c61de-8393-5c36-9e4c-8c5767754939	20	23
Tu l'hai sottovalutata.	You underestimated her.	21e95c32-6811-51f6-865a-bc61f52da2ad	23	23
L'ha sottovalutata.	You underestimated her.	6652f321-43f5-53ac-b521-28ec867cc1aa	19	23
Lei l'ha sottovalutata.	You underestimated her.	d991b119-aa5f-5773-928c-5a7968bd70cc	23	23
La avete sottovalutata.	You underestimated her.	5c4c0cce-f33d-5ae0-b204-86495a4868a1	23	23
Voi la avete sottovalutata.	You underestimated her.	23f0c90b-c993-5d21-ae57-ef4cf4582fdf	27	23
Scrivi a loro.	Write to them.	d7ee2887-783f-5b99-aedc-378a0f2aeecb	14	14
Scriva a loro.	Write to them.	bbbf604b-dfc8-5d25-9dc4-167e3f511ef3	14	14
Scrivete a loro.	Write to them.	3aec43b5-f71e-5b3c-a0f2-96aba629066f	16	14
Vai a dirlo a loro.	Go tell them.	6aebcdc8-0305-5e75-8447-82732f52b017	19	13
Vada a dirlo a loro.	Go tell them.	7c4fcc59-1c76-5604-9730-10b97ffd3c44	20	13
Andate a dirlo a loro.	Go tell them.	c7ccbea8-bf15-5df2-9ec8-aaae181f65f6	22	13
Vai a dirlo a lei.	Go tell her.	c2d0ef67-98ae-53d1-97d2-6776cb0dc5e4	18	12
Vada a dirlo a lei.	Go tell her.	88f354a7-2eec-557d-9e28-4476cc6c99ba	19	12
Andate a dirlo a lei.	Go tell her.	87158c64-032d-540b-9bbf-aadd33a96e54	21	12
Portali di sopra.	Take them upstairs.	f67958c9-d31d-5222-a613-999273466cad	17	19
Portale di sopra.	Take them upstairs.	8c639673-efb1-529f-943c-10767aa03d1b	17	19
Li porti di sopra.	Take them upstairs.	d4a93c02-8752-5291-a1b6-c44ce54b992b	18	19
Le porti di sopra.	Take them upstairs.	e3b48d84-8450-559e-8b50-5972eed50fe2	18	19
Portateli di sopra.	Take them upstairs.	1e659f0c-dd57-552f-b839-19e43667c9f4	19	19
Portatele di sopra.	Take them upstairs.	279cde21-d52d-502a-9a06-28c4f6bcd4f6	19	19
Portalo di sopra.	Take him upstairs.	f778f6c4-3a49-56a4-84fc-910bea9a4f89	17	18
Portatelo di sopra.	Take him upstairs.	72c479f6-bde8-5490-96af-5aa457224b67	19	18
Lo porti di sopra.	Take him upstairs.	3486a37c-507c-59b8-98d0-00db89232ef9	18	18
Portaci da qualche parte.	Take us somewhere.	6d7d010a-326b-5429-a2de-edb575ccc817	25	18
Ci porti da qualche parte.	Take us somewhere.	e7da8f31-6b89-5e9c-9e52-7a781b589735	26	18
Portateci da qualche parte.	Take us somewhere.	7d942028-f988-5921-864c-f4b40a8848e8	27	18
Portali da qualche parte.	Take them somewhere.	9995d4d8-9d90-5002-b497-8436d9e12e17	25	20
Portale da qualche parte.	Take them somewhere.	d9a17d10-a41f-5db8-915a-75d3ba7b156e	25	20
Portateli da qualche parte.	Take them somewhere.	f6aa0bbd-abca-5b93-a4f4-78d9e658615e	27	20
Portatele da qualche parte.	Take them somewhere.	18a2bce2-a6a5-5757-b03c-4f15e74f2d31	27	20
Li porti da qualche parte.	Take them somewhere.	58336e55-f6e0-5c4e-9d90-8a9a1b0187f3	26	20
Le porti da qualche parte.	Take them somewhere.	7b0a0006-3f19-503c-aaf3-66dc9aa9c687	26	20
Portami da qualche parte.	Take me somewhere.	ac8f2bfe-f1f7-5168-8e04-c0a383873893	25	18
Portatemi da qualche parte.	Take me somewhere.	d5112670-d586-5b87-a466-93fe6bdba37f	27	18
Mi porti da qualche parte.	Take me somewhere.	4799a303-47b1-58f0-b440-6d0eba2547a6	26	18
Portalo da qualche parte.	Take him somewhere.	02466013-5a03-59dc-a769-af7ef6a77f35	25	19
Portatelo da qualche parte.	Take him somewhere.	55136f6b-3ed5-500d-8693-b8bb9eec6136	27	19
Lo porti da qualche parte.	Take him somewhere.	d8794a39-595f-5b44-b356-0e946463dc4b	26	19
Portala da qualche parte.	Take her somewhere.	026152fe-7d7d-5432-9ee6-7ee718f32825	25	19
Portatela da qualche parte.	Take her somewhere.	545c1491-ec34-59c5-ba83-4fe96bb80fa8	27	19
La porti da qualche parte.	Take her somewhere.	ee24c770-f4fb-5528-a01b-5042c038cf47	26	19
Ho preso qualcosa per te.	I got something for you.	ca3f8876-a5de-5fb5-9e56-d5a8072222bc	25	24
Ho preso qualcosa per voi.	I got something for you.	9c1f002e-4b54-57ec-9f12-049bbf435edc	26	24
Ho preso qualcosa per lei.	I got something for you.	be9fadc9-fcd9-536a-8bf3-45cca9438021	26	24
Tom ha detto che ha aiutato?	Did Tom say he helped?	c6a946fe-cdf6-5a16-820d-14a2b5922e30	28	22
Chi sta proteggendo Tom?	Who's protecting Tom?	4cc0f1b5-bc01-5aa7-a051-73c69ffd415a	24	21
Tutti hanno bisogno di aiuto.	Everybody needs help.	4a06b87e-6405-51c9-8cec-27e8bc5ab53a	29	21
Non portare il tuo cane.	Don't bring your dog.	d7cb18f3-eb3f-5e1b-b6d9-2ce692041fc0	24	21
Non porti il suo cane.	Don't bring your dog.	ebcf8b46-6470-5e9a-83a6-0d2da6447d28	22	21
Non portate il vostro cane.	Don't bring your dog.	a89f4a69-17ed-5db5-a6cd-68c5584967f1	27	21
Tom ha detto di avere aiutato?	Did Tom say he helped?	84ccfa4a-18e1-5902-9b55-edb9b7d9b9df	30	22
Portali fuori.	Take them outside.	fb02e23a-74cb-5624-8b13-269bb488aa5e	14	18
Portale fuori.	Take them outside.	af82e369-26f8-5325-9298-1510a4e77b97	14	18
Li porti fuori.	Take them outside.	ab3e4de9-39ab-5f85-a6f0-950c28b681a3	15	18
Le porti fuori.	Take them outside.	4cf9a008-fe6f-5703-9da9-14f4820bad40	15	18
Portateli fuori.	Take them outside.	37d66259-5f41-5aab-ac34-8468dc079231	16	18
Portatele fuori.	Take them outside.	9009442a-0e2f-5170-a518-ed3b4458f4de	16	18
Portalo fuori.	Take him outside.	6b7501bc-f969-55b3-ab75-9e76d4c2a717	14	17
Portatelo fuori.	Take him outside.	1743af00-a3c7-5c9e-ae0c-1ae90e9c1b76	16	17
Lo porti fuori.	Take him outside.	393f9af1-8ef6-5181-b64c-7742eb6123fd	15	17
Portala fuori.	Take her outside.	147f5de7-50ab-5cbb-a5f3-ace1c1ba287c	14	17
La porti fuori.	Take her outside.	7c00d069-b751-592c-ba8a-a42817321515	15	17
Portatela fuori.	Take her outside.	7222a77a-c533-5455-8b53-8e0469008e1e	16	17
Portali dentro.	Take them inside.	ab2a12bc-06f7-51cb-9ea9-9fb9e320abd7	15	17
Portale dentro.	Take them inside.	08bc8d46-d9f1-5058-b703-220fc9e98c6d	15	17
Portateli dentro.	Take them inside.	fd46fbb3-642d-59c2-bee7-9d2711b2a2d0	17	17
Portatele dentro.	Take them inside.	d035bf9d-7f64-59fb-bccf-abde0e149147	17	17
Li porti dentro.	Take them inside.	57b43ceb-7372-56bd-a3b0-d4bb8a0d3972	16	17
Le porti dentro.	Take them inside.	c9803215-fd2b-50c2-b53a-351c01814182	16	17
Portalo dentro.	Take him inside.	c06b8012-7337-5690-853b-e00a5fa125a7	15	16
Lo porti dentro.	Take him inside.	7d0da7f9-ba73-5069-acfe-99015a77b680	16	16
Portatelo dentro.	Take him inside.	431182b5-f964-5eda-bb85-cf3a5a7b1ff2	17	16
Portala dentro.	Take her inside.	f871dc71-142a-5153-9770-bbcb7d698d14	15	16
Portatela dentro.	Take her inside.	47e31c75-8625-55fc-926c-5dc8020d4cc5	17	16
La porti dentro.	Take her inside.	d4949ca5-e668-5b99-bcba-880a1d0c33ca	16	16
Portaci in centro.	Take us downtown.	9ecde7b8-da8c-5c42-aec1-1a229a93ae61	18	17
Portateci in centro.	Take us downtown.	8708ace7-2ff1-5e72-8cfd-608a8f70fc67	20	17
Ci porti in centro.	Take us downtown.	43b2253f-c36b-5615-9709-d5c42a91c03a	19	17
Portali in centro.	Take them downtown.	c607a6c3-2770-5e79-9257-aa4056d758e8	18	19
Portale in centro.	Take them downtown.	cbb8952f-a5aa-572c-8403-95899abf539c	18	19
Portateli in centro.	Take them downtown.	8680381e-7712-5ce1-8e7e-5a2e9e948477	20	19
Portatele in centro.	Take them downtown.	bf31f0d7-4ba8-5517-b030-3b4b91ec4065	20	19
Li porti in centro.	Take them downtown.	6af48ce7-bf5f-53f7-a590-6637c951f371	19	19
Le porti in centro.	Take them downtown.	fa64bceb-4fc9-56b7-9ab5-357232bbd382	19	19
Portami in centro.	Take me downtown.	29bfb88d-321c-505d-8dcc-c8126f264a1e	18	17
Mi porti in centro.	Take me downtown.	0a4b88e6-55d1-5b96-815e-ff868277fe8c	19	17
Portatemi in centro.	Take me downtown.	d993cbfe-3bf4-5f98-9811-c6569e666d7f	20	17
Portalo in centro.	Take him downtown.	0a83d863-d97c-59c9-9781-51608f1036f6	18	18
Lo porti in centro.	Take him downtown.	bed78ef1-7a26-5847-a10b-68c5b7bb8239	19	18
Portatelo in centro.	Take him downtown.	8e8d84eb-f659-5fe6-980b-8b8e779066be	20	18
Portala in centro.	Take her downtown.	bb4ace6a-6e55-54e5-9fbb-94fea32d6179	18	18
La porti in centro.	Take her downtown.	011d78ee-c172-5665-8f5f-5bf78fdb738b	19	18
Portatela in centro.	Take her downtown.	7aa097be-2a93-510e-84ac-df8b8247ce83	20	18
Li abbiamo circondati.	We surrounded them.	65d37c90-062d-5c18-ba81-4f1b9b54f857	22	19
Le abbiamo circondate.	We surrounded them.	1336cfdb-8d30-57e6-8fb2-9fe6bd3be118	22	19
Li circondammo.	We surrounded them.	15b1f902-91eb-574a-9e1b-7630ebaa94ee	15	19
Le circondammo.	We surrounded them.	d7d36976-6cd4-5fd5-bdee-189887792db5	15	19
Lo hanno circondato.	They surrounded him.	31ae2456-48ee-5d7d-b7c7-33b11b2a109c	20	20
Lo circondarono.	They surrounded him.	b18e0aeb-50bb-5a85-9d26-95ea3b6fe551	16	20
L'hanno circondata.	They surrounded her.	d267cf02-e3d8-5901-9443-cc349ab65980	19	20
La circondarono.	They surrounded her.	cd0cb720-d723-552c-96c8-dd7055c5544e	16	20
Li abbiamo scoperti.	We spotted them.	bdfd9fd7-be54-585f-aaf9-5bc628120b02	20	16
Le abbiamo scoperte.	We spotted them.	eae8b478-90b1-5efc-bead-6eda370c3323	20	16
Li scoprimmo.	We spotted them.	a064a0eb-44cf-5a63-a242-ce818d7fdb25	13	16
Le scoprimmo.	We spotted them.	2185a83d-668b-522b-975d-a5da1f73b095	13	16
Mandala giù.	Send her down.	bbb3abdc-47c1-5be3-9d1e-e6b19cb6163d	12	14
La mandi giù.	Send her down.	26e71d2f-9ca8-56f4-b48b-065a12dbc201	13	14
Mandatela giù.	Send her down.	9c0d2f97-4011-555e-9233-4786bae37ab3	14	14
Vai a vederla.	Go see her.	687dd8df-fd0e-56d3-85ea-354376e78a28	14	11
Vada a vederla.	Go see her.	2e9dddfb-9a1a-5da4-9792-d31408978d8e	15	11
Andate a vederla.	Go see her.	838705ee-b0b3-5e8e-97e8-907bcb1e6916	17	11
La vada a vedere.	Go see her.	2e62ea09-ff22-504e-ab79-fb94a6d77742	17	11
Smettila di spaventarci.	Stop scaring us.	5f948843-634d-5ff3-8813-4f8eda9076d4	24	16
La smetta di spaventarci.	Stop scaring us.	15d4e78b-7a9b-5fbd-b51f-39ea934e9103	25	16
Smettetela di spaventarci.	Stop scaring us.	e122f57c-ce3c-5f35-9a76-4c1f4eb41516	26	16
Smettila di spaventarli.	Stop scaring them.	03b66823-9746-5334-b1b1-08a9fef2b686	24	18
Smettila di spaventarle.	Stop scaring them.	e59cfa52-95a1-55fb-b610-c700a1eda1fd	24	18
Smettetela di spaventarli.	Stop scaring them.	76c7d21b-ae87-5fcb-8b81-a3f81874991d	26	18
Smettetela di spaventarle.	Stop scaring them.	352799ae-434d-58a9-b18a-ee78b970851b	26	18
La smetta di spaventarli.	Stop scaring them.	903182dc-28f5-5141-99ca-38e9d36ca630	25	18
La smetta di spaventarle.	Stop scaring them.	ff509279-7dfd-59d0-897b-e75f1622d616	25	18
Smettila di spaventarmi.	Stop scaring me.	93220687-fae8-5d69-ab65-4ce5964b153d	24	16
La smetta di spaventarmi.	Stop scaring me.	b088f681-6932-5c98-9808-ebc6bab1de34	25	16
Smettetela di spaventarmi.	Stop scaring me.	6dc74010-22c1-593d-847a-143d61eb1396	26	16
Smettila di spaventarlo.	Stop scaring him.	002ec6e4-8c8f-560e-a68b-6dc7d3931efc	24	17
La smetta di spaventarlo.	Stop scaring him.	c926f36f-f465-56e0-ba75-926a966f17d2	25	17
Smettetela di spaventarlo.	Stop scaring him.	f3296a66-92c9-5689-aaf2-1eac910f4d3c	26	17
Smettila di spaventarla.	Stop scaring her.	b812546a-ab98-5a01-9a8a-0fc983c143f3	24	17
Smettetela di spaventarla.	Stop scaring her.	56b52a4d-31f4-5f3d-934a-4543d1538382	26	17
La smetta di spaventarla.	Stop scaring her.	b77ab334-faa0-5d1a-ad76-c17eb8a1b7d2	25	17
Niente ci spaventa.	Nothing scares us.	80069ae8-eba4-5a01-832b-2d2de783d5cd	19	18
Nulla ci spaventa.	Nothing scares us.	25b5f40a-17d8-5d3e-bfb0-51a7f9075192	18	18
Niente li spaventa.	Nothing scares them.	61dbe26b-2d92-546d-b2ac-5783d151d84c	19	20
Nulla li spaventa.	Nothing scares them.	249f720f-a1c9-5088-bf8d-db86dfb1a77b	18	20
Niente le spaventa.	Nothing scares them.	65a9ef8e-073d-5786-a4ce-8942f6b87be3	19	20
Nulla le spaventa.	Nothing scares them.	2c57315c-3102-5cd3-ab36-f6bef6dd3a1f	18	20
Niente lo spaventa.	Nothing scares him.	0eeffa05-b52d-5346-a920-e0aaec60d4b9	19	19
Nulla lo spaventa.	Nothing scares him.	ad045f4d-4e70-5ad9-a006-62bf09d71259	18	19
Niente la spaventa.	Nothing scares her.	83ed9161-e512-5a89-9f64-7b694eb06b8b	19	19
Nulla la spaventa.	Nothing scares her.	fee26916-30f4-5cf2-8a1c-a8ad94aa52cb	18	19
Li hai spaventati.	You scared them.	8c1f0529-8196-52c9-ab0e-d68582521967	18	16
Le hai spaventate.	You scared them.	15671cb4-0eae-5072-8885-3addf76353e3	18	16
Li ha spaventati.	You scared them.	50b264c0-2626-595e-857a-cc6ad95aa8a3	17	16
Le ha spaventate.	You scared them.	27e202f5-0ca9-53dc-b1a2-f0b53e164868	17	16
Li avete spaventati.	You scared them.	27c8596f-8278-5337-8a40-a288aff62b7a	20	16
Le avete spaventate.	You scared them.	353dd41d-3e42-57f0-b681-7b05b4135d9e	20	16
L'hai spaventato.	You scared him.	4badf615-b002-593a-a720-37d8b4bd3e06	17	15
L'ha spaventato.	You scared him.	f7c60ab2-76cd-56cf-9585-88bed512242d	16	15
Lo avete spaventato.	You scared him.	09a947b5-319f-5e6b-83b2-894551a25f17	20	15
La abbiamo vista.	We saw her.	7fa75c43-d06f-5694-98a9-d9d4eaedc797	17	11
Voglio della cioccolata!	I want chocolate!	26c8aa2e-c06b-5698-b132-6a70fe930f3a	24	17
Io voglio della cioccolata!	I want chocolate!	cd38ecaf-777c-58eb-9297-b274ed5dee39	27	17
Spero che il tempo terrà fino a domenica.	I hope the weather will hold until Sunday.	d9001d0c-6bb8-5a78-b1a9-da5a509ad6ef	41	42
Io spero che il tempo terrà fino a domenica.	I hope the weather will hold until Sunday.	f230d3b4-9f17-5b0a-97c6-4f15101a335b	44	42
Hanno privato il criminale dei suoi diritti.	They deprived the criminal of his rights.	9ffef708-2865-501b-aba5-8fe830e2819f	44	41
Privarono il criminale dei suoi diritti.	They deprived the criminal of his rights.	c0a94db8-d3cc-5285-9b3e-8bd50f0b46d7	40	41
Tom aveva qualcosa di urgente da fare.	Tom had something urgent to do.	127dad8f-a35b-5a55-acf0-eb7146d3de1f	38	31
Li ho sottovalutati.	I underestimated them.	f539344b-de2d-5a00-8d78-d515385bac2c	20	22
Le ho sottovalutate.	I underestimated them.	4ad5edcd-f275-5dce-b3fa-a60601247c2b	20	22
L'ho sottovalutato.	I underestimated him.	c0bfa3d8-29d2-53bf-bc53-502b8cc48467	19	21
L'ho sottovalutata.	I underestimated her.	c875c554-8794-52dc-ba2e-8b5b43f3756f	19	21
Ci fidavamo di loro.	We trusted them.	cdf9c572-8542-5664-8990-34a44038f43d	20	16
Noi ci fidavamo di loro.	We trusted them.	7546948f-f37b-58c6-811e-66a30863fa97	24	16
Tom si fidava di noi.	Tom trusted us.	29ad7677-7ce0-51a5-be10-fd0390e93531	21	15
Chi l'ha detto a loro?	Who told them?	3d7b0ad8-a836-5283-aed7-20861d2eb895	22	14
Chi le ha sparato?	Who shot her?	ea65719c-d53d-59d3-9370-0668f089a4a9	18	13
Prendiamo il tuo cappotto.	Let's get your coat.	0db56c6d-be9a-5085-a3f4-98a8bac94b22	26	20
Prendiamo il suo cappotto.	Let's get your coat.	0bbe91c5-8ca7-582e-9da8-79bb79bad596	26	20
Prendiamo il vostro cappotto.	Let's get your coat.	4e7b1e12-2ab0-5ce6-b43d-063d983c9ee1	29	20
Abbiamo sparato a loro.	We shot them.	fbce35ce-509f-579d-8bc7-119cb272ee18	23	13
Noi abbiamo sparato a loro.	We shot them.	dead79b1-f5c2-5161-8631-69a75b32448f	27	13
Gli abbiamo sparato.	We shot him.	94a3ae8d-edbc-51de-bcd7-077d8a52bf19	20	12
Noi gli abbiamo sparato.	We shot him.	0784f3a3-58ad-5196-b4f5-af443d37a7e7	24	12
Tom ci ha sparato.	Tom shot us.	13c0c651-a2dd-5306-bbd6-daabd0cabd5f	18	12
Tom ha sparato a loro.	Tom shot them.	ea7a24c2-a1d6-56ff-b58d-1317b6d5ae4c	22	14
Gli hanno sparato.	They shot him.	459b2a4b-6bb6-5306-8e0d-4acfc6b7b0dc	18	14
Gli spararono.	They shot him.	8461a910-2f7c-5fa5-94f4-e16a2834062b	14	14
Ho sparato a loro.	I shot them.	dda09a1a-dcb7-5381-bde3-1f9f0d9e0536	18	12
Tom è depresso e turbato.	Tom is depressed and upset.	b775d66a-872a-597f-9a54-155dc82ddff7	25	27
Quindi di cosa stai parlando?	So what are you talking about?	70d8ce3a-376e-5819-b5d0-4a67c5bf0d0e	29	30
Quindi di cosa sta parlando?	So what are you talking about?	4f392cdc-8979-55b3-a2a5-bf4c36a3e92a	28	30
Quindi di cosa state parlando?	So what are you talking about?	6363706e-beb0-539c-aa84-2fe7446c7893	30	30
Allora di cosa stai parlando?	So what are you talking about?	ae3a8abe-6067-5db7-b8d9-8092ea466934	29	30
Allora di cosa sta parlando?	So what are you talking about?	2a6da9bb-f423-5c7c-a08d-e4ef7b26a75b	28	30
Allora di cosa state parlando?	So what are you talking about?	f39d8881-1728-5c8f-b05e-452b4102e5a1	30	30
Mandali giù.	Send them down.	c335a217-4498-5322-9bc1-5e1411f9d03c	12	15
Mandale giù.	Send them down.	77ed4e18-272d-5f79-adb0-8268b9bbc351	12	15
Mandateli giù.	Send them down.	b4c833c7-403c-5b2c-b7ac-7b3ffc9b4b15	14	15
Mandatele giù.	Send them down.	6f5e3a7b-b5b1-5eb5-b8b4-371a031ce686	14	15
Li mandi giù.	Send them down.	14058ce4-3faa-55ef-b424-c4ffd2d307ba	13	15
Le mandi giù.	Send them down.	40e04573-40ef-5bb7-9f3d-f3b49745d897	13	15
Mandalo giù.	Send him down.	3d84706a-55d7-5410-99de-2fe627785147	12	14
Lo mandi giù.	Send him down.	94bbd283-7104-572f-a086-4fef19998f5f	13	14
Mandatelo giù.	Send him down.	6b036ca3-5d01-5cc1-b347-47ba65be23cf	14	14
Li abbiamo trattenuti.	We restrained them.	6dcfce85-90c2-5649-81f2-03fc99c23e6f	22	19
Le abbiamo trattenute.	We restrained them.	cade038d-8260-501b-9999-cc05b1af20a4	22	19
Li abbiamo bloccati.	We restrained them.	96460ccc-220b-5060-91d6-3c88c162854b	20	19
Le abbiamo bloccate.	We restrained them.	70a2726d-c700-5a7f-bb4f-2338a63fb7df	20	19
L'hanno trattenuto.	They restrained him.	4a56f726-07d2-52bc-851e-a221720381c9	19	20
Lo hanno trattenuto.	They restrained him.	cb3fb846-9ffe-5d70-86ed-2e465e70ff42	20	20
L'hanno trattenuta.	They restrained her.	0e335209-2cb0-5301-b485-f2079abb944a	19	20
L'hanno bloccato.	They restrained him.	ffc43416-bf66-593c-8f42-064f7b7d3c87	17	20
Lo hanno bloccato.	They restrained him.	e6353f9b-2a58-5640-be7e-d41a0642ce64	18	20
Li abbiamo rilasciati.	We released them.	7a47d4c2-0739-549b-9781-56a5960077b5	22	17
Le abbiamo rilasciate.	We released them.	4a55779d-2fa3-54cd-8439-50b46be30b54	22	17
Lo hanno rilasciato.	They released him.	a969925b-214b-5138-8ea6-ba9cbdf00a3f	20	18
L'hanno rilasciato.	They released him.	005e73f0-5625-5737-b153-0736efeb4e23	19	18
L'hanno rilasciata.	They released her.	3908ff73-596d-51cc-8c15-fc2c1984b95b	19	18
Li abbiamo scarcerati.	We released them.	659dc15b-7e91-5758-9b52-37c3a6b7e8ab	22	17
Le abbiamo scarcerate.	We released them.	34195b59-72c7-5a7a-9882-056f60a8c9bc	22	17
L'hanno scarcerato.	They released him.	8b3dde85-c6a9-578d-9d91-e24f64c0a6b4	19	18
Lo hanno scarcerato.	They released him.	643e99ad-7f58-5ffd-ae90-d69573346b8c	20	18
L'hanno scarcerata.	They released her.	46e95419-f520-5640-8289-119509f69681	19	18
Li ho riconosciuti.	I recognized them.	266e2610-b95e-59a6-b0a0-49bbee89a20f	19	18
Io li ho riconosciuti.	I recognized them.	06bdad85-f43b-5a18-8c2e-4d6799ed42f5	22	18
Le ho riconosciute.	I recognized them.	d3166506-79a7-545a-96b2-ac66059fe341	19	18
Io le ho riconosciute.	I recognized them.	45c221be-de59-51b0-8b1f-a7993ae812c5	22	18
Li ho puniti.	I punished them.	158f31fa-7964-56ca-95b9-411f722e96b3	13	16
Le ho punite.	I punished them.	9ef12f7d-d243-5276-b048-867c0dd248af	13	16
L'ho punito.	I punished him.	2ad11c25-0006-59d2-850c-ba4327973b0b	12	15
L'ho punita.	I punished her.	645a418f-780d-5732-90ba-5bdbaabcdbc6	12	15
Li ho promossi.	I promoted them.	5c51ffc7-0b85-58dd-829d-2ff446128f6a	15	16
Le ho promosse.	I promoted them.	e15f0e26-5183-500d-8b99-92b2a062e719	15	16
L'ho promosso.	I promoted him.	e0ed8ee8-d2c4-5c98-aba0-5ac9307cf381	14	15
L'ho promossa.	I promoted her.	3c6ab1e1-7e0e-5cd0-b1dd-194b06c7f9b3	14	15
Qualcuno ci ha avvelenati.	Somebody poisoned us.	ecd23899-440f-50d6-91f3-8d8ad6ffbd50	26	21
Qualcuno ci ha avvelenate.	Somebody poisoned us.	a46918b5-de77-562f-bdf7-bb697203d72f	26	21
Qualcuno li ha avvelenati.	Somebody poisoned them.	3a689a23-8ec9-5a00-8ed4-14316bc10a09	26	23
Qualcuno le ha avvelenate.	Somebody poisoned them.	9db3d44e-2198-573d-a6f7-cf1d75b2ee81	26	23
Qualcuno mi ha avvelenato.	Somebody poisoned me.	a04788d3-8a28-5ded-a198-ca23f174818a	26	21
Qualcuno mi ha avvelenata.	Somebody poisoned me.	2a50fb9a-1f7f-53dc-8c03-052180c9ba1d	26	21
Qualcuno l'ha avvelenato.	Somebody poisoned him.	96bb2d88-8eb1-5eac-a2b5-b0080837f088	25	22
Qualcuno l'ha avvelenata.	Somebody poisoned her.	dcde33af-7b53-5a13-9a7e-8c11897471ac	25	22
Li abbiamo sopraffatti.	We overpowered them.	1d3abfe7-79ec-52d6-b9b2-1f496c30d856	23	20
Noi li abbiamo sopraffatti.	We overpowered them.	1bdbe5ec-5899-5acc-a4cb-08fe0b5007bc	27	20
Le abbiamo sopraffatte.	We overpowered them.	f12924c8-99a7-5367-a9d1-287bd2108623	23	20
Noi le abbiamo sopraffatte.	We overpowered them.	aee4abf9-1948-5e58-b078-d415a1f06de5	27	20
L'hanno sopraffatto.	They overpowered him.	32284790-9614-5b8f-a44b-3e2f7639c465	20	21
L'hanno sopraffatta.	They overpowered her.	c44125db-9e2d-52ee-ab76-f215e5ad3ffe	20	21
Li ho vinti in astuzia.	I outsmarted them.	c990b788-0f4d-5e02-bb5d-4ec08a48006a	23	18
Le ho vinte in astuzia.	I outsmarted them.	9598ece6-caa9-5de6-9072-2421621b0b8c	23	18
L'ho vinto in astuzia.	I outsmarted him.	40dc7342-f3bc-51b0-9cab-f3686946a073	22	17
L'ho vinta in astuzia.	I outsmarted her.	a5cea3cc-3598-5708-baed-c4880ce952fa	22	17
Perché hai fatto quell'accordo?	Why did you make that deal?	48d2b862-2229-5cff-89bb-00e0251fe337	31	27
Perché ha fatto quell'accordo?	Why did you make that deal?	f639d1ed-0de0-514a-ad82-7ec47d73694a	30	27
Perché avete fatto quell'accordo?	Why did you make that deal?	3383b899-dfb5-54d4-b43b-f00ec86f28b2	33	27
Può non avere finito i suoi compiti.	She may not have finished her homework.	b15e7672-70c6-5c00-b70d-03257ce71013	36	39
Lei può non avere finito i suoi compiti.	She may not have finished her homework.	37ce00ac-8cea-50b1-9b67-29e80aa0d20d	40	39
Abbiamo bisogno di lui.	We need him.	79928df4-505a-5c0f-8d96-426b9f82a250	23	12
Noi abbiamo bisogno di lui.	We need him.	ecd44e33-1e3e-532b-afc7-d1a23d42fada	27	12
Li amavo.	I loved them.	11cdc971-49a2-5091-ba4a-83d9ea1f18ae	9	13
Io li amavo.	I loved them.	8f3f484c-a229-52af-a9ff-d852f1529fac	12	13
Le amavo.	I loved them.	64f6fe4f-2c3e-5fa0-ae87-9d4f0997f78a	9	13
Io le amavo.	I loved them.	161502b5-26f7-5dcc-b43c-a76201960c67	12	13
Tutti ci amavano.	Everybody loved us.	c59413b6-92d4-5952-a858-3d9d17840305	17	19
Ci amavano tutti.	Everybody loved us.	a051ae8d-d27e-5427-87fe-005c3ee86e1a	17	19
Tutti lo amavano.	Everybody loved him.	a630ea7c-acc2-58fa-b3dd-e17182e7f561	17	20
Lo amavano tutti.	Everybody loved him.	3aff7a2c-e6ed-5e36-8405-d5ac1f067c1a	17	20
Tutti li amavano.	Everybody loved them.	a73c2a07-3b0b-5b89-adaa-68623682c9a0	17	21
Tutti le amavano.	Everybody loved them.	d8879542-1b45-5b32-b5c0-f62c851902e4	17	21
Li amavano tutti.	Everybody loved them.	95ba5294-e903-54d9-9a09-e92aefbd53d6	17	21
Le amavano tutti.	Everybody loved them.	6e26e49c-e79b-5abd-89b6-823f194e9981	17	21
Cos'hai guardato?	What did you watch?	2677c234-4747-5b22-a2ea-fd08c8dc250c	17	19
Cos'ha guardato?	What did you watch?	d8b5b222-9e77-5dd0-a90d-b64547cf8292	16	19
Cosa avete guardato?	What did you watch?	4d8116d4-6ca6-5c18-84fd-4edfc0fd5d85	20	19
Tutti la amavano.	Everybody loved her.	bd25109c-f53a-534f-a12d-de3db10a2e36	17	20
La amavano tutti.	Everybody loved her.	e4737304-7b64-538a-901d-a66b1be8d557	17	20
Lo amiamo.	We love him.	812be1fb-a466-52cb-93e8-0b113ad94f65	10	12
Noi lo amiamo.	We love him.	bc4c0735-d5f8-5237-ae35-1d0eadf19725	14	12
La amiamo.	We love her.	547888ff-ac4d-52e6-ba09-a4115feb4295	10	12
Noi la amiamo.	We love her.	290ab174-0665-5cbb-ba2e-521e3048c72a	14	12
Tom li ama.	Tom loves them.	bf1e007f-1a09-5e4d-b615-ddb43b759683	11	15
Tom le ama.	Tom loves them.	d42ecfda-5a9f-58ff-9704-1139e69966d8	11	15
La amano.	They love her.	849ab6df-0888-5e8b-8ef6-a6b26976d8c0	9	14
Loro la amano.	They love her.	003a2728-29bf-5120-93ea-4a361b2d4122	14	14
Mi piacevi.	I liked you.	588d3daf-c30d-5631-bc81-a4e7e3417b6c	11	12
Tu mi piacevi.	I liked you.	946c9cf8-eeaa-5dcb-b1b3-284592f7f617	14	12
Mi piaceva.	I liked you.	573ee11b-e975-5161-8f47-dd1db35489cc	11	12
Lei mi piaceva.	I liked you.	9319049d-fa9f-58c5-92fc-a02a7013b2cb	15	12
Mi piacevate.	I liked you.	ffd308ef-b449-547f-a43e-e9cb856e8582	13	12
Voi mi piacevate.	I liked you.	e04749f7-e864-5c64-9e9f-65f58f19a9a9	17	12
Lui mi piaceva.	I liked him.	40e347ac-dd6b-56dc-9c98-e2825f63dcef	15	12
Piacevamo a tutti.	Everyone liked us.	431793f4-ea6c-522e-9267-b4b0c11b639d	18	18
Noi piacevamo a tutti.	Everyone liked us.	b37b4d9c-bbca-5a46-bb06-46c5a3f93623	22	18
Piacevano a tutti.	Everyone liked them.	901f39c3-dc46-5e55-ace7-d861003a9e1d	18	20
Loro piacevano a tutti.	Everyone liked them.	a4e756ad-64f6-5194-bed1-aea4dc4050ed	23	20
Lasciali provare.	Let them try.	f8138c0e-fbf3-5729-8333-6fd07d144826	17	13
Lasciale provare.	Let them try.	0ff1069d-6c75-5fde-bdef-f7f89b08177a	17	13
Lasciateli provare.	Let them try.	99b050ac-4329-5f50-a802-518dd031db13	19	13
Lasciatele provare.	Let them try.	b0e7e06b-94d6-53b4-9b70-6cf0d874a0d9	19	13
Li lasci provare.	Let them try.	f66b3cdd-14e4-5529-980a-183d94daf894	17	13
Le lasci provare.	Let them try.	aa9983cb-af86-5cbb-a892-d5f68bdeb6a2	17	13
Lasciaci partire.	Let us leave.	238d75ba-8c53-5c96-b74a-22a9acbe8b25	17	13
Lasciateci partire.	Let us leave.	e518f3f0-dd95-579e-8bf6-74e64cb12eff	19	13
Ci lasci partire.	Let us leave.	19cd960d-cdc7-5cdc-aae4-d56eb14116a3	17	13
Lasciali partire.	Let them leave.	99d427d8-93a3-585b-bc5b-fdc92ab490cc	17	15
Lasciale partire.	Let them leave.	de0bb336-fd86-570a-9fb2-839c3e9fcd4a	17	15
Lasciateli partire.	Let them leave.	54905300-9472-5dbb-a77e-9b12e5bd89e9	19	15
Lasciatele partire.	Let them leave.	0b048c88-09ae-5882-adc5-333462861495	19	15
Li lasci partire.	Let them leave.	93105bea-e421-5b58-b7d0-b0a60262e39a	17	15
Le lasci partire.	Let them leave.	c6ffcedd-de52-53b1-8944-342249971d16	17	15
Lasciami partire.	Let me leave.	bcfe864e-e8e8-519f-b842-955977a460a2	17	13
Mi lasci partire.	Let me leave.	6da5094f-4178-510d-8d29-96230af9b8d0	17	13
Lasciatemi partire.	Let me leave.	c5b27bed-793d-50f1-b330-a1e8a057a0ab	19	13
Per piacere, di' a Tom che è importante.	Please tell Tom it's important.	4a60d3b5-9592-5c72-8230-69cf823cae45	40	31
Per favore, di' a Tom che è importante.	Please tell Tom it's important.	da71a5ef-eb39-55b0-ae85-8ed96bacf31e	39	31
Per piacere, dica a Tom che è importante.	Please tell Tom it's important.	5988efe6-b51c-5c00-96db-ccc0ad612712	41	31
Per favore, dica a Tom che è importante.	Please tell Tom it's important.	f3d2fc64-eab9-5ebb-a18c-cc6caf3b5397	40	31
Per piacere, dite a Tom che è importante.	Please tell Tom it's important.	79b82475-3fa5-55cd-ac10-2cfe1ddf9158	41	31
Per favore, dite a Tom che è importante.	Please tell Tom it's important.	a6349fe0-78f2-5542-9509-ab726d31ec72	40	31
Tom era così confuso.	Tom was so confused.	ec5725f8-3dd1-5d9e-80d6-927c0ce98618	21	20
Stai lì per un po'.	Stay there a while.	c329be45-4bd2-58a7-86db-b21afc68c2ff	19	19
Stia lì per un po'.	Stay there a while.	887f0cbc-ff80-53eb-bfc6-1e8353cdd52f	19	19
State lì per un po'.	Stay there a while.	24c8380c-d672-5629-b97e-22d99fd1dfc2	20	19
Resta lì per un po'.	Stay there a while.	071776cb-2e04-5c13-b343-540efc1f5467	20	19
Restate lì per un po'.	Stay there a while.	d66a30cb-bc7e-5d77-89ab-ac4a8cc342fb	22	19
Resti lì per un po'.	Stay there a while.	ce323469-3040-52c0-8932-9bff2584458b	20	19
Rimani lì per un po'.	Stay there a while.	39685813-f4e1-578f-affc-9f4494436afd	21	19
Rimanete lì per un po'.	Stay there a while.	e7eba7fd-f478-543e-86ec-b01112f46acb	23	19
Rimanga lì per un po'.	Stay there a while.	c11df4eb-9765-5b73-a790-ca6f67f6616c	22	19
Lascialo partire.	Let him leave.	9fc9ec9c-db90-5d03-805b-752342093c07	17	14
Lo lasci partire.	Let him leave.	11aa17eb-569d-5dd7-b154-f3892a0116ea	17	14
Lasciatelo partire.	Let him leave.	c22414e3-9a42-5c03-bf51-5bdf530e5722	19	14
La lasci partire.	Let her leave.	8a209a68-0b1c-5b6d-9446-a33986c1b520	17	14
Lasciala partire.	Let her leave.	26187aeb-ed2a-5aee-8685-c9befe370490	17	14
Lasciatela partire.	Let her leave.	2e0a1e1b-2ea1-55d7-ba67-7697b2d229ed	19	14
Non riesco a credere che abbiamo vinto.	I can't believe we won.	29b124f0-1203-53ab-adcf-fdfc69555e21	39	23
Falli finire.	Let them finish.	69f7a953-9681-589b-89f4-9126c9557d2e	13	16
Falle finire.	Let them finish.	5cb92db9-c225-5439-9c2b-267c3cce7456	13	16
Fateli finire.	Let them finish.	fba02c48-1016-5762-8f66-da06158a7356	14	16
Fatele finire.	Let them finish.	b9e09a27-9675-5f3d-84bb-b8f721974a4c	14	16
Li faccia finire.	Let them finish.	80e0a14a-958c-53a1-9f13-e015898c4f9f	17	16
Le faccia finire.	Let them finish.	f8924918-462b-54a8-b0d3-3c871bacd27e	17	16
Fallo finire.	Let him finish.	545edf71-3bc1-50e1-a79b-db0c6b8ecb6a	13	15
Lo faccia finire.	Let him finish.	a77e2e02-dfea-5875-b83e-ed9977f850f6	17	15
Fatelo finire.	Let him finish.	ac27c45a-97c0-56b2-b5d1-0e172da014ba	14	15
Tutti la conoscevano.	Everyone knew her.	ae477c21-72b6-5da9-9d16-8ed3d82c8333	21	18
Chi l'ha baciato?	Who kissed him?	dc04d8e7-eb7f-5331-a0c9-f04f5e90f636	17	15
Chi l'ha baciata?	Who kissed her?	d24deeb9-0379-52a2-bc46-239367e57b12	17	15
L'ho baciato.	I kissed him.	6bf10d39-d4d2-518c-82bb-dfa98352dbdc	13	13
L'ho baciata.	I kissed her.	910bbeab-d9fb-5c3a-b63a-b6d83f3995c4	13	13
Lo baciai.	I kissed him.	38b0d2ff-44d7-588d-a237-0b35955ea991	10	13
La baciai.	I kissed her.	d5d01de7-4cd2-5534-82c0-2c6df2dfb473	10	13
Lasciali rispondere.	Let them answer.	93f9d7b4-5b0f-59da-874a-18f4fbd71842	20	16
Lasciale rispondere.	Let them answer.	550a496f-b34c-556b-8d41-dea950845237	20	16
Lasciateli rispondere.	Let them answer.	e1e3304e-f80f-532b-ab53-acf22b71018e	22	16
Lasciatele rispondere.	Let them answer.	8b458824-f152-5858-b06a-1cfcbee0bbf3	22	16
Li lasci rispondere.	Let them answer.	fed557f1-31dd-56e5-bd35-58f6867b42c6	20	16
Le lasci rispondere.	Let them answer.	4ea127aa-34fe-5750-9b5f-c052669e3dcb	20	16
Lasciala decidere.	Let her decide.	1dff7b6c-7113-5f05-ae4e-5179258ec5f1	18	15
La lasci decidere.	Let her decide.	35c5ca4a-7d10-5959-b34f-8a28d979d9d9	18	15
Lasciatela decidere.	Let her decide.	6971f91e-63d4-5aba-af3a-2e149f740210	20	15
Lascialo decidere.	Let him decide.	f4684f5c-13bf-5c94-ad82-7bf6ff2ca443	18	15
Lo lasci decidere.	Let him decide.	e27a370e-16e3-56ab-a49b-4ae44d4e0f0f	18	15
Lasciatelo decidere.	Let him decide.	3a2e8171-e826-58e2-a832-fca0ba90d8f5	20	15
Lascialo rispondere.	Let him answer.	bfc98588-a112-50fa-aa8e-d82104780749	20	15
Lo lasci rispondere.	Let him answer.	c2322e57-57ff-5121-b146-fc90e864fba4	20	15
Lasciatelo rispondere.	Let him answer.	0d87606c-1fc6-52f3-b05a-6cc89bdbd904	22	15
Lasciala rispondere.	Let her answer.	33ebf0fe-3833-5434-b701-b73186342b75	20	15
La lasci rispondere.	Let her answer.	ef56b031-7ae2-577a-aa45-231f69b0b65f	20	15
Lasciatela rispondere.	Let her answer.	8114ffdd-63d9-57dd-b4d4-c1915a65112d	22	15
Tutti ci conoscevano.	Everyone knew us.	31ba7b85-c644-5d11-be84-9151db151e7f	21	17
Ci conoscevano tutti.	Everyone knew us.	38829034-dd6a-5f60-a36e-83b6706c3610	21	17
Li conoscevano tutti.	Everyone knew them.	6985d79b-1495-5086-9b48-fd6528db67bc	21	19
Le conoscevano tutti.	Everyone knew them.	08a69ff1-3956-56a8-b376-c346afaf949a	21	19
Tutti li conoscevano.	Everyone knew them.	b4e537da-7712-579a-af44-cd7f097889ed	21	19
Tutti le conoscevano.	Everyone knew them.	fd336a87-20f8-5ac8-9cf9-b653b6e2b137	21	19
Tutti mi conoscevano.	Everyone knew me.	561fb360-2a03-5be8-81fa-87a5370b8a9f	21	17
Mi conoscevano tutti.	Everyone knew me.	1bb56ade-abb2-54ab-ab73-ff65feddb608	21	17
Tutti lo conoscevano.	Everyone knew him.	14cbce3d-b334-5099-b780-c24a2006ceed	21	18
Tienili lì.	Keep them there.	76e05807-06a3-5ed6-96eb-82227eb2846f	11	16
Tienile lì.	Keep them there.	1d977112-696f-5827-b36a-89b84a961822	11	16
Teneteli lì.	Keep them there.	9c23b686-733c-5b49-b71f-81fb7c63c5f6	12	16
Tenetele lì.	Keep them there.	ca40daf8-5779-539c-afc8-0765a129252f	12	16
Li tenga lì.	Keep them there.	f62938c1-be81-5bf8-8daf-6764ef9d247a	12	16
Le tenga lì.	Keep them there.	76e470dc-560f-5805-a738-bff256ee38b6	12	16
Tienilo lì.	Keep him there.	89d40231-b7a8-5902-9bec-f35f0e9b35ab	11	15
Tenetelo lì.	Keep him there.	1920213c-2a1a-50f5-bdb4-5282d0218ec4	12	15
Lo tenga lì.	Keep him there.	68cbd91f-1d63-5b12-8db3-2c71c899b8fd	12	15
Tienila lì.	Keep her there.	6846ecdd-4122-50b2-b86d-9abfd3f10594	11	15
La tenga lì.	Keep her there.	8f219052-6147-57ca-a61b-76512bb1caf9	12	15
Tenetela lì.	Keep her there.	24bfc5ff-d9e8-5aa1-b4a3-b19117c164fb	12	15
Tienili al sicuro.	Keep them safe.	b3261a4b-94f3-5524-b893-67dd00b68c5a	18	15
Tienile al sicuro.	Keep them safe.	6da6f321-9584-511d-86a8-4c33a77d7e13	18	15
Teneteli al sicuro.	Keep them safe.	8c1d8f69-b92c-5268-8d13-c2a552b77627	19	15
Tenetele al sicuro.	Keep them safe.	516b5c88-e051-5bf1-9a9b-2ddebc60e5b2	19	15
Li tenga al sicuro.	Keep them safe.	a3685184-2374-52be-8132-de7d5f1c4844	19	15
Le tenga al sicuro.	Keep them safe.	62a30b7e-cfb9-52ec-9292-613c139b299a	19	15
L'hanno ignorata.	They ignored her.	46c8f8bf-21b3-5466-b971-b23621e0f270	17	17
La ignorarono.	They ignored her.	f6185572-44fc-53d0-8b59-e531c1e35987	14	17
Li ho ignorati.	I ignored them.	9b7b8961-0905-5e99-aa43-86858c75a9c8	15	15
Le ho ignorate.	I ignored them.	9da65e00-7696-565d-b37c-cbdf67ec0d11	15	15
Li ignorai.	I ignored them.	fe701ec9-db1d-5f2f-8bd5-9f7f6dec0014	11	15
Le ignorai.	I ignored them.	10cdf41e-b361-57cb-b0ec-40b9ed5f3e1b	11	15
Tutti li hanno ignorati.	Everyone ignored them.	5158867d-b3ce-5282-b287-816863ca1984	24	22
Tutti le hanno ignorate.	Everyone ignored them.	35c8cca6-a594-566e-806b-a64d718e11fe	24	22
Li hanno ignorati tutti.	Everyone ignored them.	61d7c38c-2494-5491-8e63-caa8ec2eeeee	24	22
Le hanno ignorate tutti.	Everyone ignored them.	999519f8-5ccc-53e9-b937-25d9055f8295	24	22
Li ignorarono tutti.	Everyone ignored them.	7c307221-6813-5612-a78a-da9458972bc9	20	22
Le ignorarono tutti.	Everyone ignored them.	ec6c5ec8-ea28-57e2-9fe7-dbb18fd0a8be	20	22
Tutti li ignorarono.	Everyone ignored them.	1510bd69-0dec-5b97-939e-ed8a201360fa	20	22
Tutti le ignorarono.	Everyone ignored them.	41ac3db9-d268-5124-bdd9-b72250c1339d	20	22
Tutti mi hanno ignorato.	Everyone ignored me.	8e700bdb-ec96-5025-ba59-13c994ab84f0	24	20
Tutti mi hanno ignorata.	Everyone ignored me.	903c069f-c5a6-5b57-b425-8627813e5711	24	20
Mi hanno ignorato tutti.	Everyone ignored me.	fb53ebc3-e77a-58ab-ae27-53624319bc1d	24	20
Mi hanno ignorata tutti.	Everyone ignored me.	83986ea3-bc54-570c-9974-d3e05b124882	24	20
Tutti mi ignorarono.	Everyone ignored me.	0d811550-a289-56b2-aad0-423c5f9d04ad	20	20
Mi ignorarono tutti.	Everyone ignored me.	edfd6429-df73-58a5-8745-3cf67c92a296	20	20
Tutti l'hanno ignorato.	Everyone ignored him.	aa1559fb-6e7d-5035-88b2-2d7858dfb886	23	21
Tutti l'hanno ignorata.	Everyone ignored her.	d541cb00-f891-55f4-a4e0-c0798f32c771	23	21
L'hanno ignorato tutti.	Everyone ignored him.	eeda6ba8-5afe-562c-acdf-3f24ac00e87d	23	21
L'hanno ignorata tutti.	Everyone ignored her.	2f570825-80dd-5e4f-b139-33c2c7d4627a	23	21
Lo ignorarono tutti.	Everyone ignored him.	39d73aeb-e898-585e-9041-c657318bb41f	20	21
La ignorarono tutti.	Everyone ignored her.	b83c3ae2-9b4e-5868-9eab-b43318055ee4	20	21
Tutti lo ignorarono.	Everyone ignored him.	4f70a7de-afa9-5f4f-adce-c0a02a3374f6	20	21
Tutti la ignorarono.	Everyone ignored her.	f8bbcde3-8796-50cf-8a72-a90e832dc3c9	20	21
Tutti ci hanno ignorati.	Everyone ignored us.	e56a8c85-ba5f-58e0-95d9-fbe1fbd892e4	24	20
Tutti ci hanno ignorate.	Everyone ignored us.	3745ecbf-c8e7-503a-91a6-fe18d6270982	24	20
Ci hanno ignorati tutti.	Everyone ignored us.	c14d08c0-5fa8-5d57-a376-d0c7d3f0d639	24	20
Ci hanno ignorate tutti.	Everyone ignored us.	d940b682-fa17-5fb6-9378-df07c396186c	24	20
Ci ignorarono tutti.	Everyone ignored us.	3aafbee0-ac84-5713-bc1a-cbc4dbf754ff	20	20
Tutti ci ignorarono.	Everyone ignored us.	731d6214-ce89-5b77-a24a-f7c642e1dcfb	20	20
Li abbiamo ignorati.	We ignored them.	e4a209fc-be25-5b41-b5c8-33c61668c2cb	20	16
Le abbiamo ignorate.	We ignored them.	e3e3dfdd-f2d8-5205-bf8d-7737c3f69cb4	20	16
Li ignorammo.	We ignored them.	e5b0effd-e6b4-5742-948c-8cffe5bc5c7a	13	16
Le ignorammo.	We ignored them.	efeaebe2-fd90-56b2-a969-30044f644f05	13	16
Odiavo le lezioni di storia.	I hated history class.	2795eca6-8f3d-5e99-a2e5-5ad2d7f19e4a	28	22
Io odiavo le lezioni di storia.	I hated history class.	6ea5556d-5b35-59bd-a8a5-94dfe4a43d12	31	22
Gli ho sparato.	I shot him.	6d1dff6e-dcc9-5dea-8cd7-a47bfaac930d	15	11
Gli sparai.	I shot him.	b530f0b2-332f-54dd-8a42-2f9ceac1ec95	11	11
Chi li ha mandati?	Who sent them?	a1e7b7a8-b83d-5007-ba3d-731fff3ab9ef	18	14
Chi le ha mandate?	Who sent them?	b71eae21-81aa-5c50-9cec-ad2157cb1bb7	18	14
Li abbiamo riconosciuti.	We recognized them.	b5d7af28-b0c2-59c1-82bd-9cb5cf888b90	24	19
Le abbiamo riconosciute.	We recognized them.	35c45a4b-5410-55ea-a071-e8d34fa8d7ef	24	19
Lo abbiamo riconosciuto.	We recognized him.	fa8bf81f-6a9d-533d-9019-70268d0d1519	24	18
L'abbiamo riconosciuto.	We recognized him.	c30cbabf-64b8-5d50-9a92-477a6fb25a2f	23	18
L'abbiamo riconosciuta.	We recognized her.	ba083927-af73-5a1f-bdaa-99348a3c1509	23	18
La abbiamo riconosciuto.	We recognized her.	478bc385-c9aa-5526-b802-cf73dd07031f	24	18
Chi lo ha detto a lei?	Who told her?	c66d19b3-b88d-5c34-836b-2e133c801444	22	13
Liberali.	Set them free.	5bf4f770-1651-5bda-af9e-a45883230a4c	9	14
Liberale.	Set them free.	f05b21f4-fbb3-5f91-ad1f-8c91b0eeea8d	9	14
Li liberi.	Set them free.	9651e492-3797-5db6-902d-a4d1f252042f	10	14
Le liberi.	Set them free.	5aa3f524-dd66-5046-b9d7-7340bd24fe37	10	14
Liberateli.	Set them free.	f51b7f5c-146e-5714-b0e8-bb2b19fb684e	11	14
Liberatele.	Set them free.	1d390ac3-cb45-5d74-90ab-90b93f45e9d1	11	14
Liberalo.	Set him free.	a695a8ca-b7af-5dda-b0a2-584e6416d38b	9	13
Lo liberi.	Set him free.	13702598-4745-5bc8-9176-33d8cdabe822	10	13
Liberatelo.	Set him free.	51a59cf8-08ee-564e-8411-5c19e7a380ea	11	13
Liberala.	Set her free.	e5f9c868-0e4b-582a-8f6b-5f4ec3b948fb	9	13
La liberi.	Set her free.	33d1286c-0909-5022-b60a-7f261b6ba5aa	10	13
Liberatela.	Set her free.	921c9767-e36f-543e-a49a-0e9f01dc3dfb	11	13
L'hanno riconosciuto.	They recognized him.	9e5d2f14-f365-55b6-9d91-05f8a7e05163	21	20
L'hanno riconosciuta.	They recognized her.	63fd23a8-323d-5c14-b1fc-b6504084d8e0	21	20
Lo riconobbero.	They recognized him.	222bc82a-f59c-5729-95d3-14166d75a4ca	15	20
La riconobbero.	They recognized her.	fcfe1e0a-5a76-5d02-b712-cfb506ae3678	15	20
Ho bisogno di lui.	I need him.	9d292b60-e2ef-52b3-a444-1c97c21be6e5	18	11
Io ho bisogno di lui.	I need him.	bca92c5c-a4b9-508f-81fd-2093aa7559d2	21	11
Che tipo di insegnante vuoi essere?	What kind of teacher do you want to be?	a2a817d4-6aec-5b34-937b-b3cc03b1ad03	35	39
Che tipo di insegnante vuole essere?	What kind of teacher do you want to be?	fd5abe79-527e-50f7-9796-585f139ef5b5	36	39
Che tipo di insegnante volete essere?	What kind of teacher do you want to be?	a0b4ed13-8f42-5dc7-a40f-276f6a45d278	37	39
Ci sono mancati.	We missed them.	a4115159-6987-57e0-a4e4-cb41aa38ae2b	16	15
Loro ci sono mancati.	We missed them.	6deaa942-fa43-5336-b1e7-0252019d6314	21	15
Ci sono mancate.	We missed them.	19294ef9-36da-582a-93bc-e3c6d643a3b4	16	15
Loro ci sono mancate.	We missed them.	4386181a-0c84-599b-983c-ba80942efcdf	21	15
Ci è mancato.	We missed him.	74e2628f-1bd9-5be5-8f4e-112defba3630	13	14
Lui ci è mancato.	We missed him.	f5df54c9-f97e-560e-9bcf-b54e4717350d	17	14
Ci è mancata.	We missed her.	8381555a-0af0-5e60-ab51-02b97c989511	13	14
Lei ci è mancata.	We missed her.	29fe8e92-8f5a-5546-8715-b0d6ccb6b49a	17	14
Gli è mancato.	They missed him.	a7eb7a9a-100a-5527-8c85-79045a7a6b49	14	16
Le è mancata.	They missed her.	648b18e5-d22a-53f1-a6b7-cc121863b280	13	16
Mi sono mancati.	I missed them.	0831e740-d8be-5962-a884-deb84f173a01	16	14
Mi sono mancate.	I missed them.	86e2bcb1-6fdf-5ced-bf79-20528c52915b	16	14
Mi mancano.	We miss them.	69a354f8-3e91-539a-a21b-a3649b779882	11	13
Li ho sposati.	I married them.	c360dfc3-3f26-561a-a357-e04a43cb2ad3	14	15
Le ho sposate.	I married them.	09e20324-567b-5a6b-bff9-7a63eb2ae5a9	14	15
L'ho sposato.	I married him.	766d2715-538c-597d-9dd1-6d4e339e4e54	13	14
L'ho sposata.	I married her.	bba3f1e6-3200-57ad-99dd-1b89f7aea3cc	13	14
Li amavamo.	We loved them.	653d2d13-b014-552a-bf60-fc0aceb6ff74	11	14
Le amavamo.	We loved them.	05eb61c7-2afd-5972-84e6-65c5673e182c	11	14
Lo amavamo.	We loved him.	71457f6a-91cc-5bc0-a152-e6ffc5986d5a	11	13
La amavamo.	We loved her.	a5cb57b9-51f0-5b23-9b22-309c4ad12d65	11	13
Tom li amava.	Tom loved them.	4efe1561-a9d0-5c84-988f-7abbc98e5efb	13	15
Tom le amava.	Tom loved them.	94b44234-0d5c-59f3-85e4-b55765b838ac	13	15
Lo amavano.	They loved him.	6acbdf37-19b6-561c-8cfd-393a36a342d8	11	15
La amavano.	They loved her.	79f60365-3f93-5a4d-80c2-fcaed85da483	11	15
Lasciali riposare.	Let them rest.	b1a80c21-8f23-5963-9bb5-b05ae6de0e1f	18	14
Lasciale riposare.	Let them rest.	d1ddef2d-78b5-529c-afff-773d9e81da7e	18	14
Lasciateli riposare.	Let them rest.	e5895a12-b9ee-5e9a-b6e8-113a72904948	20	14
Lasciatele riposare.	Let them rest.	ae263daf-3343-518f-bf92-6c701f0cfd6c	20	14
Li lasci riposare.	Let them rest.	d3941916-17b6-576e-bfca-59df43aac87a	18	14
Le lasci riposare.	Let them rest.	1e98385b-41c7-500b-bdf0-3c5343da2a8c	18	14
Lascialo riposare.	Let him rest.	c20daf06-1571-5582-956e-41fe4d0965df	18	13
Lo lasci riposare.	Let him rest.	f8e7a0d4-e318-5d07-8e8b-4c77a565bed6	18	13
Lasciatelo riposare.	Let him rest.	f055d750-3188-545a-89b9-610931389e90	20	13
Lascialo restare.	Let him stay.	2e42c399-68d0-532c-9861-81ea2b8dc880	17	13
Lo lasci restare.	Let him stay.	10a86431-2a16-5474-a656-d81bb76cfa0b	17	13
Lasciatelo restare.	Let him stay.	b5d0ad1e-9d1c-5e6d-9d7b-20cc7fcd4fe5	19	13
Lascialo rimanere.	Let him stay.	5d7de8a1-7da1-5575-922f-4e5b3e136ced	18	13
Lo lasci rimanere.	Let him stay.	6711e9b7-245f-5ae1-a23b-9e141562d3e7	18	13
Lasciatelo rimanere.	Let him stay.	9b5d0ede-d79d-53ae-ab46-1bbadb9df40d	20	13
Lasciala restare.	Let her stay.	ccc5e958-c006-590e-bb5d-753daa96cf7a	17	13
La lasci restare.	Let her stay.	02d4e81c-e835-554c-bd0e-d71dd4bb8beb	17	13
Lasciatela restare.	Let her stay.	5cf341ac-5a84-56f8-b199-11a136fa8db6	19	13
Lasciala rimanere.	Let her stay.	8d25edb5-239b-5a07-8714-d18ccc5a82a3	18	13
La lasci rimanere.	Let her stay.	af6fe6c3-963e-5614-bd05-f841fc0a5dd6	18	13
Lasciatela rimanere.	Let her stay.	bb43770c-46ff-5c16-9624-6f447e90fbc0	20	13
Voglio essere sentito.	I want to be heard.	7bc76d61-4d1e-5779-a1cc-8a9ad3d424cf	22	19
Io voglio essere sentito.	I want to be heard.	78d703ff-381d-5138-a3f6-1f076c4426fe	25	19
Voglio essere sentita.	I want to be heard.	fb0bb14d-7133-5873-8614-f896b04c34b0	22	19
Io voglio essere sentita.	I want to be heard.	72fc6ff2-11b7-5d6d-ae7e-c5654de70886	25	19
Lasciami restare.	Let me stay.	aade0624-958a-5c2e-8304-61c5d3d20642	17	12
Lasciami rimanere.	Let me stay.	0cd4aefe-b72e-531c-bcb1-45822e0e2d01	18	12
Lasciatemi restare.	Let me stay.	4db9e055-d71e-5e29-913b-8642f3c21c1b	19	12
Lasciatemi rimanere.	Let me stay.	bea66e13-71f3-5ee6-bb20-c9c544a3cb2e	20	12
Mi lasci restare.	Let me stay.	2ab662c8-525e-5a4f-8835-6681e5efc949	17	12
Mi lasci rimanere.	Let me stay.	3022deb5-41e6-55e7-8de9-698e6b725783	18	12
Lasciali restare.	Let them stay.	17f0edc0-ea52-5425-9b2e-01a886a346e4	17	14
Lasciale restare.	Let them stay.	45c234e6-0888-5fb3-9632-e767958c871c	17	14
Lasciali rimanere.	Let them stay.	c0af6cd5-55b4-5ceb-8761-2044cdf0b01b	18	14
Lasciale rimanere.	Let them stay.	55b4d6fb-73b6-5f7a-8fcf-d872eb41ce68	18	14
Lasciateli rimanere.	Let them stay.	bd374c8e-eb6a-557b-b272-7836136cf7a8	20	14
Lasciatele rimanere.	Let them stay.	503dba88-562c-5f63-b656-a57753f84e52	20	14
Lasciateli restare.	Let them stay.	064873b3-7885-5e41-8819-a94e252853f6	19	14
Lasciatele restare.	Let them stay.	ba39a17f-87c5-5357-bfa1-a4684828adb2	19	14
Li lasci rimanere.	Let them stay.	cf9a243e-1d54-56ed-a9ed-b07447615b0c	18	14
Le lasci rimanere.	Let them stay.	ad89c16c-5de2-573b-82ca-57bbc2d7ffac	18	14
Li lasci restare.	Let them stay.	b4c7dc54-b5dd-5cdd-b088-f20f8abee68a	17	14
Le lasci restare.	Let them stay.	8f908af7-401d-5d99-9d58-99784cafa64e	17	14
Lasciaci restare.	Let us stay.	6aeaadb3-c5fd-56d4-b07f-fc8f9bbc02d6	17	12
Lasciaci rimanere.	Let us stay.	424a736c-8b17-5cd4-9ddb-eaa4c6aa62b8	18	12
Lasciateci restare.	Let us stay.	4f88b64c-54f6-5cfc-a04a-c65f378b046a	19	12
Lasciateci rimanere.	Let us stay.	d03b4717-c9c8-5e82-b3d7-c90824f846d4	20	12
Ci lasci restare.	Let us stay.	a963baed-580c-571a-b3c7-694094419815	17	12
Ci lasci rimanere.	Let us stay.	a8a02520-0df3-5434-a5f3-c3f0f1d00bc0	18	12
Trasferiscili.	Send them over.	495bf405-56ef-56f7-a221-b0216f413c59	14	15
Trasferiscile.	Send them over.	4d214f88-c92b-577c-bdf5-d2fc1f78770f	14	15
Li trasferisca.	Send them over.	44f32391-59f8-5bb7-a67a-edc992e8e6db	15	15
Le trasferisca.	Send them over.	18eb109d-8043-5c77-89d6-2f6d17dd5bba	15	15
Trasferiteli.	Send them over.	2e2a5a04-3827-5f59-85f3-558989d30a0a	13	15
Trasferitele.	Send them over.	9e395a1b-4801-517a-a463-c7bb0a88ae46	13	15
Sono nato in Unione Sovietica.	I was born in the U.S.S.R.	dda41620-c75e-5e36-9378-7cc25e322aaa	30	26
Io sono nato in Unione Sovietica.	I was born in the U.S.S.R.	fecd7fdd-e55c-5bea-a664-3f0d56114491	33	26
Sono nata in Unione Sovietica.	I was born in the U.S.S.R.	b4d4294b-dba8-5085-b83d-caef5e4efb8c	30	26
Io sono nata in Unione Sovietica.	I was born in the U.S.S.R.	4adac093-7ffb-54ee-9002-42f6ebb93473	33	26
Ho tutti i tuoi album.	I have all your albums.	63cdf933-567a-55e0-a5d6-536c20b5ee55	22	23
Io ho tutti i tuoi album.	I have all your albums.	858b5689-16b7-5f6c-a924-3e5202d71297	25	23
Ho tutti i suoi album.	I have all your albums.	8402af11-3cf4-5937-94ca-9149c5ba2e01	22	23
Io ho tutti i suoi album.	I have all your albums.	595c2705-d04f-55e0-a021-e6eb4a2afc38	25	23
Ho tutti i vostri album.	I have all your albums.	7d9f8114-7a93-5ed8-8d25-2ff4e7c4391d	24	23
Io ho tutti i vostri album.	I have all your albums.	fb61918e-bb19-5b16-b8e6-befaf4295f07	27	23
Trasferiscilo.	Send him over.	88a2a7d9-32c7-5d0b-aff9-2693e1c3216f	14	14
Lo trasferisca.	Send him over.	06459959-afed-5ffd-b9df-acaabcd4e019	15	14
Trasferitelo.	Send him over.	18a769c3-d9d3-52cb-89f6-81aa87fad9e8	13	14
Trasferiscila.	Send her over.	86f310d3-628e-5b49-96eb-a3a541e825df	14	14
La trasferisca.	Send her over.	45277961-3bf7-5237-a87e-097fad349d27	15	14
Trasferitela.	Send her over.	59485c2f-0f43-540f-b278-ee1ad1d39594	13	14
Lasciala riposare.	Let her rest.	0d63b122-541c-5ce5-a708-5b6e383425e4	18	13
Lasciatela riposare.	Let her rest.	84c5a016-c1f5-54e3-81ec-9f0da75edec6	20	13
La lasci riposare.	Let her rest.	348da3ad-82d2-5f6a-bfde-a9151ea02df4	18	13
Lasciali rilassare.	Let them relax.	291d68dc-9c04-59a2-8e40-258c52b6f308	19	15
Lasciale rilassare.	Let them relax.	371ef960-3302-5a1f-8c4b-5c501637cc5e	19	15
Lasciateli rilassare.	Let them relax.	0c327584-dcf0-5067-843b-751f19e3f9ee	21	15
Lasciatele rilassare.	Let them relax.	34369562-22cc-5d72-9272-8f3e486e20b0	21	15
Li lasci rilassare.	Let them relax.	dbee0850-2dd7-5f99-9670-adfc78d3814a	19	15
Le lasci rilassare.	Let them relax.	fd8d162c-1e69-56e4-a6f5-c6b0cc311789	19	15
Ti ho detto di farlo.	I told you to do it.	f6def91f-9897-528c-9b18-44906db0d5fa	21	20
Ti ho detto di farla.	I told you to do it.	c808dd71-0bf6-59f2-ab2b-12279029b808	21	20
Vi ho detto di farlo.	I told you to do it.	17bf5896-d092-50c8-bff2-6a578fd25fce	21	20
Vi ho detto di farla.	I told you to do it.	726bb39e-efdc-5ee0-a3e0-37b3d4d63248	21	20
Le ho detto di farlo.	I told you to do it.	8291cb73-420f-5fbf-9df9-0db42e575ab7	21	20
Le ho detto di farla.	I told you to do it.	9b0c3825-f475-5560-8754-d4ba1e320513	21	20
Lascialo rilassare.	Let him relax.	9c55d642-95e2-57bd-8351-c91844ce9f6a	19	14
Lo lasci rilassare.	Let him relax.	96169b93-4492-5f9d-84a6-007764d79ef0	19	14
Lasciatelo rilassare.	Let him relax.	6ef7ef38-289e-5eef-8219-957d08701604	21	14
Lasciala rilassare.	Let her relax.	897a48d5-e8d8-550d-9895-994836786b2d	19	14
La lasci rilassare.	Let her relax.	bdb2aa44-87e4-5500-b21f-2916b4fbb3bd	19	14
Lasciatela rilassare.	Let her relax.	188bba38-c558-5ca4-b8cb-85b7373741d6	21	14
Lasciali vivere.	Let them live.	12667f25-41b5-520c-bca2-d922adcd8a6e	16	14
Lasciale vivere.	Let them live.	d0e01201-2ab9-5a61-9bac-d57a1b59cb73	16	14
Lasciateli vivere.	Let them live.	275a6cda-a7f8-5d71-b990-4fa2c5c42dd0	18	14
Lasciatele vivere.	Let them live.	b26e0f74-5fb1-5c9a-a3bc-be34f7239069	18	14
Li lasci vivere.	Let them live.	6de0c634-c868-5d1f-896b-19931364d222	16	14
Le lasci vivere.	Let them live.	c843ad9b-489d-5249-87fa-d8dc49cb6a70	16	14
Lascialo vivere.	Let him live.	cdeb282a-47c8-5158-a998-8f1d8ed5697d	16	13
Lo lasci vivere.	Let him live.	77aba590-7a45-5a3b-a035-91a4b4879301	16	13
Lasciatelo vivere.	Let him live.	e0ee7f52-d5b4-576e-a724-3e66ab9ccf3e	18	13
Lasciala vivere.	Let her live.	1c2369c1-625d-5045-9bee-ff54b2014418	16	13
La lasci vivere.	Let her live.	56f9fa4b-5ef2-549a-8d63-0a13b60f797a	16	13
Lasciatela vivere.	Let her live.	3700670a-f186-569a-8fa1-eb0400eb53af	18	13
Tienili impegnati.	Keep them busy.	86dee831-89cd-5c9c-8844-de9db60c06df	18	15
Tienile impegnate.	Keep them busy.	f5c9b5c6-50fe-51c4-bc8e-129f92940fbd	18	15
Li tenga impegnati.	Keep them busy.	8b54bd1b-8cd7-51b9-a02c-0368e732b876	19	15
Le tenga impegnate.	Keep them busy.	519726f9-0aee-5c1a-a28f-2d844bbbfb25	19	15
Teneteli impegnati.	Keep them busy.	cbfa3f9b-d2ff-5ff2-b051-95519dac95e2	19	15
Tenetele impegnate.	Keep them busy.	d64f98fa-8b54-5787-b469-6bb2289dd4d5	19	15
Tienili occupati.	Keep them busy.	e92f6bf6-b6a0-5605-9d5f-e0178e65feab	17	15
Tienile occupate.	Keep them busy.	2299b7ac-4a38-5b00-a6e9-30fa2e7bd69c	17	15
Li tenga occupati.	Keep them busy.	7e4cf53a-d522-5617-8a1c-9dc14bcceaec	18	15
Le tenga occupate.	Keep them busy.	55ee223e-c05c-5b7b-a646-9fed5c5e7512	18	15
Teneteli occupati.	Keep them busy.	43ade615-396d-52b2-8113-291b3b658f16	18	15
Tenetele occupate.	Keep them busy.	adf3a26b-1693-5097-a0ee-84e3c1c05e93	18	15
Tienilo impegnato.	Keep him busy.	193fa369-f553-5546-80cd-65fa69c489c4	18	14
Tenetelo impegnato.	Keep him busy.	d147560f-6d23-5f7d-ae44-5498e51884d5	19	14
Lo tenga impegnato.	Keep him busy.	ef4ee447-4c70-5ae5-aafd-bbc625ebafc7	19	14
Tienilo occupato.	Keep him busy.	ee039e2e-81c4-5ca9-b665-f3d74c8d264f	17	14
Lo tenga occupato.	Keep him busy.	cf5aee93-8849-5cc7-ba75-9da5aa0932d6	18	14
Tenetelo occupato.	Keep him busy.	35a61d4b-5622-54db-b0a4-c034ceef9248	18	14
Tienila impegnata.	Keep her busy.	80ba1b80-385a-5a2b-bdba-032b75ee7931	18	14
La tenga impegnata.	Keep her busy.	d65f798d-92fb-5e0e-bf3d-87565e9676ee	19	14
Tenetela impegnata.	Keep her busy.	194f7392-446a-54b8-9dd2-6110ff5bc32b	19	14
Tienila occupata.	Keep her busy.	ef8d7eda-f642-5124-af70-6088fd66e69f	17	14
La tenga occupata.	Keep her busy.	e572b1ea-c331-5988-86eb-4d5ca8c90387	18	14
Tenetela occupata.	Keep her busy.	79e15c7b-82f6-5c75-b95d-bb65933b4848	18	14
Chi è al volante?	Who's at the wheel?	c92aa9bc-a91f-5a00-9154-117235e12891	17	19
La domanda è chi andrà lì per lui.	The question is who will go there for him.	8f3a1b5c-5eaa-5675-9296-cf8e50a69f22	34	42
Ero via per qualche anno.	I was away for a few years.	9f07b859-6c9b-56dc-a9ed-2a412a45a4df	25	27
Io ero via per qualche anno.	I was away for a few years.	fd01db95-1fac-5449-a1e9-ef600acb091b	28	27
Ci intimidisci.	You intimidate us.	d6f471fc-65d7-5ad2-901a-a9ca01cd4366	15	18
Tu ci intimidisci.	You intimidate us.	5cfaf787-985f-5c8e-915c-2d87e6c30827	18	18
Ci intimidisce.	You intimidate us.	6e4ffa6b-66fc-5a1f-ab39-7db0794edabe	15	18
Lei ci intimidisce.	You intimidate us.	888d4fc1-79e0-59e3-808b-731ed20e1e03	19	18
Ci intimidite.	You intimidate us.	99996efb-4f0b-5566-baa1-2c819e0a36f2	14	18
Voi ci intimidite.	You intimidate us.	6d749319-1211-5786-9878-8c7aa99dbef6	18	18
Li intimidisci.	You intimidate them.	47626edf-8260-5198-988c-1d49363e6e1a	15	20
Tu li intimidisci.	You intimidate them.	40da2e76-9898-5930-a88d-14073a9b001c	18	20
Le intimidisci.	You intimidate them.	47e47fef-80c3-540d-ae03-f2743066497c	15	20
Tu le intimidisci.	You intimidate them.	0ad0ab08-8398-52b3-a34f-0e9ec6644bd1	18	20
Le intimidisce.	You intimidate them.	54d0b398-45b3-5f8c-84ba-0bcfcbc1752b	15	20
Lei le intimidisce.	You intimidate them.	607c5a2d-edb2-5612-bb88-bfda02aa0daa	19	20
Le intimidite.	You intimidate them.	0cb32e43-3206-5ad2-942d-542f271de912	14	20
Voi le intimidite.	You intimidate them.	8084da15-a078-58c8-978b-46c2788afc77	18	20
Li intimidisce.	You intimidate them.	1ae63319-a82d-5a2c-83d8-3f53fc90a083	15	20
Lei li intimidisce.	You intimidate them.	6384db62-73ad-58b5-a1c5-4bcd50b321de	19	20
Li intimidite.	You intimidate them.	237701cf-98f8-545f-af8a-9142fa3af765	14	20
Voi li intimidite.	You intimidate them.	28da7d15-d8b3-56c8-b748-db23b090da9b	18	20
Mi intimidisci.	You intimidate me.	eebc0ce6-96f0-5ab0-b20e-0cd5afb20014	15	18
Tu mi intimidisci.	You intimidate me.	b3f9ec84-3bf8-5ae4-b248-bcfb0bb67c59	18	18
Mi intimidisce.	You intimidate me.	eab1a45a-e6e4-55f6-a1ce-d82008566986	15	18
Lei mi intimidisce.	You intimidate me.	013588bf-32c8-5dea-9e69-ae0475c1849b	19	18
Mi intimidite.	You intimidate me.	80c1df2a-aaac-5a39-9ce8-fc7abda08347	14	18
Voi mi intimidite.	You intimidate me.	a17f3985-1225-5104-8d49-2776ce3fac10	18	18
Lo intimidisci.	You intimidate him.	043e348b-2f73-5b08-a8ee-931040dff7ca	15	19
Tu lo intimidisci.	You intimidate him.	a7404860-b6ff-5082-8978-2f11721ce2b6	18	19
Lo intimida.	You intimidate him.	c828396f-af1a-5720-baf8-64c9dbab4496	12	19
Lei lo intimidisce.	You intimidate him.	6593872f-22dd-54d4-9c4d-2fc300a747b2	19	19
Lo intimidite.	You intimidate him.	e54ef5f3-cd06-5791-898c-d4ed77ed44a3	14	19
Voi lo intimidite.	You intimidate him.	b5d8c122-59b2-51e1-adec-f3f059b239e2	18	19
La intimidisci.	You intimidate her.	bd259ccf-17ac-5bd6-8764-37c1d041a719	15	19
Tu la intimidisci.	You intimidate her.	3a769679-d789-5e69-abe3-781e2b91494e	18	19
La intimidisce.	You intimidate her.	4ea44b25-9071-508d-88ad-da0bccbcc8c4	15	19
Lei la intimidisce.	You intimidate her.	f39a0b8f-d917-5e86-aa7d-a5ed9e601edf	19	19
La intimidite.	You intimidate her.	c43f6a2b-c580-51b1-b86f-6228c9de0764	14	19
Voi la intimidite.	You intimidate her.	e1b763a7-73a0-5605-886e-b2c4126a2c98	18	19
Li abbiamo abbracciati.	We hugged them.	b6495236-992e-5973-b1d5-906d389edaac	23	15
Noi li abbiamo abbracciati.	We hugged them.	73a30435-1466-555d-bf93-a34eebeafbbf	27	15
Le abbiamo abbracciate.	We hugged them.	c321c608-f7f1-5eca-972c-4c0f693996c8	23	15
Noi le abbiamo abbracciate.	We hugged them.	1e275c4a-21e7-5f4c-ba55-b556402fb3d9	27	15
Lo hanno abbracciato.	They hugged him.	8024cb42-6f0a-5694-a67d-3ea9b972b3f6	21	16
Loro lo hanno abbracciato.	They hugged him.	9c90ec8f-49ab-530b-acf2-06cced5260c5	26	16
L'hanno abbracciato.	They hugged him.	139b3d7e-dd7a-51bc-9d76-c4de248c7aa1	20	16
Loro l'hanno abbracciato.	They hugged him.	95be4acf-d6a9-56af-bc37-4b7c97abe070	25	16
Chi ci ha assunti?	Who hired us?	ddff2424-3240-529a-9dc0-a1e4fd37a051	18	13
Chi ci ha assunte?	Who hired us?	a0fcac77-aef2-536b-82a8-b5312cb53c84	18	13
Chi li ha assunti?	Who hired them?	36dfc828-de60-59ba-9d4c-4070938c8dc3	18	15
Chi le ha assunte?	Who hired them?	78f27f1b-720c-5b64-ac52-815e022d04ae	18	15
Li abbiamo assunti.	We hired them.	c4313f3f-c8d5-58d1-bc50-d4cefc41fab2	19	14
Noi li abbiamo assunti.	We hired them.	31944dea-9de0-53a8-b5d8-403f17fcac48	23	14
Le abbiamo assunte.	We hired them.	eed0e438-52cd-556a-b47d-3fd6ef1c1c14	19	14
Noi le abbiamo assunte.	We hired them.	15dbf4a7-c252-56fc-a339-5292f77ae370	23	14
Lo abbiamo assunto.	We hired him.	bce92a83-74e5-515b-9bc6-e95d3a85bc9e	19	13
Noi lo abbiamo assunto.	We hired him.	69af7631-4c6b-5f04-9b56-dc3ae34b3a96	23	13
La abbiamo assunta.	We hired her.	5dd88e4b-8e1b-599c-9163-64792b3652b1	19	13
Noi la abbiamo assunta.	We hired her.	346ecdda-4284-58cd-aeec-97f4c94cde21	23	13
Lo hanno assunto.	They hired him.	cd7a5636-1615-5b21-92c2-b32d5e179020	17	15
Loro lo hanno assunto.	They hired him.	8e404e6a-6cc3-53ca-9188-127d521b6d22	22	15
La hanno assunta.	They hired her.	26de7f22-94bd-5268-850f-f435875fd247	17	15
Loro la hanno assunta.	They hired her.	518c0d3b-e515-5871-abb4-7049320b9a66	22	15
Vai ad aiutarli.	Go help them.	66e2e585-e114-501f-bcab-c7e11b6253f9	16	13
Vai ad aiutarle.	Go help them.	3c0b5cfe-3f86-5fcf-a954-ed2ed1f1472f	16	13
Vada ad aiutarli.	Go help them.	5de6d5d2-97cd-54c1-bb3e-34f8c9d71da0	17	13
Vada ad aiutarle.	Go help them.	78c3a9eb-30c6-51b8-9de9-4f18e0f467fb	17	13
Andate ad aiutarli.	Go help them.	8aac33af-0090-5d42-8f1b-6cd5eec9a465	19	13
Andate ad aiutarle.	Go help them.	902d45f8-7e05-52dc-b8e8-0b76089ca257	19	13
Li vada ad aiutare.	Go help them.	61778803-2f02-5bc2-af72-5d76a46c0cd7	19	13
Le vada ad aiutare.	Go help them.	e833a012-5517-5656-ae1a-12d182a62eff	19	13
Vai ad aiutarla.	Go help her.	f3b719a6-e561-52c8-9f0b-4119f8467170	16	12
Vada ad aiutarla.	Go help her.	12d9c1cc-b8c0-5600-853b-4d7ff299289f	17	12
La vada ad aiutare.	Go help her.	b485b8dc-85cd-51b6-834a-3bbc46d007a4	19	12
Andate ad aiutarla.	Go help her.	a8f3e71f-3529-5a3e-8fae-029b5fe29cf9	19	12
Li abbiamo sentiti.	We heard them.	4f593ad8-7274-5406-9357-4369bdefe8ce	19	14
Le abbiamo sentite.	We heard them.	3a79c542-6c07-549d-8da4-11929fc18880	19	14
Lo abbiamo sentito.	We heard him.	d7184431-69fb-5dc1-959b-9a1804d9cf59	19	13
La abbiamo sentita.	We heard her.	4fd59983-6880-552b-8894-382c676b5a3a	19	13
Li ho sentiti.	I heard them.	0c712e2e-d288-5945-8af8-c0ade5b47b5e	14	13
Le ho sentite.	I heard them.	292c8cd7-918e-5f45-aa8e-29725174613b	14	13
Li odiavamo.	We hated them.	d7ba7f6e-25eb-5838-924b-e572962cd8f8	12	14
Noi li odiavamo.	We hated them.	a3bf1b0e-17e1-563d-85cd-49395ae5e294	16	14
Le odiavamo.	We hated them.	9acd5845-6d85-51cf-a75d-07423a0b337c	12	14
Noi le odiavamo.	We hated them.	38e4c5ad-6344-532a-b87f-eec03d747c6d	16	14
Tom ci odiava.	Tom hated us.	1f04370c-4f81-5cbb-8d1c-0277c954f59e	14	13
Tom li odiava.	Tom hated them.	182fa1e5-7c3d-59e8-a78d-16c6fd0c96dc	14	15
Tom le odiava.	Tom hated them.	737db148-e656-59e8-9abc-a12b84f4da5a	14	15
Tom mi odiava.	Tom hated me.	e7a5617b-6215-52b1-b6ea-6038a2686223	14	13
Lo odiavano.	They hated him.	18050e61-d14a-55a1-ae3b-841aba95437d	12	15
La odiavano.	They hated her.	73a75831-078e-517c-bdc4-294e2a2e0673	12	15
Li odiamo.	We hate them.	66a9c9a3-784d-53c4-9377-48a13b653fd5	10	13
Le odiamo.	We hate them.	b34fa179-f50c-5909-9b40-9bb8194c6d07	10	13
Tom li odia.	Tom hates them.	4245a3a0-caf0-5872-8817-dc61a956081f	12	15
Tom le odia.	Tom hates them.	e5c31474-caeb-5a07-963c-4c2d9d8644b9	12	15
Lo odiano.	They hate him.	9deee3e5-888a-5831-9e54-6df26b03c415	10	14
La odiano.	They hate her.	a9165292-8a98-50ba-a77e-e183a30bc69c	10	14
Lo perdonai.	I forgave him.	786f0a14-c5a4-54e5-8181-3eff2b90b8a7	12	14
Aspettali.	Wait for them.	9f462947-4338-5d6c-a79f-98398a6763d2	10	14
Aspettale.	Wait for them.	f92f85c5-ec67-5b47-a1aa-d88cb4b0b10c	10	14
Li aspetti.	Wait for them.	b73ed511-690a-5c3e-8da4-bfaa4296e284	11	14
Le aspetti.	Wait for them.	90187662-7350-5cae-9170-2a708135c353	11	14
Aspettateli.	Wait for them.	2490fa2b-33c9-5ab4-96d7-0b85329b5148	12	14
Aspettatele.	Wait for them.	68caaaf5-a1a7-5ee6-a270-c28ba877fca4	12	14
Aspettalo.	Wait for him.	ba0946d2-e191-52ae-ad9f-1021c1b7779e	10	13
Lo aspetti.	Wait for him.	0e81941b-f519-51e5-9f0f-1b5f67dba4f4	11	13
Aspettatelo.	Wait for him.	4dd18644-daff-5cf8-968f-6870fc1252b1	12	13
Vota per lui.	Vote for him.	87ab33e4-657c-5f77-b130-39709851a42b	13	13
Votate per lui.	Vote for him.	f61663d0-b618-598a-b51f-283fa0d41963	15	13
Voti per lui.	Vote for him.	56eaf7b9-9058-5ed0-89fb-7c00cb5f495c	13	13
Vota per lei.	Vote for her.	c6da0b33-a822-5a17-bbda-3c5fc5a35856	13	13
Votate per lei.	Vote for her.	ed51e805-a603-50b7-919c-c1e7312bb2ca	15	13
Voti per lei.	Vote for her.	1a7b6cba-87c8-5bbf-a68f-424ddeca4807	13	13
Prega per noi.	Pray for us.	e65ccac5-45df-5ff2-b763-44b4fbeb7355	14	12
Pregate per noi.	Pray for us.	b53554c3-8f6f-5fab-9006-8b14696a5f16	16	12
Preghi per noi.	Pray for us.	a2206d23-8234-5a09-946d-6ae6be2d695a	15	12
Prega per loro.	Pray for them.	9c1de83d-d137-5de0-b93e-790fd0a21495	15	14
Pregate per lui.	Pray for him.	aee22f4e-1252-55ac-926c-3458c8ee4058	16	13
Preghi per lui.	Pray for him.	6ea89fe9-d886-5335-9f1e-938f3e1c498e	15	13
Prega per lui.	Pray for him.	81e14e8e-52f1-5195-bf00-ae911d913e52	14	13
Preghi per loro.	Pray for them.	a0ec4458-16f9-5521-a017-f6ed9996bd09	16	14
Pregate per loro.	Pray for them.	fb43439b-ac79-5bf8-a74d-2691f65eae33	17	14
Prega per lei.	Pray for her.	be51ef28-3012-582c-a04f-761ef32b6b7d	14	13
Pregate per lei.	Pray for her.	f772a9db-3d02-5d43-8a3d-c0daa02d7ebb	16	13
Preghi per lei.	Pray for her.	e5286e26-ac08-5ce8-bf55-c6c56dc536e8	15	13
Chiedi di lui.	Ask for him.	fb5a0341-b274-5422-9e9c-a57d7bd74a73	14	12
Chieda di lui.	Ask for him.	895367eb-2832-5c5a-b748-3407a0a1ef91	14	12
Chiedete di lui.	Ask for him.	e891c9f6-0039-5cfd-8b1e-f476393ed2f0	16	12
Chiedi di lei.	Ask for her.	dd71d3c1-0d25-5e6b-803d-748efb543817	14	12
Chieda di lei.	Ask for her.	9363f749-d2ae-50fc-b3ed-8fdda3d6c2bc	14	12
Chiedete di lei.	Ask for her.	1c435f66-6873-5a5c-99e0-a723caf03d72	16	12
Li abbiamo seguiti.	We followed them.	f05f5219-2152-5a49-9905-425780454f86	19	17
Le abbiamo seguite.	We followed them.	65d87cf2-7034-557e-9154-df1030581c91	19	17
Lo abbiamo seguito.	We followed him.	53e695fc-9909-5253-b066-cdd16eb092a8	19	16
Tom li ha seguiti.	Tom followed them.	21341b34-cfc5-55ce-8d49-1f62b7bc570b	18	18
Tom le ha seguite.	Tom followed them.	f68c8d4d-8285-584e-ac10-50bc8945cf23	18	18
Lo hanno seguito.	They followed him.	4eb36538-274c-593a-b2d9-3ee4b84abafa	17	18
La abbiamo seguita.	We followed her.	1da41e3e-e042-572c-9a99-651e399b840a	19	16
L'abbiamo seguita.	We followed her.	e2009c21-9c9d-5f6f-ba09-8ed4bd28f92c	18	16
L'hanno seguita.	They followed her.	6291f0ea-2670-5755-8af5-2c12ce2edf35	16	18
Il cancello è stato lasciato aperto.	The gate was left open.	5f1987bb-2991-5869-b798-1b213872cfe4	36	23
Non parlarle così.	Don't talk to her like that.	963fa8e9-4044-53ff-854c-8ad3fc7e561f	18	28
Non le parli così.	Don't talk to her like that.	185dbb15-a71e-5e31-8681-45d0bcf7cfff	18	28
Non parlatele così.	Don't talk to her like that.	61cc27ac-aa81-574f-83db-258da922d58e	19	28
Li hai perdonati?	Have you forgiven them?	656c3701-f504-59c5-94e0-9337acbcceb5	17	23
Le hai perdonate?	Have you forgiven them?	c3bcacd0-b343-5fae-b148-0b6b4d3eef65	17	23
Li ha perdonati?	Have you forgiven them?	0842fe75-3510-5d78-ab65-eb76b29317e4	16	23
Le ha perdonate?	Have you forgiven them?	80c3b310-aa49-518e-a774-d7a1caf0f43b	16	23
Li avete perdonati?	Have you forgiven them?	758c2425-8762-5ed6-b1f0-8097b8858f78	19	23
Le avete perdonate?	Have you forgiven them?	b9f042a3-2b54-5282-801c-e0fb082c6cf2	19	23
Sono andato a parlare con loro.	I went to talk to them.	54b3c059-f43a-5e36-88bb-44395d996932	31	23
Sono andata a parlare con loro.	I went to talk to them.	9e4e807b-a81f-56db-a57f-7cc3f2d2317b	31	23
Non li sto incolpando.	I'm not blaming them.	278727b6-23d9-52dd-96ae-40568b4d0933	22	21
Non le sto incolpando.	I'm not blaming them.	173efd7f-c0d0-5e5f-b234-f733547b3156	22	21
Non sono seduto accanto a loro.	I'm not sitting next to them.	d7fd7e9b-0108-50ef-b62d-f898b7f91976	31	29
Non sono seduta accanto a loro.	I'm not sitting next to them.	596afeb4-ea1d-5281-b328-4a45c614e70d	31	29
Li porterò.	I'll bring them.	8275c26f-4dcf-5398-80d6-39e96779fb1e	11	16
Le porterò.	I'll bring them.	238a0772-8d0f-50ad-a489-19b13364ebc5	11	16
Vogliono che parli con lui.	They want me to talk to him.	4dcb6dee-09b0-517e-9e09-708205bf562a	27	28
La voglio fuori dalla mia vita.	I want her out of my life.	bb596eb7-e096-5950-a603-14a4a3dee6a7	31	26
Lo voglio fuori dalla mia vita.	I want him out of my life.	22d7dddb-dd21-5a04-8eab-13336782f7bc	31	26
Ho comprato questo per loro.	I bought this for them.	afcc667e-1ebc-5fd4-9d8e-ad23ea91f215	28	23
Non riusciamo a trovarlo.	We can't find him.	e23fccf3-aa40-59b7-afab-77b5f51a6cf5	25	18
Non lo riusciamo a trovare.	We can't find him.	8548fbd2-e8ec-5893-a222-060645e9a447	27	18
Non riusciamo a trovarla.	We can't find her.	2e766e5a-4c94-5804-8906-4bfa4927c45a	25	18
Non la riusciamo a trovare.	We can't find her.	cef3c22e-5d3c-5197-8c15-9a3dfc7b31e3	27	18
Non possiamo lasciarli morire.	We can't let them die.	6466134b-e258-56d1-b974-a1d19555f947	30	22
Non possiamo lasciarle morire.	We can't let them die.	399eb3ea-6839-5a03-8359-934359228716	30	22
Non li possiamo lasciare morire.	We can't let them die.	db62a6f2-7574-59a6-bb28-4b401bac6aa4	32	22
Non le possiamo lasciare morire.	We can't let them die.	71c7f5d4-de3f-5861-a10d-95ed606dad7c	32	22
Devo convincerlo a venire.	I have to convince him to come.	b5d2c68d-02b8-5e9d-ac8a-319fd6f5e937	26	31
Le dissi la verità.	I told her the truth.	75cb33a9-4240-584f-817f-8cb210ce524e	19	21
Gli ho detto la verità.	I told him the truth.	fe8635c3-1bda-50e5-aca6-f4dbc7978f46	23	21
Gli dissi la verità.	I told him the truth.	adf322c3-b14a-593f-af77-fda110803336	20	21
Perché non dai loro un colpo di telefono?	Why don't you give them a call?	0f9e2728-2daa-5922-b6fe-4ae7dfe1edd7	41	31
Perché non dà loro un colpo di telefono?	Why don't you give them a call?	88f16d83-d0ca-56d7-a807-3f618b527415	40	31
Perché non date loro un colpo di telefono?	Why don't you give them a call?	8b6e1bfa-b889-5012-9387-5a163e9b0267	42	31
Cosa dirai a loro?	What'll you tell them?	87e2bfc7-406d-5126-8082-a715ded93bbd	18	22
Cosa dirà a loro?	What'll you tell them?	cc2d48ca-8467-5390-bf57-02493421c44e	17	22
Cosa direte a loro?	What'll you tell them?	ce99e509-71e1-55ac-b158-75d305bafacf	19	22
Mi ricorda loro.	It reminds me of them.	e250c410-009b-5259-88ac-ddc58830061b	16	22
Voglio solo loro.	I only want them.	5654c4fd-309b-52f6-a27c-b95d0a87acf3	17	17
Voglio soltanto loro.	I only want them.	40c231b1-4eea-5027-85c4-c88cee3c803f	21	17
Voglio solamente loro.	I only want them.	144dbb20-fef0-5001-b9a4-0a884197c982	22	17
Li cercherò ora.	I'm going to look for them now.	f10b347b-01a1-5a50-9494-07f6feb045ce	16	31
Le cercherò ora.	I'm going to look for them now.	50e7690b-7e44-51b3-bb2e-7b94793b26dc	16	31
Li cercherò adesso.	I'm going to look for them now.	2c638bbf-a169-5a77-8970-68a1972dc9ef	19	31
Le cercherò adesso.	I'm going to look for them now.	c20aa282-4fbd-51c1-a55a-312cb474d366	19	31
Dobbiamo trovare loro prima.	We've got to find them first.	04ff5414-12b2-5a1c-a116-2f3a43e00272	28	29
Vuole qualcosa di freddo da bere.	He wants something cold to drink.	18c21f39-472f-5b84-be60-d11c5d3568e7	33	33
Lui vuole qualcosa di freddo da bere.	He wants something cold to drink.	fb476ec6-ac9a-5788-a976-793671a9f1fd	37	33
Avrei dovuto chiedere a Tom prima.	I should've asked Tom first.	f647753c-f2d8-573f-9ee5-68672165556b	34	28
L'ho vista ieri mattina.	I saw her yesterday morning.	68257362-20cc-55e7-9a25-40af414625a5	24	28
L'ho visto ieri mattina.	I saw him yesterday morning.	2e66d9c6-f9c8-57a5-af76-a80f4adb1f88	24	28
Li ho incontrati in chiesa.	I met them at church.	38fc1b71-1319-5969-8969-0275d2c79331	27	21
Le ho incontrate in chiesa.	I met them at church.	e6a97a2c-5386-5eeb-946b-cfb6569b509c	27	21
Li ho conosciuti in chiesa.	I met them at church.	0f0736a0-0ce1-50ea-b62a-98d5d661d3a1	27	21
Le ho conosciute in chiesa.	I met them at church.	285882dc-e114-52a8-85e1-6ee597508338	27	21
Perché non glielo hai detto?	Why didn't you tell him?	9c797985-ff5b-5d14-a0e7-d7a1034a5076	28	24
Perché non glielo ha detto?	Why didn't you tell him?	57ea1967-aa41-534e-81b6-cde7981ad390	27	24
Perché non glielo avete detto?	Why didn't you tell him?	43720184-bd6a-5a45-a87f-2f0da12d4ebc	30	24
Le credevamo.	We believed her.	b8ade28a-b90a-54b3-b5c6-6ba945cb579a	13	16
Noi le credevamo.	We believed her.	e380933e-c7df-5cc3-9942-baa15db00213	17	16
Gli credevamo.	We believed him.	887a0eb8-b514-507d-8ff0-a926a99826f3	14	16
Noi gli credevamo.	We believed him.	6b0c76be-387f-59f3-8c0b-a0753f5513ee	18	16
Non la voglio in questa stanza.	I don't want her in this room.	2d65153c-58a1-5e74-85b2-178348ea2143	31	30
Ha attraversato il ponte.	He crossed the bridge.	be434405-33bd-54f0-a5ab-0e555b87951a	25	22
Attraversò il ponte.	He crossed the bridge.	eb756ed3-c2b7-554b-8d67-30ea21e2bb33	20	22
Facciamo quello che Tom vuole che facciamo.	Let's do what Tom wants us to do.	4c312ab0-1b0b-51c1-923b-860c35114ffb	43	33
Non posso aspettarlo.	I can't wait for him.	5d242c50-b89b-54a1-9246-20603742604d	21	21
Non riesco ad aspettarlo.	I can't wait for him.	e8851694-a5db-5555-970d-c75dd1d347d4	25	21
Lo incontrerai.	You'll meet him.	1adb8e98-0956-5c36-982f-c0ad1710faa4	15	16
Lo incontrerà.	You'll meet him.	404205bf-9601-5ea3-9dae-ed5c7ab72c59	14	16
Lo incontrerete.	You'll meet him.	a0480c02-1685-5e0e-b494-c499f61457d1	16	16
Lo conoscerai.	You'll meet him.	b0da4564-8111-5555-8f7f-433f7748c67e	14	16
Lo conoscerà.	You'll meet him.	9e236f2b-05e1-51a9-beb0-241f4d1f495a	13	16
Lo conoscerete.	You'll meet him.	322bede5-f5a8-5193-9c90-52f33484b466	15	16
La incontrerai.	You'll meet her.	7f001dc7-e144-5a40-a956-c10df282c858	15	16
La incontrerà.	You'll meet her.	0c238cbc-587b-53c8-a287-bc50ed819067	14	16
La incontrerete.	You'll meet her.	26963a43-422e-555f-a2bd-88a5ef61c82f	16	16
La conoscerai.	You'll meet her.	ea1e66a0-2a10-57a6-9d02-4ed3859e343e	14	16
La conoscerà.	You'll meet her.	eb9b2b84-dfba-5881-a343-7b62e3e02b56	13	16
La conoscerete.	You'll meet her.	f743baba-12a9-5638-9184-8eb917a3c678	15	16
Hanno fatto qualcosa per lei?	Did they do something to her?	9c31693c-a8da-54a9-bd47-bee0d16b5f2c	29	29
Loro hanno fatto qualcosa per lei?	Did they do something to her?	d5014f8d-c13a-5bd7-a1fe-6837f360d7c8	34	29
Hanno fatto qualcosa per lui?	Did they do something to him?	437b34a8-9acf-59d1-ac6a-1b2147904984	29	29
Loro hanno fatto qualcosa per lui?	Did they do something to him?	20d133cd-1885-5e86-a00f-c18aff38f331	34	29
Hanno diviso il pane in due pezzi.	They divided the bread into two pieces.	fd9475a7-e466-5a91-9f1e-b45732dd771c	34	39
Divisero il pane in due pezzi.	They divided the bread into two pieces.	055f8027-f86f-5ad9-a47f-e9e83beecbfe	30	39
Non scoraggiamoli.	Let's not discourage them.	3710b7ca-33c2-50e1-bab5-4be1c1295f86	18	26
Non scoraggiamole.	Let's not discourage them.	ea6cf096-34b7-5c8c-871c-101f40ff1c47	18	26
Non scoraggiamolo.	Let's not discourage him.	4e3b65c5-16c3-51b3-9ae9-2c5cbc66dd36	18	25
Non scoraggiamola.	Let's not discourage her.	e0fb4194-3e7a-5494-bb13-69ac3910fb29	18	25
Io sono felice per lei.	I'm happy for her.	efdf28e9-ce70-501c-b15c-2975b8cfe10b	23	18
Sono felice per lui.	I'm happy for him.	14f4b43e-4fe1-5e42-94fe-bb67dda3fdd8	20	18
Io sono felice per lui.	I'm happy for him.	cc231ae5-838c-56c0-ab84-956a839fda63	23	18
Di' loro di aiutarmi.	Tell them to help me.	e59ba507-0d5d-5caa-87a6-7918faf4bf39	21	21
Dica loro di aiutarmi.	Tell them to help me.	cfea06a4-e362-573c-8ac1-811596b99a58	22	21
Dite loro di aiutarmi.	Tell them to help me.	160bb8ea-dd67-53bf-9aaa-9472aa546de8	22	21
Forse non ho bisogno di lei.	Maybe I don't need her.	190ceb80-1c32-57f2-8855-2d2e9f7b7677	28	23
Forse non ho bisogno di lui.	Maybe I don't need him.	c2fcef75-64ae-5028-9660-9dde6f5da486	28	23
Li ho chiamati oggi.	I called them today.	8bbde3c7-9124-521f-b560-ef1f17c4edb1	20	20
Le ho chiamate oggi.	I called them today.	cce03123-0434-593a-954d-c4383aaa7cee	20	20
Per piacere, diglielo.	Please tell him.	16b27ce8-31ce-5295-baf9-481e3fffc05f	22	16
Per favore, diglielo.	Please tell him.	4f02cbdd-6c83-533d-96ae-261311c8549b	21	16
Per piacere, glielo dica.	Please tell him.	b3f6ea56-ffa5-573c-8013-41940421d256	25	16
Per favore, glielo dica.	Please tell him.	8358f221-b938-5e70-bf32-ede38e4ace65	24	16
Per piacere, diteglielo.	Please tell him.	100bd5cd-1cc5-5186-8edb-725d5c2ffefc	24	16
Per favore, diteglielo.	Please tell him.	e88f629d-094c-50f1-a5e0-5df5cedd4cb6	23	16
Gli ho detto che non ero stanco.	I told him that I wasn't tired.	3497d67a-dce3-5bc2-ad79-1e19b6197d2e	32	31
Gli ho detto che non ero stanca.	I told him that I wasn't tired.	f5b5b2e5-6c01-522a-a4cd-e0319c7ba51d	32	31
Gli dissi che non ero stanco.	I told him that I wasn't tired.	24225e0d-926e-53b6-b730-f2fa21685215	29	31
Gli dissi che non ero stanca.	I told him that I wasn't tired.	017eea6e-558f-584d-ba4a-29a9b8ba5e18	29	31
Le ho detto che non ero stanco.	I told her that I wasn't tired.	d7b04123-ae2b-5143-a4d4-22b2d94988a7	31	31
Le ho detto che non ero stanca.	I told her that I wasn't tired.	432acb8c-e4bb-5dc8-aeaf-c3e01c4efbe9	31	31
Le dissi che non ero stanco.	I told her that I wasn't tired.	865f0cfb-431e-53f3-a125-852776d58080	28	31
Le dissi che non ero stanca.	I told her that I wasn't tired.	e8d85d47-afe6-55a3-80e3-2c421bafe2e7	28	31
Quando sei stato licenziato?	When were you fired?	4630d455-fffd-5360-9739-fe31dac445f8	28	20
Quando sei stata licenziata?	When were you fired?	4cb42e29-6de5-5109-980e-48d706e7c8ae	28	20
Quando è stato licenziato?	When were you fired?	dcf14f1f-a399-570e-9af0-e93f83ecdbb2	26	20
Quando è stata licenziata?	When were you fired?	79956e36-5fae-5f91-9ded-bbf047405bc7	26	20
Quando siete stati licenziati?	When were you fired?	082a7245-31e7-56da-8953-387b54497874	30	20
Quando siete state licenziate?	When were you fired?	7bd5cd1d-e616-5ac7-8a62-3cbd76f89dcf	30	20
Sfortunatamente, non è successo.	Unfortunately, that hasn't happened.	b7e10717-cb56-5456-aeba-3b990e5f97fe	32	36
Sfortunatamente, non è capitato.	Unfortunately, that hasn't happened.	363fbde3-870a-5aab-b371-749530ec3e8e	32	36
Lavoro domani.	I'm working tomorrow.	d64e99e0-71e7-5462-a50b-333f4845ebde	14	21
Io lavoro domani.	I'm working tomorrow.	acf9d4c6-1bd3-5e81-b2d8-493deb175f33	17	21
Tom è scomparso nella foresta.	Tom disappeared into the forest.	12b0243b-f051-51fe-aaa3-8acb046e6588	30	32
Tom scomparve nella foresta.	Tom disappeared into the forest.	0eef75f3-17cc-5137-b11e-ec74c18b6875	28	32
Tom sembra un po' più felice.	Tom is looking a bit happier.	59539fb6-6c4c-507c-8fec-c9a3858f7f64	29	29
Tom beveva molto.	Tom used to drink a lot.	b8371b65-856d-5ebf-9a5b-5e5915d8909e	17	24
Ti fa male la gola?	Does your throat hurt?	2762efc5-86a7-5221-9b79-4331f23bace7	19	22
Le fa male la gola?	Does your throat hurt?	03cb39d0-7324-5b3c-a1f2-c1bb11edea71	19	22
Tom è venuto la settimana scorsa.	Tom came last week.	799d09f6-787a-5685-bb8d-0c05c1506617	33	19
Hai mai visto un orso in questa zona?	Have you ever seen a bear in this area?	b033bca1-6167-511e-aaba-cf10608d66a9	37	39
Tu hai mai visto un orso in questa zona?	Have you ever seen a bear in this area?	4e7af081-4af1-5551-997e-c49cd043ab4f	40	39
Ha mai visto un orso in questa zona?	Have you ever seen a bear in this area?	47b9d4cc-860d-53fd-b9b5-7d7f33a71827	36	39
Lei ha mai visto un orso in questa zona?	Have you ever seen a bear in this area?	f29172cd-94ff-5754-82c2-2a2973fe156d	40	39
Avete mai visto un orso in questa zona?	Have you ever seen a bear in this area?	9ced91cf-c467-5b9c-8373-0a378d7abc47	39	39
Voi avete mai visto un orso in questa zona?	Have you ever seen a bear in this area?	8330b708-7fac-5119-8093-33823b84f6a7	43	39
Non ho più bisogno del tuo aiuto.	I don't need your help anymore.	e0450230-70d7-5c64-901f-fd931965dcd1	33	31
Io non ho più bisogno del tuo aiuto.	I don't need your help anymore.	ad3d8dc1-ba36-53d5-8f9f-e683f768d7d7	36	31
Non ho più bisogno del suo aiuto.	I don't need your help anymore.	67c745a4-6107-5d62-9f80-c42c2ea47165	33	31
Io non ho più bisogno del suo aiuto.	I don't need your help anymore.	24d84b3d-b35f-5ef0-a899-1f6028f3b563	36	31
Non ho più bisogno del vostro aiuto.	I don't need your help anymore.	47a3d30d-9a65-5d54-9b23-14516517689c	36	31
Io non ho più bisogno del vostro aiuto.	I don't need your help anymore.	3ffd1329-459c-56e4-8a3e-617f8e6aeacf	39	31
Questo fa suonare un campanello?	Does this ring a bell?	1efc3aea-8728-5aa8-b3f0-1a2ca30f7770	32	22
Fumare è strettamente proibito.	Smoking is strictly prohibited.	27f87cae-10cd-55ed-8bea-8aab5861f8c0	31	31
Ho passato la scorsa domenica a leggere romanzi.	I spent last Sunday reading novels.	bbbd7a1f-7084-5604-b53f-16952c4b04ff	48	35
Ho trascorso la scorsa domenica a leggere romanzi.	I spent last Sunday reading novels.	490ab133-e18d-5b65-9a65-3f210a8b8037	50	35
Hai detto a qualcuno di questo problema?	Have you told anyone about this problem?	4b87830c-889b-5285-a0ad-916765060514	40	40
Ha detto a qualcuno di questo problema?	Have you told anyone about this problem?	2082b06b-a16a-5a1b-8a51-eee1f08fe8d7	39	40
Avete detto a qualcuno di questo problema?	Have you told anyone about this problem?	a0d2c167-e596-50d9-940d-5de295577d5e	42	40
Tom non è grasso come Mary.	Tom isn't as fat as Mary.	1b313179-6c13-533f-8415-fad8ea33171f	27	25
Mi manca davvero mio marito.	I really miss my husband.	76fc4aa0-893d-5e43-bf41-8f6e0cdac79c	28	25
A me manca davvero mio marito.	I really miss my husband.	1be4c68b-e939-5293-9e06-c168fb139211	30	25
Mi manca veramente mio marito.	I really miss my husband.	9101eb3d-1ce7-580a-945f-6443ac2bd608	30	25
A me manca veramente mio marito.	I really miss my husband.	72861a47-017e-509f-ac42-4cc93024ed7a	32	25
Tom aprì la gabbia e fece uscire la scimmia.	Tom opened the cage and let the monkey out.	c2a0b6f0-e19a-576c-bce4-ee282f3196a3	44	43
Questa si chiama stenografia.	This is called shorthand.	c57ef7e3-9ab1-5b7c-9d2b-bf0b54b27b3d	29	25
Tom non lavora più.	Tom is no longer working.	8f9dc967-fcbc-5712-8298-2e5ed1176a92	19	25
Decisi di studiare la stenografia.	I decided to study stenography.	0ef6737e-3ea6-5458-940b-618d83b5947a	34	31
Io decisi di studiare la stenografia.	I decided to study stenography.	d430490c-13e5-56f8-8727-ba5da0e79330	37	31
Sono sicuramente pronto.	I'm definitely ready.	d04024f5-1030-5a1e-9562-ef5946bf990b	24	21
Sono sicuramente pronta.	I'm definitely ready.	5a1bf8dc-8bfe-522a-918d-a16f2f20a361	24	21
Non preoccuparti, ti aiuterò.	Don't worry, I'm going to help you.	4c8e9ce3-f19a-5380-9207-75f468bac6e1	29	35
Non ti preoccupare, ti aiuterò.	Don't worry, I'm going to help you.	3274981a-b662-5afd-ab19-bb5f5d8ded03	31	35
Non si preoccupi, la aiuterò.	Don't worry, I'm going to help you.	65b37c39-1708-561a-8cec-0b379aa59215	29	35
Non preoccupatevi, vi aiuterò.	Don't worry, I'm going to help you.	d3d7a794-a209-58b7-98c5-d642dbded3ab	30	35
Non vi preoccupate, vi aiuterò.	Don't worry, I'm going to help you.	7158a782-64e5-574c-b889-a0926057636d	31	35
L'acqua è profonda?	Is the water deep?	496eb294-3f6d-5373-b774-304ad9be8cbd	19	18
Immagino di essere fortunato.	I guess I'm lucky.	f3470a90-73b6-5090-8ae8-88216c6360d1	29	18
Immagino di essere fortunata.	I guess I'm lucky.	254b921b-7aa1-51e0-b496-1aaa3a07949e	29	18
Sei solo nervoso.	You're just nervous.	59feb5ab-5dd5-5ea1-99d8-b530f5282452	17	20
Sei solo nervosa.	You're just nervous.	f03f48cd-1ed5-543a-9d91-1bfdc2d5c751	17	20
Siete solo nervosi.	You're just nervous.	8d3207a4-f6b0-52fc-8f53-64729c7fcc0f	19	20
Siete solo nervose.	You're just nervous.	6512c0ac-dca4-588c-bbea-af87d612fbb8	19	20
È solo nervoso.	You're just nervous.	9a6106ef-504e-5bfb-a8ff-bf402484a961	15	20
È solo nervosa.	You're just nervous.	71e456ca-c17e-5f1b-8cb6-a0d96e2d011d	15	20
Tom sta annaffiando il suo giardino.	Tom is watering his garden.	73add04b-441e-51c2-9ea9-d330a7374574	36	27
Tom non sembra così impegnato, vero?	Tom doesn't look so busy, does he?	acc5972f-3001-5b81-80d5-c5610ee7d464	36	34
Tom non sembra così occupato, vero?	Tom doesn't look so busy, does he?	609dfdc3-c777-5dc2-97b0-8394e97f4ab8	35	34
Su cosa stava lavorando Tom?	What was Tom working on?	3954f139-ca81-5c78-b437-d621045bab58	28	24
Tom non deve farlo oggi.	Tom doesn't have to do that today.	cfecf2a0-228d-5ced-ba91-426ec28141e9	24	34
Tom non lo deve fare oggi.	Tom doesn't have to do that today.	5974066f-ebdd-53b9-ade4-6154249f995c	26	34
Non penso che Tom abbia mai studiato il francese.	I don't think Tom has ever studied French.	a7f9f04c-061a-507d-9540-577c5950a02e	49	42
Generalmente sono d'accordo con Tom.	I generally agree with Tom.	84c115ca-b661-53ca-b95f-79cd76e9fc5b	36	27
Io generalmente sono d'accordo con Tom.	I generally agree with Tom.	257a7333-54ca-573c-b76e-9f77ea1c0a63	39	27
In generale sono d'accordo con Tom.	I generally agree with Tom.	4d6f5805-7053-59d0-8043-308e0159e34e	35	27
Io in generale sono d'accordo con Tom.	I generally agree with Tom.	4cdc2855-7fe2-593f-90c9-f3c8ee163d3b	38	27
Sono stati commessi degli errori.	There were mistakes made.	4637ab1d-2828-5560-9f9a-b3ee1f9e1ea7	33	25
Tom ha deciso di smettere di fumare.	Tom decided to quit smoking.	ca0d5980-15f9-5fe2-90d0-b2d5b891c76a	36	28
Tom decise di smettere di fumare.	Tom decided to quit smoking.	27cf6e7f-ed7e-5e01-9994-ec084a8991a6	33	28
Ho scelto di studiare la stenografia.	I chose to study stenography.	a01650cb-2ebc-52db-9662-8a4909cc45ea	37	29
Io ho scelto di studiare la stenografia.	I chose to study stenography.	215f8d5f-f26c-535d-9ae8-7e2c59d05f91	40	29
Scelsi di studiare la stenografia.	I chose to study stenography.	1fca23ae-34df-5208-954e-a9d3f864c503	34	29
Io scelsi di studiare la stenografia.	I chose to study stenography.	e645b3d7-36c1-502e-aab8-c722380b5823	37	29
Non posso essere visto con te.	I can't be seen with you.	8e12856a-3b6a-5431-bc15-cf440c81c3e7	30	25
Io non posso essere visto con te.	I can't be seen with you.	b3b3769f-63ce-5a0a-859c-7ea191770906	33	25
Non posso essere vista con te.	I can't be seen with you.	d8488a5d-1b6c-51da-b133-c8946f60f712	30	25
Io non posso essere vista con te.	I can't be seen with you.	cd5f716e-7b44-50b8-9c61-8893fedff32f	33	25
Non posso essere vista con voi.	I can't be seen with you.	cb277403-4920-5ade-b68c-626d64ec3271	31	25
Io non posso essere vista con voi.	I can't be seen with you.	12e6b5b7-363a-5bd2-ac7a-84a824c56cd8	34	25
Non posso essere visto con voi.	I can't be seen with you.	6589912b-a847-59a6-988b-9d9a8141483b	31	25
Io non posso essere visto con voi.	I can't be seen with you.	3c920f32-78e9-5382-99f3-de1adf79ead5	34	25
Non posso essere visto con lei.	I can't be seen with you.	2e006e57-b005-50fa-b17e-ff140e1a2649	31	25
Io non posso essere visto con lei.	I can't be seen with you.	36871719-bcd6-5a5a-ad66-3ad0e3578519	34	25
Non posso essere vista con lei.	I can't be seen with you.	1e5a815d-0a1a-5c07-ae48-837b169f2051	31	25
Io non posso essere vista con lei.	I can't be seen with you.	4478f8a7-b37a-595d-8038-026122cb8664	34	25
Ha funzionato per me.	It worked for me.	31f67d62-984d-5ceb-aafc-f90ac1b6dfe7	21	17
Tom è sfuggito al pericolo.	Tom escaped the danger.	d7a480fe-03a5-5f64-9f16-992c6559c41e	27	23
Tom sfuggì al pericolo.	Tom escaped the danger.	e27daea8-6420-571b-8628-4aefe9080ece	23	23
Sei pronto a fare questo?	Are you ready to do this?	58f9da74-8cdf-5ec4-9336-7fdbbfab1eea	25	25
Sei pronta a fare questo?	Are you ready to do this?	dade8d9f-1c3f-526b-b64a-8ffcb571dfe5	25	25
Siete pronti a fare questo?	Are you ready to do this?	7819e0e0-762d-5a0b-8a15-f3318a12d820	27	25
Siete pronte a fare questo?	Are you ready to do this?	3b26628e-942c-536c-b00e-b4dd4e93dff3	27	25
È pronto a fare questo?	Are you ready to do this?	c42bf02b-09be-500d-a1ef-fa5984521827	23	25
È pronta a fare questo?	Are you ready to do this?	54bc825f-20a3-580a-9376-f52f6093fdd9	23	25
Non ero lì quando è successo.	I wasn't there when it happened.	7e160698-4468-5a86-8691-2f9ca42d539c	29	32
Io non ero lì quando è successo.	I wasn't there when it happened.	1d392ace-baae-5d7a-8824-0e811dcea750	32	32
Non ero lì quando è successa.	I wasn't there when it happened.	bf0f5bfe-7f5a-5be5-95a9-f8b3eb4df3a8	29	32
Io non ero lì quando è successa.	I wasn't there when it happened.	82d61948-eab6-5eb6-ad9a-6c4adb650d9e	32	32
Non ero lì quando è capitato.	I wasn't there when it happened.	03deea68-b2c2-586d-a71f-8fb021333df6	29	32
Io non ero lì quando è capitato.	I wasn't there when it happened.	e5be8c21-8fa1-519c-a899-a84e8d3f6b97	32	32
Non ero lì quando è capitata.	I wasn't there when it happened.	4869b594-90cd-5cb3-aa89-d3be4dff526b	29	32
Io non ero lì quando è capitata.	I wasn't there when it happened.	1d93c589-81ab-503f-b831-92d881d0ae12	32	32
Lei sembrava arrabbiata.	She looked angry.	c03a00a1-d28e-58e8-9eb7-15193915c67a	24	17
Lui sembrava arrabbiato.	He looked angry.	df8f60f1-3e23-58dc-9a86-a7060f862532	24	16
Tom ha la voce alta, vero?	Tom is loud, isn't he?	e005c0bd-a95f-5ba0-999c-6d208b077c95	26	22
Non so dove sia il problema.	I don't know where the problem is.	1fe9e163-563a-5906-8647-c3b1454b568c	28	34
Io non so dove sia il problema.	I don't know where the problem is.	120afafe-f8c5-5a9c-83f5-25aaadbb7fd2	31	34
Sei stato buono con noi.	You've been good to us.	eb20f986-c5db-580b-b4fe-5fe0b13bab03	24	23
Tu sei stato buono con noi.	You've been good to us.	6d107b03-503a-54fc-82a1-635fa9b91284	27	23
Sei stata buona con noi.	You've been good to us.	0c09d76c-8c8c-5d3f-81a5-997253104411	24	23
Tu sei stata buona con noi.	You've been good to us.	7a659bdc-c15b-50b5-8204-b9f4aea4c2f0	27	23
È stata buona con noi.	You've been good to us.	952f8609-9d38-5d21-98e1-fa7ffdf6e68f	22	23
Lei è stata buona con noi.	You've been good to us.	57588fd2-7505-55e8-94f3-40c76abf9372	26	23
È stato buono con noi.	You've been good to us.	7a20b800-3dec-5c99-adf6-7ed0c9eafa2c	22	23
Lei è stato buono con noi.	You've been good to us.	d4d46ce9-a89c-5341-afff-a26db96a7adb	26	23
Siete stati buoni con noi.	You've been good to us.	f28441d6-dead-5b79-aa5d-22cf8330aad2	26	23
Voi siete stati buoni con noi.	You've been good to us.	438a97d5-e926-5137-915f-979ebf7393c6	30	23
Siete state buone con noi.	You've been good to us.	51edaa21-2559-5563-94e2-286de24e99bc	26	23
Voi siete state buone con noi.	You've been good to us.	28afd0ff-deec-5a28-8d78-2348ef64585f	30	23
Questo è mio, vero?	This is mine, isn't it?	79ff565d-a469-5d56-a91b-db9c5ac96bd4	19	23
Questa è mia, vero?	This is mine, isn't it?	0faa0e38-7eb2-5e7f-9210-e474ac56e388	19	23
Non è di aiuto.	That's not helping.	48e4584e-0b23-533d-bb7c-1eccb805d318	15	19
Quanto vengono i gigli?	How much are the lilies?	65209a24-76c2-53fc-9f5a-a0fa5ddad0cf	23	24
Quanto costano i gigli?	How much are the lilies?	4bc29f90-e888-5703-9175-17c1f4c83e84	23	24
Chi li ha avvisati?	Who notified them?	a80f6299-22a8-541b-8ca6-487f1b33cc61	19	18
Chi le ha avvisate?	Who notified them?	58c68dc8-33c3-56f9-a4f1-6f4f9c736f37	19	18
Di' a Tom che saremo lì fra trenta minuti.	Tell Tom we'll be there in thirty minutes.	976d2583-bd61-5c37-b0d3-3919ef464433	42	42
Dite a Tom che saremo lì fra trenta minuti.	Tell Tom we'll be there in thirty minutes.	5cb6e223-6f2e-5290-85e6-8f5872ca3362	43	42
Dica a Tom che saremo lì fra trenta minuti.	Tell Tom we'll be there in thirty minutes.	2b76c664-3ee5-5a29-bfe3-bf3831f80191	43	42
Il tuo successore è già stato scelto.	Your successor has already been chosen.	c70d2e44-e075-58b8-8bc1-094e1ac3d0bb	37	39
Il suo successore è già stato scelto.	Your successor has already been chosen.	c5d1042a-7cd4-5aec-84e0-bf4cd351ccac	37	39
Il vostro successore è già stato scelto.	Your successor has already been chosen.	1ba98784-2de4-5c45-a2ec-719d1d94a496	40	39
Sono cieco dall'occhio destro.	I am blind in the right eye.	503ba6ab-ecb0-5952-b520-cbbfa561893a	30	28
Io sono cieco dall'occhio destro.	I am blind in the right eye.	b97549b3-154d-50aa-b0ec-78afc43bac26	33	28
Sono cieca dall'occhio destro.	I am blind in the right eye.	073bd5e1-7757-5a75-be16-2f639c13302e	30	28
Io sono cieca dall'occhio destro.	I am blind in the right eye.	f4544a32-2622-5f6f-b6d2-f654f116ff09	33	28
Tom ha consultato Mary riguardo al piano.	Tom consulted Mary about the plan.	8c7b1615-05ab-5ee4-97d9-46fbfaee1c56	41	34
Tom consultò Mary riguardo al piano.	Tom consulted Mary about the plan.	2b6f67d0-a668-53c8-b584-c89f11cd9f64	36	34
Lo posso garantire.	I can guarantee it.	467004a3-7e99-5c99-a096-fb0b9e11b5fa	19	19
La posso garantire.	I can guarantee it.	2fc376dd-aeba-5ab4-b83a-3f5463e6c75f	19	19
Posso garantirlo.	I can guarantee it.	b29639e5-fc7e-50f9-92c0-9fc50b53ed99	17	19
Posso garantirla.	I can guarantee it.	ec178bc0-01d7-52a6-9be0-2cb6e79a2e63	17	19
Amo il sapore dei funghi.	I love the taste of mushrooms.	2b7a543c-3bb7-5a0c-9de1-5fecdd54a756	25	30
Io amo il sapore dei funghi.	I love the taste of mushrooms.	16429f27-1511-5814-b016-271c7862fbf9	28	30
Oggi mi sono alzato molto presto.	Today, I got up very early.	b41fb9e3-1d92-5230-a131-c15c66f3bd00	33	27
Oggi mi sono alzata molto presto.	Today, I got up very early.	644e7c51-467c-5447-b534-3cee050d8e5b	33	27
Non hai il permesso di farlo.	You don't have permission to do that.	76cc294a-2d19-5260-8ba4-6524b0980713	29	37
Non ha il permesso di farlo.	You don't have permission to do that.	6737af59-4efe-535e-867b-434d5fdd2d10	28	37
Non avete il permesso di farlo.	You don't have permission to do that.	957e398d-4e6b-587b-b282-fb357acb8c98	31	37
Perché le zebre hanno le strisce?	Why do zebras have stripes?	7915bbad-192b-518b-a479-5dbf8f60f9a5	33	27
È esattamente quello che voleva.	That's exactly what she wanted.	22b986b5-01df-554b-a552-2986ab850b17	32	31
Tom è andato bene all'esame?	Did Tom do well on the exam?	637340ff-2fd3-5d05-8358-e6c26ca176f1	28	28
Ha un alto livello di intelligenza.	She has a high grade of intelligence.	73c37ab3-4352-50a5-80e4-8eb4a41a2600	35	37
Lei ha un alto livello di intelligenza.	She has a high grade of intelligence.	4b4ea235-ca9d-5e7a-a14c-9a66c4166b94	39	37
Voglio sentire parlare Tom.	I want to hear Tom speak.	159d5470-fddd-5ada-b7b9-b3074623a5e1	27	25
Io voglio sentire parlare Tom.	I want to hear Tom speak.	8dfc484e-b607-5357-b6b3-f2983bc3b770	30	25
Tom dice sempre tutto a Mary.	Tom always tells Mary everything.	86b7abe3-8467-580b-9f7f-a5d3969043d9	29	33
La festa sta ancora continuando.	The party is still going on.	e5e669cf-b63a-55c0-a50a-dad3875aebe9	32	28
Sembrava che Tom stesse piangendo.	Tom appeared to be crying.	e326abb6-be9e-5200-b343-2543fc23b2e3	34	26
Sono stato qui ad aspettarti.	I've been here waiting for you.	73e9ab0d-8050-53b7-a54a-6ce11d13abf1	29	31
Sono stato qui ad aspettarvi.	I've been here waiting for you.	fb806dae-491c-5925-bdad-54f233d6d320	29	31
Sono stato qui ad aspettarla.	I've been here waiting for you.	0e816a63-1337-5bc7-b378-5cf9756abc47	29	31
Sono stata qui ad aspettarti.	I've been here waiting for you.	063a8d98-0288-5c15-8cc1-50c2d42359af	29	31
Sono stata qui ad aspettarvi.	I've been here waiting for you.	fae019bf-cdb6-5284-b8ff-5fabb73fba83	29	31
Sono stata qui ad aspettarla.	I've been here waiting for you.	6859a07c-8481-56e5-9cbc-2b374a292031	29	31
Tom ha finito di lavare i piatti.	Tom finished doing the dishes.	4dc033c0-0238-56e9-a698-fba5170e4cb8	33	30
Tom finì di lavare i piatti.	Tom finished doing the dishes.	a6ed1658-31e9-515a-8068-556b1f67a12f	28	30
Lasciagli fare il lavoro sporco.	Let him do the dirty work.	b2d14f2a-b7a9-5bce-bd44-7a64b81304d9	32	26
Lasciategli fare il lavoro sporco.	Let him do the dirty work.	9d45d7ab-05c3-59f8-95fa-07032098725e	34	26
Gli lasci fare il lavoro sporco.	Let him do the dirty work.	e7c7ca95-50c9-5782-b7c5-588e647a9d0d	32	26
L'ho consigliato.	I recommended him.	8f8f800c-bdb4-5619-9e10-2f1eb5f9a389	17	18
L'ho consigliata.	I recommended her.	69d6dd55-8b8a-5e76-b28e-f471f3509e99	17	18
Li ho consigliati.	I recommended them.	c070c961-c1d4-5ae6-8380-35a2e3d4f4ca	18	19
Le ho consigliate.	I recommended them.	faad412b-d0d2-5938-8fd7-c1e72adda511	18	19
Li abbiamo giudicati male.	We misjudged them.	cd9bc0ca-6963-5998-8277-1e6a49c350b7	26	18
Le abbiamo giudicate male.	We misjudged them.	f7bc694a-a324-56de-8aca-81722a1c3ce6	26	18
Lo abbiamo giudicato male.	We misjudged him.	b3cbf31b-1e7d-5934-a344-39ef0fb975af	26	17
L'abbiamo giudicata male.	We misjudged her.	f9fec8f3-186c-57e2-bd6a-72dfc9a762ba	25	17
Li ho giudicati male.	I misjudged them.	9f0bb65e-6f55-5bec-ae74-868ac41e8d72	21	17
Le ho giudicate male.	I misjudged them.	e46a65dc-0a9f-5aa9-9569-1a1b5af851d9	21	17
Lascialo provare.	Let him try.	41a9c796-451c-5194-8a41-3b3076795a55	17	12
Lo lasci provare.	Let him try.	ec03f716-1126-58eb-b350-91d04168f47f	17	12
Lasciatelo provare.	Let him try.	fc8cd6c6-d852-5355-9df2-a45b0c132e38	19	12
Lasciala provare.	Let her try.	2aab0fd0-ce08-562f-aaff-e8ec0adcdc5c	17	12
Lasciatela provare.	Let her try.	a1f8871f-bb67-5b1c-91d4-6f42245cd30d	19	12
La lasci provare.	Let her try.	e4b427fd-1497-5f8e-826f-a5dbdb89a1ff	17	12
Lasciala finire.	Let her finish.	2a85deeb-330b-5324-9577-7f41897dc7a1	16	15
La lasci finire.	Let her finish.	e2960035-11bf-5f05-b1b9-058bfdcc5306	16	15
Lasciatela finire.	Let her finish.	02b9a3ca-7970-5e24-87b1-5d7dcda5e066	18	15
Tienilo al sicuro.	Keep him safe.	30bca530-1db5-5f98-9e5f-4c00dd8d9111	18	14
Lo tenga al sicuro.	Keep him safe.	3d4090fe-e5ba-52ad-ae8c-903c8d01612f	19	14
Tenetelo al sicuro.	Keep him safe.	393280e1-01a5-5834-8a87-c07100c798e5	19	14
Tienila al sicuro.	Keep her safe.	d8d5e289-f6d2-5f9e-86ff-c7c0e190f159	18	14
La tenga al sicuro.	Keep her safe.	8e6f071e-9e92-5451-8319-0c04ba3ec58f	19	14
Tenetela al sicuro.	Keep her safe.	58d1efa7-f5e8-55f3-814e-a529070dc46a	19	14
Tienilo dentro.	Keep him inside.	77290e3f-c834-5298-8291-6878d7c170fd	15	16
Tenetelo dentro.	Keep him inside.	2774b38f-25c6-57fd-b2bf-1fdd6d2a5af0	16	16
Lo tenga dentro.	Keep him inside.	15899856-ca9c-5e86-934a-d7de02f9a0e2	16	16
Tienila dentro.	Keep her inside.	e4d90cc6-d0a7-5114-aca5-c5a6e6fb4663	15	16
La tenga dentro.	Keep her inside.	334e6744-9c04-5263-88f1-31e1fd2435c8	16	16
Tenetela dentro.	Keep her inside.	77b1b209-74e4-526f-98a5-9625eabcd254	16	16
Per piacere, informali.	Please inform them.	fc14f53c-fede-505f-9e98-80104f0031d6	23	19
Per piacere, informale.	Please inform them.	90ae6d1b-b80d-5128-9986-148d58f5085a	23	19
Per piacere, informateli.	Please inform them.	0712ca10-375f-59f0-a6c6-184e0b3cd6e4	25	19
Per piacere, informatele.	Please inform them.	b2bd6cdb-f66b-539c-9521-8445e939f324	25	19
Per piacere, li informi.	Please inform them.	801b3eaa-ad20-5916-809d-01b9aa006272	24	19
Per piacere, le informi.	Please inform them.	d0184e5a-bcad-502c-b389-d695c3507f1a	24	19
Per favore, informali.	Please inform them.	4cb7136c-5ec0-551d-a654-ffc2850a9547	22	19
Per favore, informale.	Please inform them.	250778f5-4236-5a0d-b878-156a38edd3f8	22	19
Per favore, informateli.	Please inform them.	07b9c82e-d72f-5867-ac67-909346e9cbbc	24	19
Per favore, informatele.	Please inform them.	b66984e1-604b-59e6-92ec-1d321ee98325	24	19
Per favore, li informi.	Please inform them.	e1421cdf-af48-53c2-8715-8e264a257b26	23	19
Per favore, le informi.	Please inform them.	06ecb380-7cf1-5adc-b928-8fffd84c9e29	23	19
L'ho assunto.	I hired him.	7836c7ed-8b0d-5cb7-9de2-b5ef9aacd2f9	13	12
Lo assunsi.	I hired him.	3e5b5da7-8b29-5531-9034-e0c9955664ad	11	12
L'ho assunta.	I hired her.	a7c0d0a0-9ae2-51b0-b661-11809eaa2446	13	12
La assunsi.	I hired her.	21154e30-ebc1-5f00-a1a7-8a46cca3a0b7	11	12
Chi li ha aiutati?	Who helped them?	b6e62004-c6c1-59f7-b871-912b9b56ea01	18	16
Chi le ha aiutate?	Who helped them?	e193e557-e1f7-5001-9fb5-808aeb3218b9	18	16
Chi l'ha aiutato?	Who helped him?	a0187e84-eac5-5692-beb9-06a5a5bd6d75	17	15
Chi l'ha aiutata?	Who helped her?	88c36fc5-5036-54ac-b598-da7dfa0445e8	17	15
Lo abbiamo aiutato.	We helped him.	21284f99-06a1-54f3-a3d6-9c92c3f1f29c	19	14
Noi lo abbiamo aiutato.	We helped him.	6dfe5486-d094-5791-bfb1-0e3313456bf3	23	14
L'abbiamo aiutata.	We helped her.	a8f2bf46-f2bd-5068-8b27-f3a72f21f83c	18	14
Noi l'abbiamo aiutata.	We helped her.	1cb2a63d-2a24-51bc-8b18-5a0c320b3ff1	22	14
Li ho aiutati.	I helped them.	b88bc59e-f2e1-58be-9586-964be74cc937	14	14
Le ho aiutate.	I helped them.	55de46f6-dfaf-5d00-9c97-8f90e7034a7c	14	14
L'ho aiutata.	I helped her.	bc33ea30-28b3-5663-95ad-346fdb301d53	13	13
Lo aiutiamo.	We help him.	6d603792-e674-59c9-a299-8fd338487faf	12	12
Noi lo aiutiamo.	We help him.	8d320a2d-2d9d-5d55-8132-aaf6cab2ebc3	16	12
La aiutiamo.	We help her.	f45ac068-e045-55ec-bcd8-06226502fac6	12	12
Noi la aiutiamo.	We help her.	ed00bb3f-7d43-56c2-9720-5e981a5abdcb	16	12
L'hanno abbracciata.	They hugged her.	4995b3a7-e1d6-510a-8ee5-9d04d7bb9f17	20	16
La abbracciarono.	They hugged her.	49b69639-e279-5c0c-86d1-61df50685933	17	16
Li ho assunti.	I hired them.	4ea211cf-0575-5793-a7f4-7ccc91a29e5c	14	13
Le ho assunte.	I hired them.	5f5b6c49-9238-5704-8b17-876a2984a687	14	13
Per piacere, aiutalo.	Please help him.	9316102d-8475-5426-834d-a390918a7b86	21	16
Per favore, aiutalo.	Please help him.	801231ce-6298-53b6-b0b4-0c5277ca2b8e	20	16
Per piacere, aiutatelo.	Please help him.	9dcc09da-ccbd-5872-8d73-8465bb6a0eba	23	16
Per favore, aiutatelo.	Please help him.	02ba108b-9a8b-556a-9895-850a7976ba2c	22	16
Per piacere, lo aiuti.	Please help him.	721046d6-42bc-5ff8-a934-d085b402d583	22	16
Per favore, lo aiuti.	Please help him.	93c0edbe-95f7-5d93-81e8-7e4edcb11bca	21	16
Per piacere, aiutala.	Please help her.	a9f77121-54f0-5e95-8e2d-8ed2b73ddcbf	21	16
Per favore, aiutala.	Please help her.	a40f5ece-2514-5fac-a1f7-a8602337ba88	20	16
Per piacere, aiutatela.	Please help her.	9abbb966-8bdc-5b80-9e02-fa84b8d45e9a	23	16
Per favore, aiutatela.	Please help her.	a6ee0145-21c9-5a78-a82b-b702cbffd73a	22	16
Per piacere, la aiuti.	Please help her.	6e6eea5a-2964-58b5-b021-84a79a464e15	22	16
Per favore, la aiuti.	Please help her.	76e46ab5-69ba-5c5a-86ec-4de6f8f40324	21	16
Per piacere, informalo.	Please inform him.	ef7b7d7e-19c3-58fe-9b21-21e624aa164a	23	18
Per favore, informalo.	Please inform him.	41767745-6c84-5736-ba11-bcc73d129723	22	18
Per piacere, informatelo.	Please inform him.	f46bfa77-ab2d-5b70-b1a8-c62456031fed	25	18
Per favore, informatelo.	Please inform him.	aa03ede4-60c6-58d4-b9c0-5aa110e87729	24	18
Per piacere, lo informi.	Please inform him.	5a94ace0-faaf-5bb1-bb47-9f505f80fc19	24	18
Per favore, lo informi.	Please inform him.	4964e58f-0cfa-5bbc-9ac8-a08cb9a061f6	23	18
Per piacere, informala.	Please inform her.	973272a9-5663-516b-ac1b-8cd6dbdf8065	23	18
Per favore, informala.	Please inform her.	5a2a9870-4631-5563-a06d-6c4aeea7eca1	22	18
Per piacere, informatela.	Please inform her.	9cba8ef8-98a2-5334-8ff0-15e8223ef5ed	25	18
Per favore, informatela.	Please inform her.	6ca05a0c-9bed-5eb9-b67f-eb3ccf5ebaa1	24	18
Per piacere, la informi.	Please inform her.	3ef3fd19-63d2-5aeb-972a-a2e271a357b9	24	18
Per favore, la informi.	Please inform her.	c69e6028-5fe9-5685-b748-976fa7174e00	23	18
Smettila di molestarci.	Stop harassing us.	d4041912-8418-5f71-88cc-bde6b7e84009	23	18
Smettetela di molestarci.	Stop harassing us.	41219552-99b5-5e39-bb59-ead169791d1b	25	18
La smetta di molestarci.	Stop harassing us.	35495aae-cebb-5ed9-ae20-66def0bec51e	24	18
Smettila di molestarli.	Stop harassing them.	80d3d1c1-8f48-540f-bd10-b8dec3b56d9c	23	20
Smettila di molestarle.	Stop harassing them.	0a436b4d-d125-5750-8e28-f20add46eb63	23	20
Smettetela di molestarli.	Stop harassing them.	5cd5acf7-900e-5db0-9dd3-924bbd43184c	25	20
Smettetela di molestarle.	Stop harassing them.	74e90275-df83-5fb6-9137-b8c9a8f0f280	25	20
La smetta di molestarli.	Stop harassing them.	af09913d-531a-596c-b97f-aae03c1877ac	24	20
La smetta di molestarle.	Stop harassing them.	f31b29a4-f538-5613-8431-58d32a6235f0	24	20
Smettila di molestarlo.	Stop harassing him.	dcb0d578-e917-5505-9ccf-2bfa5cb45b82	23	19
Smettetela di molestarlo.	Stop harassing him.	d2702f34-6665-5606-a7fd-5d6fcbc89dbb	25	19
La smetta di molestarlo.	Stop harassing him.	a3eafa89-f188-5d74-9c7c-fced0c0140ce	24	19
Smettila di molestarla.	Stop harassing her.	91c53936-ecc4-5ad7-8c19-b21499a311d5	23	19
La smetta di molestarla.	Stop harassing her.	53277307-8607-5074-8ba4-7f5bf79805f8	24	19
Smettetela di molestarla.	Stop harassing her.	02f824b4-3aae-55bb-a65d-49967949d9a5	25	19
Li abbiamo ammanettati.	We handcuffed them.	9ebc89e7-8afe-5877-8ddd-eb1d4ff8b3b4	23	19
Le abbiamo ammanettate.	We handcuffed them.	63626730-8cec-50f0-8139-96974f691d31	23	19
Lo hanno ammanettato.	They handcuffed him.	9b39db7e-6039-5075-8638-452cbe4dc31b	21	20
L'hanno ammanettato.	They handcuffed him.	590484f1-b74b-58dd-9b6f-110cd2bac7da	20	20
L'hanno ammanettata.	They handcuffed her.	e123bdd1-bf5f-5724-aa4a-368bf4345a0c	20	20
Li ammanettammo.	We handcuffed them.	a8690981-517c-5f4e-803d-a1e37a7ce0b9	16	19
Le ammanettammo.	We handcuffed them.	8e6fe243-dbd3-5776-ba19-f0577a68443f	16	19
Lo ammanettarono.	They handcuffed him.	6580d33c-30a6-5136-9dcb-dbc6fa2689c1	17	20
La ammanettarono.	They handcuffed her.	96073bc6-eee2-595d-a505-75164dc84a6a	17	20
Li ho licenziati.	I fired them.	68602013-cd5c-5f4e-b034-b1928429e5ee	17	13
Le ho licenziate.	I fired them.	9b57403e-99c5-54dc-b926-f0e80d7d50b0	17	13
Li licenziai.	I fired them.	8e880526-1a6d-5fbf-897b-a3bec6d9be4c	13	13
Le licenziai.	I fired them.	12738bdc-1636-5955-b7fb-adc747343255	13	13
L'ho licenziato.	I fired him.	13733955-c962-5558-8fb9-766cba36b9f8	16	12
Lo licenziai.	I fired him.	110497b6-0ce6-5a82-861f-ec4652fc19f7	13	12
L'ho licenziata.	I fired her.	246efaa8-b3cc-5321-ae3d-53ba35de98da	16	12
La licenziai.	I fired her.	052f5768-780a-5b63-9fd9-ab99ba77eb1a	13	12
Faglielo sapere.	Let him know.	4a026e1c-1ba0-5bda-8d45-8e642fbd7e57	16	13
Glielo faccia sapere.	Let him know.	7d3694f2-bd79-5f0c-a347-276ff4d79de1	21	13
Fateglielo sapere.	Let him know.	2ce17b40-a73c-56bc-ba68-579241a596a9	18	13
Fallo sapere a lei.	Let her know.	5c001b51-ab0f-5879-ad35-3d38451f7b93	19	13
Lo faccia sapere a lei.	Let her know.	2af2d817-6739-5e7a-80ae-018bc0d463e5	23	13
Fatelo sapere a lei.	Let her know.	15ef978b-74bf-5d68-9ec9-ae62abbf341d	20	13
Per piacere, trovali.	Please find them.	2dcdf6db-c60d-5273-90a3-8f62c48945d2	21	17
Per favore, trovali.	Please find them.	d809bd9b-2b97-5bff-9596-c3882a3c1300	20	17
Per piacere, trovateli.	Please find them.	a7208a9c-54d5-5408-9e10-21678f816878	23	17
Per favore, trovateli.	Please find them.	2c7e9d6b-fbb3-50fc-a9ec-a2b7a34bdc2c	22	17
Per piacere, li trovi.	Please find them.	9145b2f8-8ec3-5f87-b414-4a2295e1a041	22	17
Per favore, li trovi.	Please find them.	91039d92-d7c0-5ba6-9984-7b8329dd8583	21	17
Per piacere, trovale.	Please find them.	5ae4afa7-4919-5bab-b57a-c704f24859d1	21	17
Per favore, trovale.	Please find them.	1dcf9089-f9d9-5b36-8eb1-08b60422634d	20	17
Per piacere, trovatele.	Please find them.	0a52ed66-fd46-5671-a01a-c7664f1eaf8f	23	17
Per favore, trovatele.	Please find them.	9c44ec16-23eb-5c8a-aa1a-a5d904451da0	22	17
Per piacere, le trovi.	Please find them.	ef6a350b-7417-55d1-abee-6ecc94955199	22	17
Per favore, le trovi.	Please find them.	c8780365-f551-5187-af6c-c04d44c228e0	21	17
Fallo sapere a loro.	Let them know.	51bb51f1-5cd0-5dc2-a197-6ef549646947	20	14
Lo faccia sapere a loro.	Let them know.	b90b45d6-8971-590e-8bde-fa1b1d05406c	24	14
Fatelo sapere a loro.	Let them know.	121b349e-efff-5ef4-a698-976b7d9c49c1	21	14
Per piacere, trovalo.	Please find him.	22ae21f8-c59f-5f7d-9205-c060f8baf779	21	16
Per favore, trovalo.	Please find him.	973dca09-c1a5-5c25-bfe3-bc10c19e2c75	20	16
Per piacere, trovatelo.	Please find him.	03fcbc46-491f-5e86-a010-508ddb372bf9	23	16
Per favore, trovatelo.	Please find him.	96738bbc-7d2e-5c56-94cd-6fc0972f9128	22	16
Per piacere, lo trovi.	Please find him.	cf5b4b4f-c166-5193-bca2-ca8dc386952f	22	16
Per favore, lo trovi.	Please find him.	6487ca24-8028-573d-aea8-bfda71149694	21	16
Per piacere, trovala.	Please find her.	cd51d841-24c7-5dc9-8823-dcae73a6f59e	21	16
Per favore, trovala.	Please find her.	15c3a2bf-2a6e-5245-9b05-61a26ae72400	20	16
Per piacere, trovatela.	Please find her.	43607e82-ae95-551d-9395-d3bbc37443ed	23	16
Per favore, trovatela.	Please find her.	d90c01a9-70d4-5b0e-bd0e-f497d7aa32ec	22	16
Per piacere, la trovi.	Please find her.	c9cf5392-2bea-5dd9-a2c9-caa9461f49b3	22	16
Per favore, la trovi.	Please find her.	79bf5e72-f1f3-5c16-974a-78cfac5c25ac	21	16
L'hanno giustiziata.	They executed her.	5b4639e5-72d2-507c-bbb0-6024ec338e97	20	18
L'hanno giustiziato.	They executed him.	e64c1704-a7bf-56df-a220-d9fd634c8a98	20	18
Lo giustiziarono.	They executed him.	dfc348c7-1ff9-5d07-81fd-55131f71b91b	17	18
La giustiziarono.	They executed her.	0d2117af-e020-5422-bc8e-da18193954e6	17	18
Ci ha deluso.	It disappointed us.	4b78505e-1633-504d-964a-d873c589ec3f	13	19
Ci ha delusa.	It disappointed us.	d743b536-c50c-53ef-851b-5dd909bd6f31	13	19
Seguila e basta.	Just follow her.	1df323ae-b178-53a1-81b7-0ae2a2c3ea13	16	16
La segua e basta.	Just follow her.	495e86e1-4bba-5112-a8c8-56dd9069687d	17	16
Seguitela e basta.	Just follow her.	c991391e-65d6-5611-867d-67510ab613a2	18	16
Tienili tranquilli.	Keep them quiet.	137bcd3d-d834-520d-8186-139817828005	19	16
Tienile tranquille.	Keep them quiet.	9cd81b48-7f37-55fb-b95a-93d2bcf96bb2	19	16
Li tenga tranquilli.	Keep them quiet.	7f7c8ab8-eb29-5ce8-ac75-9a954fee2099	20	16
Le tenga tranquille.	Keep them quiet.	8ab298ff-b018-5744-93db-59b7fe3fa9fa	20	16
Teneteli tranquilli.	Keep them quiet.	a8d48cd0-7e64-596b-8a1f-a5f5069c0fa6	20	16
Tenetele tranquille.	Keep them quiet.	522937a5-0642-5b95-a709-16e631abe771	20	16
L'ha deluso.	It disappointed him.	8de23c53-b177-58d7-aa67-39898b81e38c	12	20
Li detestiamo.	We detest them.	64b65b34-8c0e-5473-b361-b9660e55d9ba	14	15
Noi li detestiamo.	We detest them.	0d5779ab-deb6-5182-981c-ebe7620b024e	18	15
Le detestiamo.	We detest them.	1ff6c2ba-c957-58fc-b9e6-aba4a9611296	14	15
Noi le detestiamo.	We detest them.	309632ab-7b0a-5e4b-989e-a92fdbf7ab38	18	15
La disprezzo.	I despise her.	fa590cec-2b97-507c-b2d6-71fdaf0290aa	13	14
Io la disprezzo.	I despise her.	1512ecc3-09e3-57bb-867d-4bfc0d567e53	16	14
Ci hanno deportati.	They deported us.	b9fbadef-a486-54f0-9ede-94ac5a8478b5	19	17
Ci hanno deportate.	They deported us.	19020f17-a06c-590f-b1b5-f5500774b340	19	17
Ci deportarono.	They deported us.	19ce494f-3233-51c6-96ab-aac245097cfc	15	17
L'hanno deportato.	They deported him.	1c378359-81dc-5d35-8a86-b9f66464b4f7	18	18
Lo deportarono.	They deported him.	3050922a-5bd9-5497-9e24-c19e510c409f	15	18
Li hanno deportati.	They deported them.	0bd4bee5-345d-5e03-8fb9-0705388cd88c	19	19
Le hanno deportate.	They deported them.	7b39ad97-7b95-5c0c-a5b8-41bf88bdf151	19	19
Li deportarono.	They deported them.	a4bbf3c5-4a57-5c95-97c5-e015809c907d	15	19
Le deportarono.	They deported them.	b1e03e1d-d769-507f-9caf-df1c19dffaa1	15	19
Li disprezzo.	I despise them.	26cd7798-154c-595c-b48f-443fabb857fd	13	15
Io li disprezzo.	I despise them.	43ceaf7c-89b4-58a6-88aa-927791d29b6d	16	15
Le disprezzo.	I despise them.	b3935727-a3c1-59a2-a9bc-cce07f831dba	13	15
Io le disprezzo.	I despise them.	bd7256f5-165f-5fe4-b536-cd2219ef094e	16	15
La disprezzano.	They despise her.	aff195fa-3ccc-5b37-84c5-a4164ab5b68d	15	17
Loro la disprezzano.	They despise her.	e3677a56-3bce-50e7-bf1f-fecfbec7a6e1	20	17
Lo disprezzano.	They despise him.	828f5daa-203f-5f9b-9c2c-c7fc2f35d076	15	17
Loro lo disprezzano.	They despise him.	82abe36c-36b2-5d2e-8465-1e9b83fc79ac	20	17
La detesto.	I detest her.	e5c6629d-9073-556b-9985-d00d6f60937f	11	13
Io la detesto.	I detest her.	40b49590-61be-54c3-9fa9-8bceb25ff31f	14	13
Lo detesto.	I detest him.	a907a566-e070-5ee7-bd90-320bbc1bd85d	11	13
Io lo detesto.	I detest him.	e56f0757-1332-58cc-a566-f1e8cf739eba	14	13
Li detesto.	I detest them.	0520c2ac-04eb-5b51-b074-b01db6ca92a9	11	14
Io li detesto.	I detest them.	96b055f0-ded2-515f-9f0a-c5cfe86a99bb	14	14
Le detesto.	I detest them.	e21a5b1c-a067-5503-82e5-cb09ab9af902	11	14
Io le detesto.	I detest them.	5d03ac04-b9a5-58eb-b037-efde6c262094	14	14
La detestano.	They detest her.	702d1827-b423-5717-9908-eef87272ef59	13	16
Loro la detestano.	They detest her.	59ecc3ba-d6c0-572f-a660-6b1ae9892524	18	16
Lo detestano.	They detest him.	50fae0c5-9ba8-5374-ad8d-ce03d5587c08	13	16
Loro lo detestano.	They detest him.	4ca601e8-4d70-5fe4-ab90-622eb53c6563	18	16
La detestiamo.	We detest her.	2f473860-b160-560e-ab42-a91af4b0dcc0	14	14
Noi la detestiamo.	We detest her.	03f4ba8b-83ca-54e9-903f-523e5a82b06c	18	14
Lo detestiamo.	We detest him.	2d1fc75f-d3ef-5535-b3c7-b6bfeecb5ec0	14	14
Noi lo detestiamo.	We detest him.	c0eb1538-54d1-53e5-920e-2c6f0731b764	18	14
L'hanno deportata.	They deported her.	999dc96c-d6d1-5da9-8d18-9866ecf4284a	18	18
La deportarono.	They deported her.	9fd1b035-3d45-5f9d-b31b-fd64ff2df540	15	18
Li ho contattati.	I contacted them.	ff01c38d-f9e9-5886-bc73-040f488fb098	17	17
Le ho contattate.	I contacted them.	2444e07b-77c9-59a5-ac01-0721d6dea546	17	17
Li contattai.	I contacted them.	42a2c02a-ab5c-5e2e-b585-91bdc726d7b8	13	17
Le contattai.	I contacted them.	d20b915b-098f-51b9-9b35-f7b29d3ac054	13	17
L'ho contattato.	I contacted him.	7f213776-ec85-5c5b-ba3a-904403b09ea0	16	16
Lo contattai.	I contacted him.	b93638f5-0fac-571a-8f3d-713dbc786248	13	16
L'ho contattata.	I contacted her.	79264127-d071-59a7-a0ad-a59b8a08d48c	16	16
La contattai.	I contacted her.	cd0f9e0b-39cc-5ae0-86f4-e25e4404657c	13	16
Li ho consultati.	I consulted them.	1fcbeb02-5a28-59eb-a153-1ca934fc2d6a	17	17
Le ho consultate.	I consulted them.	e9d3453c-ec90-5de1-8df7-3ede21f38cb3	17	17
Li consultai.	I consulted them.	0164efd1-950e-5e7f-bfd5-2e85894e5c30	13	17
Le consultai.	I consulted them.	cc83c5b3-792a-5813-9aa9-5c19109bd113	13	17
L'ho consultato.	I consulted him.	fa5197ff-173d-5774-97e3-c7b3ebcb6ba7	16	16
Lo consultai.	I consulted him.	24529ef4-301d-5548-8d6d-feb6d476a6a3	13	16
L'ho consultata.	I consulted her.	af018059-06d6-5951-938c-088a03ea585b	16	16
La consultai.	I consulted her.	1f6ef563-8db9-5d04-864b-4b14a4015926	13	16
Li abbiamo catturati.	We caught them.	ec9ffad8-8271-5998-a5e2-8163f55b0207	21	15
Le abbiamo catturate.	We caught them.	998f86ae-b5f5-56c5-a780-2518b7bf3eec	21	15
Li catturammo.	We caught them.	b40f3201-91d2-5d11-bf56-7a1746a66981	14	15
Le catturammo.	We caught them.	b139ad0c-ae01-5dbe-94fd-8bc37cd75b69	14	15
Lo abbiamo catturato.	We caught him.	e22687f0-1e45-56d0-a2ce-d6f0e9faae71	21	14
Lo catturammo.	We caught him.	e335c8ef-76c1-5c33-9994-8b595cd5453d	14	14
L'abbiamo catturata.	We caught her.	1097ced1-8c08-51b5-ba10-446722130fce	20	14
La catturammo.	We caught her.	85d21045-71d6-52d6-a161-4cde517e855a	14	14
L'hanno catturato.	They caught him.	50661bf4-b7f5-5819-89af-e1a7acc501dc	18	16
Lo catturarono.	They caught him.	ab321ae8-2717-5486-9bec-e4cc574f2bfe	15	16
Li ho catturati.	I caught them.	6ccbaea6-68d2-5aa1-81db-bc86a096b523	16	14
Le ho catturate.	I caught them.	10d46993-75d8-5269-a39f-cc8389c660a2	16	14
Li catturai.	I caught them.	b922f505-c231-5708-93b9-c1b401285879	12	14
Le catturai.	I caught them.	12a32213-a7f4-53d6-a849-15ba1c77b216	12	14
Dillo tu a loro.	Tell them yourself.	b5566c4e-2642-5f6d-827d-343a576a2d7c	16	19
Lo dica lei a loro.	Tell them yourself.	b8970bbc-5cec-59c3-b272-767a10cbb568	19	19
Devi organizzare il tuo tempo.	You have to organize your time.	a7a9acde-a557-56b1-a33a-c254e500f87a	30	31
Deve organizzare il suo tempo.	You have to organize your time.	44c8359d-d2a9-558a-a6c2-30d18e71d9d1	30	31
Dovete organizzare il vostro tempo.	You have to organize your time.	c3340a8c-54eb-58e3-bf42-9fdb84bc682d	35	31
Quanto ci vorrà per arrivare a Boston?	How long will it take to get to Boston?	94dc0e2d-4973-59cc-b4ee-377ed78eb813	38	39
Quanto tempo ci vorrà per arrivare a Boston?	How long will it take to get to Boston?	7b3bd2ee-4e1c-54ab-ae7e-719787a4bb91	44	39
Il costo della vita sta crescendo.	The cost of living is rising.	74db80da-8bbe-5e45-82fd-1db30e2cf733	34	29
La sua esistenza era riconosciuta.	His existence was recognized.	ba43df29-4cf6-5225-a725-23dc9c4bedd0	34	29
La sua esistenza è stata riconosciuta.	His existence was recognized.	6915afb7-a278-590d-9ae9-1c2e68ffb43e	38	29
La sua esistenza fu riconosciuta.	His existence was recognized.	5e3d13f5-19cf-5026-9123-d7a11a948109	33	29
Non ti è piaciuto il mio libro.	You did not like my book.	470fdf55-d002-547a-ba5e-07537ba8778c	31	25
Non vi è piaciuto il mio libro.	You did not like my book.	daf07cdf-3f77-5247-8555-1171fa43a817	31	25
A te non è piaciuto il mio libro.	You did not like my book.	947f1467-240e-5f0b-b5b9-c25e1f3aff35	33	25
A voi non è piaciuto il mio libro.	You did not like my book.	d6024394-cc6b-5bf6-9e4f-a8a56442aa1b	34	25
Non dare a Tom il mio numero.	Don't give Tom my number.	7b3d4999-4295-5e00-9a45-0b8b5dd88c31	29	25
Non date a Tom il mio numero.	Don't give Tom my number.	b8c329ca-8784-5b59-a635-17a8fc6d71e8	29	25
Non dia a Tom il mio numero.	Don't give Tom my number.	78f3fd3f-82e0-57e4-bb31-fe0cb948ae3a	28	25
È facile rispondere a questa domanda.	This question is easy to answer.	29bc9f13-9ec8-5dc8-9280-4c5ad1d041d2	37	32
Sto imparando l'esperanto ora.	I am now learning Esperanto.	a9bfe0cf-b33a-5c51-aaec-6d35f0272af8	30	28
Io sto imparando l'esperanto ora.	I am now learning Esperanto.	1f87455f-7d78-59cd-b16f-19faecabee11	33	28
Sto imparando l'esperanto adesso.	I am now learning Esperanto.	4028fd6a-c0b8-5c03-ad29-66bbf5c6d7cb	33	28
Io sto imparando l'esperanto adesso.	I am now learning Esperanto.	c38817e9-ef3d-5615-809b-1f1090c066d2	36	28
Rimaniamo tutti in contatto.	Let's all stay in touch.	c3ea1017-5739-5b09-b432-4d1c68f8a5ad	28	24
Rimaniamo tutte in contatto.	Let's all stay in touch.	2b24118c-494e-548d-95a5-875343559e44	28	24
Restiamo tutti in contatto.	Let's all stay in touch.	aace1b73-0931-5761-8406-a1ed9cd94b39	27	24
Restiamo tutte in contatto.	Let's all stay in touch.	0b34838d-b529-587d-ab29-2d699e49d13d	27	24
Dovrei entrare in contatto con lei.	I should get in touch with her.	07e91508-2054-55fa-bf5b-1f27bf7b23fd	35	31
Dovrei entrare in contatto con lui.	I should get in touch with him.	64d82e14-821d-5177-9453-f7a18b0b0677	35	31
Portiamolo a lei.	Let's take it to her.	87327647-2fe9-50ee-98e6-d471710206d8	17	21
Portiamola a lei.	Let's take it to her.	3dc4e6f2-bc0e-596e-8183-dff07e3324a4	17	21
Gli dirò quello che so.	I'll tell him what I know.	a2950bd1-b3b8-5275-98f2-b54246102a89	23	26
Le dirò quello che so.	I'll tell her what I know.	29780ca6-0ed3-54aa-b0e4-882be9fe0574	22	26
A noi manca la nostra cara nonna.	We miss our dear grandmother.	adda676a-5a3a-5f2e-b0f4-209ce97d90d1	33	29
Abbiamo fatto quello che era necessario.	We did what was necessary.	aef1e16a-4c15-5a66-9311-db46b200ff53	40	26
Abbiamo fatto ciò che era necessario.	We did what was necessary.	bec01746-b87b-5c15-8426-5cc8a705a012	37	26
Stavo avendo dei problemi a concentrarmi.	I was having trouble concentrating.	8f7c3b12-138a-5a49-9f3b-abccd48be48c	41	35
Io stavo avendo dei problemi a concentrarmi.	I was having trouble concentrating.	ddb094fe-b924-5281-b482-735c370e1e39	44	35
Siamo dei tirocinanti.	We're trainees.	aa17dd78-18a5-5f8d-bb92-ed92e63afb81	22	15
Noi siamo dei tirocinanti.	We're trainees.	d575027c-157b-5608-a35c-1e9ef4c2e678	26	15
Siamo delle tirocinanti.	We're trainees.	58cd6081-c15e-5b3f-9c94-84c021e711ed	24	15
Noi siamo delle tirocinanti.	We're trainees.	85eba4da-fc5a-5b04-bf6e-bd851a1eb360	28	15
Siamo degli apprendisti.	We're trainees.	51e3ebb8-9cfb-59a2-a5dd-ad3e8e2f5c58	24	15
Noi siamo degli apprendisti.	We're trainees.	85c5c893-6759-5981-a66f-e0850e8b61b6	28	15
Siamo delle apprendiste.	We're trainees.	59d26ba3-1ba2-513b-ab08-46c26192b2fd	24	15
Noi siamo delle apprendiste.	We're trainees.	0b1c2bc7-092d-5ab6-bb2f-259bb15469f1	28	15
Tom vive dall'altra parte della città.	Tom lives on the other side of town.	9ee324cb-cfd5-5f59-aac6-be8843e4643a	38	36
Tom abita dall'altra parte della città.	Tom lives on the other side of town.	01f6dd4e-44ae-5b48-bd85-81633ce0dc1b	39	36
Qualcuno potrebbe rispondermi, per favore?	Could somebody please answer me?	35b0ff4d-8390-5fcf-8e14-9326b16b25f9	42	32
Qualcuno potrebbe rispondermi, per piacere?	Could somebody please answer me?	758488f4-6719-598f-8de5-623508f269ab	43	32
Qualcuno mi potrebbe rispondere, per favore?	Could somebody please answer me?	5eece2a7-d2f6-5a8b-b822-8aa0bd90ff9f	44	32
Qualcuno mi potrebbe rispondere, per piacere?	Could somebody please answer me?	22835cab-89cf-596c-8ee4-4fc72e520da0	45	32
Sono entrati.	They went in.	c2132e7f-fc3e-5a74-9c28-9a8039c2fc51	13	13
Loro sono entrati.	They went in.	7da095c9-2a10-5177-9936-08445ab22bf1	18	13
Sono entrate.	They went in.	b688514e-f903-5c96-8f0b-366ca252ae95	13	13
Loro sono entrate.	They went in.	5d9e9a86-510c-5281-93c7-401df929ac67	18	13
Entrarono.	They went in.	e8a753bc-af69-585c-b755-fd2ac8e24b99	10	13
Loro entrarono.	They went in.	9f435072-cdec-5d39-b779-5d8e0bb26905	15	13
Vediamo cosa sai fare.	Let's see what you can do.	061b7163-ffee-5c41-b7cf-2d56d2763858	22	26
Vediamo cosa sa fare.	Let's see what you can do.	9e2788af-c9a5-5288-8008-9d1b61416939	21	26
Vediamo cosa sapete fare.	Let's see what you can do.	605899b5-26fe-536e-b37e-9ec0665499fd	25	26
Vediamo cosa puoi fare.	Let's see what you can do.	46911003-e28f-59d4-82bd-bda596722285	23	26
Vediamo cosa può fare.	Let's see what you can do.	142c99b7-df00-5f8f-ac67-9746c736fd13	22	26
Vediamo cosa potete fare.	Let's see what you can do.	b49dfe81-517c-52d2-bb33-83f55dc1579c	25	26
Vediamo cosa riesci a fare.	Let's see what you can do.	2c550ac5-99a1-5bf9-8ae3-5968bca7d5a1	27	26
Vediamo cosa riesce a fare.	Let's see what you can do.	f0a4af2d-9ed5-54e4-bcb9-24a9573959ea	27	26
Vediamo cosa riuscite a fare.	Let's see what you can do.	11155909-fb9a-5648-9887-6ed39d2a0050	29	26
Sembra incredibile, vero?	It sounds incredible, doesn't it?	0b977161-7b48-51fa-ad32-162c9c175808	25	33
Sto guardando Tom.	I'm watching Tom.	2160ba84-c9e4-5126-b83c-f0398c79947d	18	17
Sto osservando Tom.	I'm watching Tom.	5ee72c4f-6eaf-5f7b-bc11-8026a6221ea9	19	17
Fortunatamente, Tom non era lì.	Luckily, Tom wasn't there.	b2277c01-e2cb-5efb-940c-8000513c0041	31	26
Sono piuttosto esigente.	I'm pretty demanding.	6a0469d7-ae79-5185-b310-ab4c7097aa00	24	21
Io sono piuttosto esigente.	I'm pretty demanding.	f8aef04c-82ff-5de9-9d25-d9235433876d	27	21
Tom ha avuto ragione finora.	Tom has been right so far.	fafb9640-15c8-5fb8-8bf7-a4f950f2b55c	28	26
Pensavo di avere perso tutto.	I thought I'd lost everything.	ed76ebc5-3d14-5d29-8286-a6ce2ca85672	29	30
Mi piace davvero il tuo lavoro.	I really like your work.	669fa932-4c5a-5d34-b20f-9b0b41ba4c39	31	24
Mi piace veramente il tuo lavoro.	I really like your work.	1df41a17-7232-5894-9625-ed229934fe06	33	24
Mi piace davvero il suo lavoro.	I really like your work.	88014e6b-987e-51e0-9a3c-6ef9c218bbea	31	24
Mi piace veramente il suo lavoro.	I really like your work.	a29f9ad9-9a6c-5308-9d08-85ac41314f9d	33	24
Mi piace davvero il vostro lavoro.	I really like your work.	d3aec4a8-0e23-500f-ac33-4dc7edb0b5f7	34	24
Mi piace veramente il vostro lavoro.	I really like your work.	7cfc9634-3c23-5099-8207-cbe8150e12bd	36	24
A me piace davvero il tuo lavoro.	I really like your work.	866d70ac-dbab-51b8-b52e-3e5b8b26e5aa	33	24
A me piace veramente il tuo lavoro.	I really like your work.	05038d3b-3f55-58d0-afc2-9de3f7389221	35	24
A me piace davvero il suo lavoro.	I really like your work.	986d1fb6-5a06-5451-b48f-e12c0724ede2	33	24
A me piace veramente il suo lavoro.	I really like your work.	57c3b51e-de18-56ff-83f3-16b6006751f4	35	24
A me piace davvero il vostro lavoro.	I really like your work.	21eb521e-de93-5c2e-827e-a9b6d8d2fdbc	36	24
A me piace veramente il vostro lavoro.	I really like your work.	4ac9cfd6-2ab1-59a6-8332-9fe38d653725	38	24
Tom ha sfidato Mary in una partita a scacchi.	Tom challenged Mary to a game of chess.	29d8d54b-9a19-5aea-839a-38dfe3f18b3d	45	39
Tom sfidò Mary in una partita a scacchi.	Tom challenged Mary to a game of chess.	eecbe02e-4e50-54e2-b686-a9bd3dc109f1	40	39
Non sappiamo cosa fare.	We don't know what to do.	868d3225-6b06-561b-b3e1-81dbd57cc952	23	25
Noi non sappiamo cosa fare.	We don't know what to do.	2ea462a6-be25-53f4-b988-8856da8c8d8b	27	25
Non sappiamo che cosa fare.	We don't know what to do.	5c22c82d-eb37-5a79-bbcf-cc92ce7ead4b	27	25
Noi non sappiamo che cosa fare.	We don't know what to do.	9c26d740-072a-5594-9654-a381504e2cf4	31	25
Non sappiamo che fare.	We don't know what to do.	c57002a5-6ee7-5351-a44b-adf360b69020	22	25
Noi non sappiamo che fare.	We don't know what to do.	c3101323-56ab-5801-9e5b-4464c2feadce	26	25
Tom ha una soluzione per tutto.	Tom has a solution for everything.	4bf19e8f-d8c2-527b-9d9e-012f5ab597e4	31	34
Tom ha detto che Mary lo stava ricattando.	Tom said Mary was blackmailing him.	f4530267-ba8a-5c14-8618-a0f034752988	42	35
Mi dispiace per i genitori di Tom.	I feel sorry for Tom's parents.	41ccabf8-060b-51fa-898b-a182100adb6c	34	31
A me dispiace per i genitori di Tom.	I feel sorry for Tom's parents.	40166a17-a993-59e1-8448-d9f15bfe678d	36	31
Non voglio umiliare Tom.	I don't want to humiliate Tom.	174b9512-26d2-5473-a675-53fac8d5f7a2	24	30
Io non voglio umiliare Tom.	I don't want to humiliate Tom.	c5fc567e-c73f-5eb9-924d-5039f63aeaf3	27	30
Non ero preparato per quello che è successo.	I wasn't prepared for what happened.	fad6fdc0-9d6b-528c-a97c-a7c6d35f4aa4	44	36
Io non ero preparato per quello che è successo.	I wasn't prepared for what happened.	bff66da5-d171-5946-a1d2-7783fa8886c2	47	36
Non ero preparata per quello che è successo.	I wasn't prepared for what happened.	29f38097-c667-5f18-9949-faa8c1118a6c	44	36
Io non ero preparata per quello che è successo.	I wasn't prepared for what happened.	07f1c03d-1f20-5b09-b9aa-83bcdb76224e	47	36
Mi diverto sempre molto quando vengo qui.	I always have a lot of fun when I come here.	6e2a664c-595e-5f95-9d00-b929537892eb	41	44
Io mi diverto sempre molto quando vengo qui.	I always have a lot of fun when I come here.	6ebaf0e1-726c-5a78-8031-38e6901e888d	44	44
Qualcosa ha fatto arrabbiare Tom.	Something made Tom angry.	b08a8f17-1e0d-5019-8cbc-0ce1b397e93e	33	25
Qualcosa fece arrabbiare Tom.	Something made Tom angry.	ea3dad9d-1c12-54f7-ba73-cfaba16b5946	29	25
Non è quello che ho detto a Tom.	That's not what I told Tom.	a5550ec6-acc7-529d-9378-ccb2457fca39	32	27
Hai mai visto Tom piangere?	Have you ever seen Tom cry?	d06f01b6-dc2b-517e-8a75-4d6b06e887fa	27	27
Tu hai mai visto Tom piangere?	Have you ever seen Tom cry?	1867e7da-3217-500d-bbc8-65bf1a7c4dec	30	27
Ha mai visto Tom piangere?	Have you ever seen Tom cry?	092f93ed-231d-5005-a626-79fa37dda4d2	26	27
Lei ha mai visto Tom piangere?	Have you ever seen Tom cry?	32cfbb7c-f6a4-555c-b3d4-a20448d01f23	30	27
Avete mai visto Tom piangere?	Have you ever seen Tom cry?	392ed342-a45a-5c6f-8bc4-cb99510c16d5	29	27
Voi avete mai visto Tom piangere?	Have you ever seen Tom cry?	6a00c43b-9510-5f08-98db-9f44b7951cde	33	27
Abbiamo acceso la radio.	We turned on the radio.	746fa453-c027-5962-9246-65a5e12d8438	24	23
Noi abbiamo acceso la radio.	We turned on the radio.	1cbd539b-6485-50da-915e-5c281d87eaee	28	23
I miei amici non giocano a tennis.	My friends don't play tennis.	94f0cd05-2107-5d39-8db1-be026c67dc8d	34	29
Le mie amiche non giocano a tennis.	My friends don't play tennis.	b2034f17-d230-5389-8519-2b036507ee07	35	29
Sono praticamente un adulto.	I'm practically an adult.	b8048d5a-915c-5f73-84a0-339aa011f976	28	25
Io sono praticamente un adulto.	I'm practically an adult.	57413bb1-433e-5002-946f-0b61c927ac77	31	25
Sono praticamente un'adulta.	I'm practically an adult.	72cf7224-49db-5c71-9ef5-cd41d19923a5	28	25
Io sono praticamente un'adulta.	I'm practically an adult.	a8254373-e8d0-545a-9bcc-1acec0a15c66	31	25
Non bruciarti.	Don't burn yourself.	a612cdca-d913-59b5-96c1-4a6a9487a5ef	14	20
Non si bruci.	Don't burn yourself.	762ed190-1de8-54f6-91cc-09d45224b7da	13	20
Non ti bruciare.	Don't burn yourself.	7ef84c1e-dc69-578b-815b-159641041b3f	16	20
Ho un'idea diversa.	I have a different idea.	0a82938d-8820-553b-97aa-386682aeea49	19	24
Io ho un'idea diversa.	I have a different idea.	31fff594-c4d8-5ea5-890a-0764f780a564	22	24
Ho un'idea differente.	I have a different idea.	f2162ac8-7011-5596-8a12-318e71a203dd	22	24
Io ho un'idea differente.	I have a different idea.	3b12ddc7-3da6-58e9-9d40-4e7f1be5894a	25	24
Ci aiuteranno.	They'll help us.	bc78f3e5-2506-513d-a452-2c48b2308141	14	16
Loro ci aiuteranno.	They'll help us.	67cbda20-b53d-58e2-99d8-c84d81fa6baa	19	16
Non è pratico.	It's not practical.	2d00e065-15bb-501b-89b3-5c8ab431e452	14	19
Non è pratica.	It's not practical.	37e35ab7-c85c-5ec3-b440-d0eaf14b148e	14	19
Che ho mai fatto a Tom?	What have I ever done to Tom?	1f5fa51b-f33a-5437-ac07-505be97c27ca	23	29
Abbiamo pesce per cena ogni venerdì.	We have fish for dinner every Friday.	ae576936-a95f-5d4e-b7e0-7f022a13d269	36	37
Noi abbiamo pesce per cena ogni venerdì.	We have fish for dinner every Friday.	92cbf6e4-e53d-5740-97c4-e5db61a0fc6c	40	37
Forse avremmo dovuto chiedere a Tom.	Maybe we ought to ask Tom.	d41cf38f-0a19-59c5-a87d-9fbf4a898eaf	36	26
Tom è molto più giovane di Mary.	Tom is a lot younger than Mary.	0ca72974-b9da-5748-a05f-98a82fd7a268	32	31
Tom sta sempre lavorando.	Tom is always working.	eec86276-7ce5-5e51-8076-1ed46d2d214f	25	22
Tom vuole dei figli, ma Mary no.	Tom wants children, but Mary doesn't.	fe3b33f5-9a5e-5c00-8d56-9fa56735dad4	32	37
Tom vuole dei figli, però Mary no.	Tom wants children, but Mary doesn't.	dda87150-7117-52bf-9a18-05af7009b296	34	37
Sei molto religioso, vero?	You're very religious, aren't you?	a1197a8b-0122-5e37-86a0-61bb78e6c2a2	26	34
Tu sei molto religioso, vero?	You're very religious, aren't you?	5b12bc52-e562-5191-bbd2-08a9fe05d391	29	34
Sei molto religiosa, vero?	You're very religious, aren't you?	95c2b9a1-bfe4-58ce-b5a3-353c53b3fefb	26	34
Tu sei molto religiosa, vero?	You're very religious, aren't you?	2cf3af29-6863-5344-a253-5f4debaaf6af	29	34
Siete molto religiosi, vero?	You're very religious, aren't you?	dbd7230e-00b3-5e6f-b6df-aa4263f75d17	28	34
Voi siete molto religiosi, vero?	You're very religious, aren't you?	d1a53ff5-12a3-5531-957f-f00db6494657	32	34
Siete molto religiose, vero?	You're very religious, aren't you?	40b1ef56-7c6d-5c40-a147-2b2e4e0da1a8	28	34
Voi siete molto religiose, vero?	You're very religious, aren't you?	9ef40f36-6336-5ca1-902d-bbb7d25619b6	32	34
È molto religioso, vero?	You're very religious, aren't you?	d8c62633-365e-5167-b824-dbd3c25810e3	24	34
È molto religiosa, vero?	You're very religious, aren't you?	316c1699-9682-5296-87f1-e24590a27ab3	24	34
Lei è molto religioso, vero?	You're very religious, aren't you?	b1cea4c0-d3ca-5716-8164-639334abe659	28	34
Lei è molto religiosa, vero?	You're very religious, aren't you?	68870288-1916-58a4-af26-f278545ad4a9	28	34
Tom guida uno scooter.	Tom rides a scooter.	f4ca1e1d-0127-5fe0-bc6f-0f275fe6c99c	22	20
Io ho uno scooter.	I have a scooter.	8490f79f-5d96-5e2e-a899-931ed479f0af	18	17
Voglio uno scooter.	I want a scooter.	efdd0205-b29f-5c23-91d8-f65e87d4c3ed	19	17
Io voglio uno scooter.	I want a scooter.	5910ab40-d76e-515e-a58c-4e595b15ade6	22	17
È saltata sullo scooter.	She jumped on the scooter.	a737f82b-ab2d-5b33-a976-336bb88aaf53	24	26
Lei è saltata sullo scooter.	She jumped on the scooter.	39c428c4-ae4a-5035-be5d-acef9ce1c18d	28	26
Saltò sullo scooter.	She jumped on the scooter.	b6f2bd44-303e-5bd5-8242-a46299c62c1a	20	26
Lei saltò sullo scooter.	She jumped on the scooter.	3ec78a13-0e39-56f4-bae4-a6f7f4815925	24	26
Posso aprire gli occhi?	Can I open my eyes?	99298d7a-5079-52b6-823a-96ac63c68877	23	19
Tom ha trovato facile parlare in inglese con Mary.	Tom found it easy to speak English with Mary.	a12099a6-81fe-5e67-9472-8b6479695b48	50	45
Quell'uomo ha mangiato del pane.	That man ate bread.	cacc6c54-eece-53e9-9d7d-b149ccaf57fb	32	19
Quell'uomo mangiò del pane.	That man ate bread.	1e87f25c-a84c-5389-9485-9b26b7c5b714	27	19
Non mi darai un bacio?	Aren't you going to give me a kiss?	480832de-8c7f-588d-a094-f10364c12e2c	22	35
Non mi darà un bacio?	Aren't you going to give me a kiss?	441cf3c0-2d21-589e-920b-9da0679ba580	21	35
Non mi darete un bacio?	Aren't you going to give me a kiss?	3a354f7c-e03c-5f72-8f87-fdaf7eaab105	23	35
Dovresti denunciare Tom.	You should sue Tom.	3d582672-80e3-5691-adc7-39a9682f2d07	24	19
Dovreste denunciare Tom.	You should sue Tom.	12cb6d7f-5512-5c18-b2f9-4d97f9737a4b	24	19
Dovrebbe denunciare Tom.	You should sue Tom.	00e29ce3-3065-540c-9dd0-0d969d754a0f	24	19
Non mi serve niente ora.	I don't need anything now.	66ef95e6-f7b5-5361-aa5e-7a204fca6fdd	24	26
Non mi serve niente adesso.	I don't need anything now.	62418f06-6599-59e5-8993-9de45ed97c28	27	26
Non mi serve nulla ora.	I don't need anything now.	4dbf2607-054f-57d6-9b83-c366423f6be3	23	26
Non mi serve nulla adesso.	I don't need anything now.	602f75fd-7bb0-5b35-ac04-83c54d88ad32	26	26
Non ho bisogno di niente ora.	I don't need anything now.	5d4e8ec2-f93a-51a5-abbb-c8f539a8e143	29	26
Non ho bisogno di niente adesso.	I don't need anything now.	627a9f1f-3911-59c9-98f5-22eb005f34a2	32	26
Non ho bisogno di nulla ora.	I don't need anything now.	b427ee16-4e1a-550e-8875-08da815e3ba1	28	26
Non ho bisogno di nulla adesso.	I don't need anything now.	f47e7826-0cfc-556f-b438-604af74343d3	31	26
Tom ha molte idee originali.	Tom has a lot of original ideas.	65ba6113-6b37-5746-894c-768815f1ba86	28	32
Devi aspettare un po'.	You must wait a while.	dbc64877-ef6f-5ee4-ab21-9b7add2c2f29	22	22
Deve aspettare un po'.	You must wait a while.	0a749c59-462f-53ac-bc48-62457aa471c2	22	22
Dovete aspettare un po'.	You must wait a while.	fcbe5376-ec15-5f60-bb16-d7ab4ad4457c	24	22
Probabilmente saremo tutti morti presto.	We'll probably all be dead soon.	bc18ba0f-2b9e-5549-8793-a2bcf779ef61	40	32
Probabilmente saremo tutte morte presto.	We'll probably all be dead soon.	7160c594-b697-5e83-bc2e-7ae46d52befb	40	32
Ci sono delle condizioni.	There are conditions.	c2354801-da11-5d57-a208-900c521f088f	25	21
Cosa sono quei rumori?	What are those noises?	79480766-86ca-52d7-a063-fe0bbbe5a2d8	22	22
Che cosa sono quei rumori?	What are those noises?	ecea89e8-a770-59c3-8cd1-ae95d0b635e6	26	22
Che sono quei rumori?	What are those noises?	b7c859a9-fda3-534b-87e2-d0bdde6a484a	21	22
Devo davvero farlo?	Do I really need to do that?	6dd2e725-803d-5c7f-9028-6d3c263965e2	19	28
Devo veramente farlo?	Do I really need to do that?	baaf52e4-82e1-53eb-b122-4dbdfa951859	21	28
Lo devo davvero fare?	Do I really need to do that?	0b49df80-3d21-5127-a379-b099d23556bc	21	28
Lo devo veramente fare?	Do I really need to do that?	c1e9e80b-a99a-5a19-abb1-da630e554d12	23	28
Chi sa dov'è andato Tom?	Who knows where Tom went?	2fe42117-a7ae-5e80-9c06-50cf718aa192	24	25
Mi scuso per la mia maleducazione.	I apologize for my rudeness.	4bf65eee-402f-5cfc-9bc7-6a04f5b605d6	34	28
Mi scuso per la mia scortesia.	I apologize for my rudeness.	f0a679e0-7dbd-591a-8f56-0dff91e5c2c5	30	28
Questo è mio figlio.	This is my son.	50b87594-9aec-58c9-97e8-6b1a55769e5a	20	15
Ci sono troppe cose che non so.	There's too much I don't know.	b3e74c70-c548-57bc-b618-65374db35866	31	30
C'è troppo che non so.	There's too much I don't know.	b84e89cb-7f96-5cea-8a28-9da45c99f4b0	22	30
Non sono riuscito a uscire perché stava piovendo.	I couldn't go out because it was raining.	045932ec-d614-5f1a-bf47-57d18fe2ecf0	49	41
Non sono riuscita a uscire perché stava piovendo.	I couldn't go out because it was raining.	096339ab-59b9-54c4-b521-388258c841f3	49	41
Dillo tu a lei.	Tell her yourself.	2a695483-7da8-51ae-9f55-8d6c1adba21b	15	18
Imitalo.	Send him up.	08f22078-c4a3-51c4-b117-cc53445e4cb3	8	12
Lo imiti.	Send him up.	0d2f14cd-0894-5297-802c-9b4527b489aa	9	12
Imitatelo.	Send him up.	9d935ee3-c0a1-5a00-a01b-b7de712a41be	10	12
Imitali.	Send them up.	d83e17fd-0ea1-5253-ba7d-98f94a3804f1	8	13
Imitale.	Send them up.	9ed520db-3078-5074-bb3a-4eeadeb04f64	8	13
Li imiti.	Send them up.	4f205791-9a1b-55d3-bd6d-9a696447dfbe	9	13
Le imiti.	Send them up.	d5e30bad-3286-5a33-b718-19a16945cfa6	9	13
Imitateli.	Send them up.	64521477-b66d-5898-b3a9-bc8ac5306bf7	10	13
Imitatele.	Send them up.	17bde4f4-df83-58d5-bfbe-8fa54551dee3	10	13
Imitala.	Send her up.	d6cbb5b9-c656-54c9-a062-c6b09d0d28e1	8	12
La imiti.	Send her up.	42fa9651-305f-5e56-b719-0a4b7d49fd88	9	12
Imitatela.	Send her up.	ceae7c7d-3b94-5af6-a6f3-5ccc285bef36	10	12
Ci hai fatto del male.	You hurt us.	c8d8b04e-c248-5de9-9fdb-356cf5cc77b8	22	12
Tu ci hai fatto del male.	You hurt us.	043d8bd6-7fbd-5397-905e-7b4aef4c0217	25	12
Ci ha fatto del male.	You hurt us.	a92e1071-36e9-5002-9a3f-b36c9080ad4b	21	12
Lei ci ha fatto del male.	You hurt us.	3f8b9420-7435-5bb6-a6b0-49f6bf25a247	25	12
Ci avete fatto del male.	You hurt us.	1966d970-5421-50f7-9054-1fc6b2cd87a9	24	12
Voi ci avete fatto del male.	You hurt us.	d8955751-a172-51a2-bf73-b2b466ddc651	28	12
Hai fatto loro del male.	You hurt them.	70d02544-cb82-5fb3-ae30-2d8a6e1267fc	24	14
Tu hai fatto loro del male.	You hurt them.	97eedb82-911b-5754-8e79-e87fc4c86089	27	14
Ha fatto loro del male.	You hurt them.	19ce52cf-30da-5bdd-bbd7-dcffef7981e7	23	14
Lei ha fatto loro del male.	You hurt them.	203d89d6-d5dc-5434-9c4c-2a355e408b31	27	14
Avete fatto loro del male.	You hurt them.	f877cd4d-ee28-5178-aaf6-1c6afcec91ed	26	14
Voi avete fatto loro del male.	You hurt them.	d3b9077c-86eb-557a-b152-3f0a603fc14c	30	14
Gli hanno fatto del male.	They hurt him.	6e9f5c7a-c770-5225-ac75-95c7adfe599d	25	14
Loro gli hanno fatto del male.	They hurt him.	2549814a-dbbe-50df-9221-49cba6a7bbea	30	14
Chi l'ha colpito?	Who hit him?	23d5191f-00fc-5dd7-ad1f-66112dcbc39f	17	12
Chi l'ha colpita?	Who hit her?	bd28d6f5-7e89-5848-ad2d-8d2cfad30e09	17	12
Li ho colpiti.	I hit them.	44466fef-2bf0-5082-a600-53b3c38368f4	14	11
Le ho colpite.	I hit them.	f7d9bf51-4df4-58bf-86b9-a0ab409636ef	14	11
L'ho colpito.	I hit him.	58da8f7b-f2d9-538b-ac9b-a0387e28f012	13	10
Li ho incastrati.	I framed them.	98f31dff-6891-5fcd-9e0f-26422b6af74f	17	14
Le ho incastrate.	I framed them.	944f3887-1973-525f-814e-4670d6ede7a6	17	14
L'ho incastrato.	I framed him.	47aebe1c-8f93-52af-9684-9a265cf11e2f	16	13
L'ho incastrata.	I framed her.	aace471a-7783-5ff4-94c4-6b037064da85	16	13
Tom li ha trovati.	Tom found them.	e4038ade-090d-5104-96d3-2b75669d78c5	18	15
Tom le ha trovate.	Tom found them.	f533524a-eead-54d5-bda3-f0b4c7bdf47b	18	15
Tom li trovò.	Tom found them.	0f1b9d07-1283-5c5e-bdc3-b57cb3dc5a10	13	15
Tom le trovò.	Tom found them.	c8914831-bdc6-553c-884c-00935205e050	13	15
Li abbiamo perdonati.	We forgave them.	37e6b05f-4eec-5b46-b724-a70f12a41bbe	21	16
Le abbiamo perdonate.	We forgave them.	4df2242d-6a80-5759-9c15-9cfa7a8027c7	21	16
Li ho perdonati.	I forgave them.	08e25bf8-773b-57f4-8a96-41ce8314de22	16	15
Le ho perdonate.	I forgave them.	9f91e3f5-04ce-50fc-bd70-3106edbb16df	16	15
Smettila di seguirli.	Quit following them.	10059307-d106-5444-8556-044851efe0e2	21	20
Smettila di seguirle.	Quit following them.	6d6cef45-9fed-57bd-9b19-da95ecfcf07a	21	20
La smetta di seguirli.	Quit following them.	ada86aa8-165d-5f52-ac9e-429ae0a027eb	22	20
La smetta di seguirle.	Quit following them.	820b0f1b-5222-5b7b-be51-a748368a1d1f	22	20
Smettetela di seguirli.	Quit following them.	73693426-59d0-5e95-a823-946397594c72	23	20
Smettetela di seguirle.	Quit following them.	aef7f241-2d2c-5861-94a1-1e17f4969851	23	20
Smettila di seguirlo.	Quit following him.	48bec9ef-a9a1-5cf4-902e-059f1b1d492d	21	19
La smetta di seguirlo.	Quit following him.	c8b65b7d-fd7a-59a9-bc57-c2a56fe6fd03	22	19
Smettetela di seguirlo.	Quit following him.	a10990fd-7814-5caa-84ae-7b950b353cd0	23	19
Smettila di seguirla.	Quit following her.	e01a8752-62eb-5ac8-9bb5-a8fdf5e10bcd	21	19
La smetta di seguirla.	Quit following her.	38dac480-8a5c-531f-a0c0-4f38e8460f16	22	19
Smettetela di seguirla.	Quit following her.	c6d1cb7b-a27a-5f3d-bfa8-ea0137fe9578	23	19
Seguilo e basta.	Just follow him.	b81cdf2a-8bfd-50f0-8da2-c986abd5ebf8	16	16
Lo segua e basta.	Just follow him.	81f2ed87-fa4d-554f-9d32-863278f9cd7b	17	16
Seguitelo e basta.	Just follow him.	067a09b7-940a-5d15-ab47-53f088083f35	18	16
La scienza ha fatto dei progressi notevoli.	Science has made remarkable progress.	2749153d-8201-5354-be80-645a43332308	43	37
L'ho catturato.	I caught him.	cfcc0932-4f4e-54a4-8c87-da3c43b8c0b1	15	13
Lo catturai.	I caught him.	f375c88e-5433-529c-a0b4-46fcc55bb848	12	13
L'ho catturata.	I caught her.	17ab6591-35db-5f00-bee4-a05b53d4cbf3	15	13
La catturai.	I caught her.	af276d66-f7e2-584c-a7fe-2b04c7213255	12	13
La abbiamo catturata.	We captured her.	c4bb03c3-4ab3-5b05-950b-2dd26e28bfb9	21	16
Lo hanno catturato.	They captured him.	e6719b94-b604-5bf7-9796-bb8a891aded4	19	18
Qualcuno li ha chiamati.	Someone called them.	bda0098a-2d02-52d1-ade6-11a8e78ce44f	24	20
Qualcuno le ha chiamate.	Someone called them.	d994ad7e-11e4-50b8-bdfe-6faf97ca4ccd	24	20
Qualcuno l'ha chiamato.	Someone called him.	6b4daed4-924f-5807-b06f-8e4193592423	23	19
Qualcuno l'ha chiamata.	Someone called her.	6d13998b-8e04-5f25-a0b0-b62a7973a298	23	19
Chiamalo ora.	Call him now.	e664f171-1347-514c-9f5f-849a01769928	13	13
Chiamalo adesso.	Call him now.	2b1aa9f0-eb47-5b7c-9615-7dc688fd4a18	16	13
Lo chiami ora.	Call him now.	f9e484b2-fa22-5a40-9258-427a27c955ea	14	13
Lo chiami adesso.	Call him now.	c8c6c212-908c-55b8-ab37-17ae5c19c5da	17	13
Chiamatelo ora.	Call him now.	dc424f0a-5289-5b56-8a61-f16da366cfff	15	13
Chiamatelo adesso.	Call him now.	90a90154-d0ef-5af1-80f9-01a539a6b4fb	18	13
Chiamala ora.	Call her now.	66133d41-9aae-5d9a-8a4a-a23114b5bcd8	13	13
Chiamala adesso.	Call her now.	836020d7-0bdf-5b8d-b4b8-91d11d539b98	16	13
La chiami ora.	Call her now.	9df3e865-587c-57fb-b8d5-9e6f63712c03	14	13
La chiami adesso.	Call her now.	535883af-e637-566f-b7a8-5bd6810b8d7c	17	13
Chiamatela ora.	Call her now.	04cd5ed1-098b-5429-a696-03e15a32d3c6	15	13
Chiamatela adesso.	Call her now.	221ad96b-5825-54e4-a088-bf111d45df1e	18	13
Chiamateli immediatamente.	Call them immediately.	3c24e030-c0e5-5ec4-8780-9928836c4740	26	22
Chiamatele immediatamente.	Call them immediately.	bcf024d3-8c67-5ea8-89d1-49c402423972	26	22
Li chiami immediatamente.	Call them immediately.	2413ebd7-c58b-599b-99ae-cafd5ef6836a	25	22
Le chiami immediatamente.	Call them immediately.	e2767894-4260-59bc-91fc-51c2067f6d5d	25	22
Chiamalo immediatamente.	Call him immediately.	1d16090f-a034-5abc-8d55-27e49f5083e6	24	21
Lo chiami immediatamente.	Call him immediately.	d62bde46-181e-53d7-8b6d-cf15311b1851	25	21
Chiamatelo immediatamente.	Call him immediately.	1e47a1fa-df05-5845-8453-8fe36f4c0625	26	21
Chiamala immediatamente.	Call her immediately.	ae5c7728-8c06-535e-804c-46f3ca9762fc	24	21
La chiami immediatamente.	Call her immediately.	18c08457-cb31-5002-b726-4c2e6eac3e92	25	21
Chiamatela immediatamente.	Call her immediately.	58f34207-1bb9-52bd-a23b-6c97230d5170	26	21
Chiamali e basta.	Just call them.	1adc7e16-f04e-59b4-b050-fb92d96f4035	17	15
Chiamale e basta.	Just call them.	8e0546ac-eef7-5653-ad25-8aa13e0d76e3	17	15
Li chiami e basta.	Just call them.	b654e0bf-5166-5281-ace3-db8a98f6c4da	18	15
Le chiami e basta.	Just call them.	8a219f67-ab47-57e8-bf05-034f7da42870	18	15
Chiamateli e basta.	Just call them.	17a47ab5-cf62-59db-ac7e-cbd9388e189e	19	15
Chiamatele e basta.	Just call them.	c159221e-4f13-5f99-aa91-533fa8630fc3	19	15
Chiamalo e basta.	Just call him.	a1f6b020-6ed1-54c4-a266-9bddb4292093	17	14
Lo chiami e basta.	Just call him.	1e4cb21f-11cb-50b1-97ae-80124c122b21	18	14
Chiamatelo e basta.	Just call him.	ec8878ad-0e87-5e43-b2db-4378770c8646	19	14
Chiamala e basta.	Just call her.	5dbc7993-acc0-5004-b9ca-b8759ae25d3f	17	14
La chiami e basta.	Just call her.	99fb49c5-dd35-5bec-9f34-3000e79fa4db	18	14
Chiamatela e basta.	Just call her.	c06af20d-c0bd-59ee-b30b-6f461074c75f	19	14
Portalo.	Bring him over.	c20dacb5-81cc-5601-9e6a-a29a596b04e2	8	15
Lo porti.	Bring him over.	c12aa380-e0c4-5654-8280-65202dae861e	9	15
Portatelo.	Bring him over.	e7f29c0b-742c-5b2b-af0d-81080be1e85a	10	15
Portala.	Bring her over.	51068111-c5b4-510f-adf3-cf86ad365a7e	8	15
La porti.	Bring her over.	4e4bdc69-5413-533f-9413-35c10a456b5c	9	15
Portatela.	Bring her over.	6dd51717-89dc-5566-87e5-e6ddc227c116	10	15
Portali.	Bring them over.	61acef06-ac9b-5be2-a0a1-5952b04ba28d	8	16
Portale.	Bring them over.	7a0726a1-947f-50cc-ae53-1777704f870e	8	16
Li porti.	Bring them over.	6f5520b5-752b-588e-81ac-614f0c2a8a69	9	16
Le porti.	Bring them over.	b13965f2-f9a0-598f-b865-dcde16601e9d	9	16
Portateli.	Bring them over.	867748c4-d29d-5e85-8d7a-152c4e855ebe	10	16
Portatele.	Bring them over.	d804f2c6-16c9-5e05-8783-f63b69be5f44	10	16
Portali a casa.	Bring them home.	91bdccb4-6a86-534d-adc6-aa6f5b95f1ed	15	16
Portateli a casa.	Bring them home.	5f2b67f8-7ade-5a81-a062-7b05a4ab339e	17	16
Li porti a casa.	Bring them home.	03335eee-bedd-5d57-aeab-9b774b88c0b9	16	16
Portale a casa.	Bring them home.	a318f848-bc6b-580b-b1eb-b32c4d4a9dc0	15	16
Le porti a casa.	Bring them home.	ff700f8f-a673-5601-95a5-5bfda8db2d62	16	16
Portatele a casa.	Bring them home.	05f1b7ca-5817-5cec-a0a6-1bda5ab4aa8d	17	16
Portali indietro.	Bring them back.	f278cdb4-cd42-5625-8e35-c393690ddee5	17	16
Portale indietro.	Bring them back.	730868b0-fa4b-57e1-b89a-56617a197f68	17	16
Portateli indietro.	Bring them back.	a085cf02-a40a-5cd1-a492-9751f6b4b023	19	16
Portatele indietro.	Bring them back.	87ec6c52-02ea-5ebe-bcb1-b7e0e02fb61a	19	16
Li porti indietro.	Bring them back.	e87ddfa5-564b-531a-971c-71f0b206061f	18	16
Le porti indietro.	Bring them back.	0039ecad-420c-5625-9f56-10bf6ecf63e3	18	16
Portalo indietro.	Bring him back.	06c32e26-bae4-5f71-b717-44ed61b00cdf	17	15
Lo porti indietro.	Bring him back.	5cd15d2e-b725-50e4-a7a4-b0870ad8d0d7	18	15
Portala indietro.	Bring her back.	54968eb3-99f4-51db-b426-3b32ee891984	17	15
La porti indietro.	Bring her back.	6852425b-4e2a-56a9-8ad4-14cc69bf5676	18	15
Portatela indietro.	Bring her back.	aaef2ac1-485e-56e1-a7ce-90c4d2c5f043	19	15
Incolpo loro.	I blame them.	3e430084-6aeb-56e7-82df-d6910a861f81	13	13
Io incolpo loro.	I blame them.	a8a23180-84cc-558b-91ad-3c133fed7c3b	16	13
Chiedigli qualunque cosa.	Ask him anything.	d8a12ff2-1e37-5feb-b57d-bbc9616ae31b	25	17
Chiedigli qualsiasi cosa.	Ask him anything.	ca4dfaf1-0d40-5ff5-b354-1b777cc36187	25	17
Gli chieda qualunque cosa.	Ask him anything.	fcf70d6f-4914-5a62-9acd-8ca2b48c9c90	26	17
Gli chieda qualsiasi cosa.	Ask him anything.	b1d3fcf6-784f-5e52-826c-ff7102b0edbb	26	17
Chiedetegli qualunque cosa.	Ask him anything.	6e32ee57-4c02-5e2f-9387-d42398eafb1a	27	17
Chiedetegli qualsiasi cosa.	Ask him anything.	6364a9b8-1ff9-5eaf-b163-9fe17cd78264	27	17
Chiedile qualunque cosa.	Ask her anything.	bc4a8888-7f25-5e92-a878-f2c6201b54cf	24	17
Chiedile qualsiasi cosa.	Ask her anything.	355e4017-a064-501d-825f-3f3b49003aa1	24	17
Le chieda qualunque cosa.	Ask her anything.	774c1985-5c63-56ae-a9ad-3e599d289397	25	17
Le chieda qualsiasi cosa.	Ask her anything.	6eaa7ea7-7ec6-5243-a812-08ac43bfc1c2	25	17
Chiedetele qualunque cosa.	Ask her anything.	83fa57ef-0d88-5a89-aae0-68f20e2d0ca7	26	17
Chiedetele qualsiasi cosa.	Ask her anything.	ac11326b-1298-505b-98d2-f757acb59d75	26	17
Li abbiamo arrestati.	We arrested them.	db97c985-52e0-5820-805d-2c8ea5364ba8	21	17
Le abbiamo arrestate.	We arrested them.	55cf5f55-5eda-5f4e-9095-dd048de55249	21	17
Lo abbiamo arrestato.	We arrested him.	149f1765-8207-587c-a2d7-bd05aa324b60	21	16
L'abbiamo arrestata.	We arrested her.	bb6fb4b1-accd-512c-abc3-445d10d6c202	20	16
Nessuno ha risposto a loro.	Nobody answered them.	3f204593-9e5c-5546-854a-26413e853364	27	21
Nessuno mi ha risposto.	Nobody answered me.	3f6f8c8d-a712-57ad-a82a-6d04ee29f44f	23	19
Nessuno gli ha risposto.	Nobody answered him.	d1ffa1c7-0cbc-514b-a209-ec4273a61f79	24	20
Nessuno le ha risposto.	Nobody answered her.	53432d04-1df2-5d9e-852e-909e1a5458c7	23	20
Nessuno gli rispose.	Nobody answered him.	139dad25-b1f1-5aaf-8a01-f69ad69cb634	20	20
Nessuno le rispose.	Nobody answered her.	bc4e2a93-7c15-5fa7-8f46-24c64960dbaa	19	20
Nessuno mi rispose.	Nobody answered me.	4ef6b916-2646-51ec-ba6f-2fa1da0f4e0b	19	19
Li abbiamo adottati.	We adopted them.	99bb0dae-3f14-57b0-a742-df5181698844	20	16
Le abbiamo adottate.	We adopted them.	c018a15b-b9ce-52b0-8c35-972108617408	20	16
Li adottammo.	We adopted them.	3c8c3aed-6813-51d8-8cb6-442d7414a3c6	13	16
Le adottammo.	We adopted them.	7c031750-2845-528a-88a0-09c4f32c6f8d	13	16
L'abbiamo adottata.	We adopted her.	2b761ab2-d709-53dd-adc8-09ba1c45fe4d	19	15
La adottammo.	We adopted her.	5c3dd432-5abe-5520-8969-c9ec29bb2f33	13	15
Li ammiravo.	I admired them.	069dd089-1b66-52b3-b801-4b4c483ea274	12	15
Io li ammiravo.	I admired them.	10794f5b-4e01-5fbf-96e7-aef55e98bbdb	15	15
Le ammiravo.	I admired them.	2d44d30a-1a78-5721-b126-d7547b233dfa	12	15
Io le ammiravo.	I admired them.	2eefdf47-ff21-522a-a9e0-6fd5dec26df2	15	15
Lo ammiravo.	I admired him.	a58988d7-9903-5598-aa8d-fc7e420b1417	12	14
Io lo ammiravo.	I admired him.	315093b5-1e22-5b44-b496-6859c915d7a8	15	14
La ammiravo.	I admired her.	83cd82e2-dd9e-55f3-8762-02b783ce4e7c	12	14
Io la ammiravo.	I admired her.	faf4ac3b-80bb-533d-aa0a-a1b89ae60c9a	15	14
Li ammiro.	I admire them.	4dc74e4d-c3e5-5a3f-abc3-d4f4a7f70d25	10	14
Io li ammiro.	I admire them.	b8bb4f64-dd25-5798-afe4-e96f40f05285	13	14
Le ammiro.	I admire them.	019262b4-6c24-5510-85c9-ec8055e2d38f	10	14
Io le ammiro.	I admire them.	f01097c4-9b23-528d-9b6c-2c080c3228c6	13	14
Lo ammiro.	I admire him.	1d624765-3b10-5847-88de-ab59a95e5738	10	13
Io lo ammiro.	I admire him.	56960352-b8f8-5f97-b456-a60ccc270b70	13	13
La ammiro.	I admire her.	aa4a3680-9de3-5749-819e-e164e8964773	10	13
Io la ammiro.	I admire her.	9ca4e5d5-d47f-5492-b644-a5f2049a1efd	13	13
E loro?	What about them?	b725c42e-a9d9-5ce3-b956-750e55b283d6	7	16
E lui?	What about him?	fb8c81e9-b3b5-54d9-89e7-30d63a97b519	6	15
Scordati di noi.	Forget about us.	4071cab7-df24-5971-8ad3-cec9b0cda845	16	16
Si scordi di noi.	Forget about us.	0dbec380-6ce5-52f2-8807-82b2177019ad	17	16
Scordatevi di noi.	Forget about us.	32ee9f54-ef91-5b49-8e65-16b5fe028971	18	16
Dimenticati di noi.	Forget about us.	578a0fa6-62d7-59f7-bcff-794e1aade16e	19	16
Si dimentichi di noi.	Forget about us.	cea96bfd-714c-57d9-8de5-31b61105aa4b	21	16
Dimenticatevi di noi.	Forget about us.	de63e450-cfb6-5d57-af9e-0073f607a8d7	21	16
Scordati di loro.	Forget about them.	89937181-cf0c-52cd-a61b-69150d3b17d9	17	18
Si scordi di loro.	Forget about them.	d5b93fbb-b673-5f61-858b-25d67d036466	18	18
Scordatevi di loro.	Forget about them.	996b2e61-a4f4-5b3c-bda0-5568c10ba5f3	19	18
Dimenticati di loro.	Forget about them.	1bf8755c-4d05-5981-9933-21df022fc151	20	18
Si dimentichi di loro.	Forget about them.	78e83bf4-5130-5715-b354-f9ad3b8a7c5e	22	18
Dimenticatevi di loro.	Forget about them.	eed16310-103f-5737-b873-097144a70ac1	22	18
Scordati di me.	Forget about me.	3ca689a5-91a8-5b57-945d-378a15b93035	15	16
Si scordi di me.	Forget about me.	aadb13cf-fdb7-58ed-adeb-01e0286cb705	16	16
Scordatevi di me.	Forget about me.	5549b448-79e5-52f7-9fd9-367fbf212334	17	16
Dimenticati di me.	Forget about me.	ea6e5af0-5aa9-55db-9072-afab2dda37ed	18	16
Si dimentichi di me.	Forget about me.	9c817bc8-b866-500e-bdc7-98617f911ae8	20	16
Dimenticatevi di me.	Forget about me.	d6cea5dc-0954-5ea0-abf0-2b3c787fc451	20	16
Ha rivelato il segreto.	She revealed the secret.	f78edea4-887f-5072-ac1b-e92780ccf144	23	24
Lei ha rivelato il segreto.	She revealed the secret.	0cbf0ae2-a7bb-5a82-97cb-4f95fa01d3f2	27	24
Rivelò il segreto.	She revealed the secret.	cf5eb84f-8d6a-5508-bbe0-17dba6d8c209	18	24
Lei rivelò il segreto.	She revealed the secret.	3184dc3f-cf58-5b6a-9324-e95757b5bcb8	22	24
Non sta mangiando.	He's not eating.	23e3ff92-16be-5308-8fa4-808fff1b6ac3	18	16
Lui non sta mangiando.	He's not eating.	813ba5ac-2c53-5816-9ef8-12ceae4705c4	22	16
Li ho svegliati.	I woke them up.	9c2abb2f-c17b-52dd-9ed8-d43563e43c15	16	15
Le ho svegliate.	I woke them up.	9a794bd0-32be-5e20-8e50-85e38366645e	16	15
Li svegliai.	I woke them up.	2961b8a6-122f-5f1f-b14c-ee76232fe1bd	12	15
Le svegliai.	I woke them up.	94f59c90-a15f-55d2-a980-6badf61e1c25	12	15
L'ho svegliato.	I woke him up.	49667100-1f65-5973-bec8-2ecb4dbe9343	15	14
Lo svegliai.	I woke him up.	002a9c6b-8464-5c64-89d9-a7e7d073adc3	12	14
La svegliai.	I woke her up.	1a9b6d5d-faad-569f-be13-f1ba717c39a4	12	14
Ho parlato con lei.	I talked with her.	9554e6c1-e65f-5aea-8247-07740c0300da	19	18
Parlate con loro e basta.	Just talk with them.	5998600c-c821-5721-a320-dbd290df4a80	25	20
Parla con loro e basta.	Just talk with them.	27b29c87-7b35-55ea-ad35-d0dd3d6bcae5	23	20
Parli con loro e basta.	Just talk with them.	709ede34-7da3-563e-8f99-718d0bd344af	23	20
Parli con lui e basta.	Just talk with him.	eade1be7-f77a-5518-8c59-34f18f8ac2cf	22	19
Parla con lui e basta.	Just talk with him.	b0ee7e8f-0e49-5a76-b06e-d50d3b54778f	22	19
Parlate con lui e basta.	Just talk with him.	0fde9c3e-1314-52ee-bdac-01b82de60a13	24	19
Parla con lei e basta.	Just talk with her.	089dac07-f6eb-5c52-b8d4-650f5380f7f7	22	19
Parlate con lei e basta.	Just talk with her.	01a241ea-590d-5a58-a213-032afc463ddf	24	19
Parli con lei e basta.	Just talk with her.	1a4b74d4-fe03-57f7-810b-b22822a520ce	22	19
Sii paziente con noi.	Be patient with us.	995fb111-902c-57d5-910a-839fab0678cb	21	19
Sia paziente con noi.	Be patient with us.	10bc1ac6-890b-5acd-b33a-5a1ce0023af9	21	19
Siate pazienti con noi.	Be patient with us.	3df223d6-cca3-58b0-aee6-eb554ff5ef99	23	19
Sii paziente con me.	Be patient with me.	0c2d7474-a899-52b8-9d08-6d61cb92c29d	20	19
Sia paziente con me.	Be patient with me.	1e1063ae-b7fd-5f48-b391-b3b965b37f16	20	19
Siate pazienti con me.	Be patient with me.	fde6422f-66bf-571b-9520-02eb40083f8d	22	19
Sii paziente con lui.	Be patient with him.	a9a1649b-a615-5a0e-b799-254778be5e50	21	20
Sia paziente con lui.	Be patient with him.	c83163ef-9242-5084-acd7-0f6fb7e5eefb	21	20
Siate pazienti con lui.	Be patient with him.	a0809563-72b8-50af-81b1-2d408cd893e2	23	20
Sii paziente con lei.	Be patient with her.	de06a7c8-5ad3-5890-8781-c6c732828d63	21	20
Sia paziente con lei.	Be patient with her.	808dc0b4-8702-50ab-953f-25442d3c19dc	21	20
Siate pazienti con lei.	Be patient with her.	1fe31295-6183-59f4-ad78-a59f716a585c	23	20
Vivo con loro.	I live with them.	3e6a65da-0387-55fe-b710-c227a67f12b8	14	17
Io vivo con loro.	I live with them.	6bcdf654-30e7-54d7-a98e-0ae26fce2407	17	17
Vivo con lui.	I live with him.	2fd595d1-9434-52ab-87ae-bb13bef8e7ed	13	16
Io vivo con lui.	I live with him.	f65840f0-6502-5063-86b8-5308f1fed48f	16	16
Vivo con lei.	I live with her.	c29aac7f-eeb7-5b5f-88b3-c7a45a72b3c6	13	16
Io vivo con lei.	I live with her.	e583d3d9-4fba-5c9c-bc85-081638f37ee1	16	16
Stai qui con loro.	Stay here with them.	7ae3a184-af30-5bb9-89e6-69f346d54e8d	18	20
Stia qui con loro.	Stay here with them.	09b2de2d-295d-54f2-aee5-88a8fbb98e7d	18	20
State qui con loro.	Stay here with them.	8a192399-74bb-5f7d-a246-8914dd6687a2	19	20
Mary era sorpresa dal comportamento di Alice.	Mary was surprised by Alice's behavior.	d9e894e1-0c15-5797-9beb-2acc6db925c6	45	39
Mary?, sussurrò Alice.	Mary? Alice whispered.	a0a00dee-a8ef-5b73-ae1e-8dd3ad0c3d85	22	22
Mary?, ha sussurrato Alice.	Mary? Alice whispered.	13da63e6-f8fa-578f-a2fc-c386cc5868c1	27	22
Yuka batte a macchina meglio di Alice.	Yuka types better than Alice.	c054846f-aee9-5cd7-a72e-0c3a230b6600	38	29
Mary e Alice sono sorelle?	Are Mary and Alice sisters?	4365799e-f496-5e03-bad9-a651dc76feb6	26	27
Alice non ha visto il cane.	Alice didn't see the dog.	93a511df-89aa-5578-ac51-fdb10a38cb12	27	25
Alice non vide il cane.	Alice didn't see the dog.	ff28c51c-c3c8-525d-8a54-859791c0f91f	23	25
Alice è andata a letto alle dieci.	Alice went to bed at ten.	9bc7f984-30a0-5836-b23f-024f400d037e	34	25
Alice andò a letto alle dieci.	Alice went to bed at ten.	6d645a10-6572-5cbd-b3e9-a5024e1b9d13	30	25
Alice sta dormendo nella mia camera.	Alice is sleeping in my room.	92f083df-1af0-559b-8799-344ca9416f41	36	29
Alice sta dormendo nella mia stanza.	Alice is sleeping in my room.	a695f2e3-1778-50a9-b645-e46dd3e38b7c	36	29
Mary e Alice non sono sorelle.	Mary and Alice aren't sisters.	0be309dc-edb2-5b31-a106-1423f51e276b	30	30
Mary e Alice sembrano sorelle.	Mary and Alice look like sisters.	ea6f113e-2e4d-51b9-b6ac-5e287bd4be88	30	33
Mary e Alice sono davvero sorelle?	Are Mary and Alice really sisters?	ac41059c-5767-5f1a-a6ce-ff7df86ee8b1	34	34
Mary e Alice sono veramente sorelle?	Are Mary and Alice really sisters?	6d8f081d-aff9-566a-86aa-c8f9523d87be	36	34
Alice è la migliore amica di Mary.	Alice is Mary's dearest friend.	b625d10c-4f67-5903-94ee-335f99234398	34	31
Per piacere, dillo a lei.	Please tell her.	1f3cf329-b94a-5486-8416-fcee1adea9ec	25	16
Per favore, dillo a lei.	Please tell her.	8eaf2ee5-b88f-5ea8-8a8a-b9a6a3614531	24	16
Per piacere, ditelo a lei.	Please tell her.	1298c050-7e32-5b44-8711-134ed7b5e86a	26	16
Per favore, ditelo a lei.	Please tell her.	1332664a-d8c9-5267-a61b-bc3be517a7dc	25	16
Per piacere, lo dica a lei.	Please tell her.	8952f81e-d379-543a-b750-065fbe63c72b	27	16
Per favore, lo dica a lei.	Please tell her.	784c6d84-84eb-5e55-a1bd-ca4f7d51da9b	26	16
L'ho colpita.	I hit her.	2cf6c8e6-d31d-5c43-bd36-4ed931a9f640	13	10
La colpii.	I hit her.	644e28a3-ca0d-5b58-a5e3-aa2f33ef5f77	10	10
Li ho affrontati.	I confronted them.	c8cd0572-c802-52ba-9f4b-c2d4f3a522b6	17	18
Le ho affrontate.	I confronted them.	6d0d31f5-992a-5a0b-8f63-8c50e6b63c07	17	18
L'ho affrontato.	I confronted him.	89137c8b-d23c-5755-80f7-4e4b3dc9bfc9	16	17
L'ho affrontata.	I confronted her.	26566d1e-c1af-547a-80a8-3f4fd09d4873	16	17
È una tale perdente.	She's such a loser.	06895ff3-9398-54bd-a6ea-1093cedc344c	20	19
Lei è una tale perdente.	She's such a loser.	369c47a3-aa7a-5343-88f5-9faa0c965cdf	24	19
È un tale perdente.	He is such a loser.	e6f6a54a-a91a-5534-adac-7fdc767338be	19	19
Lui è un tale perdente.	He is such a loser.	9ea53bbc-883f-55fe-888b-fb5fd9ba26ac	23	19
Incolpo lui.	I blame him.	0702ff2b-6ca2-5e0c-bd57-0ad91e3c5269	12	12
Io incolpo lui.	I blame him.	844cac3e-75fb-5b6d-80b2-0a7a935a6bba	15	12
Incolpo lei.	I blame her.	88ed3979-b100-57b4-8be8-aaccff7c7c7e	12	12
Io incolpo lei.	I blame her.	be277d96-74c0-5961-944c-6db04e8eafc4	15	12
Credevamo a loro.	We believed them.	f12f2a9e-956f-58e7-baaa-d370d6008ee6	17	17
Noi credevamo a loro.	We believed them.	41922dab-5a0b-5bc7-93a3-749b9a6c85c9	21	17
Credevano a loro.	They believed them.	6a906830-e14f-52fd-acfc-307221c68579	17	19
Nessuno ci credeva.	Nobody believed us.	36bcf29d-4fe8-5561-9de4-547e4c0d0e61	19	19
Non ci credeva nessuno.	Nobody believed us.	f781bb7d-a920-53ab-b5c0-3010bf77a5a1	23	19
Nessuno credeva a loro.	Nobody believed them.	6d39b2e3-cd8e-5a65-b55e-1a1fca0ff016	23	21
Non gli credeva nessuno.	Nobody believed him.	2df3d634-b8cc-5e99-b5b8-3f3b4e4e329a	24	20
Credevo a loro.	I believed them.	40f836c1-6870-55f1-8332-ddfdc01f7c00	15	16
Io credevo a loro.	I believed them.	d7e6c9f9-579e-526e-9c81-41d3d9262c6f	18	16
Crediamo a loro.	We believe them.	aa7bcab8-cf2c-5e1b-8f57-19b3140cf44e	16	16
Noi crediamo a loro.	We believe them.	f036131e-4f83-5592-9dc7-016b26468e0a	20	16
Gli crediamo.	We believe him.	baea078a-579e-5f45-b1e2-3a4798ab368e	13	15
Noi gli crediamo.	We believe him.	cecd1582-ed54-59a2-9994-4274d784f983	17	15
Le crediamo.	We believe her.	b6854759-b59b-5694-a413-4d5a434d42f6	12	15
Noi le crediamo.	We believe her.	57f6882f-f557-5640-8c97-51b822d9c163	16	15
Credo a loro.	I believe them.	3a7d562c-57df-50ca-9faa-fe48e442d941	13	15
Io credo a loro.	I believe them.	ebaa4380-c7d3-5a1c-8a9a-8892218f5f33	16	15
Gli credo.	I believe him.	b935df7e-9f8d-56db-afe1-1e9f19a5aca1	10	14
Io gli credo.	I believe him.	aafe0f74-f255-5d2a-a96f-89ac4fc17a0b	13	14
Li hai battuti.	You beat them.	20f12b7f-e6a1-5a28-bc62-1f50dc314e44	15	14
Le hai battute.	You beat them.	06ddeca2-7b45-5295-8dcd-a04b1be69ffc	15	14
Li avete battuti.	You beat them.	87194fc3-70ff-5f52-a90e-f6d593567bd2	17	14
Le avete battute.	You beat them.	5a084ceb-3534-5f4b-983c-3c6517fec0d7	17	14
L'hai battuto.	You beat him.	c47f961c-c2a3-51e9-8a00-04b57f925bda	14	13
L'ha battuto.	You beat him.	81f84606-3d32-5684-bcfa-42d4acac72b4	13	13
Lo avete battuto.	You beat him.	8210d4c5-5625-50fe-b511-1589b00db5a4	17	13
L'hai battuta.	You beat her.	26fc4be0-1cf0-56ed-b55b-48731e3f3ea9	14	13
L'ha battuta.	You beat her.	70dcc027-d9ad-553b-8f57-0d730f1205b5	13	13
La avete battuta.	You beat her.	6351bcb0-c7b0-5cd2-852d-8e4707bd705b	17	13
L'avete battuta.	You beat her.	7b16546d-7984-5640-9c38-f566a6a1027e	16	13
Qualcuno ci ha attaccati.	Someone attacked us.	8b552ac7-14d8-570c-a54a-b88ed98e795d	25	20
Qualcuno ci ha attaccate.	Someone attacked us.	220e9324-e2e9-51b7-8fd1-6161ca81ac6a	25	20
Li hai sconfitti.	You beat them.	a3c8f679-d20a-540d-9e1c-554ae414f905	17	14
Le hai sconfitte.	You beat them.	72408de8-5d4a-5869-a208-acba07f45952	17	14
Li ha sconfitti.	You beat them.	a1b6ea00-7b36-5717-9390-1002b8306ad1	16	14
Le ha sconfitte.	You beat them.	cda3c114-afdb-5cf3-8571-31ad490d4a6c	16	14
Li avete sconfitti.	You beat them.	f4632869-e8d8-5975-af15-41f0bd60f0d9	19	14
Le avete sconfitte.	You beat them.	5bb6d36b-f20e-5721-b6a8-55cad63bf018	19	14
Li hai picchiati.	You beat them.	c0f1ca6f-257f-5757-a666-cc5fabaf6f8b	17	14
Le hai picchiate.	You beat them.	0d5a8dc2-4c02-5232-86d1-55d174fa2dfa	17	14
Li ha picchiati.	You beat them.	a9e5ee9c-230c-5cb6-8540-ca6bfe95270e	16	14
Le ha picchiate.	You beat them.	3140b364-1832-5a63-bc78-3a98232656ee	16	14
Li avete picchiati.	You beat them.	e932af0f-d9fd-5e38-80c5-9fbd3c27852d	19	14
Le avete picchiate.	You beat them.	a5893c4b-3896-5fa7-a82f-7bb7373b6db0	19	14
L'hai sconfitto.	You beat him.	55accb91-60e9-5a60-b8c6-db39d2d355fb	16	13
L'ha sconfitto.	You beat him.	4884823f-7276-5124-9262-e46211cf144b	15	13
Lo avete sconfitto.	You beat him.	d1a3a2a9-7fa6-5a93-982b-526ab7a559c5	19	13
L'hai picchiato.	You beat him.	bb434ddc-f867-5c38-ae53-f036b79535cc	16	13
L'ha picchiato.	You beat him.	da41d7be-a44a-50a8-9fef-39120101025a	15	13
Lo avete picchiato.	You beat him.	14854d29-18c9-513d-9fda-b4077729f839	19	13
L'hai sconfitta.	You beat her.	4b979760-190c-53e6-8eff-7c3f6bc0c85c	16	13
L'ha sconfitta.	You beat her.	7290f6e1-f969-571a-9fd2-e7c8c08b814d	15	13
L'avete sconfitta.	You beat her.	87df830a-1895-5737-8af2-446495e17d68	18	13
La avete sconfitta.	You beat her.	c4dd6748-aff3-5164-88b7-1818a7549751	19	13
L'hai picchiata.	You beat her.	c2081ddf-760b-508d-93a2-22f6ba5ced6d	16	13
L'ha picchiata.	You beat her.	dc0803c4-9231-573d-b496-589be5c9369c	15	13
L'avete picchiata.	You beat her.	532c088f-5d08-51e4-88e2-d2515261317d	18	13
La avete picchiata.	You beat her.	292c9127-280a-5577-b5b5-fcaf4c176662	19	13
Qualcuno li ha attaccati.	Someone attacked them.	0e72a952-62d2-533e-a111-ccd462350d6e	25	22
Qualcuno le ha attaccate.	Someone attacked them.	24cb4494-50d6-502f-b623-eee81aea174b	25	22
Qualcuno mi ha attaccato.	Someone attacked me.	2ce9cc66-e8d2-5c97-83fb-28f8205167a5	25	20
Qualcuno mi ha attaccata.	Someone attacked me.	d04ec3cd-79a0-5072-bce9-cc41bb19ea20	25	20
Qualcuno l'ha attaccata.	Someone attacked her.	c0ab557a-c388-5387-885d-effa7b5d50f4	24	21
Ho chiesto a loro.	I asked them.	d5c34b15-a654-50e5-ae6b-6d38a5ac4068	18	13
Ho chiesto a lei.	I asked her.	8936c019-0b64-5130-b299-631a58cdf946	17	12
Chiedici qualunque cosa.	Ask us anything.	38913cd9-3873-53d3-984e-bca7769d42d0	24	16
Chiedici qualsiasi cosa.	Ask us anything.	26cad3db-15d6-5929-9c37-2f71926efdd9	24	16
Ci chieda qualunque cosa.	Ask us anything.	ec021d3b-9814-5b20-a1ec-1558aa566ba8	25	16
Ci chieda qualsiasi cosa.	Ask us anything.	b697bb1e-d62f-55d4-a84d-11e59f95dc96	25	16
Chiedeteci qualunque cosa.	Ask us anything.	4cce4037-04f1-563d-b32b-563ad202cd2a	26	16
Chiedeteci qualsiasi cosa.	Ask us anything.	4c8cf82c-400c-5397-a64e-fbdf21af825f	26	16
Chiedi a loro qualunque cosa.	Ask them anything.	69436154-9d5a-5a31-a667-1f48d47d3c31	29	18
Chiedi a loro qualsiasi cosa.	Ask them anything.	1e38b4da-682f-509e-b0f8-9804c90f23dc	29	18
Chieda a loro qualunque cosa.	Ask them anything.	f059ca90-fa88-59ae-bf84-17212234849c	29	18
Chieda a loro qualsiasi cosa.	Ask them anything.	eeaa7c10-b243-56e7-9181-85aca049fa54	29	18
Chiedete a loro qualunque cosa.	Ask them anything.	85a8fd60-69e0-56f1-bddd-cf2df0e36c66	31	18
Chiedete a loro qualsiasi cosa.	Ask them anything.	785229a7-9c53-54c7-ab6b-becf87695a1c	31	18
Chiedilo a loro e basta.	Just ask them.	d4c9bc61-2a5f-5c7a-9890-85057545bdf2	24	14
Lo chieda a loro e basta.	Just ask them.	97eeaa0b-b837-5466-90ee-715438fc1a72	25	14
Chiedetelo a loro e basta.	Just ask them.	6737ba64-c666-5f62-8467-3b6c51d5e96d	26	14
Chiediglielo e basta.	Just ask him.	20caeed8-12d5-58a5-b4f3-ac74495e6888	21	13
Glielo chieda e basta.	Just ask him.	d90ad5b7-0024-52c7-a04a-5bd19ca588d6	22	13
Chiedeteglielo e basta.	Just ask him.	bfb93c3c-04db-50d4-b07d-d89e5f7542d7	23	13
Chiedilo a lui e basta.	Just ask him.	0cee4e26-a3d1-568b-91b0-0a6a97783695	23	13
Lo chieda a lui e basta.	Just ask him.	20ba7ab2-db40-51dd-8057-92ec69f549c0	24	13
Chiedetelo a lui e basta.	Just ask him.	ffc28e4f-61eb-5633-bd1c-2ca6dd9c4119	25	13
Chiedilo a lei e basta.	Just ask her.	d77ae9b6-c14a-5985-ac32-503acf40818d	23	13
Lo chieda a lei e basta.	Just ask her.	038c648c-70b6-52ce-a6fb-685be5b9073b	24	13
Chiedetelo a lei e basta.	Just ask her.	ed5b3304-b9b6-56af-b5f3-96186c2e50ed	25	13
Ho litigato con loro.	I argued with them.	4df30e42-a416-5f9a-90a1-775605e75130	21	19
Ho litigato con lui.	I argued with him.	072c089a-1084-580d-96a7-2346ee8fb029	20	18
Ho litigato con lei.	I argued with her.	22333717-7941-57ca-8714-a1692a8205d2	20	18
Li stavo osservando.	I was watching them.	05a8b81e-2f86-574c-937d-493e87a71b96	20	20
Le stavo osservando.	I was watching them.	c930c19e-f680-51d4-a654-49ead194f2bc	20	20
Chi li sta osservando?	Who's watching them?	c3aa4c01-41a6-5dff-8a1a-4a29e2035ac6	22	20
Chi le sta osservando?	Who's watching them?	e16967f8-f701-5a38-9e59-21eab7092f17	22	20
Chi lo sta osservando?	Who's watching him?	9d74e92c-f034-54ab-be68-cfb11b8c32f8	22	19
Chi la sta osservando?	Who's watching her?	15f2fb7b-a749-512c-b01a-5e9667dc1db2	22	19
Li stavo guardando.	I was watching them.	23cee75e-3df3-506e-9978-6dd4b6e1498f	19	20
Le stavo guardando.	I was watching them.	2a96462c-2902-5312-a112-647bd4f33dc0	19	20
Chi li sta guardando?	Who's watching them?	bdceb53a-f1e8-572e-84a8-633211a13704	21	20
Chi le sta guardando?	Who's watching them?	415928a9-1cbb-5dc2-b952-82ea8bf7a3a5	21	20
Chi lo sta guardando?	Who's watching him?	ec27999b-d117-5283-974c-e2423026e473	21	19
Chi la sta guardando?	Who's watching her?	d900aec0-1afa-5f40-a82e-5d7ab7eb3a7b	21	19
Tutti ci stanno osservando.	Everyone's watching us.	45a4e463-1bfc-5f6c-9cc2-34b1b01c0369	27	23
Ci stanno tutti osservando.	Everyone's watching us.	1edb8bed-16be-54a4-8095-4fda28ee28d4	27	23
Ci stanno osservando tutti.	Everyone's watching us.	1d6ed855-f463-5e72-ad16-cae48aecd51d	27	23
Ci stanno tutti guardando.	Everyone's watching us.	dadc4617-ede0-581f-b084-27fd541e616a	26	23
Tutti li stanno osservando.	Everyone's watching them.	a0259840-b971-56cf-b46f-545698b17922	27	25
Tutti le stanno osservando.	Everyone's watching them.	9361d37c-8c2e-5e05-a325-dfd5a45458f1	27	25
Tutti li stanno guardando.	Everyone's watching them.	b2429337-57b8-5e03-bac2-7d72d22054a7	26	25
Tutti le stanno guardando.	Everyone's watching them.	66d9b572-33e4-5f53-8e8c-38b0da70f018	26	25
Li stanno tutti osservando.	Everyone's watching them.	9409bc76-0634-56d4-9206-4191fbb9af6b	27	25
Le stanno tutti osservando.	Everyone's watching them.	536da992-a836-52c3-958d-d56f7c0014f0	27	25
Li stanno tutti guardando.	Everyone's watching them.	6108fca6-dfea-5ba5-8912-3f899543f9e8	26	25
Le stanno tutti guardando.	Everyone's watching them.	55f81774-b4c5-56fe-95a0-7bc430f2318b	26	25
Li stanno guardando tutti.	Everyone's watching them.	4c5c56eb-e5fe-5bcd-900b-d1051e48817f	26	25
Le stanno guardando tutti.	Everyone's watching them.	169ccadb-26fd-59f6-afbc-0c9314ab8fde	26	25
Li stanno osservando tutti.	Everyone's watching them.	e38bd492-496c-5f88-a157-6de2c46577c9	27	25
Le stanno osservando tutti.	Everyone's watching them.	dce76f47-3ad0-5a23-a32e-add2acc0834d	27	25
Tutti mi stanno osservando.	Everyone's watching me.	58787a26-c054-5c3e-9098-5e910d011e30	27	23
Mi stanno tutti osservando.	Everyone's watching me.	f5789e9e-7f89-5df9-a52c-f8480fb8b802	27	23
Mi stanno tutti guardando.	Everyone's watching me.	566a173d-e3b0-5ecf-bcb7-5fc9020729e2	26	23
Mi stanno osservando tutti.	Everyone's watching me.	74c4400b-e26d-5812-96e2-4765ea3e507a	27	23
Li abbiamo guardati attentamente.	We watched them carefully.	8a99da62-a91b-5a25-8c9f-620a11c33c39	33	26
Li abbiamo guardati con attenzione.	We watched them carefully.	a53c2905-f32d-5185-b5d6-fa3ef8a661f9	35	26
Le abbiamo guardate attentamente.	We watched them carefully.	26aab15c-057c-5e39-b6e0-3347e8663ce0	33	26
Le abbiamo guardate con attenzione.	We watched them carefully.	49667dfc-9654-5842-8e1a-8c20dc589f57	35	26
Tom ci ha guardati attentamente.	Tom watched us carefully.	df70ada4-2e87-55d7-85ee-951161d437f3	32	25
Tom ci ha guardate attentamente.	Tom watched us carefully.	8f9798cf-d1a3-545e-8637-43f8403a4e0e	32	25
Tom ci ha guardati con attenzione.	Tom watched us carefully.	a8952e32-8dcd-510a-8757-696a199a03b8	34	25
Tom ci ha guardate con attenzione.	Tom watched us carefully.	821360ba-3fe0-583d-8552-de3845d3d59b	34	25
Tom mi ha guardato attentamente.	Tom watched me carefully.	78ee6b8a-8de3-5740-8bdf-bab95e5a9322	32	25
Tom mi ha guardata attentamente.	Tom watched me carefully.	415a766d-f467-547d-a2cb-5b5543a0ccc2	32	25
Tom mi ha guardato con attenzione.	Tom watched me carefully.	00024739-bdda-547a-9575-bcd8686921e2	34	25
Tom mi ha guardata con attenzione.	Tom watched me carefully.	6428ed1a-e1f4-5569-91ed-915e71f92721	34	25
L'hanno guardato attentamente.	They watched him carefully.	eb458388-98ef-51f3-89bb-5f44e86b9db5	30	27
L'hanno guardato con attenzione.	They watched him carefully.	3f644494-8484-5bcb-8724-96f10eb89963	32	27
L'hanno guardata attentamente.	They watched her carefully.	587e560f-3e68-5127-a0b6-55036df6f627	30	27
L'hanno guardata con attenzione.	They watched her carefully.	03bb2ad5-764c-5c9b-92ac-6611b64664db	32	27
Li ho guardati attentamente.	I watched them carefully.	df08f247-92fa-59b6-8d22-bd4be5e979f6	28	25
Le ho guardate attentamente.	I watched them carefully.	e8cad6eb-0456-54c8-86ba-4bd4d53c48c5	28	25
Li ho guardati con attenzione.	I watched them carefully.	7c1c1af4-ade8-5bf9-ade9-4d25565d02cb	30	25
Le ho guardate con attenzione.	I watched them carefully.	6878ea25-547e-5b97-a9e8-8ae3a663b661	30	25
Tutti mi hanno guardato attentamente.	Everyone watched me carefully.	5f184be1-9655-515a-b0da-77110414e542	37	30
Tutti mi hanno guardata attentamente.	Everyone watched me carefully.	a64f6f0d-53d3-5e8b-b368-4a60cb978b2a	37	30
Tutti mi hanno guardato con attenzione.	Everyone watched me carefully.	e577d70b-77aa-5ca4-a125-95779bd48eee	39	30
Tutti mi hanno guardata con attenzione.	Everyone watched me carefully.	0cf343c2-61da-5324-8f3b-278b6d350cd9	39	30
Mi hanno guardato tutti con attenzione.	Everyone watched me carefully.	32d6daf7-3daa-5403-82b8-b85ea3d7aad3	39	30
Mi hanno guardata tutti con attenzione.	Everyone watched me carefully.	8bfe691b-93f9-593c-9d05-efaa2ceb372e	39	30
Mi hanno guardato tutti attentamente.	Everyone watched me carefully.	fe3fc23f-fc52-538a-b821-470d25a39857	37	30
Mi hanno guardata tutti attentamente.	Everyone watched me carefully.	47b758a6-47b5-574d-b65b-991183f9cf41	37	30
Tutti l'hanno guardato attentamente.	Everyone watched him carefully.	6772cc63-9d0c-5ec4-8d3e-f23087c8d5ea	36	31
Tutti l'hanno guardato con attenzione.	Everyone watched him carefully.	eb891837-5d18-5c79-92e8-6ab0dfb1dc49	38	31
L'hanno guardato tutti attentamente.	Everyone watched him carefully.	cc474cb7-b4bc-55a2-834e-5affb4facc67	36	31
L'hanno guardato tutti con attenzione.	Everyone watched him carefully.	28c2964b-73f2-555c-ac6b-c4814f55b59b	38	31
Sono arrivato lì giusto in tempo.	I got there just in time.	7f5d5613-f01d-5031-a4f1-ba9ae819de27	33	25
Sono arrivata lì giusto in tempo.	I got there just in time.	7bd0dff0-68db-5293-a756-a2bae00c7de5	33	25
Arrivai lì giusto in tempo.	I got there just in time.	f5b831ba-dcc5-5405-9e9e-4c162a459575	27	25
Tutti l'hanno guardata attentamente.	Everyone watched her carefully.	4e404599-9f0a-558a-aac2-b1f8e437bc29	36	31
Tutti l'hanno guardata con attenzione.	Everyone watched her carefully.	2df5d82e-d90d-5358-8352-3ba08b96fffa	38	31
L'hanno guardata tutti attentamente.	Everyone watched her carefully.	676bee81-e7c1-5dfb-9e99-04416f84801a	36	31
L'hanno guardata tutti con attenzione.	Everyone watched her carefully.	d587a846-cd1c-56ab-8d5e-f2d65f7db800	38	31
Puoi guardarle?	Can you watch them?	c1998d9f-be41-5365-a26b-1c5bace91a3a	15	19
Puoi guardarli?	Can you watch them?	229c73a7-1a7a-5c61-b357-a8501fc242c3	15	19
Può guardarli?	Can you watch them?	d92dd738-9033-50c7-8ad0-654e206dd30b	14	19
Può guardarle?	Can you watch them?	df1c60df-ad6e-5b15-bb1b-82e742538a54	14	19
Potete guardarli?	Can you watch them?	98cc5189-d639-5ea5-a5ed-756ceb6cd309	17	19
Potete guardarle?	Can you watch them?	843c682b-83c1-517d-9311-46381e5371b4	17	19
Li puoi guardare?	Can you watch them?	5c104e60-59d5-596e-9437-d000c7223831	17	19
Le puoi guardare?	Can you watch them?	91c898f5-e912-58c7-ae6f-5b8fd1ca1c91	17	19
Li può guardare?	Can you watch them?	58af926a-c45b-5995-a3d1-4b956e99ab86	16	19
Le può guardare?	Can you watch them?	45155d33-a546-598b-9d5b-1f314db639f3	16	19
Li potete guardare?	Can you watch them?	57465b33-a06c-5381-9a31-53e741332fb7	19	19
Le potete guardare?	Can you watch them?	35fe8943-226c-595d-a8da-d77a7ca737c8	19	19
Riesci a guardarli?	Can you watch them?	e4501799-1e12-598f-8f1c-3d9657fe3ab6	19	19
Riesci a guardarle?	Can you watch them?	d6f3f1af-3543-5807-8bbe-b3853a556189	19	19
Riesce a guardarli?	Can you watch them?	a2047e2b-16ec-51f8-bc84-4dbd5efe3f74	19	19
Riesce a guardarle?	Can you watch them?	25f295f2-57e1-5201-b07e-aac623f0d426	19	19
Riuscite a guardarli?	Can you watch them?	3aa090a2-f48d-5903-bbd0-22b6ee8985bf	21	19
Riuscite a guardarle?	Can you watch them?	a23f1b83-9687-5b7e-be2e-5bb47d3f3e6e	21	19
Li riesci a guardare?	Can you watch them?	88aa5c89-99ce-5ef2-a949-eeb99374bad7	21	19
Le riesci a guardare?	Can you watch them?	919c7b02-9a65-5232-876e-f5fe06dd8270	21	19
Li riesce a guardare?	Can you watch them?	24714590-2bec-5e12-83b8-963953468f12	21	19
Le riesce a guardare?	Can you watch them?	ac30a133-09fe-5c58-8ea1-9b9d4bc9110a	21	19
Li riuscite a guardare?	Can you watch them?	c9875c92-5f41-5962-ab51-164280645659	23	19
Le riuscite a guardare?	Can you watch them?	871fba95-f175-5e87-a38a-6b84a31b8260	23	19
Puoi guardarlo?	Can you watch him?	434f7ced-8a91-5e35-a127-3533d267867b	15	18
Può guardarlo?	Can you watch him?	e7e597bc-4903-51e3-b3c4-f910e5252f79	14	18
Potete guardarlo?	Can you watch him?	6f4b7d96-5d08-5182-9bc0-52b0a5e81414	17	18
Lo puoi guardare?	Can you watch him?	a4881d28-e76e-5304-926e-b6c57862d7fd	17	18
Lo può guardare?	Can you watch him?	a0bd2114-0ae4-5374-bf60-423a6c117e63	16	18
Lo potete guardare?	Can you watch him?	44428e61-c748-5bf8-ba89-fa090a821d26	19	18
Riesci a guardarlo?	Can you watch him?	ff1ab306-e44f-566e-ba42-74af67b676e7	19	18
Riesce a guardarlo?	Can you watch him?	1e411221-98d7-5939-b5dc-8674e0d1b65d	19	18
Riuscite a guardarlo?	Can you watch him?	beb02193-cf15-518d-ba0f-6869b709873d	21	18
Lo riesci a guardare?	Can you watch him?	0fb7c65e-a0cf-54f3-a3e3-b31cb3399dc8	21	18
Lo riesce a guardare?	Can you watch him?	53fe36f8-7b43-572a-bebf-5920de95d743	21	18
Lo riuscite a guardare?	Can you watch him?	94db2c4f-77e9-5ad6-9fea-737250fed023	23	18
Puoi guardarla?	Can you watch her?	c9f55a03-bfba-5a41-b9c4-844b5d1ae831	15	18
Può guardarla?	Can you watch her?	1edc5955-3b9d-5a66-9f27-9e48be4ecdd2	14	18
Potete guardarla?	Can you watch her?	df87cea7-8ed5-58f5-bb25-f8c862adbe4f	17	18
La puoi guardare?	Can you watch her?	dc5b1232-fb71-5ee9-a218-fb6eff8c6a47	17	18
La può guardare?	Can you watch her?	70444c5e-9ff3-59f9-8e7b-b60cfaed5950	16	18
La potete guardare?	Can you watch her?	d8417488-7c93-59a6-aa73-07daeb669b21	19	18
Riesci a guardarla?	Can you watch her?	628b37b4-0a91-5e6b-b2fb-1153d45c16f1	19	18
Riesce a guardarla?	Can you watch her?	2e9c7e7b-c523-56e9-89f1-139dc49bb993	19	18
Riuscite a guardarla?	Can you watch her?	f8b362b7-1b7d-5437-a40e-bebe43c12eca	21	18
La riesci a guardare?	Can you watch her?	aa69591d-b69a-50bd-a997-afd8262a2b3e	21	18
La riesce a guardare?	Can you watch her?	f765ba3c-e02d-5999-bcc5-9ed67377e09f	21	18
La riuscite a guardare?	Can you watch her?	31cce3d9-597b-546b-9a56-a504f5a9416c	23	18
Li guarderemo.	We'll watch them.	04e71713-98b1-52ea-863f-c57ed856f471	14	17
Le guarderemo.	We'll watch them.	3af60058-8d1d-5ef9-a2cf-658936ed03b6	14	17
Lo guarderemo.	We'll watch him.	d06091c9-d6a8-5381-91cc-10361dec14ec	14	16
La guarderemo.	We'll watch her.	8dd60454-f930-513a-9b32-cdfd0aec7946	14	16
Li guarderò.	I'll watch them.	de845b64-9a06-5ba2-8081-a13f14c898e9	12	16
Le guarderò.	I'll watch them.	ace69b8b-fbb0-5d5b-89e2-22571ecfb482	12	16
Gli credevo.	I believed him.	d2acc23d-acc0-59db-be72-ccac5c888bde	12	15
Io gli credevo.	I believed him.	0388bfcb-ddab-59eb-a1f2-8d98358950a4	15	15
Tutti ci credevano.	Everyone believed us.	a10b083f-b8d8-5d23-8056-dbc9902d1fdf	19	21
Ci credevano tutti.	Everyone believed us.	b36c6f56-26a5-5404-9f62-b96aa139e599	19	21
Tutti credevano a loro.	Everyone believed them.	4a659b8d-23db-58a5-82fe-a1eceb30a0c8	23	23
Tutti mi credevano.	Everyone believed me.	6de24b5c-07a8-57ca-8007-4e3f3725721a	19	21
Mi credevano tutti.	Everyone believed me.	8b71c484-89d8-5bf1-b1da-12cdb9cc762d	19	21
Tienilo tranquillo.	Keep him quiet.	d124aef3-3a0f-5e88-ada5-f64a3d3879c3	19	15
Lo tenga tranquillo.	Keep him quiet.	9293f76c-87a5-5c2c-9f09-c4e4d7db27f8	20	15
Tenetelo tranquillo.	Keep him quiet.	9f3d00a3-cf4f-5dc2-a26c-7c0f2a453485	20	15
Tienila tranquilla.	Keep her quiet.	8bd46487-a93c-5434-b4b8-5a6bd1e631e0	19	15
La tenga tranquilla.	Keep her quiet.	a95e4079-0757-5151-be39-a62f1f798567	20	15
Tenetela tranquilla.	Keep her quiet.	98aa6b7c-44bb-528d-bf5f-1f8b5724af39	20	15
Chiedi a loro invece.	Ask them instead.	ceaeff25-0bfa-5f6d-8c39-9e744461854e	21	17
Chieda a loro invece.	Ask them instead.	f27bdb20-90f8-5bab-a073-995d3a82d679	21	17
Chiedete a loro invece.	Ask them instead.	c272e062-8bad-5806-a06d-2c07f463d565	23	17
Chiedi a lui invece.	Ask him instead.	926813e3-57a6-55fc-92e1-c9f3c2cb68ed	20	16
Chieda a lui invece.	Ask him instead.	cefcc4ae-d20e-5f9a-957d-d8447c5df79e	20	16
Chiedete a lui invece.	Ask him instead.	541c40b9-4974-56d3-a9bf-3c5aef56c102	22	16
Chiedi a lei invece.	Ask her instead.	0e6fb3bb-3a43-53c5-b008-f384e5e5bb01	20	16
Chieda a lei invece.	Ask her instead.	fc9a744b-efa3-5f07-8261-c75444067a71	20	16
Chiedete a lei invece.	Ask her instead.	71a34be9-9e29-5f44-97b8-323071967537	22	16
L'ho guardato attentamente.	I watched him carefully.	ac896f98-3460-5a67-82c5-84cc6319bec3	27	24
L'ho guardato con attenzione.	I watched him carefully.	3a979e9f-57cf-5200-b59c-d608f78fcad8	29	24
L'ho guardata attentamente.	I watched her carefully.	f1fcfdfa-644e-5e2f-824f-dd9df5c3bd32	27	24
L'ho guardata con attenzione.	I watched her carefully.	d5f78e47-5823-50c0-8769-94e26fb8a6e9	29	24
Forse erano loro.	Maybe it was them.	41176fde-67a1-5df6-b485-3a083d4b7c34	17	18
Forse era lui.	Maybe it was him.	f7c7efeb-b75c-5ef1-8072-3cc3e33ba586	14	17
Forse era lei.	Maybe it was her.	44e120d5-a159-568e-a0f6-fe7f4d279b7e	14	17
Li hai avvertiti?	Did you warn them?	59ff0b29-b057-57d8-9c41-ea0ab7b73ff9	17	18
Le ha avvertite?	Did you warn them?	4b62389b-c20d-58dc-b232-25943a8ef5b9	16	18
Le hai avvertite?	Did you warn them?	189c7971-cf3f-5c3f-a32c-8015d91486f1	17	18
Li ha avvertiti?	Did you warn them?	612c4149-a42d-5e83-8f6f-c3838d0d5848	16	18
Li avete avvertiti?	Did you warn them?	f4f3d6ac-5505-54b4-9c4b-d4224ee693b8	19	18
Le avete avvertite?	Did you warn them?	e3fb7adc-3eae-574b-9e68-02578563cc91	19	18
L'hai avvertito?	Did you warn him?	d6c1c59b-69dc-5554-ab4b-a8becde03ccd	16	17
L'ha avvertito?	Did you warn him?	86a346a1-0352-59e6-bafe-6c08d2e56ae7	15	17
Lo avete avvertito?	Did you warn him?	f8fc657c-b754-517c-97d6-7adde5f16980	19	17
L'hai avvertita?	Did you warn her?	1c800527-4e03-52ba-9c8b-bf14f5a30bee	16	17
L'ha avvertita?	Did you warn her?	bb0e9b23-ad82-5d65-a93b-acb5d9bffd8f	15	17
L'avete avvertita?	Did you warn her?	7a22bf5e-88b1-5144-bbac-40e7d674b909	18	17
La avete avvertita?	Did you warn her?	60d2988e-1cbf-5252-8011-c0c46c1ca009	19	17
Li avvertirò.	I'll warn them.	2a3abed3-1da6-5e6b-b4a8-233eead5b0c2	13	15
Le avvertirò.	I'll warn them.	ecdf184f-3646-5dca-bb01-b47216ccf17f	13	15
Lo avvertirò.	I'll warn him.	27811406-b6d8-5326-ba9b-6135ba564c9b	13	14
La avvertirò.	I'll warn her.	7e8a31f2-9c10-519f-8403-ab153baa2395	13	14
Voglio solo lui.	I only want him.	ab9dd414-6fc3-5fd2-9778-2fa8960f06f3	16	16
Io voglio solo lui.	I only want him.	48710434-1116-5f4d-8e64-08caea527c43	19	16
Voglio solo lei.	I only want her.	2154ffe7-65fa-5a62-8de4-0c071decfcf4	16	16
Io voglio solo lei.	I only want her.	77ea425d-be81-560c-a67b-37affec70200	19	16
Li voglio qui.	I want them here.	9dfed43d-906e-5538-95b9-1366c5def341	14	17
Le voglio qui.	I want them here.	4539f4e9-ef1e-57fb-8245-2f490e77640c	14	17
Lo voglio qui.	I want him here.	5f56567d-aaed-512a-8b1b-c18a87613842	14	16
La voglio qui.	I want her here.	0df51f80-b9a2-5958-843c-6d9405ef158c	14	16
Li abbiamo avvisati davvero.	We did warn them.	2239ab4d-fc8f-54a6-9d15-15ffba18f023	28	17
Le abbiamo avvisate davvero.	We did warn them.	2a1ac832-58db-5f00-8190-b1e12568ecc0	28	17
Li abbiamo avvisati sul serio.	We did warn them.	cce52a63-5524-5756-9241-d9f7bfcc33d2	30	17
Le abbiamo avvisate sul serio.	We did warn them.	ea88ac15-7e72-5f74-bf37-e0e049de78ba	30	17
Lo abbiamo avvisato davvero.	We did warn him.	7a916f3a-fe99-54f3-845c-64d4ea8b75e0	28	16
Lo abbiamo avvisato sul serio.	We did warn him.	7cf3dd03-b37e-58ce-9fd4-81867b6cbbee	30	16
La abbiamo avvisata davvero.	We did warn her.	9ca2d0f9-41fe-5c35-8cb2-d023b96d28b4	28	16
La abbiamo avvisata sul serio.	We did warn her.	79433d54-fbef-5535-9a39-9ebdc95d7a0a	30	16
Tom ci ha avvisati davvero.	Tom did warn us.	8ad511b7-0be0-5a94-816a-6fc50c7e6745	27	16
Tom ci ha avvisati sul serio.	Tom did warn us.	4032c12d-12d7-5881-9e41-642fa8909076	29	16
Tom ci ha avvisate davvero.	Tom did warn us.	452b07a4-4d7a-5c35-90dd-9def87587460	27	16
Tom ci ha avvisate sul serio.	Tom did warn us.	cbd50be3-834a-5c17-b734-6588d90deefe	29	16
Tom li ha avvisati davvero.	Tom did warn them.	27e9164a-df05-5a93-b2ef-326ac84686bd	27	18
Tom li ha avvisati sul serio.	Tom did warn them.	49810860-da7d-57d6-b186-8710f96696ac	29	18
Tom le ha avvisate davvero.	Tom did warn them.	78e70786-0999-5dff-8311-4d4e3a7d4e37	27	18
Tom le ha avvisate sul serio.	Tom did warn them.	5219abd1-79e7-5fea-a478-0060f202fd18	29	18
Tom mi ha avvisato davvero.	Tom did warn me.	262b5466-c796-5207-8bc5-309042203bba	27	16
Tom mi ha avvisata davvero.	Tom did warn me.	eb38f4b3-2677-5021-ae19-dabcd2f078f4	27	16
Tom mi ha avvisato sul serio.	Tom did warn me.	f2b2651e-840c-5c43-93c6-9373593da41b	29	16
Tom mi ha avvisata sul serio.	Tom did warn me.	6ab22c68-16f8-5c5d-90bd-f01da49ca53f	29	16
L'hanno avvisato davvero.	They did warn him.	7cf475b5-2e0d-5b0f-a167-8922b3dd7c90	25	18
L'hanno avvisato sul serio.	They did warn him.	3191e92a-55bf-576d-9352-0a82bd8f920d	27	18
L'hanno avvisata davvero.	They did warn her.	0aa5d06a-6e85-50c6-b604-4aab2c763245	25	18
L'hanno avvisata sul serio.	They did warn her.	2d303abf-d18b-518b-8485-1fdfb2d10edb	27	18
Li ho avvisati sul serio.	I did warn them.	1f308466-f0f3-51da-b425-0bfebd71399e	25	16
Le ho avvisate sul serio.	I did warn them.	776e94b5-6905-517c-9c4e-11477f6f2e38	25	16
Li ho avvisati davvero.	I did warn them.	e6a770af-c3d2-5170-82d4-22f10a65f712	23	16
Le ho avvisate davvero.	I did warn them.	fcf5c8d8-8643-5ffa-bee9-82c6a65e5654	23	16
Li ho avvertiti davvero.	I did warn them.	257e560f-19cc-54b2-a6cf-0d10812f8cca	24	16
Le ho avvertite davvero.	I did warn them.	cc2c626c-a98a-5657-b1e2-6c1af9fcba3b	24	16
Li ho avvertiti sul serio.	I did warn them.	8094edba-cc94-552b-8d63-0053acd2acc6	26	16
Le ho avvertite sul serio.	I did warn them.	7ad5fd12-4388-5206-9c68-f8e9cfacc9f6	26	16
L'hanno avvertita davvero.	They did warn her.	6094a9ea-fbb7-52bf-bce5-f524b3884bd6	26	18
L'hanno avvertita sul serio.	They did warn her.	61357a51-86d0-5cd7-add7-f094322b2e94	28	18
L'hanno avvertito davvero.	They did warn him.	9a68713b-231e-522f-b2ba-5d01bfd48f21	26	18
L'hanno avvertito sul serio.	They did warn him.	e26a2233-97ad-50c0-8889-b483fca94a8b	28	18
Tom mi ha avvertito davvero.	Tom did warn me.	99b0c7bc-630f-583a-99dd-571a6f7b6688	28	16
Tom mi ha avvertito sul serio.	Tom did warn me.	6ea0a1cf-3635-55d9-8f00-d7906deead50	30	16
Tom mi ha avvertita davvero.	Tom did warn me.	08d82cfd-3f82-5531-a9cd-1df4d0ba5a8d	28	16
Tom mi ha avvertita sul serio.	Tom did warn me.	fde6d624-c972-524f-9c2c-b29c4740e2d0	30	16
Tom li ha avvertiti davvero.	Tom did warn them.	f32ac6a5-5b56-5080-b965-54f64739a877	28	18
Tom li ha avvertiti sul serio.	Tom did warn them.	955c9e06-b5d1-53ee-9c66-84e7a1d91f5e	30	18
Tom le ha avvertite davvero.	Tom did warn them.	ed82a1ad-4668-55bf-9f90-d50c43c3c7c8	28	18
Tom le ha avvertite sul serio.	Tom did warn them.	55d8a82c-e11f-54d9-951d-58d2ff5be036	30	18
Tom ci ha avvertiti davvero.	Tom did warn us.	0da68e7d-bd54-5b12-ad1a-967a564f5462	28	16
Tom ci ha avvertiti sul serio.	Tom did warn us.	5977f4da-ca15-5e06-b6d0-d168f07870d2	30	16
Tom ci ha avvertite davvero.	Tom did warn us.	ba19639c-9f97-5917-bd29-c5db05bcf708	28	16
Tom ci ha avvertite sul serio.	Tom did warn us.	38d2d81d-2b4f-5ce0-8d10-6d1fca9dee2a	30	16
La abbiamo avvertita davvero.	We did warn her.	e1c118de-716f-589e-9c04-bc2ad47d0f6a	29	16
La abbiamo avvertita sul serio.	We did warn her.	9a49130e-be24-5249-814a-851bc0357f87	31	16
Lo abbiamo avvertito sul serio.	We did warn him.	2d67f268-da78-5869-901c-871c91aa3704	31	16
Lo abbiamo avvertito davvero.	We did warn him.	d10fc0ca-61e5-516b-aabb-ccbef4afb5f5	29	16
Le abbiamo avvertite davvero.	We did warn them.	77119c1f-bfd2-5c65-afdc-cffc5b757d9a	29	17
Le abbiamo avvertite sul serio.	We did warn them.	b21265e8-e1f2-53d9-ae0b-13cea875a264	31	17
Li abbiamo avvertiti davvero.	We did warn them.	c0b53e6d-94a2-5ade-a332-9438abe681a9	29	17
Li abbiamo avvertiti sul serio.	We did warn them.	f95a6c89-cb6a-5c0d-92e1-d0f398992100	31	17
L'ho avvisato davvero.	I did warn him.	518d18c4-763b-53fb-8fd7-1af96974d936	22	15
L'ho avvisato sul serio.	I did warn him.	019dd874-4f47-5b9a-a1eb-e6aac8b8d47f	24	15
L'ho avvertito davvero.	I did warn him.	62424997-24c1-5986-b796-d40d0e094e9f	23	15
L'ho avvertito sul serio.	I did warn him.	cb585d29-c754-502d-9269-d42dde1f6f47	25	15
L'ho avvisata davvero.	I did warn her.	e0dbf09d-f541-5dcf-886b-670f1cc66811	22	15
L'ho avvisata sul serio.	I did warn her.	b9777ed2-d9f7-58a3-8e6f-acb3e1d96316	24	15
L'ho avvertita davvero.	I did warn her.	2e187a78-a4fd-5952-8980-243684f17bc7	23	15
L'ho avvertita sul serio.	I did warn her.	5c48a43a-7d33-50fb-8e7d-b44d1dbf8e49	25	15
Ti voglio licenziato.	I want you fired.	830aa600-0577-564e-93cb-82a7d46dad40	21	17
Ti voglio licenziata.	I want you fired.	9b0caccb-2c0c-5207-b265-0495e5d16769	21	17
Vi voglio licenziati.	I want you fired.	74e14478-4d20-5893-9d3c-920e4573fa93	21	17
Vi voglio licenziate.	I want you fired.	19b24610-abae-52a6-9012-205a29ca8673	21	17
La voglio licenziato.	I want you fired.	456d6e6f-d126-5226-83b9-50b7ff47b15b	21	17
La voglio licenziata.	I want you fired.	c21a516d-8727-57ac-87a3-d224691c45a0	21	17
Li voglio licenziati.	I want them fired.	c75b4ec2-5a74-573d-b2f9-25bae7cf2b49	21	18
Le voglio licenziate.	I want them fired.	21580cb7-25d2-5109-bdde-3a3e5ad28051	21	18
Lo voglio licenziato.	I want him fired.	1b117a65-5a3e-5635-997e-10bf62aeadac	21	17
Vai a svegliarli.	Go wake them up.	7a9add26-e4ee-5280-85a0-c0dd713b3c34	17	16
Vai a svegliarle.	Go wake them up.	bdc9298a-274a-5fbf-a081-fec6b4fd75c0	17	16
Vada a svegliarli.	Go wake them up.	397c07d3-a9a6-5b12-abe3-27dcec2bf82b	18	16
Vada a svegliarle.	Go wake them up.	74f83904-b668-5cdf-b23a-6b78ede2ba8a	18	16
Andate a svegliarli.	Go wake them up.	f5f3dac3-0fc3-5b4a-ad3a-a07c782e21b3	20	16
Andate a svegliarle.	Go wake them up.	78bb1327-4e3b-59da-a752-e777a6d991d5	20	16
Li vada a svegliare.	Go wake them up.	7b86f58b-9b43-599e-8b1b-f5f27b552bdb	20	16
Le vada a svegliare.	Go wake them up.	5dc0d544-456c-5451-a7a9-d610bf48cb1d	20	16
Andiamoli a trovare.	Let's visit them.	c7ff9639-ef21-5b1a-8c1f-d3eca0b1d5f4	20	17
Andiamole a trovare.	Let's visit them.	8e129dae-1b98-5471-8742-0e39828eb832	20	17
Li ho rifiutati.	I turned them down.	f72b16a7-9ff0-5489-94d9-5b8ccda1a5d3	16	19
Le ho rifiutate.	I turned them down.	9fe3f504-84da-5da1-b713-5acd688e0dea	16	19
Li ho respinti.	I turned them down.	372a6a1e-43c6-5b35-866d-cab9a6f3a271	15	19
Le ho respinte.	I turned them down.	9dbe9a65-8d27-56de-92d2-49cb093c68cd	15	19
L'ho rifiutato.	I turned him down.	2d7bc084-4c89-5a11-a65c-41cd391408c2	15	18
L'ho respinto.	I turned him down.	3205cf5c-a701-5a52-94b5-5d2417b3d096	14	18
L'ho rifiutata.	I turned her down.	5805e47b-2b7c-5018-8476-bac2ab68aabe	15	18
L'ho respinta.	I turned her down.	c15d8af9-d704-5809-9389-d2a7b19eeff9	14	18
Ti fidi di noi?	Do you trust us?	6c39ae3a-70f2-55cf-9394-0818537e186a	15	16
Tu ti fidi di noi?	Do you trust us?	86387bf7-8ca7-5956-99fa-bfcfe0c8f651	18	16
Si fida di noi?	Do you trust us?	22530f56-7051-5f9f-8fe8-72938e643cff	15	16
Lei si fida di noi?	Do you trust us?	41813056-08f5-5c05-8974-6bd1fb674ed1	19	16
Vi fidate di noi?	Do you trust us?	8c524d2f-f9eb-56f1-949c-31ccffb2ee89	17	16
Voi vi fidate di noi?	Do you trust us?	ad9f19d2-be5f-5f85-9696-d0354e0cee92	21	16
Puoi fidarti di lui?	Can you trust him?	e54c2f2d-fd70-5385-ae95-e6e5720134c5	20	18
Può fidarsi di lui?	Can you trust him?	2bb1436a-59bb-5149-9851-b416911ba09b	19	18
Potete fidarvi di lui?	Can you trust him?	f5cd6b7f-03bb-52d9-90b0-ca2f2f45704c	22	18
Ti puoi fidare di lui?	Can you trust him?	761a93dd-c41d-5174-9554-3d0fdf078d32	22	18
Si può fidare di lui?	Can you trust him?	f7fe2e33-d4f7-5612-b30f-9d92691007b5	21	18
Vi potete fidare di lui?	Can you trust him?	adfa1602-c8da-5bd5-b47a-41d2c574961f	24	18
Tom ha ubbidito a Mary.	Tom obeyed Mary.	17921bdd-b303-54bc-ae67-452417fab49d	23	16
Tom ubbidì a Mary.	Tom obeyed Mary.	01fb4af0-0bcd-5837-8a78-77852705b063	18	16
Puoi fidarti di lei?	Can you trust her?	8cb9d427-6991-50c8-96b4-1561ba30eb87	20	18
Può fidarsi di lei?	Can you trust her?	8d25fcde-3504-5c27-9607-66ab2140f0b1	19	18
Potete fidarvi di lei?	Can you trust her?	8c6d7efd-90d3-59c2-ae22-d9df43b7df63	22	18
Ti puoi fidare di lei?	Can you trust her?	610b623c-15fb-5d51-bbea-076f4d71a877	22	18
Si può fidare di lei?	Can you trust her?	8f8ba391-e423-5928-82b1-dc2ca893d84d	21	18
Vi potete fidare di lei?	Can you trust her?	066266a2-abfb-53cf-9747-ac136622b036	24	18
Posso fidarmi di lei?	Can I trust her?	2994c01e-5672-5e95-bb64-6f0fe4c63e2d	21	16
Mi posso fidare di lei?	Can I trust her?	7ebf6ada-82b8-5c08-98cb-271bcd3a816d	23	16
Possiamo fidarci di lui.	We can trust him.	9a97a7f0-11d2-5ffd-99c2-7aa58060b3c2	24	17
Ci possiamo fidare di lui.	We can trust him.	ba99e9a4-e839-51e7-8595-36a4518d5851	26	17
Possiamo fidarci di lei.	We can trust her.	b88a2aac-e539-514b-b74e-0293426eb5ba	24	17
Ci possiamo fidare di lei.	We can trust her.	a6b65571-565c-5303-9714-abf4d4c360ec	26	17
Posso fidarmi di loro.	I can trust them.	a568f847-5f02-5bf7-9ce7-8c6a18c47bce	22	17
Mi posso fidare di loro.	I can trust them.	c6b121d5-d8f8-5e36-846b-7df38b790419	24	17
Posso fidarmi di lui.	I can trust him.	0e3e724e-8bb4-5853-bf22-bf5b419917a5	21	16
Mi posso fidare di lui.	I can trust him.	2ae7584e-4bf0-51ae-bf97-85c46babc248	23	16
Posso fidarmi di lei.	I can trust her.	fc12c1e9-2f6b-56b3-8a3b-a075572e01c4	21	16
Mi posso fidare di lei.	I can trust her.	c89de31f-b1c8-5b2f-b1de-cb34c0950b92	23	16
L'hai detto a loro?	Have you told them?	3f7de1ef-2144-541d-9099-6473955b3bbb	19	19
L'ha detto a loro?	Have you told them?	5613d075-bb45-58bd-bfbd-7657fd187c37	18	19
Lo avete detto a loro?	Have you told them?	cbe48462-2527-56cf-92fa-7239a6aae268	22	19
Gliel'hai detto?	Have you told him?	2280a777-a6ac-5c8c-ad3c-a50b3f11950b	16	18
Gliel'ha detto?	Have you told him?	49eeea07-d692-55fe-b6f2-fdcec62af844	15	18
Glielo avete detto?	Have you told him?	a90952f4-5667-5565-a935-08a5040a2d31	19	18
Lo hai detto a lei?	Have you told her?	a13caf7e-adfb-5fa6-8af7-30bea24c8657	19	18
Lo ha detto a lei?	Have you told her?	1a08d0d3-afe6-50bb-b8d8-72507246b8e3	18	18
Lo avete detto a lei?	Have you told her?	0ad49604-8430-5595-8420-bdb2b40e1f4b	21	18
Chi lo ha detto a loro?	Who told them that?	99198006-b105-59c3-9792-aec2d783fb38	23	19
Chi glielo ha detto?	Who told him that?	24518e92-16c2-5e82-917e-25f5fc152421	20	18
Non l'ho mai detto a loro.	I never told them.	f52a7951-85e6-52fb-8ddd-6df6b8902700	26	18
Io non l'ho mai detto a loro.	I never told them.	06c95cbe-b0b9-5d3a-af4f-2f024779cd0d	29	18
Non l'ho mai detto a lei.	I never told her.	79e264b5-66b6-577d-8aef-2111017d5995	25	17
Io non l'ho mai detto a lei.	I never told her.	b7e1e953-b2c5-5868-a22c-3e2935212b1e	28	17
Te l'ho detto.	I told you that.	5d3f95ce-78ba-59d3-af70-65fd2e714adb	14	16
Ve l'ho detto.	I told you that.	62b17aff-c6fc-5b19-8335-b4fd96dfdf77	14	16
L'ho detto a loro.	I told them that.	265d316a-6804-5c2e-9cb3-e8994685ada7	18	17
L'ho detto a lei.	I told her that.	6a7f6458-a830-51fc-a904-725e59322142	17	16
Ho detto loro di no.	I told them no.	197ac3fd-7fd2-5e8d-ada8-53499a80fa54	20	15
Tutti gli hanno detto di no.	Everyone told him no.	575de4cb-a8e3-5396-9586-2c4655e9663c	28	21
Gli hanno detto tutti di no.	Everyone told him no.	31935982-ca95-5412-addd-319f415fa196	28	21
Tutti le hanno detto di no.	Everyone told her no.	77530a66-3325-5c91-b19c-4bfd145d017a	27	21
Le hanno detto tutti di no.	Everyone told her no.	951f2b2e-1903-5ced-9edc-109eda7776da	27	21
L'ho già detto a loro.	I already told them.	6a32d825-93b5-5493-8cb6-9026bcfdf7d8	22	20
L'ho già detto a lei.	I already told her.	0b6b0626-d46e-5a94-befb-4ac6ec042212	21	19
Chi gli ha scritto?	Who wrote to him?	6365ec1c-81f8-5176-8c51-b5f4476616d5	19	17
Chi le ha scritto?	Who wrote to her?	4e2b9faf-f59a-5a90-98d6-3671aa71f378	18	17
Ho scritto a loro.	I wrote to them.	8cb8d4e3-7f1f-50b8-8cee-63734389d7e1	18	16
Scrissi a loro.	I wrote to them.	509206e9-b33c-5f91-bb06-6ce9029f0605	15	16
Gli ho scritto.	I wrote to him.	bacc0436-7c39-5f44-8f57-9335ad851df0	15	15
Gli scrissi.	I wrote to him.	75600a96-884e-50d2-a661-e1c16862703e	12	15
Le ho scritto.	I wrote to her.	f329cde4-b37f-5070-9bf5-fb2314d550e7	14	15
Le scrissi.	I wrote to her.	36f3a03f-5030-5929-90e6-8dcd633d2323	11	15
Dacci questo.	Give this to us.	d632465c-fa85-5212-b59d-ae8fab4e729c	13	16
Ci dia questo.	Give this to us.	dd6b5599-fa93-5169-ac7c-a230d9a5a218	14	16
Dateci questo.	Give this to us.	c51e9c42-8b1a-56b8-bc9d-f04e3e79d205	14	16
Dai questo a loro.	Give this to them.	afdff9de-5530-526b-82ed-413bc444ae6c	18	18
Dia questo a loro.	Give this to them.	63a5bdb0-e044-5f92-b8d8-b54ddd6838c2	18	18
Date questo a loro.	Give this to them.	35c8c4dd-409c-5588-9d1a-228f297908aa	19	18
Dammi questo.	Give this to me.	f81909df-e75d-54be-b29f-0fed72cb9ef9	13	16
Mi dia questo.	Give this to me.	3fb76a84-68e1-590e-824a-8ee780112e57	14	16
Datemi questo.	Give this to me.	e531c411-e3a9-56c5-8caf-eab6c6a1d1fb	14	16
Dagli questo.	Give this to him.	ad90c76b-fc2f-5bc7-a484-5d01249773b1	13	17
Gli dia questo.	Give this to him.	65307d36-cf7e-57e5-8321-e07d1c070de1	15	17
Dategli questo.	Give this to him.	6ec1f9ad-4f41-5ddf-b040-63b64e1ac1b3	15	17
Portami da lui.	Take me to him.	211a7fd9-d1ed-5b7b-85c8-26d6a430ac24	15	15
Mi porti da lui.	Take me to him.	4607834b-6bb2-5211-8166-3f1c1450cba2	16	15
Portatemi da lui.	Take me to him.	0d4cdc5f-f1e8-5c4f-94d0-d03f7b45e641	17	15
Portami da lei.	Take me to her.	ebe732e2-9441-529c-aa67-096d739e9759	15	15
Mi porti da lei.	Take me to her.	2a63c041-4e3e-5c08-8b17-553a233fdb8a	16	15
Portatemi da lei.	Take me to her.	a78d4709-f528-538c-9bcb-806c0f1a55be	17	15
Li ho ascoltati.	I listened to them.	c62f47a5-8b3c-59a5-bb0f-16b0c3c00f8c	16	19
Le ho ascoltate.	I listened to them.	54a27bfb-14a1-5aa9-a8fd-3c5ee25ecd96	16	19
L'ho ascoltato.	I listened to him.	3274dd30-db3f-5f70-93d4-ae6ee1cfa467	15	18
L'ho ascoltata.	I listened to her.	74d22f76-330f-57e3-9cdd-7e49ed557ee9	15	18
Ascoltaci e basta.	Just listen to us.	cca6001a-be43-5da9-aa3e-b819e436ff30	18	18
Ci ascolti e basta.	Just listen to us.	d41e93d6-c985-5967-b353-dd7aa02d71dc	19	18
Ascoltateci e basta.	Just listen to us.	fbfba0f6-763b-5da9-948d-0bead10e1048	20	18
Ascoltali e basta.	Just listen to them.	a65c0468-024e-572a-a89e-c123a1256f01	18	20
Ascoltale e basta.	Just listen to them.	65dac697-159a-5ce1-9f5e-fa8fa11b8afa	18	20
Ascoltateli e basta.	Just listen to them.	badfa7b6-3945-5ea5-9a07-e0477f0f4c06	20	20
Ascoltatele e basta.	Just listen to them.	a4f74a72-dc18-5905-bbb9-31280ff448ee	20	20
Li ascolti e basta.	Just listen to them.	9283a9dd-4549-5775-b918-1d81012a8ecb	19	20
Le ascolti e basta.	Just listen to them.	e14ca385-cd76-5200-8a42-bc249b085b95	19	20
Ascoltalo e basta.	Just listen to him.	6eb3caa4-ce2b-5371-a253-90d9d6f84602	18	19
Ascoltatelo e basta.	Just listen to him.	bee89cbc-d561-5691-bd37-942a284de7ff	20	19
Lo ascolti e basta.	Just listen to him.	ed291ca3-e0be-5b5d-a963-04f62128278a	19	19
Ascoltala e basta.	Just listen to her.	a7666996-4e5e-595c-8544-853ba855840a	18	19
Ascoltatela e basta.	Just listen to her.	e983d745-5f16-58c1-a050-160892c3eb7d	20	19
La ascolti e basta.	Just listen to her.	3245fd9b-c495-53f0-8a12-2164ad14e001	19	19
Dalle questo.	Give this to her.	8fe6c64b-6e23-5b2f-9356-a2ebcb1094fc	13	17
Le dia questo.	Give this to her.	b9747779-9e68-5557-a02b-4fd1bdb5f5b2	14	17
Datele questo.	Give this to her.	3b58c5cc-d5a2-5514-9de9-cdd2efa71925	14	17
Babbo Natale ha molte renne.	Santa Claus has many reindeer.	11a0b1f8-d67c-53ad-9ac0-732307306817	28	30
Sii gentile con noi.	Be nice to us.	47576835-e275-5a11-9498-b1b80a625d43	20	14
Sia gentile con noi.	Be nice to us.	57e1bb9e-75b8-5582-b9cc-c69a55dac682	20	14
Siate gentili con noi.	Be nice to us.	ab05ca25-c368-5509-b0d3-318fb4327eee	22	14
Sii gentile con loro.	Be nice to them.	53ade67c-7a17-57f9-afd6-0901e5aba6ef	21	16
Sia gentile con loro.	Be nice to them.	25834ce6-0c63-5054-8d7b-efc828e75969	21	16
Siate gentili con loro.	Be nice to them.	636a103d-15b1-5c58-aa5e-7e0db9c5263e	23	16
Portalo a loro.	Take it to them.	e5fd1d09-74e2-528a-bb1e-610ef9f055d4	15	16
Portala a loro.	Take it to them.	c5012cb4-8bde-58df-ad17-e963634f755f	15	16
Lo porti a loro.	Take it to them.	c576f62a-b293-5443-a11b-3aaf1afa5775	16	16
La porti a loro.	Take it to them.	2afdee66-5197-50e7-9c51-cc7bbb915ef3	16	16
Portatelo a loro.	Take it to them.	24ff769b-2fb3-5598-a0b0-edf4585a248b	17	16
Portatela a loro.	Take it to them.	7f19a642-1ecf-53ff-9779-f7275bcd4577	17	16
Lanciaglielo.	Throw it to him.	95e08969-aa8a-53a2-9774-c37588561d15	13	16
Lanciagliela.	Throw it to him.	fc88d095-9fcd-5c65-85c3-355f133bd0fe	13	16
Lanciateglielo.	Throw it to him.	e599f619-ff3f-541d-a67f-24bb752ceea6	15	16
Lanciategliela.	Throw it to him.	83f98e50-b515-5542-911f-aa7320e95c69	15	16
Glielo lanci.	Throw it to him.	d8a7bc18-dfcf-5d21-918d-5985b61e80d2	13	16
Gliela lanci.	Throw it to him.	c9bef69c-8623-5242-8be1-d47115c34bbc	13	16
Lancialo a lei.	Throw it to her.	02421ad7-068a-588e-a493-5fa7e27c43e4	15	16
Lanciala a lei.	Throw it to her.	5b9b2aea-7ecc-5c14-922f-2aac37059844	15	16
Lanciatelo a lei.	Throw it to her.	3eaaf9ae-3454-55bd-84c5-4bf26dcbf26c	17	16
Lanciatela a lei.	Throw it to her.	295fc75e-465d-54df-ae1e-5333edbe5e7a	17	16
Lo lanci a lei.	Throw it to her.	6a63726e-d1df-5d34-a45d-7fac7cdee43b	15	16
La lanci a lei.	Throw it to her.	38023353-c954-5f27-966d-baf6712f9a72	15	16
Ho mentito a loro.	I lied to them.	3dce20fc-ec51-5a2d-8911-7ad8c887d357	18	15
Io ho mentito a loro.	I lied to them.	fa751360-3676-532a-90c2-a0c060303f28	21	15
Portalo a lui.	Take it to him.	7dd4c4b4-0ae9-52cc-9dec-3e33dab81424	14	15
Portala a lui.	Take it to him.	2c398f08-87cc-5796-836b-ecc91a42dda9	14	15
Lo porti a lui.	Take it to him.	2296ecbf-a91a-5aea-aa89-ef7dd4708eec	15	15
La porti a lui.	Take it to him.	ab6e9395-fb80-5304-ac08-c5dfc28c6b7e	15	15
Portatelo a lui.	Take it to him.	c1afbeab-a678-5612-9ddb-121d20d20c9f	16	15
Portatela a lui.	Take it to him.	0f76f9d0-2600-5b98-bb07-ce4582a46f36	16	15
Portaglielo.	Take it to him.	74b86289-2bf3-5ab6-a515-5fecf3f8cd76	12	15
Portagliela.	Take it to him.	8e8b7237-a90c-514e-8fa6-4a00de962f23	12	15
Glielo porti.	Take it to him.	49621324-92eb-5110-9059-a8a396f1be8f	13	15
Gliela porti.	Take it to him.	e5d96656-76de-5163-a60b-5273a18620c3	13	15
Portateglielo.	Take it to him.	aedd6235-c9f4-5a31-aabf-79a347985087	14	15
Portategliela.	Take it to him.	1faf25e2-30ad-5c3d-8500-f952fe35a7f6	14	15
Portalo a lei.	Take it to her.	878af5ae-86ff-5a6c-a4b0-ba292a55eef6	14	15
Portala a lei.	Take it to her.	66fe1797-45f9-5574-9ebb-6ccca7d3cd59	14	15
Lo porti a lei.	Take it to her.	e9c20107-14ff-5402-94b0-f6631980c064	15	15
La porti a lei.	Take it to her.	8ca6fb1b-c469-5bae-afa1-bd7945788909	15	15
Portatelo a lei.	Take it to her.	240723d6-d7eb-56e7-b1ba-8812f4412747	16	15
Portatela a lei.	Take it to her.	97345dc5-92f2-58bf-9219-f2ab50d66869	16	15
Gli è successo qualcosa.	Something happened to him.	13239459-e696-514b-a3cd-77a13ff1810d	24	26
Le è successo qualcosa.	Something happened to her.	23f191a6-c1d2-5c98-af16-ed1664317dae	23	26
Non ci è successo niente.	Nothing happened to us.	c42ae407-6860-50ce-bc3a-6a1f17c4420e	25	23
Non ci è successo nulla.	Nothing happened to us.	70b67db7-f5cc-5315-ad26-522cedaebe15	24	23
A loro non è successo niente.	Nothing happened to them.	fea1ac2f-01a3-563f-9ecb-f608b380ec6d	29	25
A loro non è successo nulla.	Nothing happened to them.	b121a606-2bf7-503f-971a-5cfa6780604e	28	25
Non gli è successo niente.	Nothing happened to him.	afffb2a2-4a54-534c-8a29-8d7440d80714	26	24
Non gli è successo nulla.	Nothing happened to him.	8b09d2a5-b471-5553-a00c-11677eebbcc5	25	24
Non le è successo niente.	Nothing happened to her.	ab8457a7-51d1-5e24-8de5-56b77c40eadf	25	24
Non le è successo nulla.	Nothing happened to her.	888f0d6c-1b4f-5f40-a4d8-e4c2725cd0c0	24	24
Ringraziala da parte mia.	Thank her for me.	bb3b5938-0501-5fe8-80ea-3b5c4f8bcc77	25	17
Ringraziatela da parte mia.	Thank her for me.	95cf1d79-354d-5ecc-b614-b7737a46f858	27	17
La ringrazi da parte mia.	Thank her for me.	20bcdc13-e32f-5de4-89b5-bfac0fa48656	25	17
Ringraziamoli.	Let's thank them.	2217621e-eb05-5417-8f7d-b1ccbf644ab5	14	17
Ringraziamole.	Let's thank them.	09462462-d090-5fc4-943f-f2c8c01c6e1d	14	17
Ringraziamolo.	Let's thank him.	784c4ac5-fdcf-554f-bd8a-4975bb6b537c	14	16
Ringraziamola.	Let's thank her.	ea320ec5-7af5-5f0f-9088-8ef8ca36be45	14	16
Nessuno ci ha minacciati.	No one threatened us.	a809cf9c-0e4a-5522-8127-71526460b0a8	25	21
Nessuno ci ha minacciate.	No one threatened us.	4199108b-a143-5ce3-90b7-6c15383a7256	25	21
Ringraziali da parte mia.	Thank them for me.	b3883658-0d04-57bc-a708-ae2270f4577a	25	18
Ringraziateli da parte mia.	Thank them for me.	4abd6e45-2659-5b8a-8838-bcb25812b6d9	27	18
Li ringrazi da parte mia.	Thank them for me.	195f711f-5a70-51a2-ab05-25754424a479	25	18
Ringraziale da parte mia.	Thank them for me.	d9a49d08-d6fe-595a-b527-9b06aa3927bc	25	18
Ringraziatele da parte mia.	Thank them for me.	68d33770-3be9-5c2a-aaf8-56959070dfe6	27	18
Le ringrazi da parte mia.	Thank them for me.	60d52614-ce7e-575a-8771-281adad1e612	25	18
Non è lei?	Isn't that her?	6905138f-c682-5636-a39a-e16d7c2b5658	10	15
Non è lui?	Isn't that him?	337f39b5-7f0f-5a3e-b1ef-71be6ed54a9e	10	15
Non sono loro?	Isn't that them?	3e53be17-ec31-544d-aee3-59ef49c91187	14	16
Ringrazialo da parte mia.	Thank him for me.	7919530e-e8ef-5aab-9e66-8de10eec4830	25	17
Lo ringrazi da parte mia.	Thank him for me.	22a040af-9bd5-537e-a310-fc73b0c340ab	25	17
Ringraziatelo da parte mia.	Thank him for me.	7da9256c-3547-5711-a927-0e58376de8bd	27	17
Li ringrazierò.	I'll thank them.	fb5a36ac-f80a-5acf-bffc-c436b0f9beb9	15	16
Le ringrazierò.	I'll thank them.	f65d8f4b-1415-5156-a123-42b792fdf4b9	15	16
Lo ringrazierò.	I'll thank him.	a0ccd33d-472d-5385-a89b-a36c9688f03c	15	15
La ringrazierò.	I'll thank her.	7a583cc5-ccc6-5718-bcf3-6e8a7bd744fd	15	15
Sono spesso nei guai.	I'm often in trouble.	bef765f5-6329-5ac4-bfd0-8ef710e67948	21	21
Io sono spesso nei guai.	I'm often in trouble.	e9b57c3c-4696-512d-aa45-240089dd7cbd	24	21
Digli la verità.	Tell him the truth.	3a176295-3981-508d-8bfb-83f743e247c4	16	19
Gli dica la verità.	Tell him the truth.	573c5419-58aa-5c98-93dd-3c20640aac19	19	19
Ditegli la verità.	Tell him the truth.	42704e09-8f90-5012-b5c9-8df0e03e3634	18	19
Dille la verità.	Tell her the truth.	88bb9703-d45e-57ac-9c71-79ab9e13dc54	16	19
Le dica la verità.	Tell her the truth.	38f689ff-9117-5297-ac2c-521d31c0d040	18	19
Ditele la verità.	Tell her the truth.	77819668-3d67-548d-81e3-3cc949a199ff	17	19
Diglielo di persona.	Tell him in person.	7629970a-42df-5a95-86fd-2c7da9e1a96b	20	19
Glielo dica di persona.	Tell him in person.	4b358695-8993-5603-9e6b-a5811b2fc0e6	23	19
Diteglielo di persona.	Tell him in person.	2d670bb1-08e6-50d1-9e98-3ba3daaf5fb1	22	19
Dillo a loro di persona.	Tell them in person.	34586fef-25ef-57e3-a60d-158c2e00e513	24	20
Ditelo a loro di persona.	Tell them in person.	662b2d18-30b9-55fc-a483-c33ad8fffce9	25	20
Lo dica a loro di persona.	Tell them in person.	81d1906d-9381-5250-b214-3cef9b622c1d	26	20
Dillo a lei di persona.	Tell her in person.	7b4db4f4-1232-5ad7-812b-6030a57a2a6c	23	19
Lo dica a lei di persona.	Tell her in person.	761e8089-dabf-5956-8f17-80d5cfa02153	25	19
Ditelo a lei di persona.	Tell her in person.	5b51bf5c-1559-5b7a-8123-2b61b7ce7531	24	19
Li hai minacciati?	Did you threaten them?	f09acff7-eab3-5b26-b155-b418603395e7	18	22
Le hai minacciate?	Did you threaten them?	7b7d6112-9c04-51bb-b0e2-f585d63a520f	18	22
Li ha minacciati?	Did you threaten them?	b8a506bc-4d0f-5f51-8a92-c5923ee4895f	17	22
Le ha minacciate?	Did you threaten them?	78c50ece-cf77-5f9f-8a05-2c7bd38c20c5	17	22
Li avete minacciati?	Did you threaten them?	ae4fdab1-9805-5917-a887-57dec7eb9195	20	22
Le avete minacciate?	Did you threaten them?	f9577791-0469-57d9-950d-1eee54257cc3	20	22
Nessuno l'ha minacciata.	No one threatened her.	d74098a8-1096-5ad6-95af-73c80d73faa4	24	22
Nessuno l'ha minacciato.	No one threatened him.	c59ad95a-a25b-56d3-a9a6-8c423e291d1a	24	22
Nessuno mi ha minacciato.	No one threatened me.	48107e70-6ec6-5de6-bcaa-0f116654baeb	25	21
Nessuno mi ha minacciata.	No one threatened me.	ba322ef6-8abb-515f-9ab4-2c79a3bdcf46	25	21
Lo dirai a lei?	Will you tell her?	379c8bc3-9e92-5de9-b6af-b6666a43ee88	15	18
Lo dirà a lei?	Will you tell her?	63a62b0e-847c-5b7b-827d-79f526e45516	14	18
Lo direte a lei?	Will you tell her?	3f6f9116-6399-59cb-962a-c6e6d488df83	16	18
Lo dirai a loro?	Did you tell them?	1516616a-3397-5a8d-9610-2fd24f69cc8f	16	18
Lo dirà a loro?	Did you tell them?	20364498-d7af-5b73-8245-0581dba0372f	15	18
L'hai detto a lei?	Did you tell her?	9cff1ca7-4ed1-5178-9518-b0cf5632fe29	18	17
L'ha detto a lei?	Did you tell her?	c234b493-be95-5fe1-ae3a-a5942b365508	17	17
Dovremmo dirglielo?	Should we tell him?	a6c9b8c9-9377-51bb-af10-bf65915c0b80	19	19
Glielo dovremmo dire?	Should we tell him?	04d6bb50-31a9-5656-aaf9-fc9ff775c031	21	19
Lo dovremmo dire a lei?	Should we tell her?	62d99ce1-a27d-5054-b989-8018773be78a	23	19
Non glielo dire.	Don't tell him.	f3339345-4e0a-5712-a0b0-227194d70cb8	16	15
Non glielo dite.	Don't tell him.	f29a10c2-7491-5642-bd5d-7d910ea9e652	16	15
Posso dirlo a loro?	Can I tell them?	8eac0f33-d87f-539d-8af3-c5511d38826a	19	16
Lo posso dire a loro?	Can I tell them?	5ae00c16-e528-5994-bc04-52a71145cd03	21	16
Posso dirglielo?	Can I tell him?	2c4a663d-7c83-598d-bc6d-c813dc0c2398	16	15
Glielo posso dire?	Can I tell him?	a6d7725e-1463-59db-a880-658f3aa5f923	18	15
Posso dirlo a lei?	Can I tell her?	4733a6f2-15a6-5a4f-aebc-d598f98cb171	18	15
Lo posso dire a lei?	Can I tell her?	2d9bc8d2-e5dc-5dfa-8478-cf7d5413f147	20	15
Dico tutto a loro.	I tell them everything.	8225be5a-34ec-5bea-ac60-7e7d10806035	18	23
Io dico tutto a loro.	I tell them everything.	db53a075-980f-501c-b7c7-46d5f00b517d	21	23
Gli dico tutto.	I tell him everything.	58c4b0e5-317c-59ec-ae4d-c13dc0fddec2	15	22
Io gli dico tutto.	I tell him everything.	4b5c6420-f7e0-519d-90be-8f1534d12000	18	22
Le dico tutto.	I tell her everything.	a021e566-0c5c-5eba-8cb9-c06e3e791fbd	14	22
Io le dico tutto.	I tell her everything.	4ff92146-f274-54c1-83e5-a04be20c715a	17	22
Puoi dirlo a loro.	You can tell them.	c2154202-04fc-51e2-883e-313f792070e1	18	18
Lo puoi dire a loro.	You can tell them.	778787f9-606b-593a-af83-672b2b595e1c	20	18
Può dirlo a loro.	You can tell them.	6488b6b1-ba22-5430-b98f-9d8ff0239c86	17	18
Lo può dire a loro.	You can tell them.	f90b6428-ead3-57aa-b6ca-f09ff2347ee0	19	18
Potete dirlo a loro.	You can tell them.	8d0fb948-e297-5466-b891-6e55e3c4be50	20	18
Lo potete dire a loro.	You can tell them.	312dc67e-4824-554a-b37e-6b5f8cf2ad71	22	18
Puoi dirglielo.	You can tell him.	a422b00c-babd-565c-a383-d20cec26e408	15	17
Glielo puoi dire.	You can tell him.	662ed603-0e81-5573-9c86-6dc7ef28f814	17	17
Può dirglielo.	You can tell him.	cf753dae-7801-5d8d-9b48-97ef74991652	14	17
Glielo può dire.	You can tell him.	f0bf4a8c-3a81-581f-836e-5d46798089f4	16	17
Potete dirglielo.	You can tell him.	ca410dcb-6161-5199-9a2d-a9dc07e1e42d	17	17
Glielo potete dire.	You can tell him.	5a20c152-a765-5d4e-9978-4dcb3fddc786	19	17
Puoi dirlo a lui.	You can tell him.	3a510928-4e9a-5718-af1b-f1992f0bdaba	17	17
Lo puoi dire a lui.	You can tell him.	09d01f13-706a-5b8f-8ed0-9178637d8035	19	17
Può dirlo a lui.	You can tell him.	9f4196cd-9b9e-51c6-b5e9-f34702555c3e	16	17
Lo può dire a lui.	You can tell him.	6dbfa2b6-42b3-5902-ac33-2612fe6133dd	18	17
Potete dirlo a lui.	You can tell him.	869583c0-ce7d-5b06-b150-2cee494e8271	19	17
Lo potete dire a lui.	You can tell him.	38f25891-385d-58b6-8367-03cb93b8b796	21	17
Puoi dirlo a lei.	You can tell her.	f8938993-aa63-5c6d-8e06-2989777fe1e9	17	17
Lo puoi dire a lei.	You can tell her.	23a7e39d-e5b5-50b1-8ae6-9dab92d2ed9f	19	17
Può dirlo a lei.	You can tell her.	2a0e0a3d-096e-50d3-a61b-dd151efc3e47	16	17
Potete dirlo a lei.	You can tell her.	0d34370f-18e5-56e3-ba1d-d26236829061	19	17
Lo può dire a lei.	You can tell her.	3450b5ac-4f93-5f49-a490-12a60ddf35f5	18	17
Lo potete dire a lei.	You can tell her.	8d3959df-40ea-59f4-b0f1-f63a837c0b83	21	17
Qualcuno l'ha detto a loro?	Did anyone tell them?	bbc95e01-228c-546a-9ccf-74849fc7a265	27	21
Qualcuno l'ha detto a lui?	Did anyone tell him?	e40a062b-7891-5deb-b1b8-58724eaf1861	26	20
Qualcuno l'ha detto a lei?	Did anyone tell her?	51380023-e5f7-54dd-b01e-6de1a69353c7	26	20
Non prenderli in giro.	Don't tease them.	dd0d4613-3267-58f8-818b-8609716c03e1	22	17
Non prenderle in giro.	Don't tease them.	e12872e7-1830-58c8-8dfc-d16ff9f506ce	22	17
Non li prendere in giro.	Don't tease them.	391fcffa-0b62-5981-8f89-c60c0084c35c	24	17
Non le prendere in giro.	Don't tease them.	3ba2f8f4-8bb8-548c-a6e4-f3694d42b25d	24	17
Non li prendete in giro.	Don't tease them.	b8cc2584-f3f1-5aea-a971-a0dd655e0124	24	17
Non le prendete in giro.	Don't tease them.	b1e4039e-fe51-5652-b23e-47e60dcb7023	24	17
Non prendeteli in giro.	Don't tease them.	4f172e87-3332-547b-9d55-e6a2cc83cc6a	23	17
Non prendetele in giro.	Don't tease them.	f8d856d3-fe4a-5a76-bc26-60a23253c7c2	23	17
Non li prenda in giro.	Don't tease them.	724f9f4c-3e4f-5d13-9e96-d8bfcb459633	22	17
Non le prenda in giro.	Don't tease them.	ad1e8c7f-f05a-52f7-878f-6e2e0da0c9aa	22	17
Non prenderci in giro.	Don't tease us.	f76cf197-4f0b-5079-a24c-643425dfd638	22	15
Non prendeteci in giro.	Don't tease us.	b080a9da-9422-5cf1-ad1a-a13c3069e049	23	15
Non ci prenda in giro.	Don't tease us.	1b8b22d5-8c27-524b-b7f4-e1bf243bd6b2	22	15
Non ci prendere in giro.	Don't tease us.	f27eee32-e0eb-5f82-ab5d-3c9936133e16	24	15
Non ci prendete in giro.	Don't tease us.	28971774-b287-532e-bc4c-d3ea83bd4d3e	24	15
Non prenderlo in giro.	Don't tease him.	8d061d16-052b-552f-8074-b4fdc455aab2	22	16
Non lo prendere in giro.	Don't tease him.	c402d84f-b8aa-5297-94f4-3455ef95e826	24	16
Non prendetelo in giro.	Don't tease him.	aebc99da-028a-527d-9729-98ecd3a2bd57	23	16
Non lo prendete in giro.	Don't tease him.	56697d05-c577-54f1-aaed-a4b00e51be66	24	16
Non lo prenda in giro.	Don't tease him.	4a60dba4-5e0c-5e85-8fb0-2eea0ab9a81f	22	16
Non prenderla in giro.	Don't tease her.	221cedc8-085e-5b53-94e5-7c694d69298c	22	16
Non la prenda in giro.	Don't tease her.	17370b1c-f6c3-5b29-b5bc-494b58584754	22	16
Non prendetela in giro.	Don't tease her.	ebe2ceb4-6066-51e0-b0e3-d44dfb574c6c	23	16
Non la prendere in giro.	Don't tease her.	2bb3d901-dbbd-5bdd-8f6b-7586e4bd64e5	24	16
Non la prendete in giro.	Don't tease her.	bb6e514c-c89b-5307-9e74-ddf2dc013208	24	16
Portalo con te.	Take him with you.	1d5e52d2-3c47-566a-8b14-6a891a858d67	15	18
Lo porti con lei.	Take him with you.	32e2b550-f086-500e-98d3-7078bebaa7ac	17	18
Portatelo con voi.	Take him with you.	8aee1285-4e68-5e69-8f77-43e5a4e695b3	18	18
Portala con te.	Take her with you.	0e72133a-8cb6-5fa3-92cf-52f6a242c099	15	18
La porti con lei.	Take her with you.	77b2ef75-499b-5e73-9ccc-81e580388aec	17	18
Portatela con voi.	Take her with you.	bbdff247-8add-50ac-b40d-e07d5a623cf5	18	18
Non erano loro.	That wasn't them.	ad0e651f-6063-5e07-8069-3e72e17daf91	15	17
Non è lui.	That isn't him.	34c6af17-4765-5b05-8b08-b6330ba91d8d	10	15
Non è lei.	That isn't her.	d1d15758-b348-56f7-b9c5-e12cb1409f48	10	15
Nessuno sospettava di noi.	No one suspected us.	2b9db923-39af-5ad8-8a73-e561701bc677	26	20
Nessuno sospettava di loro.	No one suspected them.	1e65c60d-18d1-5c59-ba34-cf57d1651559	27	22
Nessuno sospettava di me.	No one suspected me.	0fa00c09-1af5-5131-9a43-8b5d880bd05f	25	20
L'hai fermato?	Did you stop him?	122f2bc8-6bff-501e-98b1-83f91a515bc6	14	17
L'ha fermato?	Did you stop him?	aa320c37-b621-5e1d-a295-3afe5d6f9fca	13	17
Lo avete fermato?	Did you stop him?	09dfb3d8-97b2-5588-8fbc-6d8c37d7ceda	17	17
L'hai fermata?	Did you stop her?	9496be37-ad0b-5245-9a86-2486a3108677	14	17
L'ha fermata?	Did you stop her?	f39f870d-98db-535a-a055-48a5a1414f37	13	17
La avete fermata?	Did you stop her?	c9c5e6fd-11a0-5450-b41a-21aee5881785	17	17
Lo fermerò.	I'll stop him.	b71e9700-901c-5dd5-a560-a5ae3182d0b2	11	14
Nessuno può fermarci.	Nobody can stop us.	267e9413-6d70-5beb-a9d4-4f1ea20cef40	21	19
Nessuno ci può fermare.	Nobody can stop us.	8cb9c256-f592-51dc-a58c-e5053b60bd4a	23	19
Nessuno può fermarli.	Nobody can stop them.	f9092256-d3fe-53e3-ac0f-0bcb6eaa1007	21	21
Nessuno può fermarle.	Nobody can stop them.	622b1c7e-6154-520a-bc08-f48d1c3d3e35	21	21
Nessuno li può fermare.	Nobody can stop them.	e6e8b944-6c4f-58f4-9ffa-e52cfa8c2b9e	23	21
Nessuno le può fermare.	Nobody can stop them.	24c90a2d-aae7-5014-871d-62ae9ff6ca0d	23	21
Tutti gli credevano.	Everyone believed him.	9a56d31b-9b0c-5154-b206-8fa767fc53c1	20	22
Gli credevano tutti.	Everyone believed him.	01b75593-eba4-57cd-9e90-d962aef7a676	20	22
Tutti le credevano.	Everyone believed her.	3118f98b-4b2c-5ebe-9b0d-400a8536da92	19	22
Le credevano tutti.	Everyone believed her.	ed6479ec-7135-5055-8c01-712992a0c754	19	22
Scrivi loro una nota.	Write them a note.	309f9812-03d9-5688-ab28-78fdba530b69	21	18
Scriva loro una nota.	Write them a note.	e99746f0-1b16-5af0-b02a-93a2e8e0180f	21	18
Scrivete loro una nota.	Write them a note.	24903afa-f3b1-56b6-8b0f-e9c004084ed6	23	18
Scrivi loro un appunto.	Write them a note.	a433aff6-d97e-556c-a3d3-216dfa5319c7	23	18
Scriva loro un appunto.	Write them a note.	eca468ea-832d-584c-b56c-fdfa03f6fb62	23	18
Scrivete loro un appunto.	Write them a note.	993d5abf-0d6b-5d44-929c-2c6b19ef84f4	25	18
Scrivigli una nota.	Write him a note.	f3d6f15c-4aad-527e-bd78-7a9cb3923e6c	19	17
Scrivetegli una nota.	Write him a note.	d4f94ec3-d306-50d5-b9fb-709ab1d5bd43	21	17
Gli scriva una nota.	Write him a note.	e34bb04c-da83-5fa7-a8a8-25c146002b53	20	17
Scrivigli un appunto.	Write him a note.	e096f4ca-6736-5b6d-84fe-ccbe8b5978f0	21	17
Gli scriva un appunto.	Write him a note.	4331868f-e398-5caa-8e18-af9f2126185a	22	17
Scrivetegli un appunto.	Write him a note.	477de65a-698f-53b3-b411-b923796174cc	23	17
Scrivile una nota.	Write her a note.	74609544-0a3c-57b3-b988-737da36c148f	18	17
Le scriva una nota.	Write her a note.	4a925527-79da-580c-9363-9a0b4b86b4d9	19	17
Scrivetele una nota.	Write her a note.	6808ff2c-8216-56ce-82e1-f78b3170ee60	20	17
Scrivile un appunto.	Write her a note.	f3ff3736-78eb-5239-a06a-0869c315b791	20	17
Le scriva un appunto.	Write her a note.	f1b385a7-4302-5bb5-b71d-fa443073fde2	21	17
Scrivetele un appunto.	Write her a note.	e16ab2c2-b091-5a05-9921-fc0b8a9398fd	22	17
Sii prudente con loro.	Be careful with them.	35231d1c-fcaa-5140-ac6a-9bbf19d62656	22	21
Sia prudente con loro.	Be careful with them.	3c139fae-372b-53d2-8f74-5eb491fd1227	22	21
Siate prudenti con loro.	Be careful with them.	74add2ab-d7f7-5602-9a23-fe11668d9bef	24	21
Sono venuto con loro.	I came with them.	bd7ba65c-59e3-56f9-ae24-ec0b198c12a4	21	17
Sono venuta con loro.	I came with them.	6e62930e-f94a-52e8-a223-8cea1f578ce1	21	17
Sono venuto con lui.	I came with him.	445e3d98-e7e0-54df-9e65-fb53a69279a5	20	16
Sono venuta con lui.	I came with him.	63a11c15-ed78-574c-ac20-4a07265b4ed2	20	16
Io sono venuto con lui.	I came with him.	e853885b-9a91-576b-8d9e-3bc49eb80223	23	16
Io sono venuta con lui.	I came with him.	c9d01a51-e73f-5692-91f0-82c73a830f7b	23	16
Io sono venuto con loro.	I came with them.	35537c86-7364-5f36-b5d1-76cd64f50ca0	24	17
Io sono venuta con loro.	I came with them.	f376f041-0f4e-5e92-beec-452bfb2a4668	24	17
Li stiamo guardando.	We're watching them.	14693b5f-51e1-560a-8d54-5d9e90ba3f16	20	20
Le stiamo guardando.	We're watching them.	d850eb8b-943b-5ef0-8541-d7fdf950cbbc	20	20
Li stiamo osservando.	We're watching them.	7f1c0bbf-9009-5f4d-ba23-0f159b4a063a	21	20
Le stiamo osservando.	We're watching them.	0c027447-1232-5035-9131-517d787911f3	21	20
Tom ci sta guardando.	Tom is watching us.	d8ddca06-903d-5ddf-8d53-01ace6b63db0	21	19
Tom ci sta osservando.	Tom is watching us.	3b341762-a523-5ced-9fde-0c6ac1deb765	22	19
Tom li sta guardando.	Tom is watching them.	02124019-35b3-589c-b7e7-74bef5e8d8b0	21	21
Tom le sta guardando.	Tom is watching them.	efc80cbc-464a-53bd-a799-4df2286cb138	21	21
Tom li sta osservando.	Tom is watching them.	27b55884-0ff3-5017-88fd-b80fcf602723	22	21
Tom le sta osservando.	Tom is watching them.	d6983bbc-beaf-5a95-ac96-b5f5e0db4ad8	22	21
Tom mi sta osservando.	Tom is watching me.	fefd545b-5568-5532-8129-e9489ff561e6	22	19
Lo stanno guardando.	They're watching him.	3cdf4ed0-6df3-558b-a833-a9790d46df08	20	21
Lo stanno osservando.	They're watching him.	274a9cfa-f38f-59b2-b7e8-144c97dc90bd	21	21
La stanno guardando.	They're watching her.	27d5b9c0-945e-5403-b529-0be300020964	20	21
La stanno osservando.	They're watching her.	eaf71e12-4357-5a63-bfa7-020fb6814548	21	21
Andiamolo a trovare.	Let's visit him.	9a6a5f4b-0576-52e8-a20e-405ebd4aa0dc	20	16
Andiamola a trovare.	Let's visit her.	cb9d8c3d-145a-5ad1-be5c-95a221774727	20	16
Ci capisci?	Do you understand us?	7520a983-143a-5c3f-aa09-4ce784d47321	11	21
Tu ci capisci?	Do you understand us?	c3c86e11-92bc-52fc-b413-f2fee3ac94e0	14	21
Ci capisce?	Do you understand us?	e8164b4c-c295-5233-bf44-d493fc9f9607	11	21
Lei ci capisce?	Do you understand us?	a2a93846-ceca-5f3b-b430-84c1b3f186e7	15	21
Ci capite?	Do you understand us?	6412a26a-ce07-54f6-9009-d2b82cd431f9	10	21
Voi ci capite?	Do you understand us?	9316624d-2584-51f9-8b5c-5523875fb048	14	21
Li capisci?	Do you understand them?	de8f7d00-9af0-5ebb-bfaf-974cfc94100e	11	23
Tu li capisci?	Do you understand them?	7a07c5a8-b0f0-5d07-b418-5d255a32fc21	14	23
Le capisci?	Do you understand them?	2ce0d3ae-bd89-5612-8aa9-fe69dca49b82	11	23
Tu le capisci?	Do you understand them?	de0cb173-2809-5e66-a3ae-562c03f46ec1	14	23
Li capisce?	Do you understand them?	15cc68c0-3c2e-5a43-a333-6296bb623dc8	11	23
Lei li capisce?	Do you understand them?	4a254d1d-81a9-5be9-b04d-14d954feca77	15	23
Le capisce?	Do you understand them?	480d8e53-be93-592a-abcb-d51b2d852f66	11	23
Lei le capisce?	Do you understand them?	bd56a765-65d2-56b6-a627-3c1cf9fd0a34	15	23
Le capite?	Do you understand them?	776cfe3d-de5f-57c9-91ab-f454c8f10bc4	10	23
Voi le capite?	Do you understand them?	308eb633-a221-5cbb-82cb-d1188cde8796	14	23
Li capite?	Do you understand them?	75634d3e-cc86-5e71-9194-0aa64298bc1c	10	23
Voi li capite?	Do you understand them?	6a8069f7-b6d8-51ef-9b53-d539996a4c0c	14	23
Li hai capiti?	Did you understand them?	48c7ee8f-115a-596e-afbd-c292aaf81380	14	24
Le hai capite?	Did you understand them?	5dd78002-c6cd-5aad-a767-29359fca1c14	14	24
Li ha capiti?	Did you understand them?	e7ed7375-3cef-5e99-9727-36eaa0e21a01	13	24
Le ha capite?	Did you understand them?	25a80a05-0bcb-5eb6-8e42-69fd9d05aa84	13	24
Li avete capiti?	Did you understand them?	0088a7b9-5267-55dc-9b70-4dd59d9bacdc	16	24
Le avete capite?	Did you understand them?	e2c59fbc-a0f5-588c-b999-5650c0f2ddab	16	24
L'ha capito?	Did you understand him?	7376cdaf-a628-570a-a8e8-582902e0d598	12	23
L'hai capito?	Did you understand him?	0ce78666-5895-59b1-9159-3223b867291c	13	23
Lo avete capito?	Did you understand him?	2086fcf7-fe7e-5e17-b3c1-deb7a5e43c2e	16	23
L'hai capita?	Did you understand her?	df85984c-55ff-546b-bd39-9997a570a190	13	23
Tu l'hai capita?	Did you understand her?	609902e3-898e-53e9-8e9c-d4cd647aa681	16	23
L'ha capita?	Did you understand her?	b18dc738-289b-5b36-8f90-bc685312faf5	12	23
Lei l'ha capita?	Did you understand her?	21f5224a-6c84-5004-bdf0-1a4ebdc18ad7	16	23
L'avete capita?	Did you understand her?	e5ffc388-3882-5758-bdc5-e3e49e79a937	15	23
Voi l'avete capita?	Did you understand her?	e5dc9055-b922-5aa8-8d44-60ba50f4b84d	19	23
La avete capita?	Did you understand her?	a3867a00-60e1-5526-be5e-25dfdb8d001d	16	23
Voi la avete capita?	Did you understand her?	d97e069c-1d23-5bc8-b1f5-0eef1769a112	20	23
Posso capirli.	I can understand them.	b0362d61-02da-560b-8834-d9fade2712e3	14	22
Posso capirle.	I can understand them.	89fbdb20-c584-51bd-80f5-4833ec384d61	14	22
Li posso capire.	I can understand them.	675c9dca-96ac-5636-98c0-4965a5a69436	16	22
Le posso capire.	I can understand them.	328c1ec3-5d2a-5fd8-bd26-8fc71ca66ad3	16	22
Posso capirlo.	I can understand him.	19d05b85-ded8-5436-b0b3-76b1b94abf95	14	21
Lo posso capire.	I can understand him.	7fec8b45-7eb5-597f-a3d7-6293c79bc05f	16	21
Posso capirla.	I can understand her.	34e314b7-7cd2-5912-b99a-683957614fbf	14	21
La posso capire.	I can understand her.	b6d3a58c-82cb-55e4-a9d2-e8633de01762	16	21
Falli divertire.	Keep them entertained.	6ee124fc-e788-5caa-8565-94ff84197476	16	22
Falle divertire.	Keep them entertained.	ed25e063-6615-5f23-a4fd-d60c0397afdf	16	22
Li faccia divertire.	Keep them entertained.	7c2bd536-7d6a-5946-90ec-415bdd9c47cf	20	22
Le faccia divertire.	Keep them entertained.	bba46559-14f8-502b-aafd-efedbd9f07c2	20	22
Fateli divertire.	Keep them entertained.	c5c7dcbc-15b4-5a80-8616-2725ae6a59f4	17	22
Fatele divertire.	Keep them entertained.	8525b29b-e563-5030-a2bb-6bee6116a719	17	22
Fallo divertire.	Keep him entertained.	484a79c0-7b5a-5a24-b7d9-2d739b40ff56	16	21
Lo faccia divertire.	Keep him entertained.	443b53aa-c660-5efb-9700-d77f7cf4293b	20	21
Fatelo divertire.	Keep him entertained.	28b56bc7-dfdb-5d3e-a7a1-57d48e87664a	17	21
Falla divertire.	Keep her entertained.	e5f46642-bf34-57f4-b89a-70645d562817	16	21
La faccia divertire.	Keep her entertained.	99b6c4a6-1678-5556-83e1-8c084c674ab5	20	21
Fatela divertire.	Keep her entertained.	177a7942-c102-5c09-91fb-ba9dd2cc2c3b	17	21
Frenali.	Hold them down.	946fd617-8d08-5985-803d-8162164ea9b6	8	15
Frenale.	Hold them down.	300bc9f1-af90-51a9-8896-1c7a6e3d8d86	8	15
Li freni.	Hold them down.	2e81ad31-a4d7-58d4-a7ac-408c9fe4ab0a	9	15
Le freni.	Hold them down.	d4f4a4af-a9fc-5619-875e-5b8051bd3ab2	9	15
Frenateli.	Hold them down.	728ba729-15ca-5d0b-ac9b-9b82287f0767	10	15
Frenatele.	Hold them down.	2da176e1-94b1-5a24-9eea-246611dde08d	10	15
Contienili.	Hold them down.	cb3201db-c9c8-55dc-a82d-259b05c8d19f	11	15
Contienile.	Hold them down.	19f69f1f-5fca-5719-a26f-f82705a84d4b	11	15
Li contenga.	Hold them down.	0e53590d-38e4-5f61-8b2d-744ea1fbbda3	12	15
Le contenga.	Hold them down.	168edcdd-7405-5089-83e5-6c059002b67c	12	15
Conteneteli.	Hold them down.	85ef9464-ad62-5a5e-b7fe-4ef6a73a5dd7	12	15
Contenetele.	Hold them down.	0ece090f-7c46-5ae8-b489-21d4a3720a0f	12	15
Frenalo.	Hold him down.	36df62a0-47c9-524a-abb5-c01f4df41361	8	14
Lo freni.	Hold him down.	e3e055f1-48fd-5c75-a130-645c77b739a9	9	14
Frenatelo.	Hold him down.	3121c1bd-974c-5649-83d7-86b33322d08b	10	14
Contienilo.	Hold him down.	a9dc9d00-fd18-5c32-8fce-18f15526e831	11	14
Contenetelo.	Hold him down.	569743da-037b-5534-8b2c-e9f184071bed	12	14
Lo contenga.	Hold him down.	66e1aea8-9bfc-51b4-9432-3f61f59cbe75	12	14
Frenala.	Hold her down.	2a8c748c-9442-59b9-a97c-adb6b162df9c	8	14
La freni.	Hold her down.	25a82ad0-7d05-57b8-a496-c45289ff160c	9	14
Frenatela.	Hold her down.	50a9f0b2-1cd7-574c-a05a-cad474a33d92	10	14
Contienila.	Hold her down.	2d744cf0-724d-58b1-a4df-c47786ca1248	11	14
La contenga.	Hold her down.	d92c5eb1-e871-5d64-b281-f132fa89efff	12	14
Contenetela.	Hold her down.	619bfb9a-9e5b-586a-9cc9-a736cc567b71	12	14
Chi li ha nominati?	Who appointed them?	97c47d13-e716-5af1-9ebd-92dce2f8c9dd	19	19
Chi le ha nominate?	Who appointed them?	618ba196-7476-5975-859c-69de3e33f1e2	19	19
Chi l'ha nominato?	Who appointed him?	1b060ffa-6e88-51b4-9036-ed96e4254610	18	18
Chi l'ha nominata?	Who appointed her?	46fd0e1e-0637-5e98-a113-767fab484c35	18	18
Ho controllato con loro.	I checked with them.	7e3a5f04-ca16-59fd-a57b-f4629e1789e2	24	20
Ho controllato con lui.	I checked with him.	3e06a4d0-3990-5ccf-a899-82e160a18ac3	23	19
Ho controllato con lei.	I checked with her.	ad72ff23-02e8-53d4-8acb-4daa71de9a24	23	19
Condivido l'auto con loro.	I carpool with them.	3b6fbc0d-03c6-5ea7-9f19-7b4561fbafe7	26	20
Io condivido l'auto con loro.	I carpool with them.	e7a992fc-eabb-5505-9365-05baafa9d1dd	29	20
Condivido l'auto con lui.	I carpool with him.	d14c1cb5-1ef9-55c8-b998-4f88995621f1	25	19
Io condivido l'auto con lui.	I carpool with him.	f1c8aa8b-381e-538e-a9fb-e3023fea1e8f	28	19
Condivido l'auto con lei.	I carpool with her.	3a26a214-ec53-5259-9a19-da1437259858	25	19
Io condivido l'auto con lei.	I carpool with her.	a318178a-9fcd-5cc6-8754-93425b11b4cc	28	19
Tutti lo stanno guardando.	Everyone's watching him.	dc402da5-1586-54e4-9390-e74110df045d	26	24
Tutti lo stanno osservando.	Everyone's watching him.	56c84629-c330-5618-868b-e625b537f238	27	24
Lo stanno osservando tutti.	Everyone's watching him.	ebea5e79-625e-5b54-b52e-0fd8c0b459d9	27	24
Tutti la stanno osservando.	Everyone's watching her.	0af7f01d-e9ef-5a04-9395-95bea2ab51bd	27	24
La stanno osservando tutti.	Everyone's watching her.	a4703fc9-2673-5eb7-b4e9-40eeab0a3f7e	27	24
Li sto guardando.	I'm watching them.	021b861c-5142-5d5a-b92d-34ec5f5a041b	17	18
Le sto guardando.	I'm watching them.	c0631180-8b39-569b-acd7-72852a0862f9	17	18
Li sto osservando.	I'm watching them.	8a6ae627-14b2-59ed-98c8-9b3a91556185	18	18
Le sto osservando.	I'm watching them.	b8aa93b7-0fff-53dd-b307-e136c2aef62e	18	18
Lo sto guardando.	I'm watching him.	c7ac2d51-a607-5350-9d2e-adb89f355010	17	17
Lo sto osservando.	I'm watching him.	b50550f7-3205-59fc-b896-50160629bd6b	18	17
La sto osservando.	I'm watching her.	26a6e154-09b0-5d6e-b218-a8a324e80279	18	17
Qualcuno li sta guardando.	Someone is watching them.	ceb4500b-6895-50fe-96d2-86d87442cbaa	26	25
Qualcuno le sta guardando.	Someone is watching them.	b5a457b8-31c1-5f11-a028-ece13bce2886	26	25
Qualcuno li sta osservando.	Someone is watching them.	d18741cd-30da-536f-87d7-aff5580053a4	27	25
Qualcuno le sta osservando.	Someone is watching them.	6f7369df-e23b-58b2-92a0-246257cd63cc	27	25
Qualcuno lo sta guardando.	Someone is watching him.	1caf3c8d-9d31-5d0e-b7c6-e678325febfe	26	24
Qualcuno lo sta osservando.	Someone is watching him.	502417bc-357d-562e-8971-7f8b508a32d4	27	24
Qualcuno la sta guardando.	Someone is watching her.	06363a71-7e82-58b5-81f3-5bccd344746e	26	24
Li ho guardati morire.	I watched them die.	411bdb61-7adf-5be2-a6ac-e309398f9e75	22	19
Le ho guardate morire.	I watched them die.	71cb0d37-ed4f-55aa-9583-89c23e890350	22	19
L'ho guardato morire.	I watched him die.	9dddbd87-b77a-5ed7-89c5-19175fb22dcf	21	18
L'ho guardata morire.	I watched her die.	df5a4af9-ba8a-5ba0-8b2d-732fe69d6d8e	21	18
L'avete sottovalutata.	You've underestimated her.	39035031-edab-59fc-9841-a6e8c72e006b	22	26
Non sottovalutarli.	Don't underestimate them.	2ff0a208-d072-57f0-8ca4-86b5af043c75	19	25
Non sottovalutarle.	Don't underestimate them.	678786e3-be76-5db2-b81b-4d7acbcbe996	19	25
Non sottovalutateli.	Don't underestimate them.	e3cde62b-e5da-5bbb-b4f3-4fdc6af1ea38	20	25
Non sottovalutatele.	Don't underestimate them.	e65389df-cb53-5f32-8255-dabb3f5eb82b	20	25
Non li sottovaluti.	Don't underestimate them.	75bcc832-5559-58c9-83e2-55e258b369f5	19	25
Non le sottovaluti.	Don't underestimate them.	02508894-9e77-58ab-bfaa-8bb4319a8a16	19	25
Non li sottovalutare.	Don't underestimate them.	1760875b-da0e-5e02-9962-155f338d1c50	21	25
Non le sottovalutare.	Don't underestimate them.	e45f59b1-7ab7-5b22-8187-0b3ad2bf4639	21	25
Non li sottovalutate.	Don't underestimate them.	8b14b05f-bd4c-532f-a06e-8c08a9d8116f	21	25
Non le sottovalutate.	Don't underestimate them.	97bd5191-70c2-59b9-9dc0-bd294b4f3584	21	25
Qualcuno ci ha consegnati alla polizia.	Someone turned us in.	b82a6287-c8fa-58af-a33a-f766513bdec2	39	21
Qualcuno ci ha consegnate alla polizia.	Someone turned us in.	11f74d5a-84f9-5965-b8ce-aaefbc79b4e7	39	21
Qualcuno li ha consegnati alla polizia.	Someone turned them in.	28f493aa-ac87-5971-bdf4-05499ae9ffc3	39	23
Qualcuno le ha consegnate alla polizia.	Someone turned them in.	64902e86-89a0-5341-bfe0-d18454f6988a	39	23
Presta loro attenzione.	Pay attention to them.	5ebe90a8-3651-5c4d-a17f-928ebd48d595	23	22
Prestate loro attenzione.	Pay attention to them.	2da5d1b2-b7db-564d-80a4-f0d857519980	25	22
Presti loro attenzione.	Pay attention to them.	b464c017-f078-5c80-9cde-b07586c2a56d	23	22
Prestagli attenzione.	Pay attention to him.	1203dbdb-be12-5f37-b4a1-a38bda059507	21	21
Gli presti attenzione.	Pay attention to him.	c7addf26-0fa5-52b7-8fb6-104f20e78822	22	21
Prestategli attenzione.	Pay attention to him.	60623e3f-3007-5b24-b7ee-f3c57f6b517b	23	21
Scusati con loro e basta.	Just apologize to them.	35c23826-7cd4-5077-8b40-e21aafcb27b8	25	23
Scusatevi con loro e basta.	Just apologize to them.	5d1b40e6-45c1-58cf-8e2a-60e56c0f0a14	27	23
Si scusi con loro e basta.	Just apologize to them.	e28032e6-2f98-59db-a1c7-052f2ada94ae	26	23
Scusati con lui e basta.	Just apologize to him.	6c1568d2-5c1d-51b4-9994-9918258f6618	24	22
Si scusi con lui e basta.	Just apologize to him.	2e17f569-8dcb-5573-a38a-2a1266d47371	25	22
Scusatevi con lui e basta.	Just apologize to him.	b20bd9f8-ce67-5cdd-8805-55eeccf05de0	26	22
Scusati con lei e basta.	Just apologize to her.	fc73b61f-710c-5102-9460-968a8c9d640b	24	22
Scusatevi con lei e basta.	Just apologize to her.	abf62721-5333-50fd-b1ce-3f29b7ece38f	26	22
Si scusi con lei e basta.	Just apologize to her.	25802154-4bc9-5264-adb2-09b94ef458c7	25	22
Li abbiamo cacciati fuori.	We threw them out.	70879960-acef-5379-93e8-1d7bc57503d4	26	18
Le abbiamo cacciate fuori.	We threw them out.	88f5f7fa-3d7e-5ef6-a7c2-21fdfb675e96	26	18
Lo abbiamo cacciato fuori.	We threw him out.	c134cd82-f950-59c8-87f4-8b1dc56d59ac	26	17
L'abbiamo cacciata fuori.	We threw her out.	3c72f563-69b7-5116-a64e-60e95160246b	25	17
La abbiamo cacciata fuori.	We threw her out.	3b7306e4-c6c7-5724-8cef-8667740761eb	26	17
Di' loro la tua teoria.	Tell them your theory.	4cd33ec1-5b41-5d10-92c9-409066387959	23	22
Dica loro la sua teoria.	Tell them your theory.	da1b5c76-1626-57ca-83e4-d9b58cba0893	24	22
Dite loro la vostra teoria.	Tell them your theory.	83c16dee-6f8f-57f3-9754-9e12036c02b2	27	22
Digli la tua teoria.	Tell him your theory.	24ecec65-0481-5c22-9b1d-2cd90e564a2a	20	21
Gli dica la sua teoria.	Tell him your theory.	5cee8e99-0f8f-5b5f-ad45-c5e765aeeab2	23	21
Ditegli la vostra teoria.	Tell him your theory.	baf4bfbb-08cc-519e-8893-a803ce737527	25	21
Dille la tua teoria.	Tell her your theory.	980338cb-3ecb-5b52-a0fd-0c66efe22ae4	20	21
Le dica la sua teoria.	Tell her your theory.	95c401a0-322e-532a-a55b-22b881bcddcc	22	21
Ditele la vostra teoria.	Tell her your theory.	dfd25ac4-3c5a-5e73-83f1-1e5d7055c4ce	24	21
Di' loro che hai mentito.	Tell them you lied.	1a9c3bb3-10c1-5711-9925-89ebf6a0d83b	25	19
Dica loro che ha mentito.	Tell them you lied.	206fa50b-58ed-528b-8a13-47bd05d4ab74	25	19
Dite loro che avete mentito.	Tell them you lied.	55d2616c-9fe7-587d-813c-30a9f1ba7ffc	28	19
Digli cos'è successo.	Tell him what happened.	3782d907-c273-5be4-b8f4-317d8e81ce44	21	23
Gli dica cos'è successo.	Tell him what happened.	23529411-2e65-5e30-b693-77c100e8b287	24	23
Ditegli cos'è successo.	Tell him what happened.	e59b6872-d158-5b77-bfd4-1a66539e21f1	23	23
Dille cos'è successo.	Tell her what happened.	153f8e75-fcf7-5417-86d4-6198fdda09dc	21	23
Le dica cos'è successo.	Tell her what happened.	e18e5417-6afa-512e-a09d-821fb2097d23	23	23
Ditele cos'è successo.	Tell her what happened.	2bd5696c-5325-5afd-b21d-3c3c0223e892	22	23
Digli di fermarsi.	Tell him to stop.	4ae99aeb-7a2b-5d82-bb82-025132980694	18	17
Ditegli di fermarsi.	Tell him to stop.	3d59ef74-8e9c-5025-8e51-1005447de59b	20	17
Gli dica di fermarsi.	Tell him to stop.	aef42008-1289-5794-9003-164e22aa997e	21	17
Dille di fermarsi.	Tell her to stop.	2f0726d0-1d31-53cd-a4ba-c6a0641fd6be	18	17
Le dica di fermarsi.	Tell her to stop.	d71fda59-e035-593a-b597-ecaff2b19b75	20	17
Ditele di fermarsi.	Tell her to stop.	62336a09-5129-52bf-8539-33378aae4e9d	19	17
Di' loro di rilassarsi.	Tell them to relax.	7f3a4723-4a54-56a7-aa76-5769c786eebf	23	19
Dica loro di rilassarsi.	Tell them to relax.	792421bd-5c20-5b36-afcb-3bc7b7271368	24	19
Dite loro di rilassarsi.	Tell them to relax.	c427c6d7-a4b9-5875-8eea-2700606764f7	24	19
Digli di rilassarsi.	Tell him to relax.	fac73c1a-c541-5c63-95e1-8d86b199d856	20	18
Gli dica di rilassarsi.	Tell him to relax.	4a365ebd-5d4f-5304-b99b-6554a0619579	23	18
Ditegli di rilassarsi.	Tell him to relax.	a871e566-8ec8-531b-8dba-3dbdbb6032db	22	18
Dille di rilassarsi.	Tell her to relax.	ab2cb8bd-4a7a-5861-a069-292cf1ac8a45	20	18
Le dica di rilassarsi.	Tell her to relax.	6790efec-00fa-5c6e-ab18-2a5bde630fe6	22	18
Ditele di rilassarsi.	Tell her to relax.	82a22e65-9806-5d3a-8bf3-bb170d760ca8	21	18
Di' loro di andarsene.	Tell them to leave.	bdf9b355-99f4-5587-acde-894e273ffb64	22	19
Dica loro di andarsene.	Tell them to leave.	995a3af3-31cb-54fb-934f-bce8a08f5268	23	19
Dite loro di andarsene.	Tell them to leave.	9a2d39a5-9300-52f2-a629-eba6a916e03b	23	19
Digli di andarsene.	Tell him to leave.	7321ec00-5885-5e0f-8477-89fbbf73b18f	19	18
Gli dica di andarsene.	Tell him to leave.	416ed460-8fc9-5723-8b2f-9a39e4338281	22	18
Ditegli di andarsene.	Tell him to leave.	7d76de39-16f9-5ffa-b2b0-27d57af287fb	21	18
Glielo diremo.	We'll tell him.	ed38afc3-4757-55f5-93d3-6378043f8bbf	14	15
Lo diremo a lei.	We'll tell her.	04ac8413-9e10-5d15-b6bf-4ae6de7588e5	16	15
Lo diremo a lui.	We'll tell him.	f08e00ab-2c41-522b-b926-981cd98ab0be	16	15
Lo dirò a loro.	I'll tell them.	df50213f-9073-5768-bfd9-94f6db507771	15	15
Lo dirò a lei.	I'll tell her.	db254bc9-c959-5145-b405-f5391db41505	14	14
Dovrei dirlo a loro?	Should I tell them?	2ac06b03-2cb2-541c-9082-b5ee91aa267f	20	19
Lo dovrei dire a loro?	Should I tell them?	4d576b94-cac1-5b2e-94d5-ac5380df483e	22	19
Dovrei dirlo a lei?	Should I tell her?	de435a9c-43cf-56d3-a058-3b16e322f479	19	18
Lo dovrei dire a lei?	Should I tell her?	00d3f4dd-1e78-5753-af8c-36df7c74b310	21	18
Glielo dovrei dire?	Should I tell him?	e37b79ee-ba22-5bb1-bc83-6c6f84d30616	19	18
La mia casa è molto distante.	My home is far away.	3dcdcab9-fa3f-590f-a221-1ba02eae2797	29	20
Casa mia è molto distante.	My home is far away.	17d7723d-90b4-5d81-9dc9-9ec6086a2aa4	26	20
La mia casa è molto lontana.	My home is far away.	a55d5dc9-58c2-5dba-92b1-27f84039fb1e	28	20
Casa mia è molto lontana.	My home is far away.	e3e82e00-5817-56f5-b5ed-191ea066132c	25	20
Nessuno sospettava di lui.	No one suspected him.	a4640791-4c1b-57f5-bf6f-6a9961f46416	26	21
Nessuno sospettava di lei.	No one suspected her.	82fb2faa-40ab-5058-87df-fc3eefc7089a	26	21
Li sorprenderò.	I'll surprise them.	91e20e9c-ccf0-5404-9ead-f70aa507c9f9	15	19
Le sorprenderò.	I'll surprise them.	771c55e1-bc7a-55de-8d29-507b4e831acf	15	19
Lo sorprenderò.	I'll surprise him.	e7949549-bfed-5b18-9b64-9aaa9a3e8654	15	18
La sorprenderò.	I'll surprise her.	53790c4a-3024-5b78-9f77-103d47a45b2b	15	18
Denunciamoli.	Let's sue them.	48cd3f26-9ba6-5dad-a658-e66e7e710984	13	15
Denunciamole.	Let's sue them.	ab99e47c-968c-5aa2-95a7-58115ffa6ff3	13	15
Denunciamolo.	Let's sue him.	5db0149a-d8fb-54e8-a078-02b9a1e868a5	13	14
Denunciamola.	Let's sue her.	97e098ae-53a6-50ce-b692-4fea4689c133	13	14
Li hai fermati?	Did you stop them?	c5e91b90-db75-5ee4-be22-208746518ec2	15	18
Le ha fermate?	Did you stop them?	e7ec5596-b473-56ef-8bcf-6e8622ef32cd	14	18
Le hai fermate?	Did you stop them?	828d4bc8-fc71-565f-80ed-1c96c5ac3c1b	15	18
Li ha fermati?	Did you stop them?	056b5c3f-fd31-5785-9494-f67084e79adb	14	18
Li avete fermati?	Did you stop them?	12e305ee-7ab2-581c-90e2-ac63e158efa1	17	18
Le avete fermate?	Did you stop them?	78b2ec87-5744-5fb4-87e2-0e5846465aba	17	18
Continua a cercarli.	Keep looking for them.	6ef7196f-2083-5c3f-94b1-3c0b68b6e171	20	22
Continua a cercarle.	Keep looking for them.	90cf10b1-1919-5813-995b-9436c0a56565	20	22
Continuate a cercarli.	Keep looking for them.	000bb6c4-aada-5963-8eb1-168e0d631871	22	22
Continuate a cercarle.	Keep looking for them.	f5c16601-f66e-5dcb-8e87-0e4251efa621	22	22
Continui a cercarli.	Keep looking for them.	d0241bd5-006b-5282-9773-3bb3b6cc9987	20	22
Continui a cercarle.	Keep looking for them.	fc7b09f6-e401-5396-8b43-0121cc27d756	20	22
Continua a cercarlo.	Keep looking for him.	e5e16766-3dd7-58c3-ac55-5d35864c518c	20	21
Continuate a cercarlo.	Keep looking for him.	96270fa9-66a5-5eac-a9c1-b45197d967ea	22	21
Continui a cercarlo.	Keep looking for him.	0d42e823-a892-556e-9469-58380c239632	20	21
Continua a cercarla.	Keep looking for her.	96e7df8c-7bee-521a-b8fb-44af5ffb82d9	20	21
Continuate a cercarla.	Keep looking for her.	e564bb40-1e77-5a70-b4e8-3e69f4300b69	22	21
Continui a cercarla.	Keep looking for her.	e9c35f70-d641-5e0e-af7d-d4ec73cf3a6b	20	21
Li abbiamo cercati.	We looked for them.	c8aa01ff-9f57-5cdf-9611-896aa31d41b0	19	19
Le abbiamo cercate.	We looked for them.	0b5db12d-f105-5bd3-894c-b1367db896aa	19	19
Li ho cercati.	I looked for them.	bb90a5e8-632e-50a6-b9c5-f7543c4dd900	14	18
Le ho cercate.	I looked for them.	2762a8ae-a00d-56f8-93ad-dd758e3422f8	14	18
L'ho cercato.	I looked for him.	717b3320-6dd5-5704-b18f-e894c3dbd72d	13	17
L'ho cercata.	I looked for her.	14f92433-ea6d-5c5f-9a4b-3afa8afcf58d	13	17
Sono venuto per lui.	I came for him.	ed51179c-27ac-5ba6-bc15-75a428e5ac81	20	15
Sono venuta per lui.	I came for him.	b3eb42f4-e131-5ee9-b66e-f153acbf3699	20	15
Sono venuto per lei.	I came for her.	a90bf36b-df1b-5ca3-a3dc-f1d993e150cf	20	15
Sono venuta per lei.	I came for her.	26699b93-4aca-5962-a446-3930af2b3bad	20	15
Questi sono per me.	These are for me.	cd689ca5-d7dd-5e39-ae4d-a65d03514c0d	19	17
Queste sono per me.	These are for me.	9575991c-44e0-5b9b-b434-da1680921e89	19	17
Questi sono per loro.	These are for them.	75a1671f-c1b7-55eb-bf81-fceed46cabe2	21	19
Queste sono per loro.	These are for them.	7b34c2f8-0116-530c-a8f5-572f11ac14fd	21	19
Questi sono per noi.	These are for us.	db3b200e-8bcc-5be3-b414-569efe3dc406	20	17
Queste sono per noi.	These are for us.	5b5dcfb6-80fe-52d2-9dc2-ca01198e4894	20	17
Ho chiesto di lei.	I asked for her.	9fbf03ed-67ce-57d3-ad97-811d673b0c5d	18	16
Ho chiesto di lui.	I asked for him.	cba69e7e-4b17-5b3e-a6a8-6ad3c759123d	18	16
Lo cercai.	I looked for him.	d2ab3601-6235-5f07-bbef-802ffd87ba4a	10	17
La cercai.	I looked for her.	3fffa2dd-171f-5fed-9b14-8ce5dbe21ca9	10	17
Venni per lui.	I came for him.	3de37f7e-2eff-53c8-b7e5-406f66dafd62	14	15
Venni per lei.	I came for her.	32f27ab8-9562-54e2-8151-ec4f365ae169	14	15
Chiesi di lui.	I asked for him.	fd0ff965-dd3c-51b0-b5a5-436e1b7125d0	14	16
Chiesi di lei.	I asked for her.	ee0c0976-c2e1-5d2d-a9e0-180359a6142b	14	16
Mi scuso per lui.	I apologize for him.	8732990e-e0f3-572b-b7f1-2b6945599bd0	17	20
Mi scuso per lei.	I apologize for her.	91bae6a0-0ebe-5b0a-8b8a-dbd4b301c489	17	20
Questi sono per lui.	These are for him.	893eb45d-69ec-5224-97be-c66185912bd7	20	18
Questi sono per lei.	These are for her.	930603ce-cbba-564c-a975-2883116b7e3f	20	18
Ero sicuro.	I was sure.	ace516c4-1f91-5002-83ab-e66f5b9560cb	11	11
Io ero sicuro.	I was sure.	2b745ff8-64f5-5dc3-af59-6553596a0954	14	11
L'occhio è più grande della pancia.	The eye is bigger than the belly.	54133ba1-53d7-514d-9d85-2c339e05d1c1	35	33
Tom voleva tornare a Boston.	Tom wanted to get back to Boston.	13770b25-28fb-5611-aba7-977e161fa31f	28	33
Ho preso in prestito tre libri dalla biblioteca.	I borrowed three books from the library.	c40ef164-08b0-5e7c-af5b-6a1919b13b83	48	40
Presi in prestito tre libri dalla biblioteca.	I borrowed three books from the library.	e8d0f464-7ecb-5b89-9edd-6bd602155a64	45	40
Faremmo meglio a fare quello che chiedono.	We'd better do what they ask.	234c2fef-9c23-55e9-81cf-ab5911e78889	42	29
Portali con te.	Bring them along.	d6f6df7b-c4e6-534f-95c4-1a7b53b29d94	15	17
Portale con te.	Bring them along.	ac139eaf-d50c-59c5-ba8c-36610db8dbca	15	17
Portateli con voi.	Bring them along.	ea58c818-3392-5b56-9698-7e70c8d4a47a	18	17
Portatele con voi.	Bring them along.	8f94669f-a86a-5a0b-8940-71883e1597d4	18	17
Dille di andarsene.	Tell her to leave.	fcf46fbf-8717-5249-b47d-98a33fb24ca6	19	18
Le dica di andarsene.	Tell her to leave.	79be2d08-5a36-570b-b7ef-c8ae201886dc	21	18
Ditele di andarsene.	Tell her to leave.	73bb8193-6237-5a6a-860d-de24c4140743	20	18
Ci sono delle persone buone nel mondo.	There are good people in the world.	2b0ae53a-0805-5390-8e43-ac45d4190a29	38	35
Di' loro di sbrigarsi.	Tell them to hurry.	1945d098-89f7-5730-b86c-9bf8f2262ce0	22	19
Dica loro di sbrigarsi.	Tell them to hurry.	512cc84f-9e3e-5d67-802e-2b6b5bc30e8a	23	19
Dite loro di sbrigarsi.	Tell them to hurry.	982ff66b-a339-5225-b66e-361950aed076	23	19
Digli di sbrigarsi.	Tell him to hurry.	2d911c20-d25b-5ae0-b16b-89c4a0c24f6c	19	18
Gli dica di sbrigarsi.	Tell him to hurry.	67deb38a-2b47-5d27-b041-c09172cee997	22	18
Ditegli di sbrigarsi.	Tell him to hurry.	aba6089a-af7d-5556-a54f-3920ac130d20	21	18
Dille di sbrigarsi.	Tell her to hurry.	9af50612-4195-579e-99ef-7fd552ec0ca0	19	18
Le dica di sbrigarsi.	Tell her to hurry.	1b0390b1-87a2-5a12-8213-b1f3b37fcaad	21	18
Ditele di sbrigarsi.	Tell her to hurry.	225ac04f-64c3-5ccb-be47-5a3bdf228dd7	20	18
Ci hai perdonati?	Have you forgiven us?	616f74cc-9a46-5bf0-8347-20893b93dbf5	17	21
Ci hai perdonate?	Have you forgiven us?	063a19b2-94d7-55f2-956e-86996646f46d	17	21
Ci ha perdonati?	Have you forgiven us?	30ccccac-8063-5c3d-898e-068ea4e08f6d	16	21
Ci ha perdonate?	Have you forgiven us?	c9974038-003d-5b21-a6e6-29f58df4faf5	16	21
Ci avete perdonati?	Have you forgiven us?	62f700b1-8bd5-5967-8482-7cf7619367a0	19	21
Ci avete perdonate?	Have you forgiven us?	e1d64cfe-ae9a-5542-942c-f442f68a0662	19	21
L'hai perdonata?	Have you forgiven her?	959aa5ae-f6a9-5864-b43b-c4d8e7e2b07c	16	22
L'ha perdonata?	Have you forgiven her?	7305836f-b772-5407-8a9e-3f61bfc72d9a	15	22
La avete perdonata?	Have you forgiven her?	99684f53-cd3c-5350-b782-c8d0f87cd040	19	22
Li stai dimenticando.	You're forgetting them.	b1570a0d-4c1a-5941-b627-50b58c934f5f	21	23
Le stai dimenticando.	You're forgetting them.	2ae1283c-c7e1-5c07-a507-cf83935a9faf	21	23
Li sta dimenticando.	You're forgetting them.	2c80a00a-79c4-58c1-b2b8-0b92e3fa8db5	20	23
Le sta dimenticando.	You're forgetting them.	34de970a-51d7-5b1d-a18f-829ec4a8c521	20	23
Li state dimenticando.	You're forgetting them.	d6526250-42f1-5215-bb79-0171d199620c	22	23
Le state dimenticando.	You're forgetting them.	ef193422-a7ff-5627-a886-d236820dfba4	22	23
Li stai scordando.	You're forgetting them.	1a295fd9-3f78-5109-bc27-51a193a82859	18	23
Le stai scordando.	You're forgetting them.	866c6e95-ea2e-5632-91dd-a6583a746f07	18	23
Li sta scordando.	You're forgetting them.	5d892c9f-dcdf-5706-a02d-c3813089f26b	17	23
Le sta scordando.	You're forgetting them.	c82e0c25-b71f-5d75-bb0f-2a5aeb1bf03e	17	23
Li state scordando.	You're forgetting them.	9cd7022e-ba95-5ed8-9e97-46b1ad2c26fe	19	23
Le state scordando.	You're forgetting them.	36af79de-9fc9-5907-b33c-4fb24dd24730	19	23
Lo stai dimenticando.	You're forgetting him.	a5d372bb-5afd-5922-899c-f57db398276c	21	22
Lo stai scordando.	You're forgetting him.	328e1b76-142f-580a-824d-cb57cadb0185	18	22
Lo sta dimenticando.	You're forgetting him.	8ba642ee-3995-56ac-a4d3-1f3a2cc4bbef	20	22
Lo sta scordando.	You're forgetting him.	4fb6a0c2-3a90-5151-b2bd-7b66369ba68e	17	22
Lo state dimenticando.	You're forgetting him.	6cb75420-52e0-520d-9089-2048730c52d3	22	22
Lo state scordando.	You're forgetting him.	c3c04b9a-33fc-5f2b-94c2-246aae722990	19	22
La stai dimenticando.	You're forgetting her.	2ba481f6-5c4f-5451-99e3-2002ce3afe8c	21	22
La stai scordando.	You're forgetting her.	5d6cb2ed-effe-5d44-a85c-d89c42659f98	18	22
La sta dimenticando.	You're forgetting her.	f0f518b7-9ba6-5a82-97b3-b502a771a22e	20	22
La sta scordando.	You're forgetting her.	d830a833-d9a8-5104-9ea5-599b39845fca	17	22
I soldati combatterono coraggiosamente.	The soldiers fought bravely.	1d4e8b23-6a70-58ed-8a39-b3a41259bd5b	39	28
La state dimenticando.	You're forgetting her.	88aec99e-cb1b-5367-a846-292996056992	22	22
La state scordando.	You're forgetting her.	5764f6f3-1e2e-58d0-81b4-c95e418e1a47	19	22
Da che parte andremo?	Which way will we go?	642e6f95-69ea-52e8-82b9-073f80d0b31f	21	21
Non dimenticarti di loro.	Don't forget them.	96d6bb59-f9cc-57af-befa-025878711db2	25	18
Non dimenticatevi di loro.	Don't forget them.	5f4adc86-7ee9-5484-aa77-9b34a87a92cb	26	18
Non si dimentichi di loro.	Don't forget them.	09e2a02d-de67-5580-9590-bbc19e4428b3	26	18
Non vi dimenticate di loro.	Don't forget them.	2dd7f3c6-f78e-59a4-ba3e-6821974cad0f	27	18
Non ti dimenticare di loro.	Don't forget them.	dd211ecc-a42b-5460-8642-1be8d1b610b9	27	18
Non dimenticarti di lei.	Don't forget her.	d4e402b1-5864-5722-839b-dac02536586f	24	17
Non ti dimenticare di lei.	Don't forget her.	b3225896-53b0-51a4-b9bc-fc2f17768023	26	17
Non dimenticatevi di lei.	Don't forget her.	3eab8105-460f-540b-979c-6f47ed88f9ea	25	17
Non vi dimenticate di lei.	Don't forget her.	1a90a126-42c3-5b78-a33d-795d0c04188c	26	17
Non si dimentichi di lei.	Don't forget her.	6a4a45e5-3a74-5d42-af50-2a6042d87bc8	25	17
Ha funzionato per loro.	It worked for them.	87f101ca-35c2-58fd-aeeb-00592430caab	23	19
Ha funzionato per lui.	It worked for him.	86fd161c-f9f8-54c1-bfbf-1582bba23819	22	18
Ha funzionato per lei.	It worked for her.	e7614d40-e8a3-5d7f-96e9-2ed76ae6fc0c	22	18
È per lui.	That's for him.	ddfdd473-abf1-53a7-9e7c-817a763f40e6	10	15
È per loro.	It's for them.	9460a3dd-60b4-53a0-8c58-f8235437adb3	11	14
Fai attenzione a loro.	Watch out for them.	8866b86a-5e55-5822-a01a-38434943d6c8	22	19
Faccia attenzione a loro.	Watch out for them.	defc5f34-beb2-5940-bb7b-25eee888e0a5	25	19
Fate attenzione a loro.	Watch out for them.	b253de8b-3dad-523a-9496-20f0d0d6bf0f	23	19
Fai attenzione a lui.	Watch out for him.	c9e73922-c714-5100-b5eb-c6045c9319ec	21	18
Faccia attenzione a lui.	Watch out for him.	1e599e84-c55e-5b73-b937-0ae3ec8f1ffd	24	18
Fate attenzione a lui.	Watch out for him.	4d977af9-2139-5dc3-aff4-930e7940de8b	22	18
Fai attenzione a lei.	Watch out for her.	416eccb7-eb74-58e6-b01a-6f91580bb423	21	18
Faccia attenzione a lei.	Watch out for her.	9e6b5f27-7dce-5237-8882-84e5510ac9dd	24	18
Fate attenzione a lei.	Watch out for her.	74246fc5-552b-5af1-bd23-d7a5778af3b3	22	18
Li stiamo seguendo.	We're following them.	f287f0e9-9929-5b3f-a0a5-52107d4f77c8	19	21
Le stiamo seguendo.	We're following them.	3f81c167-e249-5b62-9cc8-e1ca4702acff	19	21
Tom li sta seguendo.	Tom is following them.	db474c45-fd5b-5e15-83e9-62e6cdfb0341	20	22
Tom le sta seguendo.	Tom is following them.	f560cd95-61e1-5387-b93f-86ae32aef323	20	22
Li abbiamo aspettati.	We waited for them.	b0a3be28-f3ec-502f-b38c-1e5b712e27f1	21	19
Le abbiamo aspettate.	We waited for them.	20987082-67d1-5702-9d42-b95461623737	21	19
Li ho aspettati.	I waited for them.	c29ba528-2044-5bd9-bede-9d2a87d203ba	16	18
Le ho aspettate.	I waited for them.	333b5235-23da-59cc-9b78-50477588bf75	16	18
Ho votato per lui.	I voted for him.	ebad68b7-8015-5e0c-ab0e-3841b3bcd0c6	18	16
Ho votato per lei.	I voted for her.	ee396e4b-f704-5f13-9476-c0c239a6052b	18	16
Stai lontano da loro.	Stay away from them.	ec64b358-a5d3-53ec-ae3b-e16dff0f399f	21	20
Stai lontana da loro.	Stay away from them.	bf2f5c9a-c21a-51f6-9d31-df9018b386a9	21	20
Stia lontano da loro.	Stay away from them.	bcbdabe4-b928-57e6-b92f-0a149113166f	21	20
Stia lontana da loro.	Stay away from them.	5eef7ff4-922b-554e-a481-ba47e2c5d711	21	20
State lontani da loro.	Stay away from them.	e403f8e3-882e-5e17-93a9-556087c4bb82	22	20
State lontane da loro.	Stay away from them.	440ac62b-6265-527f-b631-853a484ed25c	22	20
Ci hai spaventati.	You've frightened us.	1e296569-84a0-5ea3-a8b6-d6cfcab5a173	18	21
Ci hai spaventate.	You've frightened us.	6e017327-039d-5798-83a5-d2dc083856e7	18	21
Ci avete spaventati.	You've frightened us.	cbae1656-6a3d-5d01-9627-5305de189c28	20	21
Ci avete spaventate.	You've frightened us.	3e990d60-ca77-573f-a79a-8f3525f80f54	20	21
Dagli un dollaro.	Give him a dollar.	ba8fbfad-bb1d-5106-9a34-91df983a27ff	17	18
Gli dia un dollaro.	Give him a dollar.	7677053b-4f26-5b77-9278-d3c5778e3478	19	18
Dategli un dollaro.	Give him a dollar.	1fe683cb-8365-5efb-9270-9cefac7a37f5	19	18
Dalle un dollaro.	Give her a dollar.	209bb9be-2e77-51e6-aa51-e6b27f1a5ade	17	18
Le dia un dollaro.	Give her a dollar.	53912cb5-8231-519c-839e-44f8af7c45a0	18	18
Datele un dollaro.	Give her a dollar.	210b68fb-f976-5603-a0bf-561f171757dc	18	18
Dagli una sedia.	Give him a chair.	23c50d11-26d3-51fa-b1e8-e35a875375a5	16	17
Gli dia una sedia.	Give him a chair.	726dfc3f-e3d0-54bb-92a7-8056bc8c0e41	18	17
Dategli una sedia.	Give him a chair.	82a757ae-e1cc-5b87-adf2-6509f7b819a9	18	17
Dalle una sedia.	Give her a chair.	e6bb966f-d09d-5193-a1d4-8202e9ec7934	16	17
Le dia una sedia.	Give her a chair.	87cfaff5-835e-54d1-8068-f68ee472dabf	17	17
Datele una sedia.	Give her a chair.	3f159e89-a07b-5fde-9691-4259e2bb9c1c	17	17
Dacci un colpo di telefono.	Give us a call.	215c560a-63af-543d-a895-9dade76ee25c	27	15
Ci dia un colpo di telefono.	Give us a call.	ea1d6d5e-4cf5-5c30-9b64-7be26ddd672d	28	15
Dateci un colpo di telefono.	Give us a call.	4a622cae-f465-55b6-89e3-811e6bdae61f	28	15
Incontriamoci per una chiacchierata.	Let's meet for a chat.	6bd9977a-b072-5a95-8b2b-f76232cfc126	36	22
Li vuoi?	Do you want them?	f8798d1b-4388-52d2-8e16-05e7e2ab24ef	8	17
Le vuoi?	Do you want them?	e2cb12ec-2c6e-5b48-a073-eaf792792a1b	8	17
Li vuole?	Do you want them?	414fe8d5-c180-5b92-84e4-7c7ae4ef9044	9	17
Le vuole?	Do you want them?	8652d9b2-e897-5407-a3fa-abda0368570a	9	17
Li volete?	Do you want them?	dd57ca81-a7c7-5053-8b6f-7c0b3fa1e13e	10	17
Le volete?	Do you want them?	b834e0f0-ce0a-5213-a6d0-77bac2b9c30b	10	17
Dai loro la pistola.	Give them the gun.	af80135c-7d7f-5956-9714-73bf63a1ee76	20	18
Dia loro la pistola.	Give them the gun.	1643ba21-d024-57dc-9458-e839218157f3	20	18
Date loro la pistola.	Give them the gun.	416caa20-7e48-5f05-a39d-075931259057	21	18
Dagli la pistola.	Give him the gun.	8bce4bc3-adfe-54cf-b96b-fe8b696880c6	17	17
Gli dia la pistola.	Give him the gun.	c513d7ee-d338-50c0-9e6e-a017915e1229	19	17
Dategli la pistola.	Give him the gun.	b8cdae11-a04a-5b58-98d9-245b500a12f7	19	17
Dalle la pistola.	Give her the gun.	634feabd-5c2d-5f3c-b5c1-0b1a115b0367	17	17
Le dia la pistola.	Give her the gun.	71d96732-c95f-52b5-a556-a5e561d6299d	18	17
Datele la pistola.	Give her the gun.	2153d8b6-9992-5c77-913d-4955e40c1adc	18	17
Dai loro il disco.	Give them the disk.	b3d834ec-1933-52f3-b1fe-d465d6e9a17c	18	19
Dia loro il disco.	Give them the disk.	450f7217-bc90-547d-87f5-a78f80b51f69	18	19
Date loro il disco.	Give them the disk.	ddc1a830-ac79-5b45-b5c1-7182b658925c	19	19
Dagli il disco.	Give him the disk.	d8fbabf9-6f7e-5a22-b381-d0c3f663a5fc	15	18
Gli dia il disco.	Give him the disk.	ece49d1b-4808-58de-b247-caeff0c2c24c	17	18
Dategli il disco.	Give him the disk.	fe6ce13f-2220-5fb3-942e-e5500533c065	17	18
Dalle il disco.	Give her the disk.	c9e61c2b-6e1d-5f38-a183-cef087cf5064	15	18
Le dia il disco.	Give her the disk.	a8c8c912-e65e-56a5-8310-440a19caac71	16	18
Datele il disco.	Give her the disk.	465b44b3-1e14-5c31-af3c-036977ef1f02	16	18
Dacci un po' di tempo.	Give us some time.	977b6936-88fa-50d1-9b88-205f4c3d5f54	22	18
Ci dia un po' di tempo.	Give us some time.	992e58d4-f575-5974-9c84-7c6665dc0dd1	23	18
Dateci un po' di tempo.	Give us some time.	d116ceb3-a3f1-5715-ac7f-b0bd70f74ebd	23	18
Dai loro un po' di tempo.	Give them some time.	4e8d6e0a-6f82-5729-8543-377926aa1481	25	20
Dia loro un po' di tempo.	Give them some time.	aa19c0b5-ab3f-5075-8fca-b275bba3f3e0	25	20
Date loro un po' di tempo.	Give them some time.	880644dc-d170-5f47-b1eb-e2667690d601	26	20
Dagli un po' di tempo.	Give him some time.	201c3e88-1293-5af0-97af-200671ece121	22	19
Gli dia un po' di tempo.	Give him some time.	fb58a867-1d2c-5edd-afe7-2187647a85fb	24	19
Dategli un po' di tempo.	Give him some time.	e4fbedf9-5860-52c9-91f2-6c4f84a5f96a	24	19
Dalle un po' di tempo.	Give her some time.	9634fc45-3603-519e-8f9f-e83026f3f1bb	22	19
Le dia un po' di tempo.	Give her some time.	0f18b5aa-a3b7-5b4c-9f2e-51c409f65d03	23	19
Datele un po' di tempo.	Give her some time.	330a8d53-0c67-5b78-862a-12deaf451299	23	19
Li odiavamo tutti.	We all hated them.	e57f8442-44d9-5b38-8b32-8066fad883ab	18	18
Li odiavamo tutte.	We all hated them.	a9092bb3-1e87-512f-ab22-bcd0c86ad41c	18	18
Le odiavamo tutti.	We all hated them.	433653d6-1390-5208-8766-b0c567fb5598	18	18
Le odiavamo tutte.	We all hated them.	279ebb33-e9e1-5250-8cc7-3eefa7807eb0	18	18
Lo odiavamo tutti.	We all hated him.	e8e672de-8c25-5083-a300-bbbfe3afe92f	18	17
Lo odiavamo tutte.	We all hated him.	27a14705-4be7-5da9-a00f-2224402771f1	18	17
La odiavamo tutti.	We all hated her.	3996675c-fbc9-505c-97c1-c119fcd2daa2	18	17
La odiavamo tutte.	We all hated her.	ccedaf9e-b6fc-51c4-b0c8-52df311fcb64	18	17
Lascia che lo aiuti.	Let me help him.	81b97902-3205-5bc1-bf51-d4517fdf22fb	20	16
Lasciate che lo aiuti.	Let me help him.	1eca8698-9999-5a18-8224-ae48b63e4956	22	16
Lasci che lo aiuti.	Let me help him.	d504847f-0ab8-5183-a95f-5bf9849c6092	19	16
Lascia che la aiuti.	Let me help her.	459fc3f5-cfcf-536f-a27b-2fd147ceab48	20	16
Lasciate che la aiuti.	Let me help her.	a13b54dd-a50b-5be4-b356-2ef158fe9723	22	16
Li aiuteremo.	We'll help them.	e17b5026-36ad-5804-918e-cecf3fe0a78d	13	16
Le aiuteremo.	We'll help them.	aca47f9b-207f-52ae-9bed-06f86036227b	13	16
Li aiuterò.	I'll help them.	ccbb7eec-8f81-5e0d-a6d5-bd106d65d687	11	15
Le aiuterò.	I'll help them.	36268a81-13f8-535e-aa96-82e916f13581	11	15
Potrei aiutarli.	I could help them.	f32dc6eb-eb2f-580b-a238-358313167724	16	18
Potrei aiutarle.	I could help them.	bfd882a3-22b6-58f6-83c2-1368ff61da3a	16	18
Li potrei aiutare.	I could help them.	25b86589-e9b4-5144-a1cb-d883b5c0165a	18	18
Le potrei aiutare.	I could help them.	8ec6b4f5-2048-5465-9e6e-0d0868fc1c52	18	18
Possiamo aiutarlo.	We can help him.	9097c18b-bea7-5780-baf4-4449a59ef366	18	16
Lo possiamo aiutare.	We can help him.	efbf473b-67d8-5ffa-80e1-cd224df9fd66	20	16
La possiamo aiutare.	We can help her.	db4aade7-54ec-5b48-b6b7-a09d0eb00282	20	16
Posso aiutarlo.	I can help him.	7826befe-a1d0-574d-8bff-d15eebe95d65	15	15
Lo posso aiutare.	I can help him.	5753c035-bc70-5a98-8d48-5838a3d9c941	17	15
La posso aiutare.	I can help her.	5d7b48ac-1385-51a7-a491-2586744560a3	17	15
Lo stai aiutando?	Are you helping him?	53215aab-1714-5e03-98f1-98b11bf2f99d	17	20
Lo sta aiutando?	Are you helping him?	41aa1b92-f68c-583a-9021-794f20fedd9e	16	20
Lo state aiutando?	Are you helping him?	8d58009f-7c00-5782-9e98-80e4c249653c	18	20
La stai aiutando?	Are you helping her?	adfb7960-60c8-50ba-8964-4ef47f8d98ff	17	20
La sta aiutando?	Are you helping her?	13088d81-ead2-547e-8003-ae69fbe017a2	16	20
La state aiutando?	Are you helping her?	cd9cd58b-fb85-5ec7-ab34-1b69dd07d2d0	18	20
Li sto aiutando.	I'm helping them.	93fa95e7-5314-5e01-83e7-c53ecf90a6a7	16	17
Le sto aiutando.	I'm helping them.	c9955750-3f75-520a-9458-2686482ae12e	16	17
La sto aiutando.	I'm helping her.	f83ac0c2-9977-50e7-8f3d-d3b39d2c8bfc	16	16
Grazie per averci aiutati.	Thanks for helping us.	25812bce-8ad8-558e-a2ac-dec310aed085	26	22
Grazie per averci aiutate.	Thanks for helping us.	f72c1a57-71c3-55be-8d8d-04ebbd4728bc	26	22
Grazie per averli aiutati.	Thanks for helping them.	c4d783e8-c1cc-5e4f-bc4a-724f6f0453ca	26	24
Grazie per averle aiutate.	Thanks for helping them.	9d0491ca-b1f0-5888-acf1-7115a7d5a434	26	24
Grazie per averlo aiutato.	Thanks for helping him.	5d5b13c2-00dd-51d1-bd06-3707c239434e	26	23
Grazie per averla aiutata.	Thanks for helping her.	6a2ea1bb-feea-56b8-baec-5ac4bc55d025	26	23
Li abbiamo aiutati una volta.	We helped them once.	140e3e48-09d8-5447-b6de-c8e67ec48986	29	20
Le abbiamo aiutate una volta.	We helped them once.	40b1c0d2-71eb-5da5-b4bf-c6fba5a3e8ea	29	20
Li abbiamo umiliati.	We've humiliated them.	af265a69-1933-579c-9265-d64adfa93029	20	22
Le abbiamo umiliate.	We've humiliated them.	2e9f0cee-1c07-5d03-bced-8d1520d63570	20	22
La abbiamo umiliata.	We've humiliated her.	db4a5535-6a9d-5e6c-a10e-de679af09a1c	20	21
Lo stanno intervistando.	They're interviewing him.	58f0e348-23cb-5c76-a972-0b78a87119d5	24	25
Possiamo intervistarli?	Can we interview them?	c5f05159-5143-5556-a9c8-35f807bfab73	23	22
Possiamo intervistarle?	Can we interview them?	17f46cd4-a974-5e0a-b54b-08e75730119f	23	22
Li possiamo intervistare?	Can we interview them?	31109666-01cd-5704-a205-030898250390	25	22
Le possiamo intervistare?	Can we interview them?	972a4e1a-9af6-50d3-a8a8-bde5adb9bf44	25	22
Lo possiamo intervistare?	Can we interview him?	b8411fa0-5675-5902-a716-bca466794aa7	25	21
Possiamo intervistarlo?	Can we interview him?	406fb7f9-03df-5596-a116-19c84ec9ea51	23	21
Possiamo intervistarla?	Can we interview her?	6f0167d5-4670-51d6-acb8-a071cc82787a	23	21
La possiamo intervistare?	Can we interview her?	8b2b2ea9-04c9-53d2-9211-d15711d93c02	25	21
Non interromperci.	Don't interrupt us.	bccd2a26-9dca-5cc0-b1db-eb80263c5048	18	19
Non interrompeteci.	Don't interrupt us.	e569c7af-f70c-50f4-9a37-221bcb6791a8	19	19
Non ci interrompa.	Don't interrupt us.	8e6c52ef-175d-5403-bd44-aae8774a9bac	18	19
Non ci interrompere.	Don't interrupt us.	b913b6d4-69a4-5de8-8a72-39f0aa367364	20	19
Non ci interrompete.	Don't interrupt us.	544ffa91-ec06-51f6-ae6a-2c5db023ad4f	20	19
Non interromperli.	Don't interrupt them.	52f6e227-49ff-51f2-81e9-ff444defa30c	18	21
Non interromperle.	Don't interrupt them.	d76de07a-230e-570f-80ac-734084699870	18	21
Non interrompeteli.	Don't interrupt them.	1b57a1e7-f660-51ac-8a5f-3cc6946d384e	19	21
Non interrompetele.	Don't interrupt them.	5a977d1d-8dda-505d-8bf5-5834bbf4b08e	19	21
Non li interrompa.	Don't interrupt them.	b156ac5f-4a17-5731-b3d1-00ef644a7d31	18	21
Non le interrompa.	Don't interrupt them.	fc218850-2c86-5010-95a0-a321691d6bb4	18	21
Non li interrompere.	Don't interrupt them.	ef158bf6-f8ec-5d58-bce9-6ce17503e5ec	20	21
Non le interrompere.	Don't interrupt them.	a51dde65-98c1-533e-8a49-6a3f345c863a	20	21
Non li interrompete.	Don't interrupt them.	b482d151-32de-5f4f-9d5e-b8ffff896635	20	21
Non le interrompete.	Don't interrupt them.	308458d4-124d-5e94-9f23-6d82ea8a0abf	20	21
Non interromperlo.	Don't interrupt him.	844e8549-bbff-5a58-af65-1989aaf31349	18	20
Non lo interrompa.	Don't interrupt him.	7ac007e8-d64a-5d27-95cf-ff9aaf9ae7ac	18	20
Non interromperla.	Don't interrupt her.	84de7c4c-953d-5cbf-8305-d8ce1bb7f7f1	18	20
Non interrompetelo.	Don't interrupt him.	52e9b9a7-f424-50cb-9200-1b113ea84257	19	20
Non la interrompa.	Don't interrupt her.	4a93ce63-b75b-5721-9813-a1fd2e8d9491	18	20
Non interrompetela.	Don't interrupt her.	85e6d0da-c634-5ae1-9cd6-1f46b67435de	19	20
Non la interrompere.	Don't interrupt her.	9f93fb9c-37a2-5650-979d-065097925615	20	20
Non la interrompete.	Don't interrupt her.	931928d6-7937-5143-9515-5f0a4f2d6dfa	20	20
Li stiamo interrogando.	We're interrogating them.	06917b1e-46f6-5e8b-8e48-2f6841dd0dce	23	25
Le stiamo interrogando.	We're interrogating them.	fc816c72-1c29-5f1c-a6d4-20ed7154da94	23	25
Lo stanno interrogando.	They're interrogating him.	e6de2651-ef6f-57d8-9bff-82b64a0fe0a0	23	26
La stanno interrogando.	They're interrogating her.	1c92f7c7-6302-5884-a72a-36b768d23cbc	23	26
Li informerò.	I'll inform them.	13a0885d-f12a-5e91-a3b5-983064ec279b	13	17
Le informerò.	I'll inform them.	9a60c615-1b3f-5da4-8001-ffc3dabc5131	13	17
Lo informerò.	I'll inform him.	2089a191-6436-5b8f-b6a7-63f7341711d8	13	16
La informerò.	I'll inform her.	c76cabd1-3d0c-5c25-9c37-157f51b4c00c	13	16
Dovrei includerli?	Should I include them?	d296b15c-acb6-53c5-80ef-ca1cb324cb64	18	22
Dovrei includerle?	Should I include them?	d7187e7f-0b69-566e-a24a-ca20c2e961cc	18	22
Le dovrei includere?	Should I include them?	3ba9a9fc-fe73-5a3b-b53e-2f8327950315	20	22
Li dovrei includere?	Should I include them?	e279ed19-36f8-5e5b-aaea-928f7f81ae60	20	22
Dovrei includerlo?	Should I include him?	deb38138-6d02-5295-8c34-6137d0cf7119	18	21
Lo dovrei includere?	Should I include him?	596b996e-220d-5ce4-bda5-41c769c8fbd0	20	21
La dovrei includere?	Should I include her?	8ffcb205-45c9-5aec-9414-41a51a55d789	20	21
Dovrei includerla?	Should I include her?	7d921a95-ff94-584d-8447-757af12d7e77	18	21
La conoscevo bene.	I knew her well.	0b66e771-674e-59f3-b88a-bcba5926963b	18	16
Li conoscevo di persona.	I knew them personally.	c6268b99-a3e2-5ba9-9d7d-c33583f49962	24	23
Le conoscevo di persona.	I knew them personally.	599d7b41-8f79-5eb4-89c5-c022465a4b30	24	23
Lo conoscevo di persona.	I knew him personally.	6a707f17-fc0d-5227-9701-c5931c75b099	24	22
La conoscevo di persona.	I knew her personally.	2276ef0e-cb43-5f87-9924-d496edecddb5	24	22
Lo conosco bene.	I know him well.	fba7b345-fbcf-54ad-9531-b1eeea436003	16	16
Lo conosco di persona.	I know him personally.	27c928f9-e46f-55f9-bff5-1808b9000f37	22	22
Li conosciamo tutti.	We all know them.	0e74d07d-e134-58d0-946c-0540d2876866	20	17
Li conosciamo tutte.	We all know them.	716843db-784a-58dc-bb54-0f758ededbd9	20	17
Le conosciamo tutti.	We all know them.	ec36965f-e3ac-5f5e-b7c0-b15c1d8e5378	20	17
Le conosciamo tutte.	We all know them.	584f0e46-d0a2-5a07-a6f0-f4ea8a580847	20	17
Lo conosciamo tutti.	We all know him.	0d03022b-fdec-5320-b377-f703a0ed66c2	20	16
Lo conosciamo tutte.	We all know him.	5ff33749-08f8-56aa-90fc-f1aa7142ce07	20	16
La conosciamo tutti.	We all know her.	ebb5e8af-cd2e-5a4d-8ff3-65d9fbd96cd5	20	16
La conosciamo tutte.	We all know her.	0345cc79-8d5e-557e-84e1-aed830636272	20	16
Non li ho mai conosciuti.	I never knew them.	1b25ccf1-72d7-5bf8-82e4-c830a34bd549	25	18
Io non li ho mai conosciuti.	I never knew them.	3c5e6507-28a0-58b7-93b6-aa6c106824ab	28	18
Non le ho mai conosciute.	I never knew them.	dc5f136e-38b8-5ed6-942e-1a67a6f1d661	25	18
Io non le ho mai conosciute.	I never knew them.	c9fcc01c-eee0-5164-a0d4-b0b5970ca188	28	18
Non l'ho mai conosciuto.	I never knew him.	cd94a01b-667c-59d9-a6b0-95ae1fbc5ecd	24	17
Io non l'ho mai conosciuto.	I never knew him.	d6bfa2b1-c152-5633-a3c9-afdb8a2cf23a	27	17
Io non l'ho mai conosciuta.	I never knew her.	2972d4d0-33af-55a1-a8e0-cade5843a7ec	27	17
Li conoscevo bene.	I knew them well.	6bb08e92-b1cd-550c-be35-2f062a0761ec	18	17
Le conoscevo bene.	I knew them well.	efff43e8-d820-5ba0-b129-3d2e43f8c43e	18	17
Lo conoscevo bene.	I knew him well.	46b94579-746d-5a03-b0aa-debcac124689	18	16
Li conoscevamo tutti.	We all knew them.	fc7fedc2-a078-507f-bf77-3b2dab234d55	21	17
Le conoscevamo tutti.	We all knew them.	2d3166d9-4f3f-51b6-bad1-4143616ca2e8	21	17
Li conoscevamo tutte.	We all knew them.	7a4f6099-2f95-5861-9497-84d431d62748	21	17
Le conoscevamo tutte.	We all knew them.	4595c6fb-48f8-5dff-a4b7-5c09bdef7c27	21	17
Tiene un registro di tutto quello che compra.	She keeps a record of everything she buys.	cea7e32f-2622-5a2e-b318-8ffc4cf62990	45	42
Lei tiene un registro di tutto quello che compra.	She keeps a record of everything she buys.	2229b34f-0930-5d63-99de-2c2234e3a1f8	49	42
Avremo un problema, non è vero?	We'll have a problem, won't we?	45b7ffac-f3a5-5c1e-972a-a005b5464159	31	31
Il problema sono loro.	The problem is them.	24bf1c2b-e9e3-5ab2-b578-b5f93f312dd8	22	20
Il problema sono io.	The problem is me.	2ae90cee-4e0b-5583-aa01-6c4544bb5063	20	18
Il problema è lui.	The problem is him.	229b620b-4317-5f20-8b06-62f344d6e11a	18	19
Il problema è lei.	The problem is her.	a80ed96d-a345-5658-ad7f-d276ea4c056f	18	19
Bacialo per me.	Kiss him for me.	b3fb2deb-012e-5e24-9b51-0aad6af7172c	15	16
Lo baci per me.	Kiss him for me.	fbeed2d6-b882-5802-ac7c-e4548bfe0634	15	16
Baciatelo per me.	Kiss him for me.	4a05808e-0b73-53e1-8ef5-bb8499219278	17	16
Baciala per me.	Kiss her for me.	d0fc755e-6e2d-50b6-b750-badaa5b396dd	15	16
Baciatela per me.	Kiss her for me.	9433d15f-f675-5bb2-a205-84ef5165cab4	17	16
La baci per me.	Kiss her for me.	022bf54d-bc55-517c-8537-9e40cf8f2234	15	16
Li hai rapiti?	Did you kidnap them?	70118f0b-03f9-57df-a164-d8695bf6f424	14	20
Le hai rapite?	Did you kidnap them?	0906581e-b9b9-56ee-b864-8fc42c062679	14	20
Li ha rapiti?	Did you kidnap them?	385d8576-d03d-5784-b968-523cc1b60e92	13	20
Le ha rapite?	Did you kidnap them?	92b7e56d-b349-511c-9dc1-f11749e49d70	13	20
Li avete rapiti?	Did you kidnap them?	39497c6f-8f63-5ce5-8c5c-9cae805134da	16	20
Le avete rapite?	Did you kidnap them?	2d0a1039-40c9-5f71-b912-aeb2f82a2243	16	20
L'hai rapito?	Did you kidnap him?	ef086c08-c1a3-5caa-8d1d-0572344168a2	13	19
L'ha rapito?	Did you kidnap him?	0468c9ff-5268-5908-9617-324c9537bb84	12	19
Lo avete rapito?	Did you kidnap him?	2cc6aadd-f9c2-52fc-a9e8-588dd77c9e2c	16	19
L'hai rapita?	Did you kidnap her?	5fc6e7ee-4ff0-5445-beae-de98f277a59c	13	19
L'ha rapita?	Did you kidnap her?	9fe07868-838e-5734-b582-ca6f4bf1220c	12	19
L'avete rapita?	Did you kidnap her?	51b47af3-9c4b-5c11-92a1-48387a2b890e	15	19
La avete rapita?	Did you kidnap her?	df19f2fa-bbdb-5dc5-b69b-6d9683177836	16	19
Li conosceva?	Did you know them?	bca73a5d-489f-5028-8eaf-6273a3ee8cf4	13	18
Tu li conoscevi?	Did you know them?	e428a842-1b1b-534b-aab9-b1a1f3def449	16	18
Li conoscevi?	Did you know them?	396b57df-61e5-55a3-8776-7ff67230cdf3	13	18
Lei li conosceva?	Did you know them?	b671d90b-94b4-513a-a52b-4a012053e9fd	17	18
Le conoscevi?	Did you know them?	951f1ffd-5289-5ac0-897d-7bb0f635b6da	13	18
Tu le conoscevi?	Did you know them?	efaa0dbf-9446-51e8-a7e2-7cdb28db30b6	16	18
Le conosceva?	Did you know them?	b9d0d3b9-0ee9-5623-a33f-10e07359e48f	13	18
Lei le conosceva?	Did you know them?	c896b324-2eb8-5777-884d-8d2797bbc7b2	17	18
Li conoscevate?	Did you know them?	78154a5d-c8eb-52bb-a03d-511e3b106067	15	18
Voi li conoscevate?	Did you know them?	7777186b-719d-5d02-ab01-5657b1818149	19	18
Le conoscevate?	Did you know them?	7e853ac5-c109-5f1d-825b-5536cf552b77	15	18
Voi le conoscevate?	Did you know them?	9de2173d-db27-5603-b92c-98609261ed4b	19	18
La conoscevi?	Did you know her?	f7ede7ee-442a-5718-baf2-826743c7f3db	13	17
Tu la conoscevi?	Did you know her?	a067c5db-1151-51a2-bac0-cd3d38fc359d	16	17
La conosceva?	Did you know her?	36b6983b-24d0-5f73-8d74-7f0b2df56dcc	13	17
Lei la conosceva?	Did you know her?	15acda9d-1091-5836-bdb4-b63d69afe6b9	17	17
La conoscevate?	Did you know her?	de23baed-e0c7-5246-89c5-2b3d07f24257	15	17
Voi la conoscevate?	Did you know her?	ebc27615-7a28-59d8-90cb-74eb99d297bc	19	17
Questo non è pesce.	This is not fish.	7a281257-abb8-5dc5-a4c5-3aa2689c1540	19	17
Li conosco?	Do I know them?	3a35250c-05bb-55b5-af7e-f69d82de29fa	11	15
Le conosco?	Do I know them?	01520060-9eb5-5df8-8b5c-e17ecb2bf055	11	15
La conosco?	Do I know her?	3fdd3492-61e0-5a7d-b629-2c422022a77f	11	14
Li conosco bene.	I know them well.	5ff2dbc9-25a7-5797-a1de-2f11120eb0a3	16	17
Le conosco bene.	I know them well.	4e11280f-31ae-5fb6-a363-f1d63dfbf65c	16	17
Il problema siamo noi.	The problem is us.	bc8c34c0-c8f0-5caa-ad65-a0d9ef43d19a	22	18
Li stiamo ignorando.	We're ignoring them.	f0436bbb-d086-5176-a472-0ad4e555fdde	20	20
Noi li stiamo ignorando.	We're ignoring them.	496ab526-e7d3-5dcc-a0d1-f1c73d4eac6d	24	20
Le stiamo ignorando.	We're ignoring them.	146a145e-2548-5f71-9c1e-8df1c5af5eac	20	20
Noi le stiamo ignorando.	We're ignoring them.	9482a634-7b5d-589f-8535-c036cd0c30c3	24	20
Li stiamo intervistando.	We're interviewing them.	42e98924-cb5b-5b77-8e91-6a061a14b389	24	24
Le stiamo intervistando.	We're interviewing them.	c0dd5744-9eb6-5819-97f5-a272bde11706	24	24
Lo stiamo ignorando.	We're ignoring him.	3ab65209-cf8a-5a09-8ddd-db27be08755d	20	19
Noi lo stiamo ignorando.	We're ignoring him.	3e5e4250-84bc-5aec-8ff3-31c50234b29c	24	19
Lo ignoro e basta.	I just ignore him.	6ae726d0-149f-5d46-8071-131089065eb3	18	18
Io lo ignoro e basta.	I just ignore him.	5892d2d3-a682-5910-a7dc-4e723010a570	21	18
La ignoro e basta.	I just ignore her.	ca981aaa-1526-5633-85a1-f73ca562378a	18	18
Io la ignoro e basta.	I just ignore her.	cb5e7d59-7a29-5716-9bba-211d4c6be938	21	18
Cerca di ignorarli.	Try to ignore them.	93526dd7-970b-5a9e-bf91-bd9c0e40f990	19	19
Cerca di ignorarle.	Try to ignore them.	d8ed5c27-acca-5213-9b1a-deaad1ae1e43	19	19
Cercate di ignorarli.	Try to ignore them.	85377b46-b421-539b-b760-e294a7705bb7	21	19
Cercate di ignorarle.	Try to ignore them.	0ea5a239-130e-5643-bbf8-92d23b958869	21	19
Cerchi di ignorarli.	Try to ignore them.	f936039c-fc80-5d8a-bae8-c8dda8df8273	20	19
Cerchi di ignorarle.	Try to ignore them.	845be58b-f3c7-52a6-b2fe-53865cb4312a	20	19
Prova a ignorarli.	Try to ignore them.	00a182ea-04de-54ef-8bc0-5fbaf56fcbe2	18	19
Prova a ignorarle.	Try to ignore them.	b2e6972c-adaa-5490-86d0-f5bb946ec705	18	19
Provate a ignorarli.	Try to ignore them.	b46b81f3-7750-5ab7-b827-9e4a2001a66c	20	19
Provate a ignorarle.	Try to ignore them.	0f6700d0-9adf-50af-8137-86e148217250	20	19
Provi a ignorarli.	Try to ignore them.	895b903a-bfd8-5f26-b6d8-6f99811aca69	18	19
Provi a ignorarle.	Try to ignore them.	dd788333-f140-543e-932b-88c7b50a67cb	18	19
Cerca di ignorarlo.	Try to ignore him.	acbcd51e-5244-5396-8616-b1b98eb654ca	19	18
Cercate di ignorarlo.	Try to ignore him.	6bd8ce20-784c-5ace-9407-6959bffa3994	21	18
Cerchi di ignorarlo.	Try to ignore him.	bf78a763-ed5b-583b-b41f-978a8c40c3b3	20	18
Prova a ignorarlo.	Try to ignore him.	f430675f-e085-543a-bbb3-5b7b23d6d818	18	18
Provate a ignorarlo.	Try to ignore him.	63076253-c650-582e-ae07-a5b3a8fa607f	20	18
Provi a ignorarlo.	Try to ignore him.	fdd44158-1f1c-53ed-ad57-a4ab98cf1176	18	18
Cerca di ignorarla.	Try to ignore her.	2cbba7f8-9eac-5c98-9383-102295d1d318	19	18
Cerchi di ignorarla.	Try to ignore her.	196f624e-22a7-5563-868d-2bfdaee77b09	20	18
Cercate di ignorarla.	Try to ignore her.	09641bfa-9e98-5dcb-b536-75dd0e118715	21	18
Prova a ignorarla.	Try to ignore her.	cbd10f2f-cac0-53d9-be57-4350da24d1f8	18	18
Provate a ignorarla.	Try to ignore her.	c778dc7d-efb1-56dc-b948-c3cbcb7c991f	20	18
Provi a ignorarla.	Try to ignore her.	7b040672-ac5e-5d43-96e1-3823a14f684b	18	18
Posso avere il conto, per favore?	May I have the check, please?	26235f8e-bed5-5bc3-984b-69410217fcab	33	29
Posso avere il conto, per piacere?	May I have the check, please?	2b68faa0-712b-5228-9932-3574b713964f	34	29
Li ho lasciati indietro.	I left them behind.	a1f4a229-d074-5cec-8f2a-a1f53d8fb076	24	19
Le ho lasciate indietro.	I left them behind.	6b4e3f77-ca2e-531a-8d72-f3dd5565ddff	24	19
L'ho lasciato indietro.	I left him behind.	865d2706-0986-58bd-b4f0-f223810a4372	23	18
L'ho lasciata indietro.	I left her behind.	cc6d8916-f081-57b2-91af-5201f5fe9662	23	18
Lasciali con me.	Leave them with me.	07dce2df-2ea2-5a03-8dba-431349c535f5	16	19
Lasciale con me.	Leave them with me.	f53f80e3-789c-556d-b716-05268ac271ba	16	19
Lasciateli con me.	Leave them with me.	0914f73f-df64-5210-92c7-2278dff683bb	18	19
Lasciatele con me.	Leave them with me.	176ffd9e-199d-591e-b0bc-f32fee8de582	18	19
Li lasci con me.	Leave them with me.	1510776c-69a2-5472-ba98-352833b7bda0	16	19
Le lasci con me.	Leave them with me.	0cc39bbe-76b2-51b5-b8b4-af6a31d913fb	16	19
Lascialo con me.	Leave him with me.	6d3f0e3e-18be-54f2-8f54-ca972db4431e	16	18
Lo lasci con me.	Leave him with me.	20d232cc-0e8e-5e72-ab0e-78c14c2755b0	16	18
Lasciatelo con me.	Leave him with me.	2732bf20-09c6-5130-aad6-5f6380d72627	18	18
Lasciala con me.	Leave her with me.	5e52a70f-fbfb-59f6-9d5a-04e4ad0a70d6	16	18
Lasciatela con me.	Leave her with me.	ef47398f-603f-5485-bf11-94b6348b6e6e	18	18
La lasci con me.	Leave her with me.	1fe33e80-bc60-5265-b790-807321e98811	16	18
Vai a parlare con loro.	Go talk to them.	8d505d22-0858-58a8-af00-d17fbaeef27d	23	16
Vada a parlare con loro.	Go talk to them.	d595d178-800a-5d04-862b-d9393d3d55f0	24	16
Andate a parlare con loro.	Go talk to them.	1954efa3-0827-5780-ada7-cda991312bb1	26	16
Vai a parlare con lui.	Go talk to him.	e47c3ebf-7171-5546-9af2-c0b71ba50384	22	15
Vada a parlare con lui.	Go talk to him.	a0df278f-55c5-5465-8c6f-727c951d1df0	23	15
Andate a parlare con lui.	Go talk to him.	9d717213-b71b-53e4-9236-8121dd1552c0	25	15
Vai a parlare con lei.	Go talk to her.	258463f3-2e4c-5cb3-b48f-43f6b01781a6	22	15
Vada a parlare con lei.	Go talk to her.	3241e616-b746-572f-aacd-228d182bfebd	23	15
Andate a parlare con lei.	Go talk to her.	592b48c4-a63e-5bbc-8e3b-958d17508e7d	25	15
Stai messaggiando con loro?	Are you texting them?	bebfe437-b1b0-5b86-abbf-49ce7a1dd979	27	21
Sta messaggiando con loro?	Are you texting them?	49499e48-7182-57d5-9b0f-8d9a930e9962	26	21
State messaggiando con loro?	Are you texting them?	c4003660-d216-5a16-ab03-7c6193cd1051	28	21
Stai messaggiando con lui?	Are you texting him?	6b2ed3f0-105d-5848-b504-e16486bff0cf	26	20
Sta messaggiando con lui?	Are you texting him?	f7a1620d-2328-5d8a-b755-1530eee0c0eb	25	20
State messaggiando con lui?	Are you texting him?	b0d4e8e6-d0a4-5dfd-b704-8433d316f300	27	20
Stai messaggiando con lei?	Are you texting her?	5a96d031-0436-55ac-a1da-3e63f1d63db9	26	20
Sta messaggiando con lei?	Are you texting her?	4c71b6c3-73eb-5f87-811e-c5eb401c0665	25	20
State messaggiando con lei?	Are you texting her?	07a85a6b-67f8-5fc8-acb9-646c0afc1f4c	27	20
Sto messaggiando con loro.	I'm texting them.	e582352c-f6f6-576b-a69d-9673b4689192	26	17
Io sto messaggiando con loro.	I'm texting them.	2e00a947-a131-53bd-a5b6-69f9b8f5ed61	29	17
Sto messaggiando con lui.	I'm texting him.	7e7bf92b-63c4-5563-be41-0ab39dcb3510	25	16
Io sto messaggiando con lui.	I'm texting him.	63dd55a4-2b72-51ac-b4ac-23f3f80aa28e	28	16
Sto messaggiando con lei.	I'm texting her.	0179a810-768a-5711-bfd3-5d58f002d905	25	16
Io sto messaggiando con lei.	I'm texting her.	0f466eeb-c18b-56ac-8069-5436ad7d618e	28	16
Non dirlo a lei.	Don't tell her.	4ec415fc-ed9e-5db9-acba-a4a62c560951	16	15
Non lo dire a lei.	Don't tell her.	8c589e84-cf2c-5a80-bb66-1680f3a9072d	18	15
Non ditelo a lei.	Don't tell her.	c5462942-2243-5a07-8f9d-5812079bcf14	17	15
Non lo dite a lei.	Don't tell her.	1f734c44-ebb4-5411-b6c3-cfce5e8be8f6	18	15
Non lo dica a lei.	Don't tell her.	c9d2451d-4e5c-538b-b46b-583bb85c5831	18	15
Qualcuno dovrebbe dirlo a loro.	Someone should tell them.	1af6d7ea-d03f-5abb-b383-13977a9bb873	31	25
Qualcuno lo dovrebbe dire a loro.	Someone should tell them.	3c82c03a-9510-5d37-8665-68a3dd4d6963	33	25
Qualcuno glielo dovrebbe dire.	Someone should tell him.	85564206-399a-555b-9949-49e3f2496aeb	30	24
Qualcuno dovrebbe dirglielo.	Someone should tell him.	f3020c22-7b7b-55b7-8c91-ca67ee5e2e56	28	24
Qualcuno dovrebbe dirlo a lei.	Someone should tell her.	fbf3dbdf-0e62-5b86-91e9-68f5f2dddbbf	30	24
Qualcuno lo dovrebbe dire a lei.	Someone should tell her.	ddcbbd40-de17-5ea9-93fa-2ccd7a670091	32	24
Lo devo dire a loro.	I must tell them.	aaaae750-5e2e-5a46-836e-43f27522c8ec	20	17
Devo dirglielo.	I must tell him.	be6ddd25-4f59-5e2a-986e-e5bec1d59a47	15	16
Glielo devo dire.	I must tell him.	88877a9c-3c5d-5600-a652-dcafcb4cdd63	17	16
Devo dirlo a lei.	I must tell her.	38ac790c-bed4-5f4c-99e8-659d6db65883	17	16
Lo devo dire a lei.	I must tell her.	13c9129a-f69a-5e12-9489-32a38ac78793	19	16
Li ho sorpresi davvero.	I did surprise them.	7386b492-cee7-5fdb-b965-a4bfdc13bce8	23	20
Li ho sorpresi sul serio.	I did surprise them.	d8ef78ba-8ae7-5156-b4a1-11db7c8aba4d	25	20
Le ho sorprese davvero.	I did surprise them.	570564f9-123e-5e74-ae5b-4a4830a45033	23	20
Le ho sorprese sul serio.	I did surprise them.	1b05073e-475b-5f69-8a30-3b3d71249961	25	20
L'ho sorpresa davvero.	I did surprise her.	3aa9f7e6-70fb-5af8-b6f0-46a37f2165bf	22	19
L'ho sorpresa sul serio.	I did surprise her.	7faeb674-9f41-51d2-8e40-a9bd18defef4	24	19
Li hai denunciati?	Did you sue them?	19b37d73-4d36-5619-a4cf-4d86620d0ecf	18	17
Le hai denunciate?	Did you sue them?	041aff20-0577-5625-935d-158c9e314b9b	18	17
Li ha denunciati?	Did you sue them?	9244009b-9cd9-51a3-84e0-9178b20ecfea	17	17
Le ha denunciate?	Did you sue them?	aabc1c46-03a6-5dd4-98f0-c147650438b5	17	17
Li avete denunciati?	Did you sue them?	87eb1ea0-3710-5d38-a4a6-45b17b26b482	20	17
Le avete denunciate?	Did you sue them?	d28d5870-1856-516a-bd33-0770423698d3	20	17
L'hai denunciato?	Did you sue him?	c27fb5f7-0cad-5484-9e8b-1ad6c202c9d8	17	16
L'ha denunciato?	Did you sue him?	f62ab829-30f9-5ac8-8783-aabd2584da75	16	16
Lo avete denunciato?	Did you sue him?	4cb02123-051b-56bf-b6c6-2648e82b3aa2	20	16
L'hai denunciata?	Did you sue her?	52eaf318-6522-5090-839d-14d8343e94b6	17	16
L'ha denunciata?	Did you sue her?	aaa789f2-a5d3-59e0-a4a0-9d340cb7f196	16	16
L'avete denunciata?	Did you sue her?	374c4195-d2a7-5fe3-aea8-c5ec7acc2df7	19	16
La avete denunciata?	Did you sue her?	c3b45463-7a21-5236-9c45-7d05dabb9f9c	20	16
Dovresti denunciarli.	You should sue them.	3dab630f-7222-55ed-9b32-8f364ecba263	21	20
Dovresti denunciarle.	You should sue them.	e1048db9-479d-5246-8583-a7c35b8406e1	21	20
Dovreste denunciarli.	You should sue them.	1154a387-8d21-5714-85a5-cc07db99dae0	21	20
Dovreste denunciarle.	You should sue them.	2b868b73-2af2-5e9b-bfb8-444e1299096b	21	20
Dovrebbe denunciarli.	You should sue them.	29655849-57ae-576a-9683-d4b43461f00c	21	20
Dovrebbe denunciarle.	You should sue them.	70888c6e-d4f7-572d-9b5b-7cae5f657ec3	21	20
Li dovresti denunciare.	You should sue them.	48fc219f-41fe-5193-b18b-26f8fe03b7d6	23	20
Le dovresti denunciare.	You should sue them.	be71c3b2-9735-5a02-9552-69edb7023246	23	20
Li dovreste denunciare.	You should sue them.	d085d06f-48b7-5a98-aa24-bf6951d132ec	23	20
Le dovreste denunciare.	You should sue them.	c5f55287-d7c5-5167-9dc5-b9308418e43f	23	20
Li dovrebbe denunciare.	You should sue them.	3253276c-9b9c-5eb7-830e-d25b59e5912e	23	20
Le dovrebbe denunciare.	You should sue them.	cf736f55-57d4-5d40-996b-8b06f5324451	23	20
Dovresti denunciarlo.	You should sue him.	b93b5db4-8c4c-5992-ba49-dbe9a19b54ab	21	19
Dovreste denunciarlo.	You should sue him.	6281aa60-bbfa-5ea6-bdaa-e51b6f5d9b16	21	19
Dovrebbe denunciarlo.	You should sue him.	ea03846a-b696-5c17-9930-6f1f261ea209	21	19
Lo dovresti denunciare.	You should sue him.	ec4ea904-e19a-5512-ad6b-97ebf28e5806	23	19
Lo dovreste denunciare.	You should sue him.	cdc9b4cf-03af-5c73-9de6-507fc8b60e1c	23	19
Lo dovrebbe denunciare.	You should sue him.	fc808513-9e5c-56af-b1a3-e27e825e4336	23	19
Dovresti denunciarla.	You should sue her.	8665ffd4-ff2e-59a6-93c0-ee46401a7032	21	19
Dovreste denunciarla.	You should sue her.	358679fd-8e8e-5e5d-a0f0-ce6869e3354b	21	19
Dovrebbe denunciarla.	You should sue her.	48518a11-b421-5ef5-a3c9-92c8caa2dae8	21	19
La dovresti denunciare.	You should sue her.	f2e09586-0c02-57d9-9cf8-8ebbe738c8c6	23	19
La dovreste denunciare.	You should sue her.	d6908b2f-c4d1-53b2-8531-8f176d463f0d	23	19
La dovrebbe denunciare.	You should sue her.	4d680b9d-fb44-5af1-861f-605d2b1af4ef	23	19
Dovremmo denunciarli.	We should sue them.	f22cdfcf-ceba-5407-9f77-7eec9b8ecbeb	21	19
Dovremmo denunciarle.	We should sue them.	b4baebc5-4f1f-5168-82e5-655e79c5facb	21	19
Li dovremmo denunciare.	We should sue them.	ed429710-d00b-5a73-a076-c27f1cb17759	23	19
Le dovremmo denunciare.	We should sue them.	5d02bf3b-bffb-5d4c-9e22-80a303cf3284	23	19
Tom dovrebbe denunciarli.	Tom should sue them.	21cb6ba6-f2c2-5ff6-8dcf-25ec326343c1	25	20
Tom dovrebbe denunciarle.	Tom should sue them.	59644b7a-84ce-555d-9131-0dce3158c100	25	20
Tom li dovrebbe denunciare.	Tom should sue them.	52653258-b317-5dd0-ac56-8f466a3868c6	27	20
Tom le dovrebbe denunciare.	Tom should sue them.	9a591074-655c-567f-96d1-4cce67699df6	27	20
Dovrebbero denunciarlo.	They should sue him.	d951cd88-e12d-543a-bc7c-82de89c64bb4	23	20
Lo dovrebbero denunciare.	They should sue him.	de8cdfc8-097e-5aaf-821d-29419e063bbf	25	20
Dovrebbero denunciarla.	They should sue her.	aed5c323-d517-5046-b5a1-394314be656e	23	20
La dovrebbero denunciare.	They should sue her.	6fb4efa4-8cf8-5ed6-b5cc-0ffb99c44110	25	20
Dovrei denunciarlo.	I should sue him.	55c5d0d9-d50d-5d20-ad34-02d20f681cc9	19	17
Lo dovrei denunciare.	I should sue him.	ba0a6b01-a487-5d6e-aef6-554e7a950c42	21	17
Dovrei denunciarla.	I should sue her.	72981670-b75d-5742-89e7-8d728753e535	19	17
La dovrei denunciare.	I should sue her.	7c22b93d-4841-58f1-b2b4-0a93995b70b3	21	17
Puoi fermarli?	Can you stop them?	16ef2503-c5bd-5974-9b57-89463095ab27	14	18
Puoi fermarle?	Can you stop them?	89cff656-8687-5709-98be-f3fe4e0f2158	14	18
Li puoi fermare?	Can you stop them?	59a2440e-6705-509e-9d81-a68f86e1749b	16	18
Le puoi fermare?	Can you stop them?	01b5935d-ca98-5a52-a25e-93c063b00d24	16	18
Può fermarli?	Can you stop them?	3bbaacb0-351a-5130-b541-8c466972fffa	13	18
Può fermarle?	Can you stop them?	f9ccabc1-4504-591a-aae2-b89a0ece265b	13	18
Potete fermarli?	Can you stop them?	306d171d-55ad-5016-8f98-be31bb55a134	16	18
Potete fermarle?	Can you stop them?	f7b1b375-689b-5b04-a969-af6bc72cc4a9	16	18
Li può fermare?	Can you stop them?	240a5fae-77e6-5605-b3c6-320ba1b607f0	15	18
Le può fermare?	Can you stop them?	355e7953-b59e-5075-9bd7-076fb5f093ec	15	18
Li potete fermare?	Can you stop them?	1cd1c5a7-7708-5c33-ac4a-16725a687f34	18	18
Le potete fermare?	Can you stop them?	4112976d-98b0-5285-9498-06b6e560d2ae	18	18
Riesci a fermarli?	Can you stop them?	a28fe2be-2c08-545b-8cf8-e2313f48e24c	18	18
Riesci a fermarle?	Can you stop them?	5197f2cd-e85e-5703-b4ab-4b95e68c41fc	18	18
Riesce a fermarli?	Can you stop them?	2ad50d4a-9a7a-549d-b73e-8e5787efea46	18	18
Riesce a fermarle?	Can you stop them?	b8427909-e73c-56b6-b131-2c71823b1d9f	18	18
Riuscite a fermarli?	Can you stop them?	7e99fc7c-502a-56d6-a1af-cb542d0848ae	20	18
Riuscite a fermarle?	Can you stop them?	321e789e-af19-5861-927e-737432800770	20	18
Li riesci a fermare?	Can you stop them?	674f7c21-a340-5860-a618-303d7d2edc78	20	18
Le riesci a fermare?	Can you stop them?	03259047-dea9-52de-9e60-9a2dce4c43a6	20	18
Li riesce a fermare?	Can you stop them?	0a9f3801-2aea-509e-82fa-e93aa4671955	20	18
Le riesce a fermare?	Can you stop them?	ae3317e5-0948-5788-8704-fd5cf0efd37d	20	18
Li riuscite a fermare?	Can you stop them?	48fe3000-16b9-53b8-807d-b3d706c86c3c	22	18
Le riuscite a fermare?	Can you stop them?	a1dab9a9-633e-5a51-9a55-9345a38e2b65	22	18
Lo puoi fermare?	Can you stop him?	57d51f58-c59b-53d3-9352-72d3df037118	16	17
Lo può fermare?	Can you stop him?	c9301d32-3fe9-5670-941c-f24057dc2b0d	15	17
Lo potete fermare?	Can you stop him?	a51af076-7d00-57c4-b852-a8b394e54f60	18	17
Lo riesci a fermare?	Can you stop him?	5cea0d15-76ff-5bd1-8435-b169e58485ca	20	17
Lo riesce a fermare?	Can you stop him?	74b926c2-4fad-51a7-856c-37eaab0667c6	20	17
Lo riuscite a fermare?	Can you stop him?	10df4ff3-6c8a-5e75-87d9-02ef50f3503a	22	17
La puoi fermare?	Can you stop her?	68d595b8-6b5f-5c0d-af96-abcdba2fe354	16	17
La può fermare?	Can you stop her?	1617c8a2-93ec-534c-b6d9-6a34bc7c3ff6	15	17
La potete fermare?	Can you stop her?	dc49125b-c82c-53c3-83dd-1ebd83120506	18	17
La riesci a fermare?	Can you stop her?	614de089-e8b1-56fb-8308-9cdb8899b542	20	17
La riesce a fermare?	Can you stop her?	fa1a50d7-dcb5-5e30-ab45-15435fd5d226	20	17
La riuscite a fermare?	Can you stop her?	05f42f45-a429-50e2-ada0-bb08d338a665	22	17
Nessuno può fermarlo.	Nobody can stop him.	7ee05c84-dcce-5406-8070-413906ca861e	21	20
Nessuno riesce a fermarlo.	Nobody can stop him.	3d2e8e3c-b52a-5b25-9b0f-a82e7628e0e3	26	20
Nessuno lo può fermare.	Nobody can stop him.	d498f667-4e9b-5891-8107-22258792d676	23	20
Nessuno lo riesce a fermare.	Nobody can stop him.	996902cf-9ff2-5533-907c-635b3357a2ab	28	20
Nessuno può fermarla.	Nobody can stop her.	bf16d9a8-7a1c-514f-9d35-b33229b59d6f	21	20
Nessuno riesce a fermarla.	Nobody can stop her.	76a0c67f-cebd-5415-a6c5-d1ba9e97a95a	26	20
Nessuno la può fermare.	Nobody can stop her.	b4156d9a-c01e-5360-9923-43a8ce64bbad	23	20
Nessuno la riesce a fermare.	Nobody can stop her.	6b414d94-0eb2-5c70-a890-8e54d9a5ab1a	28	20
Nessuno li ha visti.	Nobody's seen them.	c82cb70d-a6b9-5a8d-98f4-f9c9679901f4	20	19
Nessuno le ha viste.	Nobody's seen them.	908f08e6-6565-5429-99dd-be6a003da132	20	19
Nessuno l'ha visto.	Nobody's seen him.	75f2d1f7-bf92-5f84-a455-7f52ad12cd4c	19	18
Nessuno l'ha vista.	Nobody's seen her.	fac0088c-87d2-5d3e-9d7d-ddd09562d421	19	18
Qualcuno li ha visti?	Has anyone seen them?	e9499537-bd6d-5cee-a5ac-719e72b9b8de	21	21
Qualcuno le ha viste?	Has anyone seen them?	ee79eb31-1a42-52fe-8147-037a0037afd1	21	21
Qualcuno l'ha visto?	Has anyone seen him?	62883db5-ba4c-5433-aa33-6ff93cc1285b	20	20
Qualcuno l'ha vista?	Has anyone seen her?	15e4994f-fc69-5143-85be-e6c33f9e5a68	20	20
Li ha visti?	Did you see them?	6bae636f-d86d-5a69-a254-2cc6d5e34280	12	17
Le ha viste?	Did you see them?	d24f311c-3100-59bf-9e12-b819777cd2e7	12	17
Li vedo frequentemente.	I see them frequently.	52722828-04fb-5dfa-a6d6-6790eba36516	23	22
Le vedo frequentemente.	I see them frequently.	e5b221bf-9bcf-5344-afdf-a0387054d804	23	22
Lo vedo frequentemente.	I see him frequently.	17e54a2d-3337-58f6-9c18-827607a5fca1	23	21
La vedo frequentemente.	I see her frequently.	11325ba1-5301-59ed-8128-b2cbc545f187	23	21
Riuscivamo a vederli.	We could see them.	ccff8a36-fbd1-5b19-a6cc-bc22a7b20770	21	18
Riuscivamo a vederle.	We could see them.	26369b19-fbaa-56be-a351-112d3e66c7b0	21	18
Li riuscivamo a vedere.	We could see them.	d2430242-2310-5444-b825-1d369b38a0b7	23	18
Le riuscivamo a vedere.	We could see them.	dd19fe1a-19ce-5ef9-a8da-1c9c609da4fd	23	18
Riuscivamo a vederlo.	We could see him.	c030f1a6-abee-5873-8c22-88815628635d	21	17
Lo riuscivamo a vedere.	We could see him.	bb384d16-4845-5364-b33d-7bac2d7a0225	23	17
Riuscivamo a vederla.	We could see her.	c18f2aa6-3222-59b2-9b0d-52680e38bbd9	21	17
La riuscivamo a vedere.	We could see her.	f0e318af-9048-53ac-93ef-dc03cae157c2	23	17
Riesco a vederlo.	I can see him.	46623166-61f1-57eb-9696-6a39435c3dd3	17	14
Lo riesco a vedere.	I can see him.	13309e1e-1fd1-5a77-8817-9389f0f137f6	19	14
Riesco a vederla.	I can see her.	4e2fc82b-6ae4-5515-aee2-55c5edbcbd5b	17	14
La riesco a vedere.	I can see her.	fad22211-9692-5763-a94d-76b139efdbf8	19	14
Andate a vederli.	Go and see them.	0b3f8184-30ed-53d8-b54c-38e7418b2775	17	16
Andate a vederle.	Go and see them.	a6ea7fd4-dda1-5d5f-a52e-c3103820f778	17	16
Lo avete visto?	Have you seen him?	be995c85-12b1-53c5-b448-e684bb86e55f	15	18
Li vedrai.	You'll see them.	555d9d2e-545a-5124-88fb-f32e617d6351	10	16
Le vedrai.	You'll see them.	ecf1aa17-36c1-5583-b90d-53558b3cb11e	10	16
Li vedrà.	You'll see them.	68b7e9b6-eb49-5c79-8e64-f0250c08c7b5	9	16
Le vedrà.	You'll see them.	059f0851-500f-5cbf-95b3-b80faad8dea2	9	16
Li vedrete.	You'll see them.	7ed61b03-05e8-5232-a1c3-f4e62186913f	11	16
Le vedrete.	You'll see them.	a5dc600c-5584-521b-b235-9d9c120e7468	11	16
Lo vedrai.	You'll see him.	8287176f-7820-5be4-8376-168e649c16e1	10	15
Lo vedrà.	You'll see him.	67850bd4-9209-5794-a857-78710824cec4	9	15
Lo vedrete.	You'll see him.	f03096fd-0313-5efe-b204-2ac569da83ea	11	15
La vedrai.	You'll see her.	c763c345-483c-5783-85c5-a2af07a03644	10	15
La vedrà.	You'll see her.	aa3804f2-fe14-5624-b88f-47410ac9d5cd	9	15
La vedrete.	You'll see her.	1076c5a2-6ef6-5232-9d9f-1499094a4937	11	15
Li vedrò.	I'll see them.	ee5cbc65-f180-5997-8e9d-c295a43f5ab2	9	14
Le vedrò.	I'll see them.	cce70226-b681-5482-b5a4-819c87b45cdc	9	14
Lo vedrò.	I'll see him.	69c77634-3a7e-57c4-a521-92091057b6ce	9	13
La vedrò.	I'll see her.	975186dc-471e-5881-b8b9-c99333e6e726	9	13
Lo stai spaventando.	You're scaring him.	bb815406-cc1d-5132-bf1c-aded71969bad	20	19
Lo sta spaventando.	You're scaring him.	26729dc3-133c-5fb7-b9e5-4c037303d732	19	19
Lo state spaventando.	You're scaring him.	b92fe654-32da-50ce-8d81-7f7c7e923a13	21	19
La stai spaventando.	You're scaring her.	2f6b04f6-4ef3-5ee6-9ceb-3c87629cd01a	20	19
La sta spaventando.	You're scaring her.	3c9ff55f-d2df-52bd-9a29-41dce29dc5d8	19	19
La state spaventando.	You're scaring her.	2e94a390-99e2-595a-bb2a-d3c1a2f0d838	21	19
Li abbiamo appena visti.	We just saw them.	91ff4cc3-5d0a-553f-aa57-2480ed93e8c4	24	17
Le abbiamo appena viste.	We just saw them.	98b418b4-1eff-52c4-bf50-556d74796de5	24	17
Lo abbiamo appena visto.	We just saw him.	d5364b9c-c815-58c6-8a5e-a5e6092ead6c	24	16
L'abbiamo appena vista.	We just saw her.	b17bada8-9a8c-5426-8744-ba48c7880951	23	16
L'hanno appena visto.	They just saw him.	2867bfa5-0a2a-5c2f-a6b4-cada4e3d36e6	21	18
L'hanno appena vista.	They just saw her.	8193832f-6e5e-5142-930c-fbd985a67c43	21	18
Li ho appena visti.	I just saw them.	9b06efe1-8f2e-5eec-b5a8-1473f62d6647	19	16
Le ho appena viste.	I just saw them.	b0b42008-15b9-56c1-ad71-e9934b0f92dd	19	16
L'ho appena visto.	I just saw him.	034b9df1-8ea3-55ed-8c2a-476dfa0a9daf	18	15
Li ho visti oggi.	I saw them today.	1887ed17-d985-5c90-a71d-54285ac07a29	17	17
Le ho viste oggi.	I saw them today.	1df2ebfe-eaec-5e19-b503-153aef0655a7	17	17
L'ho visto oggi.	I saw him today.	d9a0f3ec-2e8a-512e-bda1-88bd1dbd07d7	16	16
L'ho vista oggi.	I saw her today.	3c81beaf-c82a-52b4-b5fa-ed8a5c4b3ae0	16	16
Li ho visti prima.	I saw them earlier.	6c0806dd-6e09-5899-9fbb-4d8299ebe74d	18	19
Le ho viste prima.	I saw them earlier.	486bab2e-77e1-56e7-b4e8-d2f749ae1728	18	19
Li ho visti morire.	I saw them die.	193516d8-ca13-5df7-aa3b-41dc5c0aa262	19	15
Le ho viste morire.	I saw them die.	b65c7ade-f212-5b0b-a0bf-5191778e5504	19	15
L'ho visto morire.	I saw him die.	19891396-2128-5028-82fb-b34d00e236ce	18	14
L'ho vista morire.	I saw her die.	8ff41d0d-5144-561a-8ad7-46b0edf2d431	18	14
Li ho visti piangere.	I saw them crying.	d76f4519-fa00-5504-9ae7-eef9fd9abf63	21	18
Le ho viste piangere.	I saw them crying.	ca311132-9462-5ee9-989f-85c53a48e015	21	18
Li ho visti arrossire.	I saw them blush.	389900de-be94-5577-b2ef-66f950e6df69	22	17
Le ho viste arrossire.	I saw them blush.	0d408558-ee2e-572e-8dfe-a80577ff4b24	22	17
L'ho visto arrossire.	I saw him blush.	45b6ec6c-197d-56d6-91fd-013ddb68fb7b	21	16
L'ho vista arrossire.	I saw her blush.	2b5d8f84-7bb0-5acf-b299-6a35715b4172	21	16
Possiamo salvarli?	Can we save them?	367bfb13-b61d-5869-977d-ad98b871513b	18	17
Possiamo salvarle?	Can we save them?	dfaae811-a8b1-5e72-8199-c7245940ec7a	18	17
Li possiamo salvare?	Can we save them?	51484869-99b8-5bd5-96ec-158e77822cc3	20	17
Le possiamo salvare?	Can we save them?	94230d6a-8e15-5ca4-a4ce-3f7e79190445	20	17
Riusciamo a salvarli?	Can we save them?	4a78970b-be67-58f3-8fc4-2ac7c3ee1d41	21	17
Riusciamo a salvarle?	Can we save them?	ae5dbfed-8da4-5ce0-9057-318a561cb23d	21	17
Li riusciamo a salvare?	Can we save them?	b26775e8-9800-5871-a85f-772a8c558286	23	17
Le riusciamo a salvare?	Can we save them?	fae5cba7-032b-5817-8dd0-0403fc46b5bf	23	17
Il mio passatempo è suonare il piano.	My hobby is playing the piano.	f36a3510-dc5c-5aea-9d3f-1a95eda5ac42	37	30
Il mio passatempo è suonare il pianoforte.	My hobby is playing the piano.	ff5d14a5-9ef8-5c26-a41e-d63679d517c5	42	30
Considero Tom il mio migliore amico.	I consider Tom to be my best friend.	b3d0c7fa-b7b0-518e-bcf5-db6f84fdbb69	36	36
Io considero Tom il mio migliore amico.	I consider Tom to be my best friend.	8023ee7c-c3ba-5f4b-bcdf-f0b68bc8ca87	39	36
Il centro commerciale è deserto.	The mall is deserted.	8706e53a-f02e-59db-a4b1-0eed1a4f1a4a	32	21
Scommetto che Tom sa la risposta.	I bet Tom knows the answer.	1d7141ee-aea3-54ed-b123-8e178322dce7	33	27
Tom sta aspettando tutti gli altri.	Tom is waiting for everyone else.	6fd56db0-c148-5d47-9dbd-3acb64c696ab	35	33
Non puoi fare tutto.	You can't do everything.	a9e457d0-ab00-5d98-95e6-55c4036e7924	20	24
Non può fare tutto.	You can't do everything.	f170f85b-9a9f-55c2-baf1-c980e031dfa4	19	24
Non potete fare tutto.	You can't do everything.	ff2504b9-c3c7-5d7b-b65b-4e716e8b2a9a	22	24
Tom chiese le nostre opinioni.	Tom asked us for our opinions.	7725f0f6-951d-5674-8496-5fe5b7e83d5f	30	30
Non stai aiutando molto.	You're not helping very much.	b287621d-6642-50f2-b737-a7491b191297	24	29
Non sta aiutando molto.	You're not helping very much.	9feb3978-a52c-5fc2-9647-ba0fe1f642fb	23	29
Non state aiutando molto.	You're not helping very much.	962a972f-8687-5cf4-a062-0f496db2db63	25	29
Questa è colpa mia?	Is this my fault?	82caf613-e123-56dc-ac31-864ea1846efe	19	17
Sto pensando di cambiare lavoro.	I'm thinking about changing jobs.	c4157911-09d8-5129-bffd-a45a8b5de378	32	33
Io sto pensando di cambiare lavoro.	I'm thinking about changing jobs.	fad73d2b-ce68-5c48-9f9c-b9961a54d137	35	33
Tom deve averlo fatto ieri.	Tom must've done it yesterday.	3be6f1bc-ec45-5b66-97a4-64e507908339	27	30
Tom deve averla fatta ieri.	Tom must've done it yesterday.	fea38008-7a76-57c1-8279-e54e255d5f5d	27	30
Tom lo deve avere fatto ieri.	Tom must've done it yesterday.	5f450eb1-8f81-51cb-9306-9cf18656db31	29	30
Tom la deve avere fatta ieri.	Tom must've done it yesterday.	9cc7b5c0-b3f9-5eb6-bb26-e1b726ef91ad	29	30
Ti è stato detto di fare così?	Were you told to do so?	1544ab5b-8fdc-5b62-bea6-7784af241581	30	23
Vi è stato detto di fare così?	Were you told to do so?	bca19aaf-cb5c-5b6f-92c1-430acc1b3145	30	23
Le è stato detto di fare così?	Were you told to do so?	af62b4a6-d242-5833-b276-8a702f8a167c	30	23
La barzelletta è su di lui.	The joke is on him.	4fc91762-a891-59f4-99a2-f25397f5601d	27	19
La battuta è su di lui.	The joke is on him.	bed71163-3ed3-501a-8bad-bf31c7cbda86	23	19
Volevo fermarli.	I wanted to stop them.	a8a68023-5674-50bb-87fc-7d65e6fe49cd	16	22
Io volevo fermarli.	I wanted to stop them.	6fc055bf-0b04-50cb-a0f4-546bb50dc774	19	22
Volevo fermarle.	I wanted to stop them.	ac428750-35f1-57f7-9eac-9acc7de6a38c	16	22
Io volevo fermarle.	I wanted to stop them.	a5a91f9b-eb6d-5dab-9c06-aa1042ed2133	19	22
Li volevo fermare.	I wanted to stop them.	642bfc77-19ef-59de-907e-663f56902fe7	18	22
Io li volevo fermare.	I wanted to stop them.	b5c6de57-c709-5fee-80c1-2282cc0fb18f	21	22
Le volevo fermare.	I wanted to stop them.	fb2ba9f0-e565-596c-8af6-ec4a358ad883	18	22
Io le volevo fermare.	I wanted to stop them.	628ca4cd-318f-53df-b315-b32aa0551526	21	22
Non voglio parlare con loro.	I don't want to talk to them.	8a75e8a8-ea18-58d4-bc62-706ef1f04e8b	28	29
Io non voglio parlare con loro.	I don't want to talk to them.	268d761f-f7d0-53a7-af3f-27fc9fafd667	31	29
Dovremmo lasciarli riposare.	We should let them rest.	69e7ac3a-5d9d-5f32-978a-c26a9277558e	28	24
Dovremmo lasciarle riposare.	We should let them rest.	0539f402-f67a-58be-af81-ef29dd61c8e3	28	24
Li dovremmo lasciare riposare.	We should let them rest.	a3707beb-03b3-5d2b-9adb-0ad10b63013b	30	24
Le dovremmo lasciare riposare.	We should let them rest.	02373b09-8b32-5426-ae49-127ac0bdde72	30	24
Non la voglio nella mia macchina.	I don't want her in my car.	e7a713d2-a43c-5d16-94e4-4eb8ff784aa7	33	27
Non lo voglio nella mia macchina.	I don't want him in my car.	02153132-cdfd-5254-876d-80a749b38aa6	33	27
Sono molto popolare.	I'm very popular.	31d194c7-2f94-575b-99d4-1bf45fcd759b	20	17
Io sono molto popolare.	I'm very popular.	35102bb3-6943-51d2-be48-5b4a3b4c5d9a	23	17
Sono molto intelligente.	I'm very clever.	2bc8c3b9-a566-5f09-aef7-dadedb7e0e2f	24	16
Io sono molto intelligente.	I'm very clever.	f3a8e1e1-8097-5f75-b15e-f2aac458ad93	27	16
Sono molto a mio agio.	I'm very comfortable.	517c0633-0827-5375-8042-9cb231003a03	22	21
Io sono molto a mio agio.	I'm very comfortable.	61249335-7891-58d3-8453-cc24af08933d	25	21
Sono molto imbarazzato.	I'm very embarrassed.	0a998a43-d815-501e-ae08-8f42d0401415	23	21
Io sono molto imbarazzato.	I'm very embarrassed.	051bc354-3ddb-5ba2-a250-90ee91ebfd8c	26	21
Sono molto sicuro di me.	I'm very confident.	d3c1fb03-6367-519d-add5-8e35b2880d1c	24	19
Io sono molto sicuro di me.	I'm very confident.	b46302a2-6936-5594-99cc-748eacd27ff9	27	19
Sono molto sicura di me.	I'm very confident.	b2b0630a-88b5-550a-8440-db9cd6f37886	24	19
Io sono molto sicura di me.	I'm very confident.	ae0a3e38-6c7d-508d-97c1-13ee4bf0f856	27	19
Sono molto emozionato.	I'm very excited.	cc7db376-a58b-5f51-a70d-85dc6a5630aa	22	17
Io sono molto emozionato.	I'm very excited.	e2d39d39-5eb8-59f2-b9de-b5d6b517cac6	25	17
Sono molto emozionata.	I'm very excited.	c82b2384-2491-5259-b5bc-20ce2b1df86b	22	17
Io sono molto emozionata.	I'm very excited.	e6a51a4b-2b83-5cbf-8d62-af39864eee56	25	17
Sono molto modesto.	I'm very modest.	990517be-91b1-5792-be1c-1154831a2070	19	16
Io sono molto modesto.	I'm very modest.	f9da40e5-8f53-518b-817f-73cfd4811650	22	16
Sono molto modesta.	I'm very modest.	e65e80ac-338e-5940-97f7-14cf3b8197bd	19	16
Io sono molto modesta.	I'm very modest.	caf8e368-fea3-5db1-9987-f649d29d938f	22	16
Sono molto depresso.	I'm very depressed.	157d9fdc-912e-5f88-9a9c-c50a51739ce8	20	19
Io sono molto depresso.	I'm very depressed.	1583f5bc-8876-5b50-b37f-d4b0c1b6c902	23	19
Sono molto depressa.	I'm very depressed.	0cac379d-a4ee-5234-9638-3e6bf84a6368	20	19
Io sono molto depressa.	I'm very depressed.	095b131e-a425-5f12-a4d2-a2bbbe685500	23	19
Sono molto compiaciuto.	I'm very pleased.	c985b6f3-77e2-53dd-809b-2a143ff9ee25	23	17
Io sono molto compiaciuto.	I'm very pleased.	9b7c4401-3828-5986-a2ff-e3ae27d8b5e3	26	17
Sono molto compiaciuta.	I'm very pleased.	019efb01-dca3-5967-9738-4539b8b07fa2	23	17
Io sono molto compiaciuta.	I'm very pleased.	826c22c8-4f5b-5e41-bff8-af3d34ea9813	26	17
Sono molto sorpreso.	I'm very surprised.	5eb9ea2c-3eb5-5b8e-bf63-7d41d0363643	20	19
Io sono molto sorpreso.	I'm very surprised.	ef13d2ba-7d24-50ce-b2b2-79462675a052	23	19
Sono molto sorpresa.	I'm very surprised.	2cbea097-b94f-59c7-8c72-d100d665ae2f	20	19
Io sono molto sorpresa.	I'm very surprised.	dae29275-ae34-57c9-9f4d-f52f48aa705e	23	19
Sono molto rigido.	I'm very strict.	3fb4a825-f730-560a-9a44-54e2f7cdf453	18	16
Io sono molto rigido.	I'm very strict.	fd75bdba-22b7-5421-b9d2-d66bd370f47e	21	16
Sono molto rigida.	I'm very strict.	f25c8902-0d80-523a-8ecc-9b450e1fa8d5	18	16
Io sono molto rigida.	I'm very strict.	66b0654e-391a-5b45-a9e2-cbd0205139df	21	16
Sono molto severo.	I'm very strict.	505297ca-3e3e-5dca-90a8-1a932f3419da	18	16
Io sono molto severo.	I'm very strict.	216a461c-8d07-50c1-973e-9147edcffa88	21	16
Sono molto severa.	I'm very strict.	cba59916-2082-5ee5-9968-38a4746def5f	18	16
Io sono molto severa.	I'm very strict.	d32b5cd8-f28c-59ea-bf21-20ed0ed583cd	21	16
Sono molto rigoroso.	I'm very strict.	abc11f7e-f916-54a3-9b46-aa8d80891fd5	20	16
Io sono molto rigoroso.	I'm very strict.	5318c1bf-7d32-5dd7-81f1-775c41281544	23	16
Sono molto rigorosa.	I'm very strict.	5a635410-614f-52ec-8f64-cc0883955e0b	20	16
Io sono molto rigorosa.	I'm very strict.	5303da53-29c1-50dd-a44e-5f564756ee49	23	16
Non sono molto buono.	I'm not very good.	8306bcee-8970-58a4-9c60-e4d7b6abbb35	21	18
Io non sono molto buono.	I'm not very good.	4e743413-27e5-5b91-aa50-1f472f74a983	24	18
Non sono molto buona.	I'm not very good.	ab20925b-0cd6-55a9-9dc3-b5b7b525522b	21	18
Io non sono molto buona.	I'm not very good.	59e7f704-1517-578b-943f-236406e02f29	24	18
Non sono molto bravo.	I'm not very good.	aee805f4-a979-54f3-a2bf-1213ba610397	21	18
Io non sono molto bravo.	I'm not very good.	ee3949b6-c69f-5d73-8289-aa9199b26731	24	18
Non sono molto brava.	I'm not very good.	f3a96cc1-65b7-51c1-9caa-f6fbd43cd4cb	21	18
Io non sono molto brava.	I'm not very good.	7205e9f8-238a-5b67-a35f-c502572067c1	24	18
Ho molta fame oggi.	I'm very hungry today.	55a943a5-77c8-59b4-afdc-78c184358724	19	22
Io ho molta fame oggi.	I'm very hungry today.	9fe28521-c031-5229-a301-dae536235701	22	22
In realtà sono molto impegnato.	I'm actually very busy.	988a4b78-d699-5464-b401-46a311ab4259	31	23
In realtà sono molto impegnata.	I'm actually very busy.	2feff5b9-d178-5f3f-8fe1-ab1af96797d5	31	23
In realtà sono molto occupato.	I'm actually very busy.	f503bd72-0ccd-5a1b-bb4a-0acac954005d	30	23
In realtà sono molto occupata.	I'm actually very busy.	83f55402-d77b-59cc-a7c2-4e8ddc811969	30	23
Io sono molto stanco.	I'm very tired.	20d4484a-d0a7-5d2e-80f0-3b3d4c54a7b2	21	15
Io sono molto stanca.	I'm very tired.	8d0864fc-114a-534d-93f3-c389f9edb0b7	21	15
In realtà sono molto felice.	I'm actually very happy.	b3f49c82-3214-580f-8430-97090ede9405	28	24
Sono molto impegnato qui.	I'm very busy here.	a7e826cf-e453-5780-ae0a-3b72ba9550b4	25	19
Sono molto impegnata qui.	I'm very busy here.	6077d0b3-4901-59e0-9e2e-c2ab50bffa99	25	19
Sono molto occupato qui.	I'm very busy here.	8c92c806-81c8-5131-9540-cd8a2a77ddfb	24	19
Sono molto occupata qui.	I'm very busy here.	16ab2908-a259-5f1a-ad2f-c3f1ec740a07	24	19
Non sono molto educato.	I'm not very polite.	5e9d37d6-0089-5397-a63a-34d08ba19664	23	20
Non sono molto educata.	I'm not very polite.	6da4f97e-37fa-57e9-82a4-214fc4d908e7	23	20
Io non sono molto educato.	I'm not very polite.	910c895b-25a5-5e39-b541-ed16ecd8f21f	26	20
Io non sono molto educata.	I'm not very polite.	1c5e8bc2-ad1e-5469-9aa2-55e44581603a	26	20
Sono ancora molto spaventato.	I'm still very scared.	3b2a68de-364c-53f3-af86-555c616bcc2e	29	22
Sono ancora molto spaventata.	I'm still very scared.	54885a55-3e7f-5cac-8227-2c1907db966d	29	22
Non ho molta fame.	I'm not very hungry.	e6b86f71-1b8c-5f93-9de8-57feb9cd740c	18	20
Io non ho molta fame.	I'm not very hungry.	3a227e1d-c2db-54be-9662-6a9141b48266	21	20
Sono molto impegnato ora.	I'm very busy now.	8fb32114-3d00-52df-a6b2-154300d0c908	25	18
Sono molto impegnato adesso.	I'm very busy now.	dd97b5a3-f013-51cb-8a91-b8df5ba764a6	28	18
Sono molto impegnata ora.	I'm very busy now.	5c8f33c7-cf89-5ec8-871f-67bd371d212a	25	18
Sono molto impegnata adesso.	I'm very busy now.	13d5cc44-3e17-5e4e-8c9d-e874b8e37edf	28	18
Sono molto occupato ora.	I'm very busy now.	24873ef0-8de0-5f1e-9f7e-d8905baf4bb4	24	18
Sono molto occupato adesso.	I'm very busy now.	36c64ca1-84ca-5575-aa19-2d5eb742c50e	27	18
Sono molto occupata ora.	I'm very busy now.	130d5bc0-fdff-582d-9690-356c265d2bf8	24	18
Sono molto occupata adesso.	I'm very busy now.	b5c6c068-242a-5151-ac09-49568246983a	27	18
Sono molto assonnato.	I'm very sleepy.	40388775-789f-551a-8f80-3dd56727b983	21	16
Io sono molto assonnato.	I'm very sleepy.	7e7f035e-6c69-5762-8e21-ec22f44e85f0	24	16
Sono molto assonnata.	I'm very sleepy.	8cfc4f39-4d21-5ece-91c8-0f56cd650ddd	21	16
Io sono molto assonnata.	I'm very sleepy.	0baf91e0-1b5b-55c9-8b6a-3f41c320322b	24	16
L'ho già incontrata.	I've already met her.	2f4ed00f-48aa-53d4-9435-954ac79a2b56	20	21
L'ho già conosciuta.	I've already met her.	63ec1d10-1e22-5f49-b5e5-acd198f726e9	20	21
L'ho già conosciuto.	I've already met him.	968f67bb-8c1e-54a9-919e-548cf67f7190	20	21
Sono molto turbato.	I'm very upset.	24b5e01f-bcc6-504e-b4e7-c2017216b6f0	19	15
Io sono molto turbato.	I'm very upset.	6835e76a-8c09-53ad-a707-8bac8bd50ad9	22	15
Sono molto turbata.	I'm very upset.	f3e655f7-7169-5739-8adc-a59878404584	19	15
Io sono molto turbata.	I'm very upset.	bd3570da-7b46-5650-b9ba-709d148f745b	22	15
Sono molto nervoso.	I'm very nervous.	ce5100c5-9749-50a7-9b30-5441055a6cbc	19	17
Io sono molto nervoso.	I'm very nervous.	c891ce0f-08c2-5737-a1bd-1092fa511be1	22	17
Sono molto nervosa.	I'm very nervous.	f026d4ae-d181-55ef-801b-f84805f5f550	19	17
Io sono molto nervosa.	I'm very nervous.	c142dfc0-99a3-5c62-b992-a2b3349da181	22	17
Sono molto rapido.	I'm very quick.	5281b6e6-a48f-50cc-9e20-e9daabc622b7	18	15
Io sono molto rapido.	I'm very quick.	4a00f0d3-eba7-53fe-8ebb-cd87623ad6aa	21	15
Sono molto rapida.	I'm very quick.	613a5985-f72d-5024-8a89-7369c01b9d28	18	15
Io sono molto rapida.	I'm very quick.	af828fb1-bb25-59cf-97f9-309f81f973bc	21	15
Sono molto soddisfatto.	I'm very satisfied.	d3192439-6e4a-5cce-a5ce-504368614560	23	19
Sono molto soddisfatta.	I'm very satisfied.	a761c902-2876-556b-ab4b-f51c7dbcef3c	23	19
Io sono molto soddisfatta.	I'm very satisfied.	43a5771d-bf4b-5df6-b642-ce523afa0c96	26	19
Sono molto di successo.	I'm very successful.	f09b2c42-429f-5937-85f9-fc2e5d2891a4	23	20
Io sono molto di successo.	I'm very successful.	7f48a304-cd6e-5c80-84e1-11a577619eb4	26	20
Sono molto scioccato.	I'm very shocked.	5ade3ed6-9c24-5f3b-b005-aecf5f73d6ea	21	17
Io sono molto scioccato.	I'm very shocked.	db32eae1-5bfc-58e3-b6bc-a0fedf9ed38c	24	17
Sono molto scioccata.	I'm very shocked.	7bdee254-5257-5892-a176-7da953632502	21	17
Io sono molto scioccata.	I'm very shocked.	a2bd3eb4-a637-5ddf-83a0-affe185a0c3b	24	17
Non sono molto impegnato.	I'm not very busy.	fef2b17f-d246-51aa-977c-a627f15e79d3	25	18
Non sono molto impegnata.	I'm not very busy.	a98cae32-f2ca-5954-aa92-803def4a51bb	25	18
Non sono molto occupato.	I'm not very busy.	ba5947fc-49db-548f-8bc1-10ee485a173c	24	18
Non sono molto occupata.	I'm not very busy.	396c1092-7e05-53d3-93b6-d8ebd3723ffc	24	18
Sono molto felice per lei.	I'm very happy for her.	a23a9028-c2bb-5ac4-ab81-989c73fdff92	26	23
Io sono molto felice per lei.	I'm very happy for her.	54a3490a-563c-5f05-9052-5268f1ffd0a8	29	23
Non sono molto bravo a scacchi.	I'm not very good at chess.	457b604f-4665-5b00-a687-8a39dacda224	31	27
Io non sono molto bravo a scacchi.	I'm not very good at chess.	2ce185c5-caac-5847-bfc2-217087b2bc24	34	27
Non sono molto brava a scacchi.	I'm not very good at chess.	1ac27f80-1d96-51a9-853e-49fbb944b575	31	27
Io non sono molto brava a scacchi.	I'm not very good at chess.	18fd8831-7af0-5498-976e-3d89fead4819	34	27
Sono molto impegnato qui dentro.	I'm very busy in here.	8363389c-5cf5-51e2-84e8-10b7ef004ff8	32	22
Sono molto impegnata qui dentro.	I'm very busy in here.	1f8ce7e8-28f0-555b-b8be-fa45b1a7a543	32	22
Sono molto occupato qui dentro.	I'm very busy in here.	a25ced48-50c2-5323-bb16-46f0f1015ae7	31	22
Sono molto occupata qui dentro.	I'm very busy in here.	08cee92e-bf27-5745-bdb8-412575005aa4	31	22
Sono molto allergico alle arachidi.	I'm very allergic to peanuts.	6a49e2bc-f0e0-588a-81c6-9bee6f869667	35	29
Io sono molto allergico alle arachidi.	I'm very allergic to peanuts.	f7357c17-4349-5f5b-8a93-0cd2a385b780	38	29
Sono molto allergica alle arachidi.	I'm very allergic to peanuts.	3170248a-eabb-5e9b-9dec-ac93483a541a	35	29
Io sono molto allergica alle arachidi.	I'm very allergic to peanuts.	2f46ddb5-0e4f-5e0c-bf3a-c96c63badf8b	38	29
Junko è una bella ragazza.	Junko is a beautiful girl.	1034cc1c-d078-5146-adad-8ff8b87673cc	26	26
Continuo a pensare a lei.	I keep thinking about her.	4e6d2159-7e0c-5ce4-b89c-52803fc8173a	25	26
Io continuo a pensare a lei.	I keep thinking about her.	2bfb09ef-ff59-50ab-be6d-cae1fd89b7d3	28	26
Non l'ho detto a nessuno, neanche a Tom.	I haven't told anyone, not even Tom.	d2553486-1ecf-53e8-b68a-d4d1438f0680	40	36
Io non l'ho detto a nessuno, neanche a Tom.	I haven't told anyone, not even Tom.	37f9c50f-9c96-5cf2-a023-ec176d1c4d9e	43	36
Non l'ho detto a nessuno, neppure a Tom.	I haven't told anyone, not even Tom.	f29dde82-5031-5fb0-a8a1-39ced03bda38	40	36
Io non l'ho detto a nessuno, neppure a Tom.	I haven't told anyone, not even Tom.	b5961e94-4ff5-5512-adbb-c24e47fa2132	43	36
Non l'ho detto a nessuno, nemmeno a Tom.	I haven't told anyone, not even Tom.	d64f93a4-b3f0-5cbe-b8ea-c73bc020aa76	40	36
Io non l'ho detto a nessuno, nemmeno a Tom.	I haven't told anyone, not even Tom.	90d9d77e-d8a5-558e-9eb3-4388acbd8628	43	36
Cos'è l'ISIS?	What is ISIS?	747585c5-e361-5deb-b643-20108fb1894a	13	13
Che cos'è l'ISIS?	What is ISIS?	64523651-9f90-5bfe-834a-dcc05cb52a99	17	13
Mostra loro la rivista.	Show them the magazine.	0bb175a1-e011-5c9d-b2e7-36210d86dcb1	23	23
Mostrate loro la rivista.	Show them the magazine.	2dd3937e-8c24-59ca-8517-aaaaba55e715	25	23
Mostri loro la rivista.	Show them the magazine.	49174051-0e9e-5a37-9b75-4017793a1b53	23	23
Mostrami la rivista.	Show me the magazine.	9a012f10-daae-567f-a11c-f8b5d4c0bbd2	20	21
Mostratemi la rivista.	Show me the magazine.	3b6e0712-69d6-562e-85da-65bdc7814573	22	21
Mi mostri la rivista.	Show me the magazine.	38d3ada1-5453-500d-8efa-108a2b340935	21	21
Bevo caffè.	I drink coffee.	41e140ef-7abf-5a3b-9a3d-4c2fd5250ffa	11	15
Io bevo caffè.	I drink coffee.	31d1bbb8-ef5c-5c5b-b145-284d3ff6db46	14	15
Mostragli la rivista.	Show him the magazine.	581214bd-1992-54e0-84ce-e89acd83821b	21	22
Gli mostri la rivista.	Show him the magazine.	0dfc77fe-ad87-5aea-8182-08008867e290	22	22
Mostrategli la rivista.	Show him the magazine.	d18c72c5-d095-5587-bc95-4c70b9e5ee96	23	22
Mostrale la rivista.	Show her the magazine.	321a1a21-03e2-58fe-9ee4-8eed71269cb9	20	22
Le mostri la rivista.	Show her the magazine.	fde0e73b-cf92-5302-894c-97477e5e1012	21	22
Mostratele la rivista.	Show her the magazine.	192f25bf-b19f-5113-b275-5dfee0a7b1ea	22	22
Li ho mandati a casa.	I sent them home.	fa454629-1352-5ecb-b929-2f5876d63cb6	21	17
Le ho mandate a casa.	I sent them home.	8e2a6a4b-b455-55e5-9cbd-f2e7c8f314ae	21	17
Li ho mandati via.	I sent them away.	c73136d8-5bd6-5010-9557-d88f544e7f9d	18	17
Le ho mandate via.	I sent them away.	5c50d312-0a21-59e9-9bb0-cb28b685fddd	18	17
L'ho mandato via.	I sent him away.	4e32b41a-db12-5778-9777-3309fd405bb9	17	16
L'ho mandata via.	I sent her away.	4e36e2dd-b778-5ca5-9141-b207c202dec0	17	16
Li ho visti sorridere.	I saw them smile.	9ca2b1a8-3190-5d8e-9b3e-25124325d9a7	22	17
Le ho viste sorridere.	I saw them smile.	b53b7df5-29b8-5d30-8d28-bfb8f2cf2b52	22	17
L'ho visto cadere.	I saw him fall.	c025fb71-2ab0-5b71-914d-5ac357a79f2a	18	15
L'ho vista cadere.	I saw her fall.	837914e0-325f-5df5-825e-7a41f5807311	18	15
Puoi salvarli?	Can you save them?	d182a39c-4c7f-5dd5-aaf2-ccccbf3ec036	14	18
Puoi salvarle?	Can you save them?	44c0d2b2-a151-53f9-a2fa-52786edc39c5	14	18
Può salvarli?	Can you save them?	d2dc9eed-a8f3-538f-8de3-985d2b539925	13	18
Può salvarle?	Can you save them?	49f98df4-a378-5562-b5e1-d11107babcc0	13	18
Potete salvarli?	Can you save them?	7f5ab606-dbc7-5d98-a895-7bf061096378	16	18
Potete salvarle?	Can you save them?	01df760e-06b0-5626-8d7f-8cba93283b77	16	18
Li puoi salvare?	Can you save them?	c473f081-d24f-5709-832d-a22737670949	16	18
Le puoi salvare?	Can you save them?	3cb3b53e-d86f-5e71-b73b-6bbcba5126bb	16	18
Li potete salvare?	Can you save them?	e7042380-b780-55f9-a1fe-f8bbd385fd41	18	18
Le potete salvare?	Can you save them?	1febf217-8bf0-595f-b0ef-e3887d2749a8	18	18
Li può salvare?	Can you save them?	85d34591-9521-520f-8866-7141adb7d417	15	18
Le può salvare?	Can you save them?	509b942f-0f9c-5fa5-960c-9a8a3a7c8233	15	18
Riesci a salvarli?	Can you save them?	b2c86797-728c-52bd-9c5e-72033e7b4e2b	18	18
Riesci a salvarle?	Can you save them?	4e78aecb-3bc1-556c-afb4-c040914309b5	18	18
Riesce a salvarli?	Can you save them?	e8c3d916-c9f2-5c72-bb24-43cd11a3f121	18	18
Riesce a salvarle?	Can you save them?	1b3591e0-7dcb-5027-8c88-f5860ba49d71	18	18
Riuscite a salvarli?	Can you save them?	51d234c3-1f94-53fc-b4f7-865dd7a45a4d	20	18
Riuscite a salvarle?	Can you save them?	0f668834-e670-5538-a5ed-b98cd31d4fc8	20	18
Li riesci a salvare?	Can you save them?	54434f71-0402-5240-94e6-b8dfa8fb2df5	20	18
Le riesci a salvare?	Can you save them?	6759f760-4cca-56e1-a624-54eefc6b490c	20	18
Li riesce a salvare?	Can you save them?	115b820e-2857-580d-9db1-88a2913dcae9	20	18
Le riesce a salvare?	Can you save them?	a277a802-23f6-5f6d-b804-2a47d767d8e0	20	18
Li riuscite a salvare?	Can you save them?	3b7e6c90-a3f7-59ea-af46-65448aeba629	22	18
Le riuscite a salvare?	Can you save them?	38aea341-3a9b-52d4-8f7a-dcbc7815a4bf	22	18
Possiamo salvarlo?	Can we save him?	63669149-8c1c-57d1-be71-cd2674a4ed51	18	16
Lo possiamo salvare?	Can we save him?	08e57504-e022-516b-8621-21a57b3c8b8f	20	16
Riusciamo a salvarlo?	Can we save him?	71b11b7a-2d09-5ba5-95c5-1340ec6eaa92	21	16
Lo riusciamo a salvare?	Can we save him?	bae55aab-b226-5436-b3f8-84573b350fe3	23	16
Possiamo salvarla?	Can we save her?	e8592773-c0eb-5f84-ac32-eaf3aa3b6680	18	16
La possiamo salvare?	Can we save her?	4076269b-211e-564b-a05c-f4a575df31c8	20	16
Riusciamo a salvarla?	Can we save her?	d2bbd3fa-ac75-5011-8ce0-ed50da079ff4	21	16
La riusciamo a salvare?	Can we save her?	99adbc86-74ac-543c-811b-0cde0428d6f4	23	16
Bevo 1,7 litri d'acqua ogni giorno.	I drink 1.7 liters of water each day.	6a6a0b6b-0429-5bde-a228-20adc41cc8c9	35	37
Io bevo 1,7 litri d'acqua ogni giorno.	I drink 1.7 liters of water each day.	c40c1e1e-8cc4-5664-a1c4-9f3748c7cc64	38	37
Devi salvarli.	You must save them.	7c68e076-7447-55c1-a95f-93ca94d81da3	14	19
Devi salvarle.	You must save them.	d576526c-8c93-54a2-b10d-9ebc3c7154e0	14	19
Li devi salvare.	You must save them.	9adefe04-9176-51ff-aca0-1beb84b422c0	16	19
Le devi salvare.	You must save them.	e9ebf0d0-793b-5555-8ce2-718502616463	16	19
Deve salvarli.	You must save them.	74ff0c7c-6fb1-5721-9c76-1edc5bf7e2ad	14	19
Deve salvarle.	You must save them.	43effcce-8e37-545e-b6ed-4f82c26078aa	14	19
Li deve salvare.	You must save them.	af6b2b56-14d0-561e-81ca-b824572ad96d	16	19
Le deve salvare.	You must save them.	51270ca8-c44d-5423-a6b7-67cd3daa9981	16	19
Dovete salvarli.	You must save them.	c328cf91-55cc-5839-9122-4b5b114a145c	16	19
Dovete salvarle.	You must save them.	3864f39b-7da5-5041-bba4-eccd5aec1306	16	19
Li dovete salvare.	You must save them.	2d8cb2a0-40ef-58ac-a15e-b7bd91f22cd9	18	19
Le dovete salvare.	You must save them.	20c07497-ff6a-5460-ae63-389e634b5636	18	19
Devi salvarmi.	You must save me.	c8806e8f-62bd-58b3-83eb-83b5b2370a7e	14	17
Mi devi salvare.	You must save me.	3f438b5c-ce23-52cb-8366-68ed0a936d6c	16	17
Deve salvarmi.	You must save me.	46874643-a6bf-5e4e-93f3-222f0829cc1b	14	17
Mi deve salvare.	You must save me.	0a4c5ddc-04ca-59ad-a3fe-f769ef454ff3	16	17
Dovete salvarmi.	You must save me.	ae2fa30e-be22-5a1d-a761-fde8522be6bb	16	17
La sostituirò.	I'll replace her.	b0b7ef21-2c0e-518c-acf8-5341f1375402	14	17
Lo sostituirò.	I'll replace him.	3125c317-e29e-5321-879a-e433b830789f	14	17
Ora la rappresento.	I now represent her.	d95d44aa-d958-5436-862a-02e6edbf7e93	19	20
Adesso la rappresento.	I now represent her.	8c7ec7c4-e861-5cc8-9344-be6584c1c0a4	22	20
Ora lo rappresento.	I now represent him.	5f632162-edfc-5cc9-97c9-f1e18bd53041	19	20
Adesso lo rappresento.	I now represent him.	11ad181a-bfc9-547e-8384-926920a8f067	22	20
Ora li rappresento.	I now represent them.	0808ea46-14fd-57c6-acfd-0866096cfcf6	19	21
Ora le rappresento.	I now represent them.	8a944c7d-d7f2-5d4d-b875-ae65d7e56dc0	19	21
Adesso li rappresento.	I now represent them.	b10c0bea-26fd-5033-a9bf-2b9ab4a5aa17	22	21
Adesso le rappresento.	I now represent them.	c14f4958-77c1-5781-90b6-3e900909057e	22	21
La rispetto ancora.	I still respect her.	c54161a6-adab-5d31-af35-96df6cee712d	19	20
Io la rispetto ancora.	I still respect her.	88ee13d5-3d8c-55b4-9da9-e94dc35dfee1	22	20
Lo rispetto ancora.	I still respect him.	519f7112-de23-5c73-a659-fd5939ef2e97	19	20
Io lo rispetto ancora.	I still respect him.	4fbdd1ab-0231-54da-a300-da0ca7473189	22	20
Li rispetto ancora.	I still respect them.	de178837-3fce-51f0-80f3-7cfeb02b6309	19	21
Io li rispetto ancora.	I still respect them.	e53203d6-5e19-5b77-bc4b-c59069079254	22	21
Le rispetto ancora.	I still respect them.	b5073cbe-4ea9-5246-8005-57628886505b	19	21
Io le rispetto ancora.	I still respect them.	39e5162a-a2ea-52f4-90a8-ea767754b287	22	21
Li salverò.	I'll save them.	02f251e8-ea5c-5b80-8728-13f173d6a1a8	11	15
Io li salverò.	I'll save them.	88958c9c-d949-54c3-94c1-3ac6574a2a14	14	15
Le salverò.	I'll save them.	50d98901-9585-5420-8ae1-5b82891d0590	11	15
Io le salverò.	I'll save them.	c3d6fde9-f400-5d49-a12f-1535532c4b4e	14	15
Devi salvarci.	You must save us.	040248bb-d95c-5855-a173-4438f5bb2dd1	14	17
Ci devi parlare.	You must save us.	cc536678-be72-5f84-9b9c-4eaee09d5888	16	17
Ci deve salvare.	You must save us.	5451a84e-fc8e-5b56-9887-93a8d802ce21	16	17
Deve salvarci.	You must save us.	b7793524-d432-5507-8028-4b6d09ba9ff2	14	17
Dovete salvarci.	You must save us.	3ee625a7-a0e9-5426-b4e7-a146fd79ff4b	16	17
Ci dovete salvare.	You must save us.	6af28aa3-bbaf-5baf-a7d9-89539e068de2	18	17
L'ho visto stasera.	I saw him tonight.	604b551f-5552-5b82-83a3-69e19559b50a	19	18
L'ho visto questa sera.	I saw him tonight.	10eb8b09-1729-5b8c-8d4a-e63c2c9025d5	23	18
L'ho vista stasera.	I saw her tonight.	f15834d1-e400-52bf-8f08-ad41b4ff7243	19	18
L'ho vista questa sera.	I saw her tonight.	c5d88ed4-300c-5a49-bf56-97198e7933c0	23	18
Ti ho visto sorridere.	I saw you smile.	d1ea4791-5a13-555e-acad-49fda0f39ebf	22	16
Ti ho vista sorridere.	I saw you smile.	d9c16646-c8fd-5435-a48d-ed66ea2e261c	22	16
Vi ho visti sorridere.	I saw you smile.	cd7bfeea-7dd7-55e6-808e-187fc1c81ae7	22	16
Vi ho viste sorridere.	I saw you smile.	d2c8a4b4-f008-504c-a96d-9dafef45ed80	22	16
Li ho visti partire.	I saw them leave.	c5b9dfa5-5ecd-5be2-8ab5-f88628c605b4	20	17
Le ho viste partire.	I saw them leave.	b53393f9-155e-54de-b727-9f06d71d7e1c	20	17
L'ho visto partire.	I saw him leave.	aabb7566-6cd9-5dc0-a5cc-63f32d9555f6	19	16
L'ho vista partire.	I saw her leave.	f6502b86-f22c-5698-97ea-dce00752d5a2	19	16
L'ho visto fare l'occhiolino.	I saw him blink.	4a108f4c-bc16-55ce-9d00-12fa73b4ed8f	29	16
L'ho vista fare l'occhiolino.	I saw her blink.	2560ecf5-e65b-5e46-96e4-b4bb9b07cd50	29	16
Chiedilo tu a loro.	Ask them yourself.	9d107fe1-2ad6-593d-9995-9061550751e9	19	18
Lo chieda lei a loro.	Ask them yourself.	c6514f3e-8d4f-524f-bdcf-57ccd4e15f13	21	18
Gliel'ho detto io.	I told him myself.	71c199eb-f684-5bc8-868b-80fb91e074b2	18	18
L'ho detto io a lui.	I told him myself.	ab89fa87-e408-51df-bc45-1b94c35d1dbf	20	18
L'ho detto io a loro.	I told them myself.	fb05aa85-3901-5165-bb4f-b86d98e72e29	21	19
L'ho detto io a lei.	I told her myself.	532470ad-0a2e-58b2-8d48-bf64cbd6934e	20	18
Chiediglielo tu.	Ask him yourself.	9143d88c-b804-515c-98bb-8ac31d052ad6	16	17
Glielo chieda lei.	Ask him yourself.	1649e40c-f6b7-5b74-90c8-308509506afb	18	17
Chiedilo tu a lei.	Ask her yourself.	ade7edf2-e473-53aa-9755-94f4a10ea14d	18	17
Facci vedere le mani.	Show us your hands.	be7e82d4-41e0-512b-afe9-1809fe32bab2	21	19
Ci faccia vedere le mani.	Show us your hands.	98dc761e-15a7-5154-b8f2-829893dd4954	25	19
Fateci vedere le mani.	Show us your hands.	40aa6852-aa0a-5816-9125-58f9e7db429d	22	19
Fai vedere a loro le mani.	Show them your hands.	1d5fefe4-3ad5-5730-8952-df220e626302	26	21
Faccia vedere a loro le mani.	Show them your hands.	175cbfa2-bb60-5a2b-a360-06fccaa57d28	29	21
Fate vedere a loro le mani.	Show them your hands.	6b2b8f02-c70f-59ed-aa76-b875073f2fc0	27	21
Gli metterai paura.	You'll spook him.	f0aba7d9-7c8e-536b-9bc3-93be776e968b	19	17
Gli metterà paura.	You'll spook him.	9ed0e5f2-5038-511b-8233-4b0ea4da6dd3	18	17
Gli metterete paura.	You'll spook him.	a9ed2241-9984-5738-b1eb-663e8f1e7e27	20	17
Le metterai paura.	You'll spook her.	40771579-4f8f-5d33-8603-bf02f0aabde7	18	17
Le metterà paura.	You'll spook her.	c5e6ba4d-bcef-5126-b4fc-3512affb6f3b	17	17
Le metterete paura.	You'll spook her.	62572e47-f106-5b5a-8546-7d2fa61b2a73	19	17
Metterai loro paura.	You'll spook them.	e5c77507-76aa-55bd-a698-667704fc71cd	20	18
Metterà loro paura.	You'll spook them.	b65162b4-82a9-5ddb-974a-94bd215196cc	19	18
Metterete loro paura.	You'll spook them.	66c3a483-1b5c-52f3-9c44-4fa4b8da11f4	21	18
Li ho visti stasera.	I saw them tonight.	7970afd2-62e3-524f-a753-ef0d952e8980	20	19
Li ho visti questa sera.	I saw them tonight.	104d50df-3fd7-540c-95ba-b7447cf0dc2e	24	19
Le ho viste stasera.	I saw them tonight.	1c5ecdb7-02b4-5e57-b14c-648063cab365	20	19
Le ho viste questa sera.	I saw them tonight.	be7e0034-1cd3-5d36-9531-621a0bafc294	24	19
Ti ricordi di lui?	Do you remember him?	9c5f834f-75ef-5026-be6d-d349985d36e7	18	20
Si ricorda di lui?	Do you remember him?	fb087939-0a9b-56ff-a508-00a2d0bea70a	18	20
Vi ricordate di lui?	Do you remember him?	2edc5303-7af6-5860-8692-eab6837320bf	20	20
Ti ricordi di lei?	Do you remember her?	35935fd8-bbe3-58bb-b4f8-2b52cccfdd3f	18	20
Si ricorda di lei?	Do you remember her?	087f6ecd-1520-5828-988b-bbacaec210b5	18	20
Vi ricordate di lei?	Do you remember her?	98355f4f-8139-5e57-b05a-a46683c08881	20	20
Non sono un esperto in psicologia.	I'm not an expert of psychology.	7936ec62-a9d1-509e-b1a3-537f0198601a	34	32
Io non sono un esperto in psicologia.	I'm not an expert of psychology.	c87078f5-ae1c-5c04-b474-be07461455a2	37	32
Mi ricordo ancora di loro.	I still remember them.	26c666c6-9eaf-58a8-9627-f9ca8ca1c2f2	26	22
Io mi ricordo ancora di loro.	I still remember them.	5936dab3-dc7b-583b-acf5-fdd96f2acb66	29	22
Mi ricordo ancora di lui.	I still remember him.	d5d06ab4-807b-56bf-bc54-bc980788ea4f	25	21
Io mi ricordo ancora di lui.	I still remember him.	6356f874-d19e-5fb7-b61e-2f4b353b51c9	28	21
Mi ricordo ancora di lei.	I still remember her.	e63e54bd-eff9-5a6d-82e3-19d3a9eaf1ad	25	21
Io mi ricordo ancora di lei.	I still remember her.	8ae879fe-016a-5441-865d-fe25f25d3d8c	28	21
Mi ricordo a malapena di loro.	I hardly remember them.	ba25c1f6-d96e-51b7-bc1b-30c08e151d1a	30	23
Io mi ricordo a malapena di loro.	I hardly remember them.	d5c2e127-a7e0-543b-8805-ad8fdd01ed74	33	23
Mi ricordo a malapena di lui.	I hardly remember him.	3ab9f745-016b-53b8-806b-03269476bc2a	29	22
Io mi ricordo a malapena di lui.	I hardly remember him.	c383a6c1-e384-5356-a3ff-946a08e6aa93	32	22
Mi ricordo a malapena di lei.	I hardly remember her.	78c4f0e5-faf3-5e91-8129-be3a6f3eb3f5	29	22
Io mi ricordo a malapena di lei.	I hardly remember her.	1a6688cc-0b19-5369-862b-a505a802a1d7	32	22
Ti ricorderesti di loro.	You'd remember them.	39b2cebb-5811-512f-abce-dc8f9419d483	24	20
Si ricorderebbe di loro.	You'd remember them.	cf72ed30-d956-5d1d-a6fa-74d50f36773a	24	20
Vi ricordereste di loro.	You'd remember them.	b6345a34-97df-5a64-ad10-56342ec68fc0	24	20
Ti ricorderesti di lui.	You'd remember him.	df3cc753-f6a1-5691-a8fc-f7d124ca7a84	23	19
Il dovere mi sta chiamando.	Duty is calling me.	a6dd70bc-d69d-5629-ba4e-b53ad19e718f	27	19
Lo riconosceresti?	Would you recognize him?	06766e1b-01f7-5ea6-a64f-d6de0fe685de	18	24
Lo riconoscereste?	Would you recognize him?	3d012f8e-01de-5969-b3b1-3d0aaf257fe5	18	24
Lo riconoscerebbe?	Would you recognize him?	c8763a42-e4a4-5b01-bf5e-fa84166a802c	18	24
La riconosceresti?	Would you recognize her?	335a0dc9-788f-52ab-85ca-1da39017fe70	18	24
La riconoscereste?	Would you recognize her?	3fad5a75-beb6-5a1f-ae28-4f665b56a54d	18	24
La riconoscerebbe?	Would you recognize her?	8918baef-da38-5c5e-a779-838439b94b2b	18	24
Mi riconosceresti?	Would you recognize me?	7e93cb49-5537-5c80-9adc-3126b4d81fe8	18	23
Mi riconoscereste?	Would you recognize me?	87e03d8c-7b05-54df-80d7-e533dc0f3f5f	18	23
Mi riconoscerebbe?	Would you recognize me?	f0fa9cfb-1451-5f72-9b94-137453943223	18	23
Li riconosceresti?	Would you recognize them?	cdafc21d-48ce-55b5-a022-16c1c2eb314e	18	25
Le riconosceresti?	Would you recognize them?	cf0118a7-9f2b-5ae3-803b-873de0af1dfb	18	25
Li riconoscereste?	Would you recognize them?	ed8806ab-fee3-5f81-ba7d-5f1c5d0d15ce	18	25
Le riconoscereste?	Would you recognize them?	b7f3f3b9-80be-580a-97ca-a6bf6b4ba689	18	25
Li riconoscerebbe?	Would you recognize them?	6847a6a7-c908-5c5d-a2ba-28662994b20b	18	25
Le riconoscerebbe?	Would you recognize them?	6f918d97-0d27-5a8d-855d-9833781bcce0	18	25
Li hai riconosciuti?	Did you recognize them?	1715f82f-ca02-5f24-9b58-c47ade44b560	20	23
Le hai riconosciute?	Did you recognize them?	56e5412a-aa41-5b8c-9b59-e6e14e83493e	20	23
Li ha riconosciuti?	Did you recognize them?	a1a3d96e-7584-53ae-bc68-fafd8f4c0120	19	23
Le ha riconosciute?	Did you recognize them?	eb1f1f83-d39e-5446-aa80-523066f92ad4	19	23
Li avete riconosciuti?	Did you recognize them?	b74a2079-870e-5078-86c1-1c510a657250	22	23
Le avete riconosciute?	Did you recognize them?	2f75e84c-5ef3-5f3b-ba14-bd19da331d50	22	23
Sembrava un colpo di pistola.	That sounded like a gunshot.	b4eb8d8c-547e-5a52-9bd2-9f7aad0ff215	29	28
Non ti sto lasciando da solo.	I'm not leaving you alone.	fa66dca6-dc98-5c32-8c51-2e2f6307eb6d	29	26
Non ti sto lasciando da sola.	I'm not leaving you alone.	8e15f111-b21e-5b1c-8da1-a615843a95bc	29	26
Non vi sto lasciando da soli.	I'm not leaving you alone.	aa586b8c-fef2-584e-ab96-d4545d69435c	29	26
Non vi sto lasciando da sole.	I'm not leaving you alone.	1fb32d3c-902f-57e7-a1d5-878ad293adf4	29	26
Non la sto lasciando da solo.	I'm not leaving you alone.	c312c847-b11c-5115-acfd-445208ad3d8c	29	26
Non la sto lasciando da sola.	I'm not leaving you alone.	d0ab0d82-f44b-5c69-9c0d-07443751fbf6	29	26
Ha funzionato?	Did that work?	3fa974d0-a305-52ef-a90b-c61919411038	14	14
Sapevo che Tom poteva farlo.	I knew Tom could do it.	7e4fd65a-0df8-531c-8f3f-34c6addbe733	28	23
Sapevo che Tom poteva farla.	I knew Tom could do it.	871d9c72-50a3-504a-a86d-f6b206579ecc	28	23
Sapevo che Tom riusciva a farlo.	I knew Tom could do it.	93648a12-6be4-5a8e-9b39-3d1f5d2b2cff	32	23
Sapevo che Tom riusciva a farla.	I knew Tom could do it.	78ffef56-9ddb-532b-91c8-883b3c1c70ae	32	23
Sapevo che Tom lo poteva fare.	I knew Tom could do it.	2bce859a-4f83-5500-829a-a86572477ce1	30	23
Sapevo che Tom la poteva fare.	I knew Tom could do it.	5dc8c14b-d4e5-551c-ad94-c91971422c42	30	23
Sapevo che Tom lo riusciva a fare.	I knew Tom could do it.	69a880c8-bc15-58ae-8fc9-72d5be189e73	34	23
Sapevo che Tom la riusciva a fare.	I knew Tom could do it.	77002f2a-564b-5877-b4a6-d9a2d2c2f4a5	34	23
Non sono figlio unico.	I'm not an only child.	21c0127e-c488-50dc-85b5-47e689ea99a4	22	22
Io non sono figlio unico.	I'm not an only child.	277cbcb1-2662-557d-a9b5-cac465c4a8d5	25	22
Non sono figlia unica.	I'm not an only child.	e255d8bb-a442-5544-b233-dc5f6cde9475	22	22
Io non sono figlia unica.	I'm not an only child.	bcd2819f-1762-5279-9034-ff6b3a3f5f9e	25	22
Tom non andrà a Boston con noi, vero?	Tom isn't going to go to Boston with us, is he?	25244966-7145-5c75-a073-7aff9fcdacbc	37	47
La folla sta ancora urlando.	The crowd is still yelling.	ab4db7b6-af32-5eda-a738-2b1b0bee877a	28	27
La folla sta ancora gridando.	The crowd is still yelling.	1c3cb57c-9ad5-5f04-af72-18fe6a7f2950	29	27
Non posso darti niente.	I can't give you anything.	5e761ae5-f9c1-5d21-a6d9-ab2aeec69c8e	23	26
Non posso darvi niente.	I can't give you anything.	5bd3d3f0-8671-5208-9511-21d6a1592211	23	26
Non posso darle niente.	I can't give you anything.	3104be44-fb21-5036-bd88-86c1243943b1	23	26
Non posso darti nulla.	I can't give you anything.	e7436ad0-60cf-587d-84b7-5fcb0c620d58	22	26
Non posso darvi nulla.	I can't give you anything.	65477317-1fc0-5fda-99f2-a06245961728	22	26
Non posso darle nulla.	I can't give you anything.	0aed47cd-a633-51cf-8f8e-1ca69cc2ae47	22	26
Non ti posso dare niente.	I can't give you anything.	5dffbaf4-1752-5eac-8a6a-5ef14c230a6e	25	26
Non ti posso dare nulla.	I can't give you anything.	55cbb5c4-80b4-503a-8696-443fd7c6383c	24	26
Non vi posso dare niente.	I can't give you anything.	eaa1b517-ad6e-5b53-98ff-5fc65a7956a0	25	26
Non vi posso dare nulla.	I can't give you anything.	ad17c261-4fbb-5c89-aa3f-2362efee8960	24	26
Non le posso dare niente.	I can't give you anything.	137391f2-693e-5d2e-9a1c-2b300ee28637	25	26
Non le posso dare nulla.	I can't give you anything.	6169adf9-d037-5ec3-bb77-c757170df282	24	26
È molto umida.	It's very humid.	4c027998-5f70-5316-9a66-eb88f8bb08d5	14	16
È molto umido.	It's very humid.	12063cd6-b4d3-56ee-af27-5036161b3aee	14	16
Voglio comprare un libro.	I want to buy a book.	deb5780d-935f-5f5b-a45c-c36c8dba255d	25	21
Io voglio comprare un libro.	I want to buy a book.	196c4c63-fb9a-5bfe-b3b5-fe28cdd90831	28	21
Ho provato.	I've tried.	b9e9d908-3a18-532a-b703-fef78793f238	11	11
Io ho provato.	I've tried.	0ae99368-6e2d-5ff0-ab5f-8c1f0752973b	14	11
Fai quello che dico.	Do what I say.	0c4dacc5-d715-5787-91d1-cf9903cdc37e	20	14
Fate quello che dico.	Do what I say.	7b47a294-a01b-5ac3-a253-5b63753373a3	21	14
Faccia quello che dico.	Do what I say.	0607ffc9-ade3-5b74-92b5-6eae0c97abc1	23	14
Tom e Mary partiranno oggi.	Tom and Mary will leave today.	22f02db8-04d2-5f28-a10b-ecae29b3b64a	27	30
Tom e Mary se ne andranno oggi.	Tom and Mary will leave today.	c35478a0-d80e-528d-8ec8-0d2a0b7a79fa	31	30
Allora, com'era?	So, what was it like?	a854c5f4-f22f-58d8-b1bc-6ca9603e2b97	16	21
Sarà meglio.	It'll be better.	19a9dc2d-9c53-5bca-8f60-dbf5d02acbe9	12	16
Era molto di aiuto.	That was very helpful.	d19acb9a-479f-52da-b9c2-0e6b1093dff9	19	22
Qualsiasi posto andrà bene.	Any place will do.	23761411-c62a-567a-98cc-f0d42618f31d	27	18
Ho solo un paio di domande.	I just have a couple of questions.	c3ba7f9b-91b5-5460-a8f4-5dc0fdfa23ba	27	34
Ho soltanto un paio di domande.	I just have a couple of questions.	7fd43f2c-52fd-52f2-9bfe-025adf587b84	31	34
Ho solamente un paio di domande.	I just have a couple of questions.	5a2c3712-8f2b-5718-94e0-8948f97281c2	32	34
Smetterà di nevicare prima o poi.	It'll stop snowing sooner or later.	507c0dd1-4cb1-5564-a7a5-7d8ccb28f9d9	33	35
Stiamo aspettando che ci aiuti.	We're waiting for you to help us.	78a0c552-d633-5c6c-a7ef-b75823a3fd02	31	33
Stiamo aspettando che ci aiutiate.	We're waiting for you to help us.	58b85220-6c33-5fb0-af66-a20f687a8f35	34	33
Sei sicuro che non vuoi venire?	Are you sure you don't want to come?	35bb4d59-3699-571c-90f9-94bddbd330c3	31	36
Sei sicura che non vuoi venire?	Are you sure you don't want to come?	da82545d-3050-54b1-a57f-c1a81fc98191	31	36
Siete sicuri che non volete venire?	Are you sure you don't want to come?	22e380af-4d55-5c9b-b06e-820ce15efc70	35	36
Siete sicure che non volete venire?	Are you sure you don't want to come?	152aa768-4469-5c98-abaa-08b0ffd81e42	35	36
È sicuro che non vuole venire?	Are you sure you don't want to come?	a519dceb-15b0-52b8-b1ec-d3f3bb4aa8fe	30	36
È sicura che non vuole venire?	Are you sure you don't want to come?	d0e847a0-34d0-5ff1-9df1-3e6b99815eee	30	36
Tienimi un pezzo di torta.	Save me a piece of pie.	65e56a42-3531-5905-8ca3-c6d796fa415c	26	23
Mi tenga un pezzo di torta.	Save me a piece of pie.	60baa709-e75a-5650-bc43-ca086cac5f68	27	23
Tenetemi un pezzo di torta.	Save me a piece of pie.	f6831273-9516-5227-bef3-2aee2f7518e7	27	23
È una buona cosa che sia venuto qui.	It's a good thing I came here.	d1869586-70cf-56cc-937f-ec8ad1feec8e	36	30
È una buona cosa che sia venuta qui.	It's a good thing I came here.	4f2a5240-59fe-55c5-95a4-fd1a3eb7a591	36	30
È una buona cosa che io sia venuto qui.	It's a good thing I came here.	8b18cdf9-55b4-5efc-a769-4feffffd935e	39	30
È una buona cosa che io sia venuta qui.	It's a good thing I came here.	2ebec207-9263-5177-b4cf-1e7b925dd459	39	30
Tom ora ha tredici anni.	Tom is now 13 years old.	4f29bc25-0951-55a3-92b8-b33615ae376a	24	24
Tom adesso ha tredici anni.	Tom is now 13 years old.	cfec7905-ebd4-57db-b7cb-0b1f04082f55	27	24
Non aspetterò per più di trenta minuti.	I won't wait for more than thirty minutes.	5925c3aa-e6b5-5306-b254-0022728b4b83	39	42
Io non aspetterò per più di trenta minuti.	I won't wait for more than thirty minutes.	b3e435d5-a56f-5661-b3a4-21022e19a0de	42	42
Le relazioni sono duro lavoro.	Relationships are hard work.	3146cc36-ada1-5460-a3c1-4c17fdc015e4	30	28
Tom non fa eccezioni per nessuno.	Tom doesn't make exceptions for anyone.	a995fad0-14ab-51ee-9d37-2ff4d67d7009	33	39
Sono un po' geloso.	I'm a little jealous.	4ebe5ed3-d9c6-5a7c-b54e-0a58e9afbf6f	19	21
Io sono un po' geloso.	I'm a little jealous.	5a9b55d8-fa33-587b-8771-4d31b68ae6c9	22	21
Sono un po' gelosa.	I'm a little jealous.	592143af-53a3-5e1b-80d7-89d1cbfc51ba	19	21
Io sono un po' gelosa.	I'm a little jealous.	df537904-404f-532f-8484-e43468c1e3cc	22	21
Tom ha deciso di andare.	Tom decided to go.	75bf3fe4-90ab-5749-924c-dd231df30663	24	18
Tom decise di andare.	Tom decided to go.	86422a33-1464-5237-9ebd-0d04e4c0db7c	21	18
Se non ti proteggo io, chi lo farà?	If I don't protect you, who will?	47eb9e6f-d114-51c5-ab70-12b5858b4d1d	35	33
Se non vi proteggo io, chi lo farà?	If I don't protect you, who will?	de9d434b-4985-58fc-826e-2dd3583f215f	35	33
Se non la proteggo io, chi lo farà?	If I don't protect you, who will?	940e3724-e078-5e90-a52b-5b0ea7fc2028	35	33
Tom ha sicuramente il nostro appoggio.	Tom definitely has our support.	b393019c-92e8-5c28-886c-3bed855bd609	38	31
Non parli molto, vero?	You don't talk much, do you?	27a133b4-47c9-5956-a061-41afb611017b	22	28
Tu non parli molto, vero?	You don't talk much, do you?	11293fe6-a67b-5d58-aea2-9e84ef3d1485	25	28
Non parla molto, vero?	You don't talk much, do you?	c11d38d8-e605-5a11-b1d9-d051e6632ff1	22	28
Lei non parla molto, vero?	You don't talk much, do you?	d12a0fd8-c6d7-506a-907d-f1000395f213	26	28
Non parlate molto, vero?	You don't talk much, do you?	a9ec5c62-b9be-5a43-b55b-5d878b587b29	24	28
Voi non parlate molto, vero?	You don't talk much, do you?	3df7633f-bae1-526c-8e04-bc2ccc2db433	28	28
Pensavo fosse andato bene.	I thought it went well.	49b37efd-c300-5882-ab6b-4a26bc1934cd	26	23
Io pensavo fosse andato bene.	I thought it went well.	612ef282-d8a9-5c4e-99eb-f50400e5856c	29	23
Pensavo fosse andata bene.	I thought it went well.	13343100-dce3-58d3-9f12-71177dee28aa	26	23
Io pensavo fosse andata bene.	I thought it went well.	d48db2c2-0997-5856-9ae1-2e2ffe61a27c	29	23
Pensavo che fosse andata bene.	I thought it went well.	04fc84c3-df9e-596c-9e55-a881b60bfedf	30	23
Io pensavo che fosse andata bene.	I thought it went well.	7dad478f-4395-5e30-98a5-1cdd72a2a200	33	23
Pensavo che fosse andato bene.	I thought it went well.	9efb52db-171b-53ed-8f31-8ecfe84e3dcc	30	23
Io pensavo che fosse andato bene.	I thought it went well.	58b57c76-6933-5bf8-87a9-b67ae4ffabe2	33	23
Sono andato alle superiori a Boston.	I went to high school in Boston.	47c555c2-48a1-5f7d-b997-f7603a796035	36	32
Io sono andato alle superiori a Boston.	I went to high school in Boston.	d284feab-90ee-5511-b279-5f21a681566b	39	32
Sono andata alle superiori a Boston.	I went to high school in Boston.	4fc44654-08f7-5fe7-ba33-96b06f0efb56	36	32
Io sono andata alle superiori a Boston.	I went to high school in Boston.	2de1464e-e76a-5591-bc30-cd26b2582dc1	39	32
Andai alle superiori a Boston.	I went to high school in Boston.	bc247538-32c2-52de-b3ba-4be41aab5f3b	30	32
Io andai alle superiori a Boston.	I went to high school in Boston.	242b1451-0e37-5020-991e-7b16d08600ab	33	32
Si può contare su Tom?	Can Tom be counted upon?	6c1a2a51-1127-56f6-ab4c-2aaef6a64bb1	22	24
È così difficile da fare?	Is that so hard to do?	ff0a4a5d-63fb-55f6-8f64-001ec39f02db	25	22
Tutti qui sanno che non mangi maiale.	Everyone here knows you don't eat pork.	2db6e2c7-d14e-5886-ae2a-41b951722b84	37	39
Tutti qui sanno che non mangia maiale.	Everyone here knows you don't eat pork.	ca4223fd-8e4c-5b86-84a8-b360ebec867f	38	39
Tutti qui sanno che non mangiate maiale.	Everyone here knows you don't eat pork.	609dc133-0d04-559a-a1f0-dccf1c051394	40	39
Tutti qui sanno che non mangi carne di maiale.	Everyone here knows you don't eat pork.	39b86f8b-2d1d-56cc-bb6b-a9a24d71a9a6	46	39
Tutti qui sanno che non mangia carne di maiale.	Everyone here knows you don't eat pork.	c456e6c2-aa72-5c7f-98cc-c1c2842557fc	47	39
Tutti qui sanno che non mangiate carne di maiale.	Everyone here knows you don't eat pork.	8ab96fb6-ec93-5d1f-8a6d-6ca25659b7d1	49	39
Spero che non pioverà questo pomeriggio.	I hope it won't rain this afternoon.	50a872b8-fc54-5999-930d-4438b0f5814d	40	36
Io spero che non pioverà questo pomeriggio.	I hope it won't rain this afternoon.	3ef87af9-86bf-5633-b5a5-99865b0d8c8c	43	36
Abbiamo una raccomandazione.	We have a recommendation.	549ce81c-45e2-5b4c-8019-718ff227d47a	28	25
Noi abbiamo una raccomandazione.	We have a recommendation.	8553aec0-c2b0-5b37-aef5-456d93815c26	32	25
Dove si usa il francese?	Where do you use French?	4eacbffa-07a8-5340-a2a8-25a82bb2b5e9	24	24
Dove si utilizza il francese?	Where do you use French?	0f71f6b6-e2dd-5a40-bfe7-cf488a25946b	29	24
Non sono in arresto, vero?	I'm not under arrest, am I?	25152553-b7ab-58c6-b588-18f06652847f	26	27
Io non sono in arresto, vero?	I'm not under arrest, am I?	00723876-7665-5a74-85e0-11736d755ca5	29	27
Ho incontrato Tom in biblioteca lunedì.	I met Tom in the library on Monday.	17e81511-20f4-5ba8-bb61-e4a6bdd59696	39	35
Io ho incontrato Tom in biblioteca lunedì.	I met Tom in the library on Monday.	72086c82-bc64-584a-80d1-7575c5407c34	42	35
Ho conosciuto Tom in biblioteca lunedì.	I met Tom in the library on Monday.	bb7bf616-c98b-5dd8-b22e-aa0d2a446d66	39	35
Io ho conosciuto Tom in biblioteca lunedì.	I met Tom in the library on Monday.	d7600776-4cf4-51f7-8285-9ef46e32dfd3	42	35
Lo voglio tutto.	I want it all.	203d023b-8922-5d5b-aa3b-f1e5d7efaf53	16	14
La voglio tutta.	I want it all.	a4221f68-6fd6-548d-8367-f67bdc7194f4	16	14
Nessuno viene con me.	No one is coming with me.	d7e3769d-6d55-52ef-a2a8-c2b123b220dd	21	25
Tom ha una licenza?	Does Tom have a license?	37d3b7db-6f57-53f5-a7c2-fc48eacedac1	19	24
Tom ha la patente?	Does Tom have a license?	824b67e8-5542-5b85-8fc8-20e0e8a8bded	18	24
Tom ha la patente di guida?	Does Tom have a license?	1872cbbb-6a03-5f0a-9165-e57f6e5496b8	27	24
Mi fa piacere che tu non l'abbia chiamata.	I'm glad you didn't call her.	36bee1ef-74e7-580f-8118-ce705b098ddb	42	29
Mi fa piacere che lei non l'abbia chiamata.	I'm glad you didn't call her.	1cb2f06b-be77-5309-9a68-6847f804ad02	43	29
Mi fa piacere che non la abbiate chiamata.	I'm glad you didn't call her.	8dc11377-7fee-5916-90d0-8f140f316a87	42	29
Mi fa piacere che voi non la abbiate chiamata.	I'm glad you didn't call her.	6fbd32ea-3a5c-5dcf-a3f3-4746acb5ea62	46	29
Cosa avremmo dovuto fare?	What should we have done?	d090a802-4d5a-5fa9-9090-e41a27fdad63	25	25
Che cosa avremmo dovuto fare?	What should we have done?	2586ce1e-5196-5ff4-abce-2e0b7f2371e8	29	25
Ehi, di cosa stai ridendo?	Hey, what are you laughing at?	c959da17-d7c7-5d39-873e-ca1f948ea486	26	30
Ehi, di cosa sta ridendo?	Hey, what are you laughing at?	a0d9a0d5-b456-502e-9106-d55c517901a7	25	30
Ehi, di cosa state ridendo?	Hey, what are you laughing at?	ff5d15cd-1893-5dad-8003-9133ef0cc103	27	30
Tom ha ceduto alla tentazione.	Tom gave in to temptation.	c6f56ef4-dcb4-5bee-85b4-547716494a85	30	26
Tom è in guai seri.	Tom is in serious trouble.	e7ab816b-35d0-5aed-95ac-478c5467b5dc	19	26
Tom odia questi tipi di cose.	Tom hates these kinds of things.	dd8e9b04-3d91-54bf-8607-075e68871bd2	29	32
Ho un'idea piuttosto buona.	I've got a pretty good idea.	d6e53f5f-d8fc-51a2-837f-2f34d8375106	27	28
Tom è più giovane di te.	Tom is younger than you.	d2a140fd-de5a-5319-b928-7f7572e90ddc	24	24
Tom è più giovane di voi.	Tom is younger than you.	b640a4bf-d799-50e5-979a-140c8c09b8c7	25	24
Tom è più giovane di lei.	Tom is younger than you.	5ab29bac-28f1-5f26-9971-d52a4732a5ff	25	24
Boston è casa mia.	Boston is my home.	102597b6-bb18-54b2-85a8-58d154daa01a	18	18
Boston è la mia casa.	Boston is my home.	41b9cc8e-f041-58dd-95c2-0aa1e8157afb	21	18
Tom non ha nessuno ad aiutarlo.	Tom has no one to help him.	73586865-5643-5f21-b3f4-74986430ea0a	31	27
Tom non ha nessuno che lo aiuti.	Tom has no one to help him.	915afecd-2d7c-56c2-b799-11b3d0b0f130	32	27
Tom è nella squadra di nuoto.	Tom is on the swim team.	0b73c35d-c87f-5bd2-9320-7591dd072819	29	24
Tutti i prezzi sono saliti.	All prices have risen.	683c7ad1-112f-5f7c-b05a-e98e49125cc7	27	22
Dove firmo?	Where do I sign?	cd81c391-1912-56ff-94e3-120577e1c3f6	11	16
Dove dovrei firmare?	Where should I sign?	28e037d7-e893-51bf-8b7b-aa129fa7f62e	20	20
Dovrei chiederlo a loro?	Should I ask them?	5697d661-56dd-592d-8018-eed0e6a39154	24	18
Lo dovrei chiedere a loro?	Should I ask them?	60e08c96-5d7e-5557-9b8e-655e871c0c3e	26	18
Dovrei chiederglielo?	Should I ask him?	9f633ab2-8907-51fb-9efd-deb73338ed44	21	17
Glielo dovrei chiedere?	Should I ask him?	d3445dd4-334f-5f1a-9136-878e8880f00a	23	17
Lo dovrei chiedere a lui?	Should I ask him?	c981dc17-7533-5364-8b28-3705a883e74d	25	17
Dovrei chiederlo a lui?	Should I ask him?	e70f7e3f-519d-535c-828a-e5302d02af0f	23	17
Dovrei chiederlo a lei?	Should I ask her?	125106e6-36f2-5087-941d-ed4ae1b412c5	23	17
Lo dovrei chiedere a lei?	Should I ask her?	7bf91765-2108-51f7-9b5e-28a366a0ccf9	25	17
Lo chiederei a loro.	I'd ask them.	85a85dca-2057-5c66-bd2f-ff88db07aab7	20	13
Io lo chiederei a loro.	I'd ask them.	a0991b53-b0d6-5a9d-b6f5-4afef1b94504	23	13
Lo chiederei a lui.	I'd ask him.	be8f7303-85c9-5bb3-99ae-6992421157a5	19	12
Io lo chiederei a lui.	I'd ask him.	7dff25ab-d1cf-5f13-9297-921d5078755f	22	12
Lo chiederei a lei.	I'd ask her.	057dfa7e-3035-52de-a449-06fe7adbb228	19	12
Io lo chiederei a lei.	I'd ask her.	ad0e429e-a2cf-59fc-970e-57270c2f1fd2	22	12
Potresti chiederlo a loro.	You could ask them.	94cb16c3-2fae-5bf3-b710-66086f91b667	26	19
Potreste chiederlo a loro.	You could ask them.	3e7a6208-1789-5e91-a9ab-283e728728f7	26	19
Potrebbe chiederlo a loro.	You could ask them.	8a2f0420-ec3b-548f-9bf7-f7d73439c2b8	26	19
Lo potresti chiedere a loro.	You could ask them.	21f509ec-83be-540d-9a34-bb7992c7d2b1	28	19
Lo potreste chiedere a loro.	You could ask them.	a95e0bef-7117-5326-a20d-a70dac9c3907	28	19
Lo potrebbe chiedere a loro.	You could ask them.	d6a54ab2-581e-58ac-82ec-7b42ef6b7f00	28	19
È una storia veramente interessante.	That's a truly interesting story.	3d762189-a204-58ad-95c2-ef6da100f095	36	33
È una storia davvero interessante.	That's a truly interesting story.	880be1f0-0891-5610-8f0d-53abeccf6c26	34	33
Non era la fine della storia.	That wasn't the end of the story.	26ec2aa6-1fa5-5ad4-8242-b31a85db7c24	29	33
Quella non era la fine della storia.	That wasn't the end of the story.	a9119b2d-808c-53c6-a89b-3c3688950ba1	36	33
Rende le cose più difficili.	That makes things more difficult.	e863eb97-f9be-5b43-a817-f0401f062b76	28	33
Quello rende le cose più difficili.	That makes things more difficult.	6cb6e9e0-6201-5000-ae48-ae8ace22ca3d	35	33
Quello è perfettamente comprensibile.	That's perfectly understandable.	b1446ada-898a-5325-ac03-f2bbf685f496	37	32
Le differenze erano sostanziali.	The differences were substantial.	9a182c14-db06-52eb-956b-13791084656c	32	33
Tom è davvero appassionato di basket.	Tom is really passionate about basketball.	ed1b1a3c-2bcd-55ab-84ba-14d50a065c14	37	42
Tom è veramente appassionato di basket.	Tom is really passionate about basketball.	306c52a0-d92b-5212-bb9f-e1659073a45a	39	42
Tom è davvero appassionato di pallacanestro.	Tom is really passionate about basketball.	bed0c28d-7e13-5cd6-8dd9-70b8707a46a0	44	42
Tom è veramente appassionato di pallacanestro.	Tom is really passionate about basketball.	90a6823b-5000-58f7-ba9d-69c61fa12c4b	46	42
Voglio solo aiutare la squadra a vincere.	I only want to help the team win.	33c20a46-571b-5c47-b19a-678498df3fdf	41	33
Io voglio solo aiutare la squadra a vincere.	I only want to help the team win.	0f1cf9fc-cdaf-56ee-8932-784911b9476f	44	33
Voglio soltanto aiutare la squadra a vincere.	I only want to help the team win.	21e4034d-b6c6-5ea2-b58b-28d8f87da118	45	33
Io voglio soltanto aiutare la squadra a vincere.	I only want to help the team win.	059200f8-9209-549e-9588-3dde83e02260	48	33
Voglio solamente aiutare la squadra a vincere.	I only want to help the team win.	e662e47a-e814-59a4-902f-a5a0af39ebe0	46	33
Io voglio solamente aiutare la squadra a vincere.	I only want to help the team win.	ef5efb36-041c-5add-b8eb-860064d234c5	49	33
Tom ha detto che era scientificamente impossibile.	Tom said it was scientifically impossible.	53510049-6f46-5584-b985-325cef552cf6	50	42
Tom disse che era scientificamente impossibile.	Tom said it was scientifically impossible.	c81c5524-c1d2-5df0-98c5-c5b607f14ee9	47	42
Diventerai un insegnante.	You'll become a teacher.	11b55014-41c2-5ae2-9339-7e38e8243bb0	25	24
Tu diventerai un insegnante.	You'll become a teacher.	46b885c2-190f-5824-acfa-42db7090badc	28	24
Diventerà un insegnante.	You'll become a teacher.	3361741f-b409-536b-b90c-86bff6c79620	24	24
Lei diventerà un insegnante.	You'll become a teacher.	0338e576-c42e-5617-94c1-8d868748c046	28	24
Diventerà un'insegnante.	You'll become a teacher.	2ce91ade-94aa-551f-b508-18734f748946	24	24
Lei diventerà un'insegnante.	You'll become a teacher.	2a691f86-73ea-5ebe-856a-67b8c5a7852e	28	24
Diventerai un'insegnante.	You'll become a teacher.	a1287136-e186-5cb6-8f0f-83a87d6068f2	25	24
Tu diventerai un'insegnante.	You'll become a teacher.	ca060e05-85eb-524d-9c0c-991dd0180544	28	24
L'ho nascosto sotto il materasso.	I hid it under the mattress.	1970e571-58d8-5a88-9ecc-3c4ab0f47d4d	33	28
L'ho nascosta sotto il materasso.	I hid it under the mattress.	e649afd9-5fc2-5f90-b290-11815fb6e157	33	28
Lo nascosi sotto il materasso.	I hid it under the mattress.	a55f832e-a96c-59a7-8034-842950eb6779	30	28
La nascosi sotto il materasso.	I hid it under the mattress.	ebe4272c-bc2c-5af3-b132-78679cdc8dca	30	28
Non voglio il tuo oro.	I don't want your gold.	9da7d7cd-84c1-51b7-91d0-ac3685182d4f	22	23
Tom ha rotto il suo giocattolo nuovo.	Tom broke his new toy.	19eb2f99-83e0-554d-b97f-160927d2c174	37	22
Tom ruppe il suo giocattolo nuovo.	Tom broke his new toy.	cf6ee5cb-8015-5025-bcf4-cf63c7c0856b	34	22
Li sto seguendo.	I'm following them.	9903c882-7f65-541f-8c62-4ae3c44e4cae	16	19
Io li sto seguendo.	I'm following them.	fe54ee81-10a1-57f2-bc8c-0876a8efa077	19	19
Le sto seguendo.	I'm following them.	f3936908-877c-592a-a868-5498dab3c549	16	19
Io le sto seguendo.	I'm following them.	145c0e58-62fd-5c7f-881c-4327ac78358a	19	19
Questo è un materasso molto duro.	This is a very hard mattress.	69855904-586c-57aa-b84f-57988648f9e2	33	29
Tom ha dormito sul materasso gonfiabile.	Tom slept on the inflatable mattress.	a2ca0ad5-60ff-5dc9-957c-d8a24bb22006	40	37
Tom dormì sul materasso gonfiabile.	Tom slept on the inflatable mattress.	166482ec-3ca9-5293-b720-659d4405544b	35	37
Tom ha dormito su un materasso gonfiabile.	Tom slept on an inflatable mattress.	f2ed2fe0-8760-5680-90fb-fcfa0e8193f1	42	36
Tom dormì su un materasso gonfiabile.	Tom slept on an inflatable mattress.	c18d6308-34f2-533a-bbb2-535fe5ac4d43	37	36
Tom non è giovane come noi.	Tom isn't as young as we are.	734ae696-82e9-503e-b9b0-7332f1cabc80	27	29
Eri malato?	Were you sick?	6f1eec48-b3fd-5d61-ad16-22809717b983	11	14
Tu eri malato?	Were you sick?	9ac9ca5e-9a07-5d16-b746-3d2257ef3fa3	14	14
Eri malata?	Were you sick?	a41747af-ed8d-547c-a82d-57679ddd5c2a	11	14
Tu eri malata?	Were you sick?	7b610056-509b-53c5-ba9f-cd7924913b2a	14	14
Era malato?	Were you sick?	a04bba8b-4dda-5ae2-b314-8b4e61b80e3b	11	14
Lei era malato?	Were you sick?	7ffe962a-d350-5637-9e58-b301db2434ef	15	14
Era malata?	Were you sick?	d95f23d2-e2f4-57ae-8032-1b18906092af	11	14
Lei era malata?	Were you sick?	073f049d-85cb-5762-bc7c-a8ffb094b9fc	15	14
Eravate malati?	Were you sick?	06b94176-48b0-5f3a-840b-ff8778041f8e	15	14
Voi eravate malati?	Were you sick?	1715ffa6-523d-5481-addd-56357e6e733b	19	14
Eravate malate?	Were you sick?	4fd97860-bf52-5a16-9b1f-703770702c5f	15	14
Voi eravate malate?	Were you sick?	d50140da-50aa-5a15-a6f6-c7fb52546917	19	14
Tom nascose i suoi soldi sotto il suo materasso.	Tom hid his money under his mattress.	e9a6f30a-42a8-5ef4-bee9-f64fe2687448	48	37
Tom nascose il suo denaro sotto il suo materasso.	Tom hid his money under his mattress.	d7031f54-0c34-586f-84f9-6bbc4a9c72d1	49	37
Bisogna far prendere aria a quel materasso.	That mattress needs to be aired out.	2361fb9d-55a8-58ef-8953-87b0c3994367	43	36
Non posso dormire su questo materasso bitorzoluto.	I can't sleep on this lumpy mattress.	235f9942-9447-57aa-8fe1-d3cb2597cb7e	50	37
Tom voleva che suo figlio vivesse a Boston.	Tom wanted his son to live in Boston.	5184fabe-2f34-5964-bb00-5af5c9a7826c	43	37
Tom voleva che suo figlio abitasse a Boston.	Tom wanted his son to live in Boston.	fe0f12ab-eac7-5d1b-9b3c-4732e0c7c3d3	44	37
Giochi a basket?	Do you play basketball?	4b361910-573a-5115-8581-26209f9c460c	16	23
Tu giochi a basket?	Do you play basketball?	ec8242f7-4d97-5f83-b0c6-cc2081927ee6	19	23
Gioca a basket?	Do you play basketball?	b5b25bb1-0bf8-5ef2-bc8c-5a80983390c2	15	23
Lei gioca a basket?	Do you play basketball?	e6eb49d1-0b09-50b5-9250-e6759dbc717b	19	23
Giocate a basket?	Do you play basketball?	de010791-2439-59c8-a622-ba5726812cd1	17	23
Voi giocate a basket?	Do you play basketball?	247b01af-1584-54fc-a0cb-3bbd91080a19	21	23
Giochi a pallacanestro?	Do you play basketball?	00d9632f-e246-5c76-9073-26e9bb93d1bb	23	23
Tu giochi a pallacanestro?	Do you play basketball?	0a485291-b2eb-536b-a735-4d562b392adb	26	23
Gioca a pallacanestro?	Do you play basketball?	51d1dad1-baa5-59ad-bcf9-a5fb14354b79	22	23
Lei gioca a pallacanestro?	Do you play basketball?	cccab562-c7c9-5056-9783-752ba659d84c	26	23
Giocate a pallacanestro?	Do you play basketball?	15d1e55f-acf6-5887-9e90-8887dfc5292c	24	23
Voi giocate a pallacanestro?	Do you play basketball?	3f717af2-c24a-58d5-8fbf-3e9ec5d452c8	28	23
Penso che Tom sia pronto.	I think Tom is ready.	8bb2346d-1ff0-5c92-ae7f-39bdbd073e68	25	21
Io penso che Tom sia pronto.	I think Tom is ready.	c5c86d5d-b1e4-5294-aa7b-ed075bd148ec	28	21
Che cetriolo lungo.	What a long cucumber.	896544e7-6aee-586c-9081-3c2e8c5085ba	19	21
Il cetriolo è imparentato con il cocomero.	A cucumber is related to a watermelon.	44162c21-695b-58a5-bd3c-2bc4802e6d0d	42	38
Il cetriolo è imparentato con l'anguria.	A cucumber is related to a watermelon.	335bd993-8cd6-5397-b3b0-5d4e921d9f34	40	38
Un cavallo non mangia l'insalata di cetrioli.	A horse doesn't eat cucumber salad.	a1407656-3e3f-5fb2-b739-322c2339fd93	45	35
Giocano a pallacanestro.	They play basketball.	db492db5-c985-534a-af57-ad2269969dc7	24	21
Loro giocano a pallacanestro.	They play basketball.	b3bb8149-af99-56b7-80cc-14d02e0ac900	29	21
A Tom piace la pallacanestro.	Tom likes basketball.	bca17062-98e1-5ed6-ad2f-d5eb31dbcd32	29	21
