text_it	text_en	hash	text_it_length	text_en_length
La sua fiducia cominciò a crescere.	His confidence began to grow.	6ddc6f83-63dc-544f-be13-ab0ee161504d	35	29
Tom ha saltato la scuola oggi.	Tom skipped school today.	6193fc02-c741-5544-9fe1-8e32b67b4a81	30	25
È andata a scuola.	She went to school.	2fe6a597-e4b1-512d-bdfe-0ea84fd97431	18	19
Sono venuti a scuola.	They came to school.	9530d044-0188-5b32-8844-9ca0ca8781d0	21	20
Sono venute a scuola.	They came to school.	1d123b4d-44d3-5133-beb6-6011fd5d8a88	21	20
Vennero a scuola.	They came to school.	2e8120c4-187d-518a-b785-81b2a7487a68	17	20
È venuta a scuola.	She came to school.	e4cb0ec1-cdcd-55b8-85d2-541b113f85c4	18	19
Venne a scuola.	She came to school.	ebeadd13-f7a5-5380-b6d2-c5e3fa698b5a	15	19
Benvenuto alle superiori.	Welcome to high school.	3d1eed8d-a2cf-54bc-be21-cf2c73c56bea	25	23
Benvenuta alle superiori.	Welcome to high school.	c3803be0-cfa6-59eb-9d31-cd21631b723e	25	23
Benvenuti alle superiori.	Welcome to high school.	9c46a243-a78c-5ab3-a739-414c65ca5137	25	23
Benvenute alle superiori.	Welcome to high school.	fecc9de4-5c2b-576e-8790-8cb7b8203ce3	25	23
Ci siamo incontrati a scuola.	We met at school.	b5e3c1dc-7cc0-5a77-9c95-d0c85db8be41	29	17
Ci siamo incontrate a scuola.	We met at school.	c5ef16ee-c859-5190-b5dc-d22897729bd3	29	17
Ci incontrammo a scuola.	We met at school.	ccb1de3d-a470-53d6-bda2-fa62f1ba4ecc	24	17
Ci siamo conosciuti a scuola.	We met at school.	c2dd6300-f677-5516-a677-9924fba42747	29	17
Ci siamo conosciute a scuola.	We met at school.	d36b1cb4-4ea2-5b30-bd4b-5550fdaebc0a	29	17
Ci conoscemmo a scuola.	We met at school.	12c33d5c-7a76-5d57-9ef6-b903736828b2	23	17
Abbiamo corso fino a scuola.	We ran to school.	34de5fcc-50d4-5c39-af31-0a0ade3a2209	28	17
Corremmo fino a scuola.	We ran to school.	8aeea665-e60d-52e7-acf4-c7ee65bd1343	23	17
Siamo entrati nella scuola.	We entered the school.	6a358f90-f4bf-5587-ba55-871c07f78463	27	22
Siamo entrate nella scuola.	We entered the school.	79e75c0f-b078-5c3d-bfc7-9c564ddeacb7	27	22
Entrammo nella scuola.	We entered the school.	1383ef3b-9cab-5056-b51e-63e738d25c06	22	22
È entrata nella scuola.	She entered the school.	3235667f-2914-5e00-bc48-ac541f95f78c	23	23
Entrò nella scuola.	She entered the school.	ae28b5b7-e3ca-5871-85eb-9c00c6650773	19	23
È entrato nella scuola.	He entered the school.	4e3091fb-7bec-59c4-9942-d45cdbd30ba2	23	22
Ziri ha fatto un giro della scuola.	Ziri toured the school.	c3867940-c52e-57ad-a545-02c7432c6da7	35	23
Ziri fece un giro della scuola.	Ziri toured the school.	0a5ed0c9-68bc-5746-aba4-afa9fb72b6b2	31	23
Vai a scuola, pigrone!	Go to school, lazybones!	293459eb-bf7f-5a9a-985d-cb6443d2a4cd	22	24
Vada a scuola, pigrone!	Go to school, lazybones!	6103fcd0-e7a9-5c07-a5cb-1845e6c7306d	23	24
Andate a scuola, pigroni!	Go to school, lazybones!	ffcf7792-8729-50fa-8284-6bef981a8517	25	24
Yahya va a scuola tutti i giorni.	Yahya goes to school everyday.	4ab2e4fb-212a-59fd-a1d7-b4639b34a290	33	30
Sono andati a scuola assieme.	They went to school together.	850ae830-7a08-5829-a74f-20b64d471c36	29	29
Sono andate a scuola assieme.	They went to school together.	f936ff0d-4a69-522c-ab1b-ae2598d24059	29	29
Andarono a scuola assieme.	They went to school together.	e247f4ad-7bb6-5827-b912-b1edc43bd3cc	26	29
Va a nuotare dopo la scuola.	He goes swimming after school.	08dff9ef-314f-53ff-b5b3-b53f8d4b56d5	28	30
Non frequenta la scuola.	He doesn't attend school.	97ae5982-21f7-50c9-bde1-755ed35020f7	24	25
L'ha imparato a scuola.	He learnt that at school.	8316b792-134a-5d2a-ae12-6d08b0850d3f	23	25
Lo imparò a scuola.	He learnt that at school.	49b3a58a-2be8-5e01-9a78-00d0cd69d696	19	25
Non sta mollando la scuola.	He isn't quitting school.	c0052d4c-15e8-5e0f-93e6-35a5b2be7e5c	27	25
Sono popolare a scuola.	I'm popular at school.	1abc9e59-1701-512b-a597-32b292a1f918	23	22
Io sono popolare a scuola.	I'm popular at school.	8bc5b963-02e2-58f9-b8d5-a9b7b9336e4b	26	22
Erano bravi a scuola.	They were good at school.	b5103f04-8ea2-504a-8aea-0c73982d20ec	21	25
Erano brave a scuola.	They were good at school.	b73dd0e8-9d2a-5b6a-92ec-42d84d97ff6e	21	25
Erano tranquilli a scuola.	They were quiet at school.	9e27dbe5-c3c8-51be-ab7c-17047b60f44c	26	26
Erano tranquille a scuola.	They were quiet at school.	936ee7a6-b307-5744-9be6-b6f25a6ecac7	26	26
Eravamo umiliati a scuola.	We were humiliated at school.	92090457-bb39-5856-a33c-e3e90a04f939	26	29
Eravamo umiliate a scuola.	We were humiliated at school.	921581a4-83ab-51e5-b73c-4e3a847f592e	26	29
Sono arrivati a casa da scuola.	They got home from school.	0d020411-fda9-53b9-996f-8ae5b821bde2	31	26
Sono arrivate a casa da scuola.	They got home from school.	f50fc37d-c7e4-5042-8073-f8bd081ed199	31	26
Arrivarono a casa da scuola.	They got home from school.	2f6886e5-c753-5405-bfae-92b2c98752ed	28	26
Era bullizzata a scuola.	She was bullied at school.	fb911ebf-f355-5b10-a7ca-02d40faddab2	24	26
Ha chiamato la mamma da scuola.	She called Mom from school.	f0657e37-107e-5434-9ffa-f0786259d6c4	31	27
Chiamò la mamma da scuola.	She called Mom from school.	dca2738b-1069-50c3-a5a5-2a25e72d2563	26	27
Era bullizzato a scuola.	He was bullied at school.	173c872b-bac0-58c5-b715-988cfe6e3616	24	25
La scuola finisce alle tre e mezza.	School finishes at 3.30.	177108e8-75ec-512a-ab07-276556c7793f	35	24
Ti sono piaciute le superiori?	Did you like high school?	ac5499d4-d7b6-56e9-bea6-dc3fdc94212b	30	25
Vi sono piaciute le superiori?	Did you like high school?	8c77daa7-7991-521f-af61-db190c97cbc2	30	25
Le sono piaciute le superiori?	Did you like high school?	242266c3-2962-5b87-a2d5-998724cc0085	30	25
Daphne aprirà una scuola.	Daphne will open a school.	5939c632-cfab-5494-b8e2-65c812ad8a36	25	26
Ho studiato francese a scuola.	I studied French at school.	6637777e-d20c-50f4-bc18-d4b054a954dc	30	27
Studiai francese a scuola.	I studied French at school.	567d7de2-a55b-55e2-a04a-478441081e26	26	27
È venuto a scuola tardi.	He came to school late.	4a7710cd-be14-50f4-8f9d-49ecb1cdc62d	24	23
Venne a scuola tardi.	He came to school late.	45f3e9ba-84a0-5652-8553-1c565bae09f4	21	23
Tom non ha mai finito la scuola secondaria.	Tom never finished secondary school.	c342c661-09a4-5652-a59e-a3f2e09c232d	43	36
Tom non finì mai la scuola secondaria.	Tom never finished secondary school.	18dc8cd2-1223-5abe-bfc0-83b7ac97dafa	38	36
La scuola non mi interessava.	School did not interest me.	acf23523-9699-575d-ab63-a87e31195e09	29	27
Ho imparato il francese a scuola.	I learnt French at school.	9878f2e5-242b-57c7-b66e-4a73f913f0e7	33	26
Sono andato a questa scuola.	I went to this school.	ac3d54ea-1416-550c-96b8-f2bc2f859667	28	22
Sono andata a questa scuola.	I went to this school.	6d343e3f-1523-5bce-b616-d06514f95da3	28	22
Andai a questa scuola.	I went to this school.	8fdad342-ad99-53e5-a173-5b64da21d00e	22	22
Hai saltato la scuola oggi?	Did you skip school today?	5e2fc592-6964-5642-83c2-9da1373b23a8	27	26
Ha saltato la scuola oggi?	Did you skip school today?	5b319a80-6b76-5287-bdf2-85ca73c76ea1	26	26
Avete saltato la scuola oggi?	Did you skip school today?	f09d0139-a268-50b4-960c-46300764059d	29	26
Hanno studiato assieme a scuola.	They studied together at school.	fa80b34e-dfe8-55e0-b363-267e74419cd4	32	32
Studiarono assieme a scuola.	They studied together at school.	da21a89f-8bfa-58c6-ac9b-6bbd52c0429a	28	32
È una pausa scolastica.	It's a school break.	3e5ded78-f447-5ac1-b92b-23d4c6028b8e	23	20
Era qui a scuola.	He was here at school.	54c7ff98-fcbe-5f79-bcef-eef826bf337c	17	22
Era qua a scuola.	He was here at school.	86c3cd7d-a97f-5cf8-be98-660bb42c95cc	17	22
La scuola era facile per me.	School was easy for me.	16c9f572-fb38-512c-9783-2a95db35afcc	28	23
La scuola inizia alle otto e mezza.	School starts at eight thirty.	f4627031-9cc5-56c2-a3e9-c681a3608b0b	35	30
La scuola comincia alle otto e mezza.	School starts at eight thirty.	740f6126-ad51-5510-8fb2-5f3a22722e48	37	30
Tom dove frequenta la scuola?	Where does Tom attend school?	317b16cc-0da3-5ffa-9349-c7dbc2244c68	29	29
Siamo tornati a scuola.	We went back to school.	7aa1bc2f-f4eb-557c-a0b1-0595556696a6	23	23
Siamo tornate a scuola.	We went back to school.	986de62a-622e-55c6-b451-21843c94b1ae	23	23
Tornammo a scuola.	We went back to school.	4f986d4a-4814-5acc-955f-e6793a3a4e42	18	23
Sono tornato a scuola.	I went back to school.	0eed2d6b-bd85-5bed-aae2-8fe4432e2218	22	22
Sono tornata a scuola.	I went back to school.	57b3d1c6-9f1f-5d50-a273-3c66b31f4100	22	22
Tornai a scuola.	I went back to school.	b5e54648-a584-5385-9c7f-5eae8af51559	16	22
Boldi era invidiato a scuola.	Boldi was envied at school.	b21c0b39-3d02-5d24-aae3-0c100a42adc9	29	27
Sono tornati a scuola.	They went back to school.	fe39a28b-3f6f-53d8-bd07-597ba532fbbc	22	25
Sono tornate a scuola.	They went back to school.	133a1bf5-8705-5b3f-9f27-673fa2a6e109	22	25
Tornarono a scuola.	They went back to school.	b714dd7a-8dcc-50fe-a9fa-348ee520e605	19	25
Youba è ancora a scuola.	Youba is still in school.	2e85ca8b-88e9-5325-a60d-327e0ff23161	24	25
Tom dove ha frequentato la scuola?	Where did Tom attend school?	c1cc25bd-e65d-5a34-a47d-e7c33db3ce9b	34	28
Questa è una buona scuola.	This is a good school.	2a6a2e32-6ce1-5e3e-a2f8-c05686248a23	26	22
Parliamo di scuola.	Let's talk about school.	7967787f-acfe-525e-ac41-8b877251c026	19	24
Janos era in ritardo per la scuola.	Janos was late for school.	9b36d28e-fc7e-52f6-b7a7-94ed90327b6e	35	26
Ho studiato in una scuola privata.	I studied in private school.	0a03b5af-e869-56ac-a23b-6266f4df22ba	34	28
Studiai in una scuola privata.	I studied in private school.	6a2ab020-55d5-5419-97e0-d4d9a92c501f	30	28
È tornata a scuola.	She went back to school.	3947a302-0a1f-5ac0-8dee-e77214ed01ad	19	24
Tornò a scuola.	She went back to school.	707d624c-a294-5972-beb8-bad01df1ee3e	15	24
È tornato a scuola.	He went back to school.	a81bc326-bded-56cd-ab84-ca2dacf12bce	19	23
Leonid aveva delle difficoltà a scuola.	Leonid had difficulties at school.	76564ac3-70b9-5657-a028-28136376e5c2	39	34
Ivan è il preside della scuola.	Ivan is the school principal.	064fc949-4eb3-56a6-9eb3-65919f8e506d	31	29
Fyodor è andato alla sua scuola.	Fyodor went to his school.	45f11bb7-27ce-595d-8fb7-f9c5348ed5a8	32	26
Fyodor andò alla sua scuola.	Fyodor went to his school.	1ed5fae5-f6e8-50e9-abc5-33047c19fa8f	28	26
Aspettami dopo la scuola.	Wait for me after school.	3ddb80ed-017f-5d40-99ac-de7d7b0ae53f	25	25
Mi aspetti dopo la scuola.	Wait for me after school.	33cff0e6-efe1-5202-9abd-f04d8ce80351	26	25
Aspettatemi dopo la scuola.	Wait for me after school.	6cdc1789-f7f3-5eaa-9f22-bec082fa4ee0	27	25
Fyodor ha portato Rima a scuola.	Fyodor took Rima to school.	be1efad6-34d0-5108-a906-d3132444980a	32	27
Fyodor portò Rima a scuola.	Fyodor took Rima to school.	b12cb2f8-2efd-5c01-9f12-a85efe78f1c8	27	27
Lorenzo ha portato Rima a scuola.	Lorenzo took Rima to school.	ccf3c236-7b22-5c33-9fa2-b5205787dc71	33	28
Lorenzo portò Rima a scuola.	Lorenzo took Rima to school.	20200a08-a45d-5e96-8f1c-3f84c2483963	28	28
Le mie figlie vanno a scuola.	My daughters go to school.	81300d8c-b0e7-551a-970a-e70276c09338	29	26
Karl era ancora a scuola.	Karl was still in school.	11d6c8fd-6ddf-57f5-9e7e-8faa111316b7	25	25
Tom gioca a football a scuola.	Tom plays football at school.	ad0c3403-8e96-5387-afe9-f573554e56a7	30	29
Ziri ignorava Rima a scuola.	Ziri ignored Rima at school.	32b4cd8d-8ee8-59bb-9d2e-3265d975b396	28	28
Mary era a scuola oggi?	Was Mary at school today?	08cc2d02-6998-540e-a7b5-272a10fda9ff	23	25
Hanno finito l'anno scolastico.	They finished the school year.	9b07afe8-d076-58d2-a278-cea34dd214ab	31	30
Finirono l'anno scolastico.	They finished the school year.	75362ede-81cd-5fb6-93b1-b3d77d3b7d42	27	30
Abbiamo finito l'anno scolastico.	We finished the school year.	4d343e39-5bb1-53a2-9c27-34924231a195	33	28
Finimmo l'anno scolastico.	We finished the school year.	80299d36-5211-5c45-94f3-008c895b8dfc	26	28
Rima ha finito l'anno scolastico.	Rima finished the school year.	eb674769-8e1a-55ec-8d05-ccf88166a36c	33	30
Rima finì l'anno scolastico.	Rima finished the school year.	eb975e31-516e-588d-a1a1-ca89ba2071f2	28	30
Ha finito l'anno scolastico.	She finished the school year.	e07ef347-cd10-5f24-9055-559237b825d5	28	29
Finì l'anno scolastico.	She finished the school year.	c01bf6e0-cd51-5d0a-9233-a968dcf2c4cd	23	29
Andavo ancora a scuola.	I still went to school.	2cb59d39-5bca-58b4-9aed-5c3d61471788	23	23
Andava ancora a scuola.	He still went to school.	783fb41c-6c29-5c6c-95ae-301fdfc86df1	23	24
Rima andava ancora a scuola.	Rima still went to school.	6eda37f5-cdd7-5fc3-904e-43b43471c422	28	26
Andavamo ancora a scuola.	We still went to school.	97b2ddaa-b07a-520a-a1fd-f129b1ca59d2	25	24
Andavano ancora a scuola.	They still went to school.	b3aad514-953a-528f-ab0c-7c073ead0d29	25	26
Ho smesso di andare a scuola.	I stopped going to school.	f67e4342-4d85-551d-81ee-408eafc77d37	29	26
Smisi di andare a scuola.	I stopped going to school.	0e46e520-dad6-5d0c-b4e0-6407281d05c9	25	26
Ho finito l'anno scolastico.	I finished the school year.	d6f81324-2a91-5bbd-a4ce-bd3dc269b886	28	27
Finii l'anno scolastico.	I finished the school year.	436bb5ec-0445-5c9e-b3c5-453d5d2da24a	24	27
Hanno smesso di andare a scuola.	They stopped going to school.	17b6a1b5-4e9e-57f7-b2e2-c64f395740f8	32	29
Smisero di andare a scuola.	They stopped going to school.	18423989-a7c2-507b-8e6a-e53fb46b89dd	27	29
Abbiamo smesso di andare a scuola.	We stopped going to school.	4d4bc240-b8d2-53dc-ba58-6e32888e025a	34	27
Smettemmo di andare a scuola.	We stopped going to school.	17325d1b-14bb-57dc-b901-88d9276dc481	29	27
Rima ha smesso di andare a scuola.	Rima stopped going to school.	ff96b634-b374-5529-b0e5-357dc51243a5	34	29
Rima smise di andare a scuola.	Rima stopped going to school.	ab3e1ba5-ac76-542d-9c42-2a5f0d71ca64	30	29
Ha smesso di andare a scuola.	She stopped going to school.	98aee9b8-0df6-582f-a560-099d51f7d63a	29	28
Smise di andare a scuola.	She stopped going to school.	c547be3d-c27e-50bf-95d0-a53d843fd5b0	25	28
Non potevano lasciare la scuola.	They couldn't leave school.	47b6e7c3-1fa8-5aed-b091-c71af71e8621	32	27
Non potevamo lasciare la scuola.	We couldn't leave school.	ae763c41-408c-5add-a685-5683a682debf	32	25
Rima non poteva lasciare la scuola.	Rima couldn't leave school.	5c95c14b-54e6-5264-a452-b139ed03baf4	35	27
Non poteva lasciare la scuola.	She couldn't leave school.	ad35b706-fe25-506e-847e-5e64ef68d164	30	26
Non potevo lasciare la scuola.	I couldn't leave school.	f81585e6-7cf5-539e-b3b8-ba9826c52691	30	24
Fanno questo dopo la scuola.	They do this after school.	675d8435-e06e-5a71-b5c8-bb449758eb37	28	26
Facciamo questo dopo la scuola.	We do this after school.	a813cec6-83b0-552f-90d5-8cb979be2ace	31	24
Rima fa questo dopo la scuola.	Rima does this after school.	4a9b5f68-6942-53ff-a414-a149e3ee630f	30	28
Fa questo dopo la scuola.	She does this after school.	6cd172a6-6dfa-5eca-b056-3226c8ccefbc	25	27
Faccio questo dopo la scuola.	I do this after school.	49636d49-e704-5cc3-9ec0-488993a4cf31	29	23
Erano alle superiori.	They were in high school.	28d76338-2b46-57f1-a76e-0c2a30402b2b	21	25
Eravamo alle superiori.	We were in high school.	67735943-2b34-5bc9-ae98-ab6b92303d21	23	23
Rima era alle superiori.	Rima was in high school.	0eccbaf4-d231-59f3-8d59-b7f781a458b8	24	24
Era alle superiori.	She was in high school.	76dbc55e-0243-50da-a56d-367bab6e67d3	19	23
Ero alle superiori.	I was in high school.	2cfd2985-6ba9-5156-a0b6-9d67f27d6fe0	19	21
Vanno alle superiori.	They go to high school.	268fe5b4-cc65-531c-aed5-4d936afa9bab	21	23
Andiamo alle superiori.	We go to high school.	3727b5ba-a08d-5ac2-9a16-84caff09f015	23	21
Rima va alle superiori.	Rima goes to high school.	516f7137-b454-5d86-9c52-501e97bfcfd1	23	25
Va alle superiori.	She goes to high school.	aa88ce1f-2862-5981-96de-75589226ec90	18	24
Sono andati alle superiori.	They went to high school.	a8cc64e1-9628-5969-9a70-2f0814c7edbe	27	25
Sono andate alle superiori.	They went to high school.	4c5d0d0c-c041-5288-a595-c425942700d4	27	25
Andarono alle superiori.	They went to high school.	2839a0f0-6a6d-5d6a-98a6-2090b1ca2924	24	25
Siamo andati alle superiori.	We went to high school.	30275f37-75de-50df-80ea-d134e4ed3d4f	28	23
Siamo andate alle superiori.	We went to high school.	806272c5-532a-5b6b-b93c-885c659b748b	28	23
Andammo alle superiori.	We went to high school.	92199abb-2f21-52dc-b009-511eba940921	23	23
Rima è andata alle superiori.	Rima went to high school.	469950b3-26fd-588b-adef-7939f38a0c15	29	25
Rima andò alle superiori.	Rima went to high school.	27da9c56-291a-50be-856c-fc4a7620a6e3	25	25
È andata alle superiori.	She went to high school.	1ffc026a-f15d-51a2-96f2-4b3c487b1ce5	24	24
Andò alle superiori.	She went to high school.	67e6b77b-0a4a-50d7-b413-9f4d0f2709e4	20	24
È andato alle superiori.	He went to high school.	de9434c0-a069-532e-9a20-b0a37dba5069	24	23
Sono andato alle superiori.	I went to high school.	d398abc9-dd97-595b-9c68-43209fc2ca64	27	22
Sono andata alle superiori.	I went to high school.	fde75dfa-394b-5650-9d5e-021cd550a8ce	27	22
Andai alle superiori.	I went to high school.	f65998f9-8fba-5d5b-84f3-199be052c6d4	21	22
Studiavano alle superiori.	They studied at high school.	099ee85b-feae-51e0-b951-0942e5646d6a	26	28
Studiavamo alle superiori.	We studied at high school.	3f471166-e2a2-5230-a163-d147de82814f	26	26
Rima studiava alle superiori.	Rima studied at high school.	e82b4b93-d7c2-5a19-b8ae-1255f1675da2	29	28
Studiava alle superiori.	She studied at high school.	b00c95a4-fda2-5608-8524-0b45ea444b47	24	27
Studiavo alle superiori.	I studied at high school.	7ca80ae5-abe7-5f07-863e-a35a9c7f64cf	24	25
Erano popolari a scuola.	They were popular at school.	4f609c17-c1b0-54b6-9725-d9fbce08f2e7	24	28
Eravamo popolari a scuola.	We were popular at school.	e77eb5bc-ca94-59ac-9ea4-b8ea79ba06c9	26	26
Rima era popolare a scuola.	Rima was popular at school.	548d1d26-0850-55c1-91d6-84268e9b2120	27	27
Era popolare a scuola.	She was popular at school.	9298406e-209f-5054-97ce-49c2e69e9421	22	26
Ero popolare a scuola.	I was popular at school.	ef17b2f0-fdb4-55aa-985a-29bcaad4a953	22	24
Erano pronti per la scuola.	They were ready for school.	079f84ef-824d-5de5-beb4-64e98d185937	27	27
Erano pronte per la scuola.	They were ready for school.	ecfe6b0b-a5b8-54cc-911c-1521db73e6fb	27	27
Eravamo pronti per la scuola.	We were ready for school.	27c62702-bd58-56b1-9e06-d538b9f3bfde	29	25
Eravamo pronte per la scuola.	We were ready for school.	9f4d6386-a2de-5936-a490-015d0b783e12	29	25
Rima era pronta per la scuola.	Rima was ready for school.	31433d57-3537-5d8c-b540-a7305bc420a0	30	26
Era pronta per la scuola.	She was ready for school.	1fd723f9-2a5e-56e9-801e-9cd0f4f9b7f6	25	25
Era pronto per la scuola.	He was ready for school.	219dfbc8-63ce-589c-8b8d-033d26a5276e	25	24
Ero pronto per la scuola.	I was ready for school.	b367d29a-68a9-5496-b713-5fa7e8b67406	25	23
Ero pronta per la scuola.	I was ready for school.	d5d46c1f-f97e-506f-b6b9-97b8c8b062b5	25	23
Studia alla scuola primaria.	He studies in primary school.	1661f96d-63a4-52b8-95f7-468d857d867b	28	29
Gli studenti indossano delle uniformi a scuola.	Students wear uniforms to school.	ee012f7a-3466-57eb-8c5d-6a508dcb59a5	47	33
Le studentesse indossano delle uniformi a scuola.	Students wear uniforms to school.	ac460937-12a7-5d44-9add-5548e7ad2d02	49	33
Ziri conosceva Rima dalla scuola.	Ziri knew Rima from school.	99945dcd-f925-52b2-96f5-2eb140208d2d	33	27
Ziri va a scuola qui.	Ziri goes to school here.	af2db580-b196-5b99-8106-2faf6459acd4	21	25
Ziri va a scuola qua.	Ziri goes to school here.	9ffeae3d-dd6a-504d-8ae9-32c6488764d1	21	25
I bambini imparano a scrivere a scuola.	Children learn writing at school.	9199cc2b-c4e4-51ee-b35d-1d0d03f7c98a	39	33
Ziri è arrivato a casa da scuola.	Ziri got home from school.	a864ab3c-d77a-5fbf-818b-58551b0e2d5d	33	26
Ziri arrivò a casa da scuola.	Ziri got home from school.	91cdcb86-233d-5da1-baac-a0c3bea3e7cb	29	26
Ziri si è imbarazzato a scuola.	Ziri embarrassed himself at school.	2dc465ab-c36b-5395-9591-450aae4d2b65	31	35
Ziri si imbarazzò a scuola.	Ziri embarrassed himself at school.	3e3a5a7c-7492-5bc8-b7bb-569ec69b44e5	27	35
Abbiamo imparato il francese a scuola.	We learned French at school.	ee487168-9aa5-5e28-8f67-07009f5bb290	38	28
Imparammo il francese a scuola.	We learned French at school.	d277353a-d3d3-5a36-a57f-c530320e76fb	31	28
Tom ha finito la scuola secondaria.	Tom has finished secondary school.	b9775c64-a4f3-5bb7-b111-fbd7b4f646c8	35	34
Tom ha finito le superiori.	Tom has finished high school.	44d826d6-8f60-5b89-ae68-7a05d6a0f9a3	27	29
Era alla tua scuola?	Was he at your school?	1247eb05-c5a9-5525-b65e-efab2a9fd294	20	22
Era alla sua scuola?	Was he at your school?	709305d0-7bee-56b6-88eb-ba174fffbd25	20	22
Era alla vostra scuola?	Was he at your school?	f43f7fb1-bae9-567b-8e1e-1a69f514383b	23	22
Frequento una scuola statale.	I attend a state school.	3e229b91-03df-5460-9fef-6644417a092c	29	24
Io frequento una scuola statale.	I attend a state school.	ec97578e-3e98-521c-a8c6-4c2f121c2fa4	32	24
Tom giocava a baseball dopo la scuola.	Tom played baseball after school.	f2c756dc-a534-54fd-84dc-a9a7da58f74a	38	33
Tom è sempre a scuola.	Tom is always at school.	beaa686c-e267-508d-b321-f692c7451e4b	22	24
Abbiamo scuola oggi?	Do we have school today?	3f566c40-277b-553c-bd64-5088ffed2582	20	24
Sono venuti a casa da scuola.	They came home from school.	1dc8e39f-b875-5990-a628-1d749690ee8b	29	27
Sono venute a casa da scuola.	They came home from school.	c7a71ca1-ef79-5903-8ec2-c15d86ca57de	29	27
Vennero a casa da scuola.	They came home from school.	0a988ffe-09a4-5b2c-a4d4-b288af87a0d1	25	27
Siamo venuti a casa da scuola.	We came home from school.	5e377c3d-9dea-56c9-bb62-6d14a14de8a5	30	25
Siamo venute a casa da scuola.	We came home from school.	19c8754a-3adc-5d59-95fe-5577b71d3dc6	30	25
Venimmo a casa da scuola.	We came home from school.	a49adfaa-ebf8-5ff5-8046-19a6ea6741c2	25	25
Rima è venuta a casa da scuola.	Rima came home from school.	ba68c406-bbfe-5fd6-916f-1b4e398f0423	31	27
Rima venne a casa da scuola.	Rima came home from school.	f4bea849-e620-5036-a19a-06d8785de606	28	27
È venuta a casa da scuola.	She came home from school.	345e88ec-011f-5462-9a7e-a3fc19c884c0	26	26
Venne a casa da scuola.	She came home from school.	b92c3b92-6885-5243-aab8-83a10597c119	23	26
È venuto a casa da scuola.	He came home from school.	9cddec3b-d85f-5501-998d-ebf2d604e99a	26	25
Sono venuto a casa da scuola.	I came home from school.	b166b618-dcb0-5c59-a1b1-03b83021b207	29	24
Sono venuta a casa da scuola.	I came home from school.	ee27bb48-8fe3-5ed8-95a9-bb09528ae8a3	29	24
Venni a casa da scuola.	I came home from school.	7fc53d60-2311-5798-b22f-ce496cb30e2f	23	24
Ziri stava andando a scuola.	Ziri was going to school.	c8ff51e4-9ed2-5150-ac30-e7ab528e51e4	28	25
Ziri va in quella scuola.	Ziri goes to that school.	8f16d89b-e048-5501-92ba-b1888da9b65d	25	25
Ziri è alle superiori.	Ziri is in high school.	81243f98-5294-5218-a03e-5d329e779362	22	23
Ziri è andato in quella scuola.	Ziri went to that school.	9726ab13-9d7c-5947-99ee-7ac8eb350028	31	25
Ziri andò in quella scuola.	Ziri went to that school.	05fe08d5-7875-509d-9089-38eff1dc3bec	27	25
Ziri ha portato Rima a scuola.	Ziri took Rima to school.	168828f0-b94b-5cce-9756-6ca23f280453	30	25
Ziri portò Rima a scuola.	Ziri took Rima to school.	a0be1468-1d13-5217-8860-e7efb05f4580	25	25
Ziri va alle superiori.	Ziri goes to high school.	19e6f400-8266-545e-aab4-fe5315c046ab	23	25
A Ziri piace quella scuola superiore.	Ziri likes that high school.	b824e029-2d9e-5955-a00f-13f0bc47d987	37	28
Ziri odiava quella scuola superiore.	Ziri hated that high school.	17059e52-4b78-5885-82b2-be0605cdfe9c	36	28
A Ziri non piaceva quella scuola superiore.	Ziri disliked that high school.	e145bfdf-0f2d-5859-b9f0-311f3a5b351f	43	31
Anche Ziri è andato a scuola.	Ziri went to school, too.	292adf99-cbd4-5aac-a0f6-8321bb9cc81c	29	25
Anche Ziri andò a scuola.	Ziri went to school, too.	c6b38e4d-6c78-5a8e-8a96-226940639c2c	25	25
Anche Ziri andava a scuola.	Ziri went to school, too.	1b0cab94-a4d7-515f-bfc4-78a10d6d2dcc	27	25
Ziri è venuto a casa da scuola.	Ziri came home from school.	3ff79298-e24d-59ce-b1b7-a1dff7976041	31	27
Ziri venne a casa da scuola.	Ziri came home from school.	6008cf0c-f84e-5e2a-93a5-b0cf483fe4e1	28	27
Ha iniziato la scuola primaria.	She started primary school.	5954c6c4-812f-5b9b-a144-cefec407a04c	31	27
Ha cominciato la scuola primaria.	She started primary school.	cc27529c-2e60-52c4-a926-08d249b64948	33	27
Iniziò la scuola primaria.	She started primary school.	8c568259-a6b4-5472-bf53-d5fab5c682a8	26	27
Cominciò la scuola primaria.	She started primary school.	836aea7c-cad6-524e-968d-6ad482419c96	28	27
Tom fa fatica a scuola.	Tom struggles at school.	018217a7-0def-5439-bc3a-6aab5e61e736	23	24
Hanno iniziato le superiori.	They started high school.	28ce122a-9047-507d-8fd4-fec1f5b39bc6	28	25
Iniziarono le superiori.	They started high school.	19525096-f54b-5e1b-a678-f7870755c2d0	24	25
Hanno cominciato le superiori.	They started high school.	f0b50189-89a5-50e7-b484-1bac91a857c1	30	25
Cominciarono le superiori.	They started high school.	bdadf684-92ef-59f2-8a6b-ea80921c3d72	26	25
Abbiamo iniziato le superiori.	We started high school.	1bcb949b-2dd2-5da9-9afe-6833c4181685	30	23
Iniziammo le superiori.	We started high school.	bda2f4e4-6057-5d03-af7e-05521ce1df54	23	23
Abbiamo cominciato le superiori.	We started high school.	e4bf3764-c705-56dc-89d8-768789604497	32	23
Cominciammo le superiori.	We started high school.	5fbde0ec-fd99-5073-ad19-d836475ef353	25	23
Rima ha iniziato le superiori.	Rima started high school.	2075c57e-1f56-5414-bc0a-e9a0924eaef1	30	25
Rima iniziò le superiori.	Rima started high school.	fbd31974-9a9d-5329-83c2-622d07a5c78b	25	25
Rima ha cominciato le superiori.	Rima started high school.	79244ec9-8c16-5828-8d77-3e0f66fd75e1	32	25
Rima cominciò le superiori.	Rima started high school.	f28e09e0-5faf-5441-9638-2630a4c965c7	27	25
Sami ha iniziato a saltare la scuola.	Sami started skipping school.	95fd0918-5c6a-580f-9637-b058f82fc1f5	37	29
Sami iniziò a saltare la scuola.	Sami started skipping school.	dfad0ea0-f76b-5417-9c3f-7e2bde12ccd5	32	29
Sami ha cominciato a saltare la scuola.	Sami started skipping school.	97ea3407-23b1-55cc-b0b3-1cde70ae31bb	39	29
Sami cominciò a saltare la scuola.	Sami started skipping school.	5606442b-97e2-5936-9d40-a05f8402db80	34	29
Si sono trasferiti in quella scuola.	They transferred to that school.	714494b2-d6a1-5015-af1a-b91a551f1eda	36	32
Si sono trasferite in quella scuola.	They transferred to that school.	c4e9f678-463c-501f-be7a-1b516d23c2a3	36	32
Si trasferirono in quella scuola.	They transferred to that school.	d5b34c6d-be51-5306-b48c-d4c0483b4cd3	33	32
È arrivata a casa da scuola.	She got home from school.	8db3ef68-9495-5862-ae54-42dc6afac092	28	25
Arrivò a casa da scuola.	She got home from school.	e1571bf2-d5c9-5255-b02c-55cb17f9f0e6	24	25
Dirige il coro scolastico.	He directs the school choir.	89aba28e-ef95-5df0-8d71-8f7f43d73700	26	28
Dirige il coro della scuola.	He directs the school choir.	9bd18426-f553-5380-b9fe-8325098e23c5	28	28
Amava andare a scuola.	He loved going to school.	cff46228-84b6-5c54-a16a-0e8fabfcb25f	22	25
Ziri è venuto a scuola oggi.	Ziri came to school today.	bd722dd9-d655-5370-adde-60c955b1fc60	28	26
Ci sarà scuola domani?	Will there be school tomorrow?	aeee8c00-4dd1-57ac-8d6c-53b7ff3d15be	22	30
Ci si vede a scuola domani.	See you at school tomorrow.	7e5f1d37-b27e-5bd5-9753-d755b7cce5f8	27	27
Ci vediamo a scuola domani.	See you at school tomorrow.	ba16745f-3846-5575-9e46-f805992aae67	27	27
Siamo alle superiori.	We're in high school.	0c1bd0cd-3efe-5c49-a138-20c9d7e2aa06	21	21
Sono alle superiori.	I'm in high school.	611aa63e-ca39-5937-b4dc-b51fceb43498	20	19
Quando hai finito la scuola?	When did you finish school?	8ef56a1f-4818-5e83-bc70-5d942af8e50b	28	27
Quando ha finito la scuola?	When did you finish school?	d7400770-b603-5d06-b039-036128669e71	27	27
Quando avete finito la scuola?	When did you finish school?	9e5324bf-610e-59de-9e1c-92492bfe05ca	30	27
Questa è una scuola fantastica.	This is an amazing school.	3428d01c-2675-5409-a76c-e30fdd9b47c6	31	26
Sei in ritardo per la scuola.	You're late for school.	d5f82a57-9a6c-5f88-bebc-8411b561a6b0	29	23
Siete in ritardo per la scuola.	You're late for school.	a4f8995f-4740-57b6-b7f8-923d1647cec9	31	23
È in ritardo per la scuola.	You're late for school.	eb476c4d-8d88-5b91-903e-ade4ac5b7a75	27	23
La scuola inizia il 10 aprile.	School starts on 10 April.	d8ee0369-b730-5183-8524-813d954f6dc4	30	26
La scuola comincia il 10 aprile.	School starts on 10 April.	5056a93f-157e-5417-8679-b41fe01c21e6	32	26
Ziri ha lasciato la scuola nel 2014.	Ziri quit school in 2014.	8f1527bf-7d31-5965-bbc2-b3dcbfb61b22	36	25
Ziri lasciò la scuola nel 2014.	Ziri quit school in 2014.	332c818d-ae90-597b-934a-711c4e424538	31	25
Ziri in realtà era a scuola.	Ziri was actually at school.	f2fbf634-f652-5d2e-94e6-f16755e6b5d5	28	28
Erano alle medie.	They were in middle school.	0c32010f-7dbd-53a4-9ef2-adbce92221eb	17	27
Eravamo alle medie.	We were in middle school.	bbe436ba-e5d4-5f30-87f0-effeb3101c65	19	25
Rima era alle medie.	Rima was in middle school.	bcec900d-5b79-5a00-87cf-47c7a143bf77	20	26
Era alle medie.	She was in middle school.	2edc8a4a-c9bc-5388-931b-e58549ea05fa	15	25
Ero alle medie.	I was in middle school.	938f8cd5-ce26-5af8-829a-cac3767b60cb	15	23
Eravamo a scuola ieri.	We were at school yesterday.	96a6e9f9-536b-57fc-80f2-c8e083406218	22	28
Eri a scuola ieri?	Were you at school yesterday?	e0d147ca-a9cd-51e3-918f-7be0808d4d8f	18	29
Era a scuola ieri?	Were you at school yesterday?	cd9e2778-f57a-57fa-964e-9f77c231c333	18	29
Eravate a scuola ieri?	Were you at school yesterday?	8d71e44f-2bae-5d32-a383-9cba28d93672	22	29
L'anno scolastico inizia presto.	The school year starts soon.	1fd5d00e-539f-506e-9bd9-d2eec6355949	32	28
L'anno scolastico comincia presto.	The school year starts soon.	46ab5d13-b002-553e-94f7-f5ab9539b6fd	34	28
Domani inizierò la scuola.	Tomorrow I'll start school.	28871e69-86a6-52eb-97f1-4bac1033d881	26	27
Domani comincerò la scuola.	Tomorrow I'll start school.	35d5c9a6-af2f-5717-9fec-6b9e083a4e75	27	27
Hanno imparato il berbero a scuola.	They learned Berber at school.	e64fec55-8788-5c6f-b06a-e60c2b19e2c3	35	30
Impararono il berbero a scuola.	They learned Berber at school.	51d10de5-25f2-555a-b726-45ccac828151	31	30
Abbiamo imparato il berbero a scuola.	We learned Berber at school.	787e87fb-14b2-5040-b8ea-152d0623fc5b	37	28
Imparammo il berbero a scuola.	We learned Berber at school.	16002094-1fc8-59bb-a021-130cf047898b	30	28
Rima ha imparato il berbero a scuola.	Rima learned Berber at school.	5bf9fed0-ed4d-5b78-aa87-fdf0e9b8178c	37	30
Rima imparò il berbero a scuola.	Rima learned Berber at school.	6fe7200b-ccfc-5bcd-9a2f-1e24df4dbf68	32	30
Ha imparato il berbero a scuola.	She learned Berber at school.	44a33aa2-5815-57e1-ba53-0b0388acf88f	32	29
Imparò il berbero a scuola.	She learned Berber at school.	dda34f37-4b86-516d-8034-a5e0b8295025	27	29
Dov'è la scuola di lingue?	Where is the language school?	d20b7cf6-f60a-5aed-a1e0-1031632422df	26	29
Ziri era alle superiori.	Ziri was in high school.	62bc681e-15ca-5105-ab29-a6ae5bef2707	24	24
Mi piaceva la scuola.	I used to like school.	0eb16fa4-ec82-5c7b-996b-b8c2d19e2289	21	22
A me piaceva la scuola.	I used to like school.	915cbbf0-b392-59d9-9d0c-51f582bc1b80	23	22
Ziri era alle medie.	Ziri was in middle school.	e9b2ae15-b3d2-5a46-896e-6dab09d0b8bd	20	26
Rima indossava un'uniforme scolastica.	Rima wore a school uniform.	9c1449f3-e5aa-57cc-9cfc-adaf4bd96470	38	27
Tom ne ha bisogno per la scuola.	Tom needs that for school.	c2059c46-9fbf-5219-ba76-9720ba5d4572	32	26
A Tom serve per la scuola.	Tom needs that for school.	914a14c9-5a64-5e33-b0f6-b947f6ad967f	26	26
Questa scuola ha molti alunni.	This school has many pupils.	e4d304ca-4fda-5d9e-8a13-8f6bfb87070e	30	28
Sono andati in quella scuola.	They went to that school.	042823da-5e9d-5322-b0a1-78d210854ec2	29	25
Sono andate in quella scuola.	They went to that school.	4ef6dc68-898a-5a24-a7b8-c52e5e4c71fd	29	25
Andarono in quella scuola.	They went to that school.	560541cf-fca6-5736-adf5-033732b21cb4	26	25
Siamo andati in quella scuola.	We went to that school.	2a63822f-350f-5e18-a7ff-5247ff5ee789	30	23
Siamo andate in quella scuola.	We went to that school.	95f23632-748b-5b94-9053-19ad385de40d	30	23
Andammo in quella scuola.	We went to that school.	96521de7-466c-525f-a672-bc60493d207c	25	23
È andata in quella scuola.	She went to that school.	8f69c174-ef24-5947-8153-d92a29ce0aa6	26	24
Andò in quella scuola.	She went to that school.	a6a01582-b893-5586-84ba-29966c2521dd	22	24
È andato in quella scuola.	He went to that school.	99bebe46-af73-5710-9f83-d38f8e62372f	26	23
Sono andato in quella scuola.	I went to that school.	86198d5e-8126-51d5-a1fb-908d580e3627	29	22
Sono andata in quella scuola.	I went to that school.	df69eff0-8fbc-5856-9e54-c53a6de0531b	29	22
Andai in quella scuola.	I went to that school.	1d98457a-de5d-54f1-a7e9-c64b12c5fa02	23	22
La scuola inizia alle 8:40.	School starts at 8.40.	1cf63c76-171c-5ecd-9a2f-f3e458a4af1d	27	22
La scuola comincia alle 8:40.	School starts at 8.40.	740f7a42-ce12-5ee4-9e46-cce7500e6d43	29	22
Ziri vive qui per la scuola.	Ziri lives here for school.	97fa3ace-41c0-50b2-8edd-efa7f7bdd39c	28	27
Ziri vive qua per la scuola.	Ziri lives here for school.	8520b421-4d82-5c27-8f89-fb78fe3fb684	28	27
Ziri è alle medie.	Ziri is in middle school.	f4ab6d4c-5bd7-5758-a034-6871a29e8c8f	18	25
Yanni è popolare a scuola.	Yanni is popular at school.	6b8c88ba-5822-5483-b843-baf9b537a6af	26	27
Yanni è famoso a scuola.	Yanni is famous at school.	495c0783-4b0a-5528-926d-07c2b55007f3	24	26
Tom è andato a scuola oggi.	Tom went to school today.	161c42de-df09-5fe8-8059-244b7ce6ff1d	27	25
Yanni è andato a scuola oggi.	Yanni went to school today.	848c80f8-81b9-5b24-b827-15a4828cd1d1	29	27
Yanni è venuto in questa scuola.	Yanni came to this school.	56c72f1c-85ed-5348-822d-2b0430201539	32	26
Yanni venne in questa scuola.	Yanni came to this school.	91d5a1e0-3c95-5986-8eb3-40b21e44e22b	29	26
Forse è un ateo come loro?	Maybe he's an atheist like them?	c58a0fd9-bb2a-5709-93b8-6d7369c99749	26	32
Skura ha iniziato le superiori.	Skura has started high school.	68741aa8-5930-551d-8efa-307cea838d52	31	30
Skura ha cominciato le superiori.	Skura has started high school.	d75dee1c-dc1b-5e5c-8a44-52fd19c60ebf	33	30
Yanni ha finito la scuola alle quattro.	Yanni finished school at four.	254b33bb-17a0-5296-a5e9-1f140b86e327	39	30
Yanni finì la scuola alle quattro.	Yanni finished school at four.	19948897-2862-50fc-a8f5-b2e5904a917e	34	30
Tom l'ha fatto dopo la scuola.	Tom did that after school.	81c629b3-c8e4-5213-993c-c6bcd026acc4	30	26
Tom lo fece dopo la scuola.	Tom did that after school.	9dc360f8-b971-5a52-a040-141898c43e98	27	26
Tom ha saltato la scuola lunedì.	Tom skipped school on Monday.	ff7bb0fc-c9e0-51a7-99ab-6bee3682ad9e	32	29
Tende a saltare la scuola.	He tends to skip school.	bbca69cb-f1dd-54a7-918b-f60f55fe0772	26	24
Il ketchup dovrebbe essere denso.	Ketchup should be thick.	ea7ca36d-3d04-56ea-afdf-f8d416bed112	33	24
Tom ha comprato delle patatine al ketchup.	Tom bought some ketchup chips.	060e0d59-6eb6-5fdb-babc-e87f496cbba6	42	30
Tom comprò delle patatine al ketchup.	Tom bought some ketchup chips.	4d003920-f594-51cd-b390-0598ea0a2c7c	37	30
Il ketchup e la senape sono condimenti.	Ketchup and mustard are condiments.	1108bb0c-0ea2-5d52-aaa9-3854af87416b	39	35
Il ketchup e la senape sono dei condimenti.	Ketchup and mustard are condiments.	2ee9350e-b5a1-5330-a05f-160435545999	43	35
Mi piace la senape.	I like mustard.	2667c10a-d69c-5dc8-91ac-9ac0196052aa	19	15
A me piace la senape.	I like mustard.	1349abb5-7931-5505-a317-0d964e23b189	21	15
Passa la senape, per favore.	Pass the mustard, please.	68e6d681-fae3-5589-9568-0bfbe21c369d	28	25
Passa la senape, per piacere.	Pass the mustard, please.	ed64bf2e-b3a7-5e2b-9b25-adc3f9d7a6a6	29	25
Passate la senape, per favore.	Pass the mustard, please.	e588ce94-60cb-567d-817a-86d96736a2fc	30	25
Passate la senape, per piacere.	Pass the mustard, please.	1f26858f-2e08-5a11-abe2-bfaed377c1d1	31	25
Passi la senape, per favore.	Pass the mustard, please.	8763fdb0-91cd-55d9-b944-8873f556a0b5	28	25
Passi la senape, per piacere.	Pass the mustard, please.	72d60de5-b2d9-53dc-b19a-ab017f2abb11	29	25
Questa senape è gialla.	This mustard is yellow.	b68701a6-f885-5306-9e78-5185bc41c463	23	23
Le giraffe sono di color senape.	Giraffes are mustard colored.	75ac7d40-dd91-503a-bbe3-b415e9029a47	32	29
Sami ha portato della senape.	Sami brought some mustard.	1fa05581-bf04-52d2-bde0-0cba022fa201	29	26
Sami portò della senape.	Sami brought some mustard.	25ee52f1-1867-56ed-8b39-3c0145b41908	24	26
Vladimir era allergico alla senape.	Vladimir was allergic to mustard.	87915081-c94f-5b8c-8ce4-a6d820369d29	35	33
Ho dimenticato di comprare la senape.	I forgot to buy mustard.	67a1f392-d1dc-586a-9e6a-0ddada45982e	37	24
Dimenticai di comprare la senape.	I forgot to buy mustard.	dc914a18-badc-587e-93b9-a8e968269825	33	24
Abbiamo della senape?	Have we got any mustard?	65309581-b5c8-593d-8dc9-2561feea4361	21	24
Non dimenticare di portare la senape.	Don't forget to bring the mustard.	fbc5367e-2ae3-58fe-8839-c6c030bf15d1	37	34
Non dimenticate di portare la senape.	Don't forget to bring the mustard.	8085c7ba-66a9-58fe-ab4c-74a7bd2a0b7a	37	34
Non dimentichi di portare la senape.	Don't forget to bring the mustard.	477951ed-51c5-5900-84ff-70a2371ada90	36	34
Sami ha messo la senape in frigo.	Sami put the mustard in the fridge.	75617ef0-0f76-592d-96ef-6c5e7bf24c62	33	35
Sami mise la senape in frigo.	Sami put the mustard in the fridge.	0dc86c86-87bb-5766-9300-c9d5c974bab9	29	35
C'è una macchia di senape sulla sua cravatta.	There's a mustard stain on his tie.	80aaf4a6-41b0-515a-867f-1e829fa19f42	45	35
Non mettere della senape nel mio sandwich.	Don't put any mustard on my sandwich.	0969c66c-c467-5f37-8598-24c6022dfbe0	42	37
Non mettete della senape nel mio sandwich.	Don't put any mustard on my sandwich.	985470b2-be5a-52c0-a744-2d740ae5bec5	42	37
Non metta della senape nel mio sandwich.	Don't put any mustard on my sandwich.	79d41cda-3695-555a-ab35-0bfa7ecd50f5	40	37
Il trucco è aggiungere un pizzico di senape.	The trick is to add a pinch of mustard.	63635709-9759-57e2-bb5a-ed187bcc73d0	44	39
La maionese è chimica pura.	Mayonnaise is pure chemistry.	1c419bab-e641-51c9-ad80-1042802fb0d0	27	29
Non riesco a vivere senza maionese.	I cannot live without mayonnaise.	a478a903-d3df-5d9a-9330-3109fee4a149	35	33
Non posso vivere senza maionese.	I cannot live without mayonnaise.	96ab0b1d-9515-53b0-92b1-41de36a4124c	32	33
Odora sempre di maionese.	He always smells like mayonnaise.	d6e1e83e-7ff8-58d5-9c21-35f982d914cd	25	33
Lui odora sempre di maionese.	He always smells like mayonnaise.	6f51e802-1bb1-5a5b-ad13-b7250b45b54d	29	33
Ha spalmato della maionese sul panino.	He spread mayonnaise on the bun.	32edcc09-d75b-5c79-be47-a30369165b31	38	32
Spalmò della maionese sul panino.	He spread mayonnaise on the bun.	ca3e2a9a-3a10-51bb-a5f5-95bef2db8a24	33	32
Quando hai comprato questa maionese?	When did you buy this mayonnaise?	2d019ef3-7b57-57ef-bedb-8b1a337fec02	36	33
Quando ha comprato questa maionese?	When did you buy this mayonnaise?	3af731bb-cd9a-592b-86bf-06e4f057891e	35	33
Quando avete comprato questa maionese?	When did you buy this mayonnaise?	aa166840-a2c4-5a3d-ba63-e2ded9345937	38	33
Non dimenticare di comprare della maionese.	Don't forget to buy some mayonnaise.	b0c78750-7966-55a1-86dc-ab784ae45b4c	43	36
Non dimenticate di comprare della maionese.	Don't forget to buy some mayonnaise.	0e3dbcc7-b82d-5c04-9524-531d3687fe00	43	36
Non dimentichi di comprare della maionese.	Don't forget to buy some mayonnaise.	48f058b4-87e7-54d4-aa9b-b97e9030a4df	42	36
Posso prendere il sandwich senza maionese?	Can I get the sandwich without mayonnaise?	83997d02-72fe-5056-91ea-9fd61c217478	42	42
Lui studia il cinese.	He studies Chinese.	85e15524-2abd-5156-a6ad-965ef5583510	21	19
La maionese non è altro che chimica.	Mayonnaise is nothing but chemistry.	3d9d8ca4-4156-57b7-a7f2-ada2a0f78613	36	36
Tom sa suonare la maionese.	Tom can play the mayonnaise.	dc5cb4d9-dff6-56c1-aff6-dc27f7b35927	27	28
Maria prepara una maionese eccezionale.	Maria makes an outstanding mayonnaise.	edded5f5-764a-5ce2-a6b3-e67e5c6b9566	39	38
Maria fa una maionese eccezionale.	Maria makes an outstanding mayonnaise.	ead6adf3-4d97-5b92-a8e9-c7744e3f8e73	34	38
Ha spalmato la maionese sul panino.	He smeared mayonnaise on the bun.	0eaea85a-6c5c-51ee-8b9b-b97e4594551e	35	33
Spalmò la maionese sul panino.	He smeared mayonnaise on the bun.	e75e5f6f-7b20-5679-8ee9-1eaa4b9617b4	30	33
Ho altro da dire.	I have more to say.	f5157ee2-6404-5d2e-838c-b4dcb6475459	17	19
Dovete aprire la finestra?	Do you have to open the window?	88ae0ef1-0396-5305-a93d-a728dd08e145	26	31
Mi manca un libro!	I'm missing a book!	f0599ea4-ca61-555e-a6f9-659e2853a97c	18	19
Lo spazio è molto grande.	Space is very big.	7e855562-e9c5-5d7e-9f17-4eed9537a57d	25	18
Stanno avendo una disputa riguardo ai soldi.	They're having a dispute about money.	6c968c76-6822-518f-b564-5a5bd7bf68b7	44	37
Stanno avendo una disputa riguardo al denaro.	They're having a dispute about money.	c5fd30d8-473e-57e5-b564-1e0dfa62fde2	45	37
Dille che sto pensando ad una soluzione.	Tell her that I am thinking about a solution.	df5d3627-698e-5253-b2b8-f36739684ee1	40	45
Le dica che sto pensando ad una soluzione.	Tell her that I am thinking about a solution.	fcb62a70-6f62-50d2-9f94-16182c4ad37d	42	45
Ditele che sto pensando ad una soluzione.	Tell her that I am thinking about a solution.	d1ec2b46-a46e-5ea4-b6ee-a155f9ea51df	41	45
Mary pensa di sapere cosa fare.	Mary thinks she knows what to do.	9285687a-a06e-5699-a180-5b58ee71a283	31	33
Mary pensa di sapere che cosa fare.	Mary thinks she knows what to do.	789a1422-44c6-506e-a764-6935a9951f7d	35	33
Mary non ce la farà, vero?	Mary isn't going to make it, is she?	b59b1649-7144-5d37-ad00-08d2f14e7487	26	36
Spero che Mary sappia cosa deve fare.	I hope Mary knows what she has to do.	f277a420-a38e-5ccc-bca1-09f06cda3d7c	37	37
Spero che Mary sappia che cosa deve fare.	I hope Mary knows what she has to do.	3cf6a988-4f76-5d5b-9097-7928620b0e73	41	37
Mary ha promesso che lo avrebbe fatto per noi.	Mary promised she'd do that for us.	9931f769-f87d-5657-b328-45318dcb8b4d	46	35
Mary promise che lo avrebbe fatto per noi.	Mary promised she'd do that for us.	657d4786-a224-599c-94d1-3625d33b1068	42	35
Un camion era apparso all'improvviso dal nulla.	A truck had suddenly appeared out of nowhere.	5f6979dc-f83f-57c6-a643-54f3f3e0bc5e	47	45
Ci sono cartelli nei dintorni?	Are there any signs nearby?	f70d7a64-0f6b-5ea6-940d-abcf741527f8	30	27
Mary dice che non ha mai baciato Tom.	Mary says she's never kissed Tom.	c293edf3-e959-53d8-99ca-68b73da2fcd5	37	33
Mary parla come se sapesse tutto.	Mary talks like she knows everything.	f2b4f5d2-ccf2-5122-8503-19e9beac65f5	33	37
Mary parla come se conoscesse tutto.	Mary talks like she knows everything.	50904afc-0c18-5773-aa64-866114c0b533	36	37
Mary è ancora confusa, vero?	Mary is still confused, isn't she?	b93b486a-70b4-5c2b-9656-4d98b776eabc	28	34
Mary ha detto che non voleva un drink.	Mary said she didn't want a drink.	a1ad23e6-28d0-58b4-9377-0e3f4ff54d11	38	34
Mary disse che non voleva un drink.	Mary said she didn't want a drink.	d3e7cd3a-0a05-5694-a73b-3e76188eec68	35	34
Mary è discretamente stupida, vero?	Mary is pretty dumb, isn't she?	04aa9b39-73b0-5acc-ae22-efb9da1e5a49	35	31
Mary ha detto che era pronta.	Mary said that she was ready.	2cf0e918-d30a-5747-8347-1b5c7d3272f5	29	29
Mary disse che era pronta.	Mary said that she was ready.	b8c9762d-24b5-5b67-8f53-8c91b3488bf8	26	29
Mary sapeva che Tom la amava.	Mary knew that Tom loved her.	28252b9c-8329-5d67-9d57-0d0c5eea3ec2	29	29
Mary ha detto che voleva il mio aiuto.	Mary said she wanted my help.	74e202eb-1de7-5b12-bc01-9c3bc1ada98c	38	29
Mary disse che voleva il mio aiuto.	Mary said she wanted my help.	6d16426e-3b42-56e5-af51-70a8a94901bd	35	29
Mary ha detto che era sorpresa.	Mary said that she was surprised.	eb7ba130-d9a6-54c2-8e8d-e54ac68737a6	31	33
Mary disse che era sorpresa.	Mary said that she was surprised.	e0e6326f-db3d-53f5-b664-e794e2059570	28	33
Mary non è molto fantasiosa, vero?	Mary isn't very imaginative, is she?	6a877482-9912-5905-a553-852f31e33add	34	36
Mary è una persona molto tranquilla, vero?	Mary is a very quiet person, isn't she?	11bba9c6-2f65-5f6b-8786-77b0e0780022	42	39
Mary spera che sarà assunta.	Mary is hoping she'll be hired.	43dc25c0-2d98-5886-aec0-151fa445fbf9	28	31
Mary passa tutto il suo tempo a studiare.	Mary spends all her time studying.	54839ea4-f8f8-5366-bae3-7bd8944d78cf	41	34
Mary trascorre tutto il suo tempo a studiare.	Mary spends all her time studying.	58be9e9d-988f-5687-88bc-6b646a961a1a	45	34
Mary non vuole che tu vada, vero?	Mary doesn't want you to go, does she?	d11ea084-21f0-5705-b24d-b7a31844e2d5	33	38
Mary non vuole che lei vada, vero?	Mary doesn't want you to go, does she?	4c76847f-590f-5051-bfe8-5602d9c9743d	34	38
Mary non vuole che andiate, vero?	Mary doesn't want you to go, does she?	cd4284ca-f2e1-5ddd-aba5-05566f16d173	33	38
Mary non vuole che voi andiate, vero?	Mary doesn't want you to go, does she?	29396d76-2421-5a3e-8625-43e1423de593	37	38
Mary non voleva che Tom la vedesse piangere.	Mary didn't want Tom to see her cry.	3d370a29-d02d-5ca5-90b4-c716b6d990a7	44	36
Mary mi ha detto che si stava sentendo male.	Mary told me she was feeling bad.	b3548cfd-5ab5-5cd1-9d15-327f4307db0b	44	33
Mary mi disse che si stava sentendo male.	Mary told me she was feeling bad.	3f8448b8-459c-534d-a140-4cb3e2c2c85f	41	33
Mary mi ha detto che non parlava il francese.	Mary told me she didn't speak French.	ab69bf9f-d80a-5477-86e6-07ac35878904	45	37
Mary mi disse che non parlava il francese.	Mary told me she didn't speak French.	6fb8f07e-810b-52b8-ada0-a8e738fdba28	42	37
Mary dice che non bacerebbe mai Tom.	Mary says she'd never kiss Tom.	ad2eacfd-4b9d-5b79-8078-3f31d5de16f9	36	31
Mary ha detto che voleva imparare il francese.	Mary said that she wanted to learn French.	aac84e3c-3415-5e3d-923d-1efa81126399	46	42
Mary disse che voleva imparare il francese.	Mary said that she wanted to learn French.	8a39e4ba-28f1-5f95-90d0-de687995a55c	43	42
Dai a Mary tutto quello che chiede.	Give Mary everything she asks for.	1c57dcd3-8ba9-5219-8de2-14596c915edb	35	34
Dia a Mary tutto quello che chiede.	Give Mary everything she asks for.	f24ae94f-e4bd-597a-aefa-3f7c0974eff5	35	34
Date a Mary tutto quello che chiede.	Give Mary everything she asks for.	070a0e62-9827-5b21-b63e-61a98dbc94b1	36	34
Mary ha detto che aveva molta fame.	Mary said she was very hungry.	3572dba5-0898-5052-af07-6ba6d0e5bf51	35	30
Mary disse che aveva molta fame.	Mary said she was very hungry.	7235d3a9-bd64-5625-b352-94a7d29b1343	32	30
Mary ha detto che era molto affamata.	Mary said she was very hungry.	ec8412e9-ed6d-5cbd-aadb-afefb900efdf	37	30
Mary disse che era molto affamata.	Mary said she was very hungry.	e2ea6c9a-5b61-5473-a355-a445bd08b019	34	30
Perché non compri qualcosa per Tom?	Why don't you buy something for Tom?	d02a23d5-7c5f-5261-8c1c-a3ba0f91953e	35	36
Perché non compra qualcosa per Tom?	Why don't you buy something for Tom?	d6291dbc-598f-5d6b-bdc4-5c4e24857697	35	36
Perché non comprate qualcosa per Tom?	Why don't you buy something for Tom?	143c6d61-6931-522a-b531-1648ab49557f	37	36
Tom lavora come insegnante a scuola.	Tom works as a teacher at the school.	5ce562ea-c86f-5fa7-a861-6cca37b67c37	36	37
Mary è una cantante molto brava, vero?	Mary is a very good singer, isn't she?	5acdf259-d4c5-54d9-97d3-2e08b0fb7e30	38	38
Mary è seduta al suo solito tavolo.	Mary is sitting at her usual table.	98d77d30-8cec-545f-86b6-74f10fc54bf6	35	35
Mary ha detto che ha chiamato Tom lunedì sera.	Mary said she called Tom Monday evening.	1be0e864-94c2-5b54-90d0-d96b92fa3756	46	40
Mary ha detto di avere chiamato Tom lunedì sera.	Mary said she called Tom Monday evening.	4ed26935-46cf-5531-aef4-c22e11630e0d	48	40
Mary ha quasi sempre ragione, vero?	Mary is almost always right, isn't she?	2a5348fc-66b3-5549-86c8-dd2eeebe27d8	35	39
Mary voleva essere proprio come sua madre.	Mary wanted to be just like her mother.	b00dc05e-6fbb-5560-868b-672fc74fab74	42	39
Mary abita a Boston, vero?	Mary lives in Boston, doesn't she?	8b6d5fe7-eadb-561e-b3b3-26e7c821780b	26	34
Mary non sa perché Tom non era alla sua festa.	Mary doesn't know why Tom wasn't at her party.	b7aa9975-ac7d-532a-be37-10029680dbfd	46	46
Non può aver rifiutato la sua offerta.	She cannot have turned down his offer.	123c1465-79c4-5d28-9405-4a1b6894c34b	38	38
Non può avere rifiutato la sua offerta.	She cannot have turned down his offer.	6504950f-4204-5fa7-9227-dae194e4f952	39	38
Mi affrettai per non arrivare tardi a scuola.	I hurried in order not to be late for school.	cd5bff61-f579-5b19-8da9-dbecb6a20d1f	45	45
Mi sono sbrigato per non arrivare tardi a scuola.	I hurried in order not to be late for school.	2a795876-8502-5f1f-bfdd-a6318329ecba	49	45
Mi sono sbrigata per non arrivare tardi a scuola.	I hurried in order not to be late for school.	fbefa693-d7a6-57f9-99f1-0dd7eb392037	49	45
Mi sbrigai per non arrivare tardi a scuola.	I hurried in order not to be late for school.	27eb3ab6-a053-500a-861a-1d634edf1e44	43	45
Aveva la sua vecchia auto da più di dieci anni.	He had had his old one for more than ten years.	6c546162-28d7-55d0-9461-aa4ffeaf90c2	47	47
Il cuore di un uomo è grande quanto il suo pugno.	A man's heart is about as large as his fist.	e0f4fad6-49c6-532a-9d89-b02e45da546d	49	44
Mary non sapeva cosa stava facendo.	Mary didn't know what she was doing.	e393b6ea-e0cb-577d-a975-abcbf434a9d9	35	36
Mary non sapeva che cosa stava facendo.	Mary didn't know what she was doing.	cfc3dd54-918f-5746-acc3-4dc6e67d0e78	39	36
Ha saltato attraverso la pozzanghera.	He jumped across the puddle.	a00e1543-b94a-5e25-8cb5-0281db88fd08	37	28
Saltò attraverso la pozzanghera.	He jumped across the puddle.	64d9b65e-7f0f-5928-9b31-f72347bf495d	32	28
Mary ha detto che preferirebbe non nuotare.	Mary said she'd rather not swim.	cfc7a26d-6efe-54ae-b5fb-b9313d9234db	43	32
Sarà un buon capitano della squadra.	He will make a good team captain.	e78cad77-875e-5e32-8280-07e4671bfbd8	36	33
Dobbiamo prendere accordi con loro in anticipo.	We must make arrangements with them beforehand.	780cdce7-03e0-591f-8710-be2ba0f0187b	47	47
Mary ha detto che avrebbe mangiato con noi?	Did Mary say she'd eat with us?	51114c2e-fc63-57a5-984c-213b8cfb36ad	43	31
È una specie di collezionista di francobolli.	He is something of a stamp collector.	2db94036-37d0-5405-875c-8d59e52210c9	45	37
Posso prendere in prestito la tua Ford per domani?	Can I borrow your Ford for tomorrow?	de69406d-1753-53ce-a7a8-48837a32036e	50	36
Posso prendere in prestito la sua Ford per domani?	Can I borrow your Ford for tomorrow?	8a32d126-5f5c-56b2-9bde-f2ed883c4938	50	36
Yanni odia quel supermercato.	Yanni hates that supermarket.	8b9af99f-bd7d-5fc8-a1f1-1ebef5b9cbea	29	29
Il supermercato è chiuso.	The supermarket is closed.	0fdc7d35-6f23-5b93-b394-313ed95545ce	25	26
Ho sentito dire che il cielo è molto bello lì.	I hear the sky is very beautiful there.	100a8cac-5d82-5b89-b8e7-c2c778665c7a	46	39
Ho sentito dire che il cielo è molto bello là.	I hear the sky is very beautiful there.	cadbb3f2-d311-594e-8767-29f589c1df1c	46	39
Il supermercato è già chiuso?	Is the supermarket already closed?	842d1de5-994f-5cd4-8b04-33766891711f	29	34
È arrivato al supermercato.	He arrived at the supermarket.	653530fa-acb3-5446-9953-2c58c76b66d3	27	30
Arrivò al supermercato.	He arrived at the supermarket.	e9c2e71c-609e-5432-b6dc-fb4df319b32f	23	30
Alexander visita spesso il supermercato.	Alexander often visits the supermarket.	2f875f40-1031-575a-88ee-c4a9a4810279	40	39
Mary lavora al supermercato.	Mary works at the supermarket.	976d0bc7-5080-546e-8f36-c9d1ea2dc71f	28	30
Quale supermercato preferisci?	Which supermarket do you prefer?	3e20b004-c25d-553b-a418-64134f5ad554	30	32
Quale supermercato preferisce?	Which supermarket do you prefer?	249cb203-ea98-5b79-8369-871db41c1d24	30	32
Quale supermercato preferite?	Which supermarket do you prefer?	68ffe816-3d45-5b91-a8f6-bf72d24e2e28	29	32
Lavoro in un supermercato.	I work at a supermarket.	83401862-fcc8-5164-bf68-d8e97f62b23b	26	24
Leonid è andato al supermercato.	Leonid went to the supermarket.	ba1379ba-f3e2-57ff-8093-1cc4e03ff3ed	32	31
Leonid andò al supermercato.	Leonid went to the supermarket.	3de17258-b883-5e43-931d-14b344bc0c77	28	31
È vicino al supermercato.	It's near the supermarket.	3e5a9700-0e37-5757-983d-fca2272171f0	25	26
È vicina al supermercato.	It's near the supermarket.	9b555f9a-b028-5355-9063-817e2251e4cd	25	26
Il supermercato era chiuso oggi.	The supermarket was closed today.	e9195229-a128-5ab0-be51-aa14601e8a68	32	33
Tom è andato a piedi al supermercato.	Tom walked to the supermarket.	18ce4b8a-0af0-570f-926c-65ca90a7ddbb	37	30
Tom andò a piedi al supermercato.	Tom walked to the supermarket.	389b1ede-6ec0-5310-91bd-77aa3e218908	33	30
Quel supermercato è super affollato.	That supermarket is super crowded.	2e551a63-aea6-59ed-bc58-0eece30c3406	36	34
Yanni era in un supermercato.	Yanni was in a supermarket.	860d300d-0e51-5a9b-9cac-1cbfbeb423a5	29	27
Yanni lavora al supermercato.	Yanni works at the supermarket.	c33939f9-18ea-512a-962c-22d339a0781c	29	31
Yanni è andato al supermercato.	Yanni went to the supermarket.	a75e7e52-9dd4-528d-b6d0-75566b875305	31	30
Yanni andò al supermercato.	Yanni went to the supermarket.	7e923f24-6103-520f-a958-09149bf479d7	27	30
Potresti prestarmi una spillatrice, per favore?	Will you please lend me a stapler?	8b4759ab-e945-58f2-858a-68729c88ae55	47	34
Potresti prestarmi una spillatrice, per piacere?	Will you please lend me a stapler?	d9a22a00-c99d-5905-b38a-7559a0ca1f47	48	34
Potreste prestarmi una spillatrice, per favore?	Will you please lend me a stapler?	3872923f-7e0c-5b2c-92e0-acbe73dff35a	47	34
Potreste prestarmi una spillatrice, per piacere?	Will you please lend me a stapler?	d9e339fb-0395-518b-a48a-3bff1676b5c6	48	34
Potrebbe prestarmi una spillatrice, per favore?	Will you please lend me a stapler?	628556fb-2188-577a-a634-b21067ce2ea2	47	34
Potrebbe prestarmi una spillatrice, per piacere?	Will you please lend me a stapler?	12e5c92b-3608-57e8-bcb3-43866fc2fc30	48	34
Mi potresti prestare una spillatrice, per favore?	Will you please lend me a stapler?	9373f1f1-a122-5a77-8d56-5e65547d4b44	49	34
Mi potresti prestare una spillatrice, per piacere?	Will you please lend me a stapler?	e7704304-7a77-58b8-a699-49e5894b82e6	50	34
Mi potreste prestare una spillatrice, per favore?	Will you please lend me a stapler?	9ac09287-d624-5c92-b9b8-3d02ed8e4ad2	49	34
Mi potreste prestare una spillatrice, per piacere?	Will you please lend me a stapler?	7c17fe67-3e8e-5a4b-8d9d-c829bd97fa31	50	34
Mi potrebbe prestare una spillatrice, per favore?	Will you please lend me a stapler?	40f67fc7-e9f4-53f4-82ed-6e01bcee747d	49	34
Mi potrebbe prestare una spillatrice, per piacere?	Will you please lend me a stapler?	3505652f-79d9-5ef0-902c-930576f1a092	50	34
Mary ha detto che era pronta a partire.	Mary said that she was ready to leave.	76bfdfe5-15a6-51ad-ba68-b9d49cbdabd6	39	38
Mary disse che era pronta a partire.	Mary said that she was ready to leave.	f82f845f-b8a3-5612-a261-a03ec3b29839	36	38
È uscito dalla stanza in silenzio.	He silently went out of the room.	d14ccd7f-8426-5cde-8289-60e4694857bb	34	33
Uscì dalla stanza in silenzio.	He silently went out of the room.	a2e64de5-1b88-57d7-ad1f-fa2ecaca3ea1	30	33
Tom vive vicino ad un supermercato.	Tom lives near a supermarket.	f44aa1eb-e01e-5557-9d26-3121e86574b3	35	29
Tom abita vicino ad un supermercato.	Tom lives near a supermarket.	5bd1cc49-5d00-51c8-9cb0-aa993f105ebd	36	29
Quando apre il supermercato?	When does the supermarket open?	e84b98e4-1a89-54bb-8142-204f8daa931c	28	31
Mary lavora in un supermercato.	Mary works in a supermarket.	7e6750a6-ff86-5047-a311-fe73fa23d3b6	31	28
Dichiaro questo supermercato aperto.	I declare this supermarket open.	4cc87e04-e1fa-50bc-a5da-f5557b104ba3	36	32
Tom ha guidato fino al supermercato.	Tom drove to the supermarket.	1feac1e3-d2bb-51d0-9e1d-09561ad9ab11	36	29
Tom guidò fino al supermercato.	Tom drove to the supermarket.	c9ee2e26-85e0-56b4-b312-de3888d9c9d4	31	29
Tom è al supermercato.	Tom is at the supermarket.	1fcec71b-18a5-5fcf-bc81-a5bc6f7eea11	22	26
Tom andò al supermercato.	Tom went to the supermarket.	877999c8-aef9-5bfa-961f-8a8c47366357	25	28
Tom lavora al supermercato.	Tom works at the supermarket.	e9ee2f50-3253-542e-992b-499fb68c3b6b	27	29
C'è un supermercato nei paraggi?	Is there a supermarket nearby?	9d890049-7e10-5c0a-a75c-82fc2d741708	32	30
C'è un supermercato nei dintorni?	Is there a supermarket nearby?	d933075e-ed39-5c7a-b23c-2b726d6e2ac5	33	30
Cos'è stato comprato al supermercato?	What was bought at the supermarket?	435ad15a-6672-5412-8d2e-01ad094965f8	37	35
Cosa è stato comprato al supermercato?	What was bought at the supermarket?	f26122fb-d3ef-53e1-86f8-fc59d57ff7c9	38	35
Cosa fu comprato al supermercato?	What was bought at the supermarket?	8e5a9c1a-951b-50d9-865a-9ab48f6a7540	33	35
Tom probabilmente è andato al supermercato.	Tom probably went to the supermarket.	1887acd6-d723-5f76-8862-af9f3378057c	43	37
Tom probabilmente andò al supermercato.	Tom probably went to the supermarket.	e7c6fb85-8a6b-501f-8e64-bd10c2e0349e	39	37
Sono stato a quel supermercato.	I've been to that supermarket.	e9d3ba3e-5280-534b-bf17-f9a981c7dd75	31	30
Sono stata a quel supermercato.	I've been to that supermarket.	7765f07b-70a2-5359-aebf-13632fe02e9f	31	30
Mary chiamò per dire che sarebbe stata in ritardo.	Mary called to say she'd be late.	8a5ed27a-3174-5220-b41a-ac4101a7eb7c	50	33
Mary ha detto che ci avrebbe aspettati.	Mary said that she'd wait for us.	0b37d491-b755-5a78-ac7c-69d3a1ce7404	39	33
Mary ha detto che ci avrebbe aspettate.	Mary said that she'd wait for us.	8e148d59-dcfc-5c11-a9c6-563ddf1c6460	39	33
Mary disse che ci avrebbe aspettati.	Mary said that she'd wait for us.	d4b0e608-dbde-595e-a060-b1ea12cb3ad1	36	33
Mary disse che ci avrebbe aspettate.	Mary said that she'd wait for us.	ca08b369-f5b1-5ef2-98a0-6c02e91b1e23	36	33
Mary mi ha detto che non era in Australia.	Mary told me she wasn't in Australia.	91bafae2-6899-5e11-a63f-18203be6694b	42	37
Mary mi disse che non era in Australia.	Mary told me she wasn't in Australia.	d15eac5e-e89b-5dab-ac9c-7cd8cf9139e0	39	37
Mary dice che non ha nuotato.	Mary says she didn't swim.	b3e5f669-524c-5bfc-bb19-9bf900b57d4c	29	26
Compro sempre in questo supermercato.	I always shop at this supermarket.	7dc4b213-d4f7-53c8-a685-a33cf85fbe58	37	34
Ziri ha preso questo al supermercato.	Ziri got this at the supermarket.	f46895d0-93fd-5de6-9879-20236e5dd09d	37	33
Ziri prese questo al supermercato.	Ziri got this at the supermarket.	a5cb5055-766c-5de2-9a49-0b3bfe1b2357	34	33
Sembri molto felice stamattina.	You look very happy this morning.	033000da-43a7-59cf-8a3c-35765231c30a	31	33
Sembri molto felice questa mattina.	You look very happy this morning.	66226bcc-a739-5a7a-b5a4-986731235583	35	33
Sembra molto felice stamattina.	You look very happy this morning.	fc41f88a-ca82-5a61-a71f-c22dbaabd350	31	33
Sembra molto felice questa mattina.	You look very happy this morning.	6de265bd-3669-5187-ade1-39c13b2f2ace	35	33
Sembrate molto felici stamattina.	You look very happy this morning.	6b1db45b-01ae-561d-9d82-1fe35a4656e4	33	33
Sembrate molto felici questa mattina.	You look very happy this morning.	25715d11-7821-50cd-94ae-1b8257e5a848	37	33
Tom ha visto Mary al supermercato.	Tom saw Mary at the supermarket.	ba3153c8-ef8c-58b4-9a1f-74b8ad8668b3	34	32
Tom vide Mary al supermercato.	Tom saw Mary at the supermarket.	1806e2a9-71b3-5c2c-b1f0-6e19d5780ab1	30	32
C'è un supermercato da queste parti?	Is there a supermarket around here?	88cad2c1-6806-5171-b739-cdf596be577e	36	35
Lavori in un supermercato?	Do you work at a supermarket?	e2519833-c4d8-54ba-9c83-deb45e79f5e1	26	29
Lavora in un supermercato?	Do you work at a supermarket?	115fd9f2-3f82-57c5-aa8f-03b92ed92f26	26	29
Lavorate in un supermercato?	Do you work at a supermarket?	10761c38-c805-5b4a-8e8e-be47ea9f5c1a	28	29
Tom ha incontrato Mary al supermercato.	Tom met Mary at the supermarket.	da6d6004-efba-55d4-a068-56f89d3a90bf	39	32
Ho incontrato Tom al supermercato.	I met Tom at the supermarket.	02ddf298-4370-51e0-a433-a64d315f0b43	34	29
Incontrai Tom al supermercato.	I met Tom at the supermarket.	c7f32903-079c-5380-99ea-3e0bc81eda7c	30	29
Tom lavora nel supermercato locale.	Tom works at the local supermarket.	c2ab7593-0bf1-521d-ab84-751b0700565f	35	35
Sei andato al supermercato?	Did you go to the supermarket?	02ebc086-511e-5208-8833-bbf3818aa704	27	30
Sei andata al supermercato?	Did you go to the supermarket?	3a6c502a-97eb-57c5-9ff8-e99af7eb9073	27	30
Siete andati al supermercato?	Did you go to the supermarket?	c971df39-ed8d-53cb-af12-d540f661835a	29	30
Siete andate al supermercato?	Did you go to the supermarket?	79f60679-3f51-5117-bec4-7993a039860a	29	30
È andato al supermercato?	Did you go to the supermarket?	4f6e7ad2-9b56-5618-b66f-6a041ec9f5dd	25	30
È andata al supermercato?	Did you go to the supermarket?	61ca9a73-935f-52c6-9a38-c4aa2e79a9c0	25	30
Sami è andato ad un supermercato locale.	Sami went to a local supermarket.	97233a7c-7c01-573b-834a-f62e9a4d0d00	40	33
Sami andò ad un supermercato locale.	Sami went to a local supermarket.	2bf8d988-cd67-5c1f-9405-818e9c43936b	36	33
Dimmi dov'è il supermercato.	Tell me where the supermarket is.	0a75b0c0-73eb-5c7f-96be-c35500220164	28	33
Ditemi dov'è il supermercato.	Tell me where the supermarket is.	2bccaeed-be22-5d6c-9974-36ba2f4517ea	29	33
Mi dica dov'è il supermercato.	Tell me where the supermarket is.	2b94c059-29de-5525-9341-2eed3f73ef68	30	33
Tom è tornato al supermercato.	Tom went back to the supermarket.	fdef88c5-9909-5b9e-85d3-3cddf95f74b0	30	33
Tom tornò al supermercato.	Tom went back to the supermarket.	0708bbe1-718d-54f9-b653-fff8fc496986	26	33
Mary è stata licenziata dal suo lavoro.	Mary was fired from her job.	7f1c192a-d993-556c-81a2-fca2a9b5c28c	39	28
Mary è stata licenziata dal suo impiego.	Mary was fired from her job.	25d9a317-c390-52e4-a88b-afcf39af760a	40	28
Mary fu licenziata dal suo lavoro.	Mary was fired from her job.	2863428e-04f1-5d7e-85d7-7ef88bc133aa	34	28
Mary fu licenziata dal suo impiego.	Mary was fired from her job.	acb4a601-16b1-5933-9ea7-f44deab1e15c	35	28
Mary non l'ha già fatto, vero?	Mary hasn't done that already, has she?	11552949-0774-55ce-9ead-94db0b6c301a	30	39
Mary ha detto che andrà a Boston domani.	Mary said that she'll go to Boston tomorrow.	491c04bb-b6ee-5adf-8c11-3ce738d84e0c	40	44
Tom sta lavorando al supermercato.	Tom is working at the supermarket.	3ccfd534-ca5f-5c86-9971-80df6f86cb44	34	34
Gli scaffali del supermercato erano quasi vuoti.	The supermarket shelves were almost empty.	4c913cf5-b48c-5561-afe4-c9d9c23738ee	48	42
Il mio amico lavora in un supermercato.	My friend works at a supermarket.	ba277737-0309-5e35-b3b9-eb2f92297918	39	33
La mia amica lavora in un supermercato.	My friend works at a supermarket.	e8cb5663-e07c-5deb-b005-4dba64c27029	39	33
Sono diretto al supermercato.	I'm headed to the supermarket.	a0c698de-3732-57ce-a3fa-6aae4498706c	29	30
Sono diretta al supermercato.	I'm headed to the supermarket.	93c4c575-23ea-53f7-ae83-91996ba0b5e1	29	30
Siamo andati al supermercato asiatico.	We went to the Asian supermarket.	9a1815b0-a30f-5972-abf0-b3b843a8942a	38	33
Siamo andate al supermercato asiatico.	We went to the Asian supermarket.	602c51ae-7369-55cb-9db8-fac57164d457	38	33
Andammo al supermercato asiatico.	We went to the Asian supermarket.	3c4ed540-f9ed-5aad-bc35-874ecae73d91	33	33
Comprano verdure al supermercato.	They buy vegetables at the supermarket.	16a7924a-d0c2-5d64-9c46-3f7605f28767	33	39
Scusami. Il supermercato è aperto?	Excuse me. Is the supermarket open?	e968fe46-0974-5e47-9acd-55785727f6bd	34	35
Scusatemi. Il supermercato è aperto?	Excuse me. Is the supermarket open?	10d43232-661c-5cf5-9409-444bc2f20308	36	35
Mi scusi. Il supermercato è aperto?	Excuse me. Is the supermarket open?	ea079a95-598b-5d23-a0b1-a3a3eb7b5894	35	35
Era in offerta in quel supermercato.	It was on sale at that supermarket.	cbc36680-aef6-56cc-8c4f-0160bdf35039	36	35
Sono diretto al supermercato ora.	I'm headed to the supermarket now.	476f9e00-fe45-561c-8e5d-e61ba0fedb1a	33	34
Sono diretto al supermercato adesso.	I'm headed to the supermarket now.	7125f183-0370-5157-9878-23cc3931c72b	36	34
Sono diretta al supermercato ora.	I'm headed to the supermarket now.	1d802076-8701-5080-809b-8897a4945883	33	34
Sono diretta al supermercato adesso.	I'm headed to the supermarket now.	f3dab597-3581-544e-a8a1-f17003f8c923	36	34
Ho comprato del latte al supermercato oggi.	I bought milk at the supermarket today.	cfafb255-8221-5b79-b069-a9e8120e9c11	43	39
Ho comprato un giornale al supermercato.	I bought a newspaper at the supermarket.	d9624b23-c634-5445-b476-43d6ad807afc	40	40
Comprai un giornale al supermercato.	I bought a newspaper at the supermarket.	a074c71a-aaf0-50b3-bbc5-829cad537ffe	36	40
C'era un supermercato qui.	There used to be a supermarket here.	f97401f5-1c60-57e5-99ca-c036b9417f79	26	36
C'era un supermercato qua.	There used to be a supermarket here.	f8ce2fc7-ecdf-5160-bd22-71d5fd9a921b	26	36
Gustavo vuole andare al supermercato.	Gustavo wants to go to the supermarket.	2ec380ee-5a91-532c-a1ab-f293fc92d48f	37	39
Non sei stato al supermercato?	Haven't you been to the supermarket?	5589003a-3eb8-5474-bc29-4d9a84afaae4	30	36
Non sei stata al supermercato?	Haven't you been to the supermarket?	598f72d7-8e2f-52cb-9070-a9a1a17d1fe5	30	36
Non è stato al supermercato?	Haven't you been to the supermarket?	c8076b63-87d4-55b1-88b0-c887b516b22a	28	36
Non è stata al supermercato?	Haven't you been to the supermarket?	c6e90770-0d29-5387-bbf2-c76e03a1e793	28	36
Non siete stati al supermercato?	Haven't you been to the supermarket?	410a1c46-10df-5b8b-b520-41f37c312d1e	32	36
Non siete state al supermercato?	Haven't you been to the supermarket?	da2577c3-d85b-5483-aba6-980d252ac5ce	32	36
Preferisco comprare al supermercato.	I prefer to shop at the supermarket.	8ee62716-b9bd-5a6e-8e4f-3cda0e205259	36	36
Questo è il supermercato più grande della città.	This is the biggest supermarket in town.	2a081bc7-bbbe-5f24-a77b-cb2980f84b69	48	40
Mennad ha rubato questa giacca da un supermercato.	Mennad stole this jacket from a supermarket.	31f19b78-5395-5177-8b69-5a4eaf5c987b	50	44
Mennad rubò questa giacca da un supermercato.	Mennad stole this jacket from a supermarket.	ec668051-6c10-5822-938e-148e514d08e4	45	44
Le uova sono state comprate al supermercato.	The eggs were bought in the supermarket.	8cd8b991-4bea-5856-b986-5746d95c0b68	44	40
Le uova furono comprate al supermercato.	The eggs were bought in the supermarket.	bafe14e3-7f29-5ded-80b6-bd53a5ac47a1	40	40
Cos'hai comprato al supermercato?	What did you buy at the supermarket?	2e0d64b0-9ac5-5d6f-bfd7-3e52e9661382	33	36
Cos'ha comprato al supermercato?	What did you buy at the supermarket?	a376c440-1420-558c-a36b-e0aab3d0032a	32	36
Cosa avete comprato al supermercato?	What did you buy at the supermarket?	a806ce46-d5b8-540c-8f8d-1d51c2d082fb	36	36
Perché Tom è andato al supermercato?	Why did Tom go to the supermarket?	a56658a9-17c7-55a9-9ec6-9487dbf9bfce	36	34
Sto lavorando in un supermercato ora.	I'm working at a supermarket now.	e2c6bf1b-6d9c-5531-9b6b-9257f26afeae	37	33
Sto lavorando in un supermercato adesso.	I'm working at a supermarket now.	f5cd4059-dbae-5f9f-b0ac-08b1f61ab17c	40	33
Tom è al supermercato in questo momento.	Tom is at the supermarket right now.	f5e7dada-d58e-50cf-a913-5c912b7ded26	40	36
Lavoravo in un supermercato.	I used to work in a supermarket.	04744c9a-c3fc-531d-bb4c-744d3c7f37b6	28	32
Stanno comprando verdure al supermercato.	They are buying vegetables in the supermarket.	bdacca45-0958-582c-9694-bc286a01bc65	41	46
Stanno comprando delle verdure al supermercato.	They are buying vegetables in the supermarket.	7f092a38-e19d-5d42-869b-de01522939cc	47	46
È una commessa al supermercato.	She is a clerk in the supermarket.	ccb2a129-3c88-5f80-b141-cbc7df270e88	31	34
L'ho cercato nel supermercato.	I looked for him in the supermarket.	64b70327-f7df-5a7f-a6ca-1a4a00f1f8b6	30	36
Lo cercai nel supermercato.	I looked for him in the supermarket.	28edfc6a-3f3e-5c22-bd89-ac9dc863c668	27	36
Il supermercato è aperto dalle nove alle sei.	The supermarket is open from nine to six.	cc6b6179-d97f-5207-837b-2ffd38f0bdec	45	41
Prenderò del latte al supermercato.	I'll get some milk at the supermarket.	f52010e1-6769-5752-8767-ca8d9fb6af90	35	38
Ho comprato del cibo per la cena al supermercato.	I bought food for dinner at the supermarket.	1627e5b7-820d-5974-beac-34e49fc37eda	49	44
Comprai del cibo per la cena al supermercato.	I bought food for dinner at the supermarket.	d54a61d8-c249-5960-943f-aea1cd6d1559	45	44
Ho comprato qualcosa da mangiare al supermercato.	I bought something to eat at the supermarket.	1a1dfab4-ce4c-5d1b-b7a3-485100859dfe	49	45
Comprai qualcosa da mangiare al supermercato.	I bought something to eat at the supermarket.	5b05ad4c-93d9-5ad1-9841-685031b674f3	45	45
C'è un grande supermercato nel nostro quartiere.	There's a big supermarket in our neighbourhood.	8bace37b-9c70-52c5-8b92-4a25dc907a88	48	47
Quel supermercato a volte ha delle offerte.	That supermarket sometimes has sales.	d5b67764-c78e-558a-8262-7d54b12399b1	43	37
Ho comprato del pane al supermercato.	I bought bread at the supermarket.	319e31d0-240f-5ce8-81db-a94d7c48bf3d	37	34
Comprai del pane al supermercato.	I bought bread at the supermarket.	5d297838-703c-549c-be9d-29ed6b7bfb16	33	34
Yanni ha già lasciato il supermercato.	Yanni has already left the supermarket.	4106a7e3-636c-5111-979c-43da7c200ce9	38	39
Tom sta andando al supermercato?	Is Tom going to the supermarket?	44e07e15-2180-563c-881f-0278c573468e	32	32
Stai andando al supermercato?	Are you going to the supermarket?	ac82b54d-a94c-5236-a60c-d457a502d240	29	33
Sta andando al supermercato?	Are you going to the supermarket?	d35a95b6-4c18-5aba-8702-44d3a968b0be	28	33
State andando al supermercato?	Are you going to the supermarket?	e557b6e1-091b-5025-bcff-784f09ffc8eb	30	33
Alexander va regolarmente al supermercato.	Alexander goes to the supermarket regularly.	c349aea1-a335-5cf3-b4d9-2ea6757bee70	42	44
Yanni ha incontrato Skura al supermercato.	Yanni met Skura at the supermarket.	d7470887-648a-5db6-9b7a-88f0aaa777d1	42	35
Yanni incontrò Skura al supermercato.	Yanni met Skura at the supermarket.	51b80dd8-cf34-57ce-9489-f0437ce0f028	37	35
Ora lavora in un supermercato.	He now works at a supermarket.	79679513-006e-5d97-800c-5b8e794f7069	30	30
Adesso lavora in un supermercato.	He now works at a supermarket.	6367a5cf-59b2-5892-9e3f-32c16b9fd502	33	30
Lavorano in un supermercato svedese.	They work at a Swedish supermarket.	5036917b-ab1a-547b-b2d1-51f3c73e73c7	36	35
Viviamo di fianco ad un supermercato.	We live next to a supermarket.	932a9c46-6d77-537e-ac3f-ea253fa8936a	37	30
Viviamo accanto ad un supermercato.	We live next to a supermarket.	5a82dac9-377e-5b0d-ac9f-8192a58fee12	35	30
Abitiamo di fianco ad un supermercato.	We live next to a supermarket.	78ce463f-be3b-5452-b46b-64741f89a3d2	38	30
Abitiamo accanto ad un supermercato.	We live next to a supermarket.	d0027667-2055-5055-977d-c670129b04b7	36	30
A che ora apre il supermercato?	What time does the supermarket open?	44755f8a-35f4-57b2-9d6e-e084fb0d7b9e	31	36
Ho comprato questo al supermercato.	I bought this from the supermarket.	2456c724-17e7-5c8f-9977-64a2d0333d37	35	35
Comprai questo al supermercato.	I bought this from the supermarket.	d088fd83-2d0c-5676-adba-413660aeebc0	31	35
Quanto dista il supermercato più vicino?	How far is the nearest supermarket?	a2f72021-2b42-5660-a1b1-0a4f53cbb906	40	35
A che ora chiude il supermercato?	What time does the supermarket close?	f91aeb1c-5d54-5271-9c8a-ed9ae6933bc3	33	37
Tom è tornato dal supermercato.	Tom is back from the supermarket.	307f4a8a-2cb1-5ff3-a7ac-da76d8a57061	31	33
Quale mercato?	Which market?	8d2d4b76-da52-512f-b04d-e751933bc527	14	13
Ha visitato il mercato.	He visited the market.	11c4e664-23d5-51a6-9422-699b7932fa33	23	22
Visitò il mercato.	He visited the market.	017af43e-8a35-5a4e-b304-3c843097dc6b	18	22
Il mercato è nelle vicinanze.	The market is nearby.	85fb3941-f7ef-5b54-8bb1-91cbc9ab5481	29	21
Il mercato è nei paraggi.	The market is nearby.	69f2a03b-0d83-53d1-96cc-e29d78b09bd8	25	21
Il mercato era affollato.	The market was crowded.	87af4e0e-7337-5bd9-8013-d73c1a591e2d	25	23
Entro nel mercato.	I enter the market.	906dbaf1-a8e7-5320-813c-4f0083f42593	18	19
Il mercato è chiuso.	The market is closed.	1c2b29af-df5b-57a2-a8da-017686a16504	20	21
Walid è andato a piedi fino al mercato.	Walid walked to the market.	9ee03dd4-2781-5a7f-93ad-8cbf80280f3a	39	27
Walid andò a piedi fino al mercato.	Walid walked to the market.	34e3ffbc-2ef3-501f-a7b6-2339ee98ae2c	35	27
È andata al mercato.	She went to the market.	3d12311d-e795-53e5-ac1b-bf116fc83c11	20	23
Andò al mercato.	She went to the market.	9aedd531-dbc3-558c-add8-9c819d3da8f4	16	23
Sono andati al mercato.	They went to the market.	10c232ce-70f9-529a-82c8-6a1dd09017ce	23	24
Sono andate al mercato.	They went to the market.	ae714376-ffdb-5b24-90fd-97092519f1d3	23	24
Andarono al mercato.	They went to the market.	d206d8ee-e2f7-5dfd-aef1-4747bc4b237d	20	24
È al mercato.	He's at the market.	9f59c3cc-0e2e-5e08-abc0-e9e382eeb4d5	13	19
Sono al mercato.	They're at the market.	b79fa586-f4c6-534d-9a73-7e326ff79319	16	22
Il mercato dell'oro è stabile.	The gold market is steady.	9903fa0f-99bf-5258-a517-c83a29434b24	30	26
Quando chiude il mercato?	When does the market shut?	f86da131-8ee3-5243-a9a2-0d86dcf54e6f	25	26
Il mercato è ancora aperto?	Is the market still open?	c4af82c9-cf00-5ced-9e91-97f519b9b345	27	25
Ziri lavora al mercato.	Ziri works at the market.	f47d7790-3f9c-56df-a90b-55967485153b	23	25
L'Algeria è un mercato emergente.	Algeria is an emerging market.	17082c14-5efc-561b-b098-2ea79278db13	33	30
L'Algeria è un mercato attraente?	Is Algeria an attractive market?	2f9ac6f6-f05f-5ba3-9624-15e19afd6601	33	32
L'Algeria è un mercato attraente.	Algeria is an attractive market.	b1b09bb9-fdf5-5820-aed6-a7fa66defb10	33	32
L'Algeria è un mercato in sviluppo.	Algeria is a developing market.	b554689a-220f-515b-b307-7f3a7a302c39	35	31
Il mercato è affollato oggi.	The market is crowded today.	5136c2c6-7ddc-544e-81e2-43a7c0cda11c	28	28
Siamo sul mercato.	We are on the market.	2ab2bb1e-5c5e-5d55-aed3-ec3f34d1fef7	18	21
Noi siamo sul mercato.	We are on the market.	e6a40d19-420d-5d5d-bb89-cf0fc019e148	22	21
L'Algeria è un mercato emergente?	Is Algeria an emerging market?	5c577dbf-df88-516f-bea0-1f85bb32802f	33	30
Vende candele al mercato.	He sells candles at the market.	c998357e-b5d9-5159-adc5-4f3f7cafc919	25	31
Questo è il mercato delle nonne.	This is the grandmothers' market.	173abfa9-3cad-54dd-9743-1bfa937afab6	32	33
È la ladra del mercato?	Is she the market thief?	759164a9-9979-5dbc-a3ea-d574aaaee761	23	24
L'economia di mercato crollerà.	The market economy will collapse.	1440862c-8b03-54bb-8c5f-a1e268061f83	31	33
L'economia di mercato collasserà.	The market economy will collapse.	b49ea30d-4846-54d5-9b23-d72156df4d23	33	33
Il mercato rimane forte oggi.	The market remains strong today.	40229f18-f56a-56cc-9cca-1fddec6f6109	29	32
Il mercato resta forte oggi.	The market remains strong today.	36994ffd-e6fe-5f22-801b-cf04784ae015	28	32
Il mercato del pesce è aperto?	Is the fish market open?	d1770bc3-123b-5287-b31a-23b4a55c4c01	30	24
Tom va al mercato.	Tom goes to the market.	8c72aac6-0802-5468-a0c5-e58107388091	18	23
È un mercato divertente.	It's a funny market.	a4e65a8a-4419-5311-ab77-1dfbecff91f3	24	20
Il mercato libero dovrebbe decidere.	The free market should decide.	6db7eb71-b5fe-5bf8-b9e9-e963eebec055	36	30
Scoreggia davanti alla gente senza curarsene.	He farts in front of people without a care.	860a7463-bfcb-5bd2-801e-714f8505315f	45	43
L'Europa è il nostro mercato più grande.	Europe is our biggest market.	a29793b9-d089-5d2c-b228-d9bb3a08ce7e	40	29
Il potenziale mercato è enorme.	The potential market is huge.	ae856c9b-700d-521a-938f-ca8ea1337fdd	31	29
Sono al mercato coperto.	I'm at the covered market.	3ba9bf12-552b-5a5a-bcf0-a8e1c792e0e9	24	26
Ho incontrato Sarah al mercato.	I met Sarah in the market.	91c6b75e-b99c-5263-b464-9380c56ee7a6	31	26
Incontrai Sarah al mercato.	I met Sarah in the market.	12aaf353-2d70-5406-92ef-be273decaf7f	27	26
Damiano ha venduto il maiale.	Damiano sold the pig.	be8f759a-c58e-50f0-8945-39de1e47b4ed	29	21
Damiano vendette il maiale.	Damiano sold the pig.	418c4692-f16a-5665-8640-6ed2c3a8ba12	27	21
Tom odorava come un maiale.	Tom smelled like a pig.	4757db26-7ac8-5cdc-889d-155e2cf14ce9	27	23
Santiago indossava una maschera da maiale.	Santiago wore a pig mask.	310452ed-6cc9-54f8-b055-daabbc7b61f4	42	25
Che maiale!	What a pig!	2e20c789-dfcc-5123-8418-db14385e5df7	11	11
Mennad mangia il maiale.	Mennad eats pig.	b250e89e-83ec-5260-8b63-e82b65a30432	24	16
Cos'è un maiale?	What's a pig?	949cf5ed-9b29-5e5d-aa3b-81d86b73c123	16	13
Che cos'è un maiale?	What's a pig?	37ea0140-d053-5a82-bb8f-f70925cd9aba	20	13
Possiede un maiale.	He owns a pig.	97b8cf22-7c85-52bb-a215-ce209117bab7	19	14
Ha un maiale.	He has a pig.	5fbe2a8f-d51b-5cf3-a76b-dbf7c422e6f6	13	13
Che maiale ingordo!	What a greedy pig!	18fd3d09-ed38-5243-ae57-e67bcb376a30	19	18
Ziri ha un maiale.	Ziri has a pig.	cf31aa16-c6a7-50af-aa19-4491381b445d	18	15
Questo è un maiale.	This is a pig.	99d4aed8-ae8f-5f25-8b77-76977de3f3ba	19	14
Sei un maiale?	Are you a pig?	42a12eac-127b-5c8e-bf30-90844bc206df	14	14
È un maiale?	Are you a pig?	6c75c18e-801c-5d61-ab45-7d94944a52b0	12	14
Non mangiare il maiale.	Do not eat pig.	df258c92-db94-56cb-9523-ce01848268b1	23	15
Non mangiate il maiale.	Do not eat pig.	840830d0-9b3c-5242-907f-b599332478b6	23	15
Non mangi il maiale.	Do not eat pig.	901a5748-8579-579f-8ff2-bb6de6765ddc	20	15
Sami è un maiale.	Sami is a pig.	200ccf0d-6808-5d02-8129-8299882ba8b5	17	14
Tom è un maiale.	Tom is a pig.	29255434-b2b4-5731-b629-13ca79818551	16	13
Ho comprato quel maiale ieri.	I bought that pig yesterday.	76fa53dd-4e64-563d-9141-e45f05808983	29	28
Il mio maiale non ha la coda.	My pig has no tail.	3cf9e839-df5b-5764-8c0d-9959f7ce2976	29	19
Sei un maiale, Tom.	You're a pig, Tom.	02ceb943-290a-5d01-a1d4-e35fec6a50c6	19	18
Il maiale è davvero grasso.	The pig is really fat.	3df4e0d2-2ce2-5fa4-9736-dc8fee9fd8cb	27	22
Il maiale è veramente grasso.	The pig is really fat.	42766d79-5b7f-5bdb-bcaf-4b353b26e521	29	22
Ziri ha un maiale domestico.	Ziri has a pet pig.	7e6dcde8-1bf5-54c7-ac49-9572b5f8f4ee	28	19
Ziri ha un porcellino d'india.	Ziri has a guinea pig.	eab149b9-af29-5ee5-871d-b68e7836c329	30	22
Il maiale sta prendendo peso.	The pig is gaining weight.	3e43fcad-6b79-5c3b-9350-ce993b347926	29	26
Voglio un maiale domestico.	I want a pet pig.	3026296b-b55a-553b-84dc-84437f1d46a6	27	17
Yanni diede da mangiare al suo porcellino d'India.	Yanni fed his guinea pig.	2eda993e-0ffe-5f18-a601-d335734a75bb	50	25
Ho un porcellino d'India.	I have a guinea pig.	6069cb4d-c1e5-5471-a5cf-2f57493ff8db	25	20
Sami ha un porcellino d'India.	Sami has a guinea pig.	e1a921bb-e0ac-545d-ab0f-8d10dee611e3	30	22
Tom ha un maiale domestico.	Tom has a pet pig.	5aed4cf1-d3a2-54b2-9189-1c2e6277d61d	27	18
Sami odorava come un maiale.	Sami smelt like a pig.	35604ca1-4051-5925-97a3-0d613f80ddb1	28	22
Mangia come un maiale.	She eats like a pig.	32ed89fe-06d4-5dcb-881c-68d22ea25153	22	20
Ho comprato il maiale ieri.	I bought the pig yesterday.	a811034d-ba2e-5221-8c8d-7654a9380599	27	27
Non essere un maiale.	Don't be a pig.	e34180f8-836f-5be3-8bef-73bc659c7848	21	15
Non sia un maiale.	Don't be a pig.	1d85f678-c49b-57d8-8d62-b3d3d1b40e0f	18	15
Un cinghiale è un maiale selvatico.	A boar is a wild pig.	618c9249-77ba-54d5-875e-4b7ef1517ccf	35	21
Che tipo di maiale è?	What kind of pig is that?	bd7870e7-5df8-52b0-a682-d17d673afb25	21	25
Che tipo di maiale è quello?	What kind of pig is that?	6ebbf458-8bb0-5dd3-9c8f-46774cd18baa	28	25
Elias stava sudando come un maiale.	Elias was sweating like a pig.	1524ba83-6e9a-5911-a9b4-f81b644e1b0d	35	30
Entrambe le nipoti di Tom vivono a Boston.	Both of Tom's nieces live in Boston.	c33ab537-20bf-5cf1-ae94-1c494c0af850	42	36
Entrambe le nipoti di Tom abitano a Boston.	Both of Tom's nieces live in Boston.	6597222c-ed7c-51c9-a6af-c48e89b0a251	43	36
Tom stava sudando come un maiale.	Tom was sweating like a pig.	adec0ad0-4c72-52b7-b5bb-a8c5716ae54e	33	28
Sto sudando come un maiale.	I'm sweating like a pig.	a9cb9eb1-1042-54b3-b334-7a17323711fd	27	24
Kath è grassa come un maiale.	Kath is as fat as a pig.	ad8290c9-e9c4-5c8b-a6a7-3d33384c673f	29	24
Tom ha iniziato a sudare come un maiale.	Tom began to sweat like a pig.	58e6366a-2fc7-5225-87dd-da1fdf687db4	40	30
Tom ha cominciato a sudare come un maiale.	Tom began to sweat like a pig.	fd77b3bf-3b54-5066-8220-490b8abe17da	42	30
Tom iniziò a sudare come un maiale.	Tom began to sweat like a pig.	dc85a5b0-5637-52e4-9eb6-11567f475e55	35	30
Tom cominciò a sudare come un maiale.	Tom began to sweat like a pig.	f8e8f451-74be-5363-82ef-9adca1a4b605	37	30
Tom dice che mangio come un maiale.	Tom says I eat like a pig.	0b7cbfa1-b5b7-537a-93ad-13f7638ef5d5	35	26
Mary dice che avrà bisogno di farlo.	Mary says she'll need to do that.	9531f187-0764-5819-a47b-5806d7c42dbe	36	33
Mary ha detto che sarebbe venuta alla festa.	Mary said she would come to the party.	418439a5-7b21-5291-9cd3-3530731e386f	44	38
Mary disse che sarebbe venuta alla festa.	Mary said she would come to the party.	1fdd716a-d39a-5c31-86e0-3abbab4950ea	41	38
Nessuna parte del maiale viene sprecata.	No part of the pig is wasted.	7730ceec-51bf-5891-86b1-dab0021dbcc6	40	29
Non abbiamo spazio per un maiale.	We don't have room for a pig.	09e3c13e-69e0-5111-b8b6-f3e4d46f7cec	33	29
Mary si sta trasferendo, vero?	Mary is moving, isn't she?	38871840-8102-5721-aa10-6dad2c3760b8	30	26
Mary si aspettava che Tom fosse d'accordo con lei.	Mary expected Tom to agree with her.	3d065e39-7263-5eab-b994-73d6f483e6ba	50	36
Mary è sorda in un orecchio, vero?	Mary is deaf in one ear, isn't she?	8f2716b4-7237-5544-a127-6e33f19e448b	34	35
Non mi pagavano molto.	They weren't paying me much.	00137336-523a-579c-92dc-cdfb8fb74232	22	28
Si sente sopraffatto dalla situazione.	He feels overwhelmed by the situation.	6d527fda-d73a-505f-ad8a-0f422c781d03	38	38
Sentì una leggera brezza scompigliargli i capelli.	He felt a gentle breeze rustle his hair.	8386c40b-603d-5054-93ef-7c8245ab4741	50	40
Odia deluderli.	He hates to let them down.	d9c33708-842b-5115-89d3-7754942931f9	15	26
Spera in un miracolo prima di lunedì.	He hopes for a miracle before Monday.	eba5c3fd-653e-5781-9f5b-37625fac0af7	37	37
Suona magnificamente il pianoforte.	He plays the piano beautifully.	5f360c9c-a905-5cf4-98cc-5ff669d7430b	35	31
Si lasciò cadere pesantemente sul divano.	He plopped down on the couch.	405e1b48-9d6b-5d6d-870b-4525f90e8e36	41	29
Rifiutò gentilmente.	He politely declined.	ae7c6732-b09d-5049-a9c7-c39ba4d7fe40	20	21
Rimase assente.	He remained absent.	fd3bc9b0-57fc-55e0-8b01-af5747a0cf76	15	19
Ha saltato il film.	He skipped the film.	f7ebc3a1-bfed-5ec1-86fd-24f8e979f3cf	19	20
Si è accasciato su una sedia.	He slumped into a chair.	018733ff-2bde-570f-984e-03d983fa6a1e	29	24
Restò a casa a leggere un libro.	He stayed home and read a book.	072db95b-ec86-5d39-bccc-5bf9d2b16a6c	32	31
Fece un cauto passo in avanti.	He took a cautious step forward.	55a663e9-7063-5f5b-a7bb-40e54ea2fb87	30	32
Era completamente distrutto.	He was completely wrecked.	ed9cacfd-8f4a-523d-a5e8-b573643b2b00	28	26
Ho aperto il bagagliaio.	I opened the trunk.	97dbd5e2-601d-5d1c-aa58-3f34f7266c8c	24	19
Apri la borsa.	Open the bag.	5b7742a9-d14c-518b-a999-3b9629bcc887	14	13
Aprite la borsa.	Open the bag.	318e9039-c877-5a29-8a87-536512bd482f	16	13
Apra la borsa.	Open the bag.	d8dcf3bb-e90d-5b69-af94-4fb1640e6791	14	13
Prendi la borsa.	Take the bag.	808a173a-5348-501f-a59c-b69cad8b5bb5	16	13
Prenda la borsa.	Take the bag.	d3be0409-eb55-5044-9a34-cce6a30b5d5b	16	13
Prendete la borsa.	Take the bag.	59f2183d-aba6-5131-87f0-c14e21715080	18	13
Afferra quella borsa.	Grab that bag.	fe5f12e2-7e51-5a86-9bf7-29c6294be018	21	14
Afferri quella borsa.	Grab that bag.	e3aabad3-c334-58de-b18e-a8454cd674b5	21	14
Afferrate quella borsa.	Grab that bag.	2956d605-d8fe-510b-8192-6912e4908b4f	23	14
Porta la borsa.	Bring the bag.	c7190a7f-1322-5a2b-bc8b-815b90090507	15	14
Porti la borsa.	Bring the bag.	3ff80310-5839-5532-8150-eb4b5b98816d	15	14
Portate la borsa.	Bring the bag.	febe9fc0-aab5-560a-81b8-4b7c1c13133e	17	14
Prendi questa borsa.	Take this bag.	92474974-83cf-5c6d-b6f0-c92fa9a29783	20	14
Prenda questa borsa.	Take this bag.	25be63e5-6367-5ba8-b73b-689386ca3da8	20	14
Prendete questa borsa.	Take this bag.	2cf1f6e7-bff4-5bcb-9f5a-03681bcb6384	22	14
Svuota la tua borsa.	Empty your bag.	618195e1-697e-5e6a-8c5c-93900f6c3742	20	15
Svuoti la sua borsa.	Empty your bag.	1a28be38-9333-551c-a54b-e92ecefe617e	20	15
Svuotate la vostra borsa.	Empty your bag.	0c2b26ad-5198-5dea-8f4d-fb2b75f174c4	25	15
È una borsa.	It's a bag.	f7fba607-1168-5ca6-a253-c3f6b4edfb0a	12	11
Quanto pesa Tom?	How much does Tom weigh?	b343d291-439b-558a-8db5-1f4cbc25c5e4	16	24
Portami la borsa.	Bring me the bag.	c0d6b0eb-bc79-5694-84ee-144e8a597430	17	17
Mi porti la borsa.	Bring me the bag.	939ffe37-633c-552a-ac82-5f00da21f7d2	18	17
Portatemi la borsa.	Bring me the bag.	bac9ec02-e2e9-531e-a288-b633f8746732	19	17
La tua borsa è vuota?	Is your bag empty?	de1aa89d-0dda-5bbc-8483-2ec555e4e551	21	18
La sua borsa è vuota?	Is your bag empty?	678749f8-887e-5673-ab59-4b1c49d32a01	21	18
La vostra borsa è vuota?	Is your bag empty?	89fdf3fd-7f2c-56a1-b529-d8d4b276762c	24	18
Zir ha preso quella borsa.	Ziri took that bag.	418d00fc-af02-5078-a093-f2077a6e7222	26	19
Ziri prese quella borsa.	Ziri took that bag.	8bd94fc2-802b-507e-8b9f-947fe20240f6	24	19
Tom ha rubato la mia borsa.	Tom stole my bag.	b2e2bbf2-25cc-53bd-b2e9-82d3ed534ab9	27	17
Tom rubò la mia borsa.	Tom stole my bag.	64ac95f9-41e3-5a09-992a-91ba27580182	22	17
Ve ne andrete con borse piene di vestiti.	You'll leave with bags full of clothes.	2bd0f9e2-1600-5cfd-8807-c90a4c59cafe	41	39
Le tue abilità di pesca hanno bisogno di pratica.	Your fishing skills need practice.	42014fa2-a4c4-5703-bbb3-53e509e211e5	49	34
Vedi il mondo attraverso una lente più indulgente.	You see the world through a more forgiving lens.	6de4452d-736b-58d7-baba-b4782089bacd	50	48
Scopri ciò che conta veramente per te.	You discover what truly matters to you.	db66c094-a623-5f45-a36f-7bc69be641f8	38	39
Con gli occhi socchiusi,seguì i suoi passi.	With narrowed eyes, he followed his footsteps.	3e85e195-a486-563d-bddc-34c60421a2c1	43	46
Con l'età impari il valore della pazienza.	With age, you learn the value of patience.	0ff3aeda-975d-5cc8-a0ac-a1a0f30e175c	42	42
Con un sorriso caloroso mi offrì un panino.	With a warm smile, he offered me a sandwich.	6a115b27-3282-5013-b37d-53cd433a6d6d	43	44
Le streghe nei libri mi sembrano affascinanti.	Witches in books seem fascinating to me.	ad4b9d20-cb8e-5412-81f6-1af19668e89a	46	40
Perché non ci ha nemmeno rivolto uno sguardo?	Why didn't he even glance our way?	e4482a76-ba46-5f62-8883-f26bb7e5004c	45	34
Che ne dici di scambiarci i numeri di telefono?	What do you say to exchanging phone numbers?	40178ba0-485c-5dfb-b937-9a6be2928bf4	47	44
Cosa stanno facendo in questo momento?	What are they doing at this moment?	20210a08-5f03-5074-b1e6-826897b1a004	38	35
Ce ne stavamo lì, completamente ignorati.	We stood there, completely overlooked.	fea9746b-9f04-5461-98fb-d1e5b1bdb6ce	41	38
Condividemmo un momento di imbarazzante silenzio.	We shared a moment of awkward silence.	1922a37d-0548-53af-b50b-abd34e1204e6	49	38
Ci abbiamo riso sopra, ma ha bruciato un po'.	We laughed it off, but it stung a little.	7001c3a4-fad1-5b63-9c1a-02233d3a3194	45	41
Abbiamo approcci diversi, e va bene così.	We have different approaches, and that's okay.	0779ded2-ffae-5da9-b821-e749fefa478b	41	46
Finimmo per riderne in seguito.	We ended up laughing about it later.	9a10d08f-379f-5729-beca-fa5e627300ee	31	36
Decidemmo di aspettare un'altra ora.	We decided to wait an hour more.	92c939ff-308b-5a79-88ec-08a3aee5006c	36	32
Le videochiamate sostituiscono gli incontri reali.	Video calls replace real-life meetings.	528204ce-e753-5bc1-b2f7-8ffb77727eca	50	39
Odiava la scuola di legge.	She hated law school.	82b7f304-fcf6-5305-9cfe-c0876d221baa	26	21
La scuola è accreditata.	The school is accredited.	00af6c61-a9ff-50a0-861b-58e3bb200615	24	25
Anche William ha lasciato la scuola.	William left school, too.	8c343943-da81-5ec9-a6dd-e34863efe023	36	25
Anche William lasciò la scuola.	William left school, too.	2c4451ab-8146-5100-9755-ca69fff44c9f	31	25
È meglio costruire un ponte che un muro.	It is better to build a bridge than a wall.	3213c220-3bd8-5e68-a677-cad91fecec2a	40	43
Cosa pensi che farà?	What do you think she is going to do?	16ea641c-a2a2-58f6-a8f2-e32ccecf86ce	20	37
Cosa pensa che farà?	What do you think she is going to do?	c8e10d50-0434-5674-a5a0-1e3d7b824fc3	20	37
Cosa pensate che farà?	What do you think she is going to do?	417a7254-cea0-5fa8-ab1d-cd38df2ed79b	22	37
Dove posso vedere l'elenco completo?	Where can I see the full list?	b72dd795-ed8a-5d57-9e54-f6cecdb4a422	36	30
Dove posso vedere la lista completa?	Where can I see the full list?	8d275bf9-bfaf-5627-bb47-c23e93056934	36	30
Il latte fa crescere i bambini.	Milk makes kids grow.	8f4c8657-48a7-5968-800e-f1f891d5ce17	31	21
Sto portando del latte.	I'm bringing milk.	9fda9d9c-9257-53f6-80d2-131776e28e53	23	18
Il latte rinvigorisce gli uomini stanchi.	Milk invigorates tired men.	7babb257-e298-5bed-bcc2-f8f5875848d1	41	27
Altro latte, giovane?	More milk, young man?	2ce7d2b6-404f-52ff-a432-adeb502e3c4a	21	21
Latte rosa, latte rosa!	Pink milk, pink milk!	5d377b56-e340-58e4-aa66-be32cc7db293	23	21
Tom vuole del latte.	Tom wants some milk.	5aac1a35-9816-5dca-a47a-2b3d97b156b4	20	20
Ho rovesciato il latte.	I spilled the milk.	48a2cb59-0f8e-5378-b3c8-8dacaf3d2db3	23	19
Rovesciai il latte.	I spilled the milk.	bdc958f3-0505-57c9-9a8b-fc996fcaa4e3	19	19
Il tuo cartone del latte è vuoto.	Your milk carton is empty.	2798d9f2-a9b5-5d4b-af10-e1ee80f976ae	33	26
Il suo cartone del latte è vuoto.	Your milk carton is empty.	793f68cf-c11e-5a7a-b3d0-1104d775e28c	33	26
Il vostro cartone del latte è vuoto.	Your milk carton is empty.	17423511-3526-5d00-ad55-ccb0a8c61b6d	36	26
Il latte ti fa bene.	Milk is good for you.	c231c364-b967-50b6-93bd-3e5ada3bf710	20	21
Il latte vi fa bene.	Milk is good for you.	5c688b1c-4507-53af-a1cb-56c61b2968d2	20	21
Il latte le fa bene.	Milk is good for you.	1ce32649-58ee-5d33-9f22-a9265ac78bd0	20	21
Le allergie al latte sono piuttosto rare.	Milk allergies are quite rare.	012badba-2ba3-5890-84b0-b1a78d211327	41	30
Siamo senza latte.	We're out of milk.	26c94980-72ce-57a6-80e2-912c63549fad	18	18
Tom si è versato del latte.	Tom poured himself some milk.	6a7163fc-6b03-55f4-a440-b5d3f28bf3c4	27	29
Tom si versò del latte.	Tom poured himself some milk.	ac7bb2a8-77de-5086-94dd-b087d60b675b	23	29
Potrei avere un altro po' di latte?	Could I have some more milk?	b9f5ffac-3fac-5f7a-878f-fb6b8d202482	35	28
Dai il latte al gatto.	Give the milk to the cat.	7c34e0fd-5793-5cd9-b594-cc334eea8bce	22	25
Dia il latte al gatto.	Give the milk to the cat.	e83c7e61-3a18-5d80-8307-c341ff2062bf	22	25
Date il latte al gatto.	Give the milk to the cat.	aeee800f-0aa3-5fc5-976f-7c42fa0bd3c1	23	25
Dai il latte alla gatta.	Give the milk to the cat.	d1d50949-fecb-5ac5-8c58-db10dbe0d010	24	25
Date il latte alla gatta.	Give the milk to the cat.	a435ed73-c3fe-5bd9-aa3b-392cd65d0924	25	25
Dia il latte alla gatta.	Give the milk to the cat.	0ac5d50e-3862-544c-8b08-f89bd62b4e2f	24	25
Hai comprato il pane e il latte?	Did you buy bread and milk?	86198c4b-cb4f-5b03-91a2-8c72e185b421	32	27
Ha comprato il pane e il latte?	Did you buy bread and milk?	6b8b5335-7efd-562b-9c5c-38e984c737ef	31	27
Avete comprato il pane e il latte?	Did you buy bread and milk?	25fcd415-8228-59c2-9d1d-18646a34b24e	34	27
Mi piace il latte nel mio caffè.	I like milk in my coffee.	0b0423ba-b67d-576e-86c0-df4856adcffa	32	25
A me piace il latte nel mio caffè.	I like milk in my coffee.	8a4f3644-9784-5fde-9e84-93de123b2f43	34	25
Beve latte due volte al giorno.	He drinks milk twice a day.	25e2e1fa-23a3-58a2-bf5f-1f4be590b94b	31	27
Abbiamo finito il latte.	We have run out of milk.	122e6b5e-ae35-53b6-a5fc-40ad5b2d5681	24	24
Ziri non sta bevendo quel latte.	Ziri isn't drinking that milk.	3f8a5e16-cae7-5b0e-8115-56e318d42d99	32	30
Che ne dici di un bicchiere di latte?	How about a glass of milk?	f9566b2a-2f73-5a93-9874-a1fc6f8b2e2e	37	26
Che ne dice di un bicchiere di latte?	How about a glass of milk?	218ee9fb-0f9b-5e32-85a4-cc9512f86fba	37	26
Che ne dite di un bicchiere di latte?	How about a glass of milk?	b269ce8d-0250-5c56-96c7-058002c54207	37	26
Questo è il percorso giusto.	This is the right path.	e9f026ce-8344-5727-9e74-e7643b379e94	28	23
Questo è il modo giusto.	This is the right way.	88278518-1a54-59a5-9895-11063c1edabb	24	22
Dove hai comprato questo latte?	Where did you buy this milk?	e500757a-5aa7-5cdc-adaf-975b9e532546	31	28
Dove ha comprato questo latte?	Where did you buy this milk?	16a80106-536c-589a-8b3b-0c70c504adaf	30	28
Dove avete comprato questo latte?	Where did you buy this milk?	9cddcaeb-8561-5506-be86-e2f27b8d5e43	33	28
Vuoi latte e zucchero?	Do you want milk and sugar?	eaa3a850-3541-52dc-9d60-47f170931781	22	27
Vuole latte e zucchero?	Do you want milk and sugar?	83286273-eeeb-5c4b-b537-9d489c0c683b	23	27
Volete latte e zucchero?	Do you want milk and sugar?	6c8c32c9-844a-5e0e-9006-80b0e4752f24	24	27
Non bevo mai il caffè con il latte.	I never drink coffee with milk.	664eb814-46e2-5256-a60e-8a8fec2a8013	35	31
Dovrei comprare un altro po' di latte?	Should I buy some more milk?	20a28ac9-dbbc-5470-9f08-e6c468d0e7d7	38	28
Vuoi un altro po' di latte?	Do you want some more milk?	194dac4f-df78-553f-80a4-78f87b64608d	27	27
Vuole un altro po' di latte?	Do you want some more milk?	540b9a05-43ef-5954-b66f-76e2b0839e08	28	27
Volete un altro po' di latte?	Do you want some more milk?	86eaf25d-c6cc-5cf5-8a20-c4703b343344	29	27
Tom non ha bevuto il suo latte.	Tom didn't drink his milk.	a3913c7a-d5f3-5958-9926-57a9b292797f	31	26
Tom non bevette il suo latte.	Tom didn't drink his milk.	efa91cd8-117a-50fc-a35e-c9ab962a94da	29	26
Non abbiamo latte.	We don't have any milk.	d5d38706-c444-566f-8d9e-a4a215cd583f	18	23
Non dimenticare di comprare il latte.	Don't forget to buy milk.	b153585a-7fcd-5c08-873f-022d783e92ad	37	25
Non dimenticate di comprare il latte.	Don't forget to buy milk.	a8de6dc1-eb90-574c-a90b-eff03ea301d8	37	25
Non dimentichi di comprare il latte.	Don't forget to buy milk.	76e037cd-f5cc-5dcb-9f55-cc89e7788030	36	25
Un brivido gli corse lungo la schiena.	A chill ran down his spine.	7d366597-cad4-522f-a516-6ebe3ff8a351	38	27
Beviamo latte.	We drink milk.	57199c92-bb43-583d-841d-048fcb9e5a53	14	14
Sto ordinando Internet.	I'm ordering Internet.	501f2a91-22c4-5ae2-83a8-b8c558a6a7bf	23	22
Siamo celebrità di Internet.	We're Internet celebrities.	1ac807f8-a315-5010-af6c-aace83ecfc40	28	27
Siamo delle celebrità di Internet.	We're Internet celebrities.	4b6ead8a-ea43-50c7-af6b-cdec3c2a1955	34	27
Togliti da Internet.	Get off the Internet.	06514325-76a6-51ed-ad69-2d2e1f78c3a4	20	21
Si tolga da Internet.	Get off the Internet.	64805512-979f-59d2-b460-ede4689524f5	21	21
Ho rotto Internet.	I broke the Internet.	6b2d58f7-a4ac-5804-95fa-21c663723c71	18	21
Ruppi Internet.	I broke the Internet.	348b0815-9c11-570f-8546-14be0672934a	15	21
Gli algerini hanno accesso a Internet.	Algerians have Internet access.	13872373-b8c1-5650-a804-4b4883afe180	38	31
Mi sono disconnesso da Internet.	I disconnected from the internet.	10aca8e8-bdf0-5788-ba42-adb0fcab265e	32	33
Mi sono disconnessa da Internet.	I disconnected from the internet.	62981e0d-22d1-5f31-94be-d121e74f4d71	32	33
Mi disconnessi da Internet.	I disconnected from the internet.	dace97e3-f0eb-5aeb-8c25-8f833167f07b	27	33
Internet è quasi completamente morto?	Is the Internet mostly dead?	49f46be0-bcce-5114-94ee-9099f2c8b2b9	37	28
Tom è un imprenditore di Internet.	Tom is an Internet entrepreneur.	11750680-8a43-542d-8213-0a5c509745a7	34	32
Gli algerini hanno un buon accesso a Internet.	Algerians have good Internet access.	ab7ffbdf-df00-55f6-bf88-0097524e7f08	46	36
Impara le lingue su Internet.	He learns languages in the Internet.	eff0dc6e-f2ac-5d9b-a6b2-1b0b3f15c1b1	29	36
Sami era connesso a Internet.	Sami was connected to the internet.	c841261c-82d6-539d-943c-2af71c517e4c	29	35
Uso Yahoo! per le ricerche su Internet.	I use Yahoo! for Internet searches.	324e274f-4f5e-53eb-8771-7a79651f64f0	39	35
Utilizzo Yahoo! per le ricerche su Internet.	I use Yahoo! for Internet searches.	d422b9c3-c49d-5163-a88d-fe7284f3c2f4	44	35
Non possono censurare Internet.	They can't censor the Internet.	0718e5be-a412-5581-a492-9d341cb4839b	31	31
Quanto è veloce il tuo accesso a Internet?	How fast is your Internet access?	00430878-575b-5052-ad18-6551f0b47056	42	33
Quanto è veloce il suo accesso a Internet?	How fast is your Internet access?	768d64d6-d428-501f-8d44-e98139fc946a	42	33
Quanto è veloce il vostro accesso a Internet?	How fast is your Internet access?	ba6e671e-7893-5cbd-87aa-c20f4d67a880	45	33
Cerchiamo su Internet.	Let's look on the internet.	b6baba02-e998-5268-bec7-aeef8c114b2c	22	27
Hai Internet a casa?	Do you have internet at home?	5efd2fc6-aa56-5997-8d93-f875a671d526	20	29
Tu hai Internet a casa?	Do you have internet at home?	9fe9383a-89fb-5d5b-ba3b-e88e8c97e076	23	29
Ha Internet a casa?	Do you have internet at home?	dfb0c400-e8fb-5f87-85dd-1ad20a3c2fa0	19	29
Lei ha Internet a casa?	Do you have internet at home?	aa3abf52-ff38-54ba-95f8-c5c7796444e1	23	29
Avete Internet a casa?	Do you have internet at home?	a739c730-3095-53d8-8bad-ddc8203e6d98	22	29
Voi avete Internet a casa?	Do you have internet at home?	74ae004a-315b-57af-96ca-62cbd94d289a	26	29
Ziri l'ha messo su Internet.	Ziri put that on the Internet.	3661e20b-9295-5fb3-b2fe-f88156908b2d	28	30
Ziri lo mise su Internet.	Ziri put that on the Internet.	6adf93ba-eed9-5254-a84a-da8340adcffc	25	30
Come possiamo identificare i troll di Internet?	How can we identify Internet trolls?	f1c18193-16dc-59f9-a15a-63a44d6fbf92	47	36
Non forniamo Internet gratis.	We don't provide free internet.	fbc2b2f1-7d3a-5bf8-ba85-e6adbcb1ff73	29	31
Yanni aveva una vita su Internet attiva.	Yanni had an active Internet life.	3ff6fae6-a337-5414-9234-b06c69339543	40	34
Internet è un posto affascinante.	The internet is a fascinating place.	fb1021a7-331e-53d5-9a1b-d14c6d510ac6	33	36
Internet è un luogo affascinante.	The internet is a fascinating place.	0071325c-59c4-5e0e-98c7-dc0e9d45966a	33	36
Ziri è un troll?	Is Ziri a troll?	b3da5ba1-10cc-57de-84b5-5fa0b7fc1464	16	16
Ziri è un troll.	Ziri is a troll.	e967c301-9547-551d-8ffa-89b90bdd1b91	16	16
Daniel è un vero troll.	Daniel is an absolute troll.	78d3fcba-ee22-56e0-8f2e-db39cfc020c8	23	28
Non dare da mangiare al troll.	Don't feed the troll.	7d797769-4154-55bd-93cd-bced37288ddd	30	21
Non date da mangiare al troll.	Don't feed the troll.	bb774cad-060b-588c-b9cf-8aa3be236fe3	30	21
Non dia da mangiare al troll.	Don't feed the troll.	586c617e-e3ff-5e19-8d75-dab37fc4698f	29	21
Non sono un troll.	I'm not a troll.	dd06b886-0860-50b6-9fef-25e6c44808ab	18	16
Io non sono un troll.	I'm not a troll.	909d4b7a-00a5-5ecf-acbd-413cb3bec934	21	16
Non dare da mangiare al troll!	Don't feed the troll!	082b634d-0b0b-5d15-b263-d70068d15148	30	21
Non date da mangiare al troll!	Don't feed the troll!	806372e6-b23f-514c-bd63-a2876a8fbc78	30	21
Non dia da mangiare al troll!	Don't feed the troll!	bbaf4810-2e53-5988-822d-5c2975f7ae24	29	21
Un troll vive sotto quel ponte.	A troll lives under that bridge.	55fa4848-1697-5b9b-8f95-a191b746ed8d	31	32
Non dare da mangiare ai troll.	Don't feed the trolls.	373c9943-b4a2-5406-aed5-e1e5b066ed8e	30	22
Non date da mangiare ai troll.	Don't feed the trolls.	30423d15-18f6-5eea-ad19-2f3c9f3c9ae1	30	22
Non dia da mangiare ai troll.	Don't feed the trolls.	fd638ec8-89bf-5594-aa93-1e437d30fb4d	29	22
Internet è pieno di troll.	The internet is full of trolls.	ed75945d-a974-5be2-80de-26f74bcf55bc	26	31
Usa Internet per imparare il berbero.	Use the Internet to learn Berber.	5a21596a-5c91-5ddf-9d0a-1b5d54a5761d	37	33
Utilizza Internet per imparare il berbero.	Use the Internet to learn Berber.	c1288a33-9cc1-5ba5-8c1c-d19544e2900d	42	33
Usate Internet per imparare il berbero.	Use the Internet to learn Berber.	567e7b9c-c77a-5dc5-b14b-645a9e558776	39	33
Utilizzi Internet per imparare il berbero.	Use the Internet to learn Berber.	98549c31-f405-5919-9783-d9d1755808ec	42	33
Usi Internet per imparare il berbero.	Use the Internet to learn Berber.	c21b5b63-7905-58f4-ac94-e79eaeabc534	37	33
Utilizzate Internet per imparare il berbero.	Use the Internet to learn Berber.	a54eac50-aeca-55cc-94ee-dea607bf1f14	44	33
Yanni ha sedotto Skura su Internet.	Yanni seduced Skura on the Internet.	8ea41e0d-b9dd-546e-9546-736c40a1ad72	35	36
Yanni sedusse Skura su Internet.	Yanni seduced Skura on the Internet.	b9d8a8c9-a2ec-531f-b269-b447c521d416	32	36
Ascolti la radio su Internet?	Do you listen to Internet radio?	bdbe36a3-452c-5ccb-98c6-49cb6f3ade62	29	32
Tu ascolti la radio su Internet?	Do you listen to Internet radio?	c0c78ed1-d957-53bc-8ce7-84e834e87aa8	32	32
Ascolta la radio su Internet?	Do you listen to Internet radio?	b9e3620b-d932-57ae-8ac9-2fc1c05f6c17	29	32
Lei ascolta la radio su Internet?	Do you listen to Internet radio?	5dbe916e-132c-570e-8de4-f27ae2c1c765	33	32
Ascoltate la radio su Internet?	Do you listen to Internet radio?	5ea34bfe-a157-50e2-94a4-79a0b2fc6d18	31	32
Voi ascoltate la radio su Internet?	Do you listen to Internet radio?	357d9ed6-0a1e-5162-91a2-626a31fdadbf	35	32
Mi piace comprare su Internet.	I like shopping on the internet.	241ebc40-4c6f-5bf9-8769-66c9e11abae9	30	32
A me piace comprare su Internet.	I like shopping on the internet.	b94cb248-d4f5-576e-ae46-9f49c205a96a	32	32
Ci sono molti siti Internet.	There are a lot of Internet sites.	8f82bf1c-3127-5eae-a21b-24ab67ccfe75	28	34
Il mio telefono non ha accesso a Internet.	My phone doesn't have Internet access.	2772752a-5718-5df6-9942-acfaeaca0343	42	38
Vende gelatina di vino su Internet.	She sells wine jelly on the Internet.	dbe02169-b8d9-5e92-9fba-433ac159a110	35	37
Hai trovato questo su Internet?	Did you find this on the internet?	e1a37a2e-4c49-5d65-8006-7cc538b3325c	31	34
Ha trovato questo su Internet?	Did you find this on the internet?	8c0ed8ae-f6da-5b87-90bb-b3fcda3f2b8d	30	34
Avete trovato questo su Internet?	Did you find this on the internet?	5cf78272-c914-5cf0-9bf7-3e1c9815c5ea	33	34
Fyodor non ha mai avuto accesso a Internet.	Fyodor has never had access to Internet.	8d5658c1-aae6-5c2b-97a1-91f3b5860e70	43	40
Fyodor ha postato un video su Internet.	Fyodor posted a video on the Internet.	76a8dde6-9bf1-55d0-a01d-36dac75f950e	39	38
Fyodor postò un video su Internet.	Fyodor posted a video on the Internet.	0adf619b-cefd-5c1c-8322-4952b46e07f5	34	38
Santiago ha caricato il video su Internet.	Santiago uploaded the video to the Internet.	d5c5e23e-b439-5b10-b993-be72f696e7dc	42	44
Santiago caricò il video su Internet.	Santiago uploaded the video to the Internet.	05e1a60f-b2c9-5c1b-b127-b5c59faa7242	37	44
Non c'erano bar e Internet.	There were no bars and no Internet.	e98e02ac-f525-5bf4-8cd9-a87586c17f26	27	35
Com'era la vita prima di Internet?	What was life like before the internet?	57a811ba-4862-5bd2-9242-c1f09a2e764d	34	39
Non c'erano barre e Internet.	There were no bars and no Internet.	6c22a9ab-23df-5af0-afd0-bfde5368200c	29	35
La loro velocità di Internet è migliore della mia.	Their internet speed is better than mine.	4ca4a63b-a830-543f-a841-aed809b8ffe0	50	41
I gatti sono la mascotte di Internet.	Cats are the mascot of the Internet.	14a43ecc-b115-51a9-be99-2a716a84938e	37	36
È un'illusione.	It's a delusion.	3b54bcfb-4dd2-5391-b9bb-600f61f01451	15	16
L'arte è morta.	Art is dead.	20e1eafe-7483-57dd-8e46-038923561042	15	12
Non festeggiamo la Pasqua.	We don't celebrate Easter.	c151e914-e3ff-5c54-be82-a1a423351939	26	26
Noi non festeggiamo la Pasqua.	We don't celebrate Easter.	1a2d00fe-59d2-577a-955c-d913a18c8703	30	26
Andiamo spesso in montagna a Pasqua.	We often go to the mountains at Easter.	1404b2c5-be7e-539f-9921-ea1ee7aef994	36	39
Molte persone vanno in chiesa il giorno di Pasqua.	Many people go to church on Easter Day.	b5554953-3bec-5272-9409-b0e4676bad8f	50	39
Molta gente va in chiesa il giorno di Pasqua.	Many people go to church on Easter Day.	9bf28683-9ced-54c6-a977-1a65ad17f2de	45	39
La Pasqua sarà sempre celebrata di domenica.	Easter will always be celebrated on a Sunday.	c9361abb-2e5e-5b4d-8f05-051d9ba56a88	44	45
Questa casa è nostra?	Is this house ours?	967e1652-b25b-5725-9846-0a3b4366a543	21	19
La casa è venduta.	The house is sold.	a9231ac0-0c1c-5467-93c9-f82863099dcd	18	18
È una casa.	It's a house.	76f075d2-d35f-5dd4-b201-1ee0a98de4dd	11	13
Ho allargato la casa.	I expanded the house.	8f17af59-774e-545e-b9fc-8eda0ed65179	21	21
Allargai la casa.	I expanded the house.	c936b51a-4146-5bd4-8fc3-477ff1c7d621	17	21
La nostra casa è stata rapinata.	Our house was robbed.	71d83373-42c8-5ea3-be87-d59323c3f135	32	21
La nostra casa fu rapinata.	Our house was robbed.	5d9763a6-c0e8-582a-8790-b978a6073101	27	21
Benvenuto nella mia casa.	Welcome to my house.	9bd4d477-f8c7-5804-9192-eb044561885d	25	20
Benvenuta nella mia casa.	Welcome to my house.	98186222-46d4-533c-8174-a2c57a1a6de4	25	20
Benvenute nella mia casa.	Welcome to my house.	523fb6de-e2c3-535a-8a74-ecc992eb0c66	25	20
Benvenuti nella mia casa.	Welcome to my house.	5a48c6f6-5739-5839-84d8-5d32354f17fb	25	20
La mia casa è ad ovest.	My house is west.	dc2b7e19-6515-5fad-9ed7-2d9d679c589e	23	17
Tom si è avvicinato alla casa.	Tom approached the house.	8fd185ff-1995-5587-a50a-595fbd4253b0	30	25
Tom si avvicinò alla casa.	Tom approached the house.	1ae6d7b6-5da6-5a71-b5ec-8531ba29409d	26	25
Yanni ha controllato la casa.	Yanni checked the house.	27a0b87d-73bf-5e68-a5dc-33c283e7d621	29	24
Yanni controllò la casa.	Yanni checked the house.	dee65a9a-3f46-55e3-8074-2496a1cec9a0	24	24
La casa è lì.	The house is there.	a1ae4bf2-ef12-5336-b217-2b5120730fd0	13	19
La casa è là.	The house is there.	744fe023-5f61-5b06-8f46-ae00f8252ae9	13	19
La casa è nuova.	The house is new.	f396d4a8-1f9b-563a-bb15-f3d3da798582	16	17
Questa casa è tua?	Is this house yours?	de62a511-59a1-5efc-9757-640b161a7356	18	20
Questa casa è sua?	Is this house yours?	c9066dd5-428e-5282-98cb-72408cbf8e26	18	20
Questa casa è vostra?	Is this house yours?	f3e7afe4-64cc-5784-bf7b-fe054b2d6cc4	21	20
Questa casa non è occupata.	This house is unoccupied.	c2db76e5-46ea-5fbf-9da1-5850477c23bf	27	25
Quella casa non è occupata.	That house is unoccupied.	472dcd40-653d-55fb-a969-de006d9e3fae	27	25
Compriamo una casa.	We buy a house.	8511d732-8423-5966-94c3-8e54de498c04	19	15
Noi compriamo una casa.	We buy a house.	a58d61b6-6336-5e8b-8380-4a1ebebbb036	23	15
Possiedo una casa.	I own a house.	f00b9200-3048-5ee6-ba56-c9799aecdedc	18	14
Io possiedo una casa.	I own a house.	5fa4db11-3d7c-54cb-a084-60d70e64ae54	21	14
Yanni ha lasciato la casa.	Yanni left the house.	e400ef14-0f56-56e0-ae66-dd93e19453f1	26	21
Yanni lasciò la casa.	Yanni left the house.	82a43fb5-749d-5ad1-aa79-a1046a8a4e96	21	21
Yanni è entrato nella casa.	Yanni entered the house.	14190f56-50cb-5d92-9539-1849e981d5b1	27	24
Yanni entrò nella casa.	Yanni entered the house.	8f144390-f391-54f9-bd12-896a74313907	23	24
Yanni ha ristrutturato la casa.	Yanni renovated the house.	d60adc03-c734-5102-838d-6a1d03f8cdf1	31	26
Yanni ristrutturò la casa.	Yanni renovated the house.	8f40d4d9-11b9-5ad5-adf4-451832b82705	26	26
Questa casa è inquietante.	This house is creepy.	c89b5bf3-b648-53d3-87a1-addb06a031c4	26	21
Patricia si è avvicinata alla casa.	Patricia approached the house.	fad01b0c-e8c1-57b5-98d4-10c269fe3643	35	30
Patricia si avvicinò alla casa.	Patricia approached the house.	e290e5bb-7f62-53d1-a36f-adf0e0e723d1	31	30
Casa sporca, pavimento sporco.	Dirty house, dirty floor.	9b799282-0ed7-5cb5-b6dd-6702e8cbf6d3	30	25
Quanti anni ha la casa?	How old is the house?	15e4859e-a759-5058-8623-4d2c441cdd7c	23	21
La casa di Tom è grande.	Tom's house is big.	46052e01-b380-5036-bbd1-7d92e52ea9e7	24	19
Ziri ha afferrato la chiave.	Ziri grabbed the key.	94985d18-a38d-5f3f-a543-7d2dcc0682b9	28	21
Ziri afferrò la chiave.	Ziri grabbed the key.	6e0d9234-0c4a-5896-9309-3f39678e3953	23	21
Qual è la chiave per il successo?	What's the key to success?	7329c99f-2416-5189-bb35-da9a58995588	33	26
Tom dove ha trovato la sua chiave?	Where did Tom find his key?	c954ed3f-7b19-5bca-913e-904ddbcbd273	34	27
Dove hai trovato questa chiave?	Where did you find this key?	0774ec2a-fab6-5a6a-a207-a84014cd93c5	31	28
Dove avete trovato questa chiave?	Where did you find this key?	22a44073-8520-5186-a5b5-f455b71498dc	33	28
Sami non ha una chiave.	Sami doesn't have a key.	af358fab-6cbd-544b-ab4e-f24bd3bd580b	23	24
La chiave è nella porta.	The key is in the door.	bcf7c312-b4f1-5c21-8689-231b135eb32c	24	23
La punta della chiave si è rotta.	The tip of the key broke.	400c3e0b-7f12-5ac7-9f8d-ce958024c4c7	33	25
La punta della chiave si ruppe.	The tip of the key broke.	67911612-f381-59e0-a0fa-34504798ffaa	31	25
La chiave non apre la porta.	The key doesn't open the door.	ec22faf8-6cb1-5569-9f60-61414ad814b8	28	30
Ho perso la chiave del mio appartamento.	I lost the key to my apartment.	c816528d-c360-5075-9837-4a2f3adbdc67	40	31
Persi la chiave del mio appartamento.	I lost the key to my apartment.	41be69bc-5aeb-5dcc-baaa-12d37cdc720f	37	31
Ecco la chiave del mio appartamento.	Here's the key to my flat.	a27c980e-653f-5236-9366-db2aee912c50	36	26
Mi hai dato la chiave?	Did you give the key to me?	d3fdfa73-37c5-5f1a-8490-a8a5820ce3b4	22	27
Mi ha dato la chiave?	Did you give the key to me?	a2ff40dd-3ba2-57a0-bc8b-269d7194bace	21	27
Mi avete dato la chiave?	Did you give the key to me?	213d3b3a-cc14-5c45-96eb-7759d8b2eccb	24	27
Ziri aveva una chiave dell'edificio.	Ziri had a key to the building.	86ae0fcc-8188-55bd-9ee3-27e1b3343c0b	36	31
La chiave è bloccata nella serratura.	The key is stuck in the lock.	ea669887-d3c3-5aba-a453-ea5b02e6089b	37	29
Tom ha la chiave di questa porta.	Tom has the key to this door.	2ead8a65-89b6-5e2c-b510-5931927ef53a	33	29
La chiave è persa da una vita.	The key's been lost for ages.	145152b4-7be8-5765-b71f-dfe7dbba28c9	30	29
Ziri ha trovato la chiave della porta.	Zir found the key to the door.	dd7d5960-7444-5457-8556-b55a36a19a13	38	30
Ziri trovò la chiave della porta.	Zir found the key to the door.	1a0fd572-a713-568b-b197-abe33f4e37c7	33	30
Chi ha la chiave di questa porta?	Who has the key to this door?	b974b7ab-92f2-5e20-a58f-74eefc11a3cc	33	29
Dov'è la chiave di questa porta?	Where's the key to this door?	df1eee63-7c9f-5d7d-8621-bf33baeefba1	32	29
Chi ha la chiave? Marco ce l'ha.	Who has the key? Marco has it.	3504939c-e3f0-5d7f-8920-fab7fd0f8c6f	32	30
Chi ha una chiave del tuo ufficio?	Who has a key to your office?	d123aa14-b175-5d87-a099-4f6ea8883b7f	34	29
Chi ha una chiave del suo ufficio?	Who has a key to your office?	7132d6f4-823e-5da4-8af3-2041fcd24685	34	29
Chi ha una chiave del vostro ufficio?	Who has a key to your office?	a7a997d8-ffb4-5c4b-b029-536b2acfb401	37	29
Ecco la chiave del mio ufficio.	Here's the key to my office.	590cc2d1-c132-5e3b-b488-a7471c6cc070	31	28
Chi ha una chiave di questa stanza?	Who has a key to this room?	45acc9ba-1e0d-5094-8158-09f19333617f	35	27
Ho messo la chiave sul tavolo.	I put the key on the table.	33aa1572-22bf-5940-9877-bdd681bd7419	30	27
Misi la chiave sul tavolo.	I put the key on the table.	c784f7a9-76c3-5ab5-a086-54fa725e9ed5	26	27
Metto la chiave sul tavolo.	I put the key on the table.	8e747eae-cfdf-5fac-992e-96c16bcef284	27	27
Ho trovato la chiave sotto al tappeto.	I found the key under the rug.	14369424-3b76-5855-bd47-857dc3db9b68	38	30
Trovai la chiave sotto al tappeto.	I found the key under the rug.	46ce15fe-972f-5307-af76-ebfe58944cb6	34	30
Dove ho messo la chiave della macchina?	Where did I put the car key?	ebcc6a85-774f-5d1b-afb0-f39d6c8d3ffb	39	28
La chiave smarrita era sotto al divano.	The lost key was under the couch.	24fcb0f9-6073-565f-b807-2f5e31ec65b3	39	33
Tom sta cercando la chiave del suo armadietto.	Tom is looking for his locker key.	a2e8c79e-a468-5716-a8be-848122ad13fd	46	34
Ha lasciato la sua chiave in ufficio.	He left his key at the office.	79de8832-5dca-59e8-8ed0-7f9823aa2109	37	30
Lasciò la sua chiave nell'ufficio.	He left his key at the office.	fbe41910-f1fa-5e80-9330-277dadb06383	34	30
Tom quando ha perso la sua chiave della macchina?	When did Tom lose his car key?	8b6e1565-75a7-5562-b6fd-a99796739a84	49	30
Sembra avere perso la sua chiave.	He seems to have lost his key.	3804b5e9-510f-50bb-ad6c-03825ac6cbfe	33	30
Sami ha perso la chiave del suo cassetto.	Sami lost the key to his drawer.	6aca7f44-83ed-54ca-bcbb-94d08eed02d0	41	32
Sami perse la chiave del suo cassetto.	Sami lost the key to his drawer.	532823b2-9c38-5455-bf4f-b562d32a2f47	38	32
Stai ancora cercando la tua chiave?	Are you still looking for your key?	9c8d6a1f-9cb3-519b-bb9f-64efe2dfe9fd	35	35
Sta ancora cercando la sua chiave?	Are you still looking for your key?	9aa0175c-2374-5c2d-ab68-325c18d3f442	34	35
State ancora cercando la vostra chiave?	Are you still looking for your key?	ebb80ac2-bad3-52ca-808d-e57a8b39250d	39	35
Lui vive qui.	He lives here.	1dd6ec60-e9ee-5ae0-9c5b-a6c81322514e	13	14
Lui vive qua.	He lives here.	81cea595-2756-5d86-9a3e-b571e6521ec0	13	14
Lui abita qui.	He lives here.	76b347e3-4b19-58f6-a796-48ffad6d7061	14	14
Lui abita qua.	He lives here.	bc210189-18df-5f07-a4ee-4effb4a7fc54	14	14
Sì, vive qui.	Yes, he lives here.	67de3232-069f-5c47-819c-cec0ed60635c	13	19
Sì, vive qua.	Yes, he lives here.	9e186eed-1af3-5dd6-95c8-a7ab170d776e	13	19
Sì, lui vive qui.	Yes, he lives here.	13127806-9e51-5510-89af-e87d8312bf4b	17	19
Sì, lui vive qua.	Yes, he lives here.	f19b7e58-1555-5be6-b2de-3e876398d2db	17	19
Sì, abita qui.	Yes, he lives here.	29c510c2-c6bf-5a3e-8a7b-27aefadef99e	14	19
Sì, abita qua.	Yes, he lives here.	fe29ccee-6ae5-5aba-8f85-8418df02cd3a	14	19
Sì, lui abita qui.	Yes, he lives here.	d504107d-94dd-54e9-bab0-e9295bf9e0c5	18	19
Sì, lui abita qua.	Yes, he lives here.	ffde9c39-12d7-5681-b779-7d91c6eac2a9	18	19
Lui vive qua?	Does he live here?	660a2f20-7df5-5b27-a1d1-cf7bea7ff257	13	18
Lui abita qui?	Does he live here?	f8dd9240-2021-5603-99ba-37e33a65b039	14	18
Lui abita qua?	Does he live here?	2600cb7b-f0ae-5195-a057-dc5e88a90f96	14	18
Sporco ragno!	Filthy spider!	95e1a946-fb19-53bb-bafd-7031fa9fdb89	13	14
Vedo un ragno.	I see a spider.	5ba645a2-da1b-58c7-a87d-5fd469a8724e	14	15
Il ragno è nero.	The spider is black.	cf19e5ce-5df9-50c6-86c5-0195915007a7	16	20
Il ragno era nero.	The spider was black.	40539f2c-d6b2-5120-8687-10e546c9cc0c	18	21
Il ragno ha morso Miroslav.	The spider bit Miroslav.	58ae7fd4-dbf4-57a2-a6a8-b32fa2d7ba44	27	24
Il ragno morse Miroslav.	The spider bit Miroslav.	4f021d7c-90f3-5da9-9d52-7afb9366311d	24	24
Il ragno era morto.	The spider was dead.	1364bbbd-2d44-5791-b9f4-1bde0545d170	19	20
Al ragno piace questo.	The spider likes this.	78e12873-4349-5984-b356-eebefc9d2c1e	22	22
Tom ha catturato un ragno.	Tom caught a spider.	243c35fd-e0ca-5a47-b823-ed8a73866207	26	20
Tom catturò un ragno.	Tom caught a spider.	812c1c1b-5ab4-5577-8de9-b4cae26235f0	21	20
Ha catturato il ragno.	He caught the spider.	31cb85c6-9656-5f5a-bccf-855e31812951	22	21
Catturò il ragno.	He caught the spider.	78364bca-7a33-553d-9665-fde2e01c54c6	17	21
Sami ha catturato un ragno.	Sami caught a spider.	a4c105d5-1946-54ed-9786-b280024fda80	27	21
Sami catturò un ragno.	Sami caught a spider.	1839ba1d-d75a-5aed-86d7-db1a41ec7d56	22	21
È un ragno?	Is that a spider?	ab1695b3-75c3-53f3-9774-4ad8f54a9ad4	11	17
Quello è un ragno?	Is that a spider?	cc342b38-f1b4-5630-9a36-1a27498fdfc9	18	17
Questo ragno morde?	Does this spider bite?	3774cad8-d395-5138-8f1d-1f6769b1f1e9	19	22
Il ragno è morto.	The spider is dead.	0ed67b9a-e2f6-57cf-9acd-321738cce11b	17	19
Mio padre è un ragno.	My father is a spider.	d9f65490-0b33-5a9e-bcd5-389e9ec59fe3	21	22
È solo un ragno.	It's just a spider.	1e9dae49-2558-52ec-9829-3e0785872d2b	16	19
È soltanto un ragno.	It's just a spider.	05e80e38-ecff-53a6-b25e-ca58c4f899ec	20	19
È solamente un ragno.	It's just a spider.	a7334ddf-8f0d-5016-a0ab-7b0bf0777790	21	19
Dov'è il ragno di Ziri?	Where is Ziri's spider?	a69cf89d-97ac-5352-b28c-89227703648f	23	23
Il ragno non è morto.	The spider is not dead.	76c10b06-ba67-5e2a-b7bb-a07a9f1c13f3	21	23
Ti amo, mio ragno.	I love you, my spider.	637c69a4-5840-5715-8fc1-d302a7790908	18	22
Un ragno ha otto zampe.	A spider has eight legs.	24d40167-35d1-5057-8373-de3a7f2d038c	23	24
Saluta il ragno.	Say hello to the spider.	90ace53a-be92-5092-92b3-aaf227d45de8	16	24
Salutate il ragno.	Say hello to the spider.	5a2c7061-f206-53ce-97e1-8b11e5f5259c	18	24
Saluti il ragno.	Say hello to the spider.	7b03291c-0502-5cb8-9572-b56f11c2f269	16	24
Che ragno grande!	What a big spider!	d03fae37-2809-5548-858a-1d2198eab206	17	18
Il ragno è gentile.	The spider is gentle.	0575ad43-21ed-5361-9465-8d1f79cc0f02	19	21
Il ragno è leggero.	The spider is light.	c5348df6-0f9b-5ec6-a72d-313fa06b3239	19	20
Il ragno è morbido.	The spider is soft.	9a168b39-df2b-5819-bca8-5990b809d0df	19	19
Ziri ha guardato il ragno.	Ziri looked at the spider.	4c9328e8-8ce5-5245-9b56-68d71417025d	26	26
Ziri guardò il ragno.	Ziri looked at the spider.	a8c24d6e-b0af-54f9-8340-c2fefc331ca0	21	26
Ziri ha raccolto il ragno.	Ziri picked the spider up.	a9e6a711-e8ad-58c1-9933-54135292f51b	26	26
Ziri raccolse il ragno.	Ziri picked the spider up.	2c2d4bee-0baa-5a65-ac52-6a24126b30ac	23	26
Il ragno di Ziri è morto.	Ziri's spider is dead.	f243ca6e-2730-5dc9-be1f-7b22660a6805	25	22
Un elefante mangia un ragno.	An elephant eats a spider.	9b5d7252-92ef-5ef6-843c-1d5a124f0d22	28	26
Ziri ha riconosciuto all'istante quel ragno.	Ziri instantly recognized that spider.	f2d7e18c-771b-54f5-99a1-822ca3a48e83	44	38
Ziri riconobbe all'istante quel ragno.	Ziri instantly recognized that spider.	704381da-2482-544b-a643-512b017417d7	38	38
Mennad ha visto la ragnatela.	Mennad saw the spider web.	b48a6e92-c5b7-5c0d-b973-fdb25a942106	29	26
Mennad vide la ragnatela.	Mennad saw the spider web.	ff4b70b0-b8ff-54a1-8e93-17c5225a558d	25	26
Il ragno non sta facendo niente.	The spider isn't doing anything.	659ccf11-d8af-55a1-9d35-f5eceaae3406	32	32
Il ragno non sta facendo nulla.	The spider isn't doing anything.	e604144f-ab85-5760-a7e7-d62d514a7d56	31	32
Non pensare a un ragno.	Don't think of a spider.	15447c69-94e8-5217-b98b-fe6a1782b848	23	24
Non pensate a un ragno.	Don't think of a spider.	8e1b0975-af6f-5b55-8989-e8fc1388f46a	23	24
Non pensi a un ragno.	Don't think of a spider.	09e61556-3c29-5ed8-af40-55ee2835bef9	21	24
Il mio gatto è morto.	My cat died.	ec2b0f66-3797-5443-ad6f-ee2a825f4f62	21	12
Il mio gatto morì.	My cat died.	ee600c4f-9d6c-5330-8a85-2981b1c61fa4	18	12
La mia gatta è morta.	My cat died.	b2f36fea-c680-5afd-8054-5b8107a7b1c2	21	12
La mia gatta morì.	My cat died.	06ebdcdb-133f-5485-ae9f-9d7fcbc3c47b	18	12
Il gatto ha mangiato.	The cat ate.	580adf36-74c1-5d01-969d-7d5c328d755f	21	12
Il gatto mangiò.	The cat ate.	e8b61858-795d-5599-827d-9fa83244d719	16	12
La gatta ha mangiato.	The cat ate.	99248d29-6bad-5d03-bf33-95097fc2ef8d	21	12
La gatta mangiò.	The cat ate.	79a58298-68cf-548a-bf2c-d4daa8818274	16	12
Il mio gatto ha perso peso.	My cat lost weight.	b1c15255-3871-568c-9b56-f65a7bbeeed3	27	19
Il mio gatto perse peso.	My cat lost weight.	aa60f074-1587-51e5-942f-47fd51d9d21d	24	19
La mia gatta ha perso peso.	My cat lost weight.	bba6268c-a4db-5426-aba3-acfdfeebe8c5	27	19
La mia gatta perse peso.	My cat lost weight.	28a9159a-465d-5235-a8e1-eea98b2c4ce1	24	19
Dov'è il mio gatto?	Where's my cat?	8ec09a29-50e4-58da-a6b9-0a9b9a22943b	19	15
Dov'è la mia gatta?	Where's my cat?	ff31651a-a113-5577-a747-a836a99e607f	19	15
Il gatto sta russando.	The cat is snoring.	64b39351-4bdb-5a3c-b152-89aa315f2200	22	19
La gatta sta russando.	The cat is snoring.	80bdc800-2598-5d46-967f-1490f9f9a3ae	22	19
A loro piace questo gatto.	They like this cat.	e0e9f2b1-aeb8-51bb-ba85-a8b24ae6175b	26	19
A loro piace questa gatta.	They like this cat.	0e845506-2d3e-5286-9d15-be2b2ae4a843	26	19
A chi piace il gatto?	Who likes the cat?	397f13a4-ce47-5181-9eb2-59b02eef6dcd	21	18
A chi piace la gatta?	Who likes the cat?	e67d6e84-2562-556e-941d-51571a9b3fab	21	18
Il gatto è brutto!	The cat is ugly!	b580d058-35bd-56d2-8a02-2aefc82fd39d	18	16
La gatta è brutta!	The cat is ugly!	0cfb7135-c255-5f7d-903b-cf4ae1fcacb9	18	16
Fai tacere il gatto.	Shut up the cat.	2af8e1cb-6297-51dc-a32a-e00e649a6f8a	20	16
Faccia tacere il gatto.	Shut up the cat.	944518a3-364f-5073-b502-343fe61aea77	23	16
Fate tacere il gatto.	Shut up the cat.	ed4f2b76-c8e5-555e-8ea3-9a6783a07598	21	16
Fai tacere la gatta.	Shut up the cat.	4317ed57-b6da-590b-a869-eb23d13b7799	20	16
Faccia tacere la gatta.	Shut up the cat.	83861cfe-639b-5ede-9aef-e7d89c50980b	23	16
Fate tacere la gatta.	Shut up the cat.	33677123-3a58-519a-8e57-39e0771f5b68	21	16
Il gatto di Tom è morto.	Tom's cat died.	54a4ec1f-46af-5b87-9b82-bc955d825c24	24	15
Il gatto di Tom morì.	Tom's cat died.	8c57c32f-ca6e-50ac-87bc-ef4552ae26c8	21	15
La gatta di Tom è morta.	Tom's cat died.	c9bc50b5-ceb5-5798-8d76-e935ce381346	24	15
La gatta di Tom morì.	Tom's cat died.	d5a85139-c24a-5285-b2f3-3fc31d4e8843	21	15
Tom ama il gatto.	Tom loves the cat.	82da5b35-d829-5be7-8ce9-91f12954ac14	17	18
Tom ama la gatta.	Tom loves the cat.	708bc1a4-5d49-5d93-9111-c192ef3e82c3	17	18
Ho disegnato un gatto.	I drew a cat.	d86e0c36-9c79-5feb-809c-c96e44de2436	22	13
Disegnai un gatto.	I drew a cat.	e9b46a34-cd21-57a3-930e-8f0f27f92d7f	18	13
Ho disegnato una gatta.	I drew a cat.	c7cf0887-c8a3-5cc4-80c5-8e858ec477e5	23	13
Disegnai una gatta.	I drew a cat.	9728d74d-9419-563e-9189-beef6b15082a	19	13
Per piacere, non il gatto.	Please, not the cat.	b9c7872b-90ff-5670-9ca5-644b530545b5	26	20
Per favore, non il gatto.	Please, not the cat.	00d7cc91-f8e8-585c-8ae0-0d310f503859	25	20
Per piacere, non la gatta.	Please, not the cat.	1068cf0c-3c5e-597a-ae75-57a2decdde1a	26	20
Per favore, non la gatta.	Please, not the cat.	8560c6a7-63d6-574c-925e-fad34355316c	25	20
Ziri ha sentito il gatto.	Ziri heard the cat.	2261747c-de54-57a2-b3bb-f95ff4b16c80	25	19
Ziri sentì il gatto.	Ziri heard the cat.	cf0a9b55-f155-5ea6-9875-b41b133b6c8f	20	19
Ziri ha sentito la gatta.	Ziri heard the cat.	5eb1b4b6-9185-522a-b51a-5d7a27ac0df4	25	19
Ziri sentì la gatta.	Ziri heard the cat.	51f90c59-0749-5e3e-b6f2-566d87b8ffee	20	19
Ziri ha salvato un gatto.	Ziri rescued a cat.	93d51dda-7364-507d-844f-b98b9e522eb5	25	19
Ziri salvò un gatto.	Ziri rescued a cat.	2a7f1cb5-919c-502d-b396-b100d36f0522	20	19
Ziri ha salvato una gatta.	Ziri rescued a cat.	6f3ee8a2-c190-5c45-b5f9-8f482ef29724	26	19
Ziri salvò una gatta.	Ziri rescued a cat.	189b82b2-9ccb-5ea3-9251-164a34ee4fdf	21	19
Ziri amava il gatto.	Ziri loved the cat.	82ee0a48-2add-591c-85f1-c954cab5572b	20	19
Ziri amava la gatta.	Ziri loved the cat.	6de19ec5-4e8f-5ea5-85a8-bf7d54388af2	20	19
Ziri ha chiamato il gatto.	Ziri called the cat.	ce1db4c6-6fd6-5c22-80a3-e958a6b654c6	26	20
Ziri chiamò il gatto.	Ziri called the cat.	f61ca1ad-59ab-57be-a523-e285dbb78384	21	20
Ziri ha chiamato la gatta.	Ziri called the cat.	26060b05-8ca9-53df-9271-beca4b4f93c3	26	20
Ziri chiamò la gatta.	Ziri called the cat.	9e2eb6e0-615a-51a2-b73a-a45a9daf7b26	21	20
Ziri ha visto un gatto.	Ziri saw a cat.	b96af196-ef09-5240-b056-a0963c1c4ac1	23	15
Ziri vide un gatto.	Ziri saw a cat.	fc4b7eb5-dbbd-5b50-9097-ff13e91c166e	19	15
Ziri ha visto una gatta.	Ziri saw a cat.	77aa50e5-3fe8-5a34-907f-fe15447867e3	24	15
Ziri vide una gatta.	Ziri saw a cat.	e56d9a9f-3ad4-54c0-9440-2338a2202b79	20	15
Ziri ha adottato un gatto.	Ziri adopted a cat.	e6dc724b-7da0-5960-8bae-7466b9bb0740	26	19
Ziri adottò un gatto.	Ziri adopted a cat.	f2b6cd52-2cd2-56f3-b421-bc1a0cfe9f00	21	19
Ziri ha adottato una gatta.	Ziri adopted a cat.	419bdc29-0fdd-5a25-b1ad-4b3fccad4c49	27	19
Ziri adottò una gatta.	Ziri adopted a cat.	3c2be32d-eb85-519c-ad27-0adc8d1cb3ee	22	19
Hanno comprato un gatto.	They bought a cat.	bedb29d2-cc00-556c-8937-c639c26d289a	24	18
Comprarono un gatto.	They bought a cat.	48c9806b-2158-520b-8c9f-79fe360a94ec	20	18
Hanno comprato una gatta.	They bought a cat.	5ff7781a-c0c2-5d2e-975c-4461738df992	25	18
Comprarono una gatta.	They bought a cat.	17f30349-18bd-50a1-a1c0-a4bf9b6dc309	21	18
Ha comprato un gatto.	He bought a cat.	a50df714-b8af-5f3a-84f0-3da971f5766e	21	16
Comprò un gatto.	He bought a cat.	790be132-5992-5f5c-9066-29376feb2bb3	16	16
Ha comprato una gatta.	He bought a cat.	5d0f5e41-0fa6-5d78-89d5-3348479167b0	22	16
Comprò una gatta.	He bought a cat.	a6ee58af-2bcf-5226-aff9-12e14109e6af	17	16
Il gatto sembrava annoiato.	The cat looked bored.	90702875-6549-54a7-9be0-8666106da219	27	21
La gatta sembrava annoiata.	The cat looked bored.	2d6d0c07-3949-526e-bfd2-261b671e08b7	27	21
Tom ha le orecchie da gatto.	Tom has cat ears.	93f7125e-12c2-5589-af8a-72a957a1faae	28	17
Voglio un gatto.	I want a cat.	33f1a478-c570-5e98-b8b6-f468c3d7cac7	16	13
Voglio una gatta.	I want a cat.	acd70f21-c087-5364-91b6-bb0c15181560	17	13
Vendo giocattoli per gatti.	I sell cat toys.	c8bc43fe-6820-5d95-a017-47cc1f7cbbce	27	16
Quel gatto è grigio?	Is that cat gray?	5a76f6fb-0211-5779-a0ff-c3f81c532605	20	17
Il gatto è qui.	The cat is here.	99d5fbd3-52b4-596e-a2cd-3597b114de31	15	16
Il gatto è qua.	The cat is here.	0f19992d-402b-57eb-98dd-1f8fb2b04dc5	15	16
La gatta è qui.	The cat is here.	5e0358ea-995a-5eb8-9559-72ee68a11066	15	16
La gatta è qua.	The cat is here.	8dfb1b4f-9868-59bd-9f47-b12f029638c5	15	16
Sento un gatto.	I hear a cat.	eb3e989d-2b77-56ab-b498-cddd9d95730a	15	13
Dio è un gatto.	God is a cat.	da871332-a2cf-582b-ad1c-5036ebd1b25c	15	13
Sento una gatta.	I hear a cat.	aecef2df-547c-50e8-bdb1-d0ea5e583647	16	13
Questo gatto è grande.	This cat is big.	718e3d77-49ce-56ab-a877-e07102c05017	22	16
Questa gatta è grande.	This cat is big.	b4d906f1-4d71-5662-b030-fd3ea6cdc4f8	22	16
Il mio gatto è grande.	My cat is big.	41a34697-1f1c-5dff-a24f-e846a7045a83	22	14
La mia gatta è grande.	My cat is big.	410e03f2-d574-571e-b10c-9242a8e5d210	22	14
È il tuo gatto.	That's your cat.	9e28ea52-8623-5b4b-aee1-deb63ace2fd7	15	16
È il suo gatto.	That's your cat.	daceaeb0-7f58-5b1e-b7cc-f342bc3a6df6	15	16
È il vostro gatto.	That's your cat.	3eb9e606-5e31-5a9c-84ca-365461990125	18	16
È la tua gatta.	That's your cat.	9a62b62a-29f0-5fdb-9a01-88c614e8ce02	15	16
È la sua gatta.	That's your cat.	2cefe79b-d342-55cb-b308-5effcc665054	15	16
È la vostra gatta.	That's your cat.	952bea81-b973-53d9-95ef-74f97110919f	18	16
Il mio gatto saluta.	My cat says hi.	6693580c-9a4e-5c86-8b42-1d8d73b19637	20	15
La mia gatta saluta.	My cat says hi.	83a59960-745e-5d93-979d-cab3ee4a48f7	20	15
Che gatto carino.	What a cute cat.	05e465a2-4a31-5648-979d-005db97db6ab	17	16
Che gatta carina.	What a cute cat.	189a5fb9-bf89-579f-9372-17f4e66d02b3	17	16
Sami odiava quel gatto.	Sami hated that cat.	b49977b8-ae00-5931-9b24-bb9a7b0acae1	23	20
Sami odiava quella gatta.	Sami hated that cat.	e5b6f78e-977a-5fa1-9ee4-7ecce21bc557	25	20
Sami possedeva un gatto.	Sami owned a cat.	3fc4118c-fbb3-58bf-bc22-e117ef53ef06	24	17
Sami possedeva una gatta.	Sami owned a cat.	902744dc-12f2-522d-962d-84ab78be6ddf	25	17
Sami aveva un gatto.	Sami had a cat.	cfd24e29-51c3-5c8e-9b94-790453939ec0	20	15
Sami aveva una gatta.	Sami had a cat.	b18d94ed-9e5a-52cb-8b0b-1a8b13a64c64	21	15
Mary ha baciato il suo gatto.	Mary kissed her cat.	81c9f6a4-fcc4-5cce-89b9-ea9b611c1ac9	29	20
Mary baciò il suo gatto.	Mary kissed her cat.	e3d9e8ac-3982-52a8-8054-82101d24b0c7	24	20
Mary ha baciato la sua gatta.	Mary kissed her cat.	fa0032a0-ef95-5ece-aec8-662a8cb67c7b	29	20
Mary baciò la sua gatta.	Mary kissed her cat.	2ca78080-c080-5be7-a756-6ef0cee4cf94	24	20
Tom ha baciato il suo gatto.	Tom kissed his cat.	d62ddbab-0241-5fdd-9d0b-dbb5edf07c93	28	19
Tom baciò il suo gatto.	Tom kissed his cat.	dd66c88e-7f5e-5395-bb63-5b7047632544	23	19
Tom ha baciato la sua gatta.	Tom kissed his cat.	49e0f6f6-3243-5f14-8e30-36a946e0b832	28	19
Tom baciò la sua gatta.	Tom kissed his cat.	9c35da42-b2ab-531c-bd66-81261ea50a7b	23	19
Quel gatto è felice.	That cat is happy.	b3742fe8-e865-5626-aa61-11f8edd79000	20	18
Quella gatta è felice.	That cat is happy.	1bb45479-e110-522b-918f-1d6458f3d951	22	18
Quella gatta è grigia?	Is that cat grey?	47ae90c8-c06b-560f-981b-0cf9553711ef	22	17
Il gatto è felice.	The cat is happy.	336cc8da-25b8-522b-8ea0-109d68f78023	18	17
La gatta è felice.	The cat is happy.	e309f355-2df3-516a-ab6f-57d51dc64870	18	17
Voglio questo gatto.	I want this cat.	04b05216-33fd-5790-a3e7-cb2c25de48cb	20	16
Io voglio questo gatto.	I want this cat.	a599bdb5-0cd5-55c2-99a1-b20e63a3cfce	23	16
Voglio questa gatta.	I want this cat.	9544d204-1525-57cb-9643-ffb4831c724f	20	16
Io voglio questa gatta.	I want this cat.	61fd635e-b79c-50f0-9823-36d9c38d2180	23	16
Il mio gatto ha fame.	My cat is hungry.	f1424e62-6b07-5f6a-b355-60b4e08cc05d	21	17
La mia gatta ha fame.	My cat is hungry.	76deeddb-09bf-5b08-a6cc-0ff435b254b3	21	17
Il mio gatto è affamato.	My cat is hungry.	876972a7-c8fc-5df1-bd6a-7354d4d8d5f6	24	17
La mia gatta è affamata.	My cat is hungry.	b0b51e27-bd35-5b21-b624-4a567555b9ce	24	17
Tom ha visto il gatto.	Tom saw the cat.	9fe8fdc2-77f1-5386-b7a9-de258c2a8f85	22	16
Tom vide il gatto.	Tom saw the cat.	370d3544-eaeb-521a-927e-b9a696de5359	18	16
Tom ha visto la gatta.	Tom saw the cat.	5c5bb4e6-9774-521b-aa94-3e9edb475fa6	22	16
Tom vide la gatta.	Tom saw the cat.	ad7daf9e-b0d5-5abf-af82-42930efbb1dd	18	16
Il gatto è vecchio.	The cat is old.	d99263e2-e943-5cf8-874a-f3f00d84038b	19	15
La gatta è vecchia.	The cat is old.	f3d7ffb7-063d-513c-8110-ef17ab5b5634	19	15
Il gatto ha visto un uccello.	The cat saw a bird.	fc95dcb4-fefa-5703-b92e-e1b033a1db7b	29	19
Il gatto vide un uccello.	The cat saw a bird.	3c8b8955-754b-5ac8-801d-7462bd3dc808	25	19
La gatta ha visto un uccello.	The cat saw a bird.	9614e2dd-e9e5-538b-8d53-d0ce46aaa3e4	29	19
La gatta vide un uccello.	The cat saw a bird.	abde8ff5-13f8-56bd-8360-888ad0fbdeb5	25	19
La musica non è il mio forte.	Music isn't my strong suit.	369c93e7-7556-53fb-ad41-e9e9ac2d4d9f	29	27
I miei sogni mi portano altrove, lontano da lui.	My dreams lead me elsewhere, away from him.	bf1310e9-ea88-5ec4-b2ff-2f9aca547987	48	43
Le mie esperienze hanno coltivato in me l'empatia.	My experiences have cultivated empathy in me.	1985474d-9bd3-516a-97e5-1c5591d81532	50	45
I miei occhi si stanno stancando.	My eyes are getting tired.	3b06361c-2530-5218-bf72-ba11ea22e94e	33	26
La mia fede nell'umanità rimane forte.	My faith in humanity remains strong.	4b1c37c6-d96c-55c3-a4f8-f8b1fc1118b7	38	36
I miei interessi sono altrove.	My interests lie elsewhere.	0d9b3d08-4f17-55b3-b2a0-ddcf1186787f	30	27
La mia conoscenza degli incantesimi è inesistente.	My knowledge of spells is non-existent.	61a1b2b9-a7c4-5490-822b-3e6276335269	50	39
Mia madre si preoccupava sempre del mio futuro.	My mother always worried about my future.	5c8f7d4f-fb5b-505d-b085-017fe6dbebf4	47	41
I miei progressi sono minimi.	My progress is minimal.	817a3e76-3c25-5c25-9c5c-c5e40e3b859f	29	23
Le notifiche sembrano importare più delle persone.	Notifications seem to matter more than people.	6ac0e27f-e1ba-54bf-8bf1-a0f8fcbbbfb7	50	46
Ammiro la bellezza dei peni nell'arte.	I admire the beauty of penises in art.	005df3b6-d59c-53a9-a0e3-b03ff1ebf378	38	38
Dove si trova la stazione dei treni più vicina?	Where's the nearest train station?	357ecf91-afa2-5083-8fdf-ad5b7d1a3405	47	34
Preferisco non parlare di religione.	I prefer not to talk about religion.	049ecdb9-b307-5a89-8bc1-8adb926a0cc1	36	36
L'ottimismo è mancanza di informazioni.	Optimism is lack of information.	f36de82c-9336-5a13-b67a-b23cc615012c	39	32
Pulisci il tuo letto.	Clean your bed.	bdbff9c7-cff1-5221-bfee-4d7a1b3910c2	21	15
Pulisca il suo letto.	Clean your bed.	ba6e68d2-37ab-5cac-93c7-2088a7d05b9e	21	15
Pulite il vostro letto.	Clean your bed.	d7e4e6ba-d6ae-59bb-9c8f-2de68567c4af	23	15
È ora di andare a letto!	Time for bed!	72a17159-ffa8-5235-bbd1-06336665e1e4	24	13
Il tuo letto trema.	Your bed shakes.	87819e3a-0072-5b24-a5b2-f92df099910c	19	16
Il suo letto trema.	Your bed shakes.	e4a1a443-1c6e-524d-a390-95048fe4454d	19	16
Il vostro letto trema.	Your bed shakes.	7fd114a4-cff8-5bd2-8aa8-66caa30c141e	22	16
Lascia il letto.	Leave the bed.	0229489f-24a5-5f07-820b-b787b1fe8f3c	16	14
Lasci il letto.	Leave the bed.	e6a2d024-7ee5-545a-a3ed-39db4c64c7d4	15	14
Lasciate il letto.	Leave the bed.	a6d7de89-d758-523e-a481-0a8f4376bb8d	18	14
Rifatti il letto!	Make your bed!	4b5a6d8a-fa15-5196-a991-23de8fb5118f	17	14
Si rifaccia il letto!	Make your bed!	3c56209f-4f6e-5931-bdf3-05a403eff763	21	14
Rifatevi il letto!	Make your bed!	4c163dd7-e11b-5ba1-9a8b-ee3e845db2ae	18	14
Resta a letto.	Stay in bed.	c9ce4944-9514-5964-a2eb-9ac1e67ff463	14	12
Resti a letto.	Stay in bed.	c0add08f-89cb-5c7f-a1e4-4d27f6634757	14	12
Restate a letto.	Stay in bed.	0341b9f3-b0b6-52d2-ad91-672b9bd06577	16	12
Rimani a letto.	Stay in bed.	d91ce979-93d1-5117-971e-f29558d4db27	15	12
Rimanga a letto.	Stay in bed.	5f017a90-9f1a-5529-9ff5-b1a215248a40	16	12
Rimanete a letto.	Stay in bed.	bdef69f8-6d93-50ee-9f73-af8afc92c899	17	12
Stai a letto.	Stay in bed.	9b083d94-1b71-5376-b64a-01eff8119b66	13	12
Stia a letto.	Stay in bed.	3e83f6a2-92e3-5524-b18b-ef888251faea	13	12
State a letto.	Stay in bed.	a322bbb3-c02c-51cc-9dfa-7bcb6e934e4b	14	12
Il letto sta bruciando!	The bed is burning!	ccdec7cb-ac6a-539f-820f-b26bce8860e7	23	19
È il mio letto.	That's my bed.	5ba7c7a6-4e19-5ee6-a646-dd5f968325db	15	14
Quello è il mio letto.	That's my bed.	1c9d6f51-0ee1-59cf-a559-e86dd4546753	22	14
Ero a letto.	I was in bed.	a8073a61-996e-5873-b596-c428dceb3ad6	12	13
Sei a letto?	Are you in bed?	540ef2a3-7f9d-502a-930e-2634c7018233	12	15
È a letto?	Are you in bed?	de48972d-4d40-5df7-850c-b1e2abc89930	10	15
Siete a letto?	Are you in bed?	62604950-d14c-557b-a751-f1e2d492dc27	14	15
Tom ha bagnato il letto.	Tom wet the bed.	12509646-7e44-5956-bf89-2e91fe67184a	24	16
Tom bagnò il letto.	Tom wet the bed.	4f20f4c5-7038-5cb7-a978-39d90333c0aa	19	16
Ho bisogno di un letto.	I need a bed.	d8a9bb7d-bc6f-5930-8fe5-860d55459d10	23	13
Mi serve un letto.	I need a bed.	01b5bedf-8f09-5abf-b93c-6a2e0a2d12b5	18	13
Mettilo a letto.	Put him to bed.	acc83886-3142-5c8a-88bb-1476011616c4	16	15
Lo metta a letto.	Put him to bed.	2aa6a623-3104-5393-add7-a78a70a0dbe7	17	15
Mettetelo a letto.	Put him to bed.	61291eb5-2d02-502c-a168-21787ddc9f2b	18	15
Mettila a letto.	Put her to bed.	715c5ac8-f705-5737-b6ca-2b0c0c404ad1	16	15
La metta a letto.	Put her to bed.	bcf107e0-329b-5c3b-9158-dedafd2d6b85	17	15
Mettetela a letto.	Put her to bed.	03063397-0356-592e-92d4-73849690e649	18	15
È andata a letto.	She went to bed.	f10b445e-973a-547f-b2d8-030a115dd497	17	16
Flavio è andato a letto.	Flavio went to bed.	19fb60f7-3ed8-5d8f-aa2e-5fcdc0fc9dc8	24	19
Flavio andò a letto.	Flavio went to bed.	44eace8b-70b7-52e6-9278-decbccee89f4	20	19
Il suo letto è vuoto.	Her bed is empty.	eae28f7a-724a-5b10-898b-78bc44595c80	21	17
Vai a letto presto.	Go to bed early.	3f1a65d6-eb79-5d3d-a632-75e71a9ad44f	19	16
Vada a letto presto.	Go to bed early.	5499e56f-6e21-533e-ab42-5c648090865f	20	16
Andate a letto presto.	Go to bed early.	774dcf81-c5cf-5cb3-b82e-c88331cce73f	22	16
Vieni a letto, Ziri.	Come to bed, Ziri.	73a540b0-177d-5e18-885c-4e9f2fc010e5	20	18
Questo letto è duro.	This bed is hard.	ebd25f48-aaa0-5ab3-8d83-fee68b08864b	20	17
Vai a letto ora.	Go to bed now.	ee2039cf-0b17-56b4-b7d9-eb78edfafe7e	16	14
Vai a letto adesso.	Go to bed now.	782985bb-7de3-50ec-a208-42230c1ca052	19	14
Vada a letto ora.	Go to bed now.	3fe83932-ec12-5432-8167-e95c8db02155	17	14
Vada a letto adesso.	Go to bed now.	7d584300-8966-5092-ba03-2a2994b18673	20	14
Andate a letto ora.	Go to bed now.	a35662c9-0ec5-5444-9f61-5452518c3076	19	14
Andate a letto adesso.	Go to bed now.	8181a74c-e747-544d-8bc0-dc5fc4e28834	22	14
Tutti sono andati a letto?	Has everyone gone to bed?	08c85fbf-1025-5d6c-af34-7f6673fd327d	26	25
Sono andati tutti a letto?	Has everyone gone to bed?	de9688cf-9e4b-5da0-8f9a-ed83fbd8a012	26	25
È a letto a leggere.	He's in bed reading.	001ead1b-25ae-51d2-bdcf-e73b9eb2e86c	20	20
Dorme in questo letto.	He sleeps in this bed.	2161b135-553a-5f49-832c-417119600a40	22	22
È noioso a letto.	He's boring in bed.	84c959ef-9b1c-520a-944d-4ff0fba74af5	17	19
È caduta dal letto.	She fell off the bed.	75900c7b-306f-5eb3-8096-64e5f5be866b	19	21
Cadde dal letto.	She fell off the bed.	18eec24a-9b69-53b3-b0c8-04592a7755a3	16	21
Il letto era molto duro.	The bed was very hard.	5ab20370-23e9-5838-af05-c63f2f45eba2	24	22
Siamo già a letto.	We're already in bed.	6f64126f-8072-5ff1-b36d-14808e7035a9	18	21
Sto comprando un letto.	I am buying a bed.	121f29b4-cbc0-5a2f-b823-19ea15616a4e	23	18
Tom è bravo a letto.	Tom's good in bed.	f8801b87-8392-5db4-95e7-80105c7c8915	20	18
Perché eri a letto?	Why were you in bed?	5f77efc0-c0d4-55bd-9d8d-2d789a45349f	19	20
Perché era a letto?	Why were you in bed?	d0d8c2dd-de5d-5e0d-846c-9517467e6122	19	20
Perché eravate a letto?	Why were you in bed?	b7d58d84-9773-547c-b600-694296518c11	23	20
Andrà a letto.	He'll go to bed.	5e5100a8-81f3-5824-8b3b-7cb36c6a8fb4	14	16
Era sotto il tuo letto.	It was under your bed.	44f00523-01d9-5a09-a6df-cc69ae141578	23	22
Era sotto il suo letto.	It was under your bed.	68fcce88-f9a5-5d76-adb4-166bba3eb448	23	22
Era sotto il vostro letto.	It was under your bed.	ca999b88-d370-5b9b-8e9f-0dc7d3b03102	26	22
Tom è fenomenale a letto.	Tom is phenomenal in bed.	4558b643-256a-51cc-b93e-21fb44ad886b	25	25
Va a letto tardi.	He goes to bed late.	3bab0f5e-d17f-52c8-b7d7-529731f777dd	17	20
Janos ha portato Martha a letto.	Janos took Martha to bed.	f33a24ef-be17-590f-9eb8-c0a3187c1d62	32	25
Janos portò Martha a letto.	Janos took Martha to bed.	03695b07-2033-5668-9899-1f0475163997	27	25
L'ho trovato a letto.	I found him in bed.	e0561395-f3aa-581e-bea5-061b46eddb59	21	19
Lo trovai a letto.	I found him in bed.	24c0b914-62b3-5b01-9551-197327d33196	18	19
L'ho trovata a letto.	I found her in bed.	bf567a9c-6c73-529c-ad9f-75f3dadd569d	21	19
La trovai a letto.	I found her in bed.	d0066343-3dcd-5970-8444-4973008dc068	18	19
È sul letto.	It's on the bed.	050108c2-8226-5ad4-9271-f1e02e352e33	12	16
Dmitri vuole un letto nuovo.	Dmitri wants a new bed.	74813fbd-8b58-5e74-8468-083cfb72c942	28	23
Oleg è tornato a letto.	Oleg went back to bed.	6f2e39fc-2e22-5132-b3d3-d227745db31a	23	22
Oleg tornò a letto.	Oleg went back to bed.	99ade5a0-76ca-5609-b5dc-9057f5a66281	19	22
Vladimir è tornato a letto.	Vladimir went back to bed.	b379a318-b9b6-59aa-8773-44ec0ef70525	27	26
Vladimir tornò a letto.	Vladimir went back to bed.	133c543c-a3b3-553a-9b43-2a1e6943edc1	23	26
Voglio un letto a castello.	I want a bunk bed.	bad7c1ba-edac-5948-bd78-856be880f8f5	27	18
Ha guardato il letto.	He looked at the bed.	ce760e5f-ef98-536e-b7a7-1a271f095349	21	21
Guardò il letto.	He looked at the bed.	e0c3284b-a678-56f5-82f3-9eaca525d36b	16	21
Abbiamo guardato il letto.	We looked at the bed.	e7f46af6-20e3-51da-9eca-ab354e8809e0	26	21
Guardammo il letto.	We looked at the bed.	0ad3691b-442f-5244-a70c-b85ec16ad36b	19	21
Hanno guardato il letto.	They looked at the bed.	221ba66a-2de2-56fc-b90b-d0c269842552	24	23
Guardarono il letto.	They looked at the bed.	a66974e6-d910-5d65-9a02-aa536b43b1b0	20	23
Ho guardato il letto.	I looked at the bed.	d815120b-a8a1-5ed4-9834-e2efae70c87b	21	20
Guardai il letto.	I looked at the bed.	86ed6b13-5367-5e75-9979-460254ba9560	17	20
Michael era già a letto.	Michael was already in bed.	82e6ced2-c8a0-5a4b-addc-9f646fcd0e92	24	27
Sei a letto, Tom?	Are you in bed, Tom?	3fe07a3f-eb54-5b15-8d73-80290aa84e49	17	20
Leon si è rilassato a letto.	Leon relaxed in bed.	109dca14-b4d1-5a39-be2e-87a4b338df9a	28	20
Leon si rilassò a letto.	Leon relaxed in bed.	6336ae90-287a-5add-a1a1-de6b40fd82d4	24	20
A Ziri piaceva il letto.	Ziri enjoyed the bed.	cfc23c8b-65ca-58c3-8494-b21a322d2754	24	21
A Ziri è piaciuto il letto.	Ziri enjoyed the bed.	1008126c-a937-5df0-a0ae-9ef13b6d4c11	27	21
A Ziri piacque il letto.	Ziri enjoyed the bed.	7740880c-05ad-5a04-a752-3509ba080de0	24	21
Tornate a letto.	Get back in bed.	f654bc0f-f56a-5002-8b21-8ebf0a455c30	16	16
Dov'è il letto?	Where is the bed?	a1a0bea5-9123-5e88-96ad-ed19f832f524	15	17
Non ho trovato un letto.	I found no bed.	2866c754-800a-53d3-b148-93f757703a40	24	15
Non trovai un letto.	I found no bed.	e12208c4-933f-5b3e-8032-6708845400d7	20	15
Fyodor si è preparato per il letto.	Fyodor prepared for bed.	3080f45b-e590-5a07-bfe6-dab99e56c5fa	35	24
Fyodor si preparò per il letto.	Fyodor prepared for bed.	020493bf-277d-52f0-852e-c81a1f1d7fb8	31	24
Piscia a letto.	He pees in bed.	4267242f-752b-58dc-a7c7-f55ccc63a447	15	15
Sami è andato a letto.	Sami went to bed.	05b726eb-3f27-5c7f-94fb-892ec879d370	22	17
Sami andò a letto.	Sami went to bed.	ca2bdd5a-0c64-54ca-a92a-79627a3f88b6	18	17
Sami era a letto.	Sami was in bed.	7e9b0a49-5195-508b-9902-a628383d9329	17	16
Sei andato a letto.	You went to bed.	0ce4e8bf-d7fd-58a7-8229-b913307c20aa	19	16
Sei andata a letto.	You went to bed.	f7506938-960d-5c19-8917-dafd8f14329e	19	16
Siete andati a letto.	You went to bed.	f56125a2-6217-5c07-93bb-49e4a99fd896	21	16
Siete andate a letto.	You went to bed.	46cb8be3-476e-5c6f-ba9a-8eee5c6d1419	21	16
Tom ha bagnato il suo letto.	Tom wet his bed.	0f3863be-91a0-501b-84b4-aa5160718496	28	16
Tom bagnò il suo letto.	Tom wet his bed.	e13514c1-9cac-5dc0-8108-49ad3e1b5f53	23	16
Ora vai a letto.	Now go to bed.	ff3fcff2-cfaf-59eb-b9d0-476a8625ac3d	16	14
Adesso vai a letto.	Now go to bed.	1aaf7a2e-9683-526e-92b8-8df0207caa05	19	14
Ora vada a letto.	Now go to bed.	9ef29c78-8fc2-5ba9-9551-d524335ca1b8	17	14
Adesso vada a letto.	Now go to bed.	0e5324ba-ebaa-59f3-82d3-5169389d9e2b	20	14
Ora andate a letto.	Now go to bed.	c6cfcf9d-abd0-567f-b930-26c445ceed95	19	14
Adesso andate a letto.	Now go to bed.	f000b29a-9168-50bd-9dff-b5a7349b189b	22	14
Tom è morto a letto.	Tom died in bed.	f0f5701b-e843-5001-9ef4-13309c9464b0	20	16
Tom morì a letto.	Tom died in bed.	2a94a4ea-3273-512e-ab95-0e45cce0e698	17	16
Metti Tom a letto.	Put Tom to bed.	b6fed5d9-43c9-52db-b654-90f2ab7e4dbf	18	15
Metta Tom a letto.	Put Tom to bed.	3015d10a-4d2c-5bc8-a524-103c5a3d3f9a	18	15
Mettete Tom a letto.	Put Tom to bed.	23f342cf-4f3f-56d4-bb31-775f2d85ba66	20	15
Tom dorme in questo letto.	Tom sleeps in this bed.	954afa34-3996-5ee4-b1aa-6e84ab9b0a68	26	23
Andarono tutti a letto?	Did everyone go to bed?	4055eea4-3111-5e86-9448-623de70c36f8	23	23
Tutti andarono a letto?	Did everyone go to bed?	295d7cfb-468a-5d81-9bd0-9088c6a0e517	23	23
Si è preparata per il letto.	She got ready for bed.	cd37a15a-25e9-5136-9916-37057d7bae70	28	22
Si preparò per il letto.	She got ready for bed.	f1ace10a-209d-5402-96d0-17f3918a92e6	24	22
Si sono nascosti sotto il letto.	They hid under the bed.	8ed035b6-5ee3-51ed-bc8d-9c5e26424094	32	23
Si sono nascoste sotto il letto.	They hid under the bed.	a991b1e6-d49d-5d75-a2d0-9b9d70c4dea4	32	23
Si nascosero sotto il letto.	They hid under the bed.	a75497a5-66a6-5bbb-8ae4-bcd0c26edeb2	28	23
Sono andato a letto.	I have gone to bed.	dd18907e-8f3c-5c44-80b9-89f3b735f48c	20	19
Sono andata a letto.	I have gone to bed.	b4644084-df81-5931-aba9-e37469fce1da	20	19
Tom è fuori dal letto?	Is Tom out of bed?	6c0e9623-a23a-5dd2-8efd-7ee621b640c6	22	18
Vai a letto in orario.	Go to bed on time.	353af23f-90d4-5ad7-9cf6-8358b91e2da4	22	18
Vada a letto in orario.	Go to bed on time.	a75bd0bf-c605-52a5-95ec-0e69ba594a75	23	18
Andate a letto in orario.	Go to bed on time.	e7cd3498-2a3f-5c7d-90b6-5181af1d70ef	25	18
Boris è andato a letto presto.	Boris went to bed early.	7d55f6ea-c4b9-56fe-8c14-8853b11925a8	30	24
Boris andò a letto presto.	Boris went to bed early.	29a834dc-cf08-5adc-97fe-7ee55bf96c04	26	24
Diego è tornato a letto.	Diego got back in bed.	48adeebe-f5b2-5a0f-b12e-f07e4c7ff8df	24	22
Diego tornò a letto.	Diego got back in bed.	4bbc31e4-bf2a-56cc-931a-5cfad8e13fb8	20	22
Pietro era nel suo letto.	Pietro was in his bed.	96c36886-4122-5c77-a34a-3cccf9b2ce92	25	22
Martino si è nascosto sotto il suo letto.	Martino hid under his bed.	8e596c26-e399-5960-bab7-9f890e487339	41	26
Martino si nascose sotto il suo letto.	Martino hid under his bed.	726d85ec-c073-5374-a34f-dda59b57da01	38	26
Siamo caduti dal letto.	We fell out of bed.	ed138511-3b02-5063-bd64-ab66f004020f	23	19
Siamo cadute dal letto.	We fell out of bed.	407b56f9-c722-54f5-81d2-1a19b73fa328	23	19
Cademmo dal letto.	We fell out of bed.	a85ca2c9-9d97-5591-9fe1-07be4ab7591b	18	19
Martino stava fumando a letto.	Martino was smoking in bed.	ca0809b3-f7f9-5876-9b36-75670325d098	30	27
Martino era nel suo letto.	Martino was in his bed.	bee8564f-15d5-54cf-ba6e-b429836f1f90	26	23
Martino è appena andato a letto.	Martino just went to bed.	fe24c9b4-bbf8-5419-be0e-41ea6083956d	32	25
Leon ha controllato sotto il letto.	Leon checked under the bed.	52307a2b-4a68-554f-9af4-ba43a2b42091	35	27
Leon controllò sotto il letto.	Leon checked under the bed.	416a0891-111b-57bc-8da0-adc2456654b4	30	27
Leon era sotto il suo letto.	Leon was under his bed.	c16a99f8-4688-5a73-816f-0fb618b68b04	28	23
Gunter ha controllato sotto il suo letto.	Gunter checked under his bed.	b097a56b-3946-5f39-aeb8-75788b6f05c3	41	29
Gunter controllò sotto il suo letto.	Gunter checked under his bed.	75e55188-7c78-5e01-b773-ed1f361af299	36	29
Felix ha controllato sotto il letto.	Felix checked under the bed.	a6bd634e-09ea-53bb-82ea-5bef90b6602b	36	28
Felix controllò sotto il letto.	Felix checked under the bed.	ba4819cb-8e9c-5d5e-85e6-23347b3bf901	31	28
David ha trovato il suo letto vuoto.	David found his bed empty.	461088fd-6b1d-576b-a8b1-e6237e13b1ae	36	26
David trovò il suo letto vuoto.	David found his bed empty.	26ba4eeb-db9f-56e6-887b-fa53b31e686e	31	26
Ziri è ancora a letto.	Ziri is still in bed.	14efcddd-b8c9-5b11-aee8-c89089486ce5	22	21
Ha dormito in un letto.	He slept in a bed.	f7eb62f1-c9fc-50c2-ae45-fbb80f7c3c40	23	18
Dormì in un letto.	He slept in a bed.	5200e35f-4948-59af-8c64-a09ff028d1c3	18	18
Tom è ancora a letto?	Is Tom still in bed?	4c19937f-8453-5688-80ac-bae794fb0e05	21	20
Ci siamo nascosti sotto il letto.	We hid under the bed.	c526f3a8-7ee2-56ed-b9b8-69612790b81b	33	21
Ci siamo nascoste sotto il letto.	We hid under the bed.	535d83b4-f12a-5f68-bf9c-5364d222df9c	33	21
Ci nascondemmo sotto il letto.	We hid under the bed.	0e6f3f8e-af30-5484-8b5e-b371baf95723	30	21
Tom era a letto addormentato.	Tom was in bed asleep.	d927bda5-1f02-52bc-bd9e-87becf1ef1ea	29	22
Sei fuori dal letto?	Are you out of bed?	3708cac6-f697-59e5-a2a9-e287f7cd7a9a	20	19
Siete fuori dal letto?	Are you out of bed?	28da2a54-f3ca-5137-a5b0-cd1eb150f69e	22	19
È fuori dal letto?	Are you out of bed?	83b1ea59-0533-577f-873d-0d568192cd1c	18	19
Stanco, è andato a letto.	Tired, he went to bed.	37940690-1022-5f61-b91d-c8b25747e97c	25	22
Stanco, andò a letto.	Tired, he went to bed.	7ff58868-9e36-52ba-bec1-a1fde69d6f57	21	22
Ziri era ancora a letto.	Ziri was still in bed.	157721dc-9b59-5088-bb5e-b65d74e96aa0	24	22
È ora di andare a letto, Ziri.	It's bed time, Ziri.	48c8e410-30ca-59d5-b579-32fc0268db82	30	20
Ziri ha guardato il letto.	Ziri looked at the bed.	07c7cef3-59de-5979-b4dc-a04e627f6ce8	26	23
Ziri guardò il letto.	Ziri looked at the bed.	60e0c2fa-e536-50d5-b382-a0e7205656ce	21	23
Era a letto addormentato.	He was in bed asleep.	4ddcba2b-a76d-5e78-b8e0-286d474c7e3d	25	21
Nasconditi sotto il letto.	Hide under your bed.	a2465892-1107-5aed-bd9b-f114e4e6e599	26	20
Si nasconda sotto il letto.	Hide under your bed.	c8cf2a04-e4a7-5020-980e-f50511c2112a	27	20
Nascondetevi sotto il letto.	Hide under your bed.	ac492b9b-f6b9-57ae-8636-939e9e1aa77d	28	20
Il tuo letto è comodo?	Is your bed comfortable?	7e5bc2f5-3886-5e0a-af5e-840d4daf9f1b	22	24
Il suo letto è comodo?	Is your bed comfortable?	0ab5e0a3-42a2-518c-a916-9acc4e298464	22	24
Il vostro letto è comodo?	Is your bed comfortable?	7d28d88b-0ac2-5e90-a35e-a46bfe573773	25	24
Gustavo è andato a letto.	Gustavo got to bed.	385aeb9d-68a9-5029-b496-f856c041def7	25	19
Gustavo andò a letto.	Gustavo got to bed.	f4b2db29-d257-5d95-8a1f-cefd11ed0a5e	21	19
Il letto sembra robusto.	The bed looks sturdy.	eb608e04-20c8-5b6d-be78-21718dfde35a	24	21
Questo letto sembra robusto.	This bed looks sturdy.	4cb953bc-bdb6-5f0e-bd4c-ce26e068ffd7	28	22
Questo letto è comodo.	This bed is comfortable.	50874413-5b02-500b-a68a-0d017e8b6267	22	24
Mary ha rifatto il suo letto.	Mary made her bed.	02952aff-4e66-5970-9422-ddefc58bce5e	29	18
Mary rifece il suo letto.	Mary made her bed.	975fb7a4-0671-5e37-8486-86f8bf8462b6	25	18
Tom ha rifatto il suo letto.	Tom made his bed.	312eecf4-8d6b-5e9b-8f16-49d1e8de152d	28	17
Tom rifece il suo letto.	Tom made his bed.	21889cd6-d59f-5630-8278-d95b6eff4e00	24	17
È sdraiato a letto.	He's lying in bed.	307c40d4-8fab-537d-a097-8fa2f9a73286	19	18
È a letto e sta dormendo.	He's in bed sleeping.	22fe586a-da63-5c02-9c6b-3696ebc32d10	25	21
Stavo rifacendo il mio letto.	I was making my bed.	8a02c4c1-b5ef-51d6-ad74-2eeb32fb7bdc	29	20
Ziri si è rilassato sul letto.	Ziri relaxed on the bed.	f793118d-0149-56cc-8176-fdb4ad1a3dea	30	24
Ziri si rilassò sul letto.	Ziri relaxed on the bed.	469a809e-4219-5cdf-a97d-88a171fc7de7	26	24
Anche questo letto è caldo.	This bed is warm too.	baf4c1a8-b8f3-5cff-bbf3-ab15d7fca363	27	21
Siamo andati a letto affamati.	We went to bed hungry.	f5dcf253-084d-5f62-a7eb-2f2201ef0971	30	22
Siamo andate a letto affamate.	We went to bed hungry.	a25bb1fd-642c-54fe-9e75-3272a30bf1a2	30	22
Andammo a letto affamati.	We went to bed hungry.	91543755-5d0a-5cd1-8e78-8ef2cca2cf78	25	22
Andammo a letto affamate.	We went to bed hungry.	b83d872f-50f9-5525-a8cf-01490364fa44	25	22
Ziri è tornato a letto.	Ziri went back to bed.	2a38ae02-c939-55fa-a47e-5ffb02df342c	23	22
Ziri tornò a letto.	Ziri went back to bed.	8cc2a995-e77a-5a45-b1fe-55ccc85ce369	19	22
Yanni era sdraiato a letto.	Yanni was laying in bed.	0307e34a-765c-536c-8543-891f7d3c38e4	27	24
Tom dormiva su questo letto.	Tom slept on this bed.	550cc67e-884d-5370-a30b-41782fe245a2	28	22
Tom ha dormito su questo letto.	Tom slept on this bed.	a7f472b3-7f97-530c-895f-93913321d4ae	31	22
Tom dormì su questo letto.	Tom slept on this bed.	4c81078a-16c2-598d-9579-826488217519	26	22
Yanni può avere il mio letto.	Yanni can have my bed.	4ea96f9d-54f6-5d57-884e-a751e10b52cf	29	22
Yanni dormiva in quel letto.	Yanni slept in that bed.	6db7de6c-bc2f-5272-994f-1d4416340270	28	24
Yanni ha dormito in quel letto.	Yanni slept in that bed.	78ebd213-d435-52ca-aa27-2d45467f5a0e	31	24
Yanni dormì in quel letto.	Yanni slept in that bed.	a4d730b9-2afd-561d-9f0f-cacfaf068ef4	26	24
Ero pronto per il letto.	I was ready for bed.	448ae070-6c32-535a-aff6-510582faa6bc	24	20
Ero pronta per il letto.	I was ready for bed.	ff721294-01f8-5071-9629-9a9a97cd0d89	24	20
È ancora a letto.	He's still in bed.	75eac542-639e-56b6-a186-af5650261b69	17	18
Questo letto è molto duro.	This bed is very hard.	ec196584-8010-59bd-983a-067774e60289	26	22
Siamo andati a letto presto.	We went to bed early.	1a0e6b9a-1f81-579c-ba39-05665e977d3b	28	21
Siamo andate a letto presto.	We went to bed early.	44d0113e-ea16-564c-8fdf-9b9ad01e952d	28	21
Andammo a letto presto.	We went to bed early.	64f3e44b-bc19-5489-98b7-1a3efacf6d80	23	21
Tom è morto nel suo letto.	Tom died in his bed.	5b0c551d-5f4a-5aa4-97c9-b910bce0639c	26	20
Tom morì nel suo letto.	Tom died in his bed.	011d5216-a188-52fd-98f1-3168b2f919db	23	20
Yanni era nudo a letto.	Yanni was naked in bed.	060f976f-222f-538a-a786-4fc2e6ee660c	23	23
Rifarò il letto.	I'll make the bed.	a80d25c3-4b6e-57e5-8f33-62caa7bcf9be	16	18
Mennad è andato direttamente a letto.	Mennad went straight to bed.	073dadf6-c16f-58cf-8266-637a303b24e6	37	28
Mennad andò direttamente a letto.	Mennad went straight to bed.	ca6767ca-17ec-5b93-8303-3fa9c6ff06c0	33	28
Mennad stava facendo il suo letto.	Mennad was doing his bed.	32ab1708-feab-566e-8ed3-c1610940678f	34	25
Mennad era nel suo letto.	Mennad was in his bed.	60b15af8-f35e-5110-acb4-c0f2c617cdad	25	22
Mennad è tornato a letto.	Mennad went back to bed.	e9eedf38-a6a6-5004-8a87-c6f0a4193f7e	25	24
Mennad tornò a letto.	Mennad went back to bed.	785e5036-3aa1-572a-97cf-284b327aab8f	21	24
Il bambino è a letto.	The child is in bed.	1b102280-a262-5367-8343-6a68614f35d8	21	20
La bambina è a letto.	The child is in bed.	ac428540-2081-557e-a1ea-03b2b52a192f	21	20
Il ragazzino è a letto.	The kid is in bed.	48e337e0-6e88-5ace-855a-986140dcee8e	23	18
Ogni stanza ha un letto.	Every room has a bed.	ad761351-56c7-59ff-a0ed-f7f8c3aa6eee	24	21
Questo letto non è comodo.	This bed isn't comfortable.	e93ccd20-f963-5652-a4a8-7754c648b700	26	27
Si è nascosta sotto il suo letto.	She hid under her bed.	b9d2e9e9-32bd-5e12-9a82-78ed1cd67704	33	22
Si nascose sotto il suo letto.	She hid under her bed.	8ad905f5-6ab8-5207-b060-7309a223b4d0	30	22
Tom dorme sul mio letto.	Tom sleeps on my bed.	d2eb0b9e-a093-53ca-85cc-37f4ebcd9676	24	21
Sami era nel suo letto.	Sami was in his bed.	61979031-5a29-538d-bc95-429ecdb3a00f	23	20
Sami era ancora a letto.	Sami was still in bed.	8d254f6a-7ad9-56aa-ad4e-d5e5b74d4eff	24	22
Il letto di Sami sembrava sporco.	Sami's bed looked dirty.	3adacb30-978b-5b4e-8df0-f035ee479ff6	33	24
Sono a letto a leggere.	I'm in bed reading.	0c7c94d7-ceec-5735-bae0-52ecfea3eb12	23	19
Tom deve stare a letto.	Tom must stay in bed.	dab7610a-6bd2-55c5-bec2-0e7872d34303	23	21
Vai a letto e dormi.	Go to bed and sleep.	ef68f3e4-e7ca-5bad-b717-03f59f5fc734	20	20
Vada a letto e dorma.	Go to bed and sleep.	cabf6807-bdc2-56dc-815d-511b6dc44ee3	21	20
Andate a letto e dormite.	Go to bed and sleep.	a9970d39-edd5-5662-9337-2ce831ce4e29	25	20
Dovrei stare a letto.	I should stay in bed.	b9df7bf4-9381-5aec-9d4a-b426a1ef2b1f	21	21
Dovrei stare a letto?	Should I stay in bed?	ae515ffc-acfe-59e5-aa87-00f39071bf5e	21	21
Ho guardato sotto al letto.	I looked under the bed.	5b24e1a1-572a-549e-939b-da1e0da53a04	27	23
Guardai sotto al letto.	I looked under the bed.	66005a67-f69b-5d0a-a536-edaa743ffa57	23	23
Tom dovrebbe essere a letto.	Tom should be in bed.	4d0a6641-387b-5211-b45d-90dae35493ee	28	21
Tom non era a letto.	Tom wasn't in bed.	79a6eb6e-b158-51db-8ed8-199859799603	20	18
Layla era nel suo letto.	Layla was in her bed.	f2ad1d33-5a33-5797-bb1d-96354d585d6c	24	21
Layla è andata a letto presto.	Layla went to bed early.	7e3c7bc8-61ee-5019-9552-87ae631fa725	30	24
Layla andò a letto presto.	Layla went to bed early.	34abf62f-41a7-5133-9080-c884244e25a7	26	24
Sono già a letto.	I'm already in bed.	43450553-2346-5d72-82c7-a1c42c8712e6	17	19
Dovrei essere a letto.	I should be in bed.	48cc38be-2afa-5532-b99b-1878bfc5d66a	22	19
È morta nel letto.	She died in the bed.	0cf09c7e-c183-5bff-9da8-4850805d405c	18	20
È morta nel suo letto.	She died in her bed.	b862e791-dde5-5f71-827d-218fb791cc0b	22	20
Morì nel suo letto.	She died in her bed.	bebde624-3f79-5fb2-a7d5-23fa9c665acb	19	20
Tom è addormentato a letto.	Tom is asleep in bed.	4b83f8c2-e929-534b-a061-f24c13278400	27	21
Tom è andato a letto presto.	Tom went to bed early.	33c47e38-56b7-51ac-aa4d-dbc3ccc6c5d5	28	22
Tom andò a letto presto.	Tom went to bed early.	b51f9d09-622d-5e15-8e9a-9d914f5b54ef	24	22
È andata a letto presto.	She went to bed early.	a0dd6de5-52bd-5dd7-8119-97ac2012dda4	24	22
Sono andati a letto tardi.	They went to bed late.	97a95aad-b98a-5830-b6d2-53bde8408509	26	22
Sono andate a letto tardi.	They went to bed late.	0368c07c-6197-5a64-8568-866ff8c3e6a9	26	22
Andarono a letto tardi.	They went to bed late.	a40ed986-8420-594b-bb19-087000520d1a	23	22
Fumare a letto è pericoloso.	Smoking in bed is dangerous.	41512a5b-81b2-58d1-91be-bf922c8c6709	28	28
Non fumare a letto.	Don't smoke in bed.	a4a584ec-2b35-50f3-b003-6bbb2246e890	19	19
Non fumate a letto.	Don't smoke in bed.	1b7db420-54c0-5c3c-a1ec-6994a69a96e4	19	19
Non fumi a letto.	Don't smoke in bed.	6322e371-dda4-506b-870c-4c5f2108119f	17	19
Il letto è molto comodo.	The bed is very comfortable.	c41e8038-d0a3-5fde-99fd-0a74ed64601b	24	28
È andata direttamente a letto.	She went straight to bed.	b7a3b2c4-57a7-51c8-b93f-6fb282314745	30	25
Andò direttamente a letto.	She went straight to bed.	d747f787-a229-58d5-b66b-829a382879c9	26	25
Sono andato direttamente a letto.	I went straight to bed.	c71b7ce2-4678-5d43-9bc6-534a47a6f797	33	23
Sono andata direttamente a letto.	I went straight to bed.	d9a878d0-0958-5af5-98c4-21e7546e0335	33	23
Andai direttamente a letto.	I went straight to bed.	184ea7f4-5636-5daa-a0f7-9b481f961fbf	27	23
Tom si è preparato per il letto.	Tom got ready for bed.	810dc78d-ba68-55e9-a09e-f212259cf6ec	32	22
Tom si preparò per il letto.	Tom got ready for bed.	4f472e9a-7f63-5fd5-a31c-169c8d0a68f3	28	22
Quel letto è molto comodo.	That bed is very comfortable.	c24b704d-1676-5187-9fae-fce6f614c1e1	26	29
È morto nel suo letto.	He died in his bed.	a2066c6a-2be1-584f-ab77-8267c4526aa5	22	19
Esci dal mio letto.	Get out of my bed.	549d1f5d-bb76-5f1d-87fb-5ab536714d28	19	18
Esca dal mio letto.	Get out of my bed.	cc267391-85f5-550e-a34e-50dc26277732	19	18
Uscite dal mio letto.	Get out of my bed.	6a7e5ff9-c83f-5035-8fb4-33f0cae7a777	21	18
Sto disfacendo il mio letto.	I am unmaking my bed.	27402d0f-926c-5983-a3ad-578ce8cc8693	28	21
È brava a letto.	She's good in bed.	2756d23f-10d5-586f-9495-8aa8db0a23ee	16	18
Tom mangia spesso a letto.	Tom often eats in bed.	e50cfb84-1bbe-5852-a597-0db616fe867c	26	22
Torna a letto, tesoro.	Come back to bed, honey.	85cdb496-b2a8-57a7-94b3-ede1a4297367	22	24
Torna a letto, amore.	Come back to bed, honey.	6509a799-7caf-57f6-8207-8c18a4859b17	21	24
Devo stare a letto?	Must I stay in bed?	4bcf4046-8a7c-5013-99e2-1b24a506b87d	19	19
Devo restare a letto?	Must I stay in bed?	7b2a95f4-baef-5be1-a9fc-a78b5ae0401a	21	19
Devo rimanere a letto?	Must I stay in bed?	dbecc1a3-ec33-5318-bcdd-5682489aac8e	22	19
Shishir è già andata a letto.	Shishir already went to bed.	a19f5e99-87fa-53b7-8510-8a688fc992f5	29	28
Era incatenata al letto.	She was chained to the bed.	e14d8953-335a-5ac4-b2c3-f0ce8b91ace0	24	27
Il topo è sotto al letto.	The mouse is under the bed.	3ff54bce-b483-5d97-b7d5-a528a3aa5bdb	25	27
Vorrebbe poter riavvolgere il nastro.	He wishes he could rewind it all.	6d4607cb-2a52-54bf-ad2b-64eeb7880d29	37	33
Era sopravvissuto a un tamponamento.	He'd survived a collision.	9b9b7ba6-e856-5738-a0da-4c1f4960418a	36	26
Doveva andare a letto.	He had to go to bed.	3daec93f-e666-5aef-ae32-c6e407dfd112	22	20
È un volontario impegnato nella sua comunità.	He's a committed volunteer in his community.	2105263d-2cc9-5e13-8755-e799bc659ecf	45	44
Per me, è ora di andare a letto.	For me, it's bed time.	0989f3aa-6d45-5c2a-846e-a0fe4445b6c4	32	22
È un atleta nato.	He's a natural athlete.	2ae58d0d-aa66-5e35-8c88-c1fa7a8a64a2	17	23
Dovreste essere tutti a letto.	You should all be in bed.	6d95b134-eb06-51df-bd9f-20567ed7a9a8	30	25
Dovreste essere tutte a letto.	You should all be in bed.	c25bd002-184a-5aa6-bf83-a643f09decc4	30	25
Dovresti già essere a letto.	You should be in bed already.	09960413-20cf-5771-8379-a873ecabc8c0	28	29
Dovreste già essere a letto.	You should be in bed already.	e3c2e00c-6ca6-5b97-8f02-09a8f58e70de	28	29
Dovrebbe già essere a letto.	You should be in bed already.	3c3fae8b-8de6-578f-87da-781d751a215b	28	29
Ha controllato il suo lavoro per eventuali errori.	He's checked his work for any mistakes.	a5c215aa-eeae-56ad-803f-19636abcf8f6	50	39
Le piace giocare al riporto con il suo cane.	She loves to play catch with her dog.	ffe6a89a-7b40-57d1-90cf-082ee37162ea	44	37
Le piace giocare con le costruzioni.	She likes to play with building blocks.	fc75998b-3da0-5fbe-bc3b-d5d5b003527e	36	39
Ama giocare a nascondino in casa.	She loves to play hide and seek at home.	4011f192-0a82-509a-b5e3-78b41c9351c1	33	40
Le piace giocare a calcio nel cortile di casa.	She enjoys playing soccer in the backyard.	689024c6-1412-5ba2-83eb-3ae043818b46	46	42
A volte le piace giocare sotto la pioggia.	She enjoys playing in the rain sometimes.	105c2c5c-04df-5c9e-af8f-5b0c7201adef	42	41
Ama giocare a dama con i nonni.	She loves to play checkers with her grandparents.	1eb05003-b99a-5634-be88-7f3a28660a2a	31	49
Le piace giocare a carte con i suoi fratelli.	She enjoys playing cards with her siblings.	2bcda283-c918-5c3e-b5dc-7cb74675b47d	45	43
Mio figlio è diventato curioso del suo corpo.	My son has become curious about his body.	27e48f8f-c4aa-53bd-9ebf-d1ce8352b9d5	45	41
Spesso cerca la privacy durante la giornata.	He often seeks privacy throughout the day.	6150ad22-3fc0-52ee-a7d1-fe16978e61e1	44	42
È importante promuovere abitudini sane.	It's important to promote healthy habits.	bda1df0b-d88e-5b48-ad4b-d07ec8fc46b2	39	41
Ho notato che ultimamente passa più tempo da solo.	I've noticed he spends more time alone lately.	eda3e328-b789-54ea-8136-d91e4fcdb9a9	50	46
Dovresti essere a casa a letto.	You should be home in bed.	9dbce30d-df12-590f-84b1-3521b3ad1cc8	31	26
Dovreste essere a casa a letto.	You should be home in bed.	308d0a0c-5646-5731-9e54-eac16290710b	31	26
Dovrebbe essere a casa a letto.	You should be home in bed.	d31ca5aa-8d32-5a18-b214-9052c49c8718	31	26
Sono andato a letto con lui.	I went to bed with him.	df1e5195-10a5-5b00-af33-220b881d7356	28	23
Sono andata a letto con lui.	I went to bed with him.	4e13d58e-c037-51ce-9742-8089ca172ee8	28	23
Andai a letto con lui.	I went to bed with him.	5fc61c4c-01a6-5a4e-9190-83eec1d7c71e	22	23
È andata a letto con me.	She went to bed with me.	142db3cd-30e1-533f-8c73-c81f49338f97	24	24
Capire il nostro corpo fa parte della crescita.	Understanding our bodies is part of growing up.	81226bbe-6523-5177-8583-ad2c4ccdaed8	47	47
Andò a letto con me.	She went to bed with me.	16b3104e-98a5-5f13-9389-a0d8d28dbb84	20	24
Continuerò a sostenerlo man mano che impara.	I'll continue to support him as he learns.	2c5e3430-ebe8-5dd5-9093-560a6fbc5ded	44	42
Qualcuno sta dormendo nel mio letto.	Someone is sleeping in my bed.	39b14dfb-2c04-5f44-b977-191b09e7f0f3	36	30
Andiamo a letto presto.	Let's go to bed early.	a609262d-3267-59fb-9883-9a393b1ae87a	23	22
I bambini dovrebbero andare a letto presto.	Children should go to bed early.	1688d027-d8b1-5d9c-8286-6d244e364daf	43	32
Penso che Tom sia andato a letto.	I think Tom went to bed.	ccb2523c-4688-58c7-a58e-f345a230ea4e	33	24
Il mio laptop è sul letto.	My laptop is on the bed.	6f84df14-2688-5ac0-a82d-91e3706c2b9d	26	24
Il mio portatile è sul letto.	My laptop is on the bed.	b3f04ed6-5ffe-574b-be7b-4f0967c72007	29	24
Il mio computer portatile è sul letto.	My laptop is on the bed.	052932e3-b02b-51fb-a5c6-10e2dcef14c6	38	24
I cristiani costruiscano ponti, non muri.	Christians build bridges, not walls.	b0fdb222-8de2-5e49-a415-937e30d1be42	41	36
Un uomo leggeva una rivista per passare il tempo.	A man read a magazine to pass the time.	6788a5b3-50f3-5bac-8651-734e4aff86f0	49	39
Andiamo nella direzione sbagliata.	We're going in the wrong direction.	274c5750-8dd6-545f-88fb-7eeed2b93fad	34	35
Noi andiamo nella direzione sbagliata.	We're going in the wrong direction.	19622d90-ff59-500c-a2c5-8b017ee2fe8d	38	35
Ho avuto un vuoto durante l'esame.	I drew a blank during the exam.	d0ae0c18-5f9b-5881-9a23-b10970fa9dda	34	31
Mi hai fatto soffrire molto con le tue bugie.	You made me suffer a lot with your lies.	916d4406-2d83-53d4-8094-e3bc5091920d	45	40
Il tuo silenzio spesso sembrava un rifiuto.	Your silence often felt like rejection.	c7796c66-6c94-5a0e-a176-d939765d6550	43	39
Mi hai fatto dubitare del mio valore.	You made me doubt my own worth.	f1cf3932-08ce-5795-9b70-208f5b0930ab	37	31
Oggi ho visto qualcosa che mi ha ricordato te.	I saw something today that reminded me of you.	8bd488c3-08ce-5112-8c25-55b011202ddb	46	46
Mi chiedo se sorridi quando pensi a me.	I wonder if you smile when you think of me.	255cf465-b787-585f-9fb1-13bed4ea39ab	39	43
È importante mantenere l'igiene personale.	It's important to maintain personal hygiene.	58eb8437-f06d-5350-a1cb-259e3fb4f256	42	44
Un odore forte può essere un segno di un problema.	A strong odor can be a sign of an issue.	00ece026-ff27-5cca-8372-7526e372c8a7	50	40
Lavati regolarmente per evitare odori sgradevoli.	Wash regularly to prevent unpleasant smells.	a3ada9ae-8b99-50ba-a012-5b4797950370	49	44
Mantieniti idratato per aiutare l'odore generale.	Stay hydrated to help with overall scent.	bacc30f4-2d4f-5c41-a7bc-6060b18a9a62	49	41
Mantieni la zona asciutta e pulita.	Keep the area dry and clean.	5f783443-fc9e-5482-8e89-eecfc1dd80fe	35	28
Presta attenzione ai segnali del tuo corpo.	Pay attention to your body's signals.	e3808c99-6df2-5262-a1e1-837eeb77953f	43	37
Finisci quella frase!	Finish that sentence!	27784ac1-ad8b-5cd5-9546-2a9f23d20526	21	21
Finisca quella frase!	Finish that sentence!	add11911-473d-5ea3-ae57-eac7d76835af	21	21
Finite quella frase!	Finish that sentence!	ba29b0d0-d956-5fd1-a686-6ec67fb2aa4e	20	21
Aggiungi una frase.	Add a sentence.	cf85f830-f19d-5aa7-9e5a-04f4de5dfa18	19	15
Aggiunga una frase.	Add a sentence.	14f2a838-0bf2-5c7e-adac-0975e08207e2	19	15
Aggiungete una frase.	Add a sentence.	040f7042-9e86-53dc-b3b0-272009f47dc8	21	15
Abbrevia quella frase.	Shorten that sentence.	16c3baa3-678c-5a80-9035-85ccf2f96a51	22	22
Abbrevi quella frase.	Shorten that sentence.	81d6c9a6-e591-51f8-8f2d-41bee77a8397	21	22
Abbreviate quella frase.	Shorten that sentence.	ed1b5005-5e4e-5fec-9f0b-2948dac34cfe	24	22
Inserisci la frase qui.	Insert sentence here.	366a722d-d41b-5e55-a341-fcc65eed5c3c	23	21
Inserisci la frase qua.	Insert sentence here.	44e60751-4528-5835-bfff-ecdfbddfaf67	23	21
Inserisca la frase qui.	Insert sentence here.	34a266fa-16e0-525a-8572-f988d7dac29f	23	21
Inserisca la frase qua.	Insert sentence here.	da11f5a1-5e93-5892-9535-dcc0c00f92ba	23	21
Inserite la frase qui.	Insert sentence here.	37330a7f-0932-54a9-8e9f-0b9d0e235d77	22	21
Inserite la frase qua.	Insert sentence here.	b7cbbaef-93dc-57a1-ab95-7e7de9a42fc8	22	21
Leggi questa frase.	Read this sentence.	3371d8b3-a45a-58ca-8c87-0261fa1148d7	19	19
Legga questa frase.	Read this sentence.	41df3ca5-5859-5699-bb0e-46d79d1c90f9	19	19
Leggete questa frase.	Read this sentence.	1a65ad40-618a-56f4-ba06-eb263c0ec7bc	21	19
Correggi questa frase.	Correct this sentence.	11118184-49c2-50c2-9344-9532606ea28d	22	22
Corregga questa frase.	Correct this sentence.	2bf9526a-1c2a-52ae-9246-14ce625d5317	22	22
Correggete questa frase.	Correct this sentence.	9ec4736c-813c-5b92-821f-311cd7b72fa2	24	22
Finisci la tua frase.	Finish your sentence.	96c7b55e-b575-5d17-976d-577a55253487	21	21
Finisca la sua frase.	Finish your sentence.	dcd696a1-dcf3-5a06-8417-fa005e8f766c	21	21
Finite la vostra frase.	Finish your sentence.	e799cc8d-c288-547b-8225-1af268a6152c	23	21
Hai copiato una frase.	You copied a sentence.	86b5b5fe-8243-5dad-96a7-3baccb7bb656	22	22
Avete copiato una frase.	You copied a sentence.	11c7cee7-887a-5560-a4b5-1a612221afe7	24	22
Tom ha saltato una frase.	Tom skipped a sentence.	fd6b8417-4a62-5692-a10d-193385a36c48	25	23
Tom saltò una frase.	Tom skipped a sentence.	1574f54b-9432-52d7-82ef-3b2d0d18bb4d	20	23
La frase è completa?	Is the sentence complete?	36f828eb-204b-5a48-b6eb-a1388b1bbab5	20	25
Janine ha copiato la frase.	Janine copied the sentence.	353bb42d-6ef1-5239-8f70-16bf0daa38a6	27	27
Janine copiò la frase.	Janine copied the sentence.	e7019d3d-e511-5578-b405-6a7055012637	22	27
Questa frase è spam.	This sentence is spam.	7c8a14be-a1a4-5f4c-a902-814a7cb375fb	20	22
Questa frase fu eliminata.	This sentence was deleted.	5605f0d1-c7ad-5c6d-bd7f-ad0265baf242	26	26
Questa frase è stata cancellata.	This sentence was deleted.	91a714fd-0ec2-51c2-a8af-fbbcc3adddbe	32	26
Questa frase fu cancellata.	This sentence was deleted.	21b95e30-7ac9-5b13-8996-b7a7ce587346	27	26
Ho eliminato la frase.	I deleted the sentence.	d9005096-441a-5aab-9a0a-0a8034cfad9e	22	23
Eliminai la frase.	I deleted the sentence.	cd39a394-0e14-5af1-8326-189eee3809c2	18	23
Ho cancellato la frase.	I deleted the sentence.	790440db-956e-5a9e-aec9-dcef7c4b584d	23	23
Cancellai la frase.	I deleted the sentence.	49de0402-f2b4-5902-9ebd-b107f6e44cd9	19	23
John ha copiato una frase.	John copied a sentence.	d14d4863-ab8e-5983-a307-b60dc029b433	26	23
John copiò una frase.	John copied a sentence.	93b10fd7-1646-57f3-bd4d-eff049b5fbd4	21	23
Azad ha dimenticato la frase.	Azad forgot the sentence.	25bf428b-05f6-52fa-9cce-0ac6f9192c31	29	25
Azad dimenticò la frase.	Azad forgot the sentence.	0be998ea-8b5e-5eef-ba11-cf6348e2ec3c	24	25
Azad ha scordato la frase.	Azad forgot the sentence.	b333542d-437c-5dc6-81d0-4a1ca4c3cd75	26	25
Azad scordò la frase.	Azad forgot the sentence.	0bf875f5-2c2a-5ac3-8ee5-e056ee803ae6	21	25
Leggi la prossima frase.	Read the next sentence.	c7cb79a3-ccee-5464-9719-e2a000ec0ce4	24	23
Legga la prossima frase.	Read the next sentence.	011cf119-5260-512f-8c9b-8756501af187	24	23
Leggete la prossima frase.	Read the next sentence.	90e9cf26-5f1c-5dab-9a0b-861ac1d0f57b	26	23
Ho cambiato la frase.	I changed the sentence.	4f5df434-337e-564a-bdf5-ba95e2e9c33f	21	23
Cambiai la frase.	I changed the sentence.	69a01df1-2eda-5a10-a9bd-a35a07cb45f9	17	23
La frase è corretta.	The sentence is correct.	6d41ca30-9ac0-5f84-afb5-b12fd953ea52	20	24
Traduci la seguente frase.	Translate the following sentence.	9ced12c4-4da8-594a-8f3a-b362de763583	26	33
Traduca la seguente frase.	Translate the following sentence.	46667e30-81cd-5237-9f9f-934b20fdec8a	26	33
Traducete la seguente frase.	Translate the following sentence.	066361ce-648e-55ce-8569-4d96c5d36872	28	33
Ho riscritto la frase.	I rewrote the sentence.	76b81954-1f2d-59b5-9756-e6a21c499c7d	22	23
Riscrissi la frase.	I rewrote the sentence.	bb127ff9-e31d-55ad-be63-5a93d4ed4e8a	19	23
Questa frase non è naturale.	This sentence is unnatural.	63004c8b-79e0-5138-af9f-21cef5f9c4bd	28	27
Ecco un'altra frase.	Here is another sentence.	05d665c9-a57d-5cdd-ae60-bd86af1e8589	20	25
Dov'è la sua frase?	Where's his sentence?	a983aea5-846d-56ca-8b22-7cdacd43138e	19	21
La frase era corta.	The sentence was short.	37e72993-d763-5462-96e0-05f8b4d342b7	19	23
Questa frase è corretta.	This sentence is correct.	c22d98d7-8014-545f-ae82-bdb0da12c2cf	24	25
Quella frase era sbagliata.	That sentence was wrong.	6d6ad6fd-3a91-5685-a292-c1ddad25a03d	27	24
Traduci questa frase corta.	Translate this short sentence.	26f75d74-dd18-5b88-96d1-1b3976e18e27	27	30
Traduca questa frase corta.	Translate this short sentence.	4bc2ffbf-d9ea-5bd3-b179-21105c229571	27	30
Traducete questa frase corta.	Translate this short sentence.	d287735e-4574-587d-aacf-55ae39ef230f	29	30
Questa frase è perfetta.	This sentence is perfect.	28be3dfc-83fe-5ad1-b364-cf4aa34949ca	24	25
Questa frase è obsoleta.	This sentence is obsolete.	ad888122-e128-5d11-aded-9c14c5398d4c	24	26
Per favore, correggi questa frase.	Please correct this sentence.	6cf5fbf5-811f-583d-ba37-7e9bf5511b30	34	29
Per piacere, correggi questa frase.	Please correct this sentence.	a6122a12-0a59-5c32-984d-36da829a0443	35	29
Per favore, corregga questa frase.	Please correct this sentence.	31f5092a-281b-528d-829d-72fe41529627	34	29
Per piacere, corregga questa frase.	Please correct this sentence.	c7dcfcb6-21a6-519b-ae51-3b058e4881e8	35	29
Per favore, correggete questa frase.	Please correct this sentence.	a8b7e882-3f13-54b7-be7a-89a118a7fefd	36	29
Per piacere, correggete questa frase.	Please correct this sentence.	d21868e7-f047-543b-aa3e-270dba844a9a	37	29
Ha interrotto la tua frase.	He interrupted your sentence.	b5f1a8a6-70df-5be2-8358-7f7899403f6b	27	29
Ha interrotto la sua frase.	He interrupted your sentence.	b7f028e0-0a14-5284-b98a-83f04da2a924	27	29
Ha interrotto la vostra frase.	He interrupted your sentence.	1b46aa80-e6cc-5e90-aa8f-fa4088f07c45	30	29
Questa frase è divertente.	This sentence is funny.	119c8b93-6058-5e2f-879c-88203e705089	26	23
La frase va bene.	The sentence is OK.	240750c5-3f37-5503-bd23-aab1303c9e64	17	19
Ha capito una frase.	She understood a sentence.	bc2e0696-5719-5c1a-aedf-44e19d12e1f0	20	26
Capì una frase.	She understood a sentence.	7da3b371-21e0-50de-a4e0-92123566f320	15	26
Cos'è una frase?	What's a sentence?	24ed07f2-4404-5f77-980f-c32538414619	16	18
Che cos'è una frase?	What's a sentence?	c7394429-4ca4-5a50-af1f-ed56a697ace6	20	18
Questa frase è vera.	This sentence is true.	ee1313f7-82b7-5652-9054-6911a0a1fabb	20	22
Per favore, completa questa frase.	Please complete this sentence.	6ff820ab-5f7b-5ae1-9c08-4ac1c8c5e52f	34	30
Per piacere, completa questa frase.	Please complete this sentence.	21989d30-987e-56dd-bbeb-88120154f7c1	35	30
Per favore, completi questa frase.	Please complete this sentence.	b4995357-e566-5ba9-a7ad-6d3f66e19008	34	30
Per piacere, completi questa frase.	Please complete this sentence.	e7d2494b-ca26-5b3a-828c-e63538a74a4c	35	30
Per favore, completate questa frase.	Please complete this sentence.	59f497fa-d7b1-59ce-b295-79fa68d7d546	36	30
Per piacere, completate questa frase.	Please complete this sentence.	2d019ae3-aefa-52bf-8b8a-3b6e4ee9021e	37	30
Grazie per avere corretto la mia frase.	Thanks for correcting my sentence.	f11addc8-bcd7-5349-854e-88e8af2115a8	39	34
Quanto è lunga la tua frase?	How long is your sentence?	f3c44ac2-7f82-5594-97c9-eeaedd2f08fc	28	26
Quanto è lunga la sua frase?	How long is your sentence?	9e40f4b6-7732-50cd-8055-15b9a39d8fc1	28	26
Quanto è lunga la vostra frase?	How long is your sentence?	022e38d8-e2ff-587f-b8f7-51758626aeef	31	26
Quanto è lunga la tua sentenza?	How long is your sentence?	d829515a-da24-5235-b2b9-aed8511b93c0	31	26
Quanto è lunga la sua sentenza?	How long is your sentence?	58fe8b84-78c9-5314-a3e4-24a092412e70	31	26
Quanto è lunga la vostra sentenza?	How long is your sentence?	dead0dcc-4ca9-56d0-8f2c-0e1ab394f0f1	34	26
Non completare quella frase.	Do not complete that sentence.	9fe8f0c5-5a67-50bb-b8c1-d5f0c2a28020	28	30
Non completate quella frase.	Do not complete that sentence.	05c5d935-5ca4-5918-a9bb-e20f628fcc1a	28	30
Non completi quella frase.	Do not complete that sentence.	0e52b4df-cd10-5766-a64d-cf9edfcb05d5	26	30
Suggerisco di scollegare questa frase.	I suggest unlinking this sentence.	b77331c6-4028-5107-bc81-518dc755c22b	38	34
Ho cambiato la frase francese.	I changed the French sentence.	d4640c56-5419-5af4-a1fe-f51d767d7af2	30	30
Cambiai la frase francese.	I changed the French sentence.	a8c84b99-0c4d-5cd8-ac0c-63f554d561dc	26	30
Ho cambiato la frase inglese.	I changed the English sentence.	296e3fb2-3907-5fd3-8a6f-5431c5cdd9a6	29	31
Cambiai la frase inglese.	I changed the English sentence.	b16c3fec-29a6-5081-80bf-a6f209d10caf	25	31
Questa frase ha otto sillabe.	This sentence has eight syllables.	8e89d01a-5e0e-5012-8a9e-420b9de172d5	29	34
Questa è una frase offensiva.	This is an offensive sentence.	74a6af22-c337-574b-a8d9-cb69f84a3025	29	30
Ho aggiunto una nuova frase.	I added a new sentence.	3ced320e-0368-58da-b87a-b5d375d8f712	28	23
Aggiunsi una nuova frase.	I added a new sentence.	39075996-74a5-5688-8c60-014b2554c304	25	23
Quale frase è più corretta?	Which sentence is more correct?	15001421-7f4e-5abb-877d-d71d7c898b2c	27	31
Questa è la frase numero 921.	This is sentence number 921.	29a4fc33-349a-546d-9360-3850366f62b7	29	28
John sta copiando la mia frase.	John is copying my sentence.	02308e00-5ab9-575d-a099-1be57418c3be	31	28
Questa frase è troppo lunga!	This sentence is too long!	f21b8011-49ad-5835-ae1c-3195f24fd247	28	26
Ogni frase ha le sue sillabe.	Each sentence has its syllables.	60fff4d0-326e-51f0-95d4-aa90c209cb6e	29	32
Questa frase non è chiara.	This sentence isn't clear.	0a166e66-2409-5b81-9d1d-55a07a47ef7b	26	26
Ho tradotto questa frase due volte.	I translated this sentence twice.	fef231f3-b79a-5a84-a870-e63f46b17f47	35	33
Questa frase non è corretta.	This sentence is not correct.	f3842a8c-f516-5d0b-9642-c4efc2407545	28	29
Questa frase sarà tradotta?	Will this sentence be translated?	65aafd34-90ee-5e84-85d1-592f1a26abba	27	33
Nessun verbo in questa frase.	No verb in this sentence.	b25d0ed1-9431-5eb7-808a-96f3f4576afc	29	25
Era una frase dura.	It was a hard sentence.	443d2590-b1b2-58a4-bb3d-59ca7aa90bd8	19	23
Questa frase è corretta, insegnante?	Is this sentence correct, teacher?	42befb78-a2c8-5046-9e8c-dc0ac13fd887	36	34
Ho migliorato la frase.	I've improved the sentence.	5a4c13dd-84c5-59ac-988b-602d503b72ec	23	27
Una frase non è mai innocente.	A sentence is never innocent.	b3784033-be90-531b-b05b-574012154ad7	30	29
Quella frase non sembra naturale.	That sentence doesn't sound natural.	548a184c-6f4f-51ce-aa2e-55bb1fa9a322	33	36
Avevo già scritto la frase.	I had already written the sentence.	7ce43043-a8d0-5021-991f-4c32e5086e72	27	35
Una frase è un'unità sintattica.	A sentence is a syntactic unit.	c2fa51b0-54ab-5a55-9941-9a2adfabd688	32	31
La frase non va ancora bene.	The sentence is still not OK.	0d3f0913-e750-5bd6-afdc-7175ff9f722f	28	29
Questa è la diecimillesima frase.	This is the 10,000th sentence.	a3ee8924-1288-5961-980b-88f7e9bfff9e	33	30
Non ho aggiunto questa frase.	I did not add this sentence.	e7f3904f-917f-53c2-a346-5ce0b549fc86	29	28
Non aggiunsi questa frase.	I did not add this sentence.	c924b3e1-22a7-5517-a28a-e06df9d38e3f	26	28
La frase ha un soggetto chiaro.	The sentence has a clear subject.	b2f055ae-79b7-5e12-b2ce-54aa0289979c	31	33
La frase è errata.	The sentence is incorrect.	490cba0d-d674-5b71-8b3f-6be3055343e0	18	26
Jeanne ha copiato la sua frase.	Jeanne copied his sentence.	833f09c2-f633-5f62-ac58-492818400822	31	27
Jeanne copiò la sua frase.	Jeanne copied his sentence.	505de0f7-7ed8-5f78-afa5-0afc56f41a6d	26	27
Johanna ha copiato la sua frase.	Johanna copied his sentence.	1bd6ba9c-52a8-5ec4-b00f-42da7e2c9b48	32	28
Johanna copiò la sua frase.	Johanna copied his sentence.	f98b16ce-e30e-505c-be30-cc446cb009ba	27	28
Rileggi la frase.	Re-read the sentence.	60828469-4ef8-527b-907a-ef03d84260d3	17	21
Rilegga la frase.	Re-read the sentence.	6603762d-7d3c-5611-a34d-d14544418a66	17	21
Rileggete la frase.	Re-read the sentence.	ae8287f7-e780-5d4c-a7cf-792245285797	19	21
Ogni frase è univoca.	Every sentence is unique.	588f200a-ab9a-5199-9457-9e955c88902d	21	25
Questa è una frase?	Is this a sentence?	6c8b62d3-4ca2-5c32-99ae-33b544c3837d	19	19
Questa frase è maledetta.	This sentence is cursed.	b7301642-a3e6-5c24-b73a-ae2ad6cdb228	25	24
La frase è falsa.	The sentence is false.	69b69f4a-f014-59fd-8972-caac95f2ea49	17	22
Questa frase è buona.	This sentence is good.	9f8a9921-faeb-5d6a-9fbe-5319dd1a730d	21	22
Quella frase è buona.	That sentence is good.	0d84011b-8966-5d16-97c3-33f32b726285	21	22
La frase è buona.	The sentence is good.	953f94d8-c250-5b4d-98d8-7ff7bdbdb1c7	17	21
Questa frase è sgrammaticata.	This sentence is ungrammatical.	2913cbe0-3f81-596e-bdc1-1bead017c911	29	31
Per favore, cambia la frase.	Please change the sentence.	d1a1d06a-39e4-5a22-89f2-a01b5cc15418	28	27
Per piacere, cambia la frase.	Please change the sentence.	f23931f5-8a4b-55c6-9603-f1d3d56a1961	29	27
Per favore, cambi la frase.	Please change the sentence.	c700384e-a3e8-593f-83d4-fcc52a998588	27	27
Per piacere, cambi la frase.	Please change the sentence.	3ac5e3b4-e0af-59c7-940c-de342ab192f8	28	27
Per favore, cambiate la frase.	Please change the sentence.	56ea9216-4ac4-58a0-aa5b-4dbfee66d752	30	27
Per piacere, cambiate la frase.	Please change the sentence.	62dcfa6d-aaf0-5b40-89ba-05ff10455997	31	27
Questa frase non può essere reale.	This sentence cannot be real.	943f9a6e-975a-59b3-a59a-e88a479dc59b	34	29
Questa frase è così lunga.	This sentence is so long.	09e1df33-b798-55ed-ba91-0f1835e460ba	26	25
Questa è la millesima frase.	This is the thousandth sentence.	6539c74c-5b71-5e42-8495-5145d6dbd327	28	32
Tatoeba è una collezione di frasi.	Tatoeba is a sentence collection.	7f268038-0425-503e-b561-bc957356393d	34	33
Non sono una frase.	I am not a sentence.	e9064def-3cfc-5813-857e-884635e49293	19	20
Io non sono una frase.	I am not a sentence.	dc3a5566-1797-51c2-a6a3-6a6417fc884c	22	20
Questa frase contiene un participio.	This sentence contains a participle.	c13f1564-d9a1-5614-be72-c7871616db26	36	36
Questa frase contiene molti errori.	That sentence contains many errors.	0e2822ea-bbf8-5b28-93f5-3497e5ad9907	35	35
Questa è una frase nuova.	This is a new sentence.	07112869-95a2-5582-bad8-b7c4f29198c8	25	23
Ziri ha cambiato tutta la frase.	Ziri changed the entire sentence.	0325bcd0-0b9f-50e4-9309-573ff3eb1da2	32	33
Ziri cambiò tutta la frase.	Ziri changed the entire sentence.	0ba2188a-c76d-5191-bc36-2de326194bbf	27	33
Rendi quella frase più corta.	Make that sentence shorter.	7f3b4b7d-1cb4-59e6-be84-0304151cadf3	29	27
Renda quella frase più corta.	Make that sentence shorter.	16b20398-eb98-566f-bc27-7bb9952abe58	29	27
Rendete quella frase più corta.	Make that sentence shorter.	e71c0f08-61cc-5533-8fe4-66c76dace1b8	31	27
Per favore, correggi la frase.	Please correct the sentence.	28173df3-f3b4-5855-9c36-5e21d27d16cc	30	28
Per piacere, correggi la frase.	Please correct the sentence.	5ae20857-8abf-5b74-b63d-7956721658cb	31	28
Per favore, corregga la frase.	Please correct the sentence.	ae8d7882-83c3-5b4d-9459-70394968c547	30	28
Per piacere, corregga la frase.	Please correct the sentence.	ee140581-964b-5189-9a01-d8a373696ffd	31	28
Per favore, correggete la frase.	Please correct the sentence.	a6725aca-0e7a-56b4-8337-9bf3e1384cfa	32	28
Per piacere, correggete la frase.	Please correct the sentence.	394ccddd-5f02-5a06-b279-2a38231412b4	33	28
La frase è grammaticalmente errata.	The sentence is grammatically incorrect.	c90cb9ab-1566-534c-bb5c-98e33ccc4ef9	35	40
Finisci questa frase per me.	Finish this sentence for me.	cc331790-7324-54dc-8319-db3e817f58f7	28	28
Finisca questa frase per me.	Finish this sentence for me.	6b8e547d-014b-557b-bc91-c766ea85d8ac	28	28
Finite questa frase per me.	Finish this sentence for me.	43fa28ff-6277-5a5a-bbd6-6a1a1070882d	27	28
Questa frase è ridondante.	This sentence is redundant.	c7e6ca19-72cd-57cc-960a-e201eb7b0b6e	26	27
Questa frase è assolutamente incomprensibile.	This sentence is absolutely incomprehensible.	bbbcabb9-2469-5690-a4b7-0066e753b9e7	45	45
Ho già scritto la frase.	I already wrote the sentence.	93ce4b0c-d2d8-5345-96d2-06fd2a45178b	24	29
È una frase breve.	It's a short sentence.	a3ecced7-0936-5669-8e5a-8ecf7de7f84d	18	22
È una frase corta.	It's a short sentence.	c49e91be-fd12-55e6-b75e-ea61b7b6dad8	18	22
Era una frase valida.	That was a valid sentence.	f916f475-becf-5576-8ea7-a8ac2c5ff379	21	26
Non è una frase?	Isn't that a sentence?	c646a05c-e2c7-528f-b2c3-421063fcd8d1	16	22
La frase ha quattro parole.	The sentence has four words.	ab9a68aa-731a-5112-91f5-6525c3f8100f	27	28
È solo una frase.	It's just a sentence.	caad12b0-bb95-55c7-848f-af22ccfa4ea9	17	21
È solamente una frase.	It's just a sentence.	8c56f634-2e95-556b-ac6b-0ae257d202db	22	21
È soltanto una frase.	It's just a sentence.	008e1f6e-9d1e-5afe-8c5f-50b97350b662	21	21
Questa frase è molto interessante.	This sentence is very interesting.	b8ae7ee9-9291-523b-b2dc-bade8fa39523	34	34
Chi tradurrà la mia frase?	Who will translate my sentence?	a3766e2a-7e3b-5c77-92a0-bc3826a177ce	26	31
Dovrei cambiare la frase?	Should I change the sentence?	804affa1-947a-5e5a-8dc8-6e7c6ed7c5a2	25	29
Questa frase è comunemente usata.	This sentence is commonly used.	5f443e6e-0b31-5820-9db0-ea8c8bc42de7	33	31
Questa frase è comunemente utilizzata.	This sentence is commonly used.	b0b31f9c-c2fe-5c13-ae88-0daa5889bb19	38	31
Questa frase è di uso comune.	This sentence is commonly used.	e43bc555-8449-5221-8c33-7a1cf18f09e9	29	31
Questa frase è di utilizzo comune.	This sentence is commonly used.	ac29d3bf-e2fb-50bc-a754-1d0fbcf18a41	34	31
Tom ha ricevuto una condanna all'ergastolo.	Tom received a life sentence.	e05da067-a2c4-552d-81e5-74efebbf6968	43	29
Tom ricevette una condanna all'ergastolo.	Tom received a life sentence.	7015bb5c-59ca-5feb-82dd-cd3913b344e6	41	29
Hai tradotto questa frase?	Have you translated this sentence?	f68748a9-59e5-5c51-9866-c7b74005d580	26	34
Ha tradotto questa frase?	Have you translated this sentence?	dd929f22-183a-52b7-bb0d-3905e1c69aa6	25	34
Avete tradotto questa frase?	Have you translated this sentence?	735cc171-98de-515a-8faa-8a25d0c1512b	28	34
È una frase incompleta.	That is an incomplete sentence.	f6173aa1-6419-5730-9ba8-8509c52e97b9	23	31
Quella è una frase incompleta.	That is an incomplete sentence.	cd2441c8-d222-5b54-8452-2fc5092bcae6	30	31
Questa è una frase idiomatica?	Is this an idiomatic sentence?	f6c9b0fd-6492-5d18-ac71-61befc1c7740	30	30
Qualcuno possiede questa frase?	Does anybody own this sentence?	f3ab66c9-f706-5848-9234-d902cb59e404	31	31
Ho cambiato completamente la frase.	I changed the sentence completely.	0838f899-df20-57f9-b101-bf943ac77b62	35	34
Cambiai completamente la frase.	I changed the sentence completely.	c5b2b74d-361d-5914-9894-226442df7635	31	34
Come potrebbe essere tradotta questa frase?	How could this sentence be translated?	5043265b-bea5-5bb4-bbf9-6335b166d787	43	38
Questa frase come potrebbe essere tradotta?	How could this sentence be translated?	785ecb98-053d-5352-bb36-b0a5a2e9b145	43	38
Dove hai trovato questa frase?	Where did you find this sentence?	a68dddfc-43ec-5343-b3f4-4ce79dff36db	30	33
Dove ha trovato questa frase?	Where did you find this sentence?	9558aab0-439f-581b-b6e3-d7dff323ad86	29	33
Dove avete trovato questa frase?	Where did you find this sentence?	791c38d1-9d92-5bc6-bec4-a8986a2172da	32	33
Questa frase mi è familiare.	This sentence is familiar to me.	84b64e72-d0db-5466-a0ae-2c14d4462077	28	32
Tom sta cercando un lavoro?	Is Tom looking for a job?	6d2ee7a5-2708-5c1b-9301-e7a53e80d81c	27	25
Tom sta cercando un impiego?	Is Tom looking for a job?	d415bd92-ad02-5d0b-bff0-0b3f369b514c	28	25
Quanti cavalli possiede Tom?	How many horses does Tom own?	e5864515-edb4-5eb0-bf97-ffa1cc3eab37	28	29
Cosa causa la forfora?	What causes dandruff?	5d08f22a-0ef5-5665-b982-144f20f831d4	22	21
Che cosa causa la forfora?	What causes dandruff?	cb6e8dc9-d108-593a-886e-637adeab5834	26	21
Tom ha un grave problema di forfora.	Tom has a serious dandruff problem.	e890f6f3-4edf-5648-8f30-212b56965ddd	36	35
Regalai uno shampoo anti-forfora al mio collega.	I gifted an anti-dandruff shampoo to my colleague.	6e6f0861-c7e5-5587-8848-4e4fcc87f776	48	50
Regalai uno shampoo anti-forfora alla mia collega.	I gifted an anti-dandruff shampoo to my colleague.	4f5c0c6d-1024-51e6-889a-9b67636a9dc6	50	50
Prendi una sedia.	Get a chair.	a1dd63ff-37af-5475-98d4-915805ab6a30	17	12
Prenda una sedia.	Get a chair.	6e7e06ec-95dc-579a-b792-4f94586b22a9	17	12
Prendete una sedia.	Get a chair.	e34531bc-7dc3-5106-b772-2f558a32c70a	19	12
Questa sedia è vecchia.	This chair is old.	4ff30704-0743-5a56-bce4-fa90e08858f7	23	18
Guarda quella sedia.	Look at that chair.	70e7108d-caef-598f-b6c7-d4c970012ab3	20	19
Guardate quella sedia.	Look at that chair.	478da1a8-38be-5d8e-b7fc-e6014edcb314	22	19
Guardi quella sedia.	Look at that chair.	36650fba-0e54-5785-8856-92237fa43d4e	20	19
Dov'è la tua sedia?	Where is your chair?	bcc47601-5e76-5add-a1e6-4d98f699508d	19	20
Dov'è la sua sedia?	Where is your chair?	a66b4333-a81b-50bc-b79b-1c4e9ada85e8	19	20
Dov'è la vostra sedia?	Where is your chair?	1d238862-f042-562e-89dd-da58ed09d7cc	22	20
Mi serve una sedia.	I need a chair.	4c92570a-4ddc-5c5b-acb1-03a8bc4a7094	19	15
Ho bisogno di una sedia.	I need a chair.	ea1936c5-80e4-507a-a0ab-90ee54c5a52d	24	15
La sedia era fatta a mano.	The chair was handmade.	d0589706-75c5-5d94-a768-01dcb0143e4b	26	23
Chi ha preso la mia sedia?	Who took my chair?	b80d45b7-3a46-5ca1-8f36-5d6987e765df	26	18
Quella sedia sembra comoda.	That chair looks comfortable.	5cbd3be8-8c31-504e-b092-3d2fef6859ba	27	29
Di chi è questa sedia?	Whose chair is this?	35a4a382-d641-56fb-95e5-1d95c262dfdb	22	20
Sami vuole questa sedia.	Sami wants this chair.	9497d8ee-1631-5581-b6b0-77c21996b3bb	24	22
Chi ha rotto la sedia?	Who broke the chair?	b61e4d40-82fe-54c1-bf94-2def790e077f	22	20
La sedia è rotta.	The chair is broken.	ea848031-9364-565a-a0ad-c6ac0cbb5425	17	20
Questa sedia è tua.	This chair is yours.	1c76a6e1-27df-5a0e-927d-b000fec7df6f	19	20
Questa sedia è sua.	This chair is yours.	85223ce7-2c96-550a-b070-8e766af37672	19	20
Questa sedia è vostra.	This chair is yours.	d54da997-bfa9-57e5-9eb0-485b1407f8d0	22	20
Questa è una sedia.	This is a chair.	ea75db81-61bd-5ebd-9c9c-249e076ec9ff	19	16
Questa sedia è scomoda.	This chair is uncomfortable.	87223e44-22bf-5588-bfe7-e703628cdd65	23	28
Voglio una sedia.	I want a chair.	6e80e790-2349-5a0a-b915-14a79862beef	17	15
Io voglio una sedia.	I want a chair.	29437d91-7f07-5400-ad72-c8cb430fd74f	20	15
Questa sedia è ancora libera?	Is this chair still free?	dac30c73-d5ea-5051-9c5f-91b8bf0d8a22	29	25
Per favore, portami una sedia.	Please bring me a chair.	41a41bac-8842-5f42-a077-ae010232becc	30	24
Per piacere, portami una sedia.	Please bring me a chair.	73dba8d2-2fce-5c92-82be-0568828fde8a	31	24
Per favore, portatemi una sedia.	Please bring me a chair.	242210d6-9b57-5ea9-9a4d-347cd98c804a	32	24
Per piacere, portatemi una sedia.	Please bring me a chair.	6dbae5a1-e4f8-5eb8-bb83-1f9cbc7385dd	33	24
Per favore, mi porti una sedia.	Please bring me a chair.	504517b9-201e-501e-b801-e150084a6f34	31	24
Per piacere, mi porti una sedia.	Please bring me a chair.	bd283323-fa75-546c-8af8-ba6e2a4104e2	32	24
A cosa serve una sedia?	What's a chair for?	23bad999-f107-56e3-b610-3e54cb8b008a	23	19
A che cosa serve una sedia?	What's a chair for?	7ff649c0-a127-55c4-8f5e-e3a2751853a1	27	19
A che serve una sedia?	What's a chair for?	a17a588c-0714-5a87-94fa-e83aa24ea44a	22	19
L'uomo ha una sedia.	The man has a chair.	06978269-6894-52af-865d-dc8b671c6a1d	20	20
Questa sedia non è comoda.	This chair isn't comfortable.	4c7c14a3-7f46-51bb-8ca4-beb0a388b51b	26	29
Ziri ha dormito sulla sedia.	Ziri slept in the chair.	2d407693-602d-52b2-9c6b-0ffb97267778	28	24
Ziri dormì sulla sedia.	Ziri slept in the chair.	b8003b6b-32db-59aa-bb82-e2a8eaa5af7d	23	24
Siede su una sedia.	She sits on a chair.	d8d1f4a0-0e8d-5a7a-a8e5-5cba8e296cb2	19	20
Lei siede su una sedia.	She sits on a chair.	a22fe3a6-7e4b-51a6-9334-6666068a932a	23	20
Lui siede su una sedia.	He sits on a chair.	769a3982-1ffd-5323-9e1c-9218a9a3cec6	23	19
Questa sedia di plastica non è costosa.	This plastic chair is inexpensive.	191b83a1-0aee-56ac-ba49-d737de743ce1	39	34
Voglio una sedia grande.	I want a big chair.	8153ec13-52e4-5deb-8597-1650b20be694	24	19
L'altra sedia è rotta.	The other chair is broken.	56e30c80-062e-539f-b9d3-2683b0e45263	22	26
Sto riparando la sedia.	I'm fixing the chair.	e5d92ff5-4c9e-5d94-a7d5-93c7ddc06212	23	21
Sto fissando la sedia.	I'm fixing the chair.	38299b3b-f363-5aba-8513-7093317caf36	22	21
La sedia è relativamente piccola.	The chair is relatively small.	bc90ec96-5f71-57c7-ab76-a31ae1028cf3	33	30
Questa sedia è relativamente piccola.	This chair is relatively small.	bf3ea434-e9bb-5186-925c-c6b2e98558a0	37	31
Mi piace davvero questa sedia.	I really like this chair.	f465e1a1-5cfd-5c45-8cf6-0bec17e89df5	30	25
A me piace davvero questa sedia.	I really like this chair.	6884fb02-d3dd-5417-8821-489ebb5658ea	32	25
Mi piace veramente questa sedia.	I really like this chair.	f9b5f2eb-bd50-59ce-b789-6bd60dfae565	32	25
A me piace veramente questa sedia.	I really like this chair.	ba4f24b5-97bd-58e5-a569-79a4f25ca297	34	25
Si è alzato dalla sua sedia.	He rose from his chair.	eacc19c6-882e-5289-a14b-45c5cae9c758	28	23
Mary si è alzata dalla sua sedia.	Mary rose from her chair.	703e7f17-3858-5051-9966-cd8ca0e3c842	33	25
Mary si alzò dalla sua sedia.	Mary rose from her chair.	45776361-ce27-5fe0-8ecd-a5d9019ea062	29	25
Tom si è alzato dalla sua sedia.	Tom rose from his chair.	c9ef9a3c-4552-5070-82b9-05a1f8369c28	32	24
Tom si alzò dalla sua sedia.	Tom rose from his chair.	7c662610-437c-5e62-a0fd-f78c5b4bbefc	28	24
Questa è la sedia di Kenji.	This is Kenji's chair.	8ab39ef4-857b-52a2-9e0f-df4b0f286131	27	22
Mi sento al sicuro con te.	I feel safe with you.	e580b162-a9cc-5ed1-b74f-12c72e8ea45a	26	21
Mi sento al sicuro con voi.	I feel safe with you.	8d37b715-a8a3-54ec-87d5-106ce979601b	27	21
Mi sento al sicuro con lei.	I feel safe with you.	4bfe5263-8a9a-574e-a390-12f1a0e567c7	27	21
Questa sedia è stata fatta in Australia.	This chair was made in Australia.	09ff398f-c6b0-5702-9ec4-fea2dc860d92	40	33
Quanto è costata quella sedia?	How much did that chair cost?	7215fc9b-9bda-5dd5-b03c-1f59229d89b5	30	29
Quanto costava quella sedia?	How much did that chair cost?	069d09ab-9295-5180-b8b7-3d3df92039c5	28	29
Sei comodo in quella sedia?	Are you comfortable in that chair?	5c56dad1-b022-5a59-bea6-df7c235c13b3	27	34
Sei comoda in quella sedia?	Are you comfortable in that chair?	4ede1d11-fd5e-5ecc-b666-6881d50afb45	27	34
È comodo in quella sedia?	Are you comfortable in that chair?	23d51ce0-8e2c-5ad7-882b-b1c4f8ae2935	25	34
È comoda in quella sedia?	Are you comfortable in that chair?	97c66d79-3a84-5748-96c7-7f51393a4477	25	34
Siete comodi in quella sedia?	Are you comfortable in that chair?	26275067-d849-58e0-bb22-ec34858352b3	29	34
Siete comode in quella sedia?	Are you comfortable in that chair?	98773306-45b8-59c3-af27-d4cf50bb8628	29	34
I fiocchi di neve rendono l'inverno magico per me.	Snowflakes make winter magical for me.	e6f4f0ae-e9af-5c4d-83f7-13e275de7efe	50	38
I vestiti invernali sono caldi e accoglienti.	Winter clothes are cozy and warm.	34f54e17-94a8-5bc0-bf63-c8daf5af68b5	45	33
Elias era legato ad una sedia.	Elias was tied to a chair.	360aecc3-820e-5578-bd47-17f5b6b142f0	30	26
Le comprerò una sedia.	I'll buy her a chair.	3de23590-6785-5877-a51a-0ec11ea69e19	22	21
Non ho pensato a Tom.	I didn't think about Tom.	def6fd72-adba-577b-93f0-8b2f9b9c7f1f	21	25
Non pensai a Tom.	I didn't think about Tom.	63e4e85b-3c17-5da9-aca5-79a9cfb38d4d	17	25
Il sole splende, ma non sono occupato.	The sun is shining but I'm not busy.	53481d5e-8322-55fc-a2e3-134c447c85ba	38	36
Penso che finirò finalmente quel libro.	I think I'll finally finish that book.	12d379fa-cc16-59f7-add8-c86474cfbef3	39	38
È tempo di esplorare nuove ricette in cucina!	Time to explore new recipes in the kitchen!	34cc875d-0904-5b42-955a-946ef246f2c4	45	43
Oggi potrei iniziare un nuovo hobby.	I could start a new hobby today.	06231a26-879b-5670-bb0c-8dd55ee58d28	36	32
Forse farò qualche foto nel quartiere.	Maybe I'll take some photos in the neighborhood.	c2d705bb-6257-5c25-aacf-1e92074ea742	38	48
Perché non cimentarmi nella pittura?	Why not try my hand at painting?	ed84f387-25d3-5127-bebb-ca94f6934abc	36	32
Potrei scrivere sul mio diario per un po'.	I could write in my journal for a while.	1e004138-b953-5cc3-9f98-f9fa95a92cc6	42	40
Potrei organizzare un po' i miei spazi.	I might organize my space a bit.	cb2419e0-6a46-54ef-bc20-373d7699579e	39	32
Oggi potrei praticare meditazione o yoga.	I could practice meditation or yoga today.	2a1537fb-ece3-5eab-ac7a-1fa5848d5049	41	42
A volte, non fare nulla è la cosa migliore.	Sometimes, doing nothing is the best plan.	d7cb7252-cb7e-5f71-8ebc-0eebe8d2cda1	43	42
Tom e Mary sono criminali.	Tom and Mary are criminals.	1a6b262c-eae0-5361-a438-0e4eeaf79f87	26	27
Tom e Mary sono dei criminali.	Tom and Mary are criminals.	93036abd-9433-589a-8839-ffe2ba2a126c	30	27
Quello è mio. Ridammelo.	That's mine. Give it back.	28095ad1-a17c-549d-8a3b-f9629121463d	24	26
Quella è mia. Ridammela.	That's mine. Give it back.	7839f6da-f701-518f-a3d6-c48acc71b8a2	24	26
Devi mostrare rispetto verso i tuoi genitori.	You must show respect towards your parents.	c34e8ffa-ac48-55b9-82a3-52b9ee821b11	45	43
Apprezzo la fiducia nella nostra rellazione.	I appreciate the trust in our relationship.	14ef5828-fd28-5ee7-8e74-9af09d5bc3fd	44	43
Amo come lui mi fa sentire.	I love how he makes me feel.	2b4f5965-de51-5a24-baa9-329bb725be0c	27	28
Per noi si tratta di comprensione reciproca.	It's about mutual understanding for us.	b9e32db6-e2b3-5297-9cfd-7718991f811a	44	39
Rispettiamo i limiti reciproci.	We respect each other's boundaries.	07fbb9e2-3e33-548a-ac98-27b8c9e7df59	31	35
La nostra intimità approfondisce il nostro amore.	Our intimacy deepens our love.	34b155c1-7c66-59f6-8587-6903e6531edc	49	30
Ci piace scoprire ciò che ci rende felici.	We enjoy discovering what makes us happy.	4eee65f8-a74c-55b6-af9e-37caeffd670d	42	41
Il consenso è essenziale in ogni relazione.	Consent is essential in any relationship.	eb9c279d-628c-5971-b263-48f59f796f1b	43	41
Ti auguro una pronta guarigione.	I wish you a speedy recovery.	3cb2cc38-1140-5e55-862a-a386c1c993ab	32	29
Vi auguro una pronta guarigione.	I wish you a speedy recovery.	19a873a7-f303-5e8e-8869-ed468c096667	32	29
Le auguro una pronta guarigione.	I wish you a speedy recovery.	92f9f0be-8032-543f-b476-4fb1cb7f0966	32	29
Dove posso comprare i biglietti?	Where can I buy the tickets?	da29173c-94b0-5efd-bf4c-36b050b9cff9	32	28
Lavoriamo velocemente.	We work fast.	f75bf4fd-7760-5bf2-b60d-118f19b9b9a1	22	13
Noi lavoriamo velocemente.	We work fast.	d59ade32-e31c-5511-b53a-d89f275f2524	26	13
Ogni compleanno ci ricorda gli anni che passano.	Each birthday reminds us of the passing years.	5e1b3a15-feb7-58d1-83d1-70d44657cd51	48	46
I momenti diventano ricordi in un batter d'occhio.	Moments become memories in the blink of an eye.	e98db1ff-cd69-52b4-a947-c0ea89761c17	50	47
L'infanzia sembra ormai così lontana.	Childhood seems so distant now.	b0c6a821-2beb-5e72-9e3d-24887cfba9a1	37	31
Con l'età arrivano saggezza ed esperienza.	With age comes wisdom and experience.	cd8a27ef-c18d-5dff-935c-9789f9f7a78c	42	37
Il tempo ci insegna a custodire ogni momento.	Time teaches us to cherish every moment.	0d640297-011b-5cdc-9e82-7a15f0cad8ff	45	40
Invecchiamo, ma i nostri sogni rimangono.	We grow older, but our dreams remain.	ca16690f-ef7e-5db0-9d81-5fa25f8a2a69	41	37
Gli anni plasmano ciò che siamo oggi.	The years shape who we're today.	03305ec8-e05d-595a-af1d-8306846b4175	37	32
La nostalgia spesso ci strattona il cuore.	Nostalgia often tugs at our hearts.	8f5a5831-c4d6-58e4-99c1-afdb0aaabf08	42	35
Dobbiamo abbracciare ogni fase della vita.	We must embrace every stage of life.	5fc8211f-3ec7-52d3-b5fb-451497a8dec5	42	36
La natura fugace del tempo ci ricorda di agire.	The fleeting nature of time reminds us to act.	ae59e8cd-ca67-58dc-95fa-478fde209031	47	46
È come se fossero esperti nel creare drammi.	It's like they're experts in creating drama.	51a24507-587e-5bf5-aa05-c6c4adff8f04	44	44
Fanno sembrare semplici compiti sfide epiche.	They make simple tasks feel like epic challenges.	c6ff718e-cbe5-56da-b2c7-af1021214594	45	49
Non ho mai fatto questa esperienza in vita mia.	I've never had that experience in my life.	4df806cd-64cd-5a87-bb11-2df588c1ab35	47	42
Non è semplicemente una cosa per cui sono curioso.	It's just not something I've been curious about.	0aae7ee4-9211-5850-a14b-4934eef0b433	50	48
Lei ha visto giorni migliori.	She has seen better days.	39437386-a43d-5fde-8776-9854f4e6532e	29	25
Ha visto giorni migliori.	She has seen better days.	7879c400-fdc5-5745-89ca-314c589dae23	25	25
A chi piace la musica classica?	Who likes classical music?	f093dbf1-57b3-5737-be51-acb0aea98e21	31	26
Il tuo impegno in cucina non passa inosservato.	Your effort in the kitchen doesn't go unnoticed.	b80e8e77-aa7b-53e1-b174-9bf5c1e13c2d	47	48
Finora le mie decisoni a me vanno bene.	I'm comfortable with my decisions so far.	88dfc557-3fe6-51b9-8591-71505263a19f	39	41
Sono sempre stato fedele alle mie preferenze.	I've always been true to my own preferences.	5e9de3be-9c94-50ed-9e44-a12bba77e87c	45	44
Rispetto coloro che fanno scelte diverse.	I respect those who make different choices.	c3784906-0fae-52ed-970c-6c69a566c5b6	41	43
Il tuo sforzo mi alleggerisce veramente il carico.	Your effort truly lightens my load.	0477dc02-659f-541d-a44b-faa23d5a765f	50	35
Grazie per esserti fatta avanti con i piatti oggi.	Thank you for stepping up with the dishes today.	cabf87d8-3d1d-5241-b1ef-89334346c6fa	50	48
Tom ha il naso appuntito.	Tom has a pointed nose.	771478d9-442e-5549-8e7f-db1fd32312f0	25	23
Ha il naso appuntito.	He has a pointed nose.	a6da3bae-b1c7-5dff-9d80-d856770bde05	21	22
Tom indossa raramente dei colori scuri.	Tom rarely wears dark colors.	7d516e8b-9a1c-5b9c-8b4b-fe0aea81f2f1	39	29
La felicità non conosce limiti di età.	Happiness knows no age limit.	2fac77fd-fd3f-5828-8e7e-833794abc278	38	29
Le riunioni di famiglia creano momenti di gioia.	Family gatherings create joyful moments.	6449b1d0-83b4-5b8b-ba3e-ba2c13633143	48	40
Ogni momento di esitazione genera incertezza.	Every moment of hesitation breeds uncertainty.	c2aef8b9-df0f-52d9-bd22-667ef66028b8	45	46
Tom grida al lupo.	Tom cries wolf.	e3b627c1-db03-5348-9f5f-c3e89e8e0c5b	18	15
Hanno visto un lupo.	They saw a wolf.	ac5abbbb-03ff-5fa5-a594-bc5d372044a6	20	16
Videro un lupo.	They saw a wolf.	631c7baf-ec9c-5a6b-acdf-ccc33ab21ef4	15	16
Abbiamo visto un lupo.	We saw a wolf.	891cadb5-a76c-5fec-9e64-150c0feb05a1	22	14
Vedemmo un lupo.	We saw a wolf.	a0b913ae-6429-58a4-a6ef-1f8530c06c43	16	14
Rima ha visto un lupo.	Rima saw a wolf.	962562a6-b793-55d7-be0f-3f228aee6a4b	22	16
Rima vide un lupo.	Rima saw a wolf.	d754130a-8a83-59c1-a63f-68fe7955f1c1	18	16
Ha visto un lupo.	She saw a wolf.	d7ac605d-8ece-56d0-890d-5691b6f5ce53	17	15
Vide un lupo.	She saw a wolf.	03c9b3f0-c390-5785-b3dc-933d8965e218	13	15
Hanno sparato al lupo.	They shot the wolf.	3f2f3629-e945-5285-b1f6-a124a1a00108	22	19
Spararono al lupo.	They shot the wolf.	f3267bfe-4f27-5a1b-ad51-6e3b73c3338d	18	19
Abbiamo sparato al lupo.	We shot the wolf.	2e81cd65-4c34-5fb8-8fd0-155e79e3cf4e	24	17
Sparammo al lupo.	We shot the wolf.	59567e1b-c731-557c-a235-c486a3faf84c	17	17
Rima ha sparato al lupo.	Rima shot the wolf.	7838274d-48c8-573b-9533-62e4a8928ab8	24	19
Rima sparò al lupo.	Rima shot the wolf.	b2258263-fc34-5f5a-b6c1-991c02512f37	19	19
Ha sparato al lupo.	She shot the wolf.	04c8da08-2bbf-5692-978d-21b48234d75c	19	18
Sparò al lupo.	She shot the wolf.	c34922ea-6c02-5e67-9666-8bf267cda53a	14	18
Ho sparato al lupo.	I shot the wolf.	e856cebb-72fa-5a6c-a743-ccab78c0ca55	19	16
Sparai al lupo.	I shot the wolf.	6cc98219-8cca-5e57-8d66-f3ccaa192c88	15	16
Ho visto un lupo.	I saw a wolf.	28f9cd35-69ce-5add-aa86-91ad9ade6d12	17	13
Vidi un lupo.	I saw a wolf.	5f617282-ba02-5851-aae1-357dbbc08d13	13	13
Ziri ha sparato al lupo.	Ziri shot the wolf.	e14a443e-09dd-5107-b42d-1f82b1a20313	24	19
Ziri sparò al lupo.	Ziri shot the wolf.	51079b34-f08f-5ab3-8408-7b8a938822bd	19	19
Ziri ha visto un lupo.	Ziri saw a wolf.	a68bfb24-27e2-55be-840a-0139b5be7b23	22	16
Ziri vide un lupo.	Ziri saw a wolf.	66ea44dc-cfd3-521c-9407-9716d210494a	18	16
Sono un lupo.	I'm a wolf.	3cadbc28-523a-5400-a20b-f8e15a216513	13	11
Io sono un lupo.	I'm a wolf.	56d7eccd-d2af-5b62-af39-81ac69c60ffc	16	11
Hai visto un lupo?	Did you see a wolf?	b05a1866-6889-52d6-8b50-8d48289dcd20	18	19
Ha visto un lupo?	Did you see a wolf?	223083ae-5ea8-5611-8c44-51ca8243f205	17	19
Avete visto un lupo?	Did you see a wolf?	27c00cef-4913-515b-ad7b-d7e98db4176d	20	19
Il lupo ha mangiato il re.	The wolf ate the king.	0475f3bf-f28f-5eee-98ee-445617b29c62	26	22
Il lupo mangiò il re.	The wolf ate the king.	a11ed40a-101d-5276-bcf8-f0a4a0d5ab4d	21	22
Il lupo ha mangiato l'osso.	The wolf ate the bone.	ce86d80a-f898-557d-96a8-2213b6295c7d	27	22
Il lupo mangiò l'osso.	The wolf ate the bone.	c6e2b83f-482e-5446-9fa4-a36cc0a35e51	22	22
Tom è un lupo solitario.	Tom is a lone wolf.	6684cc6a-df94-53c1-a8bf-fb83b714317f	24	19
Un cane è un lupo addomesticato.	A dog is a domesticated wolf.	2c77b4c1-a897-5c45-8f16-be817a67b1bf	32	29
Era affamata come un lupo.	She was hungry as a wolf.	c6e055c0-656e-5876-80da-dd7f1cee3112	26	25
Aveva fame come un lupo.	She was hungry as a wolf.	576c5dd8-9bda-5975-9062-d53ecc93ba0c	24	25
Non ho mai visto un lupo.	I've never seen a wolf.	7d8fe3cb-d64d-5e44-af6d-abcb7cfc53e7	25	23
Per favore, servitevi pure un po' di torta.	Please help yourself to some cake.	a7771863-1120-5198-a8df-77ba9e639ed4	43	34
Vuoi ancora un po' di tè?	Will you have some more tea?	19090113-2908-5a1a-9ede-f89696b22ef5	25	28
Per favore, passami il pepe.	Please pass me the pepper.	792fbae2-2664-5b76-936b-bc4961cc3a00	28	26
Cosa prenderesti?	What would you take?	b1e3ebb1-de2c-53e1-b5e4-d25d2f0bbe63	17	20
Ha smesso di bere vino.	He stopped drinking wine.	d71a8f1d-c454-596f-9e68-91397467add8	23	25
Smise di bere vino.	He stopped drinking wine.	337aef06-b4f9-5d29-b80a-e71da41e4cd5	19	25
Vorrei altro vino.	I'd like more wine.	30fa4d08-152e-5b1d-b95c-a0de48193c6b	18	19
Tom beve il vino rosso?	Does Tom drink red wine?	4c0f0b21-7d49-572b-b4d7-bd9f02e34b69	23	24
Sto cercando una buona caffettiera.	I'm looking for a good coffee pot.	20a0ce53-9016-5a2f-a3a6-f901ff0460de	35	34
Quali marche di caffettiere avete?	What brands of coffee pots do you have?	f4999a43-0c5c-539c-be6c-92a9a921ec67	34	39
Ci sono caffettiere in offerta oggi?	Are any coffee pots on sale today?	2b0577d6-35ed-51d5-98c3-bf1d1af6ce31	36	34
Posso vedere le caffettiere che vendete?	Can I see the coffee pots you sell?	b63c40b2-20af-540c-9a9f-65b64524811f	40	35
Qual è la fascia di prezzo delle caffettiere?	What's the price range for coffee pots?	09af5163-cf0a-56e8-b70e-27fc11f57950	45	39
Offrite caffettiere di diverse dimensioni?	Do you offer coffee pots in different sizes?	cafa5172-7231-566a-82c7-7a9fa8f0dcda	42	44
Dove posso trovare le caffettiere in negozio?	Where can I find the coffee pots in the store?	f4973ce5-5141-5f99-9562-2f254664f9e3	45	46
C'è una garanzia per le caffettiere?	Is there a warranty for the coffee pots?	156a8bf7-aa38-56c5-81bf-45887d3551c1	36	40
Le vostre caffettiere sono facili da pulire?	Are your coffee pots easy to clean?	5d145d93-4bb8-5357-b335-fb03033b1ad8	44	35
Posso restituire una caffettiera se non funziona?	Can I return a coffee pot if it doesn't work?	06da24a4-32fa-5912-a7d2-fd135a717eec	49	45
Quali colori di caffettiere offrite?	What colors of coffee pots do you offer?	0604788e-b9b3-5531-b160-702d5a1aa00b	36	40
Vendete caffettiere monodose?	Do you sell single-serve coffee pots?	38c716b4-2afb-5410-996d-2de324fd62bd	29	37
Fate spesso rifornimento di caffettiere?	Do you restock your coffee pots often?	90cb580e-e2ab-53a3-a4a5-fcd15c95a5db	40	38
Avete caffettiere elettriche?	Do you have electric coffee pots?	bad7cbdb-bfe7-568c-a1e0-de5d84d4f382	29	33
Sono disponibili delle caffettiere manuali?	Are there any manual coffee pots available?	80566b02-20b9-561b-b97a-1e261a3fb2a5	43	43
Potete consigliarmi una caffettiera affidabile?	Can you recommend a reliable coffee pot?	e6361384-392e-55bf-862b-eafced22b44e	47	40
Vendete anche accessori per caffettiere?	Do you sell coffee pot accessories too?	da2053d7-2f3d-5db1-9dcc-1eaa2cba02cb	40	39
Avete delle recensioni per le vostre caffettiere?	Do you have any reviews for your coffee pots?	702ec426-b014-5fb3-b987-e0cbed3aa9e6	49	45
La gente vuole la pace.	People want peace.	94f0095e-682f-5d92-a5de-4d3845d58add	23	18
Mary è ancora nel suo ufficio.	Mary is still in her office.	1a07bffe-ecef-507d-92fd-9fccfbc55d1e	30	28
Mary mi ha detto che è interessata.	Mary told me that she's interested.	23d17beb-4a49-53af-adbe-d2194007953d	35	35
Mary mi ha detto di essere interessata.	Mary told me that she's interested.	b3e0a98f-8636-548b-adaf-3fc12491b55e	39	35
Mary mi ha detto che era soddisfatta.	Mary told me that she was satisfied.	e4cc5271-fcbe-5964-945e-c6ac79995756	37	36
Mary mi disse che era soddisfatta.	Mary told me that she was satisfied.	5d41f250-9e7c-5b5f-8185-79e3499b8d64	34	36
Mary è nel suo ufficio alla sua scrivania.	Mary is in her office at her desk.	5526178e-41f8-5f81-ac42-4c318c20c2a4	42	34
Mary è dubbiosa, vero?	Mary is dubious, isn't she?	1677d131-698f-56b1-95c7-d9cedf96a4e2	22	27
Mary disse che voleva che Tom la aiutasse a farlo.	Mary said she wanted Tom to help her do that.	331d3724-98e4-5aaf-a344-7daa03f89c03	50	45
A Mary non piaceva il suo lavoro.	Mary didn't enjoy her job.	b94d6c58-25da-5f58-8fce-838e20f3d054	33	26
A Mary non piaceva il suo impiego.	Mary didn't enjoy her job.	9f948084-93bf-585b-bccd-b6e7ad8c0baa	34	26
Mary sembrava essere divertita.	Mary looked like she was amused.	0b97cb1d-4dc3-5ed0-a377-c1ae3de5c6d4	31	32
Mary ha invitato Tom alla festa, vero?	Mary invited Tom to the party, didn't she?	3219bc98-b2b2-570d-86d7-ca8f6a7841b6	38	42
Mary invitò Tom alla festa, vero?	Mary invited Tom to the party, didn't she?	da3d781c-0e09-5538-9893-2d4ba4b1ff5e	33	42
Mary ha paura di suo nonno.	Mary is afraid of her grandfather.	d5cd0b10-be48-5164-9a43-67babb2feb4e	27	34
Mary non si aspetta che Tom lo faccia per lei.	Mary doesn't expect Tom to do that for her.	a58e5194-018c-51de-b005-308400a791d0	46	43
Tom mi ha detto che era canadese.	Tom told me he was Canadian.	000d8b68-fde6-50f9-934e-cca606cf0314	33	28
Tom mi disse che era canadese.	Tom told me he was Canadian.	fef88554-86dd-59ab-be55-993921e927ea	30	28
Tom mi disse di essere canadese.	Tom told me that he was Canadian.	cc4a69e8-d247-5ef9-9673-2ad3dfd567be	32	33
Sia Tom che Mary hanno fatto dei sacrifici.	Both Tom and Mary have made sacrifices.	8c5dc675-9d25-56f2-88e9-16093f043370	43	39
Aspetterò altri trenta minuti.	I'll wait thirty more minutes.	bedaa221-05b9-5582-a7a6-74e0bba303b5	30	30
Dov'è quella matita?	Where is that pencil?	c7d9c44b-3469-5acb-8796-31dc6331dc10	20	21
Posso prendere in prestito una matita?	May I borrow a pencil?	32082ea0-e4e2-5d91-85be-92ad3aa9b72a	38	22
Tom mi ha dato una matita.	Tom gave me a pencil.	3d6ba57b-a846-5636-ac7e-a449c090661f	26	21
Tom mi diede una matita.	Tom gave me a pencil.	e64e4b9c-ec03-53fc-b9c4-13629e8e2946	24	21
Sta cercando una matita.	He's looking for a pencil.	655bf861-1220-51e3-bf8a-36c4dc893a43	24	26
Sta cercando la sua matita.	He's looking for his pencil.	ac524716-dd99-5d41-84cf-b50a08c36395	27	28
Sto cercando la mia matita.	I'm looking for my pencil.	b74c0e7f-0898-54d5-9223-7fb44992873a	27	26
C'è una matita nel cassetto della scrivania.	There's a pencil in the desk drawer.	d97cd2c2-3b61-5f42-8baa-8c9c53dab879	44	36
Posso usare questa matita? Sì, puoi.	May I use this pencil? Yes, you may.	a8c756c6-a87a-5391-8dde-85a0410b2365	36	36
Posso usare questa matita? Sì, può.	May I use this pencil? Yes, you may.	3d33c1c7-2824-567c-b658-14977bdd075b	35	36
Questa è una matita e quella è una biro.	This is a pencil and that is a pen.	8b7198d2-45bf-574d-be4a-d39ab196dcb4	40	35
Questa è una matita e quella è una penna.	This is a pencil and that is a pen.	ef5b9bf5-8f74-5377-8ff0-c86e3546a2e2	41	35
Penso che ci sia la tua attrice preferita.	I think your favourite actress is in it.	b3849fc5-ea15-5833-ad3a-9a7e87ab40ee	42	40
Penso che ci sia la sua attrice preferita.	I think your favourite actress is in it.	7e5ed1cf-583e-5d30-8f6b-9e6a5e2abb00	42	40
Penso che ci sia la vostra attrice preferita.	I think your favourite actress is in it.	f39ffe63-80f4-5ee5-9467-7e17daef8838	45	40
La domanda è chi prenderà la decisione.	The question is who will make the decision.	583fa73c-4d51-5d6b-9e6f-32f74da6c991	39	43
Sarebbe sufficiente.	That would be sufficient.	de28966b-5c1d-54fb-bcba-f100efca726b	20	25
Kobe è una città gemellata con Seattle.	Kobe is a sister city of Seattle.	4c1aa08e-8e61-5426-ba45-df3db9369744	39	33
Questa bicicletta è vecchia, ma è meglio di nulla.	This bicycle is old, but it's better than nothing.	7da5e3ed-36ea-59d9-be54-36ea58dee5e1	50	50
Ricordo di averlo visto da qualche parte.	I remember seeing him somewhere.	22bbd9aa-ae70-5ce3-ac01-54ebb23d4c70	41	32
Per favore, tieni stretta la cinghia.	Please hold on to the strap.	28d3db1b-2d2a-575f-a960-c71805c0ef21	37	28
Per piacere, tieni stretta la cinghia.	Please hold on to the strap.	252c1975-e228-5e01-a675-0be014092ccc	38	28
Per favore, tenga stretta la cinghia.	Please hold on to the strap.	899b1c3a-8d75-506a-8dff-955398ac9d91	37	28
Per piacere, tenga stretta la cinghia.	Please hold on to the strap.	eb717d66-6375-584f-92ab-01de682bc4b7	38	28
Per favore, tenete stretta la cinghia.	Please hold on to the strap.	73b792d1-5b71-5e5c-8507-49317a4e0d8c	38	28
Per piacere, tenete stretta la cinghia.	Please hold on to the strap.	00a6c1e3-6e36-5103-b9a5-9ecf68a30872	39	28
Franklin era noto per il suo buon senso.	Franklin was known for his common sense.	cda7c16f-ddfe-5ccb-a709-561b0d08ea1c	40	40
Franklin era conosciuto per il suo buon senso.	Franklin was known for his common sense.	b51dcb97-9b8a-5c49-bde8-0377633ce2d5	46	40
Sono sicuro che non mancherà alla parola data.	I'm sure he won't fail to keep his word.	3cff3ba6-e598-5657-8f22-b74a243ce43c	46	40
Sono sicura che non mancherà alla parola data.	I'm sure he won't fail to keep his word.	c74001e5-a955-50fa-a5ad-84c8141e12ca	46	40
Mi vergogno perché ho agito in modo stupido.	I'm ashamed because I acted foolishly.	86bc3164-7b30-5d0f-8f97-e4a4e8ec7ac5	44	38
Oggi ho dato tutto me stesso.	I've given my all today.	13a22f18-b3bb-5e8c-8251-e92c7a6ad807	29	24
Ho denunciato l'incidente alle autorità.	I reported the incident to the authorities.	b313cec7-d9f9-5033-9524-7e263bd4a400	40	43
Guardare è gratis.	Looking is free.	edd564e3-7a97-5f63-85ed-d5c2858b93e3	18	16
Papà ha detto che non avrebbe mangiato.	Dad said that he wouldn't eat.	70d896b7-fabf-532b-aee1-2abb2453fbb4	39	30
Mary ha detto che voleva un lavoro migliore.	Mary said she wanted a better job.	741d6679-a858-5d55-a424-df6552d52789	44	34
Mary ha detto che voleva un impiego migliore.	Mary said she wanted a better job.	4a02253d-166a-5927-ad16-c6cb8a7efbd6	45	34
Mary disse che voleva un lavoro migliore.	Mary said she wanted a better job.	5f6069fc-1bb6-5c52-a417-f0533720f061	41	34
Mary disse che voleva un impiego migliore.	Mary said she wanted a better job.	163f4ec3-9c26-5a8d-93f0-6fcdc6b735a8	42	34
Mary è molto ipocrita, vero?	Mary is very hypocritical, isn't she?	421faad6-7235-51f3-99c3-0e2c5f830244	28	37
Il mio vecchio cellulare funziona ormani a stento.	My old cell phone is barely working now.	93711c2d-6e3c-5901-8cdb-9f5767ca7e77	50	40
Preferisco un telefono con uno schermo grande.	I prefer a phone with a large screen.	54bfa86e-f4d1-5ca3-aee9-b01c1f297932	46	37
Il prezzo dovrebbe rientrare nel mio budget.	The price should fit my budget.	e6515f48-dba8-5a4b-9a0a-28597767a84e	44	31
Una buona garanzia mi farebbe stare meglio.	A good warranty would make me feel better.	4ac6ee16-8d5b-5dd2-8494-e34004e74ef1	43	42
Potrei controllare i saldi o gli sconti online.	I might check for sales or discounts online.	4aa60226-1f47-516b-a828-9f2fabee6ded	47	44
Non siamo in contatto con Tom.	We're not in touch with Tom.	a5c1a379-b910-5b0d-9ccb-e559dfc01f99	30	28
Thandie Newton è un'attrice molto bella.	Thandie Newton is a very beautiful actress.	52f312ab-e9a2-5462-94ac-79933e23d361	40	43
Sembri molto disorganizzato.	You seem very disorganized.	60b49f12-d69c-5239-b45f-abdfbf38f1c9	28	27
Sembri molto disorganizzata.	You seem very disorganized.	2ca41d89-9dad-56ef-84de-6f8212d7156b	28	27
Sembra molto disorganizzato.	You seem very disorganized.	855fa870-508d-5213-9f3a-4c28ac8366a5	28	27
Sembra molto disorganizzata.	You seem very disorganized.	e94da1fe-c463-5f7e-b939-55ccbbb7f97d	28	27
Si alternano nella scelta delle attività.	They take turns choosing activities.	87d1ba3e-cd3d-56ac-8cab-e154733854f9	41	36
I piaceri semplici mi fanno sorridere ogni giorno.	Simple pleasures make me smile every day.	99cd942f-87dd-53c5-b8f1-05aae86f7113	50	41
Ogni momento è un dono che vale la pena celebrare.	Each moment is a gift worth celebrating.	07e7e9fa-6852-5b71-b92d-9856907b5fc2	50	40
Amo il calore di un pomeriggio di sole.	I love the warmth of a sunny afternoon.	22523ad6-c54f-5e56-8372-91afbbf0d7b3	39	39
Aiutare gli altri mi dà una gioia immensa.	Helping others brings me immense joy.	29e540dc-4b55-5c7a-869c-608b1cd6ebd2	42	37
Ogni giorno è una nuova opportunità per crescere.	Every day is a new opportunity to grow.	d825bf5f-a6b6-5f3a-8b13-b6d0580a29d6	49	39
Apprezzo la gentilezza degli sconosciuti.	I appreciate the kindness of strangers.	cfb4174c-8b99-59af-b36b-e56d3d2c746c	41	39
La musica mi solleva il morale e mi dà energia.	Music lifts my spirits and energizes me.	e6c8ca87-eaf4-5039-90b8-0db3e5a016dd	47	40
Trovo pace nei tranquilli momenti di riflessione.	I find peace in quiet moments of reflection.	c940e4e6-fe11-512b-8bc7-607622ba5d2e	49	44
L'avventura mi riempie il cuore di eccitazione.	Adventure fills my heart with excitement.	169d9763-c906-55b9-8f54-9011928974b5	47	41
Vivere appieno è la mia più grande felicità.	Living fully is my greatest happiness.	a31f4959-a643-5f1a-9f1b-9015c5bb83da	44	38
Il peso del mio segreto è insopportabile.	The weight of my secret feels unbearable.	64adb77f-6792-5bcf-b040-4f220d8cb332	41	41
Il mio senso di colpa mi consuma ogni giorno.	My guilt eats away at me every day.	b81ba436-d587-5492-b782-88b240aabe21	45	35
Mi chiedo se capirebbe le mie ragioni.	I wonder if he would understand my reasons.	4b439485-ae4e-55e8-aa46-f3a78bd76366	38	43
E se lo perdessi per sempre?	What if I lose him forever?	6911b9f3-e8a1-5ca5-8a2b-41da436e9bbe	28	27
Le lancette scorrono e gli sta salendo l'ansia.	The clock is ticking, and he's getting anxious.	6e89e097-ea21-58a8-821a-13d5222c2b0b	47	47
Quando ho bisogno di te, ti fai sempre sentire.	You always come through when I need you.	f02c1645-4869-59da-88c8-44ff7ebf5c9c	47	40
Posso sempre contare su di te per un sostegno.	I can always count on you for support.	5c48e77c-bb03-59e0-baf8-b003a18d0e00	46	38
Ogni volta superi le mie aspettative.	Each time, you exceed my expectations.	a301acdc-41bc-5701-aec5-c96ec3f9ddd5	37	38
Trovi sempre il modo di brillare.	You always find a way to shine.	9dbbc5f1-51c4-56f3-b799-4b12b454cd93	33	31
Mi strappi sempre un sorriso.	You always bring a smile to my face.	0fe02120-d818-5e1b-a7eb-fb3e491fa12c	29	36
Trovi soluzioni quando mi sento bloccato.	You find solutions when I feel stuck.	de530ad8-f769-561f-a0cb-a3b59c487d1f	41	37
Hai il telento di mettere le cose a posto.	You have a talent for making things right.	a369f03c-fd57-5f8a-9df9-ff6b9ae88b1a	42	42
Continui a ispirarmi con le tue azioni.	You continue to inspire me with your actions.	409a33ca-8fd7-53be-9744-12bfbf080639	39	45
Con te mi sento vulnerabile, ma al sicuro.	I feel vulnerable, yet safe with you.	7d9afc87-7192-5b2d-b57c-5ac186d2631a	42	37
Mi rivolgo a te per avere forza e sostegno.	I look to you for strength and support.	b3588221-840b-55ee-b66d-81c8ec921921	43	39
Con te, sento di poter conquistare il mondo.	With you, I feel I can conquer the world.	c34335c9-c0b5-55e3-8ce3-ca299a55c798	44	41
Tutti hanno bisogno di un aiuto.	Everyone needs a helping hand.	525cde2c-878a-5a63-9a1e-d70cdb780561	32	30
L'incoraggiamento può accendere la speranza.	Encouragement can spark hope.	a9d3cca7-3db5-5478-b409-425c3a38450d	44	29
A volte un orecchio è tutto ciò che serve.	A listening ear is sometimes all it takes.	459c13a8-edaa-549c-be42-c385b2f0bbd3	42	42
Va bene appoggiarsi agli altri.	It's okay to lean on others.	4ea5f904-de8e-5082-8d77-4957b560ad5a	31	28
Tom non indossava un'uniforme.	Tom didn't wear a uniform.	520b95df-0e1f-59d9-a99b-ac3e46d7f8f6	30	26
Ken pensava che Tom stesse dormendo.	Ken thought that Tom was sleeping.	e0a2ee93-be47-5fc3-be9e-eb885f16d670	36	34
Mangiai una mela.	I ate an apple.	06168667-bfb3-5c0b-baa1-3df2bf462a93	17	15
Lanciamolo in alto!	Let's toss up!	592064dc-6b73-5c27-8730-732d0289803e	19	14
Dove posso trovare un bagno nelle vicinanze?	Where can I find a restroom nearby?	f59ba651-7109-573d-9a22-55dc49f6f375	44	35
Yanni e Skyra si consideravano fortunati.	Yanni and Skura considered themselves lucky.	62845855-a289-5ada-b270-3137536ec491	41	44
Il suo entusiasmo non viene mai meno.	His enthusiasm never wanes.	0da7a140-2259-5ef7-9072-eb77a6646eb7	37	27
Spesso solleva l'argomento con eccitazione.	He often brings up the topic with excitement.	7199f3e2-43b3-52d7-a4b1-1f834e765ea8	43	45
Gli piace esprimere frequentemente il suo affetto.	He enjoys expressing his affection frequently.	2a7545f0-6cdc-511f-a9bb-0d45864e1f82	50	46
Apprezza l'affetto, ma ha bisogno di equilibrio.	She appreciates the affection but needs balance.	dad77268-0368-5fcb-b112-af7e8634f7d9	48	48
Crede nel vivere l'attimo.	He believes in living in the moment.	3eea9ce6-bac7-570d-8633-75f5f337b4db	26	36
Esprime l'amore attraverso il tocco fisico.	He expresses love through physical touch.	d239d536-aa10-58c1-bad0-3636d2fc8553	43	41
La loro chimica è innegabile.	Their chemistry is undeniable.	8559da09-b59c-5fb3-8887-0f645910adb7	29	30
Spesso la sorprende con gesti romantici.	He often surprises her with romantic gestures.	d3d65adf-3a30-5b9a-925d-2ec0d1528f6a	40	46
La loro relazione è piena di passione e di calore.	Their relationship is full of passion and warmth.	92c05cd5-ff5b-57c1-9a4a-ad399fee96a6	50	49
La luce intensa mi fa pulsare la testa.	The bright light makes my head throb.	dd6fc590-0d2a-5443-8235-d05465503d1b	39	37
Ho bisogno di stendermi e di riposare.	I need to lie down and rest.	4b2f0360-9874-5542-9426-69b426163453	38	28
Gli antidolorifici da banco non mi sono d'aiuto.	Over-the-counter pain relievers aren't helping.	46ac7a80-8e5d-5d29-837c-ee2a9e04dde8	48	47
Bere acqua potrebbe alleviare il mio mal di testa.	Drinking water might relieve my headache.	6db4c566-2a52-5f3d-a4ba-b1a1cd82289e	50	41
Non riesco a concentrarmi con questo dolore.	I can't concentrate with this pain.	a78207e7-e8a7-5ae8-8e10-922b27a860dc	44	35
Dovrei evitare gli schermi per un po'.	I should avoid screens for a while.	15338d9b-236a-5636-988e-caea58790486	38	35
Spero che questo mal di testa passi entro domani.	I hope this headache goes away by tomorrow.	20e75a2d-5e21-554c-8dbd-923af3deb7b4	49	43
Mi pento di aver saltato la colazione oggi.	I regret skipping breakfast today.	3e2b2bd6-9047-5ff4-93e2-43766f32d5af	43	34
Tom ha detto a Mary di non farlo.	Tom told Mary not to do that.	e20a6934-3b86-5875-8225-241b9b5e1870	33	29
Tom disse a Mary di non farlo.	Tom told Mary not to do that.	e46d082d-7d88-5dba-8fd2-ada6254905ad	30	29
Mi fai impazzire!	You drive me nuts!	f4b145a7-21da-54f1-a8cc-ac535ca38f70	17	18
Mi fa impazzire!	You drive me nuts!	f0bb5eb1-b773-505d-b3ee-5df478aee75f	16	18
Mi fate impazzire!	You drive me nuts!	7f4a7da2-47f1-590a-89c1-6de818185d0d	18	18
Questi sono tutti tuoi?	Are these all yours?	0cbb105c-b972-5c8b-98d5-7c2e67b17cae	23	20
Questi sono tutti suoi?	Are these all yours?	97c67fad-811c-5ad1-8bfe-b1468aa59022	23	20
Questi sono tutti vostri?	Are these all yours?	da9b5b36-30e1-5735-b4d7-e14fddd9176e	25	20
Queste sono tutte tue?	Are these all yours?	7dfdbf89-9f51-578d-861a-d190706eb335	22	20
Queste sono tutte sue?	Are these all yours?	339be684-35e5-5716-bcdc-c746fc19ca20	22	20
Queste sono tutte vostre?	Are these all yours?	05ca902f-decc-594b-97e8-0a23301a8070	25	20
Non dovremmo fare qualcosa per aiutare Tom?	Shouldn't we be doing something to help Tom?	08bf8871-427d-54ef-8f53-22f9c3fae71b	43	44
Non avrei dovuto aggiornare il mio iPhone.	I should not have updated my iPhone.	ea25bfb4-c639-54bc-a8d6-9efef9a8f986	42	36
Ho comprato un dizionario tascabile.	I bought a pocket dictionary.	70bf1098-3cd1-5745-9cba-8111a7161d1b	36	29
Comprai un dizionario tascabile.	I bought a pocket dictionary.	2331f11a-d4d8-57c9-8529-9cdf52b15d04	32	29
Ti serve un buon dizionario.	You need a good dictionary.	c628f719-0066-5048-a791-c375a725d6af	28	27
Vi serve un buon dizionario.	You need a good dictionary.	7cad26dd-15c0-5a16-9b52-c07fd17b6151	28	27
Le serve un buon dizionario.	You need a good dictionary.	6a8b7df6-eba3-5ee4-a390-b7f8d0416d95	28	27
Hai bisogno di un buon dizionario.	You need a good dictionary.	6ec3c42d-65f6-5764-b621-9e0640467b1b	34	27
Ha bisogno di un buon dizionario.	You need a good dictionary.	17e1f48c-31d8-5a94-8402-68c646097e5d	33	27
Avete bisogno di un buon dizionario.	You need a good dictionary.	91dc23c0-1108-5001-ad63-2416ecabce71	36	27
Il mio insegnante ha consigliato quel dizionario.	My teacher recommended that dictionary.	3e508f36-ab74-556b-bc56-15921ee59363	49	39
La mia insegnante ha consigliato quel dizionario.	My teacher recommended that dictionary.	55c96af6-5449-54a5-8e1f-e7690156d459	49	39
Il mio insegnante consigliò quel dizionario.	My teacher recommended that dictionary.	7fea5a87-febb-5680-845f-e3f53c4ffd0a	44	39
La mia insegnante consigliò quel dizionario.	My teacher recommended that dictionary.	b427891e-5418-54e6-915d-d26d5759c1c6	44	39
Ho un dizionario proprio qui.	I have a dictionary right here.	8a961b35-07ea-528b-9359-6b51a0c2b853	29	31
Ho un dizionario proprio qua.	I have a dictionary right here.	dd707fea-c2c1-59fe-bfc9-8e48bd1edb75	29	31
Tom ha comprato un dizionario francese-inglese.	Tom bought a French-English dictionary.	8c365d67-8fac-5367-8528-8cc83b37c1df	47	39
Tom comprò un dizionario francese-inglese.	Tom bought a French-English dictionary.	f40adc4f-521a-56e3-8719-5b7442f92c96	42	39
Tom vuole un dizionario francese-inglese.	Tom wants a French-English dictionary.	05bdd49c-f290-5aa4-851b-2241ba4c6bd1	41	38
Tom ha bisogno di un dizionario francese-inglese.	Tom needs a French-English dictionary.	3f9c8a78-4236-5dfe-8f13-8e087e48107c	49	38
A Tom serve un dizionario francese-inglese.	Tom needs a French-English dictionary.	e072fcbd-113e-5131-8372-60d7129641e1	43	38
Tom ha un dizionario francese-inglese.	Tom has a French-English dictionary.	6e76f147-dfff-5f51-8102-6f027f33524c	38	36
Hai un dizionario berbero?	Do you have a Berber dictionary?	8bfcfad5-7d40-58a4-be73-6ee2c9c7830b	26	32
Ha un dizionario berbero?	Do you have a Berber dictionary?	8fb4c45d-5aec-5597-a5aa-32fbb08bf79a	25	32
Avete un dizionario berbero?	Do you have a Berber dictionary?	266ede27-71d1-5433-8320-a000802ae9c7	28	32
Ha un nuovo dizionario berbero.	He has a new Berber dictionary.	822b772f-09ee-57f3-a07c-845e31212f90	31	31
Il dizionario è sulla tua scrivania.	The dictionary is on your desk.	ad108f33-ee02-5975-ba5c-d20eae88704d	36	31
Il dizionario è sulla sua scrivania.	The dictionary is on your desk.	43fa7bbd-d7a8-579e-8de1-642a55d6cacb	36	31
Il dizionario è sulla vostra scrivania.	The dictionary is on your desk.	d3f902c3-9dae-5819-93e9-c0d7ce9e1c87	39	31
Ho perso il mio dizionario francese.	I've lost my French dictionary.	9e1775f9-8c02-5553-a972-bf8dda04d64f	36	31
Tom vuole comprare un dizionario.	Tom wants to buy a dictionary.	7d959c90-fc12-54dd-add0-2400d7ab1bea	33	30
Ha un buon dizionario berbero.	He has a good Berber dictionary.	fabde008-5067-5251-909c-0d8ddb9f09eb	30	32
Ho un buon dizionario berbero.	I have a good Berber dictionary.	81fc6523-bae8-50d7-9034-dcb7cff78ac2	30	32
Perché usano questo dizionario?	Why do they use this dictionary?	b24a7c4d-6064-5b33-a295-e9115a5ed829	31	32
Perché utilizzano questo dizionario?	Why do they use this dictionary?	419768eb-ad5a-5dda-b730-6d7c902963a4	36	32
Sami ha comprato un dizionario inglese-arabo.	Sami bought an English-Arabic dictionary.	5e01f0bb-46b9-5678-983e-7c343e842262	45	41
Sami comprò un dizionario inglese-arabo.	Sami bought an English-Arabic dictionary.	66cad940-200b-5619-9afb-b61fadfc2eaf	40	41
Ti presterò il mio dizionario.	I'll lend you my dictionary.	7a5ba686-f104-5072-a761-b8eeb8cfd753	30	28
Vi presterò il mio dizionario.	I'll lend you my dictionary.	0bee586c-2d83-5de7-9038-04707e4b1b12	30	28
Le presterò il mio dizionario.	I'll lend you my dictionary.	1c06188b-4921-5715-b025-ec50bd30140c	30	28
Non hai un dizionario?	Don't you have a dictionary?	d7302d03-1b56-58ec-aed4-8c1066ffe2e4	22	28
Non ha un dizionario?	Don't you have a dictionary?	ecb661ad-9589-5bd9-8c99-9b40b78c8e68	21	28
Non avete un dizionario?	Don't you have a dictionary?	0d02abbd-74d8-5c65-97f1-555dd42be3f0	24	28
Usi spesso un dizionario?	Do you often use a dictionary?	582c8bb0-dc8a-5a6c-b559-3537f045e96f	25	30
Utilizzi spesso un dizionario?	Do you often use a dictionary?	1d614924-40fa-573f-82bf-2f6d8effc173	30	30
Usa spesso un dizionario?	Do you often use a dictionary?	1ebff8f3-6743-5983-997e-c7f0a046651b	25	30
Utilizza spesso un dizionario?	Do you often use a dictionary?	edcc8e64-2428-52cf-a118-81988325029f	30	30
Usate spesso un dizionario?	Do you often use a dictionary?	6433cd9b-6abf-572f-af61-f96c69318676	27	30
Utilizzate spesso un dizionario?	Do you often use a dictionary?	a9bef86d-82d9-5cb2-825d-6bebc00add55	32	30
Questo dizionario è aggiornato.	This dictionary is up to date.	433c1088-551b-52de-9ac9-eb83d0c115e4	31	30
Ho un buon dizionario francese.	I have a good French dictionary.	d0a06124-adcb-509b-a4fc-8d6d5128c77d	31	32
Tom mi ha dato un dizionario francese.	Tom gave me a French dictionary.	09a48f5c-37c7-52fc-a9ee-ee087ba1a51c	38	32
Tom mi diede un dizionario francese.	Tom gave me a French dictionary.	ea9754f5-c581-5718-8360-89bc99a609a4	36	32
Piet è davvero un dizionario ambulante.	Piet really is a walking dictionary.	696740f5-3434-5086-80d3-63490b5a628e	39	36
Piet è veramente un dizionario ambulante.	Piet really is a walking dictionary.	af4fc70c-9364-5c3d-8256-95cb0898bb27	41	36
A quale dizionario ti stai riferendo?	Which dictionary are you referring to?	fcfcea08-3610-535f-a342-023eb66a212c	37	38
A quale dizionario si sta riferendo?	Which dictionary are you referring to?	56885acd-da18-57b5-aff1-a2db8702905e	36	38
A quale dizionario vi state riferendo?	Which dictionary are you referring to?	b667dd4a-b79c-58f8-b2dc-44b551aed324	38	38
Non ho bisogno di un dizionario hmong.	I don't need a Hmong dictionary.	24c89a5f-cc01-5711-b467-5a9155052333	38	32
Non mi serve un dizionario hmong.	I don't need a Hmong dictionary.	aef55768-8d68-507d-ad5e-6707e5fc8ab8	33	32
La parola non è nel dizionario.	The word isn't in the dictionary.	22805940-93a2-55a4-94eb-dd0864006df2	31	33
Non riuscivo a trovare il mio dizionario francese.	I couldn't find my French dictionary.	a1787ccf-6be1-5691-8021-d1b264e8baf1	50	37
Sto cercando il mio dizionario berbero.	I'm looking for my Berber dictionary.	56266b30-f6aa-58c9-84b9-f51e9e1524f7	39	37
Vorrei un dizionario berbero.	I'd like a new Berber dictionary.	82e84744-5571-5489-bc48-8b17fc2d9a67	29	33
Non ha quel dizionario berbero.	He doesn't have that Berber dictionary.	e96d3945-7dcc-57df-bcca-db917b7b2b93	31	39
Non riesco a trovare il mio dizionario francese.	I can't find my French dictionary.	ba14b6f5-af74-5941-bd08-69cd12c5a274	48	34
Sto cercando il mio dizionario francese.	I'm looking for my French dictionary.	ac320253-9e95-5929-b1f3-5b703d3ba823	40	37
Non riesco a trovare il mio dizionario berbero.	I can't find my Berber dictionary.	2877fa17-5c55-567a-bb8f-bd91bd11b600	47	34
La definizione nel dizionario è diversa.	The definition in the dictionary is different.	24f4a62a-c77e-51b8-a76e-4004dac751bc	40	46
La definizione nel dizionario è differente.	The definition in the dictionary is different.	707905bc-f97a-56ad-bdc3-f4e3b52ed01f	43	46
Devo comprare un dizionareio berbero.	I have to buy a Berber dictionary.	9d43fdbc-02ff-5fe5-b91d-9c6260d8e1f2	37	34
Prenoto questo dizionario berbero per lei.	I book this Berber dictionary for her.	3821c6c2-4a2f-5413-b07b-ec18ad6d7386	42	38
Ha anche comprato un dizionario.	He also bought a dictionary.	e37264f3-1daa-5a74-8dd5-ffa61a5a27cb	32	28
Sei un dizionario ambulante?	Are you a walking dictionary?	ad9199ae-7c12-5054-b860-20af76b6ff49	28	29
È un dizionario ambulante?	Are you a walking dictionary?	08a79ef6-1a9a-5347-9b6a-1f91ee751bb6	26	29
È una scimmia.	That's a monkey.	501fc903-6543-56bb-863f-08e92a77ed8b	14	16
Ho visto una scimmia.	I saw a monkey.	b53f1f8f-7224-5dd9-8f6f-617752d3a9af	21	15
Vidi una scimmia.	I saw a monkey.	27f239e1-666c-59cc-a2ea-855a27b86d7e	17	15
Tom ha una scimmia.	Tom has a monkey.	d119866d-fce2-533a-843d-30a471c06263	19	17
Tom è una scimmia.	Tom is a monkey.	7dfefe42-9ea0-5dd2-8f9b-50f866cfe5d9	18	16
Una scimmia mi ha morso.	A monkey bit me.	02b4806f-79f9-5528-a986-0a93c7da7bfe	24	16
Una scimmia mi morse.	A monkey bit me.	5d184142-988d-594c-8eb2-a4a8cf575e39	21	16
Sami ha una scimmia.	Sami has a monkey.	67e17ff7-2ed6-581c-a6e1-c54907a48da6	20	18
Si comporta come una scimmia.	He behaves like a monkey.	50c6b612-8b5b-59c7-b3b1-ac457894869f	29	25
Non è una scimmia.	That isn't a monkey.	b858511f-736d-57d8-bac1-79dfaf58e203	18	20
Sembrava una scimmia.	He looked like a monkey.	bc23c398-833b-51f9-9888-47869b0439f8	21	24
Il dottore è una scimmia!	The doctor is a monkey!	8e257586-cdb9-5602-8bc0-cf47cb1f636e	25	23
Sta imitando una scimmia.	He is imitating a monkey.	a5f44be0-d181-5eb2-8099-86e73b9b5a11	25	25
L'ultima scimmia annega sempre.	The last monkey always drowns.	abc29aec-6428-53e1-8379-93aea1b1d22e	31	30
L'uomo discende dalla scimmia.	Man is descended from the monkey.	ea6e0907-171b-5384-b506-738c230a0a67	30	33
Sei l'unica scimmia qui.	You're the only monkey here.	16c2286c-416f-59e3-86c1-d0f5d0fe328c	24	28
Sei l'unica scimmia qua.	You're the only monkey here.	3fb61873-d7ac-5560-896c-114fa5075326	24	28
Devi avere visto una scimmia.	You must have seen a monkey.	5847ad25-3d8c-5c2e-8bd2-4eaae583801f	29	28
Deve avere visto una scimmia.	You must have seen a monkey.	4e21053a-079c-5062-af03-a4c2616f90ba	29	28
Dovete avere visto una scimmia.	You must have seen a monkey.	84e38c21-e639-5eed-9090-9400d8d2719c	31	28
Non hai visto la scimmia.	You haven't seen the monkey.	100cb3b5-5204-5833-bfa5-4b15ac572204	25	28
Non ha visto la scimmia.	You haven't seen the monkey.	bad5e6b6-81e3-5510-99e4-f18814bfe06b	24	28
Non avete visto la scimmia.	You haven't seen the monkey.	218df21d-ac8c-5a1d-a72a-d6e4c7651f3a	27	28
Mary è davvero divertente, vero?	Mary is really funny, isn't she?	a1aa6e9c-4eb2-54d7-b31d-7d2a84a898c3	32	32
Mary è veramente divertente, vero?	Mary is really funny, isn't she?	5e3b184f-653d-55a1-a92b-3ad4afef3eed	34	32
Mary è con i suoi amici.	Mary is with her friends.	9b9a1588-905a-5c35-beef-08edd040a923	24	25
Mary è con le sue amiche.	Mary is with her friends.	b00694e1-ec12-54fd-9dda-d65069a1159c	25	25
Mary sembra essere pronta.	Mary looks like she's ready.	11be6922-05a8-542b-a1f4-dc930bc175c0	26	28
Mary se ne va l'anno prossimo, vero?	Mary is leaving next year, isn't she?	17271f77-eda6-5017-888c-e8906d82d36f	36	37
Sono stato morso da una scimmia.	I was bitten by a monkey.	4ae18fa3-860a-523e-98a2-052afda5c66d	32	25
Fui morso da una scimmia.	I was bitten by a monkey.	ebabac7c-e6c5-5f8a-91b4-aed981e6a954	25	25
Fui morsa da una scimmia.	I was bitten by a monkey.	826f53bb-c467-5615-87c8-795452430eff	25	25
Sono stata morsa da una scimmia.	I was bitten by a monkey.	93601867-5d93-5d14-887c-c3853b676edc	32	25
Mi hai appena dato della scimmia?	Did you just call me a monkey?	b0dd73b7-e233-5385-b880-d1912573932a	33	30
Mi ha appena dato della scimmia?	Did you just call me a monkey?	ffec69c3-5f41-56c3-9471-0d953a3c98b8	32	30
Mi avete appena dato della scimmia?	Did you just call me a monkey?	d0a32f3a-c000-563a-bf3a-67b08c864bac	35	30
Lavoriamo!	We work!	fdf5268e-0c09-5489-a47c-7a20dc8aed45	10	8
Noi lavoriamo!	We work!	572c7b41-6bf4-5e49-95fa-7f5f81c64972	14	8
Lavora ancora.	Work again.	9f78ee13-f882-5fea-a529-20c0e4bab563	14	11
Lavorate ancora.	Work again.	2503a157-56c3-5ab6-b912-a5c72682775f	16	11
Lavori ancora.	Work again.	e9d9bc98-c480-510a-98e6-4cd8d75142cc	14	11
Lavora di nuovo.	Work again.	f385c009-a68d-53f9-823a-016515f544c7	16	11
Lavorate di nuovo.	Work again.	e0b2a18e-5a00-5a2b-ac37-9a185acebfa6	18	11
Lavori di nuovo.	Work again.	a1d79492-731d-5827-96d8-6e553fc320f2	16	11
Inizia a lavorare.	Begin work.	eb46dacd-6b3b-5c5a-8491-353a8cd3684c	18	11
Inizi a lavorare.	Begin work.	c509cc60-dc3e-5ba3-a707-0f121eae6fff	17	11
Iniziate a lavorare.	Begin work.	18f1b6d8-9d59-57e7-8892-0ed52f300124	20	11
Comincia a lavorare.	Begin work.	32be95ff-1134-57b7-aa4d-18029fdf84fc	20	11
Cominci a lavorare.	Begin work.	73c2b3c2-9547-5035-9579-1c0ef5d8a2d2	19	11
Cominciate a lavorare.	Begin work.	f50054b5-3cf9-51af-88dd-f0628fb80257	22	11
Lavorate assieme.	Work together.	a514971a-1e48-59b2-9085-4af241e5f7e6	17	14
Abolisci il lavoro.	Abolish work.	4927369f-25f8-5fe9-aa8f-a1b722093fa7	19	13
Abolisca il lavoro.	Abolish work.	b63e69f8-702c-5167-8f57-30e0a7c21ae9	19	13
Abolite il lavoro.	Abolish work.	13def40d-c12f-57bc-9a5f-36efde6cc935	18	13
Altro lavoro?	More work?	193eb2ec-0ce5-5497-baa4-9cdda498c904	13	10
Lavora moralmente!	Work morally!	7fd4b42d-1d60-5941-a57a-088c28e3c898	18	13
Lavorate moralmente!	Work morally!	7b088c96-0b90-5b14-8d33-80c37c601498	20	13
Lavori moralmente!	Work morally!	2b6f7c6d-8ade-5789-b313-d0ad2c68ba1e	18	13
Il lavoro è duro.	Work is hard.	b4b3e6cc-05d5-5220-9d85-00107bcc05b4	17	13
Il lavoro è difficile.	Work is hard.	74c7445c-e0b3-51a1-a4e9-b76f301b3ed0	22	13
Il lavoro diventa difficile.	Work becomes difficult.	f646df3f-af9b-5bb2-936d-3b950ad33c1b	28	23
Lavora con me.	Work with me.	eb2c2762-2941-512a-92ce-8040e50acf01	14	13
Lavorate con me.	Work with me.	62f21e4a-6c74-51ba-85b3-a870c06ed36a	16	13
Lavori con me.	Work with me.	74fe938d-b97c-5bdf-87a9-eddf0e6f903d	14	13
Questo funziona?	Does this work?	8ad915cd-6c59-5136-a9ec-fd885358e2f8	16	15
Tom ha il lavoro.	Tom has work.	9a6551a4-5f17-5e8b-92e1-aa05bec16ded	17	13
Domani potrebbe andare bene.	Tomorrow could work.	4b328ec4-9f96-5876-80c9-93d4f7d800f9	28	20
Lavorerai.	You'll work.	055eb446-c348-5be2-acf1-d996beeb9a8d	10	12
Lavorerete.	You'll work.	ca153605-4ac9-5f7b-8ae0-4eaae3117f8a	11	12
Com'era il lavoro?	How was work?	e3a31ac9-1513-544b-8f52-71267111226a	18	13
Com'è stato il lavoro?	How was work?	2eb8f008-1325-5e33-92c7-b4d54cdb3d2e	22	13
Voglio del lavoro.	I want work.	da9d8dc4-830f-5c91-add0-818c3593e662	18	12
Volevo del lavoro.	I wanted work.	0c87f451-023f-5de1-99a4-33a56acae2f8	18	14
Possono lavorare.	They can work.	2528be5b-3c3a-520f-98ed-e39b899c1512	17	14
Possiamo lavorare.	We can work.	32d250db-fbb4-550e-a5f7-2bd3e035e69f	18	12
Rima può lavorare.	Rima can work.	a3d619aa-26b3-5828-99d5-8a80294d69eb	18	14
Può lavorare.	He can work.	994b8f91-119c-590d-996f-30de106393ff	13	12
Puoi lavorare.	You can work.	8ab5ef41-e300-5485-84b1-6a06b50adc90	14	13
Potete lavorare.	You can work.	a2ab76dc-1635-5da4-8d78-7f292ad481bf	16	13
Lavorano all'aperto.	They work outside.	d0307f84-1b8d-530e-aef6-6a109e6285a2	20	18
Lavoriamo all'aperto.	We work outside.	40bfc768-c8ab-53b1-8dc0-58b9b81e7f31	21	16
Lavoro all'aperto.	I work outside.	1119ac4a-2dc0-56a9-bdd3-c3370b353a00	18	15
Lavoro lì.	I work there.	1e7ec585-c446-505c-b15f-e18108ec0363	10	13
Lavoro là.	I work there.	03a4c284-37bb-5831-9f9e-acf1a6ea3a9f	10	13
Ziri può lavorare.	Ziri can work.	dc8dc756-88e5-5f63-9f3c-e621502977d5	18	14
Lavoriamo domani.	We work tomorrow.	e11d88cc-65f2-5ebb-91d8-075ee30b3465	17	17
Noi lavoriamo domani.	We work tomorrow.	7a64f583-aa2e-50ff-b435-5063c5973135	21	17
Lavoreremo domani.	We'll work tomorrow.	a0eb8baa-02dc-5331-8c3a-9c19e58eb186	18	20
Noi lavoreremo domani.	We'll work tomorrow.	c3ebb16f-9b88-58ea-a206-b39bb586c2de	22	20
Vieni al lavoro.	Come to work.	ae160b4d-bd00-5784-9971-d1157c4bd1d3	16	13
Venga al lavoro.	Come to work.	5e3bb516-b573-5183-b25d-0ec75b278ee5	16	13
Venite al lavoro.	Come to work.	bf6a3875-4834-5696-8a95-77598b1ef183	17	13
Vieni a lavorare.	Come to work.	919991b0-b2fc-5e1f-b9de-824494c5d87a	17	13
Venga a lavorare.	Come to work.	cf3e42d0-d85d-516c-b0d1-d1ee3ac23127	17	13
Venite a lavorare.	Come to work.	0f6b72e4-943c-50a9-8588-f0a504fda2b4	18	13
Lascia lavorare Tom.	Let Tom work.	844d39ae-9f34-51f6-8290-107e06674831	20	13
Lasci lavorare Tom.	Let Tom work.	93f18635-2431-564b-870f-f7979a7a2a56	19	13
Lasciate lavorare Tom.	Let Tom work.	91918cf3-2448-57d3-b086-930cdf88fd26	22	13
Lavoro a turni.	I work shifts.	2de88a4d-c4b6-5e03-b084-f2b10ae619a3	15	14
Io lavoro a turni.	I work shifts.	325d457e-2714-5e58-ae34-63c376caccb6	18	14
Buon lavoro, Tom.	Good work, Tom.	41d7c458-b84a-5096-b9e9-8b47ab9a054c	17	15
Lavoro part-time.	I work parttime.	8cd03a43-44d6-524f-9e3d-d20f84f30b38	17	16
Io lavoro part-time.	I work parttime.	1fcdb421-f740-5f31-b127-d098ffda01da	20	16
Funzionerebbe.	That would work.	6fbdd7ef-243f-53e1-ab48-26f022ab8c24	14	16
Quello funzionerebbe.	That would work.	558f7b0b-92be-5510-a7ef-7ab09e238b4a	21	16
Lavoro da solo.	I work alone.	d345105f-be2a-5a43-bdb8-5df0e0512e68	15	13
Lavoro da sola.	I work alone.	784399aa-eac9-55c1-9b20-8082b8a32abd	15	13
Gli uomini dovrebbero lavorare.	Men should work.	0eeabe7d-ef14-5b9b-902e-eca15c059462	31	16
Funzionerà ancora.	It'll still work.	31a07430-058c-54dd-818b-b2fc645fe658	18	17
A Tom piace il suo lavoro.	Tom enjoys his work.	3ab08aca-6aab-5971-ab56-10f120c25d1f	26	20
Lui lavora qui?	Does he work here?	445ac996-8b91-55ec-83db-ec53eea7c7bd	15	18
Lavora qua?	Does he work here?	54aacfd8-8226-5f3f-a3cd-cf9d380a455c	11	18
Lui lavora qua?	Does he work here?	304d5366-c551-5be6-a806-f07104914f5f	15	18
Il mio lavoro è monotono.	My work is monotonous.	fb0bc8d6-dded-5da4-a1b9-2cd1af93c4fb	25	22
Lavora, non parlare!	Work, don't talk!	99ec22a8-7d53-5927-9496-7d661ddced39	20	17
Lavorate, non parlate!	Work, don't talk!	844666c3-1f43-5472-84aa-67860796495e	22	17
Lavori, non parli!	Work, don't talk!	a7534535-4f35-5e18-a38a-dae78b2014ef	18	17
Non contribuisce in alcun modo alla casa.	He doesn't contribute anything to the household.	fcda2729-91d0-5883-a9ed-b8d4f93713c7	41	48
Per la sua famiglia è frustrante vederlo oziare.	It's frustrating for his family to see him idle.	12c87a7e-1ef4-53c0-a992-b3d81e285a11	48	48
Sogna il successo ma non ci mette nessun impegno.	He dreams of success but puts in no effort.	06c34b90-0954-534f-9e93-4164e96521e3	49	43
Si preoccupano costantemente del suo futuro.	They worry about his future constantly.	360ef8bc-c68c-5c9c-b48a-4d14ab013338	44	39
Passa le giornate a giocare ai videogiochi.	He spends his days playing video games.	ab3dfb6b-f9f8-57e2-b4f5-12e7f00321ba	43	39
Le conversazioni con lui sono spesso unilaterali.	Conversations with him often feel one-sided.	e24f9d37-7ad4-5ef0-bd0f-eda0bb281776	49	44
Raramente aiuta nelle faccende domestiche.	He rarely helps with chores.	720fa1ad-fd11-5c88-96d7-3f0e0880460c	42	28
La sua famiglia spera che trovi la motivazione.	His family hopes he'll find motivation.	d9d28737-fb85-541a-a369-7f86a53db038	47	39
Mary si abbottonò il cappoto.	Mary buttoned up her coat.	bd92260c-8ba7-5827-b266-25e4ea85b069	29	26
Mary dice che non può vincere.	Mary says she can't win.	956da28f-e953-52f5-8e5e-28fbd63bc0e0	30	24
Mary dice che non riesce a vincere.	Mary says she can't win.	261a8718-9b60-56d5-8623-394aeae1f4b9	35	24
L'ultima volta che ho visto Mary era con Tom.	The last time I saw Mary she was with Tom.	f11a750c-9144-5061-8f64-3a072312c114	45	42
Mary mi ha detto che si sentiva offesa.	Mary told me she felt offended.	f82aad28-b65d-59fa-971a-e998cc73946a	39	31
Mary mi disse che si sentiva offesa.	Mary told me she felt offended.	d4afda70-0466-5927-93bb-6b7051cf252c	36	31
Mary voleva che le leggessi una storia.	Mary wanted me to read her a story.	90a4dde9-56d0-5ebc-a291-669c129743c4	39	35
Mary ha detto che non era addolorata.	Mary said she wasn't in pain.	d4089f10-2ef7-5a6f-8b0c-d1c411e6ec3c	37	29
Mary disse che non era addolorata.	Mary said she wasn't in pain.	6405b005-bdd2-5daf-ab06-efec8f416089	34	29
Mary non sembrava sicura delle sue risposte.	Mary didn't seem sure of her answers.	03bad436-6788-5b42-8610-0f045bee71ac	44	37
Mary non ha mai lavato la sua macchina.	Mary has never washed her car.	3e70c0d9-8c5e-56c5-808b-1e50b2c1e8f3	39	30
Mary non ha mai lavato la sua auto.	Mary has never washed her car.	c51495cc-1784-5d24-b81f-51069cf5c677	35	30
Mary non ha mai lavato la sua automobile.	Mary has never washed her car.	ec06ce8b-157a-56b6-93c5-437bfb9a0a5b	41	30
Mary è una ballerina di danza classica, vero?	Mary is a ballet dancer, isn't she?	d414b68c-feb4-5bf1-8972-44726ebda247	45	35
Mary sta facendo quello che può.	Mary is doing what she can.	e6d36c32-0436-5fd7-bc97-458095041b18	32	27
Mary sta facendo quello che riesce.	Mary is doing what she can.	0dd82252-9084-50bd-867f-73b9a6a7e968	35	27
Mary è brava in quello, vero?	Mary is good at that, isn't she?	cc94f6b4-eb3f-528c-bd54-81723f6e3f6e	29	32
Mary sa che vogliamo che vinca?	Does Mary know we want her to win?	b02d5e4d-0e0c-5b17-a1fd-dd718245cad9	31	34
Mary lo sa che vogliamo che vinca?	Does Mary know we want her to win?	3a6fc88d-287d-5bef-9630-61753b7c14a3	34	34
Mary pensava di essere più intelligente di Tom.	Mary thought she was smarter than Tom.	4aebed82-fe38-5ab1-8ad7-c15d20472934	47	38
Mary mi ha detto che parlava il francese.	Mary told me that she spoke French.	04b8140c-23bc-50ed-b54d-c2e3c1b270a8	41	35
Mary mi disse che parlava il francese.	Mary told me that she spoke French.	78cfeabb-16e1-52c9-9218-553f4ef7cda3	38	35
Mary ha promesso che ce lo avrebbe detto.	Mary promised that she would tell us.	15a417e3-9a48-5cc1-bd44-47b298cb4f14	41	37
Mary promise che ce lo avrebbe detto.	Mary promised that she would tell us.	9140f655-ce65-584e-b708-e3b28947080e	37	37
Ho chiesto a Mary cosa voleva per Natale.	I asked Mary what she wanted for Christmas.	f8518e12-21fc-5884-b07a-719615fc846e	41	43
Ho chiesto a Mary che cosa voleva per Natale.	I asked Mary what she wanted for Christmas.	4c4fea30-034f-516d-b808-09e55966065b	45	43
Chiesi a Mary cosa voleva per Natale.	I asked Mary what she wanted for Christmas.	1bdfcb7a-c00d-50e0-a4cd-23eb455791d7	37	43
Chiesi a Mary che cosa voleva per Natale.	I asked Mary what she wanted for Christmas.	a59a62a2-d6b6-5337-aedd-b83e58121220	41	43
Mary è molto stanca ora, vero?	Mary is very tired now, isn't she?	f0770755-82b0-53d0-a914-8155b09bc4c1	30	34
Mary è molto stanca adesso, vero?	Mary is very tired now, isn't she?	951ea498-42f4-5638-bc4f-4cad66b6e70b	33	34
Mary dice che non si sta arrendendo.	Mary says she isn't giving up.	8a33ee7e-8350-512e-81e9-b844e861c98b	36	30
Se vuoi che aiuti Mary, la aiuterò.	If you want me to help Mary, I'll help her.	989b948d-be9e-5b4b-9adb-0a636dd6efdb	35	43
Se vuole che aiuti Mary, la aiuterò.	If you want me to help Mary, I'll help her.	dc2f001d-1a16-5b35-8f1c-c582fe0326ba	36	43
Se volete che aiuti Mary, la aiuterò.	If you want me to help Mary, I'll help her.	1c4c1f24-2f0c-5219-b694-6ce7dfa080ce	37	43
Mary ha detto a Tom che voleva farlo.	Mary told Tom she wanted to do that.	ec1d100e-ad76-5f79-95af-230c23241319	37	36
Mary ha detto a Tom che lo voleva fare.	Mary told Tom she wanted to do that.	61e510bd-ef5d-5579-9fa0-8b6746a044d7	39	36
Mary disse a Tom che voleva farlo.	Mary told Tom she wanted to do that.	c14cff06-2805-5b38-9041-9672f4ae64f6	34	36
Mary ha giurato che lo avrebbe fatto.	Mary swore she'd do that.	f17b2221-e4a6-5ec9-9ce5-19acb74f844a	37	25
Mary giurò che lo avrebbe fatto.	Mary swore she'd do that.	8f9a7311-ec65-58d3-9de6-187b0800a234	32	25
Mary si fissava le mani.	Mary stared at her hands.	1027ac4c-31a8-5dde-9f24-5a7b06754913	24	25
Mary deve avere finito il suo lavoro presto.	Mary must've finished her work early.	0e8486ce-4fdb-51c9-abda-1fd9f605bc5b	44	37
Mary disse a Tom che lo voleva fare.	Mary told Tom she wanted to do that.	19261e6c-8b1e-5880-977a-e882de659d47	36	36
La verità si trova spesso in luoghi inaspettati.	The truth can often be found in unexpected places.	108b1b91-90ac-5d9e-857c-f1183513f313	48	50
La verità sul tempo è che non aspetta nessuno.	The truth about time is that it waits for no one.	f7b63700-d99a-5543-b0f8-591b730b1534	46	49
È solo nel suo appartamento.	He's alone in his apartment.	04b1d9e9-04ad-56c8-8f9a-13d04e9bc8ef	28	28
Abbi rispetto!	Have respect!	765b3dad-bcb5-59c0-a448-6292455212ba	14	13
Abbia rispetto!	Have respect!	51ca11ee-4419-53f9-8a21-66a11658d9e2	15	13
Abbiate rispetto!	Have respect!	cbf70256-037c-55f8-86b5-13823fd5c1db	17	13
Merito rispetto.	I deserve respect.	d583d34b-2741-5e34-99ee-e3ca2d0bcfe1	16	18
Io merito rispetto.	I deserve respect.	c7e69bf8-c0c1-5c77-9073-3d6df4dd964f	19	18
Tom merita rispetto.	Tom deserves respect.	6c2a3821-5372-5de5-83f3-96303bf9d6b8	20	21
Meriti rispetto.	You deserve respect.	ab5a9d0b-ca75-50f8-9007-42ffb2297cc8	16	20
Tu meriti rispetto.	You deserve respect.	15ef6bbf-1da5-5223-a2b7-db6821d282f3	19	20
Merita rispetto.	You deserve respect.	fdd8c71a-3da8-5d4f-a7c1-40a58441855e	16	20
Lei merita rispetto.	You deserve respect.	700cf436-52fb-5528-bc32-ec843774581f	20	20
Meritate rispetto.	You deserve respect.	3f0e2639-1c27-5c21-9158-a9b9d8b7ef22	18	20
Voi meritate rispetto.	You deserve respect.	a1450d62-1683-597e-87ef-20c62be68485	22	20
Il rispetto si guadagna.	Respect is earned.	fa291b95-d84d-53fa-ae75-f01c1ec22f28	24	18
Il rispetto è guadagnato.	Respect is earned.	3829a8d8-cac8-56c3-80ce-077c89107720	25	18
Le persone rispettano Tom.	People respect Tom.	616b26c8-b3a8-5d83-8dff-c6738cee83bc	26	19
La gente rispetta Tom.	People respect Tom.	2ab5ad9b-6d62-55b6-9925-48a538790555	22	19
Rispettano le persone.	They respect people.	862e0c02-64af-53b8-8da6-275f0255559e	22	20
Loro rispettano le persone.	They respect people.	b457f036-d147-57a3-8c9f-cea7d6a0ec14	27	20
Rispettano la gente.	They respect people.	83669c75-b047-5d68-af10-ae03b27f8cc2	20	20
Loro rispettano la gente.	They respect people.	9ff4bfae-1b29-5657-9ff7-4eee37c73b37	25	20
Rispettiamo le persone.	We respect people.	2f7362b2-bf88-5aea-ba7e-2704a9c7a64a	23	18
Noi rispettiamo le persone.	We respect people.	ec61f81a-7e7e-5a59-a336-15328ff54516	27	18
Rispettiamo la gente.	We respect people.	5c62c438-f813-5352-a7c9-ff99d5416dbd	21	18
Noi rispettiamo la gente.	We respect people.	85586f48-b2b9-522f-91cd-03796588168b	25	18
Rispetto le persone.	I respect people.	7f62c645-edb8-5ba6-9d49-5c13342a4fc1	20	17
Io rispetto le persone.	I respect people.	e70fbea7-9ca5-51fe-b37d-b0521c9a0be5	23	17
Rispetto la gente.	I respect people.	36a7c41e-17b1-5f7c-aa14-71c62031daa6	18	17
Io rispetto la gente.	I respect people.	49b95a29-70d7-5718-a755-7b8f649e1b91	21	17
Meritavano rispetto.	They deserved respect.	c0d3ef88-99c9-54df-bef2-5221275715ce	20	22
Loro meritavano rispetto.	They deserved respect.	794cef54-b876-5421-bda8-9c3af75cb788	25	22
Rispetta il tuo capo.	Respect your boss.	d9645edb-644d-5abd-94ef-dbaa33ec2c32	21	18
Rispetti il suo capo.	Respect your boss.	bae321c0-3008-5733-8a28-1a36bbe4a36b	21	18
Rispettate il vostro capo.	Respect your boss.	4c3128a5-cfc3-5c10-88aa-69984de0b7cd	26	18
Rispetta i tuoi genitori.	Respect your parents.	c57862cd-d78b-5c1e-99de-ba3e539d9165	25	21
Rispetti i suoi genitori.	Respect your parents.	8ce471de-9fe5-5904-a69a-71d762976d43	25	21
Rispettate i vostri genitori.	Respect your parents.	4690f04d-3743-5f8c-bcfd-b5fc204ca762	29	21
Rispetta le regole.	Respect the rules.	418050d8-5fe0-5ff2-b6bb-7482fe1e8d7a	19	18
Rispetti le regole.	Respect the rules.	028d7406-9d90-50b1-a93e-10f5301a4364	19	18
Rispettate le regole.	Respect the rules.	7c98de76-3078-559b-9741-6805244ea67e	21	18
La tua costante indecisione è estenuante.	Your constant indecision is exhausting.	6980b27d-f3e5-52b9-88d9-67d04b28955f	41	39
Tutto ciò che faccio sembra frustrarti.	Everything I do seems to frustrate you.	370ee270-7d39-59a9-a02d-618c0ad726be	39	39
Sei cambiato, e non riesco a starti dietro.	You've changed, and I can't keep up.	f502381b-9cd2-5a13-a92e-33ded00e384f	43	36
Il silenzio tra di noi è assordante.	The silence between us is deafening.	437c5698-5944-5090-a6f7-2189d8c4a1bd	36	36
Fa male vederti lottare senza sapere perché.	It hurts to see you struggle without knowing why.	1cc057e4-7b73-5146-8c8a-2ff0a5c7a672	44	49
Ho provato di tutto, ma mi sento perso.	I've tried everything, but I feel lost.	8fe82c24-41e3-5e8d-bc32-0b5ff8bd452d	39	39
Vorrei sapere come aiutarti a trovare chiarezza.	I wish I knew how to help you find clarity.	94961d61-9f71-5128-9210-755e7c3389a1	48	43
Voglio che andiamo avanti, ma non so come.	I want us to move forward, but I don't know how.	3b09a437-f7a7-5ae3-8e8a-8613b3d6f9b1	42	48
Rispettiamo la tua opinione.	We respect your opinion.	1257a8ec-2845-59b1-9140-d1f336c4f018	28	24
Rispettiamo la sua opinione.	We respect your opinion.	a08eb965-9cc2-54ac-9e40-449394c07015	28	24
Rispettiamo la vostra opinione.	We respect your opinion.	9d613dae-4a5e-57ed-a65f-04c4689d4860	31	24
Marie ha affamato i cani.	Marie has starved the dogs.	6de6c0b6-9828-5a59-9f43-f4c7c8025fa4	25	27
Tom non ha affamato i cani.	Tom hasn't starved the dogs.	a9f2eb12-cbf0-517a-9e9f-a132a5127d13	27	28
Aggiungi dei dettagli.	Add details.	7e2df1fb-2a3f-5d53-bba0-d029c6f8457a	22	12
Aggiunga dei dettagli.	Add details.	7671c31d-848e-5d46-ba2a-3e6631c173e6	22	12
Aggiungete dei dettagli.	Add details.	4bab6a05-5f6a-54d7-a4d8-6ebd8e351b1d	24	12
Imparare l'inglese è difficile.	Learning English is hard.	9971a625-dfa5-5bd1-b982-ce2b3aa776a7	31	25
Imparare l'inglese è molto facile.	Learning English is very easy.	962016e5-e8f1-5ca0-946d-1eacb49cd429	34	30
Perché la lingua inglese è così popolare?	Why English language is so popular?	d7b1734a-34b9-59da-9b8d-3126af9371d0	41	35
Imparare qualsiasi lingua è divertente.	Learning any language is fun.	c0fa5cf6-217c-56f5-b0e8-fd865cc56958	39	29
Imparare qualunque lingua è divertente.	Learning any language is fun.	75425b14-8545-50df-a8bc-282c2ebe2b51	39	29
È piuttosto urgente.	It's quite urgent.	02408cab-669d-577d-af1d-0456d49581ac	20	18
È arrivata domenica.	She arrived on Sunday.	486f12f5-fcf9-5e91-91a0-e6049dc88ded	20	22
La primavera è finalmente qui.	Spring is here at last.	f64a71bf-7598-5dc5-8c9b-5d630603071d	30	23
La primavera è finalmente qua.	Spring is here at last.	6aeee536-99ce-5ddb-890f-f4e1866a3d2b	30	23
Hai già ringraziato la nonna per il regalo?	Have you thanked Nana for the present yet?	2e721b21-9424-5bfe-898e-e2dc5fc16de1	43	42
Ha già ringraziato la nonna per il regalo?	Have you thanked Nana for the present yet?	026d5eca-34e2-5df7-b096-bf7a5ae19d23	42	42
Avete già ringraziato la nonna per il regalo?	Have you thanked Nana for the present yet?	8eaf0d43-9b21-509f-afa6-d9858e3d7940	45	42
Questo è tutto ciò che rimane delle antiche mura.	This is all that remains of the old ramparts.	a0e8b826-bff4-55ae-963e-48c0fd9ca53f	49	45
Questo è tutto ciò che rimane delle vecchie mura.	This is all that remains of the old ramparts.	05911ab5-f1f7-5c51-88ce-d33441c79773	49	45
Il film era molto lungo e noioso.	The film was very long and boring.	6efd5107-7e17-52d7-943e-acdcd814867f	33	34
Maria è bella e intelligente.	Mary is beautiful and intelligent.	b22a53d7-666b-5f61-ae8d-316cf8f78a0a	29	34
Mostra a Tom un po' di rispetto.	Show Tom some respect.	9dd677ab-67e9-54ad-b97a-e8f4d0631733	32	22
Mostrate a Tom un po' di rispetto.	Show Tom some respect.	75fe7393-bdae-5837-8c44-0739b93910c2	34	22
Mostri a Tom un po' di rispetto.	Show Tom some respect.	460306a5-d06b-5a01-a3be-359023cfdb78	32	22
Tengo tutti i miei vestiti qui.	I keep all my clothes here.	6aa49fa6-1e90-5f35-a470-66ea893b8a54	31	27
Tengo tutti i miei vestiti qua.	I keep all my clothes here.	bd40e4db-ed2b-5a44-8e5c-75f73e8bef02	31	27
I miei vestiti sono scomparsi.	My clothes disappeared.	716448b0-b9c5-5866-b3db-bb11b2e195ee	30	23
I miei vestiti scomparvero.	My clothes disappeared.	b09913ef-3428-5ed1-9d17-2db537cfec9a	27	23
Gabriel ha trovato dei vestiti.	Gabriel found clothes.	afae63fb-f43c-5894-9759-2ffba315cc51	31	22
Gabriel trovò dei vestiti.	Gabriel found clothes.	f7355c1b-84e6-52f6-9797-e9b15847076a	26	22
Tom progetta vestiti.	Tom designs clothes.	5e5cf293-f038-568d-a847-62d41d2cbc21	21	20
Elias progettava vestiti.	Elias designed clothes.	64c921b1-c298-50ce-85d1-d7bd2149cac6	25	23
Lava i vestiti.	Wash the clothes.	114e863e-31d0-5a3c-a38b-863cf4b1584d	15	17
Lavate i vestiti.	Wash the clothes.	60d24a0f-463b-55ed-86b8-f9a55a5a642c	17	17
Lavi i vestiti.	Wash the clothes.	7ce85c0c-6bef-593c-9396-00e7d548dd54	15	17
Io sono Maria	I am Mary.	77a251cb-0fb7-5a1b-9b18-9b5bd804489e	13	10
Lo facciamo sia io che Tom.	Both Tom and I do this.	221b0006-5bc5-557e-b16b-413ed55e4d90	27	23
Nei miei sogni, brillo come una stella.	In my dreams, I shine like a star.	2270876d-198a-5c54-b35f-6431882985bd	39	34
Cammino con grazia, catturando ogni sguardo.	I walk with grace, capturing every eye.	99f2b919-d715-5173-9e34-06b59787d2fd	44	39
I fiori sbocciano ovunque io vada.	Flowers bloom wherever I go.	dc606008-37ec-5dd2-ae12-6e96b57a30f0	34	28
Irradio gentilezza e calore.	I radiate kindness and warmth.	7bfeb238-1c93-553c-a4bd-50eceaddb708	28	30
Abbraccio la mia unicità con orgoglio.	I embrace my uniqueness with pride.	e3aa0717-3737-51e6-806f-a018230506e2	38	35
Ispiro anche gli altri a vedere la bellezza.	I inspire others to see beauty too.	463d836b-e2b6-50e9-8832-86ecf2a7427d	44	35
In cuor mio sono pura gioia.	In my heart, I'm pure joy.	a0317828-7adf-5927-9a5e-e1ab7c46c518	28	26
Io e la natura andiamo a braccetto.	Nature and I are hand in hand.	ee6b12c6-3d2f-53f6-a6b8-85aecbf73bf0	35	30
Credo nel mio potenziale illimitato.	I believe in my limitless potential.	b8aa242c-4dac-50eb-aed7-37c9c4cf0253	36	36
I miei capelli ricadono come seta dorata al vento.	My hair flows like golden silk in the wind.	52b9d74b-53b9-54c4-814a-97380a7b9a58	50	43
Il mio sorriso illumina le stanze più buie.	My smile lights up the darkest rooms.	a85e47dc-430d-5900-b829-01b6043a6920	43	37
Le risate innescano il rilascio di endorfine.	Laughter triggers the release of endorphins.	d4cb1f9d-0d67-5397-904a-e9e7d25d8e44	45	44
Una risata può rafforzare il sistema immunitario.	Laughter can strengthen your immune system.	77f7e9fb-e9fe-5d87-927a-a2ae03299f23	49	43
Sì, capisco!	Yes, I understand!	8d242a7b-868d-585d-ba7b-9474a6f2fe8f	12	18
Sei una fonte di forza per molte persone.	You're a source of strength for many people.	45cac21b-865e-584c-b7fc-74459bd7c69c	41	44
La tua gelosia a volte mi fa sentire soffocata.	Your jealousy makes me feel suffocated sometimes.	a52bb674-6122-573f-8821-41448727f6d5	47	49
La gelosia crea solo distanza tra noi.	Jealousy only creates distance between us.	2d87c942-8782-51e2-9974-1dc28955c94f	38	42
Ci tengo a te, ma la gelosia deve sparire.	I care about you, but jealousy has to go.	9755ed8a-4c21-5106-83e6-30604b524774	42	41
Dammi i tuoi vestiti.	Give me your clothes.	b1426766-efd3-5300-86d0-458829e3d096	21	21
Mi dia i suoi vestiti.	Give me your clothes.	1e1d44ea-ad61-5c93-8948-f9679500c68d	22	21
Datemi i vostri vestiti.	Give me your clothes.	2514fa2f-6a6d-557d-bb67-04feb6a626a0	24	21
Continuo ad aspettare che torni il vecchio me.	I keep waiting for the old me to return.	14554914-edfd-59c2-9e8b-f73aa37a1fa6	46	40
Sembra che il destino abbia altri piani per noi.	It feels like fate has other plans for us.	013adb49-e330-51e8-9b81-7b1bee5c8087	48	42
A volte l'amore semplicemente non basta.	Sometimes love simply isn't enough.	15544839-4670-55c9-99f6-b0151b9f18fb	40	35
Possiamo trovare la felicità altrove.	We may find happiness elsewhere.	33e4ea99-3787-5c01-a011-42cfe45fab63	37	32
L'amore non dovrebbe sembrare una lotta continua.	Love shouldn't feel like a constant struggle.	b486ccd8-8aca-57d6-a9f2-07cb3f867059	49	45
Meritiamo di trovare la persona giusta per noi.	We deserve to find the right person for us.	2882aef6-c4c8-5bcd-a479-79d4f99b622a	47	43
Mary ha detto che non doveva lavorare oggi.	Mary said she didn't have to work today.	51133620-2069-5bd2-93d7-f007787bfe89	43	40
Mary ha detto che era molto dispiaciuta	Mary said that she was very sorry.	87d0d34d-1075-5c75-bd1f-f397e3166bd1	39	34
Mary probabilmente dirà a Tom che è stanca.	Mary will probably tell Tom she's tired.	c19922fb-d03a-5299-90b3-168298c5d76f	43	40
Hai detto a Mary perché deve farlo?	Have you told Mary why she has to do that?	5d765aba-0267-5af9-862b-615dfcd005d9	35	42
Ha detto a Mary perché deve farlo?	Have you told Mary why she has to do that?	2f4cf70a-b6f7-52a6-ad69-6616ce8073a4	34	42
Avete detto a Mary perché deve farlo?	Have you told Mary why she has to do that?	810546ea-c1f7-5fa7-ad78-88296bbb2563	37	42
Hai detto a Mary perché lo deve fare?	Have you told Mary why she has to do that?	499ea8c6-eeee-5076-96fc-0dfaf42d28f1	37	42
Ha detto a Mary perché lo deve fare?	Have you told Mary why she has to do that?	8cb936b8-6691-5b65-a735-e650257322e5	36	42
Avete detto a Mary perché lo deve fare?	Have you told Mary why she has to do that?	d72184af-f98e-5e1b-92f6-705b7af6b906	39	42
Mary sta facendo quello che ama fare.	Mary is doing what she loves to do.	af44d021-0685-587d-8ae7-d87a7b86a4df	37	35
Mary sta facendo ciò che ama fare.	Mary is doing what she loves to do.	0b6eddfc-faa3-5be2-823a-b67d0e5a55a9	34	35
Mary non sembra che si stia divertendo.	Mary doesn't look like she's having a good time.	3d9a3af3-d421-5902-bb15-dd8dc9480b46	39	48
Mary comincerà il suo nuovo lavoro lunedì.	Mary will start her new job on Monday.	f053c433-d537-5616-9521-ef32ff8830d6	42	38
Ho colpito la scrivania.	I hit the desk.	0e4fbba9-e8ee-5693-b04b-4a64b73d053b	24	15
Colpisco la scrivania.	I hit the desk.	80bb2720-c7fb-5d60-9511-311d8c53db5b	22	15
Colpii la scrivania.	I hit the desk.	0127c4a0-1e7c-52bf-a106-1a9316bc72ae	20	15
Tom si è nascosto dietro la scrivania.	Tom hid behind the desk.	276d9d69-bd34-5fb5-a596-281f3453ba74	38	24
Tom si nascose dietro la scrivania.	Tom hid behind the desk.	28e31f56-e4e7-556b-92e9-82453c86ac2a	35	24
Si è nascosto dietro la scrivania.	He hid behind the desk.	e62e370c-4476-58dc-8e66-ba0fd1a57a90	34	23
Si nascose dietro la scrivania.	He hid behind the desk.	aa9c7e94-2d41-5edb-9b69-9db2d58c033e	31	23
Posso usare la tua scrivania?	May I use your desk?	1025fa6c-c013-5f5d-a2eb-cbfe42e8bae0	29	20
Posso usare la sua scrivania?	May I use your desk?	490627d6-bbf9-5cd9-8dc8-a8a76308ec77	29	20
Posso usare la vostra scrivania?	May I use your desk?	971e189f-c078-5403-9af7-cab89ae7fa16	32	20
Posso utilizzare la tua scrivania?	May I use your desk?	18ba3062-b79d-54b6-8adc-f88cd70b9340	34	20
Posso utilizzare la sua scrivania?	May I use your desk?	56f7b734-884c-548c-96df-09ed0dca38cd	34	20
Posso utilizzare la vostra scrivania?	May I use your desk?	024d2739-e3a0-5eb3-bccd-8888e9f0efc9	37	20
La mia scrivania è un casino.	My desk is a mess.	a4447459-ee2e-586a-aba1-c7ccadebe4a2	29	18
Sami è venuto alla mia scrivania.	Sami came by my desk.	f36b5f6d-2b85-5424-b0de-65196804a30b	33	21
Sami venne alla mia scrivania.	Sami came by my desk.	ee9f7a76-1845-5e1c-a3b3-8fdecbae939b	30	21
Tom ha una scrivania in mogano.	Tom has a mahogany desk.	0b6ff09d-3924-5618-ac66-4958ad0e7f61	31	24
Guarda, un mogano!	Look, a mahogany!	163db611-74f0-5322-8a94-9d3cdd1c135f	18	17
Guardate, un mogano!	Look, a mahogany!	078f6d72-800c-5619-bb1e-55bf90e1d577	20	17
Guardi, un mogano!	Look, a mahogany!	0ea0e158-61b7-54f2-9965-5cd58fb05235	18	17
Questo probabilmente è mogano.	This is probably mahogany.	d110486c-c1e9-5148-bf81-2626a3bc6e38	30	26
Ha i mobili in mogano.	She has mahogany furniture.	51b17083-597b-5b53-b565-90513ec274a3	22	27
Yanni ha un tavolo grande in mogano.	Yanni has a big mahogany table.	7d89d56b-11e6-5751-b06c-12dfacb62ce1	36	31
Ho una vecchia scrivania in mogano.	I have an old mahogany desk.	4f984f0a-973b-51a5-bb41-9df1cb816664	35	28
Ho comprato una libreria fatta di mogano.	I bought a bookshelf made of mahogany.	285d6f8b-0330-5d12-9a0d-5bcd735173e0	41	38
Comprai una libreria fatta di mogano.	I bought a bookshelf made of mahogany.	4d1eec78-33e7-5b65-8f0f-4901a1ffdf01	37	38
Tom ha dei mobili molto belli in mogano.	Tom has some very nice mahogany furniture.	42b71e63-1fb0-5965-93c0-85df66ffafc8	40	42
Aveva i capelli color mogano.	She had mahogany-coloured hair.	e82aa063-3e99-5599-996f-684f335ece7d	29	31
Mary mi ha detto che era stata sospesa.	Mary told me she'd been suspended.	1fe4522a-20fa-5eed-9884-34e3d3072826	39	34
Mary mi disse che era stata sospesa.	Mary told me she'd been suspended.	3e739790-1835-5451-9658-0b0fb6213fdd	36	34
Il coraggio cresce quando faccio quel primo passo.	Courage grows when I take that first step.	66485a9e-1457-5c9a-8338-055a32fc84e2	50	42
Ogni piccola vittoria sulla paura mi dà potere.	Each small victory over fear empowers me.	26db3806-8b8b-5b18-8fc9-b3e8c0542524	47	41
Scelgo l'azione rispetto all'ansia ogni volta.	I choose action over anxiety every time.	6e7e3cfb-2843-5098-ab74-f77ccac6de2e	46	40
I miei sogni contano più dei miei dubbi.	My dreams matter more than my doubts.	5580e265-f831-5141-8621-209b68970468	40	37
Riconosco la paura ma rifiuto di farmi trattenere.	I acknowledge fear but refuse to be held back.	5c1814c4-9342-576b-a0bb-cd37fbe21445	50	46
Mary sembrava essere sollevata.	Mary looked like she was relieved.	73128d4b-86be-50b2-ae93-ee18b18b1ae6	31	34
Non permetterò che i “se” dettino le mie scelte.	I won't allow what-ifs to dictate my choices.	6f08843e-f4a9-54c6-bc0c-06ba0c1626e0	48	45
Mary ha detto a Tom che era sfortunata.	Mary told Tom that she was unlucky.	96bb279a-6bd0-541f-bd56-5c6b36ae5ae7	39	35
Mary disse a Tom che era sfortunata.	Mary told Tom that she was unlucky.	c07aa197-40c6-5707-be64-78e32062681d	36	35
Ad ogni sfida divento più forte.	With every challenge, I become stronger.	9d6442a3-ea2c-56e7-8152-215b4b362c25	32	40
Mary è piuttosto organizzata, vero?	Mary is quite organized, isn't she?	6c90eb43-2aa4-58fb-9518-d1e1a74df89a	35	35
Mary sta scrivendo un romanzo, vero?	Mary is writing a novel, isn't she?	9f4d081b-49c6-5f01-a007-a3223ea684a6	36	35
Mary vuole davvero questo, vero?	Mary does want this, doesn't she?	706fe6e4-f2d8-5b69-9fb1-6dd69c9f7897	32	33
Mary vuole sul serio questo, vero?	Mary does want this, doesn't she?	d94df60c-0271-51ff-b429-6ad13e0de05c	34	33
L'unica cosa che temo è di non provarci affatto.	The only thing I fear is not trying at all.	0190102d-860c-5649-8d53-931ccadcc9f1	48	43
Mary ha detto che non era sfortunata.	Mary said that she wasn't lucky.	73071dfe-8166-5088-a260-7ebe3d53ea32	37	32
Mary disse che non era sfortunata.	Mary said that she wasn't lucky.	6b01802e-b4d3-5012-a5bf-601f8d5ddb08	34	32
Mary è venuta con i suoi genitori.	Mary came with her parents.	dded86d7-a77e-5e9e-b05a-7d7bf5124b1c	34	27
Mary venne con i suoi genitori.	Mary came with her parents.	c3a8bfab-58ce-51e7-b0b4-e38cd844c121	31	27
Trasformerò la paura in motivazione.	I will transform fear into motivation.	ac713817-c1e2-563b-9998-5f2d8e89b501	36	38
Mary non sembra essere felice.	Mary doesn't look like she's happy.	932a5b6e-6ebb-54c5-81d7-49ff30a48b3b	30	35
Mary non è ancora all'ospedale, vero?	Mary isn't still in the hospital, is she?	71cf0029-8d11-5cd4-9542-6c8e461030d1	37	41
Il progresso avviene quando supero i miei limiti.	Progress happens when I push past my limits.	b5f62b48-01ac-5621-b8f3-7442b83aff3d	49	44
Mary ha sognato che stava sognando.	Mary dreamed that she was dreaming.	a9618740-b644-50b8-be6a-15e28d7557a7	35	35
Mary sognò che stava sognando.	Mary dreamed that she was dreaming.	79350453-b4e9-5b02-be29-8f9a2e82dba1	30	35
Mi concentro sulle soluzioni, non sulle mie paure.	I focus on solutions, not on my fears.	be02ca4c-1a61-56a5-a99c-366405669906	50	38
Mary non sapeva come poteva aiutare.	Mary didn't know how she could help.	e4820662-413f-59a0-89d1-b37b8abc137b	36	36
Mary è molto obbediente oggi, vero?	Mary is being very obedient today, isn't she?	026fd934-9d03-568d-a599-12915fd22807	35	45
La mela è sulla scrivania.	The apple is on the desk.	c1efcc23-baea-57e6-b436-7f49c567f304	26	25
Tom sarà alla sua scrivania.	Tom will be at his desk.	8fe65200-b91c-5f47-b3b5-7f07eceb1fe4	28	24
Tom ora è alla sua scrivania.	Tom is now at his desk.	561caa80-17d8-5da2-8264-d6ed1d9868bd	29	23
Tom adesso è alla sua scrivania.	Tom is now at his desk.	2f5151c6-0c5b-56e5-bd4e-4057983d0b10	32	23
Non mangiare alla tua scrivania.	Don't eat at your desk.	a521591e-a240-553a-9a16-314930647747	32	23
Non mangi alla sua scrivania.	Don't eat at your desk.	97109da3-21b3-5463-a840-ebb798485669	29	23
Non mangiate alla vostra scrivania.	Don't eat at your desk.	003aee76-d6a6-542d-a8cd-875972d867d5	35	23
Quel libro è sulla mia scrivania.	That book is on my desk.	5187ca50-20da-5018-84f9-74f014be5522	33	24
Oh, quel libro? È sulla mia scrivania.	Oh, that book? It's on my desk.	19a663aa-f9b7-5247-b7ce-af1e4dbe0dd8	38	31
Ziri è tornato alla sua scrivania.	Ziri went back to his desk.	fd8ba024-189b-558f-a79d-b2ea62953d7a	34	27
Ziri tornò alla sua scrivania.	Ziri went back to his desk.	8fb077df-5d84-5f3d-95bd-de32647f5f15	30	27
I tuoi libri sono sulla scrivania.	Your books are on the desk.	7642b612-0076-56f5-bb2b-1ef5880ad261	34	27
I suoi libri sono sulla scrivania.	Your books are on the desk.	88b5521d-ce3f-505e-b026-a667301eda84	34	27
I vostri libri sono sulla scrivania.	Your books are on the desk.	25c2f4ef-2b5a-53f0-b1f3-17e8db0b1a58	36	27
Metti il rapporto sulla scrivania.	Put the report on the desk.	0fda5888-8d12-55c2-a8e6-cd8abecf508d	34	27
Metta il rapporto sulla scrivania.	Put the report on the desk.	af0164d7-ba65-5499-9d0a-88042e09655d	34	27
Devo pulire la mia scrivania.	I need to clean my desk.	153927e8-71bf-5e41-96f9-cbd9ffc48e9a	29	24
Ho bisogno di pulire la mia scrivania.	I need to clean my desk.	7b1e8f22-a831-5fb6-9174-3fa31ae08a2a	38	24
Il DVD è sulla tua scrivania.	The DVD is on your desk.	b2df016e-3593-5282-806c-a72b6f629c42	29	24
Il DVD è sulla sua scrivania.	The DVD is on your desk.	34b53fca-1d92-5e0d-8c29-63b28d7c1fab	29	24
Il DVD è sulla vostra scrivania.	The DVD is on your desk.	f0af0923-3aaf-5a5c-b722-e9007cc4fc95	32	24
Comprerò questa scrivania a Tom.	I'll buy Tom this desk.	557c17ca-6da2-5c83-8109-a9cbdc9858e5	32	23
I tuoi consigli sono spesso saggi e ben ponderati.	Your advice is often wise and well thought out.	70abac42-31f7-5a3e-9270-f701ccd5e44d	50	47
Preferisco la comodità alle tendenze.	I prefer comfort over trends.	e3059f18-caf9-5f59-909d-9a584314da8e	37	29
Il mio stile è del tutto personale.	My style is entirely my own.	f221501a-2510-5445-99f7-4e6986634f36	35	28
Nel mio guardaroba mi concentro sulla semplicità.	I focus on simplicity in my wardrobe.	a0ae6431-9666-5c41-9c02-ac94b89f1c78	49	37
I miei amici sanno che ho un mio senso della moda.	My friends know I have my own fashion sense.	bad7c9b2-bfb3-5563-b331-f875bce7f2a3	50	44
Credo nell'indossare ciò che mi rende felice.	I believe in wearing what makes me happy.	c4c0be9d-75e6-5000-9728-785daee063db	45	41
Apprezzo la moda, ma non ne sono schiava.	I appreciate fashion, but I'm not a slave to it.	0eb33b7f-b6f6-56bf-beb2-406c2ac5b0f7	41	48
Mary non è forte com'era una volta.	Mary isn't as strong as she used to be.	f6070689-c87c-5945-900b-3066ac4ecf51	35	39
Le tue continue critiche mi fanno sentire piccolo.	Your constant criticism makes me feel small.	3347518e-1035-5425-b638-1a72fc353873	50	44
Mi sento solo anche quando mi sei accanto.	I feel alone even when you're beside me.	1c327068-59d4-5976-a857-c81f9619b9f4	42	40
Spesso mi ricordi i miei errori passati.	You often remind me of my past mistakes.	1829d576-6c5c-513d-82be-2435da3cd451	40	40
La tua indifferenza amplifica la mia solitudine.	Your indifference adds to my loneliness.	198d69eb-27a1-597a-ab06-825fab7c6bce	48	40
Sembri dimenticarti delle promesse fatte.	You seem to forget the promises you made.	994d6d3e-3e8a-5087-a40d-4b35b5d4fe4a	41	41
Mary non era in grado di fare quello che voleva.	Mary wasn't able to buy what she wanted.	1e7b15e4-20a1-50a9-9976-2d0cdb7857bd	48	40
Mary non era in grado di fare ciò che voleva.	Mary wasn't able to buy what she wanted.	c013dc35-f415-5b25-9033-e7dd94983adc	45	40
Non è una scimmia. È Tom.	That isn't a monkey. It's Tom.	b507c0b8-3007-546f-9e62-5d97579069fa	25	30
Non è Tom. È una scimmia.	That isn't Tom. It's a monkey.	92bcf347-6fa0-5a24-afed-682ba744b613	25	30
Questa non è una scimmia. È un koala.	This isn't a monkey. It's a koala.	173c12f1-14f2-59fb-abde-8dcdf85313e1	37	34
Il koala sta dormendo.	The koala is sleeping.	e2f69f0a-1bc0-54f2-a863-964c9ccb8a36	22	22
Voglio diventare un koala.	I want to become a koala.	0eb731f8-ca1c-588a-8c9e-938c8680bff4	26	25
I corsi online sembrano utili.	Online courses seem helpful.	12a8a411-e00e-52b2-a99d-ac20e488e197	30	28
La pratica rende perfetti, o almeno così si dice.	Practice makes perfect, or so they say.	f61eb91b-e3b5-54af-bacf-803e9670b421	49	39
È meglio studiare da soli o con gli altri?	Is it better to study alone or with others?	5d53d85f-02c1-57a9-ab0c-bb1bdaed913a	42	43
Come posso rimanere motivato mentre imparo?	How can I stay motivated while learning?	47f297bc-660b-50ec-a4a0-94723f77dbff	43	40
Non beve abbastanza acqua durante la giornata.	He doesn't drink enough water throughout the day.	9afd99fd-4e4a-579b-a12f-042d597ee5ff	46	49
Spesso ignora i sintomi delle malattie.	He often ignores symptoms of illness.	2fd26060-70e9-50b9-8b57-0cbf30c37ee7	39	37
La sua vita sociale è minima e isolata.	His social life is minimal and isolated.	5a7a3774-62e0-5d14-93fb-0d3f2a10fec8	39	40
Si affida al cibo spazzatura per comodità.	He relies on junk food for convenience.	09124d84-dd16-5758-8df6-996988ad246b	42	39
La sua postura è spesso scorretta e dinoccolata.	His posture is often poor and slouched.	72fa85f3-f218-5556-b4be-efbfb2ae21bc	48	39
Nega l'importanza della salute mentale.	He dismisses the importance of mental health.	811f2edb-e9fc-5461-ba39-a970d6eb2be0	39	45
Papa Francesco è morto.	Pope Francis has died.	aa4b3308-e536-53dd-8e1b-491c542316ae	23	22
La violenza genera solo altra violenza.	Violence only begets more violence.	3efa2fed-c435-5684-8dfa-f8b4cfd51e53	39	35
L'orso ruggisce.	The bear growls.	e175f39b-9c12-5a9a-8b1f-c1694156b601	16	16
All'orso piace il miele.	The bear likes honey.	4d1936d8-cbbd-510a-9367-71fc40ae64f0	24	21
Ha sparato all'orso.	She shot the bear.	236fdb8c-34db-50e1-8fcb-a4fdbfe5b197	20	18
Sparò all'orso.	She shot the bear.	6cdae286-435a-56c1-93df-06fbd46e4a0c	15	18
Ho adottato un orso.	I adopted a bear.	385185a8-f41d-5ac2-8d77-6eabae175ed8	20	17
Adottai un orso.	I adopted a bear.	276919fa-c55a-58ff-9489-4acfa01982f7	16	17
Ziri ha sparato all'orso.	Ziri shot the bear.	288fb8b9-45cf-5ac0-840f-d8891ce432c9	25	19
Ziri sparò all'orso.	Ziri shot the bear.	ee54c367-18be-5638-a4a7-1df29eb3140f	20	19
Un orso vive qui.	A bear lives here.	1a3fc77c-d34b-5874-8fda-540476413eeb	17	18
Un orso vive qua.	A bear lives here.	756eeef3-e94c-5995-a0c3-4d523771225a	17	18
Ha sparato ad un orso.	She shot a bear.	eed1acbe-3cb4-5042-8901-9fda75710376	22	16
Sparò ad un orso.	She shot a bear.	7b58ac4a-6969-541a-8162-a53f7e067239	17	16
L'orso ha inseguito Yanni.	The bear chased Yanni.	8f0b5938-183d-57cc-87eb-ae9ba763c50c	26	22
L'orso inseguì Yanni.	The bear chased Yanni.	5f994123-7e06-5920-bdac-799934005c42	21	22
Questo è un orso.	This is a bear.	e15e1471-d42b-514d-9a3d-fe5ef5724ba2	17	15
Il tempo ci scivola tra le dita come la sabbia.	Time slips through our fingers like sand.	ef03d059-35eb-50af-97e8-f80d8d4d39f7	47	41
Tom ha visto un orso.	Tom saw a bear.	22748b80-ba1e-55e5-bbb8-421702bbefb4	21	15
Tom vide un orso.	Tom saw a bear.	2530ce5c-7965-5d94-8052-95da4df1621e	17	15
Tom ha sparato all'orso.	Tom shot the bear.	26999604-c90a-525e-adfe-8a5b098101d5	24	18
Tom sparò all'orso.	Tom shot the bear.	22178892-830e-5a90-857e-f9298c3378e4	19	18
Ogni momento è prezioso e fugace.	Each moment is precious and fleeting.	8a2a9381-9493-5a84-aba6-72a9db1886e5	33	37
L'orso è grande.	The bear is big.	f884c404-9225-5268-8e0d-03dcba8962a1	16	16
Tom ha sparato ad un orso.	Tom shot a bear.	04654645-37bf-5fe8-8720-4ca245e4cfa5	26	16
Tom sparò ad un orso.	Tom shot a bear.	9e45a828-bb30-524c-bdbe-8b12c500a208	21	16
Arktos significa orso in greco.	Arktos means bear in Greek.	6d5afdac-8c0b-5dc6-9860-8dc14a6712c7	31	27
Arktos vuole dire orso in greco.	Arktos means bear in Greek.	726f82f3-08d3-5a3c-8253-7c00d3c9ec5b	32	27
Arktos vuol dire orso in greco.	Arktos means bear in Greek.	16d29210-f7f5-5971-9248-fe96d242428d	31	27
Quest'orso vale milioni.	This bear is worth millions.	af012e03-40f9-51a8-af44-6168b3d4d1bd	24	28
Gli anni volano, lasciando dietro di sé i ricordi.	The years fly by, leaving memories behind.	a309e6d9-c209-5748-8ab8-65bea9ff219d	50	42
L'orso era molto grande.	The bear was very large.	e99aa8fe-abe3-51ef-87bb-ae8d703ce88a	24	24
Dov'è l'orso nero?	Where is the black bear?	8449a182-dff2-534e-8ddf-91831ca0e01e	18	24
La vita è una serie di momenti fugaci.	Life is a series of fleeting moments.	929f1daf-7793-5705-890a-9fa39ffb7b8b	38	37
Gli anni scolastici passano in un attimo.	School years come and go in an instant.	c66c0f0f-7447-5434-96ff-a75fe7499bb9	41	39
Mary è brava, vero?	Mary is good, isn't she?	902eb316-26c4-5189-9f01-ccd311ea1b83	19	24
Mary è buona, vero?	Mary is good, isn't she?	14a6f98d-a8c9-5de9-befa-312b78879da0	19	24
Mary ha detto che non aveva un piano.	Mary said that she didn't have a plan.	141f2999-8028-50ac-bb76-06fd2e0bf517	37	38
Mary disse che non aveva un piano.	Mary said that she didn't have a plan.	f0ff1616-ffe8-540c-8fde-3a39334a5151	34	38
Mary è molto appassionata del suo lavoro.	Mary is very dedicated to her work.	835cfa34-727c-5f30-b35f-868112bce702	41	35
Mary è una tua buona amica, vero?	Mary is a good friend of yours, isn't she?	a45da0ed-8d5e-58c2-9174-58e9ec46421b	33	42
Mary è una sua buona amica, vero?	Mary is a good friend of yours, isn't she?	a63845a2-c3eb-5a0c-a247-e9b611068714	33	42
Mary è una vostra buona amica, vero?	Mary is a good friend of yours, isn't she?	f5f316a9-1a87-509e-af04-609c6dd0eb24	36	42
Goditi il presente; non durerà per sempre.	Enjoy the present; it won't last forever.	b6d03991-1641-57e6-8537-ea113db0c924	42	41
Oleg si è fatto crescere la barba.	Oleg grew a beard.	6e299fbc-cc39-5802-83a9-d380e1431a41	34	18
Oleg si fece crescere la barba.	Oleg grew a beard.	a86cddce-26f6-544c-8b34-682fceed7c73	31	18
Si rade la barba.	He shaves his beard.	2eded6a9-ffc0-5732-915e-cb0170c1e090	17	20
Tom si è raso la barba.	Tom shaved his beard.	eb595a4a-5bb5-5df4-be68-c186f5e791e0	23	21
Tom si rase la barba.	Tom shaved his beard.	0c0cc48f-95ad-5c47-a295-ba46cd64f706	21	21
Mi rado la barba.	I shave my beard.	0d159d98-b978-536e-820a-a9d3e3a895dd	17	17
Mi feci crescere la barba.	I grew a beard.	08f1504b-70ca-5233-968c-98bf49a63812	26	15
Diego aveva una barba leggera.	Diego had a slight beard.	e3555ce7-82fb-525d-83d6-5035117f2a39	30	25
Diego aveva una barba più lunga.	Diego had a longer beard.	99f45d45-31af-5189-a0b7-cb6e2fd9088c	32	25
Diego aveva una barba completa.	Diego had a full beard.	83deac7c-de6a-51e7-9413-0b55f2039fca	31	23
Mi raderò la barba.	I will shave my beard.	4c6cfa37-e35b-5b9d-93cc-1e22cbcb56fb	19	22
Tom ha una barba enorme.	Tom has a huge beard.	a9e00869-8f18-5c06-9ae4-7d5b3f261996	24	21
Il padre si rade la barba.	The father shaves his beard.	fd2c6a68-25aa-590c-a183-5787744c7a66	26	28
Sami indossava una barba finta.	Sami wore an artificial beard.	fdc802b5-8cd9-529c-861c-112b8d316935	31	30
Voglio farmi crescere la barba.	I want to grow a beard.	7134f513-640c-5242-a5c0-dbed8cd4f18c	31	23
Il silenzio può parlare più forte delle parole.	Silence can speak louder than words.	af735390-7bb3-5e55-bc6b-aa054f78cd64	47	36
Scegliere il silenzio dimostra forza di carattere.	Choosing silence shows strength of character.	27b2b371-b17c-518b-b716-55d1d3b26a6e	50	45
Una risposta silenziosa può generare curiosità.	A silent response can generate curiosity.	b04e9862-0a08-5948-80f8-eaaa5a936365	47	41
Parlare meno può portare ad azioni più sagge.	Speaking less can lead to wiser actions.	337d3fc2-0b47-5182-9e3d-68bdf1cb0673	45	40
Mi voglio fare crescere la barba.	I want to grow a beard.	d3f15f6b-5bfd-57d7-a663-b2ffeb12d738	33	23
Tom ha una lunga barba grigia.	Tom has a long gray beard.	1973855a-c547-5d60-b878-fb236c6506aa	30	26
Tom ha iniziato a farsi crescere la barba.	Tom has started growing a beard.	3618cc04-cc7e-5233-be78-7139a7fa6ef9	42	32
Tom ha cominciato a farsi crescere la barba.	Tom has started growing a beard.	03493cd9-7cf3-53e4-b77d-5ba91ae0a7b7	44	32
L'assenza di compagnia a volte è soffocante.	The absence of company is suffocating at times.	ccf546e0-c9e5-5699-994d-9784434a70e1	44	47
Sono cattolico.	I'm Catholic.	843da164-27fb-5b37-a626-109d1ef0e71e	15	13
Io sono cattolico.	I'm Catholic.	2f2aed56-3d56-576a-ba49-0830d0abcf7b	18	13
Sono cattolica.	I'm Catholic.	ac606ae9-4c53-5d48-be7c-ce8b341e101f	15	13
Io sono cattolica.	I'm Catholic.	2b1f0333-b2e3-5de9-84dc-4e0de4eb90ab	18	13
Da solo, la mia mente corre in direzioni oscure.	Alone, my mind races in dark directions.	4876030c-6bb6-5868-bb36-9cb5383558fb	48	40
Il mondo sembra più caldo con gli amici vicini.	The world feels warmer with friends nearby.	60c87917-d976-5ae2-9635-7f038df37908	47	43
Tom ha una corda.	Tom has a rope.	94fcf374-26ab-5790-b41f-55f562063678	17	15
Tom ha una fune.	Tom has a rope.	38dbc7ce-ac45-5591-bdfc-4b21cd0ed8f1	16	15
Ho notato che era costantemente dietro di me.	I noticed he was consistently behind me.	6363fb9e-9cca-5955-8fe5-9687148399a9	45	40
Accelerai il passo, sperando di seminarlo.	I quickened my pace, hoping to lose him.	970852dd-b0b2-5a5a-84eb-ad798e9a4b41	42	40
Sono determinato a lavorare sulle mie carenze.	I'm determined to work on my shortcomings.	a7cd236f-be87-589a-bca1-5e8e76a34127	46	42
Cerco l'autenticità in ogni relazione.	I seek authenticity in every relationship.	bc17dcfa-bb9f-5ff7-a946-1695da680995	38	42
Sono indipendente e conosco il mio valore.	I'm independent and know my worth.	b645be37-eb99-535c-b14a-1186ca0d5959	42	34
Ho bisogno di qualcuno che rispetti i miei limiti.	I need someone who respects my boundaries.	8f19f7e5-fc46-528d-8505-93f7c3d60e2e	50	42
Precipitarmi nelle cose non è nel mio stile.	Rushing into things isn't my style.	713f9ab5-9f6e-50be-9e82-3b9f2635e8e0	44	35
Sto cercando un partner, non solo un compagno.	I'm seeking a partner, not just a companion.	9c5281c0-0320-5089-9402-1b81e931ffc9	46	44
Prese il cesto della biancheria.	He picked up the laundry basket.	9432bebc-5660-57ce-804f-755f5316d60c	32	32
Uno strano sguardo gli attraversò il viso.	A strange look crossed his face.	9892e9e9-7a39-5c4f-8b32-977abd21fe77	42	32
L'odore era inconfondibile.	The smell was unmistakable.	485f7136-4dd8-5726-af02-a2cda3683e97	27	27
Il mio cuore impazzì per la sorpresa.	My heart raced in surprise.	1c622bfd-3a33-5daf-9d54-4928bfb7e269	37	27
Una risata spezzò la tensione.	Laughter broke the tension.	0fc2ffbe-bea4-5300-a92f-780dd78c2761	30	27
Promettemmo di tenerlo segreto.	We promised to keep it secret.	24860211-351b-5595-8db7-66ee5c6bbdd9	31	30
I profumi forti possono evocare dolci ricordi.	Strong scents can evoke sweet memories.	32427e33-04a5-50b8-b30a-1e2a043910bc	46	39
Rispetta i miei spazi.	Respect my space.	e84a49b4-46f1-579d-b383-233c6e6ec281	22	17
Fidati che so cosa è meglio per me.	Trust that I know what's best for me.	c585c181-f9c2-547c-aec2-478da18dd2dd	35	37
Chi ti credi di essere per giudicarmi?	Who do you think you are to judge me?	190c68bf-f090-52b2-a10b-190cd17df61c	38	37
Credo di stare ancora scoprendo la mia identità.	I believe I'm still discovering my identity.	c8a5e875-18b9-5ed3-bccd-1cebfa8ffa3b	48	44
Tutti noi indossiamo una maschera; qual è la tua?	We all wear masks; which one is yours?	eb151f11-ffaa-5a05-8e62-c554acbd1091	49	38
L'identità è fluida, cambia nel tempo.	Identity is fluid; it changes over time.	58ffecc1-fe61-5098-ac06-59a97a186197	38	40
A volte non riconosco chi sono diventato.	Sometimes, I don't recognize who I've become.	e5e4a89c-9b43-5706-a418-3bf5f6604f0e	41	45
Chi ti credi di essere per definire il mio valore?	Who do you think you are to define my worth?	9cd6f002-62b9-5db3-a576-1cf29af5b8e9	50	44
Ogni individuo ha una storia unica da raccontare.	Every individual has a unique story to tell.	ec31f963-0824-5ee9-a714-39527bfb9b10	49	44
Conoscere se stessi è uno strumento potente.	Knowing oneself is a powerful tool.	0d66ffdc-16c4-5fa8-8925-51cc329326f0	44	35
È strano sentire questa domanda rivolta a me.	It's strange to hear that question directed at me.	d03bf3c1-8aaa-5b08-b347-3754b4fc9679	45	50
Chi penso di essere? Solo un lavoro in corso.	Who do I think I am? Just a work in progress.	6c5cec4a-1bb7-535a-a7b1-221f25f7a8b2	45	45
La fiducia deriva dal sapere chi sei.	Confidence comes from knowing who you are.	db5325b8-a267-50f9-9089-02a6f81217b9	37	42
La scoperta di sé è un viaggio, non una meta.	Self-discovery is a journey, not a destination.	7e525806-d10d-564e-8cfa-a47765bf5625	45	47
Sto imparando ad abbracciare il mio vero io.	I'm learning to embrace my true self.	8921627f-2976-5275-ae7e-1b6c140314dc	44	37
Posso non avere ancora tutte le risposte.	I may not have all the answers yet.	7e48bc85-f640-51eb-831c-9a35abe8183e	41	35
Abbiamo chiacchierato del tempo.	We chatted about the weather.	560dfc7f-0075-5c3b-a6de-ec3e8827179e	32	29
Il taxi era pulito e ben tenuto.	The taxi was clean and well-kept.	4c757235-96ee-55e6-90d2-0b5ce42caeb3	32	33
Ho intenzione di ricambiare presto il favore.	I plan to return the favor soon.	44d08c1b-256f-56e6-8212-43d531c0b69f	45	32
È bello avere amici solidali.	It's nice to have supportive friends.	92a07ecb-e2e0-5e7a-9d51-a000ae686899	29	37
Mi ci vorrebbe proprio un panino.	I could really go for a sandwich.	2288aa20-22b5-51a5-99dc-3642c8095e3b	33	33
Mi chiedo se ci siano degli avanzi.	I wonder if there are any leftovers.	409c68ef-b486-5272-ba6a-2eb42d60cde8	35	36
Sono tentato di ordinare del cibo da asporto.	I'm tempted to order some takeout.	e024a16f-95d3-5011-8418-4940273a3871	45	34
Avrei dovuto indossare scarpe più comode.	I should have worn more comfortable shoes.	61f472f7-fcea-5f7e-8d2c-778f7bd2cb02	41	42
Camminare è un ottimo esercizio, ma ho esagerato.	Walking is great exercise, but I overdid it.	f215b43b-45e4-52fc-aadb-dff2369e6ae7	49	44
Domani mi limiterò ad attività più facili.	Tomorrow, I'll stick to easier activities.	c25f9277-ad07-5642-9af1-9df604c0020f	42	42
Le mie gambe implorano una pausa ora.	My legs are begging for a break now.	bca37c11-3147-5f95-b88d-f89f7db16aab	37	36
Mi sento responsabile per tutto.	I feel responsible for everything.	5f76ba2b-1555-5f4f-b4da-b24472c091b8	32	34
Ho avvistato un mulo in fondo al campo.	I spotted a mule at the far end of the field.	0bb26bbf-6585-5dc1-99f0-dccfd72af409	39	45
L'ho rassicurato che sarebbe stato divertente.	I reassured him that it would be fun.	f37acf27-bde7-5fdc-a236-ecd66519b00b	46	37
Ci sistemammo entrambi comodamente sul mulo.	We both settled comfortably on the mule.	0a9539fe-f7bd-5de8-9f8e-d35d9131a0a2	44	40
Sentivo un senso di cameratismo tra noi.	I felt a sense of camaraderie between us.	b1a09730-d2bb-5c6b-9317-f5cb173cb9de	40	41
Ogni speranza che condividevamo mi dava speranza.	Each laugh we shared gave me hope.	dd131d6d-6eeb-56cc-a607-3deb5f0dd55a	49	34
L'ammiravo da lontano, desiderando di più.	I admired her from afar, wishing for more.	ee3abdb7-8bfe-5108-88e2-3cb9ac1b5409	42	42
A volte mi sentivo invisibile in sua presenza.	I felt invisible in her presence sometimes.	a2a37b22-47a5-5efe-b4f3-35ad0b26e502	46	43
Volevo essere il motivo della sua felicità.	I wanted to be the reason for her happiness.	53429c46-ebce-5401-8fc2-2257c3c38250	43	44
Tu hai già lavato la macchina?	Have you washed the car yet?	a7198758-c4c8-5c69-ab76-d503e48c2fa1	30	28
Quante volte posso perdonare lo stesso errore?	How many times can I forgive the same mistake?	99b30e10-ad63-5621-a879-7fb0919a0094	46	46
Sono spesso paziente, ma il tempo stringe.	I'm often patient, but the clock is ticking.	e57c0054-6487-5c79-bcd6-14764087cc9f	42	44
Vuoi un'altra coperta?	Do you want another blanket?	80222413-88fe-55cc-880a-232c0966835d	22	28
Vuole un'altra coperta?	Do you want another blanket?	69204928-a053-5c66-be62-fd5cc4315aa4	23	28
Volete un'altra coperta?	Do you want another blanket?	104a436b-cb46-564b-bf7a-30cac8d660fe	24	28
Ci sono dei limiti alla mia generosità.	There are limits to my generosity.	3076c990-5347-5fe0-a229-0b1a983d71b1	39	34
La pace sia con tutti voi!	Peace be with all of you!	3a0dbaa3-062d-5353-965e-3783632a967e	26	25
Ammiro il loro impegno reciproco.	I admire their commitment to each other.	580d0d7f-d4d0-5677-82c2-ebefb8f48869	33	40
Rispetto la loro scelta di coppia.	I respect their choice as a couple.	29655a76-7681-5e11-be4a-f2b3c3799c14	34	35
Si completano perfettamente a vicenda.	They complement each other perfectly.	9021eaae-88ac-53e8-93b5-7504d98a9c8d	38	37
Sono qui per sostenerli in ogni modo.	I'm here to support them in any way.	5a983d89-abf6-5d90-9fdf-3b4ddaff1b2f	37	36
Hanno preso una grande decisione insieme.	They've made a great decision together.	29a29261-662e-51c2-b3e6-0ff19de257e1	41	39
La loro storia d'amore è solo all'inizio.	Their love story is just beginning.	4521730b-887e-56d4-a4c4-10636e3113a1	41	35
Spero che si sostengano sempre a vicenda.	I hope they always support each other.	ed5b6ed6-ee58-55bb-950e-3aa1fe63f50f	41	38
Possano i loro cuori essere pieni d'amore.	May their hearts be full of love.	a9a506e4-cd80-5168-920a-8e70f6269942	42	33
Insieme, tirano fuori il meglio l'uno dall'altro.	Together, they bring out the best in each other.	becfcb5a-b204-5118-831c-cca83bd4b9d8	49	48
Il loro legame è una cosa bella da vedere.	Their bond is a beautiful thing to witness.	e3a09925-e6ea-50cd-a5e5-43a84baa495f	42	43
Che possano condividere una vita di felicità.	May they share a lifetime of happiness.	6bc0109a-b533-5b9b-86a5-5dbe34331995	45	39
Il loro amore irradia gioia in ogni momento.	Their love radiates joy in every moment.	ef9e9fd9-f6ef-5e39-89b7-3e6cdd7e3720	44	40
Si sostengono a vicenda nel bene e nel male.	They support each other through thick and thin.	02f74425-40da-58d0-b493-9f98f8db8bc6	44	47
L'amore traspare dai loro gesti premurosi.	Love shines through their thoughtful gestures.	eb462052-c0d9-5464-b7ae-a0098d696b99	42	46
La loro fiducia reciproca è incrollabile.	Their trust in each other is unshakeable.	0548b638-76c6-570d-8a5a-43dc733fd844	41	41
Ispirano gli altri a credere nell'amore.	They inspire others to believe in love.	9017b01f-1d1e-51cf-b541-2277daf960a8	40	39
La loro gentilezza crea un effetto a catena.	Their kindness creates a ripple effect.	09e2f1bf-908d-572e-9892-a66e4f3882ed	44	39
La loro comunicazione è aperta e onesta.	Their communication is open and honest.	9ac2014c-3e39-5a37-9082-cd5f14844f1c	40	39
Insieme, rendono magico il quotidiano.	Together, they make the mundane magical.	d9e5afe9-2ea5-5fba-8b34-809aca3202de	38	40
Il rispetto l'un per l'altro è evidente.	Their respect for one another is evident.	5815800d-43ac-5b1d-ac82-2d1da81bbd37	40	41
Appoggio la loro decisione di sposarsi.	I support their decision to marry.	85e67e72-ed41-5ed8-9c1a-4059c22b0894	39	34
Mary è più alta di te, vero?	Mary is taller than you, isn't she?	038e4f86-66b3-504f-ae1f-4e2ddb6ac612	28	35
Mary è più alta di voi, vero?	Mary is taller than you, isn't she?	6058a9ab-adb6-5e72-a187-f16cbfde7e4f	29	35
Mary è più alta di lei, vero?	Mary is taller than you, isn't she?	7af124c6-6ddf-5e28-8126-c6f3010ecee1	29	35
Mary fece del suo meglio per sembrare impegnata.	Mary tried her best to look busy.	bd81c66c-9918-5526-afc9-bc7ad55b4322	48	33
Mary è una persona meravigliosa, vero?	Mary is a wonderful person, isn't she?	20dde9a2-d3bb-5a23-8c1c-f87828079c7e	38	38
Ziri è parte del problema.	Ziri is part of the problem.	3373281a-e1be-5193-b972-f79857012d57	26	28
Mary ha detto che avrebbe aiutato Tom a farlo?	Did Mary say she'd help Tom do that?	b0ed815b-9a82-5765-98ad-9a28c9c4e2ae	46	36
Mary disse che avrebbe aiutato Tom a farlo?	Did Mary say she'd help Tom do that?	8977f1bc-b990-5f6f-a360-7217cfca590c	43	36
Mary dice che deve molti soldi a Tom.	Mary says she owes Tom a lot of money.	f73178e7-f714-5a8f-ac19-9e17aaaa24ee	37	38
Mary dice che deve molto denaro a Tom.	Mary says she owes Tom a lot of money.	3c28e30b-8f75-5f2a-a780-fc25d9c2aa34	38	38
L'induismo è una religione politeista.	Hinduism is a polytheistic religion.	bb1c1018-c255-5eee-ad13-f1669517285a	38	36
L'Islam è la religione predominante in Algeria.	Islam is Algeria's predominant religion.	9db426d2-c530-56d0-ac24-e2a6b350255d	47	40
La tua religione è come una camicia di forza.	Your religion is like a straitjacket.	72507e59-5ec4-5461-ad38-6726ebf0b08f	45	37
La sua religione è come una camicia di forza.	Your religion is like a straitjacket.	5d7d220c-bee9-54d1-aa93-30a3609eb1d5	45	37
La vostra religione è come una camicia di forza.	Your religion is like a straitjacket.	db378b61-53ee-54a5-96b4-8846233b5a3f	48	37
Le uova sono ancora calde.	The eggs are still hot.	e294b91e-5be2-5562-8997-f743062026ee	26	23
Gli scarafaggi depongono le uova.	Beetles lay eggs.	0d83a548-5257-59eb-b8dd-efea6086cb80	33	17
Stava trasportando delle uova.	He was carrying eggs.	c507b55f-1713-5e32-aa15-992e38719dd6	30	21
AVete preso le uova?	Did you get eggs?	1ac52708-bf07-570e-a579-a4ef09139759	20	17
Le uova sono liquide.	The eggs are runny.	333b7fcb-6e41-56fa-a844-b6bca9878289	21	19
Gli avvoltoi depongono due uova.	Vultures lay two eggs.	e5cab3b6-342b-5384-ab03-1a81821c15b7	32	22
Sta sgusciando le uova.	He's peeling the eggs.	3f8e9950-6d31-50b3-942b-631dd835ca7c	23	22
Ha preso qualche uovo.	He took a few eggs.	dcdb55ea-b0bd-50b0-8265-179b495002cc	22	19
Prese qualche uovo.	He took a few eggs.	bd02ff09-f0ba-5a4e-a97e-3c948bba7ff1	19	19
Queste uova sono di Tom.	These eggs are from Tom.	56760d83-ec7c-5302-9784-d50b61ccb58b	24	24
Ha raccolto le uova.	She picked up the eggs.	91c396dc-7873-5d51-8198-70de861cd817	20	23
Raccolse le uova.	She picked up the eggs.	9aa67333-7cf5-5aa9-a9f1-bc642b7dd29f	17	23
Preparerà delle uova.	He'll make some eggs.	4bf064b7-728a-5317-8c47-04b44e88f87c	21	21
Hai rotto delle uova?	Did you break any eggs?	6a88b531-8ea4-50b8-86e4-9ce8df6fc1ca	21	23
Ha rotto delle uova?	Did you break any eggs?	bf3747b8-1285-52ab-a3a0-a1a31655615e	20	23
Avete rotto delle uova?	Did you break any eggs?	cd3874ff-574a-5fc2-9dcb-d9dc965b5f91	23	23
Ho mangiato delle uova per colazione.	I had eggs for breakfast.	1dbd87ef-8a4e-55c2-8893-bc151977991f	37	25
Mangiai delle uova per colazione.	I had eggs for breakfast.	e9f67450-b7c1-5d80-b423-4265e13fe6e0	33	25
Tutte le mie galline depongono uova.	All my chickens lay eggs.	d5df6312-9f8f-5e5a-92b1-289ab3f64737	36	25
Tutte le mie galline depongono delle uova.	All my chickens lay eggs.	afe94849-6285-565d-b294-36495f95597c	42	25
Ziri ha lanciato delle uova contro Rima.	Ziri threw eggs at Rima.	a5daa2f6-33ac-514a-903d-eb92d227b568	40	24
Tom ha tirato fuori tre uova.	Tom took out three eggs.	c3744d5a-5f68-5d93-b53c-62367a55efd0	29	24
Tom tirò fuori tre uova.	Tom took out three eggs.	b4bb88cc-ee4b-53b7-93b3-151ef17370b7	24	24
Ha fritto le uova nell'olio.	He fried the eggs in oil.	e4dc4491-c723-5579-b507-23d64a07ee6d	28	25
Frisse le uova nell'olio.	He fried the eggs in oil.	443f491e-890d-55e0-9c74-d5663b969d2b	25	25
Mangio spesso delle uova per colazione.	I often have eggs for breakfast.	9a29fc31-8708-5694-b519-1311bbda3b71	39	32
Abbiamo preso delle uova da Tom.	We got some eggs from Tom.	16fb6e4c-2506-5819-a090-d910db29a151	32	26
Prendemmo delle uova da Tom.	We got some eggs from Tom.	5b941996-c591-57ec-9df1-37ad77aa8b7f	28	26
Mi hanno tirato delle uova in testa.	They threw eggs at my head.	340b7608-269f-51dd-85db-1007f0c19883	36	27
Mi tirarono delle uova in testa.	They threw eggs at my head.	79bc7bb3-8ac2-5d50-8802-93aaf4fc53c3	32	27
Le uova stanno iniziando a schiudersi.	The eggs are starting to hatch.	005896cf-d04a-515a-a386-783381180a3d	38	31
Le uova stanno cominciando a schiudersi.	The eggs are starting to hatch.	ca47d847-2f16-52e5-b0df-fb729d019be3	40	31
Vendevano uova qui.	They used to sell eggs here.	4a10d3ee-85c9-5f9d-9ce2-4a99beaba167	19	28
Vendevano uova qua.	They used to sell eggs here.	82ecaee4-edfc-5a2f-9b3d-c1b327b07dee	19	28
Vendevano delle uova qui.	They used to sell eggs here.	fedd5609-88fc-52dd-9d9e-e442f7b8a38a	25	28
Vendevano delle uova qua.	They used to sell eggs here.	3618fc51-8fde-5a86-a99b-74631b2ecdde	25	28
Posso prepararti delle uova?	Can I make you some eggs?	a98383d5-b72c-5c16-ae91-e29b4ce63f63	28	25
Posso prepararvi delle uova?	Can I make you some eggs?	138fc3c3-9e24-5e45-bd3f-a2ea53f0499d	28	25
Posso prepararle delle uova?	Can I make you some eggs?	10a09b89-b567-5196-acb6-3d4303524d41	28	25
Ti posso preparare delle uova?	Can I make you some eggs?	0b26e226-45ec-57ad-8385-19e076933121	30	25
Vi posso preparare delle uova?	Can I make you some eggs?	c72335fb-da06-5887-9b90-93859e088cce	30	25
Le posso preparare delle uova?	Can I make you some eggs?	a5904894-4cbd-5251-8f9a-a4cf6a543742	30	25
A quanto si vendono le uova?	How much do eggs sell for?	02eb12b1-a299-5c16-8967-ed8e3803dba8	28	26
Non mi interessano le uova.	I don't care for eggs.	8bd9b000-1905-5577-8917-7f59cc06893f	27	22
A me non interessano le uova.	I don't care for eggs.	a64655c8-bfa7-5fd7-aae0-c4b6e53f5d56	29	22
Non mi importa delle uova.	I don't care for eggs.	00a87320-d3fc-5e16-8d53-b5e31a430d4b	26	22
A me non importa delle uova.	I don't care for eggs.	72e34043-d3d3-5f8b-8b89-49820a2cc979	28	22
Mi sto facendo ricrescere la barba.	I'm growing a beard again.	281cabdb-5db6-59be-9b9e-6cfd2f5a63f6	35	26
Tom, sembri brutto con la barba.	Tom, you look ugly with a beard.	469bace2-d232-559b-81bb-b7180427be2d	32	32
Qualcuno sembra divertente senza la sua barba.	Someone looks funny without his beard.	541e5225-8e07-540d-ae78-b6ae5157dc40	46	38
Yanni sembrava avere la barba.	Yanni looked like he had a beard.	8d3ab1e4-b68a-598f-a207-77af02ff7584	30	33
Tom è l'uomo con la barba bianca.	Tom is the man with a white beard.	bcaca957-851c-5f5e-b46d-55c03885daa2	33	34
La barba di Tom è più lunga di quella di John.	Tom's beard is longer than John's.	72c26e12-c527-50cb-a755-99b47725083d	46	34
La barba di Tom è più folta di quella di John.	Tom's beard is bushier than John's.	64801ee2-d6a2-5ef6-8912-bda926c6f61e	46	35
Lui è musulmano e porta la barba.	He's Muslim and he wears a beard.	2d32fb75-adab-54f1-bca5-f70ae1a81427	33	33
È musulmano e porta la barba.	He's Muslim and he wears a beard.	2d3e6626-05a4-5ed9-8a6d-0c64f16bc170	29	33
Ho la barba più lunga di quella di Tom.	I have a longer beard than Tom does.	a99cf6a2-64bf-5184-a6ab-ad4d2f1cb4ea	39	36
Cosa ne pensi della barba di Tom?	What do you think of Tom's beard?	70620738-81d1-52f0-ad81-6134bd32a581	33	33
Che cosa ne pensi della barba di Tom?	What do you think of Tom's beard?	4b26c712-bf5c-55cf-beff-f8c98b4a1bbc	37	33
Cosa ne pensa della barba di Tom?	What do you think of Tom's beard?	e0deb869-7375-5540-a995-54017365a80e	33	33
Che cosa ne pensa della barba di Tom?	What do you think of Tom's beard?	c55a422f-fb42-58cb-ba86-bd66af068153	37	33
Cosa ne pensate della barba di Tom?	What do you think of Tom's beard?	a6882b8e-94bd-5c78-a0e1-c08feaacc142	35	33
Che cosa ne pensate della barba di Tom?	What do you think of Tom's beard?	94274952-70ca-5143-a78b-b8b711ddf1e1	39	33
Giuro sulla barba del profeta.	I swear by the beard of the prophet.	4acc207c-f4a5-5a22-956d-c5fd0dcafcef	30	36
La saggezza è nella testa, non nella barba.	Wisdom is in the head, not in the beard.	4d9b7a10-a4ba-54df-848e-48a11a9e3858	43	40
Tom si è spazzolato la barba.	Tom brushed his beard.	5c00182b-3697-5ea8-bf98-6a18b29b0e3a	29	22
Tom si spazzolò la barba.	Tom brushed his beard.	8b3d3517-6cbd-5e95-aa86-c4d4c4014077	25	22
Si sta facendo crescere la barba.	He's growing a beard.	212b5ce3-ae57-59c0-ae51-f6356d0052dc	33	21
È pericoloso mangiare le uova crude?	Is it dangerous to eat raw eggs?	efb628d8-6972-54f5-b8de-0416187d6306	36	32
A Mary piacciono gli sport, vero?	Mary likes sports, doesn't she?	1a34eeb0-23e6-51e2-9d7f-598d2c702804	33	31
Erano bianchi.	They were white.	49dae667-6d7d-5d0d-91a4-58bd6c110c03	14	16
Loro erano bianchi.	They were white.	97149224-ecda-56c5-9b9b-28c6f988dcef	19	16
Erano bianche.	They were white.	77ab6a40-fa28-5c52-b1df-659b089a1864	14	16
Loro erano bianche.	They were white.	489b827f-730a-53e4-8cfd-d79070238229	19	16
Eravamo bianchi.	We were white.	cee2055e-5559-5305-ba39-cb04c440076d	16	14
Noi eravamo bianchi.	We were white.	b0f59917-cf20-546b-993a-035c7b2ca27c	20	14
Eravamo bianche.	We were white.	ec66ea0c-ca60-5250-a59a-8abb3582fd9f	16	14
Noi eravamo bianche.	We were white.	e3bc2f4b-223a-5d96-8411-118d43415367	20	14
Rima era bianca.	Rima was white.	cdf6e762-060a-5797-b157-b5e6bcb184b0	16	15
Ero bianco.	I was white.	6ce31fad-1061-5820-bbd8-cfd89f80f535	11	12
Io ero bianco.	I was white.	4b774aa8-78de-5199-8fab-1851760173f8	14	12
Ero bianca.	I was white.	f7a9024d-e418-5814-ae47-10d622ec1597	11	12
Io ero bianca.	I was white.	6513a0b8-e646-50b3-bf7a-12e60cf35df7	14	12
Sono bianchi.	They are white.	d480fd18-c2f0-5bb7-8600-ed798e31ed4a	13	15
Loro sono bianchi.	They are white.	23765d4a-8b73-5034-b88c-c27fa0a4c77d	18	15
Sono bianche.	They are white.	77ae9ad8-9ae0-5361-b7f5-92291e2e8acd	13	15
Loro sono bianche.	They are white.	8dbabaf9-1bf9-5eb8-a33d-9d5c0c1995e2	18	15
Siamo bianchi.	We are white.	a7f6d78b-bc92-5811-b4ea-bad48ee92d08	14	13
Noi siamo bianchi.	We are white.	47a88e78-41f9-5be0-b7c7-7c22063669cc	18	13
Siamo bianche.	We are white.	c8c99a68-1178-532e-a8e9-d1de1706fa8f	14	13
Noi siamo bianche.	We are white.	83070a4a-c5a5-55e1-b453-2ce9070cfb58	18	13
Rima è bianca.	Rima is white.	622e5159-e5b4-5e31-a8d5-8f2010e7e300	14	14
Lei è bianca.	She is white.	eeecd69c-47c7-57d2-8d2c-cbf09098b66b	13	13
Lui è bianco.	He is white.	6e6d57e6-b3d1-51e3-84d3-efe6e2a6ab12	13	12
Sono bianco.	I am white.	55b5bf55-acdf-5c93-ade7-3ae187e62b13	12	11
Io sono bianco.	I am white.	b7ff5d80-1d7d-5a8c-8670-6ceb990a0bb2	15	11
Sono bianca.	I am white.	8ac000c4-08d7-503d-866e-d3d9433faa13	12	11
Io sono bianca.	I am white.	9d7a5d97-c94b-5d07-9a3e-0163e0f40ced	15	11
Ziri era bianco.	Ziri was white.	68d0e2c0-6b0f-5225-8fca-60dce5a39e81	16	15
Sami è bianco.	Sami is white.	432eda94-160d-5b74-a460-57bbdedb6752	14	14
Tom è bianco.	Tom is white.	e026a4ae-0214-5542-a08a-81aa9c940425	13	13
Era bianco.	He was white.	bf91da51-6414-5419-875f-6b554fdc5fe0	11	13
Lui era bianco.	He was white.	ec441714-6806-54ba-9d5e-4f0606fdac5c	15	13
Era bianca.	She was white.	6b81db0c-b013-517d-b4dc-91357bdc24eb	11	14
Lei era bianca.	She was white.	1ea4bb53-1d8d-5248-9282-f3cda42dc384	15	14
Sami era bianco.	Sami was white.	aeea08c7-d5de-5247-98d9-5d1d096a4048	16	15
Tutto è bianco.	Everything is white.	f40843fd-b58a-58cb-af58-62ab000a2e7d	15	20
Hai i denti bianchi.	You have white teeth.	98432a4e-4cfd-59e7-be9e-c9afd15e4a00	20	21
Avete i denti bianchi.	You have white teeth.	7712ce39-b9ee-59f5-a1de-ec08b5658376	22	21
Le persone bianche sono arroganti.	White people are arrogant.	17c7d951-81c0-514f-9878-d7c1db474bba	34	26
La gente bianca è arrogante.	White people are arrogant.	6ce6cb46-f0f3-59a5-bcf0-73fcaeb05bfd	28	26
L'adattatore è bianco.	The adapter is white.	509476cd-053b-5de9-9514-8e8500f78a83	22	21
Quell'aquila è bianca.	That eagle is white.	2064fb2c-b71b-5345-bc41-5e91b40f9297	22	20
Entrambe le case sono bianche.	Both houses are white.	65248c2f-f83b-5aa7-a3a0-2c651584ce41	30	22
Le pietre sono bianche.	The stones are white.	d62af3b1-5ff0-52b1-91fa-bbe5b1afe839	23	21
Il pavimento è bianco.	The floor is white.	610912da-3afc-54a6-b9db-a63f999930ef	22	19
Ziri è molto bianco.	Ziri is very white.	30da3d05-af93-5a49-90e9-05033454906d	20	19
Ziri ha i capelli bianchi.	Ziri has white hair.	eb9b0929-e065-5ea6-a3c4-33d6a59b5960	26	20
La tua camicia è bianca?	Is your shirt white?	6b192b3a-5d3e-5ef8-b724-81541a4d8713	24	20
La sua camicia è bianca?	Is your shirt white?	21a95077-6522-5735-ab8d-3bbd07171a74	24	20
La vostra camicia è bianca?	Is your shirt white?	a9af8ab0-fe73-5339-8757-153f9b5c35cf	27	20
Il muro è bianco.	The wall is white.	0ca2c9ab-a93c-5ac3-b802-190242ea2850	17	18
La parete è bianca.	The wall is white.	c17153db-0446-5e71-b1d6-4fc340150948	19	18
I miei capelli sono bianchi.	My hair is white.	909e4c34-4dab-5f61-939d-1e88a3f6e4f5	28	17
Il tavolo è bianco.	The table is white.	4d4930d8-2970-5f1a-85ad-63cd9e5d67a5	19	19
La scatola è bianca.	The box is white.	b6aeaed2-e42b-57c8-8091-b44fe0a16375	20	17
Ho i capelli bianchi.	I have white hair.	b7d31676-6af5-5972-a0e7-af25b3ece45e	21	18
Tom ha i denti bianchi.	Tom has white teeth.	6fb4c9f2-32ee-51ab-821f-946327217d54	23	20
Il suo volto era bianco.	His face was white.	25d30a8d-9f68-5204-a658-1fcd97839a6d	24	19
La cucina è bianca.	The kitchen is white.	4882b6d9-187f-5bed-bfb5-725cb5612e8f	19	21
Sami aveva i denti bianchi.	Sami had white teeth.	05e2bd58-7dbc-5cf7-8de9-2e26f21e1529	27	21
Questo tavolo è bianco.	This table is white.	92bc4fef-6165-53d4-ae1b-fe410e6b89ac	23	20
La margherita è bianca.	The daisy is white.	beb635dc-01df-53e1-bdb7-7481195e3558	23	19
Questo cavallo è bianco.	This horse is white.	f8e208bc-66ce-5651-9550-e35c047b571e	24	20
I suoi denti erano bianchi.	His teeth were white.	dc335393-cc84-5138-b5a3-a67e62377e71	27	21
Abbiamo chiamato quel cane White.	We named that dog White.	05526223-c450-598d-880d-840eee3ec58b	33	24
Chiamammo quel cane White.	We named that dog White.	639c0c8d-d016-59e8-a06f-40888016f0fa	26	24
Abbiamo chiamato quel cane Bianco.	We named that dog White.	31048a16-983c-577d-95e1-ffa31f75b6a5	34	24
Chiamammo quel cane Bianco.	We named that dog White.	73bc3993-19f6-541c-8ca1-e3177ea1b795	27	24
Vedo due case bianche.	I see two white houses.	910a260e-67d5-5271-ac82-08effa49ea31	22	23
Quel tavolo bianco è vecchio.	That white table is old.	c9ff7881-1d38-5d8a-908f-997fc25efd85	29	24
È bianco come la neve.	It's white like snow.	c2a9d6a6-3d24-59e4-80ab-24a2ebfe254d	22	21
È bianca come la neve.	It's white like snow.	97cc693a-e0c2-5dea-bcd1-f5b81a8e4106	22	21
Ho il cuore bianco.	I have a white heart.	5f591fff-531a-5e3e-b051-a1c758bc2e25	19	21
Ho un cuore bianco.	I have a white heart.	340efc92-e71e-54bf-a0ab-a0985faa83bd	19	21
La mia macchina nuova è bianca.	My new car is white.	460e65e7-289f-5da3-9fab-e9a7585dde49	31	20
La mia auto nuova è bianca.	My new car is white.	abae3234-6333-56e0-b3ad-e7d9cea0e166	27	20
La mia automobile nuova è bianca.	My new car is white.	ec188046-195e-5535-937c-eb21eca25c13	33	20
Ho visto un coniglio bianco.	I saw a white rabbit.	eae4f4ae-81c2-5193-adee-0a14f8d76fdc	28	21
Vidi un coniglio bianco.	I saw a white rabbit.	fbbae1ff-c1d4-5a7c-93e6-3e55c82e37b2	24	21
La Francia ha una bandiera bianca.	France has a white flag.	5a40a800-7bac-56a9-ac81-91995a476d65	34	24
Hanno un cavallo bianco.	They have a white horse.	2206d117-76f6-5fe8-9887-b65e2d2b8077	24	24
Il padre di Mennad è bianco.	Mennad's father is white.	75f86b72-87df-5034-a5e4-798b2f9406cf	28	25
Sami è un suprematista bianco.	Sami is a white supremacist.	9ab76de4-31c5-5490-a514-b36d3bfd99fe	30	28
Tom è un suprematista bianco.	Tom is a white supremacist.	4769687f-d2b9-508a-a71a-fa298f9e2e72	29	27
La neve è bianca e fredda.	Snow is white and cold.	0935f16f-6962-52df-932a-28bdb045279e	26	23
Layla era una donna bianca.	Layla was a white lady.	59feebb2-5b04-5154-9c76-8e950ed2fa0f	27	23
Layla era una ragazza bianca.	Layla was a white girl.	682d4547-0194-51df-b72b-cacb22bf7fc6	29	23
Tom è bianco?	Is Tom white?	a21150e6-ca92-5288-a2a4-996be87d2476	13	13
Mennad è bianco.	Mennad is white.	461b52a7-328b-5d02-a0f7-15821e8341fd	16	16
Ahed Tamimi è bianco.	Ahed Tamimi is white.	ea4c9304-cc9a-5f14-b358-18fd906d7cbf	21	21
Ha la pelle bianca.	She has white skin.	14890854-e948-5775-a554-21304b401c1d	19	19
Yanni odia i bianchi.	Yanni hates white people.	007b2c14-0b74-5a79-a884-80a4a2bc1a97	21	25
Yanni odia le persone bianche.	Yanni hates white people.	8a4caa47-644a-5ed0-b0d6-24b8513452d8	30	25
Yanni odia la gente bianca.	Yanni hates white people.	e1f530e9-f64d-5397-bc93-ff88e8b056bd	27	25
Il piatto è bianco.	The plate is white.	4fbf243f-5113-56a7-a1a3-94b69e295bff	19	19
La mia cavalla è bianca.	My mare is white.	6e8cc17d-3741-54d0-81ca-123bac1e4921	24	17
Il nero è contro il bianco.	Black is against white.	b0aa0dd9-14a4-5aca-bba8-613815e7b050	27	23
Tom è un africano bianco.	Tom is a white African.	9e36c277-08cd-5172-912d-d7d70d814169	25	23
La spiaggia sabbiosa era bianca.	The sandy beach was white.	f6c9e7aa-06c3-529b-b52d-b65a540d20f9	32	26
Il piatto è colorato di bianco.	The plate is colored white.	8f583370-534c-5c9b-a862-68a2352aac24	31	27
Ho visto una renna bianca.	I saw a white reindeer.	d1923684-eda3-57b3-ad03-8c6e9efaae16	26	23
Vidi una renna bianca.	I saw a white reindeer.	0e5cb163-be8b-51a3-bb40-172de068a4e2	22	23
Ho visto un caribù bianco.	I saw a white caribou.	a0ea587b-c386-56d4-b7ba-9f3d73e83024	26	22
Vidi un caribù bianco.	I saw a white caribou.	20734b8b-c548-525a-9d4d-8e9d145557f8	22	22
Chi ha la pietra bianca?	Who has the white stone?	a6d231c7-6817-58a7-a17a-f6e1d33a00a1	24	24
Il bianco è l'opposto del nero.	White is opposite to black.	708fa7be-1e58-546e-a3a8-c2144e0dc51a	31	27
Tutto attorno a noi era bianco.	Everything around us was white.	8a97724a-f03d-59c8-953c-8216bbb0c930	31	31
Il cane di Ziri è bianco.	Ziri's dog is white.	37ef440b-6d0b-562f-ac31-496d9e6aea0d	25	20
Sirio è una stella bianca.	Sirius is a white star.	c6a49f55-aa1e-51f2-a9bf-32a84a677096	26	23
Rima e Skura erano bianche.	Rima and Skura were white.	d34efb36-2349-5f67-b645-910acf9a473e	27	26
Ziri e Rima erano bianchi.	Ziri and Rima were white.	2bbdcadd-0a46-5796-b7e9-f1f4179573d4	26	25
Ziri era un canadese bianco.	Ziri was a white Canadian.	c611fd43-e71b-5f98-971e-6270b7314554	28	26
Rima e Skura sono bianche.	Rima and Skura are white.	818b991d-1d38-56a2-9af8-dbebb4a4cd82	26	25
Ziri e Rima sono bianchi.	Ziri and Rima are white.	50fa2e7f-b523-51af-9477-b8040cc1488d	25	24
Maria ha un gatto bianco.	Maria has a white cat.	5f873e15-e39c-59f3-96ad-46fa2b358417	25	22
Maria ha una gatta bianca.	Maria has a white cat.	aeac6ac5-0115-591a-96dc-0e0201d5296d	26	22
Wow, è completamente bianco.	Wow, it's totally white.	c87fbbb2-7541-57e5-80c5-b80533d914d7	28	24
Wow, è completamente bianca.	Wow, it's totally white.	e3ec6033-6b68-5b63-9091-8b68288cd75f	28	24
Abbiamo un cucciolo bianco.	We have a white puppy.	a517291b-1ed4-54b5-87ea-4bb54d7f2407	27	22
Tom era vestito di bianco.	Tom was dressed in white.	57e971b4-6fe3-5e9e-b44d-6d8d40b7ace6	26	25
Rima è una ragazza bianca.	Rima is a white girl.	d46541fe-9f7f-5fc7-ace5-0803865fc544	26	21
Ziri è un tipo bianco.	Ziri is a white guy.	98adeae0-ace6-5409-87af-16ca87e85b60	22	20
Ziri è un tizio bianco.	Ziri is a white guy.	97c49340-ce5b-5926-9bf6-2abd4e2e5652	23	20
Tom era bianco come il gesso.	Tom was white as chalk.	58e9f2c2-7554-53db-850d-b16e77733a64	29	23
Era bianca come il gesso.	She was white as chalk.	b3639af6-3750-5616-a021-2af8a3c04654	25	23
Lei era bianca come il gesso.	She was white as chalk.	d4912d24-60e5-5251-941a-fe7c324b69ab	29	23
La dimostrazione è banale.	The proof is trivial.	5e0ec9d5-0d25-52b3-8457-d71679330498	26	21
Fatica a seguire anche semplici ricette.	He struggles to follow even simple recipes.	be5c3606-a494-5fdd-924b-a082caf82c2a	40	43
Evita di cucinare quando possibile.	He avoids cooking whenever possible.	016b7207-7f82-50bf-b75e-78c6256dcc46	35	36
Spesso si affida a pasti surgelati per la cena.	He often relies on frozen meals for dinner.	f323e3e2-53d7-5735-95fd-e6fa818f0859	47	43
Sogno spesso di volare sopra le nuvole.	I often dream of flying above the clouds.	c8ee2e4c-afba-5711-a235-f605d49a9299	39	41
Non mi aspettavo nulla da lui.	I did not expect anything from him.	61bd2965-753e-5e95-a5b5-3a981ee7f4fe	30	35
Non mi aspettavo niente da lui.	I did not expect anything from him.	51b747c9-024e-5f4a-9740-c2b06e4de362	31	35
Amo Tom nonostante le sue colpe.	I love Tom despite his faults.	092a2fee-bc13-5910-9bf0-dc74740888bd	32	30
Io amo Tom nonostante le sue colpe.	I love Tom despite his faults.	b6097454-fa18-5a46-b5d3-00b6812b04d9	35	30
Non ho bisogno di una spiegazione.	I don't need an explanation.	f039e71d-927b-5ab3-94b4-452da2225f52	34	28
Non mi serve una spiegazione.	I don't need an explanation.	9ceeac0f-4007-514a-85c9-9e35ce369c99	29	28
Mary è pronta a partire, vero?	Mary is ready to leave, isn't she?	eb86e66b-6149-5805-a602-01d1a881f270	30	34
Mary è pronta ad andarsene, vero?	Mary is ready to leave, isn't she?	74856669-29a1-516a-9fe1-c3bf239cae69	33	34
Mary è brava a disegnare, vero?	Mary is good at drawing, isn't she?	9b3a898c-5f3c-59a8-9dc8-af589f039bd5	31	35
Mary è una persona molto ordinata, vero?	Mary is a very neat person, isn't she?	6e92b523-75c6-54ef-b836-3c439a8797ca	40	38
Mary si è trasferita a Boston con la sua famiglia.	Mary moved to Boston with her family.	f3951196-9253-5b01-ba91-6b5a0958c1d3	50	37
Mary si trasferì a Boston con la sua famiglia.	Mary moved to Boston with her family.	a6fde481-7115-57f0-b2e4-de2e5688a1e5	46	37
L'orsetto lavatore beve dell'acqua.	The raccoon drinks water.	a1f84b91-0dce-516e-a8bc-56490b9cb49d	35	25
Mary si è rimessa il cappello.	Mary put her hat back on.	d32c1c43-5f2f-5adf-9ef0-97d87bf0bc8a	30	25
Mary si rimise il cappello.	Mary put her hat back on.	d898a47b-2113-5c5f-ab4e-9d6d38e4d48f	27	25
Mary ha detto che avrebbe firmato il contratto.	Mary said she'd sign the contract.	575b8819-6489-5570-bcad-5e92af84ea10	47	34
Mary disse che avrebbe firmato il contratto.	Mary said she'd sign the contract.	4273389c-b29b-5374-8091-1cc3348c4949	44	34
Le loro promesse non significano nulla.	Their promises mean nothing.	84fe0623-90af-506e-bc88-7e9bbf61267c	39	28
Spesso distorcono la verità.	They often twist the truth.	0acef422-30b6-5312-b2f3-41321178cb7d	28	27
La loro lealtà è sempre in discussione.	Their loyalty is always in question.	e1b09b26-2986-5b3d-aa2f-4413ca140261	39	36
Fanno favoritismi senza alcuna vergogna.	They play favorites without any shame.	63a149b0-9a29-5c74-b5d9-6d32d933ecf2	40	38
Sono maestri nella manipolazione.	They're master manipulators.	32afc9ce-c6a2-56a3-b8e5-80ac958a0061	33	28
Il Papa è morto.	The Pope died.	467b5a55-31d6-522d-996c-de1aaee213d7	16	14
Il Papa morì.	The Pope died.	9a20c1f9-2cbe-55fd-8444-6a396172447d	13	14
Tom ama il Papa.	Tom loves the Pope.	42d0c0c2-57df-574b-a276-9ae26197c2d4	16	19
Tom ha assassinato il Papa.	Tom assassinated the Pope.	86d9bea7-aecd-5272-8a73-4b9dc5ec95ed	27	26
Tom assassinò il Papa.	Tom assassinated the Pope.	35119539-b8c0-5b5a-a950-b3257cf2f272	22	26
Tom ha incontrato il Papa.	Tom met the Pope.	893c6bb7-3131-5b5d-8bb9-8f9741c2b363	26	17
Tom incontrò il Papa.	Tom met the Pope.	ca5bf6ff-4f83-5abc-8eb5-a089cc0bf6e6	21	17
Tom ha conosciuto il Papa.	Tom met the Pope.	39e3e424-b655-58d5-a843-cc2e55792e78	26	17
Tom conobbe il Papa.	Tom met the Pope.	45a9a601-35b9-5cf8-ae08-9203f42a63cb	20	17
Sami ha criticato il Papa.	Sami criticized the Pope.	59537f45-6f24-503a-93ec-5de191692ca3	26	25
Sami criticò il Papa.	Sami criticized the Pope.	0d2e9176-1445-50dc-9feb-cc2c348fd4ee	21	25
Il Papa ha visitato il Brasile.	The Pope visited Brazil.	3fe3e91d-c942-5560-bba8-6644f8b1dfbc	31	24
Il Papa visitò il Brasile.	The Pope visited Brazil.	88747ada-77cf-52e4-9959-aa5e9723a031	26	24
I cardinali eleggono il Papa.	The cardinals elect the Pope.	bea90ba2-b7c0-57ad-883b-f4af32288e98	29	29
Tom ha sparato al Papa.	Tom shot at the Pope.	31f36a48-9aeb-50c4-825b-92bc7c77bb66	23	21
Tom sparò al Papa.	Tom shot at the Pope.	3e0b7a17-30b7-51c7-a1af-5b73b8d82183	18	21
Il Papa è deceduto.	The Pope has passed away.	737974ad-f88c-541f-bce2-0b62f1738ae4	19	25
Il Papa è eletto dai cardinali.	The Pope is elected by the cardinals.	78798362-adf5-5f23-b8a2-e766a64e75ef	31	37
Le loro scuse sono raramente sincere.	Their apologies are rarely sincere.	f63fe2d5-3bc6-5531-91c8-4f6d6f40877c	37	35
Il Papa è molto impegnato.	The Pope is very busy.	2d1e4e7a-4f20-5113-b793-7fe53fb7a7bb	26	22
Il Papa è molto occupato.	The Pope is very busy.	037a53a7-b040-5ecd-a1ce-391322e250cd	25	22
Abbiamo un nuovo Papa.	We have a new pope.	c8ae284a-f32a-56ea-b3ff-d0585a6b5121	22	19
Roma è dov'è il Papa.	Rome is where the pope is.	35475264-6332-51dd-8210-389cb67beaac	21	26
Il Papa legge il suo messaggio di Natale.	The pope reads his Christmas message.	886994b9-7a94-5b87-bd09-9209128ce9ed	41	37
Come viene eletto un nuovo Papa?	How is a new pope elected?	59970cad-3341-578e-8721-692d01c5cd38	32	26
Il nuovo Papa viene dall'Argentina.	The new pope comes from Argentina.	5fb7d763-d564-5fc1-916e-5de7e4fcba64	35	34
Il nuovo Papa si chiama Francesco.	The new pope is called Francis.	0380c4bf-6d02-5b98-a7d1-42ae84b8d60e	34	31
Chi sarà il prossimo Papa?	Who will be the next pope?	4263c2d3-ae4f-58fe-83e4-51bb344c2379	26	26
Hanno un talento speciale nel deviare le colpe.	They have a knack for deflecting blame.	9ba924c6-269a-5866-9e2e-5b0dfa6ef625	47	39
Carlo Magno è stato incoronato dal Papa.	Charlemagne was crowned by the Pope.	1c517727-0e3a-5188-af89-138a450fbade	40	36
Carlo Magno fu incoronato dal Papa.	Charlemagne was crowned by the Pope.	e4e1dbe9-6fba-5aa5-9ec0-829b9dd29883	35	36
Il Brasile è stato visitato dal Papa.	Brazil was visited by the Pope.	ab4be90c-d7b0-5fc4-85bd-4a95503811d5	37	31
Il Brasile fu visitato dal Papa.	Brazil was visited by the Pope.	1498727a-28ec-5193-929c-018898201fa2	32	31
Abbiamo un Papa. Mi dispiace.	We have a pope. I'm sorry.	a9bc1147-af37-53e9-a822-cd6df462bdde	29	26
Abbiamo un Papa. Mi spiace.	We have a pope. I'm sorry.	0e17515d-81a6-50c4-a8b5-3ce78730b495	27	26
Abbiamo un Papa. Sono dispiaciuto.	We have a pope. I'm sorry.	1099503b-0c39-5cc6-a3ed-b8cdc30c31ce	34	26
Abbiamo un Papa. Sono dispiaciuta.	We have a pope. I'm sorry.	c7686618-8e5f-5ae8-b19c-37aa999e7d99	34	26
Ovunque sia il Papa, c'è Roma.	Wherever the pope is, there is Rome.	87497e9a-6425-54e9-8314-50d7078c0ae2	30	36
Il Papa è il vescovo di Roma.	The Pope is the bishop of Rome.	d93a7057-4475-5a8f-bd97-628b16834f9c	29	31
La tomba del Papa è mai stata aperta?	Was the Pope's tomb ever opened?	28e694ec-2711-53e2-92ac-a720b0855639	37	32
Tom ha un'udienza con il Papa.	Tom has an audience with the Pope.	d60630e9-9e97-5cbc-b1cd-4cd4c99775af	30	34
Tom ha un'udienza col Papa.	Tom has an audience with the Pope.	fa9f8615-fda1-5874-9599-bd89ab3dc916	27	34
Un Papa non si dimette dal 1415.	A pope has not resigned since 1415.	8aac8720-780a-59b3-b3fc-a7023cd2d659	32	35
Il Papa non ha il diritto di sposarsi.	The Pope has no right to marry.	560fecad-9c11-5efa-9dd8-a32d676b5d42	38	31
Perché il Papa vive in un palazzo?	Why does the Pope live in a palace?	3154e900-ecd8-5818-aaa4-73ec8b83ebca	34	35
Perché il Papa abita in un palazzo?	Why does the Pope live in a palace?	be850804-2596-526f-ab91-1d8a065fec91	35	35
Il tuo paese ha un Papa?	Does your country have a pope?	ff2df564-447a-545f-a924-0c60fc33bdb5	24	30
Il suo paese ha un Papa?	Does your country have a pope?	b193173d-e870-5565-9d35-42d74f43a118	24	30
Il vostro paese ha un Papa?	Does your country have a pope?	852faa53-876d-5ad3-8e78-23a78633859e	27	30
Il Papa è apparso nella sua veste rossa.	The pope appeared in his red robe.	138b6aef-9c43-572e-8bd8-8b13beb1036d	40	34
Il Papa apparve nella sua veste rossa.	The pope appeared in his red robe.	8cc9cc37-7f7a-5f96-8e54-af23901eac06	38	34
Spesso scompaiono quando serve.	They often disappear when needed.	a060b07c-c2ea-50c1-9a8e-483683f0fa96	31	33
Scegliere di fidarsi di loro è un azzardo.	Choosing to trust them is a gamble.	63b4a4f3-d104-564c-99bd-f3dfa20271b5	42	35
Amano creare drammi per attirare l'attenzione.	They love to create drama for attention.	00e93ae0-54bf-5957-b6bb-681a1f114d5b	46	40
Affrontano le sfide insieme, mano nella mano.	They face challenges together, hand in hand.	e812b94b-daaa-5a86-9bda-cbd5dcebf19d	45	44
Sono ispirato dalla loro incrollabile pazienza.	I'm inspired by their unwavering patience.	943a1b26-884a-5854-94e6-f21e6c85bd80	47	42
Farei qualsiasi cosa per vederli felici.	I'd do anything to see them happy.	94d34451-6043-5db3-8f0b-6e1d95b7506a	40	34
I loro sorrisi sono la mia più grande ricompensa.	Their smiles are my greatest reward.	b35e9198-f56c-54ee-bf16-12065918e165	49	36
Chi ci porta allo stadio?	Who's driving us to the stadium?	beda0aac-b954-5dfa-9dbd-c2e6e8b8ab85	25	32
Assicurati di portare il tuo biglietto.	Make sure to bring your ticket.	46683443-f71e-5948-8aac-7e49859ba7ca	39	31
Spero che troviamo dei buoni posti a sedere!	I hope we find good seats!	9e4f56f3-2d91-5665-bdf1-67491055f73a	44	26
Sei pronto per un po' di divertimento?	Are you ready for some fun?	732a481a-6662-5ffa-b4c9-03e3f2cf0931	38	27
Incontriamoci al solito posto.	Let's meet at the usual spot.	66d4cae6-ac46-5c4f-bb15-3b15c9880702	30	29
Dovremmo arrivare là prima per riscaldarci.	We should get there early to warm up.	6d217d0d-2147-55ec-b813-108e9671be0f	43	37
Sarà una serata indimenticabile!	It's going to be an unforgettable evening!	563b0729-1d45-5f48-8254-e3315ce0c688	32	42
Il suo istinto lo avvertiva di essere cauto.	His instincts warned him to be cautious.	8d13931d-754d-5521-bdf7-9f67d99af0eb	44	40
Lei sorrise, ma lui capì tutto.	She smiled, but he saw through it.	3db24728-b252-5904-b691-a12ea857731e	31	34
Ricordò ogni promessa infranta.	He recalled every broken promise.	810eb5fd-a0fd-589f-b1a8-b535d6d17ec1	31	33
Piccole cose lo hanno messo in allarme.	Little things raised red flags for him.	50cbe8ca-cdec-5951-bb28-5f09f092d380	39	39
Non condivideva mai le sue vulnerabilità.	He never shared his vulnerabilities.	af75bae4-9284-5c8d-a9b8-f2a1665be8d4	41	36
La fiducia richiede tempo.	Trust takes time.	71acaf21-e81f-5979-a233-148e6ba111f5	26	17
Le sue azioni contraddicevano le sue parole.	Her actions contradicted her words.	8cbc8426-401c-5880-ab4f-06b6fe0b0d20	44	35
In cuor suo, lo sapeva bene.	In his heart, he knew better.	3a7e2fd7-0611-57cf-8ea9-dc6082e7f447	28	29
Gli piaceva sorprenderla con piccoli doni.	He liked to surprise her with small gifts.	d58ce24e-e4ad-52a9-8c26-d9dfd2c503a2	42	42
Passavano ore a parlare e a ridere.	They spent hours talking and laughing.	a035bc27-aa56-59c6-9b56-02cd35f731be	35	38
Si sentiva grato di averla nella sua vita.	He felt grateful to have her in his life.	fef5591d-2d29-50e0-82d7-cdda0585f928	42	41
Tutti lo ignorarono durante il pranzo.	Everyone ignored him during lunch.	c4de2dc0-1bdb-5d48-89ee-b407840aed58	38	34
Alzò la mano, ma nessuno guardò verso di lui.	He raised his hand, but no one looked his way.	5368904e-214c-5d8f-8532-e4863dc01f1a	45	46
In classe si sentiva come un fantasma.	In the classroom, he felt like a ghost.	8f6441a4-70ce-58c0-b1b7-854577f4265d	38	39
Pianificarono un viaggio senza considerarlo.	They planned a trip without considering him.	c75e889c-862b-5a21-b5b5-2a007358e742	44	44
La cistite è un'infiammazione della vescica.	Cystitis is an inflammation of the bladder.	ec1565d8-72c9-53ef-9ac1-8e6037d0c99f	44	43
Ziri ha salvato quel ragazzo.	Ziri saved that boy.	f331ca68-9253-5324-ad22-c38d474cdd57	29	20
Ziri salvò quel ragazzo.	Ziri saved that boy.	827171b5-269a-5d1e-8d24-0bbfec8c1084	24	20
È facile da dire!	That's easy to say!	c1e350b7-34af-531d-bd95-93adca5e7161	17	19
Quali posti preferiresti visitare?	What places would you like to visit?	ecfdbcc6-ad6c-586e-bea9-59abed6e349c	34	36
Preferirei parlare con qualcuno più comprensivo.	I'd rather speak to someone more understanding.	a7dc2820-d557-5a76-8b50-ed9dca928ae2	48	47
Credevo che avessimo un'intesa reciproca.	I believed we had a mutual understanding.	a94953d4-4574-5edb-9d9c-8ef90e72a636	41	41
Ho una sensazione di disagio allo stomaco.	My stomach is feeling uneasy.	7bab155f-f053-592d-9b85-87b69eaaea63	42	29
I bagni pubblici sembrano difficili da trovare.	Public restrooms seem hard to find.	5769bcf1-98b9-524c-960c-3efe4d855aa4	47	35
Come mi sono cacciato in questa situazione?	How did I get myself into this situation?	b672b5a8-27d1-52db-8973-3bfdc1abdd94	43	41
Ho solo bisogno di un momento di privacy.	I just need a moment of privacy.	7e8e4d3e-cb96-50be-8e1a-51e648ef279b	41	32
Avrei dovuto pianificare tutto in anticipo.	I should have planned ahead for this.	d4b98888-6bbc-5360-882f-ce05e0efbfc9	43	37
L'ideale sarebbe un parco nelle vicinanze.	A park nearby would be ideal.	da98500c-0b0b-5c43-a897-ac0bb588091b	42	29
Perché è così difficile trovare una toilette?	Why is it so hard to find a toilet?	a0764a8d-a549-5f55-a76d-0134b6d3113e	45	35
Comincio a sentirmi ansioso al riguardo.	I'm starting to feel anxious about it.	0dfb4fc2-aacf-5ffc-a945-f213de4382aa	40	38
Ho solo bisogno di un posto dove andare!	I just need a place to go!	8548042c-2457-53de-8029-9fbc4e70e0e3	40	26
Spesso ha dei ripensamenti sulle sue decisioni.	She often second-guesses her decisions.	ce71faec-21d9-5d82-82b5-c269e6ff9e9a	47	39
Il pensiero di fallire la terrorizza.	The thought of failing terrifies her.	6b66df49-afe5-565b-97a2-4f24d5af047d	37	37
Più di ogni cosa, teme la loro delusione.	She fears their disappointment more than anything.	99012431-ab0f-5bff-b487-489db61f0236	41	50
Le fa orrore l'idea di deluderli.	She dreads the idea of letting them down.	a7dc621b-f091-5379-ba9a-2808263081e0	33	41
Sente la pressione di compiacerli sempre.	She feels pressure to always please them.	775528d6-aa64-5cab-bd1c-6b8db09ccb2f	41	41
Ricerca la loro approvazione in ogni impresa.	She seeks their approval in every endeavor.	08cc1a1b-cf02-5a55-acfc-babd35ccfcc9	45	43
Si sente in colpa se non eccelle.	She feels guilty if she doesn't excel.	c6e2d809-a9aa-56fe-bba7-4f7029fb5f3c	33	38
A volte il loro amore sembra condizionato.	Their love feels conditional at times.	c353aeda-db9b-5239-82f5-e900b9d7a77b	42	38
Si paragona costantemente ai suoi fratelli.	She constantly compares herself to her siblings.	10e31e22-e371-529d-95a1-8175c1cd9f13	43	48
Le scimmie amano le banane, ma tu le superi.	Monkeys love bananas, but you outdo them.	8231338f-3486-5695-b959-6f790c483c50	44	41
Devi avere una scorta segreta di banane.	You must have a secret banana stash.	1d050c13-20f1-5c88-b5b2-03d32018e947	40	36
Hai un piano alimentare a base di banane?	Do you have a banana-themed diet plan?	22f26351-a3bf-5859-9264-6ffbf8e3f5b3	41	38
Potresti aprire un ristorante di banane!	You could open a banana restaurant!	9b55d740-04cc-5ba7-8d6f-504f7520d806	40	35
Quante banane mangi in una settimana?	How many bananas do you eat in a week?	750a84fe-998f-5c96-8927-fd276bb1c5af	37	38
Potresti insegnare un paio di cose alle scimmie!	You could teach monkeys a thing or two!	30c18353-6b06-555a-902e-d428cee8fcfb	48	39
Ispiri gli altri a mangiare più frutta.	You inspire others to eat more fruits.	f1fda460-c533-5c3e-9d2a-ca08256152a0	39	38
Potresti scrivere un libro sulle banane.	You could write a book about bananas.	66027422-7a57-5406-aa10-2d2352673ed5	40	37
È importante comprendere i segnali del tuo corpo.	It's important to understand your body's signals.	f8244580-39c1-59f2-8123-b5e9f64b0ae5	49	49
È un aspetto interessante della biologia umana.	It's an interesting aspect of human biology.	4576d672-9de4-5abf-822d-8fe7922d1a4b	47	44
Tom è corrotto.	Tom is corrupt.	3758cec1-ebde-507b-bb62-a2057ff8ce8a	15	15
Mary è molto giovane, vero?	Mary is very young, isn't she?	4645d4ca-31e5-5c72-b3c1-5cd64839454b	27	30
Mary non mi ha mai detto che mi amava.	Mary never told me she loved me.	86018920-d837-5c8c-8cfd-5a8129bf490e	38	32
Mary non mi disse mai che mi amava.	Mary never told me she loved me.	99bb2963-61e7-5e28-81a2-401ccee4fdfe	35	32
Mary lava la sua macchina ogni mattina.	Mary washes her car every morning.	622e2f38-f86f-589f-b37a-bc72b35e5d1b	39	34
Mary lava la sua auto ogni mattina.	Mary washes her car every morning.	52896f5e-120b-53e0-8f98-9c2e8ca1c04d	35	34
Mary lava la sua automobile ogni mattina.	Mary washes her car every morning.	e2e627a9-c8d6-5f63-94f3-a744ab77da1a	41	34
Mary sembrava essere scioccata.	Mary looked like she was shocked.	7a3c9270-74d8-5c4b-8ffb-cd8e49db4c08	31	33
Mary è piuttosto prudente, vero?	Mary is quite careful, isn't she?	84b73c40-6da5-5199-921d-31517f8f2b99	32	33
Gli piace creare esperimenti scientifici.	He enjoys creating science experiments.	e2a11d7a-bb8d-5b52-8333-51b12622d6c4	41	39
Gli piace dipiingere nel giardino sul retro.	He likes to paint in the backyard.	a26a8a18-461f-54c8-a070-518aa7f6ebbd	44	34
Tom odia i cani.	Tom hates dogs.	7aeb0d37-a62c-57ee-92d2-0d70b04c3fb3	16	15
I cani sono affascinanti.	Dogs are fascinating.	138f232c-ef81-5e61-9ef0-d5e2f2334818	25	21
I cani sono più grandi dei gatti.	Dogs are bigger than cats.	5c96a669-b08e-50d8-a7c5-6ab54ebf9c10	33	26
Tom sta giocando con i cani.	Tom is playing with the dogs.	64145d9f-6408-5140-beb3-fb50ebcb1fc3	28	29
Tom sta suonando con i cani.	Tom is playing with the dogs.	06508b1e-2e96-522f-b8e8-87b78a427344	28	29
La ragazza è terrorizzata dai cani.	The girl is terrified of dogs.	b0636933-6c4c-512b-9759-92eabbfa9782	35	30
Ama i cani più delle persone.	She loves dogs more than people.	c46bc632-25f9-5da1-baf4-c1122134705b	29	32
Si sente sopraffatta dalle sue responsabilità.	She feels overwhelmed by her responsibilities.	2c401e5a-edc8-5271-8e56-c67b07ea7e2f	46	46
Spesso si sente sola nelle sue battaglie.	She often feels alone in her battles.	0f95ca21-5a35-5332-85a3-4ccb43c303d1	41	37
Spesso fa la coraggiosa per gli altri.	She often puts on a brave face for others.	c4bf5d59-07eb-5265-a739-47db62bd9e19	38	42
Sarebbe molto crudele diffondere false dicerie.	It would be very cruel to spread false rumors.	fba37358-d5d9-5a3d-a336-a5d8db7f4851	47	46
Sarebbe molto crudele trascurare gli anziani.	It would be very cruel to neglect the elderly.	7afe2c0b-d3f2-5ad5-87f0-8d68ba217629	45	46
Ecco una tigre.	This is a tiger.	70989321-3487-538e-9c68-465ddeedb848	15	16
Dopo il lavoro è andato in palestra.	He went to the gym after work.	4519edcb-f90f-5c55-855f-d82277326af8	36	30
Preparò la borsa con l'essenziale.	He packed his bag with essentials.	1292becf-49ac-5328-ba18-1560c445e74c	34	34
Gli piaceva la compagnia degli amici.	He enjoyed the company of friends.	13f10e3c-b0a6-553a-ab57-956300118aa7	37	34
Si sentiva energizzato durante l'allenamento.	He felt energized during the workout.	6d89c94f-8540-52a6-afb1-f915c34e50df	45	37
Si sforzò di correre più veloce.	He pushed himself to run faster.	8b8f12c6-39c0-5f75-9620-a06ae7c946ec	32	32
I cani non sono permessi nella sua città.	Dogs are not allowed in his city.	efb426fe-df4a-5e3a-b857-0350f5ff4235	41	33
Alla madre di Tom non piacevano i cani.	Tom's mother didn't like dogs.	35c35a7d-9f3d-50a7-8e14-d1093f43d021	39	30
Non parlo con i cani che abbaiano.	I don't talk to barking dogs.	8c2495b9-848c-5d62-a5d1-b929d1291494	34	29
Deve prendersi cura dei cani.	He has to take care of the dogs.	781b869e-d537-5e57-979d-340a946d26d1	29	32
Si deve prendere cura dei cani.	He has to take care of the dogs.	61144d17-0013-5f0d-93ff-06b8765b163c	31	32
Può essere fonte di imbarazzo in pubblico.	It can be a source of embarrassment in public.	f5208e50-c85b-5a54-bc5f-72be6380d249	42	46
Ho chiesto consiglio a un professionista medico.	I've sought advice from a medical professional.	375a7b33-e9b2-5b0a-b18a-ed5c02190af7	48	47
La tua presenza accende in me la passione.	Your presence ignites a passion in me.	5a05c214-5e7b-5e05-a176-927290f6ce1c	42	38
Voglio condividere un momento intimo insieme.	I want to share an intimate moment together.	98d4a312-9bf3-5da2-8d39-e7ab50a98636	45	44
Starti vicino è una sensazione magica.	Being close to you feels magical.	5621ef3d-77d7-56e9-810b-16e8317cd7ac	38	33
La chimica tra noi è innegabile.	The chemistry between us is undeniable.	027b89c6-8abd-5bec-b24e-5ae58f42203a	32	39
Fai emergere il meglio di me.	You bring out the best in me.	ff80cf62-37b7-5082-913e-43f8e61648e7	29	29
Mi sento attratto da te come da una calamita.	I feel drawn to you like a magnet.	ac5f9900-e4b6-51a3-bb9c-a3ffb656a45e	45	34
Il mio cuore accelera quando sono vicino a te.	My heart races when I'm near you.	83a37d10-9625-521e-8c89-7286d4df3955	46	33
Voglio sussurrarti dolci parole all'orecchio.	I want to whisper sweet nothings in your ear.	24103e5c-b2d2-5b1b-8eb8-a61c8434659e	45	45
Mi fai palpitare il cuore.	You make my heart flutter.	61f1eecc-5757-5a95-8ab5-dc4ebfd45dea	26	26
Insieme creiamo una meravigliosa energia.	Together, we create a beautiful energy.	86de6e98-631f-5cb3-9a53-f15f5f95ecde	41	39
Voglio tenerti stretto, sempre.	I want to hold you close, always.	3928834e-55d5-56e9-bcfb-5f2c19e8f124	31	33
Sei il mio più grande desiderio.	You're my greatest desire.	64f568fd-0a64-5674-beb2-4d68ea212c97	32	26
La tua felicità è una minaccia che non tollererò.	Your happiness is a threat I won't tolerate.	bad50668-a69f-53c0-a212-142a289bc159	49	44
Farò il cattivo nella tua storia di speranza.	I'll play the villain to your hopeful story.	7289faaa-21f8-5f5b-9abd-08726bd210e3	45	44
I tuoi trionfi non saranno mai incontestati da me.	Your triumphs will never go unchallenged by me.	2f9363b0-0283-5a05-8502-25597015a33c	50	47
Nessun tuo traguardo sarà privo di opposizione.	No achievement of yours will go unopposed.	fec6280d-fe5c-5cb2-b92a-a81750a5bee8	47	42
Le scuse sembrano estranee al tuo modo di pensare.	Apologies seem foreign to your way of thinking.	315205c8-f054-5b29-88d3-d82329b1f277	50	47
Ti atteggi come uno che non commette mai errori.	You carry yourself as if you never make mistakes.	f25af946-7bff-5bff-a8aa-fd98d8580d3f	48	49
Proietti un'immagine che non include il rimpianto.	You project an image that doesn't include regret.	06c62c18-22db-58e9-af36-7ab08319c36d	50	49
La mia infanzia sembra una tabula rasa.	My childhood feels like a blank canvas.	ea083f8d-5aca-5802-acb0-444df9f2bd76	39	39
Non ho immagini di me stesso da giovane.	I have no images of my younger self.	856f4881-8e39-54b0-9dc1-a6e7f8a5c0bc	40	36
È strano non ricordare dove sono cresciuto.	It's strange to not remember where I grew up.	44540428-51bc-5fad-9258-ff057c904f55	43	45
Non ricordo alcuna tradizione familiare.	I can't recall any family traditions.	00948f61-1176-57a0-a67d-72c36de5f0db	40	37
Ogni tentativo di ricordare sembra vano.	Every attempt to remember feels futile.	bdb59bbe-40fd-5cef-80b7-957b657ab49b	40	39
A volte invidio quelli con un passato vivido.	I sometimes envy those with vivid pasts.	4cbdf560-1dd8-5952-b83d-f8943fe7379c	45	40
Durante la discussione mi ha sputato in faccia.	He spat me on my face during the argument.	25065fc1-6b1a-5d9b-b77f-774f0ad14283	47	42
La folla sussultò mentre lui mi sputava in faccia.	The crowd gasped as he spat me on my face.	6b92db39-f04d-57f0-b38e-952eae75a6d5	50	42
Ho dato da mangiare ai cani circa un'ora fa.	I fed the dogs about an hour ago.	b8dbaf46-7107-5314-b9be-703895b2562b	44	33
I gatti sono persone?	Are cats people?	aee36005-51c0-5895-8b5e-97dd9983be66	21	16
I gatti sono delle persone?	Are cats people?	5f1ffc95-228b-54d8-b19d-6aafe1ce9a33	27	16
Mary ha detto che aveva un contratto.	Mary said that she had a contract.	ec6ba65c-f656-5d69-a46f-4084b30ef3c4	37	34
Mary disse che aveva un contratto.	Mary said that she had a contract.	c5dc8e77-057e-56e8-9825-8b37e4ccfa14	34	34
Firma il contratto.	Sign the contract.	981f320e-0636-5304-8410-9a7243def368	19	18
Firmate il contratto.	Sign the contract.	fcd11bc1-6246-55b8-9316-4294ab415189	21	18
Firmi il contratto.	Sign the contract.	697045a8-22e8-56de-8084-d80b538f635e	19	18
Ha infranto il contratto.	He broke the contract.	25b0b79f-6087-5349-b88d-645ad3ef5ea6	25	22
Infranse il contratto.	He broke the contract.	79fa4c9f-2e82-506c-9243-729a6a055778	22	22
Tom ha rinnovato il contratto.	Tom renewed the contract.	26f26798-907f-5292-8ffc-9122cf24eeed	30	25
Tom rinnovò il contratto.	Tom renewed the contract.	7294a7ed-3314-5abe-9e25-af97c6e4de0b	25	25
Il nostro contrato è scaduto oggi.	Our contract expired today.	8a1ae472-9b5b-5c70-b65c-05413042e2a9	34	27
Voglio un contratto.	I want a contract.	15bebb65-0bae-55be-9d7f-8964242af224	20	18
Leonid ha cambiato il contratto.	Leonid changed the contract.	b5dab329-89ad-582c-ae26-74780ca20873	32	28
Leonid cambiò il contratto.	Leonid changed the contract.	9d0aad68-bf0d-543c-b98e-4391fa368756	27	28
Hanno letto il contratto.	They read the contract.	82aaae35-996a-5a47-8696-c1b38bed4e1d	25	23
Leggono il contratto.	They read the contract.	d0d9e226-c21f-5c35-9442-882fb5a1c366	21	23
Lessero il contratto.	They read the contract.	0c333fd8-cb9c-5b88-aaa4-37a63488824d	21	23
Yanni ha ricevuto un contratto.	Yanni got a contract.	978d8615-9485-5a18-bfc0-6732c856492a	31	21
Yanni ricevette un contratto.	Yanni got a contract.	8b846ad0-c02a-51ec-a3d0-495e2e91f461	29	21
Hanno firmato il contratto.	They signed the contract.	4ad199d2-6577-5d35-83fe-926976a22d4f	27	25
Firmarono il contratto.	They signed the contract.	393f2cb4-8db7-5ff4-8158-c2643ac62373	23	25
Tom ha letto il contratto.	Tom read the contract.	f94adf2b-6883-553a-b075-af071e5888c1	26	22
Tom lesse il contratto.	Tom read the contract.	8ca6e35f-8497-5af0-aee8-6092efbb3c8b	23	22
Mennad ha firmato il contratto.	Mennad signed the contract.	57042862-fe62-589f-8cb2-798a9c715fac	31	27
Mennad firmò il contratto.	Mennad signed the contract.	9c03d749-b110-53bd-aa85-9597879234d8	26	27
Sami ha firmato un contratto.	Sami signed a contract.	97d2c554-f4b9-5ace-9ac9-86e560d471c2	29	23
Sami firmò un contratto.	Sami signed a contract.	39168521-1c85-557d-8d3b-d181b09fa418	24	23
Sami ha letto il contratto.	Sami read the contract.	cb60e134-9c70-5854-94f2-1b104709f261	27	23
Sami lesse il contratto.	Sami read the contract.	cfad9a39-3b19-52ed-b38a-343af304d036	24	23
Abbiamo bisogno di un contratto.	We need a contract.	91b73d46-0323-516b-93ec-080b9c3ea9d6	32	19
Ci serve un contratto.	We need a contract.	4a8c9182-59fa-57cd-ac50-0ec34fd26827	22	19
Non c'era un contratto.	There was no contract.	998c6b46-de86-54d5-8f93-b7d4f7d1b00d	23	22
Il contratto scade oggi.	The contract expires today.	00980cdc-8da1-549e-959b-808bca3bc1f9	24	27
Il contratto è finalmente firmato.	The contract is finally signed.	167adef4-a427-5517-a5e0-d60e2acbdabb	34	31
Hai un contratto?	Do you have a contract?	23db6930-1e08-5e16-9c67-35c1d9214140	17	23
Ha un contratto?	Do you have a contract?	2b5cd526-01b5-5dfc-90fd-266afb27252f	16	23
Avete un contratto?	Do you have a contract?	3b3a98f1-b678-5b23-9e4c-42a266433b40	19	23
Tom ha firmato quel contratto?	Did Tom sign that contract?	e853930e-5f72-5fb9-9591-33b2d38cccab	30	27
Tom firmò quel contratto?	Did Tom sign that contract?	e8bc79c9-ad7c-56bf-8a5b-da0f7e1db605	25	27
Il tuo contratto termina il prossimo ottobre.	Your contract ends next October.	e0590e24-1fdc-52b8-af62-92b4229844a7	45	32
Il suo contratto termina il prossimo ottobre.	Your contract ends next October.	ad166bf1-de35-5835-a989-a630afbe1061	45	32
Il vostro contratto termina il prossimo ottobre.	Your contract ends next October.	94501c20-7c0f-5a74-8877-771a3ed1de16	48	32
Yuri ha firmato rapidamente il contratto.	Yuri quickly signed the contract.	0fde6532-2317-5aa3-a985-befaef3d05d6	41	33
Yuri firmò rapidamente il contratto.	Yuri quickly signed the contract.	cff66d3e-ea68-52b1-8339-966b1e7445fa	36	33
Il contratto di Leonid era perfetto.	Leonid's contract was perfect.	0acb962f-a653-54dd-949f-38ebc84ee6a6	36	30
Anche Fyodor ha firmato il contratto.	Fyodor signed the contract, too.	e46f54c1-b73e-5485-a15e-09696062f08f	37	32
Anche Fyodor firmò il contratto.	Fyodor signed the contract, too.	fd6586d7-fee0-526c-9d01-5676e82f7971	32	32
Il contratto scadrà presto.	The contract will expire soon.	b9e34709-5a33-5854-bbee-3b16b03a33b4	27	30
Tom ha strappato il contratto.	Tom tore up the contract.	f06cc6dd-2c85-50f6-9f51-ee3a89f6e4dc	30	25
Tom strappò il contratto.	Tom tore up the contract.	b29e8694-e096-5736-82d3-ae43bd75719d	25	25
Sto firmando il mio contratto.	I am signing my contract.	3f46f347-da9b-5ab7-9eb8-1a27feb80ba4	30	25
Non ha violato il contratto.	He hasn't violated the contract.	ee1b9870-2322-59b4-8959-5482db06f5d5	28	32
Avrei dovuto leggere il contratto.	I should have read the contract.	e646cb81-1fbe-50c8-8b4a-c29d69895898	34	32
Si è rifiutata di firmare il contratto.	She refused to sign the contract.	be0f6be1-31f3-58ec-b881-8989d982d9d2	39	33
Si rifiutò di firmare il contratto.	She refused to sign the contract.	3863983a-540e-5c8a-9744-49719b646922	35	33
Perché hai firmato quel contratto?	Why did you sign that contract?	4e9e9502-4af8-5edb-bdad-f424358d91ed	34	31
Perché ha firmato quel contratto?	Why did you sign that contract?	babcf28d-666a-5b3a-a8fc-d8808dcd31d7	33	31
Perché avete firmato quel contratto?	Why did you sign that contract?	391a2b9e-ad63-5b31-a077-6c6c78788588	36	31
Il contratto non è stato firmato.	The contract hasn't been signed.	a352f9d4-c6af-52a6-868b-ba15619755be	33	32
Non c'è mai stato un contrato scritto.	There was never a written contract.	0fbef56f-d763-50f5-b7a9-c71f0cc0e1dd	38	35
Non ci fu mai un contratto scritto.	There was never a written contract.	55a6448d-2219-55d3-a8b0-ee0a73242bf0	35	35
Il contratto è scaduto il 20 ottobre.	The contract expired on October 20th.	6e6b3fee-0418-5226-8452-9a8d5a520bff	37	37
Questo contratto è ancora in vigore.	This contract is still in effect.	d3232894-3e65-5bde-9105-4badebf53a89	36	33
Gli hanno fatto firmare un contratto.	They made him sign a contract.	00ff0657-01b9-59b6-9b96-0babb2be8eda	37	30
Gli fecero firmare un contratto.	They made him sign a contract.	e5a46acf-0792-5b04-aed8-5f740f522dfc	32	30
Non riesco a leggere questo contratto.	I can't read this contract.	1a665954-d0d9-5a9b-9414-737709006802	38	27
Non posso leggere questo contratto.	I can't read this contract.	8e23afc3-268d-5f25-9415-c4f936103b63	35	27
Ziri ha dovuto annullare il contratto.	Ziri had to cancel the contract.	868dd5a5-8daf-5a3c-8907-62cfea6fce86	38	32
Ziri dovette annullare il contratto.	Ziri had to cancel the contract.	313173aa-7409-5e3c-b5b3-ca7f9476d8c7	36	32
Il contratto del giocatore è stato rinnovato.	The player's contract was renewed.	83ceda2f-5804-5ada-9a92-1cb6aada9a79	45	34
Il contratto del giocatore fu rinnovato.	The player's contract was renewed.	75c823dd-177c-5e9a-883e-79926d8ac4c2	40	34
Il contratto della giocatrice è stato rinnovato.	The player's contract was renewed.	6a1297ab-a304-5d95-aca6-bfc43d1f752f	48	34
Il contratto della giocatrice fu rinnovato.	The player's contract was renewed.	c04dc3d1-e4ec-5d8c-b336-8019108921db	43	34
Tom non ha letto il contratto.	Tom didn't read the contract.	7b49d677-1a51-5337-a5cf-83fb076df92b	30	29
Tom non lesse il contratto.	Tom didn't read the contract.	5bca6bdb-8d91-5e18-bb68-6dccc1d436b7	27	29
Il contratto era scritto in berbero.	The contract was written in Berber.	579c64b7-cff9-593f-bb0a-31d1c97a7ccf	36	35
Un'azienda algerina ha vinto il contratto.	An Algerian company won the contract.	e5454f9d-9e96-5bdd-8a70-297b0fb8c579	42	37
Un'azienda algerina vinse il contratto.	An Algerian company won the contract.	6abf911a-8cc7-515e-84ae-85444dc3300e	39	37
Ho scoperto questo nel contratto.	I discovered this in the contract.	7fc76f11-1105-50b5-b205-c9b0fd3ebfc7	33	34
Scoprii questo nel contratto.	I discovered this in the contract.	855144f6-b4d0-5600-9083-d0af2d305ff6	29	34
Tom ha firmato il contratto a ottobre.	Tom signed the contract in October.	ca315b0f-2189-5b81-9934-acc1da9339a8	38	35
Mary non ha violato il suo contratto.	Mary hasn't violated her contract.	adfa0c30-e682-59a8-91f9-4835bc05285d	37	34
Ti chiamerò domenica.	I'll call you on Sunday.	b71c56e3-65d5-5c1b-938a-a42688b77fb2	21	24
Vi chiamerò domenica.	I'll call you on Sunday.	f70c3937-4e6e-5c7b-aba9-485248d2db3e	21	24
La chiamerò domenica.	I'll call you on Sunday.	a068485c-661c-5ca7-9db9-59e9b611c6cf	21	24
Sami non ha firmato un contrato.	Sami didn't sign a contract.	898f7b52-c79d-5322-8c61-d3c902b95ec5	32	28
Sami non firmò un contratto.	Sami didn't sign a contract.	96b0d58e-9077-5296-b4b9-bf416df7ef17	28	28
Sami non ha bisogno di un contratto.	Sami doesn't need a contract.	314fa630-81d0-580e-aa13-c1ca24c4a10a	36	29
A Sami non serve un contratto.	Sami doesn't need a contract.	63cbc2e8-7fac-58bf-98d5-142a7d02f545	30	29
Ho tradotto il contratto in francese.	I translated the contract into French.	d97e3224-d904-5520-8904-a26027e57715	37	38
Tradussi il contratto in francese.	I translated the contract into French.	c28a5c40-e499-5006-baa4-0480cbabcade	34	38
Tom ha letto il contratto in segreto.	Tom read the contract in secret.	340675c4-2aeb-5aef-bb30-101be0cd5a4e	37	32
Tom lesse il contratto in segreto.	Tom read the contract in secret.	953965b3-ae1a-589f-9b6c-e4a5b51d9f84	34	32
Il mio contratto non sarà rinnovato.	My contract won't be renewed.	b4bee073-e814-56fe-94ad-4fffa31ced81	36	29
Il contratto di Tom non è stato rinnovato.	Tom's contract wasn't renewed.	13394331-2d3f-5acb-b337-0af924daabf8	42	30
Il contratto di Tom non fu rinnovato.	Tom's contract wasn't renewed.	e6bbd345-6eb8-52ef-9a27-6a0e047b19cf	37	30
A Tom non piace il suo contratto.	Tom doesn't like his contract.	d6744dd8-c667-5edd-9b25-c600003f75af	33	30
Tom ha firmato un nuovo contrato.	Tom has signed a new contract.	e77f5665-ad25-56fe-97ec-8f11db4da7f3	33	30
Non sono felice con questo contratto.	I'm not happy with this contract.	8f203958-b3fb-532c-b7c5-06cacca384f8	37	33
Io non sono felice con questo contratto.	I'm not happy with this contract.	7bbbcbd5-fad8-5784-9e10-a73d6edb1489	40	33
Un contratto è un accordo legalmente vincolante.	A contract is a legally binding agreement.	4b048574-be5d-5cc7-95cf-61c723211d2a	48	42
Tom non ha tradotto correttamente il contratto.	Tom didn't translate the contract correctly.	01ac4dd6-442c-5396-9793-42caf8ca3591	47	44
Tom non tradusse correttamente il contratto.	Tom didn't translate the contract correctly.	4fbc3c4f-cebd-5ea9-a423-386c4021b9b9	44	44
Sami dovrà firmare il contratto.	Sami will have to sign the contract.	0da40c51-5949-5b98-9185-5a5c38e2bbae	32	36
Hanno violato i termini del contratto.	They violated the terms of the contract.	82918275-aa2d-5a6e-bb34-c0d7665cf8fe	38	40
Violarono i termini del contratto.	They violated the terms of the contract.	2cb67817-6e04-53fb-a22d-3ebb96a69bae	34	40
Vorrei vedere il contratto.	I would like to see the contract.	e0df29c5-934f-50be-92a3-bf7bb956e00b	27	33
Non ho ancora firmato il contratto.	I haven't yet signed the contract.	4e66dcd5-f081-59d9-9491-8d3a8992b423	35	34
Di' a Tom che firmerò il contratto.	Tell Tom I'll sign the contract.	30a54276-022f-5fe8-b731-0ca7c80ec739	35	32
Dica a Tom che firmerò il contratto.	Tell Tom I'll sign the contract.	2a8bde9a-c6ed-52eb-a628-ea3913d13db1	36	32
Dite a Tom che firmerò il contratto.	Tell Tom I'll sign the contract.	9a8b090f-6672-58ce-9a03-445db30d3e1d	36	32
Quali sono i termini del contratto?	What are the terms of the contract?	3d03cc79-4b1a-5822-9b6d-d3e69f148a24	35	35
Flavio è uscito dalla sua camera da letto.	Flavio went out of his bedroom.	c4fa8527-36d8-5623-9e5d-68cac0a675cf	42	31
Flavio uscì dalla sua camera da letto.	Flavio went out of his bedroom.	06161968-b272-511a-bb03-d9373b69634b	38	31
Il contratto non ha ancora la loro firma.	The contract doesn't yet have their signature.	a3271693-9d91-54e7-b1e7-409343627d53	41	46
Chi ti credi di essere per giudicare gli altri?	Who do you think you are to judge others?	47237a51-142d-5921-80ed-23120cdddc36	47	41
Chi credi di essere per prenderti tutto il merito?	Who do you think you are, claiming all the credit?	b26cae59-1c43-5ca7-a047-c7d5f22dc1ff	50	50
Invece di giudicare, perché non offrire una mano?	Instead of judging, why not offer a helping hand?	19add99f-15fb-5d29-956f-5918a5fba49b	49	49
Non è compito tuo definire il valore di qualcuno.	It's not your place to define someone's worth.	0a31a2c8-641a-5bc7-a8e5-7e6180fc5bdd	49	46
Devo cercare un posto di lavoro più vicino.	I've got to look for a job closer by.	9855601c-035b-5047-9a89-8bd2eac7dc36	43	37
La mia spiegazione ti è sembrata sensata?	Did my explanation make sense to you?	4fce2208-28d3-58fe-8511-22643299a6d9	41	37
Puoi riassumere ciò che hai capito?	Can you summarize what you understood?	789761ff-9ffc-53a0-8db6-1372902a5a73	35	38
Come hai interpretato quello che ho detto?	How did you interpret what I said?	dc45172a-4a5d-537b-8dea-1ec039a46cef	42	34
Hai bisogno di ulteriori chiarimenti?	Do you need me to clarify anything further?	37fa5d43-6fe1-579a-96e6-3cc9369d5dc5	37	43
Cosa ti ha colpito di più del mio messaggio?	What stood out to you from my message?	3add1a45-df50-569f-b06d-1c08882d12a5	44	38
Ho comunicato le mie idee in modo efficace?	Did I communicate my ideas effectively?	3c3ed300-cdc2-5b8a-bdf1-ef28aa1def5a	43	39
C'erano troppe informazioni tutte insieme?	Was there too much information at once?	57057550-9cca-5e1b-9713-a02a0e8aafd9	42	39
Lo guardavo con molta ammirazione.	I looked up to him a lot.	b7a3af5e-5255-5648-8b71-be48e7acff53	34	25
Pensava che fumare fosse fico.	He thought smoking was cool.	908fccc6-7941-5489-b309-1714ff7b2aff	30	28
Un giorno mi offrì una sigaretta.	One day, he offered me a cigarette.	2d7d1524-4f8b-5da8-bc5e-8377c2347809	33	35
Si sente insicuro della sua identità.	He feels insecure in his identity.	10fd6313-10d4-5353-b56f-53b679bcf624	37	34
La tua sicurezza sfida la sua.	Your confidence challenges his own.	512824e7-2eba-5dec-9794-3a7e4917b769	30	35
Percepisce le differenze come una rivalità.	He perceives differences as a rivalry.	03c2026a-1325-52fa-91d6-407e78a8b9f0	43	38
Fatica ad accettare la diversità.	He struggles with accepting diversity.	8fd1755d-f5d9-50ba-9ceb-19e827a4a4b0	33	38
La tua autenticità lo mette a disagio.	Your authenticity makes him uneasy.	20372271-26b4-55d1-8ec3-d9515834e185	38	35
Teme d'essere paragonato a te.	He fears being compared to you.	299fdb26-4040-523e-81cc-7ab9751d6751	30	31
Potrebbe vederti come un competitore.	He might see you as a competitor.	33561cc2-3b1e-5867-99a8-fa6ee3269326	37	33
Le sue reazioni derivano da insicurezze radicate.	His reactions stem from deep-seated insecurities.	037b3567-f188-54ca-af7b-88b4eb34698f	49	49
Confonde la tua identità con il suo valore.	He confuses your identity with his own worth.	766e9aa5-ceb2-5dcd-b537-13d744948d7b	43	45
Sente il bisogno di affermare la sua mascolinità.	He feels the need to assert his masculinity.	26d60196-9024-5910-8b6d-86c5aa35a508	49	44
Il suo disagio evidenzia le pressioni sociali.	His discomfort highlights societal pressures.	52dbcf1b-64f1-5fad-9c45-fa5debd3c464	46	45
Capire la tua esperienza potrebbe aiutarlo.	Understanding your experience could help him.	984624e8-d51f-5859-a1bb-c98608e08938	43	45
Può sentire che è in gioco la sua identità.	He may feel his identity is at stake.	7968ae25-101c-55bb-8e4f-cdc679a19303	43	37
La sua paura porta a incomprensioni e conflitti.	His fear leads to misunderstanding and conflict.	5ec9134b-c7da-506e-9531-d811ca251d87	48	48
Riconoscere le differenze può favorire l'empatia.	Acknowledging differences can foster empathy.	be87a643-fc58-5811-b42b-30d1d87924fa	49	45
La tua onestà gli fa riconsiderare le sue scelte.	Your honesty makes him reconsider his own choices.	4e8b7e6e-897e-593e-85bc-6077751f7ccc	49	50
La sua forza spesso lo sorprende.	Her strength often surprises him.	3b20a2b4-42d3-5182-b7ff-8f365ed3da38	33	33
La sua sicurezza la dice lunga.	Her confidence speaks volumes.	ed68a7df-cfee-5a46-91bb-75757338f74e	31	30
Gestisce le cose con grazia.	She handles things with grace.	a684652c-db34-594d-ae59-654cb9ea2f0b	28	30
Non è necessario stressarsi per lei.	Stressing over her is unnecessary.	c147d382-c347-5715-8bbd-a060956f32e6	36	34
Rispetta la sua indipendenza.	He respects her independence.	40516861-6041-5529-8c0e-93c8101a3a2c	29	29
È piena di risorse e sveglia.	She's resourceful and quick-witted.	176cdbb1-08dc-505a-8f60-c53162934850	29	35
Ha imparato ad adattarsi.	She's learned how to adapt.	f02f5a9d-e5b4-5f04-8679-67f894b53b53	25	27
Fidarsi di lei è essenziale.	Trusting her is essential.	d8a613ab-d24f-5f4c-b7c1-71e29c4a396f	28	26
Risolve i problemi in modo efficiente.	She solves problems efficiently.	d62745ea-29bc-56bd-bae4-7e1944a5a018	38	32
La sua resilienza è ammirevole.	Her resilience is admirable.	c4acb16f-fbdf-57e1-a314-1f084159885e	31	28
Sa che starà bene.	He knows she'll be fine.	868b1080-f243-5694-a26f-643ada03b24b	18	24
La sua fiducia in lei è incrollabile.	His trust in her is unwavering.	86c485cb-fce7-5a11-bb81-be704aefd858	37	31
Affronta i problemi a testa alta.	She tackles problems head-on.	9a774bd9-890a-5903-8a03-09d9fb2488d3	33	29
Prende decisioni con sicurezza.	She makes decisions confidently.	3f052a57-2066-5568-b27e-20ac11f1f390	31	32
Le sue capacità parlano da sole.	Her skills speak for themselves.	dd518269-cd4a-567f-882a-02fb3a984bfa	32	32
Ha successo senza fare affidamento sugli altri.	She succeeds without relying on others.	42fb6938-fd2e-509a-a09a-59dd91c0cbdb	47	39
Naviga gli ostacoli della vita senza sforzo.	She navigates life's hurdles effortlessly.	f322db0f-534c-50a9-9d0a-2ce23e9bc32f	44	42
La sua determinazione è fonte di ispirazione.	Her determination is inspiring.	e9f6287f-cd51-5805-8c85-3180e2ebf9c5	45	31
Si fida completamente del suo istinto.	She trusts her instincts completely.	64ec1aa1-abea-5a50-b3e6-f86a99bff01a	38	36
La sua resilienza è ineguagliabile.	Her resilience is unmatched.	5a801e11-aa35-58e2-aecf-dca1dd876c54	35	28
Persegue i suoi obiettivi con diligenza.	She pursues her goals diligently.	5c1b22da-e262-577e-bb3a-e1864f6118f4	40	33
Abbraccia il cambiamento senza paura.	She embraces change fearlessly.	0ce8628c-fec5-546e-92f6-5f6f98dfdff9	37	31
La sua creatività non conosce confini.	Her creativity knows no bounds.	34057921-2152-547d-bcd1-7a03292e15dc	38	31
Impara da ogni esperienza.	She learns from every experience.	1258a500-453d-5148-9ca9-46c8643e54be	26	33
È una forza della natura.	She's a force to be reckoned with.	0ff023e5-c805-5303-a389-1f46101f300a	25	34
La sua sicurezza traspare in ogni situazione.	Her confidence radiates in every situation.	ab86cdeb-0fdc-567b-a2a1-705dc9a55b57	45	43
È avvocatessa di se stessa.	She's an advocate for herself.	2320d467-129e-5851-b6a6-50566221c5a2	27	30
Lei è ferma nelle sue convinzioni.	She stands firm on her beliefs.	05c3ec5d-3f00-51ba-ba52-bb73460cf940	34	31
Ogni giorno difende i suoi bisogni.	Every day, she speaks up for her needs.	156161a8-5a61-5ce3-9386-65c111c5e464	35	39
Stabilisce limiti chiari con sicurezza.	She sets clear boundaries with confidence.	1d943cf5-1b8e-547d-8d5e-97dc82bdfc2e	39	42
Conosce il suo valore ed esige rispetto.	She knows her worth and demands respect.	2fa9b5bf-ab41-5398-a136-97ec3d353b11	40	40
Le sfide la rendono solo più forte.	Challenges only make her stronger.	7a718303-6bc5-592b-8ad0-247ca08cf4ba	35	34
Cerca opportunità di crescita.	She seeks opportunities to grow.	ca9c4819-810b-5fc0-9225-059760153cd0	30	32
La sua assertività apre le porte.	Her assertiveness opens doors.	c1743fdb-eeb3-5785-bf87-59906bdaeed0	33	30
Condivide la sua storia con orgoglio.	She shares her story with pride.	11d320aa-a262-5065-b198-45620c9b0f5c	37	32
Il suo viaggio incoraggia l'autoriflessione.	Her journey encourages self-reflection.	49d66d40-c8ab-5d12-8b95-9a8e6d78e9a1	44	39
Ascolta il suo intuito, sempre.	She listens to her intuition always.	721e4262-75c9-52e6-be3e-64abd3d63995	31	36
Le sue decisioni riflettono i suoi valori.	Her decisions reflect her values.	653c6776-c23c-542a-b3b4-53d6277b5a78	42	33
Si informa sulle questioni importanti.	She educates herself on important issues.	33ff8651-e067-5d30-b52f-dcf837f421b0	38	41
Fa domande per capire meglio.	She asks questions to understand better.	6fc7c77c-b840-52f4-a837-822221b6d467	29	40
Lei è la sua migliore alleata.	She's her own best ally.	a30d9d1c-2493-5834-b826-7718ef14d4d9	30	24
Crede nel potere dell'autoespressione.	She believes in the power of self-expression.	49900f8f-9018-5b1f-b127-9a85c3b35879	38	45
Restare cauto mi ha aiutato a evitare il Covid.	Staying cautious helped me avoid Covid.	e8d1d860-433a-515b-bf27-627ec17a3fc8	47	39
Nei luoghi affollati indosso sempre la mascherina.	I always wear a mask in crowded places.	5b0de9c2-5920-5809-96ec-0bf7f1b00267	50	39
Non ho mai preso il Covid e mi sento fortunato.	I've never got Covid, and I feel lucky.	c32a30e3-0899-55d7-b110-cdd4a829144f	47	39
Limito la mia esposizione ai grandi raduni.	I limit my exposure to large gatherings.	04bbe88c-4f9b-523b-9c13-709f815ec976	43	40
Faccio attenzione a dove mangio e faccio la spesa.	I'm careful about where I eat and shop.	6d19033f-ae79-5521-b524-bd8f133f1f8a	50	39
Tenermi informato mi ha mantenuto vigile.	Staying informed has kept me vigilant.	25e98e8c-5039-55a3-964f-7a71f9c2a40f	41	38
Mary si sta vestendo nella sua stanza.	Mary is getting dressed in her room.	a4b50017-d8ec-521e-97cd-21e0f12be605	38	36
Mary è sempre preparata, vero?	Mary is always prepared, isn't she?	a3c7e186-aa56-5e16-a450-d80c728db4bd	30	35
Mary mi ha prestato il suo ombrello.	Mary lent me her umbrella.	069b8d08-8673-54b3-bfb2-b06ae5b80f5b	36	26
Mary mi prestò il suo ombrello.	Mary lent me her umbrella.	fa7ee25a-e9f2-51dd-a4d7-b7f18eb63298	31	26
Mary ha dato un abbraccio al suo cane.	Mary gave her dog a hug.	d0ab14d7-6af6-5090-837c-91552192c0d8	38	24
Mary diede un abbraccio al suo cane.	Mary gave her dog a hug.	bc0f9f36-a6ff-5c6c-9838-a11bf150ce8e	36	24
Mary ha detto che era molto infelice.	Mary said that she was very unhappy.	86e7c349-20fb-53b1-87b5-549d7b45ec0d	37	36
Mary disse che era molto infelice.	Mary said that she was very unhappy.	4a1ebfe1-f165-52e2-9ca7-7c8564e6650d	34	36
Mary ha detto che sarebbe venuta domani.	Mary said that she'd come tomorrow.	dd79e37b-98b8-5eea-af3b-c08ab8be0358	40	35
Mary ha smesso di prendere la sua medicina.	Mary stopped taking her medicine.	27ecc9c3-fa91-59fe-bf33-5c4066f798cb	43	33
Mary smise di prendere la sua medicina.	Mary stopped taking her medicine.	b8ed3773-639d-554a-9671-c5b3a6584420	39	33
Mary mi ha detto che non conosce Tom.	Mary told me she doesn't know Tom.	9c64b273-d06a-56e1-a83e-c2dacf203b53	37	34
Mary lo fa quando è assonnata.	Mary does that when she's sleepy.	c9b1d880-432f-5211-ad98-c621dc2294c7	30	33
Perché? Perché sì.	Why? Just because.	07289927-1853-5ff2-aa1e-e3e2eb2b62cb	18	18
Troppo trucco può mascherare l'individualità.	Too much makeup can mask individuality.	54622673-35bc-5ac3-885e-b959c70a842f	45	39
La vera bellezza spesso si trova nella semplicità.	Real beauty is often found in simplicity.	1875020f-7062-51ed-b0b1-2e5b4c69da53	50	41
Alcuni ragazzini andavano a scuola in bicicletta.	Some kids rode their bikes to school.	cb9e7af8-1e32-5579-a075-8628262ecbf2	49	37
L'edificio della scuola apparve alla vista.	The school building came into view.	78cb1abc-bfdd-5ef5-98e1-77bf48e19b3c	43	35
Si sono affrettati per arrivare in tempo.	They hurried to make it on time.	634fc198-0d17-5b58-b967-03b2fc68e2bf	41	32
Gli amici si salutarono al cancello.	Friends greeted each other at the gate.	1b4ffcae-f2ab-55d8-a051-61c5c1a51872	36	39
Un altro giorno di apprendimento era iniziato.	Another day of learning had begun.	505fe5d0-c821-5f49-acd7-279010937de7	46	34
Il posto di lavoro offre opportunità di crescita.	The workplace offers growth opportunities.	acc03767-779b-502b-a30b-7e4b043f6dea	49	42
Sono pronto a fare il passo successivo nella vita.	I'm ready to take the next step in life.	3e982e15-660e-5efb-94e5-ed5e2c7404ee	50	40
Possiamo passare a un altro argomento?	Can we move on to another topic?	d21a549a-3a92-52e5-9f17-93fd2ab0f59f	38	32
Questo è per me un argomento delicato.	That's a sensitive subject for me.	58b786a0-a45f-552a-b7fd-7c58003feb14	38	34
Per me questo è un capitolo chiuso.	That's a closed chapter for me.	95143b1a-b296-5f8e-9ddb-392d8175cfac	35	31
Apprezzerei se potessimo cambiare argomento.	I'd appreciate it if we could change the subject.	cf749667-1ae6-597a-8683-fb4761d991f6	44	49
È meglio se non torni.	It's best if you don't come back.	769cd125-1afd-5aaf-bf2f-4cfa8d2092d3	22	33
Per favore, prendi le tue cose e vattene.	Please take your things and go.	0dd3ffaf-9bfc-55fd-a1f7-4ccbbf0f7ccd	41	31
Finiamola qui; addio.	Let's end this here; goodbye.	737658d0-b44f-5c85-b3bd-c5993e496ff0	21	29
Vattene via e non guardarti indietro.	Walk away and don't look back.	3f9c0d57-c784-5c61-9f02-04eb5675b9f6	37	30
Il tuo ombrello era così simile al mio.	Your umbrella was so similar to my own.	b1dace60-5ae6-5240-9554-a9db505bc73f	39	39
Pioveva troppo forte per controllare.	It was raining too hard to check.	d4cbc67c-f66d-5b9d-97db-c7a9553faa67	37	33
Me ne sono accorto quando l'ho aperto.	I realized when I opened it.	0a713f80-1332-509e-b359-db4c7d56c173	38	28
Fino ad allora ne avrò molta cura.	I'll take good care of it until then.	c82416d8-2dd4-513d-98d6-fc0ab3a08d54	34	37
Mi sento un po' in imbarazzo per l'errore.	I feel a bit embarrassed about the mistake.	669dc39a-e97b-5ccb-aafe-fcd3f6e11666	42	43
Farò in modo che non accada più.	I'll make sure it doesn't happen again.	033c989e-8830-5d45-be0f-c5403640e5a0	32	39
Lo vuoi indietro adesso o più tardi?	Do you want it back now or later?	f1398ec5-3cdc-51d6-b906-67ed80baac94	36	33
Apprezzo la tua comprensione in merito.	I appreciate your understanding in this matter.	3a52bc4b-e4b6-5114-8f9f-d8658a37e30a	39	47
Mi dispiace davvero per lo scambio!	I'm really sorry for the mix-up!	40c92f51-e4b8-506d-a130-eb3db83b13c8	35	32
I had no choice but to find a quick solution.	I had no choice but to find a quick solution.	04d60e6a-a341-5db6-a9cf-7728a20276dd	45	45
Speravo che nessuno mi vedesse.	I hoped no one would see me.	9cdc0c56-9dfe-5776-99b5-5871c05b5529	31	28
L'urgenza era opprimente.	The urgency was overwhelming.	c18ad944-1b62-51e4-8a58-79faafe6c39b	25	29
È stata una scelta dettata dalla necessità.	It was a choice made out of necessity.	9d91eafb-0627-5eee-95cd-cbe4d3b4c568	43	38
Mi sono pentito di aver bevuto così tanto prima.	I regretted drinking so much earlier.	0f8e9b31-cfd7-5018-ace0-230c3a33d1f5	48	37
La natura chiamava e io dovevo rispondere.	Nature called, and I had to answer.	f964a7b7-3052-5ae4-972c-48880bde640f	42	35
Mi sentivo imbarazzata ma sollevata.	I felt embarrassed yet relieved.	630e4f97-9ac9-5266-be4a-e9f057584404	36	32
Cercai di ripulire rapidamente.	I quickly tried to clean up.	98051969-2dbd-5d62-bdf6-db9afe57c233	31	28
Mary ha detto che si sentiva un po' stupida.	Mary said she felt a little stupid.	fe21a325-a473-5a0d-a365-6b9f5ea27085	44	35
Mary disse che si sentiva un po' stupida.	Mary said she felt a little stupid.	73e71b38-a5be-5164-ad8b-4d9ce357c438	41	35
Voglio una birra!	I want a beer!	baccdce0-0e80-57e3-a3d6-e55378d0ff25	17	14
Prenderò una birra!	I'll have a beer!	0fe8f512-0d75-51e3-a33b-6db1e2c4a908	19	17
È la tua birra, Tom?	Is that your beer, Tom?	e74d9719-6097-573f-a216-b7af3da8fd32	20	23
Voglio bere della birra.	I want to drink beer.	7a757c4e-08a1-510e-82c7-cac848bba42f	24	21
Anche io voglio una birra.	I want a beer, too.	ca378a1f-d424-5440-9b3e-ab3e60083230	26	19
Tom è un gran bevitore di birra.	Tom is a big beer drinker.	59d897e9-cc5e-5212-a439-c9981ce794fc	32	26
Amerei una birra fredda.	I would love a cold beer.	107cd5dc-5744-5b15-b75b-6473d5495a7a	24	25
E se bevessimo una birra?	What if we drank a beer?	fef33d67-321f-516e-ab78-26b424a68b3b	25	24
Ho bevuto una birra con Tom.	I had a beer with Tom.	f5a36fea-5a97-51fc-8dd2-ff6be7e45c95	28	22
Bevetti una birra con Tom.	I had a beer with Tom.	e564eb2f-d45c-5f20-af41-309256769d5f	26	22
Questa birra è un po' inebriante.	This beer is a little heady.	f309c4a9-4e1f-5860-932d-0c134171128e	33	28
Quel vino è rosso.	That wine is red.	e769ac05-7f9f-574c-9cad-39178604dc90	18	17
Ama davvero il vino.	He really loves wine.	cb0b5151-ba05-55ef-8f23-b7898c09fdda	20	21
Ama veramente il vino.	He really loves wine.	70fee12d-58b3-59d4-905b-b116c9f79363	22	21
Invecchiava come il vino.	It aged like wine.	a31c7478-cc03-5bc1-a915-3b922c4f2f4d	25	18
Ti è piaciuto il vino?	Did you like the wine?	5461bfd6-013c-5ecd-9e88-e24a4009ae90	22	22
Vi è piaciuto il vino?	Did you like the wine?	9d575f39-2743-5857-9425-993344df0775	22	22
Le è piaciuto il vino?	Did you like the wine?	2a915dd4-7a17-560f-bf2e-aba3a91b32bc	22	22
Amerei del vino.	I'd love some wine.	15acd027-73b2-5e8f-a3a2-4f7884030531	16	19
Vorrei del vino.	I would like some wine.	2aec55a9-cf44-5d64-8186-e1dc2c9c9652	16	23
Compra loro una bottiglia di vino.	Buy them a bottle of wine.	33d74ecd-6274-5780-9878-71bdadebb35d	34	26
Comprate loro una bottiglia di vino.	Buy them a bottle of wine.	fd449762-596d-5c94-8ad0-d74e155bb273	36	26
Compri loro una bottiglia di vino.	Buy them a bottle of wine.	2b7f20ca-9c7b-5483-976c-306b4b6a3244	34	26
Hai venduto del vino oggi?	Did you sell any wine today?	1df9f1d2-8828-5777-ab9f-8fa51182fb4f	26	28
Ha venduto del vino oggi?	Did you sell any wine today?	ec7a8f0a-2ac8-588e-a802-b7bc088df3ed	25	28
Avete venduto del vino oggi?	Did you sell any wine today?	031eebba-0897-56ff-8e36-c7bfe28d36c0	28	28
Hai già aperto il vino?	Have you opened the wine yet?	463cfdee-51ce-56d7-9578-8096a534b547	23	29
Ha già aperto il vino?	Have you opened the wine yet?	31d3c49f-e036-59b9-ab33-8deb98cb6fe9	22	29
Avete già aperto il vino?	Have you opened the wine yet?	fd54a844-c1ee-5929-81fe-0e5b264667f0	25	29
Vorrei del vino, per favore.	I'd like some wine, please.	f2cce70f-b112-5632-bd29-fd3502a15175	28	27
Vorrei del vino, per piacere.	I'd like some wine, please.	dd792dc0-732a-5a0b-82f8-c7f02dc98229	29	27
Ho preso tre bicchieri di vino.	I had three glasses of wine.	3a5e9655-9dc4-5e93-a5bf-c96b41776909	31	28
Presi tre bicchieri di vino.	I had three glasses of wine.	93b58ba7-d26a-5343-952f-510e26c9fa04	28	28
Voglio un bicchiere di vino.	I want a glass of wine.	e000c2b9-9893-54b6-8733-a09c29604b5e	28	23
Leonid ha bevuto un bicchiere di vino.	Leonid drank a glass of wine.	4cd5daf8-5cb9-5021-8b0e-f0daea0854a4	38	29
Leonid bevve un bicchiere di vino.	Leonid drank a glass of wine.	ed8b0030-7283-5982-8e07-83b60ccead46	34	29
Quanto vino hai?	How much wine do you have?	56705dfa-e920-585e-8a87-8360b2c7c561	16	26
Quanto vino ha?	How much wine do you have?	3970871f-eb85-5cad-9668-371d8aa7b33c	15	26
Quanto vino avete?	How much wine do you have?	f4cad5fe-8d0d-5d5a-9610-04a1932e7e77	18	26
Igor voleva bere del vino bianco.	Igor wanted to drink white wine.	e87eed10-d0d7-54fd-8381-d54eea3e6816	33	32
Io preferisco il caffè al vino.	I like coffee more than wine.	3c3623c7-9ea8-5ead-9e3b-1261f109c2f6	31	29
Non mi piace il vino rosso.	I don't like red wine.	a00e9700-0574-5f19-a6d5-cc4466eda8dd	27	22
A me non piace il vino rosso.	I don't like red wine.	7e0590c2-2532-5841-b283-dd777cef5c41	29	22
Il vino è una passione per Adriano.	Wine is a passion for Adriano.	da1b7a9a-ef36-5571-a7b7-5591ea9022e7	35	30
Il vino mi dà spesso alla testa.	Wine often goes to my head.	47cf9ed9-2906-5bbc-913c-94dfe3a43213	32	27
Ziri ha bevuto il vino e ha vomitato.	Ziri drank the wine and puked.	7f917c0a-cce5-5eb0-88cc-2339227a60b7	37	30
Ziri bevve il vino e vomitò.	Ziri drank the wine and puked.	0137cc31-8081-58cb-a24e-357b283cab03	28	30
Il vino ti fa bene alla salute.	Wine is good for your health.	57b1b175-79b6-57e7-816b-aaea06c28674	31	29
Il vino vi fa bene alla salute.	Wine is good for your health.	0b02964e-d58e-5141-995d-790966371d55	31	29
Il vino le fa bene alla salute.	Wine is good for your health.	a51b4a83-7ca0-5f53-b082-9d6ec984feec	31	29
Vendi anche del vino importato?	Do you also sell imported wine?	23948c28-70d5-50eb-a233-ca65b8dcffe0	31	31
Vende anche del vino importato?	Do you also sell imported wine?	9fe6f9d6-eca9-5215-90b1-266becc7a193	31	31
Vendete anche del vino importato?	Do you also sell imported wine?	72d193c2-08af-5d7c-9425-a93efa98be64	33	31
Mary disse che suo figlio non era un terrorista.	Mary said her son wasn't a terrorist.	6a62cb57-38b7-5cb0-9673-b79a20885ba5	48	37
Mary non riusciva a credere alla sua sfortuna.	Mary couldn't believe her bad luck.	67dafc37-d57b-5dcd-a750-ad61094ee48c	46	35
Mary è una manager terribile, vero?	Mary is a terrible manager, isn't she?	a0b2be97-1353-5f3f-a492-22131d6e717b	35	38
Mary non ha imparato come farlo dai suoi genitori.	Mary didn't learn how to do that from her parents.	e0e3e0f1-920f-513b-a71b-ee1877e3a36e	50	50
Mary non imparò come farlo dai suoi genitori.	Mary didn't learn how to do that from her parents.	1f9d1333-7efc-5e28-826a-6a1161d25872	45	50
Mary ha detto che spera di cambiarlo.	Mary said she hopes to change that.	946bca84-6ef7-50fd-a1ad-627dbf1492f6	37	35
Mary sembrava essere rilassata.	Mary looked like she was relaxed.	212617c1-9b98-5402-aac9-918be8aa55de	31	33
Mary crede di poterlo fare.	Mary believes she can do that.	9208bd0b-275c-5684-b811-cc887596d97d	27	30
Mary crede di riuscire a farlo.	Mary believes she can do that.	7ee69e1c-0040-59b7-8818-4627605e8a10	31	30
Mary è prepotente, vero?	Mary is bossy, isn't she?	f898e37f-ba41-5755-a853-830e39a504e5	24	25
Mary è figlia unica, vero?	Mary is an only child, isn't she?	e975c269-3152-5785-82a5-d4b84d915de1	26	33
L'energia solare non minaccia l'ambiente.	Solar energy does not threaten the environment.	868f56dd-1cc1-5aba-a7be-01b5c30c8f3d	41	47
Erano alla radio.	They were on the radio.	358013a8-9e2f-5b58-b25a-48f8fa5ce4d6	17	23
Tom è un commentatore radiofonico.	Tom is a radio commentator.	0d1c9ff2-7024-5511-85b8-bd345a62bc2b	34	27
Hanno abbassato il volume della radio.	They lowered the radio volume.	ac94e24e-7283-50c2-a239-7d84ca01f4bd	38	30
Abbassarono il volume della radio.	They lowered the radio volume.	524190f9-950e-5422-a930-4d9bd5c5ea57	34	30
Ziri ha spento la radio.	Ziri turned off the radio.	ccb4cb08-317e-551f-89e4-bf8ef362bb33	24	26
Ziri spense la radio.	Ziri turned off the radio.	d01dfe80-49c7-53af-aa59-4683a5125a2a	21	26
Vieni ad ascoltare la radio!	Come listen to the radio!	bed7d70a-b5ac-5a17-a314-b06b7898d113	28	25
Venite ad ascoltare la radio!	Come listen to the radio!	ecf5d0dc-7f06-572c-b816-f070bdc9f880	29	25
Venga ad ascoltare la radio!	Come listen to the radio!	e37ce828-926b-5527-bc0a-98cd61e20b2d	28	25
Non è colpa tua, quindi non preoccuparti.	It's not your fault, so don't worry.	cc826b79-f2a8-55f8-a05a-b182e2902b2b	41	36
Non è colpa tua, quindi non ti preoccupare.	It's not your fault, so don't worry.	d28b6229-1210-5df3-8150-394776358db3	43	36
Non è colpa sua, quindi non si preoccupi.	It's not your fault, so don't worry.	eee9a937-fe96-53d9-9158-8c689286dbc1	41	36
Non è colpa vostra, quindi non preoccupatevi.	It's not your fault, so don't worry.	99df3ca6-4bf7-5bda-adea-fb7bdbf6d0e6	45	36
Non è colpa vostra, quindi non vi preoccupate.	It's not your fault, so don't worry.	4bd3fa09-3832-5bd5-856e-cc56735944b8	46	36
La radio di Sami si è rotta.	Sami's radio broke down.	615f402a-81fa-593e-861b-9d503f97a669	28	24
La radio di Sami si ruppe.	Sami's radio broke down.	25ad5924-3b3d-5c10-946e-981dc8c8a366	26	24
È Tom quello alla radio?	Is that Tom on the radio?	abfae257-4f2a-5009-a16c-b1dd60f0ab8d	24	25
Ho cambiato la batteria della radio.	I changed the radio's battery.	395d82b7-285c-5f1b-bd97-8b233e78c058	36	30
Cambiai la batteria della radio.	I changed the radio's battery.	cfa98f3e-c110-54a0-a85e-359804ac4cc8	32	30
Lo sentii alla radio.	I heard that on the radio.	438e95fc-d5a7-5278-a5cd-8f9d0902188c	21	26
Hai acceso la radio?	Did you turn on the radio?	7ceb76aa-2a6c-51f0-a714-1595de1bdb57	20	26
Ha acceso la radio?	Did you turn on the radio?	c97c9d55-7ad8-50e5-843c-162f43fca6d5	19	26
Avete acceso la radio?	Did you turn on the radio?	8e864013-9e76-5a62-b38e-d5df60314ccc	22	26
Hai spento la radio?	Did you turn the radio off?	76b43f00-6201-5a20-a270-433a762e1745	20	27
Ha spento la radio?	Did you turn the radio off?	82263260-58d1-568f-88b1-d567e5319796	19	27
Avete spento la radio?	Did you turn the radio off?	26887a72-f3ce-5e76-9e3d-664ce56721a6	22	27
Ziri ha deciso di costruire una radio.	Ziri decided to build a radio.	b00e28f1-1e17-5063-bf99-f2c7fd035441	38	30
Ziri decise di costruire una radio.	Ziri decided to build a radio.	0269214c-8730-5793-a6e8-025f3f3b0f8e	35	30
Ziri ha sentito Rima alla radio.	Ziri heard Rima on the radio.	eec79a8c-5414-5e40-907e-7069b46098e6	32	29
Ziri sentì Rima alla radio.	Ziri heard Rima on the radio.	abd74dfc-4b33-5cb6-8209-20890e321795	27	29
Questa radio è buona.	This radio is a good one.	2914c22e-1836-5a90-8633-caba3eb9105b	21	25
Posso spegnere la radio?	May I turn off the radio?	cd8cdcfa-86b0-5fec-b031-7635e6d3acc8	24	25
Sposai Tom.	I married Tom.	afbb7cbd-0d78-577c-8471-5681839204d4	11	14
Io sposai Tom.	I married Tom.	c92f45e5-6aec-5e96-acc6-441dd536638e	14	14
Inizia il test.	Begin the test.	c86403d5-e2a3-5511-ad6b-d8490c84fff7	15	15
Comincia il test.	Begin the test.	682519f8-0fe9-5aad-919c-cc1d548ebbb8	17	15
Inizi il test.	Begin the test.	b4870cc6-734c-505e-a551-3637140b3dbe	14	15
Cominci il test.	Begin the test.	97b801e2-88d7-5a96-bf9d-8d531b82d61f	16	15
Iniziate il test.	Begin the test.	1afa8232-30ca-5350-b2ad-cffb1d2c6cf3	17	15
Cominciate il test.	Begin the test.	f88fbc98-e22c-5711-9edc-e6b241ae8232	19	15
Ha trovato il test.	He found the test.	190391ed-c3b7-5fbf-8bbd-bf4fbc3abcb2	19	18
Trovò il test.	He found the test.	ba019449-c0b1-5e29-93d4-341fb1a2975a	14	18
Abbiamo superato il test.	We passed the test.	94ee866a-14e0-5c84-b4eb-6e9d7bdb6ad5	25	19
Superammo il test.	We passed the test.	8d409e2d-27ee-5609-9f42-16970e01d15b	18	19
Ziri ha fatto un'eccezione.	Ziri made an exception.	66945482-4325-5de5-845f-a3ed68de25f5	27	23
Oggi non sei il solito.	You're not your usual self today.	ec74b2df-3d0c-52b0-a8a6-281e67f9da36	23	33
Oggi non sei la solita.	You're not your usual self today.	03c01b58-d77e-5705-b4e8-74ffbb1fd6c6	23	33
Gli ospiti stavano venendo.	The guests were coming.	d7b38fc5-8e4d-563f-9893-eb37d13c9080	27	23
Tom pensa che Mary sia felice.	Tom thinks that Mary is happy.	034e605c-2175-5ba4-9743-7273c15edfc2	30	30
Tom è una persona intraprendente.	Tom is an enterprising person.	4885ba5a-e187-5fd7-b2f8-7309b08eb2ef	33	30
La sua porta è chiusa.	His door is closed.	cb8ebfac-c579-57e0-87df-a3cdb9ff8094	22	19
Riconosco i miei errori con umiltà.	I acknowledge my mistakes with humility.	a19c5097-d63c-5f5f-9e99-132e3dd374ef	35	40
Il passato serve da mappa per il futuro.	The past serves as a map for the future.	aa87b951-703b-55cf-813a-6f0c0db2f3e2	40	40
C'è forza nella vulnerabilità e nell'onestà.	There's strength in vulnerability and honesty.	32f35fa2-08aa-5cec-85f6-414737269a2c	44	46
Sono le lezioni apprese che contano di più.	It's the lessons learned that matter most.	cc337c19-f9da-51fe-b137-872973a0ec1b	43	42
Tende a distorcere la verità il più delle volte.	He tends to bend the truth more often than not.	8f452f18-b1ab-572a-99bb-44f5479fde28	48	47
Lei mette sempre in discussione le sue storie.	She always questions his stories.	20820ad9-9c21-5e2a-9475-d5088e1464fc	46	33
Spesso deforma i fatti a suo vantaggio.	He often misrepresents facts for his advantage.	3b9d6bd0-ea12-5509-b38d-32dfbdab5401	39	47
Le sue spiegazioni sono raramente lineari.	His explanations are rarely straightforward.	3b5ddc43-6620-508f-bfd0-88725013d551	42	44
Vorrebbe che lui fosse più trasparente.	She wishes he could be more transparent.	13d8aa78-ec6e-5362-9cd5-adafa7f23320	39	40
Evita come la peste le risposte dirette.	He avoids direct answers like the plague.	17b59635-c0d3-52a3-af50-84a78ef38ce3	40	41
Gli amici spesso percepiscono la sua disonestà.	Friends often sense his dishonesty.	723d970b-0b82-5d17-b27f-9023896d892d	47	35
Di frequente abbellisce la verità.	He frequently embellishes the truth.	633f5ce0-983a-5fd2-8255-b9be674e2629	34	36
La sua affidabilità è spesso messa in dubbio.	His reliability is often in question.	3d9227eb-5468-549d-9821-0c595ce637d8	45	37
Trova difficile credere a qualsiasi cosa lui dica.	She finds it hard to believe anything he says.	3aaedc01-a044-5341-95ea-f6aa1dd840c5	50	46
Le sue storie mancano spesso di credibilità.	His stories often lack credibility.	89ab5be3-3b86-5c99-8e57-04b2d3d76a49	44	35
Raramente ammette quando si sbaglia.	He rarely admits when he's wrong.	ed8252cf-4b03-57f5-b0f1-52bb9b136ebc	36	33
Si chiede se lui sappia cosa significa verità.	She wonders if he knows what truth means.	42c87602-4cac-588e-ae78-f343dbf6fca2	46	41
L'appetito è il desiderio di mangiare.	Appetite is the desire to eat.	eca20076-6eef-5276-a539-47ae1445502f	38	30
Tutte le rane hanno quattro zampe.	All frogs have four legs.	32065eec-9279-5426-9bcc-76611d576ad2	34	25
I ragni non sono insetti.	Spiders aren't insects.	19870947-1da8-5722-a704-fb656e2b6f87	25	23
Passa molto tempo da solo nella sua stanza.	He spends a lot of time in his room alone.	d14e7504-42ff-59b1-b08d-4b29d57a9de8	43	42
Devo approcciare l'argomento con delicatezza.	I need to approach the topic delicately.	b12793e5-e2e5-5fa9-a49a-e6b0314616b5	45	40
Crescere comporta molte domande e sentimenti.	Growing up comes with many questions and feelings.	b90a9f32-6b2f-56dd-8cfc-a26bebf9bc7e	45	50
Voglio che si senta a suo agio a parlare con me.	I want him to feel comfortable talking to me.	1e1aabd5-6a55-5df6-b9fc-8e1adacab344	48	45
È essenziale discutere dei cambiamenti del corpo.	Discussing changes in the body is essential.	b24c451f-440f-5532-a9f9-069eccab781a	49	44
Trovo difficile relazionarmi con i bambini.	I find it challenging to relate to children.	48d0f146-30bd-5892-86db-b5020442d714	43	44
Vorrei che capissero il mio bisogno di pace.	I wish they would understand my need for peace.	e532ce7f-6296-5b33-9e40-e59fe0d9f37e	44	47
L'amore ci avvicina gli uni agli altri.	Love brings us closer to one another.	b7301a55-33be-5a35-8cf0-ee6656dc8b06	39	37
Un ambiente amorevole nutre la crescita personale.	A loving environment nurtures personal growth.	ed766962-bbcc-5936-b0ba-5920a6b0c351	50	46
L'empatia è una componente chiave dell'amore.	Empathy is a key component of love.	088dfbc4-97f2-5a81-99dc-95b6f4588059	45	35
È attraverso l'amore che troviamo il nostro scopo.	It's through love that we find our purpose.	8f21c2aa-6b4f-5ac4-9bb8-b528a4849ee8	50	43
L'amore trascende età, cultura e razza.	Love transcends age, culture, and race.	45b156b1-957f-5d29-a877-dd4cc34fffe0	39	39
Prosperiamo in presenza di amore.	We thrive in the presence of love.	f6a0f1db-cf7b-5589-a928-91fffc014ecb	33	34
Il bisogno di amore è universale e senza tempo.	The need for love is universal and timeless.	61e2af5b-05a6-58bf-bbb9-7dc4cf29db89	47	44
Parlo in modo chiaro e sicuro nelle conversazioni.	I speak clearly and confidently in conversations.	93277865-9e05-5fd8-8f01-eecbbc00fd14	50	49
Scrivere in inglese mi viene naturale.	Writing in English comes naturally to me.	2cb1959b-b6d8-549b-a8a7-c71ca86725ae	38	41
Posso partecipare alle discussioni senza sforzo.	I can participate in discussions effortlessly.	3f671b87-b46b-506d-a74f-2292b806edc7	48	46
Per me è facile ascoltare chi parla inglese.	Listening to English speakers is easy for me.	5c120599-c7d9-5ff1-a654-dd08890e2f79	44	45
Il suo bambino irrequieto rimbalzava sul divano.	Her restless child bounced on the couch.	30372c10-c050-5212-832a-b23ab476edce	48	40
Il cortile divenne il suo regno personale.	The backyard became his personal kingdom.	20f3a623-c560-5eb1-9f1b-4097f716a39e	42	41
Cercò di catturare la sua attenzione con un libro.	She tried to catch his attention with a book.	4e1c4ab6-9938-5830-a83f-0352c0acc3cc	50	45
Il suo cuore si gonfiò di gioia mentre lui rideva.	Her heart swelled with joy as he laughed.	563c4bab-bd5b-53ff-8192-69fb78ea4897	50	41
Non è stato facile convincerlo.	He wasn't easy to persuade.	f4aa3ffe-0c1b-53e1-9dac-23ca53c3e786	31	27
Mi ha offeso senza ragione.	He offended me for no reason.	0cd157ad-a176-58f6-a547-d6be67c52b1c	27	29
Lui mi ha offeso senza ragione.	He offended me for no reason.	31b244d4-84e2-52a1-baf1-186eaf3fb643	31	29
Amo condividere la mia conoscenza della lingua.	I love sharing my knowledge of the language.	e14d47db-005b-582b-8904-37e781501b6e	47	44
L'igiene personale è importante per tutti.	Personal hygiene is important for everyone.	fc60480c-1473-52a3-bae8-7c19ca90ff5c	42	43
Tutti meritano di sentirsi freschi e puliti.	Everyone deserves to feel fresh and clean.	aa273eee-a201-5ec0-9f2f-3b7b33ce8310	44	42
Un lavaggio veloce può fare una grande differenza.	A quick wash can make a big difference.	754bd4a8-d0a0-5cac-8436-acea8ffefb44	50	39
Non trascurare le aree che necessitano attenzione.	Don't neglect areas that need attention.	9ccb8a98-2e13-5a6a-b6ee-b0f59011198c	50	40
Una buona igiene riflette il rispetto di sé.	Good hygiene reflects self-respect.	8c686014-3a84-582d-9281-bb960d92f57b	44	35
Mantenerti pulito può aumentare la tua sicurezza.	Keeping clean can boost your confidence.	10439644-d8e8-5595-aaad-4240191b5308	49	40
Lavati regolarmente per mantenere la freschezza.	Wash daily to maintain freshness.	9e591fd1-0fc4-5582-87fc-2f23f44212a6	48	33
Un piccolo sforzo può fare molto.	A little effort goes a long way.	0a5ef25a-7425-5a9d-bcc0-05c714a8971d	33	32
Gli altri apprezzeranno il tuo sforzo.	Others will appreciate your effort.	378f252e-149d-5b44-ab94-98f889744b5e	38	35
È una semplice abitudine da abbracciare.	It's a simple habit to embrace.	6a03d877-e22c-558a-a4dd-6d03674d87c8	40	31
Il tuo benessere inizia dalla pulizia.	Your well-being starts with cleanliness.	b5d688bb-6a70-571a-b4b7-d23d5996ac73	38	40
Al momento non sono in casa.	I'm currently out of the house.	961c3371-206f-5e7a-b71f-f0c814cea172	28	31
Mi dispiace, non sono a casa in questo momento.	Sorry, I'm not home right now.	a0216b85-3204-59ae-8379-52ed2030c7c1	47	30
Sono uscito un po'.	I stepped out for a bit.	74afad01-0a90-5fd1-b51b-9cf2dd94cdc0	19	24
Sono lontano da casa in questo momento.	I'm away from home at this time.	5ad9aec0-e114-5a34-90e8-7046170dad3a	39	32
Sono fuori a fare delle commissioni.	I'm out running some errands.	4dae090f-4144-5bc9-8e03-72914a535ef3	36	29
L'Egitto è un dono del Nilo.	Egypt is a gift of the Nile.	4888a447-b869-538b-b7fd-dfe28f41656a	28	28
Nessuno è a favore della tortura.	Nobody's in favor of torture.	c7cac3d2-dc45-558e-9406-e800af9ee7bd	33	29
Vogliamo che Tom canti con noi.	We want Tom to sing with us.	aa4c5556-54f1-5286-ba89-e688263a563c	31	28
Mary ha detto che non era in Australia.	Mary said she wasn't in Australia.	6efc16bb-823c-5b0b-8cfe-a10254d21a7e	39	34
Mary disse che non era in Australia.	Mary said she wasn't in Australia.	2ac74308-38b9-5f2b-a85a-1e5bcb17896d	36	34
Tom ha un pianoforte?	Does Tom have a piano?	6b7a9250-2220-5e53-94ca-0c3e138a7bc5	21	22
Questo vino biologico non contiene solfiti.	This organic wine doesn't contain sulfites.	803e6d12-8189-5885-aa66-58844ccd3c38	43	43
Mary si è messa il maglione.	Mary put on her sweater.	ff116e67-2efb-58b8-b719-2270acc6deca	28	24
Mary si mise il maglione.	Mary put on her sweater.	ecd506db-eed6-58a7-a70c-7d1c39a511d4	25	24
È come se tu avessi un talento per gli errori.	It's like you have a talent for mistakes.	606c1bc8-870f-5464-a2a9-409d1b1d6980	46	41
È sorprendente quanto spesso manchi il bersaglio.	It's surprising how often you miss the mark.	d1f281f7-0c88-583c-b90f-4d8cab5bda4e	49	44
I piani con te spesso finiscono nel caos.	Plans with you often end in chaos.	4ae6e2bc-7436-52a1-a6ad-0e4f582a90a7	41	34
Sono uscito a mangiare qualcosa.	I went out to grab some food.	378fca40-116d-5825-9ea2-052c3a00d3e1	32	29
Il personale era ben informato sul menù.	The staff was knowledgeable about the menu.	65bfd82c-2bb8-5cc7-bd4c-df7aacdf0ea6	40	43
Non notavi mai le piccole cose che facevo per te.	You never noticed the little things I did for you.	e4f30767-2405-5ab6-aab3-f4ede80abdb8	49	50
Non abbiamo un Papa!	We don't have a Pope!	5127c056-1d0c-5388-bdc8-568b28dfa058	20	21
Dio non è reale.	God isn't real.	6e4dd288-6c45-5243-a14f-4d47ee91a8c2	16	15
Evita la guerra.	Avoid war.	1bd09607-5435-5f97-acd7-f96b43e0b186	16	10
Eviti la guerra.	Avoid war.	0a1d9aac-259e-5359-b6ad-2a948bf6c44f	16	10
Evitate la guerra.	Avoid war.	2eccbc5c-64c3-55ce-be1a-30315281f199	18	10
La guerra è utile.	War is useful.	7e40c04a-ccd0-5ec8-a401-973fa7c18c50	18	14
La guerra è preziosa.	War is valuable.	274a9c13-6f0a-58af-bc29-17b83ca93055	21	16
La guerra è semplice.	War is simple.	4dd9e1a3-1706-54be-96ae-76e432f346ad	21	14
La guerra è buona.	War is good.	24570217-2412-58ce-94d7-d89c68cf67db	18	12
Mi piace la guerra.	I like war.	9419cb74-ad96-590a-8d49-f72a22032e8d	19	11
A me piace la guerra.	I like war.	005dbc90-5323-57f6-a206-1c102d1cbe85	21	11
La guerra ferisce i bambini.	War harms children.	ad982d0a-e7eb-5516-bb39-2c1c761890b0	28	19
Hanno vinto la guerra.	They won the war.	3f4ee2f3-07aa-5b0d-a22d-a20c7ad3d434	22	17
Vinsero la guerra.	They won the war.	a0d60ae4-6a71-589c-846f-ee6a9f5de421	18	17
Chi ha vinto la guerra?	Who won the war?	ac3334dc-3863-5c63-afe0-d76967a4bd8c	23	16
Chi vinse la guerra?	Who won the war?	d64478c0-a6d2-59a1-a317-c44b005ccbf3	20	16
È sopravvissuto alla guerra.	He survived the war.	b555b738-1fa3-5471-a08a-6cc5f2c3730c	28	20
Sopravvisse alla guerra.	He survived the war.	378d4db0-13c1-5a10-b3f5-dad81528cb69	24	20
Hanno perso la guerra.	They lost the war.	dff2a4e7-1e68-549d-943d-beb8581da82b	22	18
Persero la guerra.	They lost the war.	f493b7b7-ff9f-549f-93f6-ce8f4d9d7c99	18	18
La guerra è persa.	The war is lost.	7f7b6f0d-0f21-50cd-baaf-03d0cffc9eed	18	16
Vincemmo la guerra.	We won the war.	89a83d28-ad16-54d5-9e73-ea0d44ce57e1	19	15
Abbiamo vinto la guerra.	We won the war.	3e0c56b9-5b94-5474-83a4-104753537170	24	15
È una guerra.	It's a war.	6722d233-249a-5fdd-97f7-774f8bc48788	13	11
La Germania ha perso la guerra.	Germany lost the war.	b867071e-e1fb-5691-b2e5-419bd5c73705	31	21
La Germania perse la guerra.	Germany lost the war.	66488e27-1b70-53b1-810e-a0b40f030a9d	28	21
Mary sarà pronta, vero?	Mary is going to be ready, isn't she?	d0cd4559-021c-5e66-bc68-45c97647b796	23	37
Mary ha paura di andare a casa, vero?	Mary is afraid to go home, isn't she?	0dfc9d2d-469c-53bb-85b9-9a9edf6998b0	37	37
Mary è piuttosto vecchia, vero?	Mary is quite old, isn't she?	72fed659-6ddd-5e67-a852-fed6c7e76972	31	29
Mary è piuttosto anziana, vero?	Mary is quite old, isn't she?	24d72e71-ef2e-59a8-8b18-2220f4d9dba6	31	29
Mary ha detto che era davvero dispiaciuta.	Mary said that she was really sorry.	010713fa-44c9-55c8-b4e3-ecf427f1d60e	42	36
Mary ha detto che era veramente dispiaciuta.	Mary said that she was really sorry.	6de15a08-334a-5cbf-9f6d-2c7b082ed5fd	44	36
Mary disse che era davvero dispiaciuta.	Mary said that she was really sorry.	57318b92-8561-5ac9-a9a2-14ba5996ca7e	39	36
Mary disse che era veramente dispiaciuta.	Mary said that she was really sorry.	b6824deb-3cc7-58fe-a04f-a65b8bba4832	41	36
Mary non se ne va, vero?	Mary isn't leaving, is she?	c3fec92e-fb0d-57fd-a039-0a3f4c4748f7	24	27
Abbiamo ricevuto un pacco importante.	We received an important package.	ee80fed8-f010-5c3a-8d34-18536b9e3e46	37	33
Ricevemmo un pacco importante.	We received an important package.	18438663-4ab2-541e-b545-267a7365fefc	30	33
Ziri è entrato.	Ziri came in.	39dc3cdf-07d7-5c9d-947e-20894c8edf36	15	13
Ziri entrò.	Ziri came in.	6835bf8e-05df-5aac-bd59-aa7dcb7ad126	11	13
Ecco il pranzo!	Here's lunch!	9d20cf61-5202-5f28-ab92-ec688ce465e7	15	13
So che Tom non è un uomo molto forte.	I know that Tom isn't a very strong man.	b0d1ffb7-42ae-5250-941e-6aad21b46bcf	37	40
Chi ha mangiato con te?	Who ate with you?	feed647e-978e-5120-8996-9a1c4e0aa372	23	17
Chi ha mangiato con voi?	Who ate with you?	3e2654d6-d550-5700-be5d-51b3ed348d61	24	17
Chi ha mangiato con lei?	Who ate with you?	5a490ed7-6aee-5527-809a-d44392434fad	24	17
Chi mangiò con te?	Who ate with you?	0687cb46-4fe1-5bd2-99fe-95846ac57c54	18	17
Chi mangiò con voi?	Who ate with you?	7529de1d-2e11-51b5-a036-118f484b6dc0	19	17
Chi mangiò con lei?	Who ate with you?	43de1cf7-9429-576f-95dc-0054a87fc30a	19	17
Scaldaci dell'acqua.	Heat some water for us.	010d0b23-c67a-5092-a2ab-065b53758470	20	23
Scalda dell'acqua per noi.	Heat some water for us.	4f1f4ae9-74dd-58cb-85c4-a6af8f8ef197	26	23
Merita la pena di morte.	He deserves the death penalty.	58b198ba-e402-5156-ad70-dbd2259332ac	24	30
Lui merita la pena di morte.	He deserves the death penalty.	ac0e8646-209a-544c-a680-f790f07eaa55	28	30
Lei uscì nel giardino.	She went out to the garden.	7440f7d5-41f2-5288-b365-83c7dbf8c85c	22	27
Questo autobus va fino al museo?	Does this bus go to the museum?	ffaca99c-baad-5262-b942-cf8ab3e92019	32	31
Non canto da molto tempo.	I haven't sung in a long time.	0e32775c-aad3-5187-b3cb-1162a3e4958c	25	30
Robert dovrebbe guardare lì prima.	Robert should look there first.	34907c08-5ebc-57f4-876c-2142831311c5	34	31
Robert dovrebbe guardare là prima.	Robert should look there first.	732ea9ce-699b-5952-a7e9-43cb4f1f803d	34	31
Ho cominciato a fumare.	I started smoking.	b559ae12-aa8c-5590-b092-8caee780c5a7	23	18
Ho iniziato a fumare.	I started smoking.	6780d2bf-b571-5978-af64-77a754812170	21	18
Iniziai a fumare.	I started smoking.	d2a749c0-7afa-533a-b3ff-ef0987d03d45	17	18
Cominciai a fumare.	I started smoking.	7463c718-2211-528f-b527-3ff1a518f79d	19	18
La Russia è il paese più grande.	Russia is the largest country.	6ca82ca3-17c1-549f-b6d8-ae7cbf3cdc74	32	30
Le volpi mi spaventano.	Foxes scare me.	89b0089f-45af-512a-9e59-bf2aba993cc3	23	15
Torno a casa tra un po'.	I'll return home in a while.	171eb2d6-6f0b-5fcb-bbab-5fa576f60bae	24	28
Tornerò presto a casa.	I'll be back home soon.	f6f1c285-94c5-5e4d-a361-0f8cabbcefe3	22	23
Oggi sono in giro.	I'm out and about today.	93e56c92-278d-5d13-9303-3f56535a1311	18	24
Sto visitando un amico in questo momento.	I'm visiting a friend right now.	a7c17e9c-4442-5454-aa48-cfd15678f383	41	32
Mi sto godendo un po' di tempo all'aria aperta.	I'm enjoying some time outside.	3e94b46f-7abc-5634-b6b8-feaf0c5e9bf8	47	31
Sono fuori per una passeggiata veloce.	I'm out for a quick walk.	9780cadc-f111-5460-b355-ebf88fd6180d	38	25
Mi sto occupando di qualcosa fuori.	I'm taking care of something outside.	0464f157-d46c-5bd6-97eb-d29eeea8b7a6	35	37
Per me la cintura è diventata un simbolo di paura.	The belt became a symbol of fear for me.	f0cca934-e57c-5c20-a070-d0b37ad01d56	50	40
Ricordo il bruciore, sia fisico che emotivo.	I remember the sting, both physical and emotional.	4b0cdddd-dd5c-52f9-b3d3-1565f1ee99a0	44	50
Spesso tenevo i miei sentimenti repressi dentro.	I often kept my feelings bottled up inside.	a9b90a72-f021-5d1d-acdf-2dcb09c63c14	48	43
Crescendo, la mia prospettiva è cambiata.	As I grew older, my perspective shifted.	63f1e9e7-c283-5abe-a274-7a65368b6f57	41	40
La comunicazione è ora il mio approccio preferito.	Communication is now my preferred approach.	90ad3cbb-a892-5cd3-bd48-a2e056a50b52	50	43
Non ricordo di averlo mai visto prima.	I can't recall ever seeing him before.	996b950a-0de5-5de2-a6d6-825ca7d7cc16	38	38
Il suo nome non mi dice nulla.	His name doesn't ring a bell.	89168860-4399-5c14-b1ae-04b95dd64807	30	29
Non avevo mai sentito parlare di lui fino ad ora.	I've never heard of him until now.	65b065b2-ca9a-5356-a266-7a51b685588b	49	34
Per me è un perfetto sconosciuto.	He's a complete stranger to me.	7e21c79c-de35-5449-802d-c5801f174f60	33	31
Non ho mai interagito direttamente con lui.	I've never interacted with him directly.	6b59e6e2-7a63-5633-9495-c3ba1987f108	43	40
Mi è sconosciuto personalmente.	He's unknown to me personally.	d8b82a23-c353-53e8-8e3f-1c20b886083d	31	30
Non ho alcuna conoscenza pregressa di lui.	I have no prior knowledge of him.	aba4fe8d-fca9-5981-8c38-d5363e8dd50a	42	33
Non ci siamo mai incrociati prima.	We haven't crossed paths before.	8f8007fc-eba9-56c6-830a-98a3b49b8ff9	34	32
Non ho idea di cosa faccia.	I have no idea what he does.	04923ea3-f93e-503c-98cc-4b4b8114fb1e	27	28
Non mi sono mai imbattuto nelle sue opere.	I've never come across his work.	ffc44ea1-b86d-5438-aeff-10fda00918ed	42	32
Per me lui rimane un mistero.	He remains a mystery to me.	e017486e-300a-5a6a-bc6d-f1cff8ad3c24	29	27
Non sono come la gente dice.	They aren't like people say they are.	6f3206d7-3827-5873-9a74-03518f1be590	28	37
Lei mi disse che lo voleva fare.	She told me she wanted to do that.	8ecf9782-e767-5bcd-a65e-ebb888a909f6	32	34
Lei mi disse che voleva farlo.	She told me she wanted to do that.	411a044c-7853-5760-8683-4bbfa020c313	30	34
Lei mi ha detto che lo voleva fare.	She told me she wanted to do that.	90d099fa-ce29-5e31-a266-5d3ba4a0868d	35	34
Lei mi ha detto che voleva farlo.	She told me she wanted to do that.	347ea29d-44d1-5691-bc13-1d507c7b2081	33	34
La Bibbia è letteratura.	The Bible is literature.	547aa363-f765-553a-9db1-2180978b7047	24	24
Ho letto la Bibbia.	I read the Bible.	dcef5b5d-6a72-57ab-82a2-e927805c8c7d	19	17
Leggo la Bibbia.	I read the Bible.	5c309ab8-c2fb-5854-9a6e-e4113253a484	16	17
Lessi la Bibbia.	I read the Bible.	24d5cc2d-823e-515e-afcc-30d20c0f43d1	16	17
Tom legge la Bibbia.	Tom reads the Bible.	29072205-a941-5867-8ea9-86b02f64c67c	20	20
Ha citato la Bibbia.	She cited the Bible.	78002442-6e3d-5099-b72c-e381a8133ef8	20	20
Citò la Bibbia.	She cited the Bible.	58f907db-65fe-51ec-941a-26a8cc325516	15	20
Ziri ha recitato un verso della Bibbia.	Ziri recited a Bible verse.	acbefd49-f1c1-5632-8856-726d9d53a76b	39	27
Ziri recitò un verso della Bibbia.	Ziri recited a Bible verse.	ac7208a1-7fe9-58a9-9556-33b09669eb64	34	27
Cosa rende la Bibbia autentica?	What makes the Bible authentic?	9c55f726-eec9-5786-917d-86e993f8073d	31	31
Che cosa rende la Bibbia autentica?	What makes the Bible authentic?	d773debf-84b9-5d4d-a248-7524e04a86b6	35	31
Porta sempre con sé una Bibbia.	She always carries a Bible.	ebc14c11-b1a0-5c01-8ddc-154ad9ce7e84	31	27
Tom porta sempre con sé una Bibbia.	Tom always carries a Bible.	64661035-4007-5084-9292-826addcb15e0	35	27
La Bibbia è un libro sacro.	The Bible is a holy book.	8881c860-6886-56a0-8d26-d519f248fbdc	27	25
Il Natale non è nella Bibbia.	Christmas is not in the Bible.	48b04d93-94ea-5f43-a2a8-6b61c3090b2e	29	30
Maometto è menzionato nella Bibbia?	Is Muhammad mentioned in the Bible?	8ac9c429-d5ff-5644-a55e-2fc07407eb1d	35	35
Questo è quello che dice la Bibbia.	This is what the Bible says.	dedc2618-79d6-54a5-af75-c987d5150877	35	28
Questo è ciò che dice la Bibbia.	This is what the Bible says.	bcc977e6-f355-57a8-b008-a2205cdb2a90	32	28
È quello che dice la Bibbia.	That's what the Bible says.	a5cfc969-691f-5903-80fe-533d7c47b8e3	28	27
È ciò che dice la Bibbia.	That's what the Bible says.	7fd844f6-5694-55b7-9e8a-b77327045289	25	27
La Bibbia non è un libro di storia.	The Bible is not a history book.	a1d72cb3-a7d5-5693-9fea-7178e30a8912	35	32
Questo è un riferimento alla Bibbia.	This is a reference to the Bible.	e891efda-d1b7-58f4-b129-4de564d0f19a	36	33
Il Corano è diverso dalla Bibbia.	The Quran is different from the Bible.	05d0769f-5439-5aee-9962-d6b93e5248c4	33	38
Queste citazioni vengono tutte dalla Bibbia.	These quotes are all from the Bible.	4496f0ce-0b17-5def-9738-4c87b9e01bde	44	36
Non mi importa cosa dice la Bibbia.	I don't care what the Bible says.	766bf3e0-acb9-5f28-834a-3e7822acb79c	35	33
Non mi importa che cosa dice la Bibbia.	I don't care what the Bible says.	6712dcff-232f-5c4c-ae11-d9f0bbcdeb08	39	33
A me non importa cosa dice la Bibbia.	I don't care what the Bible says.	8b7490c1-88e7-5b76-8bd4-be6b2d8ccb37	37	33
A me non importa che cosa dice la Bibbia.	I don't care what the Bible says.	ed93ab8e-15be-5a04-94e8-8f572b5b9ae9	41	33
La Genesi è il primo libro della Bibbia.	Genesis is the first book of the Bible.	981e3f90-650e-53bd-adf8-99a8129942ee	40	39
Non ci sono cristiani nella Bibbia ebraica.	There are no Christians in the Hebrew Bible.	94f16bb2-a525-56ad-ae60-fa4aaebc33ce	43	44
Non sappiamo chi ha scritto la Bibbia.	We don't know who wrote the Bible.	d07f0f2a-fd3f-5798-8157-4eac3b6a9a5f	38	34
Non conosciamo chi ha scritto la Bibbia.	We don't know who wrote the Bible.	afb1a06b-e264-5c44-8ea0-35c55201bfa2	40	34
La Bibbia è davvero il libro di Dio?	Is the Bible really the book of God?	6bb533ab-86d5-5a66-9df9-52fa5b97dd0a	36	36
La Bibbia è veramente il libro di Dio?	Is the Bible really the book of God?	21cd3e3a-d744-5977-9e6f-419ddf2534c6	38	36
Ho trovato così tanti errori nella Bibbia.	I found so many mistakes in the Bible.	d87602c8-c6b6-564e-b21e-05d2d6e20cc3	42	38
Trovai così tanti errori nella Bibbia.	I found so many mistakes in the Bible.	9ae301ce-deaa-5825-b014-dd3ac895e03b	38	38
La Bibbia non è un libro dal testo perfetto.	The Bible is not a textually perfect book.	265b35aa-fa01-543d-81b4-ce97eab75925	44	42
La prima parola della Bibbia è In.	The first word of the Bible is In.	d824e4ec-13cc-5e50-9d07-1ac3e041c305	34	34
Sami lesse la Bibbia tra le cinque e le sei volte.	Sami read the Bible five to six times.	df532bc1-896e-5ff9-8537-4560474da792	50	38
Sami lesse la Bibbia fra le cinque e le sei volte.	Sami read the Bible five to six times.	193baaab-e88f-56e6-ab0e-92adaa5c8230	50	38
La Bibbia ci dice di amare il prossimo.	The Bible tells us to love our neighbor.	ec3dec85-fe92-57c6-81f6-0eba457f1cf4	39	40
La mia vita è nelle vostre mani.	My life is in your hands.	94c78d4c-8536-5922-b5c9-128ffd1bea59	32	25
La mia vita è nelle tue mani.	My life is in your hands.	aae92370-53e7-51e2-83b2-8ca1398547dd	29	25
La mia vita è nelle sue mani.	My life is in your hands.	d9ea03c6-2bc4-587c-8eab-34e7aaba0c58	29	25
Tom continuava a blaterare di Dio e della Bibbia.	Tom blathered on about God and the Bible.	d9bda82c-6d64-569f-b282-5dc984735fa3	49	41
Sami memorizzò un'intera sezione della Bibbia.	Sami memorized an entire section of the Bible.	9940e86c-e8e7-5605-bd97-98c98d43725c	46	46
Leggi la Bibbia ogni giorno?	Do you read the Bible every day?	802c6aa2-bbe7-5640-aa98-7f873a8dd705	28	32
Tu leggi la Bibbia ogni giorno?	Do you read the Bible every day?	f83a2956-3102-57d0-9b69-28aee9e6c341	31	32
Legge la Bibbia ogni giorno?	Do you read the Bible every day?	50835614-1ba3-5363-a6f5-c53414ba9136	28	32
Lei legge la Bibbia ogni giorno?	Do you read the Bible every day?	41b8c395-b6da-54e5-a75f-a035ad435bc9	32	32
Leggete la Bibbia ogni giorno?	Do you read the Bible every day?	b9f1e11d-40cd-5c88-a46f-f924859e4ada	30	32
Voi leggete la Bibbia ogni giorno?	Do you read the Bible every day?	2422c64c-0010-5e99-a492-fa3bde0dbe92	34	32
Quanto spesso leggi la tua Bibbia?	How often do you read your Bible?	bf5e8ff5-063a-56e0-99a6-e540f326cbe2	34	33
Quanto spesso legge la sua Bibbia?	How often do you read your Bible?	bb006c1e-28cf-5d9d-89b5-db4fa43ad51c	34	33
Quanto spesso leggete la vostra Bibbia?	How often do you read your Bible?	4264620d-575e-5576-bcd4-22885adb996c	39	33
Non si preoccupa mai per lei.	He never worries about her.	65805221-d26d-5093-bb49-69083b6c0853	29	27
Tom ha aperto la Bibbia e ha iniziato a leggere.	Tom opened the Bible and began reading.	48dddeff-3cac-5a1c-abb8-4f2fbe27e24a	48	39
Tom ha aperto la Bibbia e ha cominciato a leggere.	Tom opened the Bible and began reading.	3d6fd3bc-6447-5b15-8b04-ab99932e9bc4	50	39
Tom aprì la Bibbia e iniziò a leggere.	Tom opened the Bible and began reading.	17c8e403-672e-5e5d-8ad1-386b28f465b8	38	39
Tom aprì la Bibbia e cominciò a leggere.	Tom opened the Bible and began reading.	7592902e-c370-527e-8f6e-5af605b2ef46	40	39
Edmundo studiava le formiche.	Edmundo studied ants.	714e17e7-d2f4-58d2-97ec-d1c34ba5bd73	29	21
Edmundo ha studiato le formiche.	Edmundo studied ants.	5970664a-9e38-5387-803d-ff36508a0f2f	32	21
Edmundo studiò le formiche.	Edmundo studied ants.	b141f349-5d01-504f-8dd6-12b685aa065c	27	21
È ora di riordinare il giardino.	It's time to tidy up the garden.	cb2801b3-2e2a-5b6a-aba1-756c17448beb	32	32
Pota le eriche per favorirne la crescita.	Trim the heathers to promote growth.	70be8884-d274-526b-b912-2a097f3ccbb0	41	36
Usa cesoie affilate per tagli netti.	Use sharp shears for clean cuts.	321917a9-4a06-53ab-81f8-966f68cc21e3	36	32
Rimuovi eventuali fiori e rami secchi.	Remove any dead wood or flowers.	de38439a-1bce-54b8-9b57-348a594e2080	38	32
Elimina eventuali erbacce che li circondano.	Clear out any weeds surrounding them.	3c5f3dd0-40dc-5f8a-9003-b7885433be65	44	37
Indossa guanti per proteggere le mani.	Wear gloves to protect your hands.	8981e107-08f9-58a1-93cc-52e80537b845	38	34
Il vero amore vede oltre la ricchezza monetaria.	True love sees beyond monetary wealth.	4814bb6b-1082-5d03-959e-eaa369cc2a5a	48	38
Apprezzo la tua passione, non il tuo stipendio.	I appreciate your passion, not your paycheck.	cda9217d-f051-591d-b588-1c889b4a9223	47	45
Sami ha incoraggiato un po' Layla.	Sami encouraged Layla a little bit.	2fd089b9-1b3e-5262-b3f8-ebaf23c8e821	34	35
Sami incoraggiò un po' Layla.	Sami encouraged Layla a little bit.	a4f4a79b-5e87-586a-9c2a-8fe250d968f6	29	35
Non capisco cosa ci ha detto Tom.	I don't understand what Tom told us.	e728f557-a5ba-5cfb-8d02-5fd52bd870a2	33	36
Dov'è il secchio?	Where's the bucket?	68ba901e-d68a-5719-9cb8-9213f05a8484	17	19
Il tempo trascorso con la famiglia non ha prezzo.	Time spent with family is priceless.	276900b5-cdff-5e86-9d6b-89b9b420c033	49	36
Riverso le mie energie nella comunità.	I pour my energy into community.	48594d53-69a7-53a7-96d3-ab23820c93ea	38	32
Le vacanze mi ricordano il vuoto che provo.	Holidays remind me of the emptiness I feel.	916fd436-26a3-5213-ab55-5fb275f8446b	43	43
Mi piace l'aria frizzante del clima freddo.	I enjoy the crisp air of cold weather.	542d9954-ef2f-59cb-9eda-cba782780272	43	38
Amo indossare le mie sciarpe e giacche preferite.	I love wearing my favorite scarves and jackets.	f5631bcd-20c6-5ba2-9d76-59f00683b5ed	49	47
Apprezzo la quiete che arriva con la neve.	I appreciate the quietness that comes with snow.	fae7e9a3-4248-5408-b609-06cb1a6cb388	42	48
Le notti fredde sono perfette per guardare film.	Cold nights are perfect for watching movies.	c3e66e9f-a91b-5d26-a41b-2b2c0565efb0	48	44
Amo i paesaggi invernali mozzafiato.	I love the stunning winter landscapes.	0540e975-e4af-546a-a0d3-1f215af9dd76	36	38
Ognuno ha il suo percorso nella vita.	Everyone has their own path in life.	e2dd2128-c930-5b9a-abec-893d0637efc7	37	36
Vivo per me stesso, non per la tua approvazione.	I live for myself, not for your approval.	2b448905-5f11-5bc0-9881-da3a7b6b6871	48	41
La mia felicità non ti riguarda.	My happiness isn't your concern.	5d0486c8-6712-5f67-8d11-a9ca81b2bf90	32	32
Abbiamo tutti storie uniche da raccontare.	We all have unique stories to tell.	cd2fd53b-a45a-5496-a24a-8801f7ed08f8	42	35
Il mio stile di vita è una scelta personale.	My lifestyle is a personal choice.	ef969488-cd5d-598b-89b7-f6a8326010eb	44	34
Scelgo l'autenticità rispetto al conformismo.	I choose authenticity over conformity.	18f305f2-7087-5d93-b633-26c31519e09c	45	38
L'atmosfera è carica di entusiasmo.	The atmosphere is charged with enthusiasm.	8c532307-b337-599a-9337-f6d857b6bb56	35	42
L'ispirazione arriva nei momenti più inaspettati.	Inspiration strikes at the most unexpected times.	5bfd5fe6-e89e-547c-b2b7-518f1cfa57e0	49	49
Credo che il mio cane abbia l'anima di un gatto.	I think my dog has the soul of a cat.	7f915607-fa01-5e95-834d-9653ac5dda58	48	37
Ascolto della musica ogni giorno.	I listen to music every day.	136779c0-4b00-5cab-ac19-df3795d7525e	33	28
Ascolto musica ogni giorno.	I listen to music every day.	26322eb7-c70d-5290-bd60-2022a4bccb2f	27	28
La mia concentrazione è più acuta che mai.	My focus is sharper than ever.	ae101963-6b02-582b-aceb-d5e92a1e4100	42	30
Sono pronto a cogliere l'attimo.	I'm ready to seize the moment.	85354d9e-81c6-5440-b975-a18aa8d0cd62	32	30
Abbraccio l'ondata di ispirazione.	I embrace the rush of inspiration.	4e229c60-dc9d-56be-9b89-f72663bf26a6	34	34
Questa sensazione fa sembrare tutto possibile.	This feeling makes everything seem possible.	6f7acb97-c511-5e47-ad84-dbaebdef1fed	46	44
La mia mente corre tra le possibilità.	My mind races with possibilities.	d627d283-0107-53ac-80e7-34e29953c6a9	38	33
Sono pronto ad esprimermi pienamente.	I'm ready to express myself fully.	4ae18b8f-cc19-551c-b869-96b9fc0cf8df	37	34
Momenti come questo alimentano la mia ambizione.	Moments like this fuel my ambition.	f2386f60-4ab4-5fd4-aa8e-0d35aed09d52	48	35
Ogni idea sembra così vivida e chiara.	Every idea seems so vivid and clear.	1ab4786e-8f44-5904-8ec0-6372a7cb56aa	38	36
L'energia nella stanza è contagiosa.	The energy in the room is contagious.	af37f14c-6f73-5be3-8581-8e1023184746	36	37
Sono impaziente di iniziare il mio nuovo progetto.	I'm eager to start my next project.	0406565c-5d3c-51a8-8334-fd0f3c1b67de	50	35
Peso sempre attentamente le mie opzioni.	I'm always weighing my options carefully.	3f34121b-7192-55ba-893a-5ed94f3dd142	40	41
Mi preoccupo di fare la scelta sbagliata.	I worry about making the wrong choice.	09127edd-d338-5167-8d62-b11f25f97253	41	38
Ho paura di perdermi qualcosa di meglio.	I'm afraid of missing out on something better.	2d7fc08c-a939-5e7a-99c0-aa2051b509e5	40	46
Sono naturalmente incline ad essere indeciso.	I'm naturally inclined to be indecisive.	abd8801f-6dd8-510e-bb32-caf716b0c53b	45	40
Mi lascio distrarre da troppe possibilità.	I get distracted by too many possibilities.	90531f80-fb3f-56f4-a884-dcabc8cac881	42	43
Non sempre ho fiducia nel mio istinto.	I'm not always confident in my instincts.	b7c79be5-ee67-5229-bcf4-08ce72c1a72b	38	41
Esito perché voglio accontentare tutti.	I hesitate because I want to please everyone.	ebd65b07-5fbc-5f2e-94f5-691ca2b053b8	39	45
Le esperienze personali mi hanno reso cauto.	Personal experiences have made me cautious.	031b7644-10c4-5f3b-837f-ee6102a9e090	44	43
Quando parlo, spesso confondo le parole.	I often mix up words when speaking.	596166ed-9a9f-5145-ae95-e87349d4fd14	40	35
Le regole grammaticali mi confondono enormemente.	Grammar rules confuse me greatly.	80f96e1d-7b90-58b4-bcc2-b5d2756a248c	49	33
Trovo difficile ricordare frasi nuove.	I find it hard to remember new phrases.	8e88acfe-c45b-50af-9253-daaa40c223cc	38	39
La comprensione orale è tosta per me.	Listening comprehension is tough for me.	baeffeeb-42d8-54e7-b6b9-5dbaef8e3c08	37	40
Il mio accento mi tradisce sempre.	My accent always gives me away.	cd2f0bc7-ea18-54d7-a154-879c0d68b2cb	34	31
Non sono sicuro delle coniugazioni verbali.	I'm unsure about verb conjugations.	ae4a9c6f-5107-5891-8cd2-a9c55ef77115	43	35
Leggere testi stranieri mi prende un'eternità.	Reading foreign texts takes me forever.	9f879abc-ce2e-5189-b0b4-de2d24cf849f	46	39
Spesso mi affido alle app di traduzione.	I often rely on translation apps.	4052ace1-5378-524f-9d33-012364134a7f	40	33
Vorrei poter imparare le lingue più facilmente.	I wish I could learn languages more easily.	801a69bc-0680-55b9-8c88-f7849956ff08	47	43
Imparare una nuova lingua sembra opprimente.	Learning a new language feels overwhelming.	bb466c75-851f-52c2-ad86-cd0468321284	44	43
Mi innervosisco cercando di comunicare.	I get nervous trying to communicate.	cfb54500-fbe5-5c8a-8eed-9b5e1fd8f735	39	36
A volte dimentico ciò che ho imparato.	I sometimes forget what I've learned.	3082b9da-6aeb-534d-b451-4d1dfeb284b1	38	37
Ammiro coloro che sono multilingue.	I admire those who are multilingual.	e11a3101-e68f-5144-b9e3-073fbe4a3e53	35	36
Ho preso lezioni, ma fatico ancora.	I've taken classes but still struggle.	577c4d08-4a1a-5ce0-be71-cced4ee7b3e6	35	38
Desidero ardentemente il calore del tuo abbraccio.	I long for the warmth of your embrace.	ceb5ff64-1144-5028-a75e-f0a8bd84bb11	50	38
Sogno di tenerti stretto.	I dream of holding you close.	5133128c-b6db-51ef-91fe-66275a0a8f76	25	29
La connessione che condividiamo è innegabile.	The connection we share is undeniable.	e66e256f-7e08-540f-b68a-f12a61487906	45	38
Bramo i momenti trascorsi solo con te.	I yearn for moments spent just with you.	ef67cfee-1f97-5412-b43b-2e31d5ca1d5b	38	40
Porti gioia nella mia vita in ogni modo.	You bring joy to my life in every way.	6a894621-b185-553c-9b1b-44ad99cc2616	40	38
Ci immagino insieme sotto le stelle.	I imagine us together under the stars.	1f9f6428-ce31-5ca9-ab2b-c6a11798acab	36	38
La tua risata è musica per le mie orecchie.	Your laughter is music to my ears.	2283249f-f851-540a-8862-a87cc5f4942b	43	34
Mi ispiri a essere una persona migliore.	You inspire me to be a better person.	719e0405-bebc-5c0d-8b8b-e5afacb4e84c	40	37
Il mio cuore danza al pensiero di te.	My heart dances at the thought of you.	4d8c917d-0886-51af-9953-7906f504e6b1	37	38
I miei pensieri spesso vanno a te.	My thoughts often wander to you.	68421e6b-17f5-5bcb-89ba-75debc759bff	34	32
Desidero condividere con te tutti i miei sogni.	I desire to share all my dreams with you.	717d9a09-5818-5bf2-8b60-ec489ce9f12c	47	41
Che altro c'è?	What else is there?	cc70b7b4-b700-5fd7-8a9c-fa3080cf6ee3	14	19
Il gatto si è lamentato.	The cat complained.	66910ea7-3709-5a3e-8da2-b7862c480e5b	24	19
Il gatto si lamentò.	The cat complained.	4c7ac8b3-d8a4-57d1-a7f4-6f7ec7e62500	20	19
La gatta si è lamentata.	The cat complained.	7e611c26-54ae-52a9-b2dc-4a081bce33d5	24	19
La gatta si lamentò.	The cat complained.	381ff026-fcdc-5a9c-84f6-5515dd1abe5f	20	19
Il gatto ha urlato.	The cat screamed.	c5c47cf5-666e-55a5-a90d-54d62f1c52f1	19	17
Il gatto urlò.	The cat screamed.	9f953edb-3b69-532f-8870-dd877e50bdcd	14	17
La gatta ha urlato.	The cat screamed.	84ee60e8-b994-53b1-8552-6862a0d8612c	19	17
La gatta urlò.	The cat screamed.	c0a9642b-d09b-5280-8960-1e2673815583	14	17
Ho dato da mangiare al gatto.	I fed the cat.	a5a023f9-1b9f-5d3d-bd55-d793a7edcb94	29	14
Diedi da mangiare al gatto.	I fed the cat.	0d5d12ba-d631-56d3-81a9-408e3e632092	27	14
Ho dato da mangiare alla gatta.	I fed the cat.	d8ce4274-9915-5f32-bfc0-d8b8978ccbc9	31	14
Diedi da mangiare alla gatta.	I fed the cat.	4aa6a192-4e71-5fdc-a2aa-5d88f1096faa	29	14
Disegnami un gatto.	Draw me a cat.	d3259aeb-3a7e-55d5-bcf1-dc03d22ba151	19	14
Mi disegni un gatto.	Draw me a cat.	bf31a866-816b-5243-a002-9e89811fc8a9	20	14
Disegnatemi un gatto.	Draw me a cat.	74a9b3ee-7bed-570c-bea1-86e9695f8477	21	14
Disegnami una gatta.	Draw me a cat.	38fa68e7-7832-5962-a2e0-79f3ecd519d6	20	14
Mi disegni una gatta.	Draw me a cat.	77853b0f-03f7-5f8f-869b-4bb44bf43ddf	21	14
Disegnatemi una gatta.	Draw me a cat.	fd4ca4b7-1f10-5941-b9cf-0728de6f9922	22	14
Il mio gatto è malato.	My cat is sick.	a2480060-d335-5772-982e-b5e2b5269b38	22	15
La mia gatta è malata.	My cat is sick.	d7740045-3415-5f10-af2c-027cf29fa124	22	15
Il gatto ha fame.	The cat's hungry.	19c03234-c078-5759-951c-e6bb1f152e8b	17	17
La gatta ha fame.	The cat's hungry.	2b71ff69-5148-5b94-a45a-c4dd10e79b6d	17	17
Ziri ha trovato un gatto.	Ziri found a cat.	ecf6f503-a87e-5221-9206-8cf76e1631e5	25	17
Ziri trovò un gatto.	Ziri found a cat.	6895d04d-5d5e-5b72-8e11-9a8d7caba7d2	20	17
Ziri ha trovato una gatta.	Ziri found a cat.	aa5625d8-73cd-569c-8ca1-3174ed5d0ae3	26	17
Ziri trovò una gatta.	Ziri found a cat.	d9c6e087-adf3-50ac-aec9-82154bd45819	21	17
Vedo un gatto.	I see a cat.	9af1cf27-b8ea-51f4-a618-a40134a0c446	14	12
Vedo una gatta.	I see a cat.	20fe9301-6bd7-5ad9-bd83-1dc0fc375120	15	12
Mostrami il tuo gatto.	Show me your cat.	b7518aad-995a-5291-8735-313bc9792d15	22	17
Mostrami la tua gatta.	Show me your cat.	87db2b0d-9d55-5d98-8083-176d0f3c49cd	22	17
Mi mostri il suo gatto.	Show me your cat.	518719ca-49aa-544a-a8b6-efa5b8d23a10	23	17
Mi mostri la sua gatta.	Show me your cat.	38d65c03-389e-5105-a33e-15d937f5a9b6	23	17
Mostratemi la vostra gatta.	Show me your cat.	180f195d-cfde-5e9e-975d-5169ca28fb1c	27	17
Mostratemi il vostro gatto.	Show me your cat.	02771afb-352b-553c-8db7-37cc063a9214	27	17
Vogliono un gatto.	They want a cat.	d65603e6-19de-5ab3-9aef-f71c8c8465aa	18	16
Vogliono una gatta.	They want a cat.	ccf6f92f-666c-54f8-ab01-c287f270481e	19	16
È sia impegnativo che liberatorio essere diversi.	It's both challenging and freeing to be different.	756b70c4-45f9-5f3b-bf84-add6c80e8646	49	50
Ho colpito un gatto.	I hit a cat.	25f5f73f-1a5e-5c01-ae34-e2b4e91759f5	20	12
Colpii un gatto.	I hit a cat.	c7dbbf47-1dce-50f8-849f-6c470c685f43	16	12
Ho colpito una gatta.	I hit a cat.	fbf74596-d934-53f3-bbd9-8f3cbc13f736	21	12
Colpii una gatta.	I hit a cat.	e2e841ed-7fc3-547f-ad1c-4a3e74df4c12	17	12
Yanni conosce Cat Stevens.	Yanni knows Cat Stevens.	3d92adff-86ba-5456-8c87-71fa568eed8e	26	24
Tom vuole un gatto.	Tom wants a cat.	fbf5c229-0040-5a27-8a56-f1054d170060	19	16
Tom vuole una gatta.	Tom wants a cat.	17feb408-0f56-58fe-9665-63378b88b874	20	16
Questo gatto è grigio.	This cat is gray.	b1831de0-d608-5b8a-81cc-b40e4d18b1dc	22	17
Questa gatta è grigia.	This cat is gray.	a5a24bea-18bc-5c4c-a269-b0bd33156475	22	17
Lascia andare il gatto.	Let the cat go.	9144cf92-da18-575e-91eb-4ba4ef7cc1ac	23	15
Lasci andare il gatto.	Let the cat go.	468be957-a00f-5dff-b760-ce395bb96bf5	22	15
Lasciate andare il gatto.	Let the cat go.	00c287a0-45a9-55ed-aad1-e95002bd709b	25	15
Lascia andare la gatta.	Let the cat go.	ec533f2a-ebe7-5b42-9080-7c0f530ca8ef	23	15
Lasci andare la gatta.	Let the cat go.	2bb15622-0939-5255-adad-4161dc5304a4	22	15
Lasciate andare la gatta.	Let the cat go.	e612ccca-d6b7-574d-8cda-7873c70b672a	25	15
Sami ha dato da mangiare al suo gatto.	Sami fed his cat.	e21f4e6e-1b93-5fa1-a219-c356733ed5f4	38	17
Sami diede da mangiare al suo gatto.	Sami fed his cat.	0da0d14a-f882-503a-a089-4d1ce68d89aa	36	17
Sami ha dato da mangiare alla sua gatta.	Sami fed his cat.	776d43de-793a-5ae9-b9f9-a2dd9f648807	40	17
Sami diede da mangiare alla sua gatta.	Sami fed his cat.	14d93866-30bb-566f-9c82-6807c85a687e	38	17
Hai visto questo gatto?	Have you seen this cat?	89dd6e55-04cc-5d2f-94ce-00866e4d9980	23	23
Ha visto questo gatto?	Have you seen this cat?	2a583e84-2992-531b-a68f-64ebe8258f11	22	23
Avete visto questo gatto?	Have you seen this cat?	d97f4f95-2f39-5446-a5de-232dfa8e81ad	25	23
Hai visto questa gatta?	Have you seen this cat?	de0db0a5-32c8-560b-9c30-c567052af87e	23	23
Ha visto questa gatta?	Have you seen this cat?	9770c87d-c8da-5238-a9f2-da82d9f1ff6c	22	23
Avete visto questa gatta?	Have you seen this cat?	1eeb4010-b629-5e9f-9a87-b30e7945442c	25	23
Sto disegnando un gatto.	I am drawing a cat.	e2cb8178-fa29-5517-b6bd-2cc4d129daa3	24	19
Sto disegnando una gatta.	I am drawing a cat.	a14c9772-d8e1-5f76-aa31-f77d09511f47	25	19
Il gatto di Vladimir è curioso.	Vladimir's cat is curious.	b505e01f-1149-54d2-83c4-96a21e71b108	31	26
La gatta di Vladimir è curiosa.	Vladimir's cat is curious.	18f822c7-e59b-54dc-8234-a65b0ed1fa3f	31	26
Il gatto è così brutto!	The cat is so ugly!	8ccc6405-25fc-50ff-a17f-71b93181fedc	23	19
La gatta è così brutta!	The cat is so ugly!	d83e550e-9623-5885-9afb-a0fd7d0d2fc9	23	19
In cuor mio so che essere unici è un dono.	In my heart, I know being unique is a gift.	516f4928-6a4f-5572-b9c2-c005d3d9cccb	42	43
Il gatto ha il pelo lungo.	The cat has long hair.	1fab1336-6af4-56b4-8dee-9ad9f399a404	26	22
La gatta ha il pelo lungo.	The cat has long hair.	7d56e6a8-38cf-55a3-a630-17d113a4a20b	26	22
Nasconderai il gatto.	You'll hide the cat.	c9351c29-a361-568f-b980-274a90456272	21	20
Nasconderà il gatto.	You'll hide the cat.	9699d2c3-59bc-531e-b29f-6bfbbd121b8c	20	20
Nasconderete il gatto.	You'll hide the cat.	90180c97-da9b-5e7e-bfb9-1ed9589544f7	22	20
Nasconderai la gatta.	You'll hide the cat.	ce486587-ba95-58f2-bdcf-af5474d0f4bf	21	20
Nasconderà la gatta.	You'll hide the cat.	b1b335d5-c96a-598c-a5d5-03e7729f93ac	20	20
Nasconderete la gatta.	You'll hide the cat.	9e8122bd-95dd-5d93-9436-bd1f485ea540	22	20
Di che razza è questo gatto?	Which breed is this cat?	37b9697b-ca14-5c4e-b324-525f86f0a89e	28	24
Di che razza è questa gatta?	Which breed is this cat?	0e395000-f3a2-56dd-90a5-a834d3693ae1	28	24
Il mio gatto è un veterinario.	My cat is a veterinarian.	cf3664d4-d6b7-5e52-92f9-65fd3a06490f	30	25
La mia gatta è una veterinaria.	My cat is a veterinarian.	fc49eb0c-f0c3-55fc-a34f-afa73b3f5d59	31	25
Forse ha visto il gatto?	Maybe she saw the cat?	72196c0c-14f1-5311-93c8-d6a32198a8da	24	22
Forse ha visto la gatta?	Maybe she saw the cat?	c13604dc-6d54-5c8f-9456-0d47e29cbb58	24	22
Forse vide il gatto?	Maybe she saw the cat?	49418397-a842-5ba8-b7c3-65e4e953c5cc	20	22
Forse vide la gatta?	Maybe she saw the cat?	587f8884-fe04-5690-a7ba-d1f3661559b8	20	22
Un gatto mi ha svegliato.	A cat woke me up.	50e41bce-0a9e-56f4-bd1e-6f0f6f97d96c	25	17
Un gatto mi ha svegliata.	A cat woke me up.	ea116060-bfbf-5994-b2d2-5213371a420f	25	17
Una gatta mi ha svegliato.	A cat woke me up.	60af632f-25fe-5815-ab95-43db35268485	26	17
Una gatta mi ha svegliata.	A cat woke me up.	0448d25e-366d-50dc-b7a8-416e52282c30	26	17
Un gatto mi svegliò.	A cat woke me up.	7d2d7fc1-8e50-51dc-94df-92e2f9c36acc	20	17
Una gatta mi svegliò.	A cat woke me up.	075eb5ad-6e42-5fb6-ab07-787c37f52876	21	17
Tom ha un gatto grigio.	Tom has a gray cat.	4beabfd9-e772-5490-a536-c40d29c247e2	23	19
Tom ha una gatta grigia.	Tom has a gray cat.	d1cd6c36-df2d-5608-ad19-0be01e0ed621	24	19
È impossibile accontentare tutti.	It's impossible to please everyone.	9859e84a-6a62-50f2-96b0-e080be7f8c75	33	35
È normale ricevere critiche.	It's normal to face criticism.	b4e690db-2301-58e0-ac35-ccdd8a6a2196	28	30
Alcuni possono fraintendere le nostre intenzioni.	Some may misunderstand our intentions.	951f9d70-f528-54f6-901c-b653d1108198	49	38
È salutare abbracciare vedute divergenti.	It's healthy to embrace differing views.	a125b308-8f34-5247-84c5-1079ead11042	41	40
Non c'è niente di male nel non piacere ad alcuni.	It's okay to be disliked by some.	bccc120a-9943-585d-bc4c-77b02e3dfa2e	49	33
Desideravo un momento di silenzio per riflettere.	I wished for a moment of silence to think.	0f024294-a413-5490-92e7-cc78daf5c4bf	49	42
Non volevo essere scortese, ma è stato necessario.	I didn't want to be rude, but it was necessary.	e236fe14-68eb-58f9-a638-e20e21e4f2e1	50	47
Non è da lui abbandonare un progetto.	It's not like him to abandon a project.	da6c6788-b371-5e6e-8368-c7a51e4b3534	37	39
Di solito porta a termine ciò che inizia.	He always completes what he starts.	c3d703c2-9176-5b27-af67-4fecc60120dd	41	35
Concludere i compiti è il suo punto di forza.	Finishing tasks is his strong suit.	cef66caa-b669-5e39-86a1-51b66fd18569	45	35
Odia lasciare le cose incompiute.	He hates leaving things undone.	1b7b6c5a-dc6c-5b22-ba62-470b3082c1e0	33	31
Mollare presto non è nella sua natura.	Quitting early isn't in his nature.	a5d5b922-ccda-5c4e-a680-9342394b5607	38	35
Si vantava del suo impegno.	He prided himself on his commitment.	c2f976a8-63fa-5087-a452-73b36927ec4d	27	36
È insolito per lui interrompere a metà.	It's unusual for him to stop halfway.	7c0e964c-24ad-5d9b-97e3-6134849fca22	39	37
È noto per la sua dedizione.	He's known for his dedication.	1d50263a-2758-527a-bf9a-a6d13e81e44b	28	30
Lasciare i compiti non finiti lo frustra.	Leaving tasks unfinished frustrates him.	78338204-c036-569f-b674-f9a142db4a15	41	40
Lui preferisce chiudere i conti in sospeso.	He prefers to tie up loose ends.	e99a6e2a-5bf6-569b-8e1b-8417072b700f	43	32
Il lavoro a metà non è nel suo stile.	Half-done work is not his style.	c8bf06b2-77fe-5cc6-8aab-2fb0306c88d5	37	32
Raramente si tira indietro di fronte alle sfide.	He rarely walks away from challenges.	ee339464-9dab-5421-9c76-6dac03cf579e	48	37
Non è nel suo carattere arrendersi.	It's not in his character to give up.	8983858f-10d5-50c9-b5e9-6099f1f6dff1	35	37
La sua reputazione si basa sull'affidabilità.	His reputation is built on reliability.	67eb871f-2265-5526-9e89-77600e91f02a	45	39
Mira sempre al traguardo.	He always aims for the finish line.	efb93b08-1f86-5fb1-bb6a-f29c99eaee7a	25	35
Si prefissa un obiettivo e lo rispetta.	He sets a goal and sticks to it.	83ec51b8-1120-5154-a5d9-d84dd9ce26c2	39	32
Cercò un'abitazione vicino al suo ufficio.	He sought a home near his office.	e7897c45-83c6-5461-b735-0355b0f1beee	42	33
Per lui era essenziale la vicinanza al lavoro.	Proximity to work was essential for him.	29d45ba5-ea1e-525e-87dd-93d2d2c31aab	46	40
Abitare nelle vicinanze sembrava pratico e comodo.	Living nearby seemed practical and convenient.	ed40862e-7cb8-5c8f-93fd-b597ae0a522f	50	46
Voleva evitare lunghi viaggi in treno.	He wanted to avoid long train rides.	4b4ce313-6043-547f-90e4-728aac9f9613	38	36
Cercò appartamenti vicini al suo posto di lavoro.	He searched for apartments close to his job.	5a649ee5-bae7-525e-b63b-c9d8c7fac5f1	49	44
Dava più valore al tempo rispetto alla distranza.	He valued time over distance.	8c04240d-ef2f-5d1e-be0c-488325e71bf4	49	29
Immaginava mattinate tranquille, senza fretta.	He imagined leisurely mornings without rush.	cfa63003-ad6d-5d55-89e9-7842fee31b9e	46	44
Un bar lì vicino diventò il suo posto preferito.	A nearby café became his favorite spot.	37921d52-65b1-5b6a-bf13-12a83d89ce28	48	39
Perché dovrei crederti ancora?	Why should I believe you anymore?	104ad519-6766-560e-a356-9fdf48212b4e	30	33
Le tue parole sembrano vuote e insincere.	Your words feel empty and insincere.	7ef9d251-26f3-56fe-a827-09583126e504	41	36
Vorrei potermi fidare di nuovo di te.	I wish I could trust you again.	904f8e57-9ff2-5950-867c-a9b74b7e7d11	37	31
La verità troverà sempre il modo di venir fuori.	The truth will always find its way out.	c18cfa96-d2a9-5947-a116-6ab0eb43dfbf	48	39
Il tuo inganno fa più male di quanto pensi.	Your deception hurts more than you realize.	3af8382a-5ee4-56c1-aadc-b8316bf7fe69	43	43
Non posso più ignorare i segnali.	I can't ignore the signs any longer.	47f9515d-847b-547d-876d-f97ca9f14d49	33	36
Mi chiami per sapere come sto quando mi sento giù.	You check in on me when I'm feeling down.	35a5c2e5-9ea0-5f57-a29a-b0da8d24bd9c	50	41
Hai oltrepassato il limite; non farlo mai più.	You crossed the line; never do that again.	809e264d-97d3-5cb1-b862-1d9cb794842f	46	42
Evitiamo questa situazione in futuro.	Let's avoid that situation in the future.	e3d7f4c5-48e5-5c75-b07e-86e34b8f19ed	37	41
Alcune cose sono fuori dal nostro controllo.	Some things are beyond our control.	ab9e8234-7791-5545-83e3-0cf52d581b6b	44	35
Hai provato l'hot pot a Taiwan?	Have you tried the hot pot in Taiwan?	2827fe4b-b27b-52b2-be2f-2ab4d3c2bfc3	31	37
Ha provato l'hot pot a Taiwan?	Have you tried the hot pot in Taiwan?	8e9358e7-2e84-5240-acac-853172755097	30	37
Avete provato l'hot pot a Taiwan?	Have you tried the hot pot in Taiwan?	cf1d600a-774d-5986-8250-fa44fe0ac3fa	33	37
Mary si è fatta male alla gamba sinistra.	Mary hurt her left leg.	59386e2f-82bd-5e5b-b1eb-3493fae9e052	41	23
Mary si fece male alla gamba sinistra.	Mary hurt her left leg.	66600952-d7db-5f7e-bb55-72c7af3d55d1	38	23
Mary è stata trovata morta nel suo garage.	Mary was found dead in her garage.	c6451324-c002-553e-9c07-98f0e4f5d963	42	34
Mary fu trovata morta nel suo garage.	Mary was found dead in her garage.	f5477c78-792b-5278-b8f3-f445540785ef	37	34
A Mary piace davvero il suo lavoro.	Mary really enjoys her job.	8160798e-6de4-579a-8fdc-e294a08047a0	35	27
A Mary piace davvero il suo impiego.	Mary really enjoys her job.	0412a890-1c87-5929-aaad-4693117efbfb	36	27
A Mary piace veramente il suo lavoro.	Mary really enjoys her job.	da3da5a6-fd1a-5ffc-b74a-13b981a1c8cb	37	27
A Mary piace veramente il suo impiego.	Mary really enjoys her job.	e90ccf76-df5a-5029-9773-3e6b425f1740	38	27
Chiedi a Mary se può aiutarci domani.	Ask Mary if she can help us tomorrow.	edb7dc55-83a6-545e-ad8a-9583c4dbd1b1	37	37
Chieda a Mary se può aiutarci domani.	Ask Mary if she can help us tomorrow.	7667c8e6-5ac4-5be8-a4d0-af26b45f588c	37	37
Chiedete a Mary se può aiutarci domani.	Ask Mary if she can help us tomorrow.	f63ddaa2-fb86-5547-8d53-9b2e91df9183	39	37
Chiedi a Mary se ci può aiutare domani.	Ask Mary if she can help us tomorrow.	9d52b1f8-5848-5641-8463-a9889b6c47e2	39	37
Chieda a Mary se ci può aiutare domani.	Ask Mary if she can help us tomorrow.	7e9c4ed0-ed6e-5a0f-8b8c-29072f436fad	39	37
Chiedete a Mary se ci può aiutare domani.	Ask Mary if she can help us tomorrow.	e87ac343-88a2-5456-ab2c-d11e12268c84	41	37
Chiedi a Mary se riesce ad aiutarci domani.	Ask Mary if she can help us tomorrow.	9f87c764-b14b-54bd-a43b-30e8b4415b37	43	37
Chieda a Mary se riesce ad aiutarci domani.	Ask Mary if she can help us tomorrow.	4420ead9-0740-5013-abcc-f584ac077472	43	37
Chiedete a Mary se riesce ad aiutarci domani.	Ask Mary if she can help us tomorrow.	5bfcc379-9f83-5b55-b7fd-e8f5c42f4259	45	37
Per favore, ti chiedo solo di non starmi addosso.	Please, just give me some space.	b3c11434-8996-5b70-a4a2-a050abbfa877	49	32
Il mio amore per i riposini non ha eguali.	My love for napping is unparalleled.	bcfc612f-fd59-5301-80f2-fb40ccf39b4f	42	36
Il suono delle fusa mi rasserena l'anima.	The sound of purring soothes my soul.	1da51546-2a43-5cd8-b2b8-926a853eed6f	41	37
Mary dormì nella sua macchina.	Mary slept in her car.	a0fdea1f-0226-5960-87db-a9594fde27ea	30	22
Mary dormì nella sua auto.	Mary slept in her car.	5f66b7ec-db9f-53d6-b78c-710ac2a82355	26	22
Mary dormì nella sua automobile.	Mary slept in her car.	c09c5a8c-bad5-55f4-a230-6004f54d0b53	32	22
Mary è interessata all'arte, vero?	Mary is interested in art, isn't she?	c20610c3-4479-531e-8ee4-67924c328cdf	34	37
Non è preoccupato per i suoi voti.	He isn't worried about his grades.	92f1a836-9e8e-57b9-9faf-6f0a50c9e0f3	34	34
Ha portato a casa lei e sua figlia.	He took her and her daughter home.	5303e38e-2878-5120-ad15-dccd33070aa5	35	34
Portò a casa lei e sua figlia.	He took her and her daughter home.	13837629-be2d-58d3-a791-7f6a1b7cca77	30	34
Voleva pranzare con lui.	She wanted to eat lunch with him.	144b5cc4-414b-5518-9e7f-711956fce2a3	24	33
Dice che anche lei deve farlo.	She says she has to do that, too.	18fecc23-0e51-51ef-894b-138690518dbb	30	33
Dice che anche lei lo deve fare.	She says she has to do that, too.	4f54ab17-302d-5a8a-9ead-5b351f60210e	32	33
Ziri sta cucinando qualcosa.	Ziri is cooking something.	292ed4c7-4a5e-5fda-95d9-6d52032c9fa2	28	26
La Francia ha collaborato durante la guerra.	France collaborated during the war.	203c01cd-a6cd-5e3b-84f8-45cfdcfe1211	44	35
Come si impara una lingua straniera?	How does one learn a foreign language?	dcf2d61a-17c2-5482-9b2a-983aaa2968da	36	38
Non potevo visitare l'Australia la scorsa estate.	I couldn't visit Australia last summer.	b2e9e056-ce1b-577b-9268-0c8bfaf813cd	49	39
Inglese, per favore.	English, please.	fa87bbaf-7eda-5e8f-9003-1c0cdc5a2be5	20	16
Inglese, per piacere.	English, please.	e999832c-04f8-5e97-9106-7bea93d72220	21	16
Conosce l'inglese.	She knows English.	2fe22563-5480-5bf3-97ab-0d27a3e8b6f1	18	18
Tutti parlano l'inglese.	Everyone speaks English.	0e67e04b-b021-50f4-9a53-8e6ab7189eb8	24	24
Tom sa l'inglese.	Tom knows English.	7f4bd890-fcc9-5740-873f-758dbc56ad67	17	18
Inglese o spagnolo?	English or Spanish?	913a9e1e-f206-5a8d-96e0-c6d110a41a77	19	19
Sa l'inglese.	He knows English.	d4aaf690-cc37-5382-a2a5-d58c0f2036a4	13	17
L'inglese è difficile.	English is difficult.	d746ece9-42aa-5c04-8618-1804866ff012	22	21
Tom parla l'inglese.	Tom speaks English.	e41d3282-b924-56ff-aa07-7ab9bd11148d	20	19
Sono inglesi.	They're English.	33c5c8aa-89e0-5815-b72a-5579b4cb0d6b	13	16
Tom insegnava inglese.	Tom taught English.	4f90595e-5525-5b11-8c2e-422533cb86f4	22	19
Tom insegnava l'inglese.	Tom taught English.	082b9c70-27db-58ff-b080-33b7a13149e3	24	19
Parla in inglese, per favore.	Speak English, please.	dfbaad0a-040c-5a41-be6a-eb2b1e8ccc44	29	22
Parla in inglese, per piacere.	Speak English, please.	42834e23-abbb-5f80-8a94-f5acbbcd5854	30	22
Parlate in inglese, per favore.	Speak English, please.	f7f06740-f559-54a5-93db-4da94e26b947	31	22
Parlate in inglese, per piacere.	Speak English, please.	7de8b067-9a79-5ccd-ae00-d6d0d06621da	32	22
Parli in inglese, per favore.	Speak English, please.	76f042f5-5eae-5440-8b8b-87c9323fcc0f	29	22
Parli in inglese, per piacere.	Speak English, please.	a86f1b34-fd4b-5bfa-978c-fc5b96ebe3e0	30	22
Sanno l'inglese.	They know English.	1e74a238-3f85-5bc9-b940-142fa83425d5	16	18
Sono inglesi?	Are they English?	a123f3d9-a687-5e97-9cc0-d352fa527d6b	13	17
Sei inglese?	Are you English?	ab08ac89-ad32-5ded-be5a-8fec7f187da0	12	16
Siete inglesi?	Are you English?	6207033d-2b89-590e-a08b-b4a3c5d8325d	14	16
È inglese?	Are you English?	0ca1717d-f52e-54ac-b882-0a7f146e7f51	10	16
Impari l'inglese.	You learn English.	91337ae3-b1bf-5d7a-8192-91c3423c8ac4	17	18
Tu impari l'inglese.	You learn English.	34ead9cf-2249-5aaf-adc1-c7b3d3885633	20	18
Impara l'inglese.	You learn English.	5eff44d3-da9e-5685-b102-7f1770fd4c40	17	18
Lei impara l'inglese.	You learn English.	39977bcc-19b2-58e5-971c-ace21908866e	21	18
Imparate l'inglese.	You learn English.	80cb4bbc-2dbf-588e-93db-a2024871ead0	19	18
Voi imparate l'inglese.	You learn English.	8b11433b-504c-5209-a9a5-eb89c6a8c5e7	23	18
Imparerei l'inglese.	I would learn English.	64004087-01e9-5f36-873f-436ea467def6	20	22
Parliamo in inglese qui.	We speak English here.	fbdb0547-fb96-5068-9b47-1333978b4868	24	22
Parliamo in inglese qua.	We speak English here.	12036a0f-2e40-5374-b4e5-94c08d5f9659	24	22
Gli piace parlare in inglese.	He enjoys speaking English.	a5ca6bf2-4fbf-5905-9e21-78fe1d3b1efc	29	27
A lui piace parlare in inglese.	He enjoys speaking English.	44a08c0c-1b55-5fa3-85cf-e833f1286011	31	27
Gli piace studiare l'inglese.	He enjoys studying English.	a323d70d-ef1d-5bae-a4b1-5f275419e4a8	29	27
A lui piace studiare l'inglese.	He enjoys studying English.	d7540d55-4532-5a21-83a9-78e372aa459c	31	27
L'inglese è la tua lingua.	English is your language.	6900c5b8-a67f-5d67-ac26-09d1be356c8d	26	25
L'inglese è la sua lingua.	English is your language.	1d3a54a4-c028-579b-b126-1527d65e346b	26	25
L'inglese è la vostra lingua.	English is your language.	a201c521-d52a-5685-a2b6-bcb6c84a3b35	29	25
Parli bene l'inglese.	You speak English well.	17c5614f-ae90-5c4a-85bb-bcce05d8b998	21	23
Tu parli bene l'inglese.	You speak English well.	fe48bbfc-c3cc-570d-a3b7-92fb23be1021	24	23
Parlate bene l'inglese.	You speak English well.	34ff9114-6bc1-5dca-a15c-4c3d59d27e11	23	23
Voi parlate bene l'inglese.	You speak English well.	6e88b09d-de14-57b0-a18c-5a71feebec39	27	23
Non tutti sanno l'inglese.	Not everyone knows English.	e034442c-f297-5896-b867-82f98358c396	26	27
Non ho mai imparato l'inglese.	I never learned English.	7ef745b3-48dc-5cbb-9080-fc392bb80fb6	30	24
Non imparai mai l'inglese.	I never learned English.	d351f91a-7197-559f-806e-7ac0a4ef07d7	26	24
Parla a malapena l'inglese.	She barely speaks English.	2e1f1c91-1639-5414-b075-932eb56f5252	27	26
Mia sorella insegna inglese.	My sister teaches English.	dca059cb-572d-58c0-b26e-3f3f8ad3b1d2	28	26
Mia sorella insegna l'inglese.	My sister teaches English.	0e3cd6e5-96b1-5d52-b130-e729b938ea36	30	26
Imparare l'inglese è divertente.	Learning English is fun.	e5826a3b-0d18-508c-966f-8629742fe55d	32	24
Trovo l'inglese noioso.	I find English boring.	1e0eb45e-e024-5bdf-9c32-cf6df106298a	23	22
Il mondo parla in inglese.	The world speaks English.	d9ecbd26-afdd-5fba-a768-b1dbc8e362bd	26	25
Il mondo parla l'inglese.	The world speaks English.	1e8a533e-c121-5cf6-936f-ab76257309a2	25	25
Stanno imparando l'inglese.	They're learning English.	b0f6b8b1-ab39-5219-ac2d-0a288b37a591	27	25
Sono anglofono.	I am English speaking.	c66c2934-f8c5-5008-a37f-9295ba9b1a82	15	22
Questo è in inglese.	This is in English.	7c057143-f2ef-5c7e-a764-3db29d7a8f94	20	19
Parlo l'inglese europeo.	I speak Euro English.	e7f37fee-8940-5014-856a-01d176d6d1e7	24	21
Io parlo l'inglese europeo.	I speak Euro English.	0a3afece-d4ae-5b46-a42a-740cb7d0b7bc	27	21
Di' questo in inglese.	Say this in English.	d7e97897-7d4b-5e49-96a3-312fe03317ad	22	20
Dica questo in inglese.	Say this in English.	944d4192-2435-5a32-b0af-70a88ad16fdd	23	20
Dite questo in inglese.	Say this in English.	39f14dc8-4f03-5990-aaeb-8591a9897c9b	23	20
Parlo l'inglese americano.	I speak American English.	7dd48c75-547d-535d-9acf-3a26f2be7bc5	26	25
Io parlo l'inglese americano.	I speak American English.	c1b87d49-6b6d-5c75-b525-c57bbcb5e20d	29	25
Ho ritradotto l'inglese.	I retranslated the English.	aabb3e2f-0951-5fef-acab-1aa6a1afca0a	24	27
Ritradussi l'inglese.	I retranslated the English.	386f5243-16e3-5d4d-852b-22a531706d53	21	27
Parla in inglese americano.	He speaks American English.	62fb1caa-fbd4-519a-95de-ab37552399dd	27	27
Tom trovò un quadrifoglio.	Tom found a four-leaf clover.	623ec144-08d4-51a1-b84e-1f648af7f7fc	26	29
Nessuno pensa a noi.	Nobody thinks of us.	746bd682-93d8-5a03-b90b-f31f58894f80	20	20
C'era un problema extra: l'auto non era sua.	There was an extra problem: the car wasn't his.	909fd751-1ebf-537e-8819-7560ccb5038b	44	47
Tom guardò Mary con odio.	Tom looked at Mary with hatred.	5fd6112a-62fa-538b-8c1f-c862e88918d8	25	31
A loro piace cucinare i pasti insieme.	They enjoy cooking meals together.	0c7a17e9-f928-5732-a10d-3acd0960b269	38	34
La sua stanza è piena di ricordi d'infanzia.	His room is full of childhood memories.	b654f1dc-0c14-5cc1-89de-833608feef52	44	39
Apprezza il loro sostegno.	He appreciates their support.	cf976de1-da10-50d3-bdda-edea4780beca	26	29
Aiuta nelle faccende domestiche.	He helps with household chores.	4ad56657-7d37-53ec-a208-589cda921974	32	31
Spesso si raccontano storie a cena.	They often share stories at dinner.	0ae557eb-8b19-59a9-b662-5a6de623308c	35	35
I suoi genitori incoraggiano i suoi hobby.	His parents encourage his hobbies.	50215ff9-76fe-579a-8641-6e87a702e2eb	42	34
Lui ama il loro cane come se fosse il suo.	He loves their dog as his own.	f9da7c2b-16bb-5c52-9a14-e90bffe02482	42	30
Festeggiano i compleanni insieme.	They celebrate birthdays together.	72c5d589-934a-544d-8140-126efb2f3d8c	33	34
Risparmia denaro per il futuro.	He saves money for his future.	41e52765-3a6e-5116-9666-179446497947	31	30
A lui piacciono la loro compagni e la loro guida.	He enjoys their company and guidance.	7a60e097-4365-5559-aaac-98c43252483b	49	37
Discutono dei progetti per il fine settimana.	They discuss plans for the weekend.	32f8b851-1db8-5e5d-9d3b-3887ac10f4bf	45	35
Assiste i genitori con i problemi tecnici.	He assists his parents with tech issues.	e6547ab0-6160-5e6d-9d59-8a90f87b860d	42	40
Prova un forte senso di appartenenza.	He feels a strong sense of belonging.	03a19fa8-5c8f-595e-96ff-9d4dbd9926ee	37	37
La loro casa è piena di risate.	Their home is filled with laughter.	83405261-b397-58e0-8233-c392547b27d9	31	35
Sa che questo tempo è prezioso.	He knows this time is precious.	b71dddb5-e8c6-5273-b266-b8455cb6c103	31	31
Tom tornerà a Boston domani.	Tom will be back in Boston tomorrow.	4e2abee3-4619-5287-a074-ad3730c25cc2	28	36
Mary si è fatta male al piede destro.	Mary hurt her right foot.	21597fe9-228b-50bd-a26b-09a49aab2364	37	25
Mary si fece male al piede destro.	Mary hurt her right foot.	967b6c22-b771-57a1-ab91-1bda679a8917	34	25
Si sente grato per il loro costante aiuto.	He feels grateful for their constant help.	4917219f-8b2f-5092-a2ec-e8122f1db08a	42	42
Mary ha detto che anche a lei piace sciare.	Mary said that she likes to ski, too.	38673b3e-20c4-51cd-9ae0-5f1b663f12d4	43	37
Spesso esprime loro i suoi ringraziamenti.	He often expresses his thanks to them.	a3ba807a-06cb-5e13-be1a-a5c642205b6b	42	38
Sa che non avrebbe potuto farcela senza di loro.	He knows he couldn't have done it without them.	a140221c-2a72-5b6b-a9ab-ff92cdbd2099	48	47
Mary è probabile che sia a casa, vero?	Mary is likely to be home, isn't she?	7a0ec436-18c1-5657-9e1d-69ba954c2737	38	37
La loro fiducia in lui lo ispira ogni giorno.	Their belief in him inspires him daily.	21de2ee2-791e-5624-8402-86c159aecbb6	45	39
Mary è brava a questo gioco, vero?	Mary is good at this game, isn't she?	f665edb9-d0ce-54ee-91f9-261edb4f2c51	34	37
Mary ha provato a vendere la sua casa.	Mary tried to sell her house.	40b2af0b-a195-5046-936d-e0563adb5a1f	38	29
È riconoscente per le loro gentili parole.	He's thankful for their kind words.	375fd44e-d76b-5b31-9a11-1ea20d30fe00	42	35
Mary provò a vendere la sua casa.	Mary tried to sell her house.	a9a359cc-75a0-5d44-80e7-af81d014af35	33	29
Mary dirà di sì, vero?	Mary is going to say yes, isn't she?	fabdb6ab-4fab-5240-880e-346b2259657b	22	36
Mary è già alla sua scrivania, vero?	Mary is already at her desk, isn't she?	443ae778-4d1d-5b2c-a920-10f1e2ee5011	36	39
Mary non riusciva a controllare le sue emozioni.	Mary couldn't control her emotions.	a4aae764-4c71-5d9d-8a01-6b4073e656b9	48	35
Mary ha detto a tutti che era preparata.	Mary told everybody she was prepared.	c55c55b0-5672-52f8-a2e8-16658c08ead7	40	37
Mary disse a tutti che era preparata.	Mary told everybody she was prepared.	ec3aee41-da5a-5574-90e7-88a10c552a79	37	37
Apprezza il modo in cui si fanno sempre vivi.	He appreciates how they always show up.	6ac2558b-2ad3-5009-9f82-0fb7566b420b	45	39
Il loro sostegno ha fatto una grande differenza.	Their support has made a big difference.	149b92e4-aa8e-550d-a59e-f6fc52f21026	48	40
Mary ha dato a Tom il suo indirizzo.	Mary gave Tom her address.	8af5feb6-325a-55ec-bb9b-4217c6281419	36	26
Mary diede a Tom il suo indirizzo.	Mary gave Tom her address.	6f1a17b7-1d60-5119-b6b7-930efc980ef4	34	26
Mary chiese a Tom di non baciarla più in pubblico.	Mary asked Tom not to kiss her in public anymore.	8c45462e-ea96-57e4-acad-a3759b89cc2f	50	49
Si sente benedetto ad averli nella sua vita.	He feels blessed to have them in his life.	0d242be5-5fa1-599d-bd03-31c177aacd6c	44	42
Lo risollevano quando ne ha più bisogno.	They uplift him when he needs it most.	24973b6f-fbe6-5138-94a0-0b2de1ce29eb	40	38
Riconosce i sacrifici che hanno fatto.	He recognizes the sacrifices they've made.	68ab6cde-f590-549a-88df-09d34b37501f	38	42
La loro lealtà gli dà conforto.	Their loyalty brings him comfort.	505465b6-6924-5243-a40a-afda938803f1	31	33
Mary è davvero bella, vero?	Mary is really beautiful, isn't she?	140ac4ab-00da-503b-89d6-3edaf65852ca	27	36
Mary è veramente bella, vero?	Mary is really beautiful, isn't she?	54eb5833-f85c-5e86-b855-08d052b153d8	29	36
Mary bullizzava i suoi compagni di classe.	Mary bullied her classmates.	3f88bcb1-3d46-5af2-9d54-28df104b66cd	42	28
Mary bullizzava le sue compagne di classe.	Mary bullied her classmates.	112d9144-01b3-5025-b624-5e7a8e12e34b	42	28
Mary sta ristrutturando la sua casa.	Mary is renovating her house.	501778a2-dc15-50d6-8cd6-a4a9f58a4c9b	36	29
Mary era seria, vero?	Mary was serious, wasn't she?	5c0e2403-cd26-50ad-b549-ea545fda788e	21	29
Mary mi ha detto che era impegnata.	Mary told me she was busy.	48627f7f-2c18-5f71-ad30-674b1215d9c7	35	26
Mary mi disse che era impegnata.	Mary told me she was busy.	ee46abb8-64c5-5b04-bc5a-2e4aff912264	32	26
Mary andrà con te, vero?	Mary is going with you, isn't she?	f2a22f07-3a46-5aca-9f4c-6fd1d7574deb	24	34
Mary andrà con voi, vero?	Mary is going with you, isn't she?	72ff0553-1527-5783-9d1d-5a65f799e038	25	34
Mary andrà con lei, vero?	Mary is going with you, isn't she?	6af5e865-f573-5a4c-87c8-1f37ff413e27	25	34
Di' a Mary che Tom vuole vederla.	Tell Mary that Tom wants to see her.	f8e7c3c5-0b23-5e1e-b91d-dcb1dccbae54	33	36
Dica a Mary che Tom vuole vederla.	Tell Mary that Tom wants to see her.	4cf72c2c-1a59-5f8b-8a96-73373b7659f9	34	36
Dite a Mary che Tom vuole vederla.	Tell Mary that Tom wants to see her.	258569ee-eaa9-5afc-969f-2739cf384054	34	36
Di' a Mary che Tom la vuole vedere.	Tell Mary that Tom wants to see her.	d99f595a-3f60-5b4d-ac36-480189aa1b7c	35	36
Dite a Mary che Tom la vuole vedere.	Tell Mary that Tom wants to see her.	d0e507a4-4f06-5ea9-bc76-0d6c48d4a16f	36	36
Dica a Mary che Tom la vuole vedere.	Tell Mary that Tom wants to see her.	370d7101-ba65-5736-a490-06b4d3e41555	36	36
Mary era lì con il suo fidanzato.	Mary was there with her boyfriend.	f5a081c2-bfd5-5361-8b01-8bda98fd8af3	33	34
Mary era là con il suo fidanzato.	Mary was there with her boyfriend.	c74a28e8-bbe2-5af5-ba61-af6ef6365b78	33	34
Mary era lì con il suo moroso.	Mary was there with her boyfriend.	c239fbfa-e593-56a5-913e-9585b218d8d9	30	34
Mary era là con il suo moroso.	Mary was there with her boyfriend.	4964c320-c8af-50f3-bf34-4949ce17abfa	30	34
Mary era lì con il suo ragazzo.	Mary was there with her boyfriend.	b872650b-5c10-542a-9513-4e9489948e60	31	34
Mary era là con il suo ragazzo.	Mary was there with her boyfriend.	5c9f0fa3-fe1b-5a9e-b309-e65f1fab56b2	31	34
Ho detto a Mary che dovrebbe andare.	I told Mary she should go.	4d2eb38f-7c6e-5146-81bf-699da14ec07c	36	26
Mary non è più un'insegnante, vero?	Mary isn't a teacher anymore, is she?	169ec768-d6a5-52d3-a29c-75c965882c19	35	37
Mary mi ha detto che non aveva fame.	Mary told me that she wasn't hungry.	1ed141c6-277e-578c-babb-caaf0e2d05b2	36	36
Mary mi disse che non aveva fame.	Mary told me that she wasn't hungry.	b0c923e8-9674-57f4-811a-f14edfbfe2f1	33	36
Mary mi ha detto che non era affamata.	Mary told me that she wasn't hungry.	d31d0ebc-b676-5d1f-b9f7-1b6e07c95a0c	38	36
Mary mi disse che non era affamata.	Mary told me that she wasn't hungry.	9e833186-aae7-5618-bfcb-d6d8b27818d5	35	36
Mary ha un acquirente per la sua casa.	Mary has a buyer for her house.	e70b19c9-f406-5f88-b154-0c339e46debf	38	31
Mary è già qui, vero?	Mary is already here, isn't she?	450a167f-595e-530f-9d76-5eb791088852	21	32
Mary è già qua, vero?	Mary is already here, isn't she?	af9804ee-9812-5b29-a9e2-3d63821956d0	21	32
Mary è andata in pensione quando aveva 65 anni.	Mary retired when she was 65.	35bbd5ee-9bf9-5b42-be1b-ad612b198203	47	29
Mary andò in pensione quando aveva 65 anni.	Mary retired when she was 65.	4b7ff95b-9fe5-59d8-acce-0e38ca2bd008	43	29
Mary sta cercando di aiutare, vero?	Mary is trying to help, isn't she?	eaac345f-0bca-555d-ae42-73de81542ba7	35	34
Mary sta provando ad aiutare, vero?	Mary is trying to help, isn't she?	880c7b61-c2d6-5e0b-8466-48740d384080	35	34
Le serate cinema in famiglia riuniscono tutti.	Family movie nights bring everyone together.	bbed7d37-827b-5d4a-9e5c-e37010249428	46	44
È una tradizione che tutti aspettiamo con ansia.	It's a tradition we all look forward to.	52e85566-461a-5b5a-bc7d-7c2a1924d6cf	48	40
Ogni settimana scegliamo a turno il film.	We take turns choosing the film each week.	54e61aed-82cb-56e1-b678-b35a7b9531b5	41	42
A volte ogni serata cinema ha il suo tema.	Each movie night has its own theme sometimes.	f2c6c737-b5d7-55dd-aa13-6ed52206a509	42	45
Spesso parliamo dei film il giorno dopo.	We often talk about the films the next day.	7ef59586-c4ec-5292-91b9-3305fb4ccbbe	40	43
Potresti suonarmi qualcosa qualche volta?	Can you play something for me sometime?	2557e575-ee2c-5b04-9dab-282a2dc89a37	41	39
Quel posto è alquanto umido.	That place is somewhat damp.	922c3473-61d1-52ef-b287-37795aa74599	28	28
Mary ha detto che lo farà da sola.	Mary said she'll be doing that alone.	3e88578c-2085-572d-b600-06ca26186ad4	34	37
Mary si è consultata con il suo avvocato.	Mary consulted with her attorney.	14df3532-9b2e-5282-bae2-f7295b6b79b8	41	33
Mary si consultò con il suo avvocato.	Mary consulted with her attorney.	4fc6cdcb-82c1-5cba-bf05-aaac5cab72e5	37	33
Mary si consultò con il suo avvocato difensore.	Mary consulted with her attorney.	ec27028b-2b57-5bc1-84a4-5b7ba24ce14f	47	33
Mary è innamorata di te, vero?	Mary is in love with you, isn't she?	63300621-8b02-5d2f-bc08-e84d64b16d07	30	36
Mary è innamorata di voi, vero?	Mary is in love with you, isn't she?	5d3db0d4-f488-5998-b647-7f2d3e48b3dc	31	36
Mary è innamorata di lei, vero?	Mary is in love with you, isn't she?	d205a569-1548-5bdb-85f3-dab0f739e778	31	36
Mary dice che non è interessata a farlo.	Mary says that she's not interested in doing that.	22cc32b2-17b2-5e14-aaa5-e8042a64e778	40	50
Mary dice di non essere interessata a farlo.	Mary says that she's not interested in doing that.	692aaaa5-c049-55bc-af45-03c9683d6c4c	44	50
Mary è una brava conducente, vero?	Mary is a good driver, isn't she?	8969cdde-8c56-5841-bd7c-d9464a76d69d	34	33
Mary deve conservare la sua forza.	Mary must conserve her strength.	b8e4113f-f7aa-59a6-ae7b-495c135d931c	34	32
Mary sta venendo qui per conto suo.	Mary is coming here on her own.	e1084660-5297-566c-a530-7ce8ce9b6fd7	35	31
Mary sta venendo qua per conto suo.	Mary is coming here on her own.	ca94145c-f17e-5c69-bc53-2cf8610694cf	35	31
Mary non sta guardando la TV ora. Sta dormendo.	Mary isn't watching TV now. She's sleeping.	33049707-e15f-59cc-bc17-b40774554b0c	47	43
Mary non sta guardando la TV adesso. Sta dormendo.	Mary isn't watching TV now. She's sleeping.	db754419-3e20-5369-8ee1-18df60ff9eda	50	43
Mary ci ha detto che non lo avrebbe fatto.	Mary told us she wouldn't do that.	ec93ec85-e494-5fe8-8eb2-f822ca85ac20	42	34
Mary ci disse che non lo avrebbe fatto.	Mary told us she wouldn't do that.	aa8b8497-eba3-5d20-930e-5039b6860c66	39	34
Mary ha detto che si sentiva affamata.	Mary said that she felt hungry.	aabf40f8-a720-537e-935c-de0e121417b6	38	31
Mary disse che si sentiva affamata.	Mary said that she felt hungry.	e8129b04-5d98-5575-9d42-34ad132fe6c3	35	31
Mary non si stava divertendo davvero.	Mary wasn't really enjoying herself.	fe130e70-b1a8-5b3f-af4e-565d28743a44	37	36
Mary si è nascosta dietro la porta.	Mary hid herself behind the door.	872bb86a-e6f3-50d1-a251-27c746dedaba	35	33
Mary si nascose dietro la porta.	Mary hid herself behind the door.	0b77d66c-073a-5551-b12b-a06e4552f525	32	33
Mary ha messo la testa fuori dalla finestra.	Mary put her head out the window.	ed44366e-4da1-54ee-972b-f4cd6f4a783c	44	33
Mary mise la testa fuori dalla finestra.	Mary put her head out the window.	5b48b97b-6c58-5e65-b26c-60d0a9084f68	40	33
Mary mi ha detto che era una senzatetto.	Mary told me she was homeless.	21caac68-4989-5954-ba3a-59fcb7e14825	40	30
Mary mi disse che era una senzatetto.	Mary told me she was homeless.	d0af9067-4c5b-5016-bb3e-a902e99e118a	37	30
Mary sembrava felice quando l'ho vista.	Mary seemed happy when I saw her.	7deff57a-eee7-598b-a3fa-37e7862ccf3d	39	33
Mary sembrava felice quando la vidi.	Mary seemed happy when I saw her.	34b122a4-2710-579c-8d6b-4b6bcf3a9f57	36	33
Mary dice che non conosce Tom.	Mary says she doesn't know Tom.	5d21b491-2dbd-591b-9e2b-aa8d6818011b	30	31
Mary dice di non conoscere Tom.	Mary says she doesn't know Tom.	cf4bf787-f157-529b-85f4-715fb29e3495	31	31
Mary si chiuse a chiave nella sua stanza.	Mary shut herself up in her room.	b869eab6-caee-53a3-846f-d952e01cf01b	41	33
Mary non può averlo fatto da sola.	Mary can't have done it by herself.	b77961f3-6604-5892-96e5-a5a58b11777e	34	35
Mary non può averla fatta da sola.	Mary can't have done it by herself.	302ec482-cb15-52fc-8e00-07b84b5cf7b0	34	35
La madre di Mary le disse di pulire la sua stanza.	Mary's mother told her to clean her room.	4a9da3a3-6092-544d-89a0-edc29e7110cd	50	41
Mary ha detto che pensava che Tom avesse paura.	Mary said she thought Tom was afraid.	d30221c2-d239-5430-af66-524731cc52bb	47	37
Mary disse che pensava che Tom avesse paura.	Mary said she thought Tom was afraid.	086367b1-c8a7-5e3e-9689-14cfb686c557	44	37
Mary non è in salute com'era una volta.	Mary is not as healthy as she used to be.	3e0d7af9-a1e1-52ff-8df5-4ad3a90a6a81	39	41
A Mary piace davvero nuotare, vero?	Mary really likes swimming, doesn't she?	b15d4038-3597-5146-9eb3-f7efeb2a6e30	35	40
A Mary piace veramente nuotare, vero?	Mary really likes swimming, doesn't she?	23539c17-864d-5b7f-915f-e9bd7504041e	37	40
Mary ha comprato i libri di cui aveva bisogno.	Mary bought the books she needed.	c8d89c62-613c-5645-bd49-e9e793ad94ed	46	33
Mary comprò i libri di cui aveva bisogno.	Mary bought the books she needed.	2dc4195a-c389-555c-86af-27fcd46d4630	41	33
Mary ha detto che non è stato offerto un lavoro.	Mary said she wasn't offered a job.	2083a43f-fad7-5f69-b779-e683c2cc4652	48	35
Mary ha detto che non è stato offerto un impiego.	Mary said she wasn't offered a job.	bf9216c5-e211-5615-9b50-d70f28b2fb5d	49	35
Mary disse che non le fu offerto un lavoro.	Mary said she wasn't offered a job.	8c13a123-eab6-5e9e-ab02-17bcb12a66e0	43	35
Mary disse che non le fu offerto un impiego.	Mary said she wasn't offered a job.	0dc4e510-07fa-5c2a-9fe9-7e8071133744	44	35
Mary sembrava essere incerta.	Mary looked like she was uncertain.	49ad2bc0-e8e1-55c5-9963-1e800a50d970	29	35
Lascia che Mary si diverta.	Let Mary have her fun.	702842d2-2db7-5409-b820-5a43b0eece9f	27	22
Lasci che Mary si diverta.	Let Mary have her fun.	2761e662-42e1-51d5-b06e-d263e91190bd	26	22
Lasciate che Mary si diverta.	Let Mary have her fun.	d29dead8-02ec-5b63-8d16-932dac19491e	29	22
Mi hai definito ricco, non per il mio carattere.	You called me rich, not because of my character.	ca4698a9-123d-594d-9689-b1a6c103fc3e	48	48
Sorridevi per il mio conto in banca, non per me.	You smiled for my bank account, not for me.	13095de9-67f4-5dcb-bdb5-c8f387137d93	48	43
Ero cieco, pensando che fosse amore, non profitto.	I was blind, thinking it was love, not profit.	74bffb24-69ff-5a07-bfe4-4595a89d8bb8	50	46
Domenica prossima farò del volontariato.	I'm doing some volunteer work next Sunday.	6a33278c-a9b7-531d-94d5-96d72801c21a	40	42
Proverò una nuova ricetta per cena.	I'll be trying out a new recipe for dinner.	8f926b59-43e2-5626-bef1-1d7758451e6e	35	43
Prevedo di rilassarmi e fare un po' di yoga.	I plan to relax and do some yoga.	d429de51-ee1c-5334-b52d-ddbde1966d14	44	33
Mi vedo con un vecchio amico per pranzo.	I'm meeting up with an old friend for lunch.	0edb6275-55c2-5075-81d6-b6d5e07cf19e	40	44
Mary mi ha detto che non è pronta.	Mary told me that she's ready.	f2591526-43e1-578c-84ae-3fc90615d7fc	34	30
Mary mi ha detto di non essere pronta.	Mary told me that she's ready.	f2df2cc6-fcb9-50f5-9b14-b927a29dfba7	38	30
Mary sembrava essere malata.	Mary looked like she was sick.	69f436a2-6f1c-5a8b-8a34-7dc39fe690fe	28	30
Sembra Mary, ma non è lei.	That looks like Mary, but it isn't her.	142c515b-9cae-5fc8-9ad8-683e991496e0	26	39
Sembra Mary, però non è lei.	That looks like Mary, but it isn't her.	5137003d-eb3a-5778-a54a-616628880e1b	28	39
Mary è ottima con i bambini, vero?	Mary is great with children, isn't she?	1c53b3d3-78c3-589c-a1d2-5b025b358b16	34	39
Mary ha detto che anche lei mi amava.	Mary said that she loved me, too.	f3c8d315-fb2f-5dc1-bdc8-7dbc23ea8353	37	33
Mary disse che anche lei mi amava.	Mary said that she loved me, too.	787d72fb-37b5-5b76-9cbd-417a24de5954	34	33
Mary ha una cicatrice sulla gamba destra.	Mary has a scar on her right leg.	b133a356-2c19-59df-b602-490163b6b486	41	33
Mary mi ha detto che le piaceva Tom.	Mary told me she liked Tom.	06662c20-a90d-5cfd-829f-b68b92a8e342	36	27
Mary mi ha detto che a lei piaceva Tom.	Mary told me she liked Tom.	849f36fb-c342-511a-bf2f-bd8c7c120f18	39	27
Mary mi disse che le piaceva Tom.	Mary told me she liked Tom.	083cad70-d1c7-5f53-9d12-1570df5427b2	33	27
Mary mi disse che a lei piaceva Tom.	Mary told me she liked Tom.	fc1c2a1a-518c-5e2c-8662-97986a9c4bc5	36	27
Mary ha detto che era compiaciuta.	Mary said she was pleased.	9f40c095-d132-569c-a7e8-e68ef25de51f	34	26
Mary disse che era compiaciuta.	Mary said she was pleased.	331c0355-b631-54c9-8e72-f4b91ef0900b	31	26
L'odore era difficile da ignorare.	The smell was difficult to ignore.	0a48e229-4fbf-536c-b628-0828b6c13880	34	34
C'era un disperato bisogno di aria fresca.	Fresh air was desperately needed.	15bdec3b-e4f0-5bc9-ae2b-5693a9391aa3	42	33
L'odore sembrava andare e venire a ondate.	The smell seemed to come and go in waves.	57032d70-f631-5620-b6cc-bd7df71b33ee	42	41
L'odore era ancora nell'aria ore dopo.	The smell was still in the air hours later.	0aff2113-5986-5fe9-a61b-47fea90aa9c5	38	43
Tutto sembra più leggero quando sei vicino.	Everything seems lighter when you're near.	412f85bd-7544-5954-9b7f-685139c0b0a5	43	42
Mi sento in pace in tua presenza.	I feel at peace in your presence.	7cbb7dfd-75e7-5707-9515-0ba215b9a3e7	33	33
Le nostre conversazioni sono fonte di gioia.	Our conversations are a source of joy.	2152873b-8718-58d3-bd76-7b8185b36742	44	38
Apprezzo il modo in cui mi ascolti.	I appreciate how you listen to me.	622b68b1-2456-5ae9-b439-041f063c71e4	35	34
Il tempo vola quando sono con te.	Time flies when I'm with you.	e6bd7553-74cf-55f1-bd64-af0b12d4edc9	33	29
La tua positività è contagiosa.	Your positivity is contagious.	ce9a15de-108e-56a6-aba9-0ea0ef087e6a	31	30
Rendi speciali le giornate normali.	You make ordinary days feel special.	7845e758-cacd-50e7-8a41-7815d9e46776	35	36
Ogni avventura con te è indimenticabile.	Every adventure with you is unforgettable.	3bf959c2-9c71-5d96-8c89-7b22674a35fb	40	42
Molte invenzioni sono nate da numerosi fallimenti.	Many inventions were born from numerous failures.	27325c29-2ab1-55b5-8cfc-8eb2cad0e3f7	50	49
Ero deluso dal tuo articolo.	I was disappointed by your article.	cea271bd-53fd-5271-9f94-924650b69847	28	35
Ero deluso dal suo articolo.	I was disappointed by your article.	0d6d1b48-f534-5e58-a4c2-eb27bdb6e353	28	35
Ero deluso dal vostro articolo.	I was disappointed by your article.	5e485d59-11a1-5906-8b47-add8fe8ea2e1	31	35
Ero delusa dal tuo articolo.	I was disappointed by your article.	3a6a7574-74a8-5a25-aaea-ac03efdae345	28	35
Ero delusa dal suo articolo.	I was disappointed by your article.	41f9430f-123b-5316-b879-d50b10abd95b	28	35
Ero delusa dal vostro articolo.	I was disappointed by your article.	43601985-b62f-5df4-bce7-824a912b0bad	31	35
Faceva parte della squadra da anni.	He'd been part of the team for years.	5520f5be-ecee-53d0-998c-6aed01f242f3	35	37
Provavo un misto di eccitazione e senso di colpa.	I felt a mix of excitement and guilt.	2aa2d7d6-45a3-581a-a4f3-68b781222c56	49	37
Prese la notizia sorprendentemente bene.	He took the news surprisingly well.	f57fb9e0-b604-5407-a89f-07610889a777	40	35
Ero impaziente di dimostrare il mio valore.	I was eager to prove myself.	f63817fb-1fcb-5c3a-82ca-1042593e9fd1	43	28
Ero grato per l'opportunità.	I was grateful for the opportunity.	07e849eb-1226-5d97-9b77-b2239b4f4a7e	28	35
Ammiravo la sua dedizione alla squadra.	I admired his dedication to the team.	7c71898e-d7ac-57bd-aa1e-81ad9afa38ee	39	37
L'atmosfera era tesa ma piena di speranza.	The atmosphere was tense but hopeful.	e63842c7-bdcc-541e-ba4f-9c6740ebfdad	42	37
Capivo la pressione per produrre risultati.	I understood the pressure to deliver results.	b9a0c2fe-3033-5461-81ce-a072fb74227d	43	45
Tutti mi hanno accolto a braccia aperte.	Everyone welcomed me with open arms.	7a136f01-ebf2-50b0-a853-31d963d0608d	40	36
Insieme avremmo costruito qualcosa di notevole.	Together, we would build something remarkable.	f66d8485-4e94-5586-aed8-7e5324ed2679	47	46
Chi decide cosa è naturale nel mondo animale?	Who decides what is natural in the animal world?	f516375b-1bfb-56e6-956a-e1c1edb3ac46	45	48
Yanni ha dei rimpianti.	Yanni has regrets.	10eff5d2-b61b-54e9-82ed-9b94174d4e0e	23	18
Nessun rimpianto.	No regrets.	bde34704-1cf4-5c26-a634-5a456cca012a	17	11
Tom ha dei rimpianti.	Tom has regrets.	e6833a3a-ab1e-551b-a23a-dff0992022d3	21	16
Tom rimpiange di avere aspettato.	Tom regrets waiting.	2413a173-b616-5e23-9059-946f14260ad3	33	20
Mennad rimpiange questo.	Mennad regrets this.	cfe662fd-f302-5aa3-a2e8-afc5c302f1e8	24	20
Non avevo rimpianti.	I had no regrets.	892fd194-c4e1-59af-9105-dd3c1004bfb1	20	17
Lorenzo lo rimpiange ora.	Lorenzo regrets that now.	0196b802-7b62-552d-a122-71583707c199	25	25
Lorenzo lo rimpiange adesso.	Lorenzo regrets that now.	3cd359e6-ad68-530b-bbc2-0f588d5d2876	28	25
Yanni non ha rimpianti.	Yanni has no regrets.	6eb320c0-51b6-5f23-bfce-76eeb60da613	23	21
Non aveva rimpianti.	He had no regrets.	e620f3f5-b312-5603-a0bf-ee3d87f00a42	20	18
Tom non aveva rimpianti.	Tom had no regrets.	55cfb2a6-8a8a-5fc6-beda-d597a5ff9885	24	19
Sami rimpiange ancora questo.	Sami still regrets this.	24f254d0-52e6-57d2-a8e7-ca9fa62d7afc	29	24
Non avevano rimpianti.	They had no regrets.	7085fe31-f2b3-5f03-ac9b-567ce8083e6a	22	20
Mary non aveva rimpianti.	Mary had no regrets.	3013d7de-5e51-5735-9a84-8c029bb86e8c	25	20
Tom rimpiange di aver lasciato Boston.	Tom regrets leaving Boston.	2f42c7b2-74df-514b-bedd-8808f8feae43	38	27
Tom rimpiange di avere lasciato Boston.	Tom regrets leaving Boston.	7e98fb52-5a7f-54b5-82a3-4bae0128d37b	39	27
Sami non ha rimpianti.	Sami has no regrets.	90963382-feda-5ca1-84f7-fb862c1a2952	22	20
Tom rimpiange di aver lasciato l'Australia.	Tom regrets leaving Australia.	a3a80f5b-337e-5390-b4c7-f3762eb3c5d0	43	30
Tom rimpiange di avere lasciato l'Australia.	Tom regrets leaving Australia.	2b231686-065a-518e-9faa-ff503ce83be5	44	30
Tom rimpiange di averlo fatto.	Tom regrets doing it.	21be5d06-4a77-5073-85e0-f16e1dbec9d6	30	21
Tom rimpiange di averla fatta.	Tom regrets doing it.	0466eefa-0425-546a-b611-3a07ad565abd	30	21
Tom rimpiange già di averlo fatto.	Tom already regrets doing that.	7ee2ba99-3804-577e-8681-9b8b20c7819b	34	31
Hai dei rimpianti?	Do you have any regrets?	3e6c827d-0b11-5b9d-ac2e-45e906ce64b5	18	24
Ha dei rimpianti?	Do you have any regrets?	fbaae294-b8c4-561a-a6c3-7ad09dfc82d2	17	24
Avete dei rimpianti?	Do you have any regrets?	3ba4ec92-5ea5-554a-84ab-2bc57e2d4ca8	20	24
Nessuno lo rimpiange più di me.	Nobody regrets that more than me.	a97b6af2-e73d-5aa7-ba39-031907e0c364	31	33
Antonio aveva dei rimpianti sulla sua vita.	Antonio had regrets about his life.	df076139-7bd4-5389-b249-f061b74ea553	43	35
Martino non ha rimpianti.	Martino doesn't have any regrets.	e1a2cad4-b2b4-588c-b962-83a4f3dec76d	25	33
La mia vita è piena di rimpianti.	My life is full of regrets.	fd5b6712-24aa-54d6-8a35-2d18662ce409	33	27
Questo non è un momento per i rimpianti.	This is no time for regrets.	b58fffad-be37-511f-98d4-4526279dce5e	40	28
Non ho per niente dei rimpianti.	I have no regrets at all.	687bf00f-fbe8-577b-b5f9-0e13b80bd517	32	25
Non ho per nulla dei rimpianti.	I have no regrets at all.	66682f7d-8654-5981-b8df-e4d49e47e429	31	25
Voglio molti soldi.	I want a lot of money.	e9dc504b-5271-5d6c-b18d-844503483081	19	22
Voglio molto denaro.	I want a lot of money.	e8987d34-ac54-5dfd-b7ff-180ce047cc56	20	22
Io voglio molti soldi.	I want a lot of money.	baa293c9-8b95-5b8a-affc-20d20c230a85	22	22
Io voglio molto denaro.	I want a lot of money.	c7efeb99-eedc-5749-8256-b0bcaa7d52b0	23	22
Chi dice che l'amore non conosce confini?	Who says love knows any boundaries?	ac4def72-b38f-55cc-8dd4-47eb63cdc1c9	41	35
Con determinazione, la sollevò delicatamente.	With determination, he lifted her gently.	7c06ce4b-f45a-50f6-ac20-98e334ecce84	45	41
I paramedici arrivarono nel giro di pochi minuti.	The paramedics arrived within minutes.	f4389769-c015-5412-a23c-5f39b2fe6014	49	38
La indicò, esortandoli ad affrettarsi.	He pointed to her, urging them to hurry.	3537d956-3f3b-5882-93cc-43761a14f87b	38	40
Lui salì sull'ambulanza insieme a lei.	He climbed in the ambulance alongside her.	f4760878-9e37-50f8-a202-d14a3dea23df	38	42
Si destreggiavano nel traffico con maestria.	They navigated through traffic expertly.	2bacec7a-b804-51be-a373-de2681be4ccc	44	40
Il suo cuore accelerò, ma lui rimase concentrato.	His heart raced, but he stayed focused.	707e920d-9767-55e7-ba87-2963b4d7b0a8	49	39
Insieme erano in cammino verso la salvezza.	Together, they were on their way to safety.	0699513a-aa29-5c65-a5d7-065f7d3d35b6	43	43
Non è sufficiente.	This is not enough.	d172bead-266e-550b-88cb-775fd8e73045	18	19
Hanno abbattuto trentasei aerei nemici.	They shot down thirty-six enemy planes.	70a5ce3d-ab2d-5345-a9a8-6c467cb70e6d	39	39
Abbattettero trentasei aerei nemici.	They shot down thirty-six enemy planes.	7b1b3ca0-d98b-5fb5-b4ea-b9aba6555e96	36	39
Stavo cercando il mio diario.	I was looking for my diary.	f32b3b24-2b01-5e91-ac51-b55460df6be7	29	27
Era rossa come un pomodoro.	She was red like a tomato.	4db59932-eedb-5080-9f1c-a66c42d45602	27	26
Il mondo merita luce, non oscurità.	The world deserves light, not darkness.	2af04bf4-7953-5ed4-8127-aaa2acd1ae84	35	39
Il male genera solo più sofferenza, mai pace.	Evil only breeds more suffering, never peace.	b321b768-8c11-59c1-b3e4-74c6b29fb68b	45	45
L'amore può vincere il bisogno di vendetta.	Love can conquer the need for revenge.	9435107f-6f16-5694-996f-25038e824883	43	38
Siamo capaci di scegliere il bene anziché il male.	We're capable of choosing goodness over evil.	b8649f6d-8f5e-5ceb-b59f-94e3324e6402	50	45
Il silenzio di fronte al male è complicità.	Silence in the face of evil is complicity.	6083c9fc-4fae-5509-bc00-81acf887b975	43	42
L'unità è l'antidoto alle azioni divisive.	Unity is the antidote to divisive actions.	c3ee460b-f78c-5ab5-b47c-eaed57db6c7c	42	42
Il perdono può spezzare il ciclo del male.	Forgiveness can break the cycle of evil.	08c0dbea-ed98-5f7a-ae7e-25f4d561781c	42	40
La speranza fiorisce dove il male è assente.	Hope flourishes where evil is absent.	d716d5e2-56e0-5817-b034-e9634c5bc9fb	44	37
È possibile costruire una comunità senza odio.	It's possible to build a community without hate.	1435c7d9-c866-5e20-80ea-eab54e2f390a	46	48
La comprensione può dissipare le ombre del male.	Understanding can dispel the shadows of evil.	4c726079-4c85-585b-9e86-9ae01b967f4b	48	45
Siamo messi male?	Are we in bad shape?	0d58a5be-f3f4-517b-9529-f9db9f794485	17	20
Mary non ha detto a Tom perché l'ha fatto.	Mary didn't tell Tom why she did that.	9daf0b8d-d36b-5a09-ad94-08090b2017fd	42	38
Mary non disse a Tom perché lo fece.	Mary didn't tell Tom why she did that.	919309ed-d9ad-5e10-b659-a1706a193fa0	36	38
Mary non l'ha fatto da sola.	Mary didn't do that by herself.	edc5ac39-8132-5d15-a2ca-30749577164e	28	31
Mary non lo fece da sola.	Mary didn't do that by herself.	20fc6adb-dbd4-5078-8564-f304c28254e9	25	31
Ho chiesto a Mary le sue chiavi.	I asked Mary for her keys.	3b120c09-0b8f-586e-a6ca-ca578bfdf813	32	26
Chiesi a Mary le sue chiavi.	I asked Mary for her keys.	1ecc8ee0-2f76-5c84-89e8-80f56c58107a	28	26
Mary ha detto che non poteva aiutare Tom.	Mary said she couldn't help Tom.	81ab62bf-6229-55f3-b4e7-cb02a002a8c7	41	32
Mary ha detto che non riusciva ad aiutare Tom.	Mary said she couldn't help Tom.	c75a35c3-5d78-543b-989b-e266d5d75b54	46	32
Mary disse che non poteva aiutare Tom.	Mary said she couldn't help Tom.	f66f78f3-5bbc-5da1-a0e7-a82a7d509204	38	32
Mary disse che non riusciva ad aiutare Tom.	Mary said she couldn't help Tom.	c100b16d-02ea-5b43-af7d-4db39162893b	43	32
Mary è insostituibile, vero?	Mary is irreplaceable, isn't she?	1d0b9436-9620-54ca-bf9e-f700da2bbb32	28	33
Mary dice che non stava venendo pagata.	Mary says she wasn't being paid.	957a30ef-82ea-59a9-9d2e-af215954278e	39	32
Ho provato a non piangere oggi.	I tried not to cry today.	8d7ef784-489e-5eb4-9486-b39c550f1e3f	31	25
Ho cercato di non piangere oggi.	I tried not to cry today.	3f065bb2-201d-5804-bc0f-be67567ffbdf	32	25
Mary è sotto al letto, vero?	Mary is under the bed, isn't she?	be589e16-cad1-527f-b4e7-63aa4477775a	28	33
Mary lo farà quando entra.	Mary will do it when she comes in.	3a93412f-68fe-5fc7-be2a-b996eeade79d	26	34
Mary la farà quando entra.	Mary will do it when she comes in.	1f7dec71-cca0-5df8-a74f-4b6296d12b79	26	34
La conferenza avrà inizio a tempo debito.	The conference will commence in due course.	c2782291-a89a-5014-bba7-19003780c627	41	43
Come vorresti il tuo caffè?	How would you like your coffee?	b5d8c635-7b93-506c-8b2d-9d1e0e66c672	27	31
Come vorrebbe il suo caffè?	How would you like your coffee?	21f10db1-f73d-5961-b2b9-289c0839dc4c	27	31
Come vorreste il vostro caffè?	How would you like your coffee?	a0a17a03-d5da-542a-a9ea-e36e36a7efe9	30	31
Mi ha chiesto una grossa somma di denaro.	He demanded a large sum of money from me.	43c658b3-c66c-5310-9494-7e2259bc7072	41	41
Mi chiese una grossa somma di denaro.	He demanded a large sum of money from me.	a1e037e5-9337-5e2d-a72b-da55926d23b3	37	41
Mi ha chiesto una grande somma di denaro.	He demanded a large sum of money from me.	c1842f54-6237-5c85-aa0c-bfda5f929e05	41	41
Mi chiese una grande somma di denaro.	He demanded a large sum of money from me.	473ea078-afbb-562a-b8d6-09fe215ce7a0	37	41
Posso fidarmi della tua parola?	Can I take your word for it?	6c41b9c5-0469-53cd-aa66-c846e921c0ae	31	28
Posso fidarmi della sua parola?	Can I take your word for it?	a8986e48-50ed-5426-ba7d-30cc91231d79	31	28
Posso fidarmi della vostra parola?	Can I take your word for it?	6c0cac20-e1a4-51d0-b1eb-a9c393c61332	34	28
Mi posso fidare della tua parola?	Can I take your word for it?	43f93df1-f545-525a-959d-cdae49542012	33	28
Mi posso fidare della sua parola?	Can I take your word for it?	7cfe1d33-84ab-5312-8455-2384bf66791b	33	28
Mi posso fidare della vostra parola?	Can I take your word for it?	89bb042e-a131-5900-80dc-75ae4d06292b	36	28
Ha inventato molte scuse per il ritardo.	He made many excuses for being late.	470da2ee-f7f9-5698-b161-89de27519800	40	36
Inventò molte scuse per il ritardo.	He made many excuses for being late.	d750f58a-a83d-54b9-859d-38780ad64c85	35	36
Devo studiare per una verifica.	I need to study for a test.	1cb9de5d-d4ed-5a83-8694-b0251fd8b179	31	27
Ho bisogno di studiare per una verifica.	I need to study for a test.	d37c3361-ea8c-534e-9b98-32aa84650c32	40	27
L'orologio ha appena battuto le tre.	The clock has just struck three.	7c710e87-5f61-52fd-bbec-a6fd7cc08d7d	36	32
La folla è uscita in massa dallo stadio.	The crowd poured out of the stadium.	f22b094f-4ea1-5833-b105-54a52055ac7f	40	36
La folla uscì in massa dallo stadio.	The crowd poured out of the stadium.	e17dc7e6-ac37-5ed6-8327-cfcdec300d0c	36	36
Tom va a Boston questo weekend.	Tom is going to Boston this weekend.	20b25c7e-6795-5e4c-8cab-e90276bb1e2b	31	36
Tom va a Boston questo fine settimana.	Tom is going to Boston this weekend.	3367ae89-eead-55cd-b1ac-97b0428cdeb9	38	36
Non ha mai una parola gentile per nessuno.	He never has a kind word for anyone.	83ac980d-2b0d-5702-b3a1-f28224bc1da6	42	36
Che scelta ho?	What choice do I have?	a1bde14a-821e-59f6-aed3-422c11f1eb4e	14	22
Hai delle opzioni senza glutine?	Do you have any gluten-free options?	a9f33a00-234f-59ef-8913-e20807d31db3	32	36
Ha delle opzioni senza glutine?	Do you have any gluten-free options?	56c14fb1-9ad3-5093-8e76-d321bcb6f17b	31	36
Avete delle opzioni senza glutine?	Do you have any gluten-free options?	ae74d67d-2cea-5830-a29d-cc7278f8cf0e	34	36
Il ponte cederà sotto un carico così pesante.	The bridge will give way under such a heavy load.	6b9dc553-9bcf-5d7c-9a8d-1bb92033b3fa	45	49
Nessuno è al sicuro dalle sue critiche.	No one is safe from his criticism.	1439c479-b4b7-5c17-886c-45eacbbc801b	39	34
Trova difetti in tutti quelli che incontra.	He finds fault in everyone he meets.	15063607-ccfe-58b6-bbec-3307d1be9a43	43	36
Fornivano cibo alle vittime della guerra.	They supplied the war victims with food.	686845f5-286b-51e4-845d-6422c6354d04	41	40
Prenderò il mio caffè nero.	I'll take my coffee black.	f4040f99-15b9-581d-9a35-6622c2a28bbe	27	26
Sminuisce anche i più piccoli successi.	He belittles even the smallest achievements.	287f6736-3b0e-58d6-9f12-0bc7a515ed2d	39	44
Le sue parole creano spesso un'atmosfera tossica.	His words often create a toxic atmosphere.	fd053413-2f49-57b2-877b-32556d947791	49	42
Il cane del vicino abbaia troppo.	The neighbor's dog barks too much.	f2eac031-2c4e-5417-91b9-b572bb495615	33	34
Il cane della vicina abbaia troppo.	The neighbor's dog barks too much.	2eb5d6e4-135b-516a-bcb2-9e1ccfe304d8	35	34
La gentilezza sembra estranea alla sua natura.	Kindness seems foreign to his nature.	9f9e1b5b-1244-5ce2-a86e-eacc105b6df5	46	37
Gli amici cominciano ad allontanarsi.	Friends are starting to distance themselves.	5da21cc6-fad9-57e0-80fb-d0b1e9c85960	37	44
Liquida gli altri senza pensarci due volte.	He dismisses others without a second thought.	21fb0751-4ed9-594d-8ac6-b4bacb1d5332	43	45
Spesso mi ritrovo a interrogarmi sull'universo.	I often find myself wondering about the universe.	53ddfdcc-0426-5a87-abfa-c876f1783666	47	49
Chi è il più alto dei cinque?	Who is the tallest of the five?	740a00f2-9569-5a93-b046-337740710ab3	29	31
Chi è la più alta delle cinque?	Who is the tallest of the five?	a228f8c5-aa3e-5e47-bc8f-8f4288471eb3	31	31
Sami è annegato nella piscina.	Sami drowned in the swimming pool.	e9091892-19cd-58f7-a987-4cc7a8d26c9a	30	34
Mary pensa di sapere cosa sta facendo Tom.	Mary thinks she knows what Tom is doing.	4d750732-37fe-573a-9272-b3fc4ce05586	42	40
Mary è diplomatica, vero?	Mary is diplomatic, isn't she?	347cabd7-cb28-58e3-a2c6-a738cb99af02	25	30
I ricordi creano legami che resistono al tempo.	Memories create bonds that withstand time.	d480598c-4201-5807-bb0e-c88b53a27836	47	42
L'amore è un viaggio, non solo una destinazione.	Love is a journey, not just a destination.	6d4c6fe4-42cb-591b-bf4d-79ea72673d4b	48	42
Il Principe Carlo è l'erede al trono.	Prince Charles is the heir to the throne.	f5895f4e-8da9-5014-a86c-0d1d77c806c9	37	41
È come un turbine nella mia mente.	It's like a whirlwind inside my mind.	aca413d5-737f-50c4-ae9a-bda80b7ad849	34	37
Vorrei poter trovare le parole giuste.	I wish I could find the right words.	d92e3b92-667f-5552-9e13-aaaa6a0fae82	38	36
È un mix indescrivibile di gioia e tristezza.	It's an indescribable mixture of joy and sadness.	702a1e33-fe16-53d3-ad1c-72b0a0228b1f	45	49
Sono perso nei miei stessi sentimenti.	I'm lost in my own feelings.	bfbf1c9e-524e-54e4-bc21-195def41ce20	38	28
L'impatto di tali atti può durare tutta una vita.	The impact of such acts can last a lifetime.	576f3f1c-af5c-5d19-90ec-4bb9fa7a63aa	49	44
Ogni bambino ha diritto a un ambiente sicuro.	Every child has the right to a safe environment.	97d84b53-c049-5a49-9876-6a6fcfcd72fc	45	48
Mary non sembrava molto sicura di sé.	Mary didn't seem very sure of herself.	58008232-7244-5df0-a2e9-480d96fb7cc7	37	38
Mary mi ha detto che se ne sarebbe andata.	Mary told me she'd leave.	e6917620-7899-5043-9d78-4582870e6b41	42	25
Mary mi disse che se ne sarebbe andata.	Mary told me she'd leave.	17f3a66b-eeeb-59dc-8554-cd5c9988e6c4	39	25
Mary ha letto il libro che le ha dato Tom.	Mary read the book Tom gave her.	a7dfb318-6e5b-5c1e-bc37-b5f730127501	42	32
Mary lesse il libro che le ha dato Tom.	Mary read the book Tom gave her.	dc100fd4-6f86-5aad-8cc5-eb13317e412a	39	32
Mary ha detto che non era imbarazzata.	Mary said that she wasn't embarrassed.	1d224bb1-845c-5b49-af22-76e3f5765430	38	38
Mary disse che non era imbarazzata.	Mary said that she wasn't embarrassed.	c57e2a73-47a6-53c0-9ce7-82aa85d8655e	35	38
Mary è già fidanzata, vero?	Mary is already engaged, isn't she?	09c72c07-8a04-5ca8-8397-90cb952318ad	27	35
Mary ha detto che probabilmente non piangerebbe.	Mary said she probably wouldn't cry.	fd96167e-1557-5c92-8828-8957bc64e2c1	48	36
Hai chiesto a Mary perché l'ha fatto?	Have you asked Mary why she did that?	ce9d63f8-a1e9-57c1-9200-7aa86a5cd737	37	37
Ha chiesto a Mary perché l'ha fatto?	Have you asked Mary why she did that?	626a6477-a9c9-5ce0-8090-256fbb95d1a1	36	37
Avete chiesto a Mary perché l'ha fatto?	Have you asked Mary why she did that?	ccd5d7b6-6aa0-5307-a80c-e09bc752f9f9	39	37
Hai chiesto a Mary perché lo ha fatto?	Have you asked Mary why she did that?	907a5fa4-56b1-595f-a57f-8c436ea09d76	38	37
Ha chiesto a Mary perché lo ha fatto?	Have you asked Mary why she did that?	d88714c4-8cda-5c51-9a1c-996637f5e4fb	37	37
Avete chiesto a Mary perché lo ha fatto?	Have you asked Mary why she did that?	0266a987-9461-59dd-90aa-7a70884cae60	40	37
Venere è il secondo pianeta a partire dal sole.	Venus is the second planet from the Sun.	e3c5c71a-0ae4-5a63-bc91-05c3be4d2984	47	40
Marte è il quarto pianeta a partire dal Sole.	Mars is the fourth planet from the Sun.	e42581ad-a512-5c4f-abae-9ff4a5cc5427	45	39
Le carote sono il mio spuntino preferito.	Carrots are my favorite snack.	56a0ec87-295c-5489-97a1-918d3c13da16	41	30
A pranzo mi piacciono le carote croccanti.	I enjoy crunchy carrots at lunch.	99c54f5d-e5ff-54cf-896a-3aa4002af7c3	42	33
Amo le carote intinte nell'hummus.	I love carrots dipped in hummus.	ffd406c3-e640-5053-81e3-97f701e95404	34	32
Le carote aggiungono colore ai miei piatti.	Carrots add color to my meals.	1c011f2f-6f39-5d1a-88a6-acee581fcde5	43	30
Spesso faccio il succo di carote a colazione.	I often juice carrots for breakfast.	cb4d04b1-edb1-5065-85fc-7dc18dcfb2c7	45	36
Coltivo carote nel mio giardino.	I grow carrots in my garden.	e7b439ba-0bcc-52e2-b380-65d34c11930c	32	28
Le carote sono ottime nelle insalate.	Carrots taste great in salads.	00aa5606-8e1c-58f0-8cf0-eb0a34fbb218	37	30
Mangio carote per una vista migliore.	I eat carrots for better eyesight.	6a665fe5-b5e9-5a47-abbe-2a4d6f2e1bd8	37	34
Mi piacciono le carote arrostite a cena.	I like roasted carrots with dinner.	610ed0f0-ee73-571a-85fe-2232b120e193	40	35
Dov'è la corda?	Where's the rope?	ecca3a71-0ac8-5447-a0ce-6c98ed911563	15	17
Quanto supporto avremo?	How much support will we have?	827927f8-a5f3-5289-b3db-2a659e112e46	23	30
Yanni ha perso il suo hard disk.	Yanni lost his hard disk.	9562c7ae-8db2-5b60-81a9-5ae170da14b7	32	25
Yanni perse il suo hard disk.	Yanni lost his hard disk.	d757da26-fa03-5909-a295-af748eda9658	29	25
È il mio disco, giusto?	It's my disk, right?	3c59527e-e647-5908-838a-462de4e87e7f	23	20
Cambia il disco, è noioso!	Change the disk, it's boring!	215b01a3-324b-5a36-828f-a608683a4638	26	29
Cambiate il disco, è noioso!	Change the disk, it's boring!	34d5f0a5-3373-58fc-bff8-f5a6a222ddc3	28	29
Cambi il disco, è noioso!	Change the disk, it's boring!	8f4755fd-8f4b-52df-b481-c2dad16a18ce	25	29
Questo è un disco molto piccolo.	This is a very small disk.	7c5e7bc3-c999-5021-9ff0-19beadfc9e7c	32	26
Questa macchina ha i dischi a freno.	This car has disk brakes.	fe2872b2-0726-5bf5-a12c-913abd5d2008	36	25
Quest'auto ha i dischi a freno.	This car has disk brakes.	66c729d4-be2a-5863-bcce-8bfed69dc5e4	31	25
Quest'automobile ha i dischi a freno.	This car has disk brakes.	02c634cd-bf53-5c91-b872-52194eefd6e6	37	25
Layla aveva una copia del programma su disco.	Layla had a copy of the program on disk.	67d6e4c7-243f-51df-9163-e85bd4cff787	45	40
Comprate del pane.	Buy some bread.	b854b3fb-e5ba-54f2-a2ad-5be8e339c583	18	15
Compri del pane.	Buy some bread.	c94f31c7-ae1c-58dc-ab89-332acebbc01d	16	15
Questo è il tuo pane.	This is your bread.	f71e006e-b304-5c0e-a9f3-07353933561b	21	19
Questo è il suo pane.	This is your bread.	2622cd18-a633-54fa-bc32-1afaea4dcc2e	21	19
Questo è il vostro pane.	This is your bread.	bad94580-e8a4-5cf2-8175-5e60ba5f90bc	24	19
Il bambino mangia del pane.	The child eats bread.	b85d2235-139f-56f5-97d6-d8e215df8cb4	27	21
La bambina mangia del pane.	The child eats bread.	9341a3c4-0bf7-53b3-9e29-3f7927774ce4	27	21
Gli uccelli stanno mangiando del pane.	The birds are eating bread.	f38f678a-da93-596a-bfcf-5bdd130fb2d6	38	27
Mangiano pane raffermo.	They eat stale bread.	789588f1-25c9-59e0-af79-4e94d5d31fbf	23	21
Mercurio è il primo pianeta a partire dal Sole.	Mercury is the first planet from the Sun.	2c685aab-02e6-5cd4-9964-7c3760c9df89	47	41
Saturno è il sesto pianeta a partire dal Sole.	Saturn is the sixth planet from the Sun.	e25a0217-2889-5e3c-87b0-04958a29194c	46	40
Voglio essere fedele a me stesso in ogni modo.	I want to be true to myself in every way.	80da5bb1-19b2-5c7e-90a2-bcb4fa0b4ac7	46	41
Abbracciare la mia vera identità mi porta pace.	Embracing my true identity brings me peace.	a592dbe4-ef29-54b2-80a8-9f4f652baee6	47	43
Capire meglio me stesso è stato un viaggio.	Understanding myself better has been a journey.	3dc653da-319b-5906-9840-515d2d98b00e	43	47
Aspiro a vivere senza paura del giudizio.	I aspire to live without fear of judgment.	ef4164af-592e-5910-a81c-de443b806592	41	42
Ho aspettato due giorni.	I waited for two days.	6d39cb3d-7ddc-5f3f-bff5-880963970b0a	24	22
Aspettai due giorni.	I waited for two days.	02f27d57-a1a7-5895-beb7-deeb4ddae9d6	20	22
Siamo venuti a scusarci.	We came to apologize.	86d1ae99-a4cb-53f2-870a-5ea8d7d3435a	24	21
Mi piace sperimentare con cibi diversi.	I enjoy experimenting with different foods.	fd46fe8c-a4d4-5a6f-9435-9e2cb86a129f	39	43
Per alcuni è una scelta non convenzionale.	It's an unconventional choice for some.	d8a6feea-9924-58d8-a971-ef90a8a54a6c	42	39
È audace assaporare tali sapori.	It's bold to enjoy such tastes.	145f67ed-841f-5ca9-a81e-37a2e929a55f	32	31
Il sapore persiste piacevolmente.	The flavor lingers pleasantly.	4f1603c7-d6b9-5a3a-bb26-e8ef1b17a707	33	30
Gradisco la diversità dei sapori.	I relish the diversity of flavors.	aca9fecc-1593-5170-9753-a75f3470f524	33	34
Suscita conversazioni interessanti.	It sparks interesting conversations.	eb0f4aa5-0585-5d18-a6ac-cf7eb6562f14	35	36
Sono aperto ad esplorare nuove esperienze.	I'm open to exploring new experiences.	19301e63-303c-5466-bc9f-e873e87cb97f	42	38
Spesso lo paragono ad altri alimenti.	I often compare it to other foods.	6d56baa2-af1f-578e-a1e9-219d0d573c2f	37	34
Gli spermatozoi vengono prodotti nei testicoli.	Sperm are produced in the testes.	fecfa9b8-3e2c-52ed-b889-36d66ad4540d	47	33
Non so quando tornerà mia madre.	I don't know when my mother will come back.	b91b7a9e-10db-5332-9c0c-35d21d87eda1	32	43
Le macchine inquinano molto.	Cars pollute a lot.	2cbc0d93-e6fb-5313-b06e-120c0a84c6bd	28	19
Le auto inquinano molto.	Cars pollute a lot.	d24fd362-f3fc-51f6-89bf-8366b6c027f7	24	19
Le automobili inquinano molto.	Cars pollute a lot.	ed0fea67-9e67-5f0c-90b6-063a8a341997	30	19
Anche gli esseri umani sono amici degli animali.	Humans too are friends of the animals.	862beaf4-9de7-510a-9d5e-9c3d305f4932	48	38
Sami voleva sapere dov'era suo padre.	Sami wanted to know where his father was.	70baf694-628c-56f1-b261-2a595251cd66	37	41
Urano è il settimo pianeta a partire dal Sole.	Uranus is the seventh planet from the Sun.	ee85abea-d997-5f81-8eb0-24c82deee105	46	42
Prega per Parigi.	Pray for Paris.	1726bd45-8675-59d1-8376-509726b3d768	17	15
Pregate per Parigi.	Pray for Paris.	17607c37-348c-549d-a33f-563c120919b8	19	15
Preghi per Parigi.	Pray for Paris.	64894204-78fb-57a3-b9b7-4eadc12dfc14	18	15
Viene da Parigi.	He comes from Paris.	aa4b7a09-53a2-5009-96e4-445ca5a345f9	16	20
Lui viene da Parigi.	He comes from Paris.	a324b25d-ada4-5686-8baf-7ef372bbd426	20	20
Parigi è molto bella.	Paris is very beautiful.	cf2f17bb-22a5-5fe7-8081-a7880fb7517b	21	24
Eri a Parigi?	Were you in Paris?	1cc2d80f-bba8-5fdd-9725-0c3b6e883e64	13	18
Eravate a Parigi?	Were you in Paris?	95b30640-974f-50fe-b4be-0f5926aad987	17	18
La Francia non è Parigi.	France isn't Paris.	79e08cdf-1c3f-5817-9793-fdecabb5f80c	24	19
Vedi Parigi e muori!	See Paris and die!	4a8b6b35-40e8-55a3-8754-3a6912748802	20	18
Veda Parigi e muoia!	See Paris and die!	bef3d151-6525-54a7-a262-b1115e84b945	20	18
Vedete Parigi e morite!	See Paris and die!	179257da-5e83-5090-b650-6a6a5627cc86	23	18
Vivo a Parigi.	I live in Paris.	45c22320-e6f4-5da5-ad88-7756c23c83fe	14	16
Io vivo a Parigi.	I live in Paris.	f07b6b51-84f7-5213-bd55-c8ba77d70c8f	17	16
Abito a Parigi.	I live in Paris.	3f6d6e83-f871-5d44-8240-ddab293d7f28	15	16
Io abito a Parigi.	I live in Paris.	f2c755c6-1fa5-51fb-a376-5cc87235c6c4	18	16
Vieni da Parigi?	Are you from Paris?	b40d152f-9fc0-5aec-8c42-31fc7f5a12f0	16	19
Tu vieni da Parigi?	Are you from Paris?	7c5611ec-479d-5ed7-bc3a-beeba7b9674c	19	19
Viene da Parigi?	Are you from Paris?	ed51f1e9-e1a6-53ee-afb9-883af14e757d	16	19
Lei viene da Parigi?	Are you from Paris?	e89a2645-5065-54aa-820f-d3d31cfe0ca3	20	19
Venite da Parigi?	Are you from Paris?	d5936d50-80a1-5b26-833c-961df219f600	17	19
Voi venite da Parigi?	Are you from Paris?	fa016d3e-2d5b-5634-941f-d24f4d110cf5	21	19
Tom vive a Parigi.	Tom lives in Paris.	eb3b032a-dfce-5214-bc3e-1d1d27eeacc5	18	19
Tom abita a Parigi.	Tom lives in Paris.	a6437725-3731-50f0-80e8-d305d405331d	19	19
Vive vicino a Parigi.	He lives near Paris.	04473226-4750-58c0-8258-7f5c8217f892	21	20
Abita vicino a Parigi.	He lives near Paris.	f5bd9cde-8312-5c08-8865-cdcf3a61433a	22	20
Jim ha lasciato Parigi ieri.	Jim left Paris yesterday.	2028cfb8-1459-5fa8-8bd5-1bb031c0780d	28	25
Jim lasciò Parigi ieri.	Jim left Paris yesterday.	e5fa63d3-7f35-5db5-920f-a5073ab73ea0	23	25
La vita è costosa a Parigi.	Life is expensive in Paris.	fb4b725f-db9c-5ea8-81d9-658ff897c14e	27	27
Voglio vedere Parigi.	I want to see Paris.	8f5dac6b-4618-57d7-abd7-20a02fb60feb	21	20
Non ha visto Parigi.	He did not see Paris.	e8f393de-f4ab-5b53-8ed2-3cb39d614f44	20	21
Non vide Parigi.	He did not see Paris.	90dab776-a779-59af-be8f-e3f4db125872	16	21
Io voglio vedere Parigi.	I want to see Paris.	9b1fc70d-eb42-551b-80cb-132d070c4174	24	20
Avremo sempre Parigi.	We'll always have Paris.	3bbcf3f7-653f-5e3b-b3a5-2f19b0e4c8ce	21	24
Siamo stati a Parigi?	Have we been to Paris?	667663d0-2a24-5355-8792-c93daca82db5	21	22
Siamo state a Parigi?	Have we been to Paris?	d9796669-22dc-5d97-9692-bb33199d777b	21	22
Questo treno viene da Parigi?	Is this train from Paris?	7470ea04-f831-59be-b35f-c8c9bdaec628	29	25
Parigi sarà sempre Parigi.	Paris will always be Paris.	d9b6ca1b-dce7-5e26-bd2a-fd013cfa501e	26	27
Ho passato la mia infanzia a Parigi.	I spent my childhood in Paris.	317b59b9-d104-5e40-ab26-5c9d77624232	36	30
Ho trascorso la mia infanzia a Parigi.	I spent my childhood in Paris.	3561f83e-e683-55bc-857d-a353c369597f	38	30
Passai la mia infanzia a Parigi.	I spent my childhood in Paris.	d21a22e5-ca5c-536d-8a64-ac389f028571	32	30
Trascorsi la mia infanzia a Parigi.	I spent my childhood in Paris.	b5f664a8-730d-5ce6-ae25-38bd1fdabec0	35	30
Hanno visto Parigi tre anni fa.	They saw Paris three years ago.	47c51c2a-1898-57dc-8f02-63fb5d38cafd	31	31
Non sono mai stati a Parigi.	They have never been to Paris.	626ff4ec-4360-5a59-af55-e17de180540f	28	30
Non sono mai state a Parigi.	They have never been to Paris.	72ce41fb-92dc-56f2-9a85-d4c617ba5067	28	30
Quando arriverai a Parigi?	When will you arrive in Paris?	4b079605-f5da-5acc-9ae2-1503221767ef	26	30
Quando arriverà a Parigi?	When will you arrive in Paris?	552dd615-fa92-5737-b451-148c9c3c165a	25	30
Quando arriverete a Parigi?	When will you arrive in Paris?	022d8260-a747-5b93-9a45-1e9a774a6d88	27	30
Non è stato arrestato a Parigi.	He wasn't arrested in Paris.	84f3c8d0-bc45-573b-a0da-933a7743b579	31	28
Non fu arrestato a Parigi.	He wasn't arrested in Paris.	dae97ef3-3fa8-5d88-92ff-a1a79cfcc717	26	28
Ho prenotato un volo per Parigi.	I booked a flight for Paris.	77e2b52d-aa46-54c2-859b-eda095fe25e4	32	28
Prenotai un volo per Parigi.	I booked a flight for Paris.	36bc9c85-76c6-5f14-8c59-81f44595a07d	28	28
Mi ha scritto da Parigi.	She wrote to me from Paris.	ca07363a-2e5c-556f-bb7a-0540ad489d9a	24	27
Mi scrisse da Parigi.	She wrote to me from Paris.	64358387-25b4-540d-87ca-3b937dfc1163	21	27
Sono andato a Parigi anni fa.	I went to Paris years ago.	96a02124-73e4-5aed-8481-239a70582821	29	26
Sono andata a Parigi anni fa.	I went to Paris years ago.	1141ecde-e4f7-554e-aa2b-412e8eb59a5f	29	26
Ho comprato questa biro a Parigi.	I bought this pen in Paris.	c55f7d4d-1c86-5913-bbbc-c2e1b1f7d0e3	33	27
Ho comprato questa penna a Parigi.	I bought this pen in Paris.	96ce7ddd-d6fc-58e2-bf2b-92cdd3c1c540	34	27
Comprai questa biro a Parigi.	I bought this pen in Paris.	1c693480-4b30-5b98-b9ed-1baf06a6a7dd	29	27
Comprai questa penna a Parigi.	I bought this pen in Paris.	2b053ec5-0481-5c38-a462-4837b52ec663	30	27
Non ho ancora visto Parigi.	I have not seen Paris yet.	08131ed2-be50-521a-8c4f-de465e8744a3	27	26
Si è trasferito a Parigi nel 1966.	He moved to Paris in 1966.	9a68d371-a541-5a8c-b5d6-c7312bdbc17f	34	26
Londra è grande paragonata a Parigi.	London is big compared with Paris.	9088ee85-c430-59cf-ae5f-249ed470aaca	36	34
Paragonata a Parigi, Londra è grande.	Compared with Paris, London is big.	1fd4fe77-814f-570f-9884-4611940512b7	37	35
Non ho guidato fino a Parigi.	I have not driven to Paris.	3036a40b-5cac-5c4a-8ea3-b6e51cccd0f4	29	27
Non guidai fino a Parigi.	I did not drive to Paris.	7ba233c4-4498-5f06-91f8-2c057fc4efc7	25	25
Il treno da Parigi è appena arrivato.	The Paris train has just arrived.	5b0efdcf-b0c2-50fa-ace2-8ce16dbaa501	37	33
Oggi viaggerò fino a Parigi.	Today, I will travel to Paris.	c3a0cf11-1dc4-503e-90a4-96f08b7f1518	28	30
Era a Parigi nel 1932.	He was in Paris in 1932.	abb74bfa-6b4d-5f14-b9ad-4524ac86bef0	22	24
Lui era a Parigi nel 1932.	He was in Paris in 1932.	3beacb27-f0bb-5c91-ab1f-900b95882165	26	24
Nel 1932 era a Parigi.	In 1932, he was in Paris.	cbb0ea97-18d6-5a28-8f26-1677922b74ee	22	25
Non è mai stato a Parigi.	He's never been to Paris.	55c91e88-0c84-53fd-b97a-dbf3483cd4e6	25	25
Mentre era in Europa, Tom ha visitato Parigi.	While in Europe, Tom visited Paris.	3ed998c2-bc93-5fbb-9493-4e4b3aa7e0f3	45	35
Mentre era in Europa, Tom visitò Parigi.	While in Europe, Tom visited Paris.	1d41574c-6815-530f-9cdc-0c23f5c1a59c	40	35
Parigi è la capitale della moda.	Paris is the capital of fashion.	331f68de-beeb-57c9-9687-75e10648e0a7	32	32
Perché sei qui a Parigi?	Why are you here in Paris?	b9bfe269-ac21-5895-befe-b11360eebbca	24	26
Perché sei qua a Parigi?	Why are you here in Paris?	54b6d230-60c0-5b07-83fd-83e65830a070	24	26
Perché è qui a Parigi?	Why are you here in Paris?	07dbd77e-1c34-58e9-883b-ca76ca931025	22	26
Perché è qua a Parigi?	Why are you here in Paris?	64b193d5-9a73-570c-b6b0-6e12fba59d1e	22	26
Perché siete qui a Parigi?	Why are you here in Paris?	dcb4ae32-eee4-5082-84c4-81c473ee36c0	26	26
Perché siete qua a Parigi?	Why are you here in Paris?	b7c1707e-2e4a-57b6-afd6-504413894b7e	26	26
Domani viaggerò fino a Parigi.	Tomorrow I'll travel to Paris.	8f6d8e3d-102e-5739-b17d-e6fd76003834	30	30
Com'è stata la tua vacanza a Parigi?	How was your vacation in Paris?	681e461b-4117-5f1f-ba69-01591bac94f3	36	31
Com'è stata la sua vacanza a Parigi?	How was your vacation in Paris?	0c5b2f35-1a40-5997-aa87-39c3d745fa8f	36	31
Com'è stata la vostra vacanza a Parigi?	How was your vacation in Paris?	a9524955-5cd2-5528-860f-15feab1c14ee	39	31
Insegno la cultura islamica a Parigi.	I teach Islamic culture in Paris.	59d1dadc-491f-5dcb-8cca-f0f44c759bc3	37	33
Hanako ha deciso di andare a Parigi.	Hanako decided to go to Paris.	2343a2e6-1981-550f-8c80-3e497d831063	36	30
Hanako decise di andare a Parigi.	Hanako decided to go to Paris.	3cfb6123-1e41-57a1-8e6e-8d7ca5bac929	33	30
Vivi bene a Parigi?	Do you live well in Paris?	b3d5880f-1304-521f-b577-5778b9b3ef39	19	26
Tu vivi bene a Parigi?	Do you live well in Paris?	0037b7fa-3eea-57e3-80d9-07776d715050	22	26
Vive bene a Parigi?	Do you live well in Paris?	3155836a-2c06-562d-8c09-dc002ca2daed	19	26
Lei vive bene a Parigi?	Do you live well in Paris?	eba15528-ed1d-5457-8bb9-84016521bfe2	23	26
Vivete bene a Parigi?	Do you live well in Paris?	9614d30e-a396-5695-9594-f182bb44ea55	21	26
Voi vivete bene a Parigi?	Do you live well in Paris?	30b81f1f-8cc3-5251-9a20-df7c5fa6de96	25	26
Lo scorso settembre era a Parigi.	Last September she was in Paris.	c3dd2bcd-55c4-5e54-852b-f4194fec2eac	33	32
Cos'hai visto a Parigi?	What did you see in Paris?	419484a2-eae3-508b-8194-bfe9a5ab26a5	23	26
Cos'ha visto a Parigi?	What did you see in Paris?	21a282bb-e610-5186-9db4-6dfaaa46bfd3	22	26
Cosa avete visto a Parigi?	What did you see in Paris?	972e751a-4eb5-57d3-977c-019ca66d7f71	26	26
Parigi non è lontana da Versailles.	Paris is not far from Versailles.	9eae6939-317d-5aeb-8b3d-adca2f0e4b1e	35	33
Parigi non è distante da Versailles.	Paris is not far from Versailles.	3bd8935d-37d6-5d24-9294-c3d3f21afedd	36	33
Cos'è successo ieri sera a Parigi?	What happened yesterday evening in Paris?	bdf35317-6408-5378-8145-f069aa15788a	34	41
Che cos'è successo ieri sera a Parigi?	What happened yesterday evening in Paris?	609b6b04-3db2-508f-8d5b-3d9fac832894	38	41
Cos'è capitato ieri sera a Parigi?	What happened yesterday evening in Paris?	13fb5441-3ebf-5509-a6df-c242120be5ea	34	41
Che cos'è capitato ieri sera a Parigi?	What happened yesterday evening in Paris?	bfff3c61-22ee-52f1-90e5-0d6fcffa79cf	38	41
Sta lavorando a Parigi ora.	He's working in Paris now.	fc701f22-f94d-5fc2-868f-64d859d623c3	27	26
Sta lavorando a Parigi adesso.	He's working in Paris now.	1a663466-2a93-5aef-be6a-2b93b23256bd	30	26
Mi ricordo quella lavanderia a gettoni a Parigi.	I remember that laundromat in Paris.	d41e5d9d-094f-5171-ba09-c1b862657793	48	36
Ricordo quella lavanderia a gettoni a Parigi.	I remember that laundromat in Paris.	5fb59c9d-3c86-520d-a2ee-ac391bf9e53a	45	36
Hanno rapinato una banca a Parigi.	They robbed a bank in Paris.	911b4224-6339-5d17-99e7-56d4a4571aa9	34	28
Rapinarono una banca a Parigi.	They robbed a bank in Paris.	1013c054-fbca-5c3a-b9e6-99584b869b70	30	28
Mary ha comprato il suo anello a Parigi.	Mary bought her ring in Paris.	75dbaa1c-8ab4-5b5e-b5f4-44eb14df753b	40	30
Mary comprò il suo anello a Parigi.	Mary bought her ring in Paris.	e2d0e389-a755-5c6c-935f-00e47a47a969	35	30
Quando partirai per Parigi?	When will you depart for Paris?	416f1803-d8dc-5394-9b95-f84021c69b84	27	31
Quando partirà per Parigi?	When will you depart for Paris?	fb43460c-7349-52e2-9a9d-300056d3e137	26	31
Quando partirete per Parigi?	When will you depart for Paris?	f1a0795a-599a-50a3-8e52-e11eef629151	28	31
Vado a Parigi domani.	I'm going to Paris tomorrow.	28c36b59-1386-56d9-91df-3325fc98de4e	21	28
Vado a Parigi venerdì prossimo.	I'm going to Paris next Friday.	8dece7cf-e8dc-5b07-9c4c-8cf8d2a0bc32	31	31
Vorrei essere nato a Parigi.	I wish I was born in Paris.	dbb3362c-bd27-52b6-99db-0ff48559c1f4	28	27
Vorrei essere nata a Parigi.	I wish I was born in Paris.	bcb586b3-5e4d-5ac5-a039-f18d218b768e	28	27
Andrò a Parigi questo autunno.	I'll go to Paris this autumn.	4afd8d15-187d-5027-bbfe-e0aa665b4f97	30	29
La capitale del mio paese è Parigi.	The capital of my country is Paris.	9a879349-4b4e-5e77-8bf6-10ce19a2dfdf	35	35
Chiamami quando sei a Parigi.	Call me when you are in Paris.	16d1aa18-0a24-5e1b-9e15-68c7d7925347	29	30
Mi chiami quando è a Parigi.	Call me when you are in Paris.	20642fd1-6441-5c2c-adc3-9641b0dc1a50	28	30
Chiamatemi quando siete a Parigi.	Call me when you are in Paris.	c023eb44-b0a8-52a1-9b75-b0159e61ac96	33	30
Mary, torna a Parigi con me.	Mary, come back to Paris with me.	3db4e6b3-46f5-591c-874f-e9f98aa1cc9e	28	33
Che ora è attualmente a Parigi?	What time is it currently in Paris?	520e2c33-fb37-52b2-9f62-03060eae2e3c	31	35
Tom è un americano che vive a Parigi.	Tom is an American living in Paris.	8a3518c7-9982-556b-be4c-4af80de85a1e	37	35
Tom è un americano che abita a Parigi.	Tom is an American living in Paris.	8d69ab5a-1575-5e0f-8e44-0afbdc0a4dde	38	35
Tom è un famoso ristoratore di Parigi.	Tom is a famous restaurateur from Paris.	90684882-c42a-5fc1-b26a-c9e99095591a	38	40
Sono stato a Parigi due volte l'anno scorso.	I was in Paris twice last year.	9bdc0d1d-e7ab-5622-a651-7e2942d162b8	44	31
Sono stata a Parigi due volte l'anno scorso.	I was in Paris twice last year.	a34bc46d-8c3a-5199-a5e1-660f64225daa	44	31
Ero a Parigi con mia moglie.	I was in Paris with my wife.	da74fb03-75f9-51ef-bf7e-afd8a2994564	28	28
Sabato prossimo andrò a Parigi.	Next Saturday, I will go to Paris.	9d3ec620-4388-5a0a-abd1-8d3e188caeda	31	34
Va a Parigi il mese prossimo.	He's going to Paris next month.	eeefa106-c6f3-58fc-8e52-6d70ce5f3788	29	31
Parigi non è stata costruita in un giorno.	Paris wasn't built in a day.	78193d7c-22cf-5bc2-880f-02fd6fd53318	42	28
Parigi non fu costruita in un giorno.	Paris wasn't built in a day.	9dd62e68-b213-5099-9059-2a6d64cd5dcf	37	28
Quanti hotel ci sono a Parigi?	How many hotels are there in Paris?	98b0c51a-01d7-5c11-81ea-61830c12fe63	30	35
Quanti alberghi ci sono a Parigi?	How many hotels are there in Paris?	ca7ce3d7-42b5-57fb-a433-8f29f0bbb571	33	35
Questa è la tua prima conferenza a Parigi?	Is this your first conference in Paris?	e1d390a4-9dc9-56d0-a96a-ccd9a19bcc8a	42	39
Questa è la sua prima conferenza a Parigi?	Is this your first conference in Paris?	c370b603-8f24-5b03-a1e2-4d05f8cb72ff	42	39
Questa è la vostra prima conferenza a Parigi?	Is this your first conference in Paris?	56d334af-f05c-5872-bd1a-8956ab77671f	45	39
È andato a Parigi per studiare il francese.	He went to Paris to study French.	e9930f46-72ec-5050-a773-188ddbd79b65	43	33
Andò a Parigi per studiare il francese.	He went to Paris to study French.	8041e7de-5bc6-5ca9-b6c1-4c87927b57ea	39	33
Tom lavora all'ambasciata rumena a Parigi.	Tom works at the Romanian embassy in Paris.	952a01f9-689e-5f6a-b4b1-18ed54dc9160	42	43
Tom lavora presso l'ambasciata rumena a Parigi.	Tom works at the Romanian embassy in Paris.	737ce693-bcd9-5476-9f2b-25d2f7ef9da6	47	43
Parigi è la città più visitata in Francia.	Paris is the most visited city in France.	6b734e35-ca5b-5cff-aacb-ece2a8e6d6c9	42	41
Si sposa a Parigi la settimana prossima.	He's getting married in Paris next week.	87f55a89-2940-58e8-8445-d57a6592ecf8	40	40
Mi ha aiutato quando ero a Parigi.	She helped me when I was in Paris.	89220a18-56e2-54e1-aaf3-e3e0565fa8e7	34	34
Mi ha aiutata quando ero a Parigi.	She helped me when I was in Paris.	73cd288c-a382-5941-a8df-d11a60974ece	34	34
Mi aiutò quando ero a Parigi.	She helped me when I was in Paris.	dbde5798-278b-5449-958a-4ab1704891c0	29	34
Devo cambiare treno per Parigi?	Have I got to change trains for Paris?	2251242b-2b5a-571b-97d4-82761a05d5ec	31	38
È andata a Parigi per vivere il suo sogno.	She went to Paris to live her dream.	8f24d65b-2cdc-5720-9dcd-83c3a67d1d84	42	36
Andò a Parigi per vivere il suo sogno.	She went to Paris to live her dream.	fecc93ad-546c-5430-b385-9a10f02a5692	38	36
La città di Parigi merita una deviazione.	The city of Paris is worth a detour.	ba62427d-00b7-5896-95be-dc8ef82cb73c	41	36
Vivevo a Parigi all'epoca.	I was living in Paris at the time.	e23f7588-98bf-5660-9886-097e93822856	26	34
Abitavo a Parigi all'epoca.	I was living in Paris at the time.	1960378b-47d3-5566-ae51-63268c5dce31	27	34
È andata a Parigi per vedere sua zia.	She went to Paris to see her aunt.	87fab481-2d9a-58f8-8959-37ac42b697ec	37	34
Andò a Parigi per vedere sua zia.	She went to Paris to see her aunt.	e13f3e1e-b087-57f9-94bc-4a8fbf0f7205	33	34
L'aereo sta per volare fino a Parigi.	The plane is about to fly to Paris.	5621ffa8-2990-5968-a2ff-72464b7163c9	37	35
Domani andrò a Parigi in macchina.	Tomorrow I will go to Paris by car.	0f85effe-8f5f-5f5e-b82b-df9e6a9c573b	34	35
Domani andrò a Parigi in auto.	Tomorrow I will go to Paris by car.	efa4a732-47e1-5cd5-b5ba-727fcd3aac39	30	35
Domani andrò a Parigi in automobile.	Tomorrow I will go to Paris by car.	96a748bb-6e22-5d82-bf52-06fc1a665566	36	35
Starò per tre mesi a Parigi.	I'll stay for three months in Paris.	e59a80ca-f5fe-54bc-b972-572eba552b50	28	36
Mio padre va spesso a Parigi per affari.	My father often goes to Paris on business.	fe9acc18-27a6-52a1-ba59-9bd77171668e	40	42
È andata a Parigi per la prima volta.	She went to Paris for the first time.	b38a0dd2-afed-521e-be95-27ab43fcc0c5	37	37
Era il suo desiderio andare a Parigi.	It was her wish to go to Paris.	7feba719-e93c-5fc9-a088-62909ccdf49d	37	31
A che ora parte l'ultimo treno per Parigi?	What time does the last train to Paris leave?	4a0df1f8-0c29-5ae2-ba9b-ca24dc3e2e25	42	45
L'ho visto per la prima volta a Parigi.	I saw him for the first time in Paris.	09c11e84-40bc-588e-a977-801e23502bdc	39	38
Lo vidi per la prima volta a Parigi.	I saw him for the first time in Paris.	05857450-aa44-5ba6-aea1-bd4bbd2161f5	36	38
È vero che andrai a Parigi?	Is it true that you'll go to Paris?	ad1474ab-234f-5402-98fe-7205a437e74d	27	35
È vero che andrà a Parigi?	Is it true that you'll go to Paris?	347566dd-5c34-593a-836f-64bf29ec81cf	26	35
È vero che andrete a Parigi?	Is it true that you'll go to Paris?	b0bc435e-437e-5f09-8099-c2a90b5d55ab	28	35
Vado spesso in vacanza in Finlandia o a Parigi.	I often go to Finland or Paris for vacations.	c9df94fa-3051-58c3-9663-a9bf179c8b0a	47	45
Mi trasferirò a Parigi nel 2021.	I'm going to move to Paris in 2021.	786afcb0-aa33-574c-9c93-faec37f280ab	32	35
È vero che va a Parigi?	Is it true that you're going to Paris?	aa9d0323-012b-5916-b80d-8b9e0bc6b02a	23	38
È vero che andate a Parigi?	Is it true that you're going to Paris?	5bd47c20-eb02-557b-b77a-7959a5b3e6f4	27	38
Ha viaggiato fino a Parigi.	She traveled to Paris.	ec57f952-d182-50bd-a096-88b404b0a93d	27	22
Viaggiò fino a Parigi.	She traveled to Paris.	40d2bff7-aa36-53c8-963f-af58e1c097ed	22	22
È venuta da Parigi.	She came from Paris.	e92f6c14-694d-5a86-8924-1542a8898c66	19	20
Venne da Parigi.	She came from Paris.	836a0d47-6eaf-52dc-a4bd-199038e696a5	16	20
Parigi è una giungla.	Paris is a jungle.	882a51d0-e29b-5516-959c-673adee63899	21	18
Vado a Parigi.	I go to Paris.	e5663804-9472-584d-a650-f2966dd42ee7	14	14
Io vado a Parigi.	I go to Paris.	727a663e-fa35-5799-a726-14abf4def71f	17	14
Era a Parigi.	He was in Paris.	4b38c947-430a-59f5-97f2-538aec7eb237	13	16
Lui era a Parigi.	He was in Paris.	169ac55d-dd5d-5ab4-8aad-9640d4eea59c	17	16
Parigi deve essere bella.	Paris must be beautiful.	ef92819f-aa1a-54b4-a0b3-be354118df7d	25	24
Vive a Parigi.	He lives in Paris.	0d29444f-8d28-575b-aa42-f16b8e4b980e	14	18
Abita a Parigi.	He lives in Paris.	a5f0e6d5-e475-5d0c-8427-97817162e4cd	15	18
Lui vive a Parigi.	He lives in Paris.	5d6d7932-dcbb-5511-b0ba-6991c1de5a23	18	18
Lui abita a Parigi.	He lives in Paris.	a165c58d-fa01-55b1-9c04-2048a78d81da	19	18
Ho viaggiato fino a Parigi.	I traveled to Paris.	139f626c-19d2-5fae-8751-5ce623d17c61	27	20
Viaggiai fino a Parigi.	I traveled to Paris.	2c009882-a3ff-5599-b566-cc50be404063	23	20
Tutto è costoso a Parigi.	Everything is expensive in Paris.	76736a8b-df44-545f-bbea-1660ab075721	25	33
Parigi è una trappola per turisti.	Paris is a tourist trap.	196dd74d-d702-5cd4-9456-2e8853f21783	34	24
Parigi è una trappola turistica.	Paris is a tourist trap.	1d068cfd-1de3-557e-a184-758dff89e639	32	24
È stato arrestato a Parigi.	He was arrested in Paris.	1828d3ee-6fc9-568b-8122-486f3c94a78b	27	25
Fu arrestato a Parigi.	He was arrested in Paris.	22d819cf-dcf9-5158-813c-539f397e6009	22	25
Algeri è più calda di Parigi.	Algiers is warmer than Paris.	040307a6-e9f1-5add-bcc2-886e090d58a2	29	29
Parigi è più fredda di Algeri.	Paris is colder than Algiers.	ef850d30-3aaf-5f18-ad04-4323e438419e	30	29
Quale treno va a Parigi?	Which train goes to Paris?	c6e26c33-b90f-58d2-806e-56bf970843e9	24	26
È diretto a Parigi.	He's heading to Paris.	616b3ba9-af33-572a-8a7a-b40156ba10e1	19	22
Sei venuto da Parigi?	Did you come from Paris?	0b55328a-86cf-5cf4-81bb-e5a7b500770a	21	24
Sei venuta da Parigi?	Did you come from Paris?	5f3777ed-fe33-5c0d-9e19-8e1c2bfa78be	21	24
È venuto da Parigi?	Did you come from Paris?	fb013d38-80d6-590d-9948-7b42f8a29f4b	19	24
È venuta da Parigi?	Did you come from Paris?	023ed45e-bfc0-5776-a239-8301325ad95d	19	24
Siete venuti da Parigi?	Did you come from Paris?	d6f5421f-832d-5089-8d09-eb7d27147277	23	24
Siete venute da Parigi?	Did you come from Paris?	418e5b75-d275-59af-a346-8f439815dabc	23	24
Perché era a Parigi?	Why was she in Paris?	f6d4dbe5-ab48-5fa8-84e0-67abd2641c6f	20	21
I miei figli vivono a Parigi.	My children live in Paris.	3497e67a-3102-5294-9b18-05829fe9648b	29	26
Le mie figlie vivono a Parigi.	My children live in Paris.	a9df7119-bce2-5002-8ae5-94a619b6ef58	30	26
Parigi è la capitale della nostra nazione.	Paris is our nation's capital.	864efe40-95eb-577e-8ff4-211a67065319	42	30
Parigi è la capitale del nostro paese.	Paris is the capital of our country.	7b1891e1-e5d5-521c-b6fc-2595f122715e	38	36
È ancora interessato?	Is he still interested?	b1d12a29-71e1-505a-833d-508a3567b902	21	23
Vola a Parigi domani.	He's flying to Paris tomorrow.	77e7bffc-1c7b-5d35-8d77-f7a659e9f4a8	21	30
Parigi non è un parco a tema.	Paris is not a theme park.	2edcf118-0553-5ef4-99e4-a39f5d3979e1	29	26
Vieni a vedermi a Parigi presto.	Come see me in Paris soon.	05b61a22-b3b6-5c10-99f9-885d27b791aa	32	26
Venite a vedermi a Parigi presto.	Come see me in Paris soon.	c2605ff3-9b5b-57af-8b1f-f3e40f47473e	33	26
Venga a vedermi a Parigi presto.	Come see me in Paris soon.	2e02f309-30da-5f53-9dec-ab40e6c23242	32	26
Scegli il percorso più breve per Parigi.	Choose the shortest route to Paris.	cb88a4ec-b83b-56f4-9532-58056ec9b933	40	35
Scegliete il percorso più breve per Parigi.	Choose the shortest route to Paris.	04f72481-4d24-51a3-acbe-d20eac13fb5c	43	35
Scelga il percorso più breve per Parigi.	Choose the shortest route to Paris.	23c97311-8578-5fa9-b655-245617e50f88	40	35
Ci sono cinquanta chilometri fino a Parigi.	It's fifty kilometres to Paris.	b082d5a0-bdd5-53f2-8efa-27d26dfdebfb	43	31
Gli Champs-Élysées sono a Parigi.	The Champs-Élysées are in Paris.	a40d0961-0bf3-5a83-bc7e-17fba927922e	33	32
I Campi Elisi sono a Parigi.	The Champs-Élysées are in Paris.	21ec5c06-bf05-5ab3-80b5-dcf3b5e759a4	28	32
Parigi è la città dell'amore.	Paris is the city of love.	02b69a0b-ab52-59ca-9c40-f506f9bfdb3e	29	26
Vivo a Londra.	I live in London.	347328de-1d6e-55fc-87ac-2c57a2fda777	14	17
Io vivo a Londra.	I live in London.	992f2538-00fc-5906-b249-bed13fb2da17	17	17
Abito a Londra.	I live in London.	06a1c58a-88e5-5851-b0f9-010cb0f03ae3	15	17
Io abito a Londra.	I live in London.	5accb46a-30c4-5ad5-b94d-2025d2f8cbc9	18	17
Ho viaggiato fino a Londra.	I travelled to London.	5f4e6e88-9ef2-5aab-8db5-059ed22cf416	27	22
Viaggiai fino a Londra.	I travelled to London.	f331aeac-ee5c-5a42-ac53-f5ac55eb535f	23	22
Si, il bambino è tuo.	Yes, the baby is yours.	4f31328a-db06-54fb-bba4-5333f9a3e7af	21	23
Tom è nato a Londra.	Tom was born in London.	1f0ea2ca-b313-58ab-b41e-cc19487b8a75	20	23
Tom nacque a Londra.	Tom was born in London.	8b4169f4-ca92-503e-b248-e389e2d5083e	20	23
Viaggio spesso a Londra.	I often travel to London.	c5616be1-6cc6-5b13-b0e0-04e7819b0a7c	24	25
Io viaggio spesso a Londra.	I often travel to London.	f83b3418-158d-57fe-b27b-1ef6b99dd65e	27	25
La loro casa è a Londra.	Their home is in London.	47fe373b-35c4-53f9-84e4-c7471cefc0de	24	24
Casa loro è a Londra.	Their home is in London.	dc4b9fbc-0cc5-5026-8496-47e5f044127b	21	24
Londra è un posto interessante.	London is an interesting place.	fec78eba-90b6-579d-8908-f1f66a44f731	31	31
Londra è un luogo interessante.	London is an interesting place.	12378dd5-63fc-5520-9d8b-2077633414fe	31	31
Questo champagne viene da Londra?	Is this champagne from London?	b0f9cb9b-2dbf-58bb-8b52-c8026be40d9b	33	30
Algeri è più calda di Londra.	Algiers is warmer than London.	9ec3c7f7-493a-566c-885d-4faaa854c02c	29	30
Piccadilly Circus è a Londra.	Piccadilly Circus is in London.	3a1ef1f4-563d-5129-a54e-2dd15251db87	29	31
Andiamo a Londra.	Let's go to London.	3fd04b69-d3be-5a2f-af78-dbe21ae62cfd	17	19
Com'è davvero Londra?	What's London really like?	57210009-138a-58d8-b342-966d61fedccf	21	26
Com'è veramente Londra?	What's London really like?	ffa2269f-3b06-5dae-8f9e-64858f59301f	23	26
Londra sembra minuscola paragonata a Tokyo.	London seems tiny compared to Tokyo.	63d0eb7d-8216-53c6-8a4b-59c517beb622	43	36
A Londra ho preferito il cibo indiano.	In London I preferred Indian food.	4e0ef1c2-e42a-5296-9008-09a139cbe18c	38	34
A Londra preferii il cibo indiano.	In London I preferred Indian food.	56c9eab6-3c3e-591e-b3b2-6b9487d78241	34	34
Lascerà Londra.	He is going to leave London.	382b864b-9b9e-52d7-a627-70c4aa4c9e75	15	28
Il suo precedente marito ha studiato a Londra.	His previous husband studied in London.	a34836cc-bdeb-57b9-8416-f9925b50bad7	46	39
Il suo precedente marito studiò a Londra.	His previous husband studied in London.	bc86f9a4-1ef0-5f75-b3dc-04c0f6016415	41	39
Sono andato a Londra in autobus.	I went to London by bus.	c4ad75a0-f2b5-5c97-9a93-21cde815414d	32	24
Sono andata a Londra in autobus.	I went to London by bus.	0513c2ed-24f3-528d-b5e7-6b581517eaa7	32	24
Andai a Londra in autobus.	I went to London by bus.	2bdd6ef6-8b97-50a5-9d87-d5bcf11c577f	26	24
Sua zia vive da sola a Londra.	His aunt lives alone in London.	e38bcb44-aa43-541a-8d23-93ea674f592c	30	31
Sua zia abita da sola a Londra.	His aunt lives alone in London.	3be31abe-7319-5276-911c-108e2ada644e	31	31
Sono andato a Londra l'anno scorso.	I went to London last year.	a21be06e-96e6-5c18-ab2b-07c9878517de	35	27
Sono andata a Londra l'anno scorso.	I went to London last year.	02f32803-9c65-587b-83b7-2d1f8b19329d	35	27
Tom è andato da Roma a Londra.	Tom went from Rome to London.	861282ee-5981-5457-872d-6f6caeb68064	30	29
Tom andrò da Roma a Londra.	Tom went from Rome to London.	3c915f03-40e5-50d4-a1ab-13dc1e838482	27	29
Tom è andato da Londra a Roma.	Tom went from London to Rome.	2d608950-925c-5cc1-ac78-4c4d367093e1	30	29
Tom andò da Londra a Roma.	Tom went from London to Rome.	d4ccc466-8338-5b34-8c1d-30bbfb565153	26	29
Tom ha un appartamento a Londra.	Tom has a flat in London.	b90c8602-454f-524a-87fa-2bd202b3ce26	32	25
Londra è piccola paragonata a Tokyo.	London is small compared to Tokyo.	68c00a2e-5669-5a65-8292-9a47174ad5ed	36	34
Dan e Linda sono volati a Londra.	Dan and Linda flew to London.	d3770887-4ce5-50a2-8899-a9518280bdb3	33	29
Dan e Linda volarono a Londra.	Dan and Linda flew to London.	ac6f53b6-276d-52ee-a62c-33413cb4ea55	30	29
Eravamo a Londra la settimana scorsa.	We were in London last week.	3e125f73-d3fe-5fec-905c-7b92e168abae	37	28
Sei mai stato a Londra?	Have you ever been to London?	1cabb57c-233f-5b78-b7b8-b5b56d4047b6	23	29
Sei mai stata a Londra?	Have you ever been to London?	d324733e-f159-5f5a-b948-06c2a8ac5db3	23	29
Siete mai stati a Londra?	Have you ever been to London?	769ce692-3bc1-5a3f-9b05-efa78932b242	25	29
Siete mai state a Londra?	Have you ever been to London?	b55235c9-5d63-53ef-9ee8-f96473c05261	25	29
È mai stato a Londra?	Have you ever been to London?	c4c2e81c-b0c3-5990-b77c-8388d5230217	21	29
È mai stata a Londra?	Have you ever been to London?	5698b051-c292-5c32-96fe-db4e44665d10	21	29
Quando sei andato a Londra?	When did you go to London?	a8b31cfb-dd33-53e2-8355-2e44ced6c4c3	27	26
Quando sei andata a Londra?	When did you go to London?	55cad1d8-c6c3-54f8-98a9-7d13b7cd051e	27	26
Quand'è andato a Londra?	When did you go to London?	16c6c60f-5584-5bfa-87d7-c9fe0b542de3	24	26
Quand'è andata a Londra?	When did you go to London?	4ed4d812-b62a-5da1-aa1a-b642de920d0d	24	26
Quando siete andate a Londra?	When did you go to London?	1db5c0b5-5ba4-5ecb-9409-99407d21d538	29	26
Quando siete andati a Londra?	When did you go to London?	8e79c394-8e56-51af-809c-ee6a943119c3	29	26
Posso visitare il London Eye?	Can I visit the London Eye?	eb8c183f-6cd1-5af6-bb5f-5f12aced79ed	29	27
Ha ordinato il libro da Londra.	She ordered the book from London.	36869bdf-2bab-5bfc-aff8-5a4d7613dd59	31	33
Ordinò il libro da Londra.	She ordered the book from London.	06bd55c1-0d31-53b8-9fe2-3211c1114e7b	26	33
Ha fatto molte foto a Londra.	He took many pictures in London.	a99dd962-9fbc-5024-8fe8-acd69376da72	29	32
Fece molte foto a Londra.	He took many pictures in London.	5b99b8a1-49e4-5f6d-a629-0feffe2b5342	25	32
Il treno è diretto a Londra.	The train is bound for London.	c9b1d489-0d64-5cc0-a842-c689f7be8536	28	30
Mio padre è diretto a Londra.	My father is bound for London.	50a524e7-742a-56d7-ae97-955ccc3da614	29	30
Londra è grande, paragonata a Parigi.	London is large, compared with Paris.	fa82ad53-7a1e-5bec-a034-b4cb40abe9d7	37	37
Sono le sette a Londra ora.	It is seven in London now.	5d99d4d1-51ae-5ffb-8b52-0b494b1fae4c	27	26
Sono le sette a Londra adesso.	It is seven in London now.	634c8652-afc4-532a-8315-5396dd5e8b87	30	26
Mentre era a Londra, studiava l'inglese.	While in London, she studied English.	39ffeb2d-2193-5fca-add4-b61e905e8291	40	37
Per favore, non chiudere la porta.	Please don't close the door.	87aafc16-b78f-51a1-9559-64209113a876	34	28
Per piacere, non chiudere la porta.	Please don't close the door.	11b53590-c1a8-5e70-b02a-98b997214bed	35	28
Per favore, non chiudete la porta.	Please don't close the door.	3640c323-9db5-595e-aa31-c89764b2227e	34	28
Per piacere, non chiudete la porta.	Please don't close the door.	be492d17-c4c8-5491-9cff-e33e89f58df6	35	28
Per favore, non chiuda la porta.	Please don't close the door.	9d7db1af-270b-5cd2-a362-3ee8275c1b28	32	28
Per piacere, non chiuda la porta.	Please don't close the door.	f924206b-882b-5915-8f90-9d578164ae0e	33	28
Deve tornare a Londra.	He has to go back to London.	ce61ed24-02c3-5576-b314-ee705253ea53	22	28
Mary mi ha detto che stava cercando Tom.	Mary told me she was looking for Tom.	1f66880b-263c-50f0-b1b7-382c942461ee	40	37
Mary mi disse che stava cercando Tom.	Mary told me she was looking for Tom.	1b3f361d-0afa-5e17-bd66-2942a9f36d0d	37	37
Mary non mi ha detto che era fidanzata.	Mary didn't tell me she was engaged.	08456d61-7092-55c1-be26-c130a0dead8f	39	36
Mary non mi disse che era fidanzata.	Mary didn't tell me she was engaged.	836216ad-e8e2-53bf-ad12-6a4a0d472725	36	36
Mary non è sovrappeso com'era una volta.	Mary isn't as overweight as she used to be.	7bbd0c12-36ad-51b5-a719-52422dd3d10a	40	43
Mary cambierà idea.	Mary will change her mind.	3f314d7c-3d08-56e4-8704-0cce9ee8d44c	19	26
Mary ha detto che si sentiva impotente.	Mary said she felt helpless.	500ff071-e543-5ea2-ac84-4ecdd0ceb1b2	39	28
Mary disse che si sentiva impotente.	Mary said she felt helpless.	bc6fe990-fae3-59b5-84db-a10d63829c0c	36	28
Eviti il ​​confronto come se fosse una pestilenza.	You avoid confrontation like it's a plague.	100f6e11-8093-5f2e-b5aa-2eb26c1f25dc	50	43
Nascondersi dietro le parole è da codardi.	Hiding behind your words is cowardly.	75ae25df-b32f-52de-b319-51d1677a12ef	42	37
Fatti sentire se ci credi veramente.	Speak up if you truly believe it.	fbb56144-3e50-58fc-bd2b-e46cae5cb0c3	36	33
È facile parlare alle spalle di qualcuno.	It's easy to talk behind someone's back.	d5cd0600-da34-5d1c-81d7-ed1227b83f12	41	40
Sono qui, pronto ad ascoltare.	I'm here, ready to listen.	9941b60b-0a64-5cbe-950f-c96235fa6b5a	30	26
Ignorare la questione non la farà scomparire.	Ignoring the issue won't make it disappear.	3625301f-f867-5c8b-9424-8a299013287a	45	43
Il tuo silenzio la dice lunga su di te.	Your silence speaks volumes about you.	00010b4d-8a99-58f7-ab98-01895083dfc3	39	38
Mary ha detto che ha pianto.	Mary said that she cried.	ffefdd61-905b-55b0-aee7-53939fc7ef01	28	25
Mary disse che pianse.	Mary said that she cried.	400d007b-fba7-5cf5-a024-a98cb6377b89	22	25
Mary dice che non viene.	Mary says she's not coming.	2d996c18-a8a7-5e13-a23e-bcfad5ebe95a	24	27
Mary viene a casa presto, vero?	Mary is coming home soon, isn't she?	50f65d68-1905-5f9d-be9f-8079856c1b5d	31	36
Mary riderà quando vede questo.	Mary is going to laugh when she sees this.	dddb482f-a7d9-59a2-ace4-1481040bc09d	31	42
Durante l'esame, non scrivere con una matita.	During the exam, don't write with a pencil.	18f02ea3-2eef-5b62-bbb3-a9f67509826d	45	43
Durante l'esame, non scrivete con una matita.	During the exam, don't write with a pencil.	c97b369f-4d47-5efb-bb34-7f37802d7649	45	43
Durante l'esame, non scriva con una matita.	During the exam, don't write with a pencil.	5b12db6a-30e4-5ad0-80d9-f7e5372ecdab	43	43
I ravanelli sono rossi.	Radishes are red.	a9e0427c-380e-537a-969e-2bb52e5288f7	23	17
Marte è rosso.	Mars is red.	fbd20ec9-fa6b-5ef3-8d55-0cca68aef125	14	12
Il mio è rosso.	Mine is red.	ac8f3541-d52b-5ff0-8e41-97dd8a84f985	15	12
La mia è rossa.	Mine is red.	9d31df0b-2c4d-505a-984d-84d520e428c5	15	12
È rosso?	Is it red?	4a3d191c-9e68-5623-b1be-2b9dcc258e6a	8	10
È rossa?	Is it red?	2cfa9496-8197-5381-a523-5a4f4783b276	8	10
Il mio computer è rosso.	My computer is red.	8d370070-bf12-57a7-950d-e4e5d6797a7e	24	19
È rosso ora.	It's red now.	281050e5-2a9f-550d-b70e-d2c39dd994ee	12	13
È rosso adesso.	It's red now.	6fd16dab-65e2-5739-94ff-34e5ea9496dd	15	13
È rossa ora.	It's red now.	dbe0ae5c-279f-5e25-9949-5f080256b2c7	12	13
È rossa adesso.	It's red now.	007eb04e-0d4f-503d-930a-17c62d623453	15	13
Il sole è rosso?	Is the sun red?	ae9ddef9-c331-5ae3-a3fe-6d3ccdc4c4e5	16	15
Abbiamo delle linee rosse.	We have red lines.	d531555b-5813-58ec-b7f2-8b897c23dcce	26	18
Il rosso è un colore.	Red is a color.	3366d061-10ee-5ca9-a7af-db449256c467	21	15
Il papavero è rosso.	The poppy is red.	b0bc3719-f397-513e-b7d8-01a10f6343b0	20	17
La luce è rossa.	The light is red.	71672e7f-e3c1-543d-8dbc-ef90d14b4abe	16	17
Il semaforo è rosso.	The light is red.	b6bbf235-32ee-5a29-8bfd-e54f10fab94d	20	17
Il cerchio è rosso.	The circle is red.	866c559e-56cd-5b3c-8e1c-7da1c679d0c9	19	18
Avevo le guance rosse.	I had red cheeks.	f1412aac-bbbe-51a6-a57a-d86c91c9a972	22	17
I miei occhi sono rossi?	Are my eyes red?	b47d7e26-bde8-5baa-9abd-d60941ab2cc7	24	16
Ho gli occhi rossi?	Are my eyes red?	de30759d-6c0c-5a95-9cd8-33290db5a413	19	16
Lei ha i capelli rossi.	She has red hair.	c3d41683-653e-5e85-89fa-eb2e8d7333fc	23	17
Segui quella macchina rossa.	Follow that red car.	4d9fdb78-853c-558d-8f9b-07c105e93478	28	20
Segua quella macchina rossa.	Follow that red car.	23fcee72-5703-532f-80de-6bec214333d4	28	20
Seguite quella macchina rossa.	Follow that red car.	da7442d1-11ae-5d7e-834d-cb7b15d3fa40	30	20
Segui quell'auto rossa.	Follow that red car.	8fa0a2af-3014-5564-9795-82382ebbf1c3	23	20
Segui quell'automobile rossa.	Follow that red car.	93e79440-97da-58bc-af87-3fde44720222	29	20
Segua quell'auto rossa.	Follow that red car.	8552d440-51f7-5725-a5bc-6520169f17df	23	20
Segua quell'autoobile rossa.	Follow that red car.	58e0d2e6-af99-57b3-b8d9-15bfc21f85f7	28	20
Seguite quell'auto rossa.	Follow that red car.	24464ad4-a048-5383-8369-258d05bf3cf3	25	20
Seguite quell'automobile rossa.	Follow that red car.	6004e996-25dd-523e-9c4d-0f0018db3542	31	20
I loro occhi sono rossi.	Their eyes are red.	951eaf12-3c05-50b1-83d0-ba9642b529d4	24	19
Hanno gli occhi rossi.	Their eyes are red.	67f7faec-27b8-5cd9-8011-daab6c7df4d0	22	19
Mi piace vestire di rosso.	I like wearing red.	499f32d2-08bd-5783-86e4-4d38da1e419f	26	19
A me piace vestire di rosso.	I like wearing red.	fcef2cf5-3f87-5815-8406-956fb257f3ef	28	19
Il mio naso è rosso?	Is my nose red?	e5f84491-58bd-5eeb-b016-ab2642d38a9d	20	15
Ho il naso rosso?	Is my nose red?	92cec756-6629-56a1-ac87-7f6981b94572	17	15
Il suo volto è rosso.	His face is red.	5f1873e2-768f-531d-869e-1a66011de758	21	16
La sua faccia è rossa.	His face is red.	25ea175b-71d0-50c3-bc2e-71189dab56b4	22	16
Mary non è intelligente come sembra.	Mary isn't as smart as she looks.	773d11e8-5503-500e-96aa-3e09247c2268	36	33
Mary sta vestendo di rosso.	Mary is wearing red.	e64ee665-6a85-5efc-ae7e-b776ca441b95	27	20
La mia bicicletta è rossa.	My bicycle is red.	4fc32ebb-6dd2-5b2f-906e-07c8cc234a7e	26	18
La sua bici è rossa.	His bike is red.	025d4132-97dd-5d72-a409-cbbea4038d42	20	16
La sua moto è rossa.	His motorcycle is red.	b48f2f48-821a-5a64-a4b5-ab0e586ecf8c	20	22
La sua motocicletta è rossa.	His motorcycle is red.	a57798d1-de94-5137-9e99-5cdc951d6872	28	22
La sua bicicletta è rossa.	His bicycle is red.	f0db7231-840c-5f96-94cf-12e90f7282e8	26	19
Sami aveva i capelli rossi.	Sami had red hair.	51f17dea-4dd3-5e8c-894a-ed072851436c	27	18
Aveva gli occhi rossi.	His eyes were red.	3299e463-dcf6-553a-85ac-10d0280419e5	22	18
Tom sta vestendo di rosso.	Tom is wearing red.	cfa874a8-f227-547a-8264-88b596207715	26	19
Non vesto mai di rosso.	I never wear red.	27fbc914-8c4c-559f-9ba5-762ee14de3a0	23	17
La sua tazza è rossa.	His mug is red.	16561f5b-c2bc-586c-8022-5f409e337c59	21	15
È stato sottoposto ad accurati screening sanitari.	He's undergone thorough health screenings.	30b3c4dd-3449-5908-ae77-91352de2ad5f	50	42
La sua identità rimane anonima per i destinatari.	His identity remains anonymous to the recipients.	5a70c679-32ba-58f9-8632-3f3d26c5589b	49	49
Donare lo sperma è un atto di generosa gentilezza.	Donating sperm is a generous act of kindness.	813ff245-c7ce-5373-86bb-75e41a0a43b4	50	45
I suoi amici sono favorevoli alla sua decisione.	His friends are supportive of his decision.	31c6123a-8e2b-5b59-afbd-fa3adb9b268d	48	43
Apprezza i racconti dei genitori grati.	He appreciates the stories from grateful parents.	fc55bc70-e2d9-51b9-9ddf-732dbdf0d41c	39	49
Trova appagamento nel creare la vita.	He finds fulfillment in creating life.	7cf256b9-1547-58c3-ba56-dd0ff251f2b4	37	38
Ci tiene all'anonimato e alla privacy.	He values the anonymity and privacy.	70a4b211-39d9-52cb-8796-30e181bfe419	38	36
Spesso riflette sull'impatto delle sue scelte.	He often reflects on the impact of his choices.	e00e08b2-b2e5-5684-a34e-461dd178b6ae	46	47
L'amore ha il potere di guarire le ferite emotive.	Love has the power to heal emotional wounds.	8a6bbd1e-d2fc-5ac1-9aee-c6771b40f79b	50	44
Il vero amore esige vulnerabilità e onestà.	True love demands vulnerability and honesty.	78968056-bc5b-5be7-b1f5-8d38216f31fb	43	44
Ogni conversazione sembrava una lotta.	Every conversation felt like a struggle.	4fbd4efc-af59-55d5-9e38-fa2ac383d93b	38	40
Lui è il nostro insegnante.	He's our teacher.	73d70d4a-da5b-59ca-bda0-a98913279ee2	27	17
Sì, sì.	Yes, yes.	ec21291d-5f81-5d91-9831-0e52a0259bbe	7	9
Vito è un ladro di bici.	Vito is a bicycle thief.	f58423d3-3125-56b5-8033-41be2488a6cc	24	24
Vito è un ladro di biciclette.	Vito is a bicycle thief.	04023820-acdc-5799-9ffd-364a4424a601	30	24
Rima stava ballando sulla spiaggia.	Rima was dancing on the beach.	ff3255ca-3193-5e30-8210-e930adfe0ef7	35	30
Rima stava danzando sulla spiaggia.	Rima was dancing on the beach.	9146e693-caa5-5a7c-8461-0eff70ce9ae0	35	30
Ho comprato del latte.	I bought milk.	b4b2a663-2cfb-508c-899e-cfeb4f3248cb	22	14
Comprai del latte.	I bought milk.	17484a63-72fc-5e33-bf77-57a1e3b5a192	18	14
Abbiamo bevuto del latte di capra.	We drank goat milk.	2ace3f5c-3fc1-5476-a407-0139f904d2cf	34	19
Bevemmo del latte di capra.	We drank goat milk.	5baa1b87-6152-57b5-a684-6ea2624346bd	27	19
Mennad beve latte intero.	Mennad drinks whole milk.	81b63a48-84b3-5bad-9a11-4f5d62c05fdb	25	25
Sami ha bevuto il latte.	Sami drank the milk.	a4e60cc9-3598-5872-8407-4f80728c585b	24	20
Sami bevve il latte.	Sami drank the milk.	b0630c4c-e3c7-525c-9d49-b22dc29c2210	20	20
Sami bevette il latte.	Sami drank the milk.	202968fb-ee55-5a9b-8950-76318e9af69f	22	20
Non sta prendendo del latte.	He's not getting milk.	18ddd274-1a6a-5721-bc32-eab21ee92154	28	22
Non sta comprando del latte.	He's not buying milk.	ba7cd610-bb65-57a6-b5d0-bbc794d7d4b2	28	21
Bambini, bevete del latte ogni giorno!	Kids, drink milk every day!	4e321993-844d-5fcf-b7a6-f4ee56803d08	38	27
Amo anche bere il latte.	I also love drinking milk.	0dddcddf-334b-5287-bc60-9aacafff247e	24	26
Io amo anche bere il latte.	I also love drinking milk.	55d7d1c2-7d66-5fcd-8a64-c566ca8818fa	27	26
Ne avevo abbastanza di latte.	I had enough of milk.	d67a617b-cfcd-51c2-8f98-e03ce8f53630	29	21
Tom avrebbe dovuto comprare anche del latte.	Tom should've bought milk, too.	95453967-7978-5cb4-a649-cf44ae03b647	44	31
Ha bevuto del tè con il latte.	She drank some tea with milk.	4b39b282-a969-5443-8a8c-e019b3ddaa13	30	29
Bevve del tè con il latte.	She drank some tea with milk.	018f923a-bafd-54ce-aa55-bf2cdca99ab4	26	29
Bevette del tè con il latte.	She drank some tea with milk.	6611af11-a203-5f5f-b4f0-4a4b23de170f	28	29
Il latte ha un sapore un po' acido.	The milk tastes a little sour.	70b014fa-9494-59c4-931a-c60d3b3d9de6	35	30
A Tom non piace il latte scremato.	Tom doesn't like skimmed milk.	7c0afe01-5ca7-59d4-b0eb-5c97da0b9324	34	30
Tom ha bevuto una tazza di latte.	Tom drank a cup of milk.	923bc91b-cf4a-5d3a-a32a-ad2325bfa660	33	24
Tom bevve una tazza di latte.	Tom drank a cup of milk.	0f1fb91f-9cef-5c01-977d-080258aeebf4	29	24
Tom bevette una tazza di latte.	Tom drank a cup of milk.	75cbdb0b-64d4-58f8-a766-652db502e58e	31	24
Questo latte ha un odore particolare.	This milk has a specific smell.	ad268bf7-5758-50cf-b1b8-78d075b5958d	37	31
Ti sei ricordato di comprare il latte?	Did you remember to buy milk?	4cf9a6fe-1ad2-5513-bd20-fb58578e5580	38	29
Ti sei ricordata di comprare il latte?	Did you remember to buy milk?	90b764a7-ae33-538e-b326-c10f1888e183	38	29
Si è ricordato di comprare il latte?	Did you remember to buy milk?	bba8357e-4b2c-5e59-b89c-279b62e0f38d	36	29
Si è ricordata di comprare il latte?	Did you remember to buy milk?	6509e2bc-8e4f-5c07-aeda-b7ee90fc3e15	36	29
Vi siete ricordati di comprare il latte?	Did you remember to buy milk?	718601e5-819f-506a-b828-03408b09442e	40	29
Vi siete ricordate di comprare il latte?	Did you remember to buy milk?	855ca089-a56e-5fa7-8013-9b2f42a26650	40	29
Quella scatola ha del latte dentro.	That box has milk in it.	f87b112e-8934-575f-99d3-2e76d268b2ba	35	24
Tom mi aiuta a mungere le mucche.	Tom helps me milk the cows.	e5c711be-6c63-5768-a6a2-6751e52e2715	33	27
Tom mi aiuta a mungere le vacche.	Tom helps me milk the cows.	9e58305c-0ec9-56ff-bd75-095bdfaaa644	33	27
Versa del latte per il gatto.	Pour some milk for the cat.	40a1477f-f2d3-52bf-ba43-5a3447174fa0	29	27
Versate del latte per il gatto.	Pour some milk for the cat.	24e549a7-5593-5979-9af5-43794761f8c4	31	27
Versi del latte per il gatto.	Pour some milk for the cat.	7fa3fda3-6d1e-50db-96c7-c35715dec747	29	27
Versa del latte per la gatta.	Pour some milk for the cat.	6bd53f92-c5f9-524f-a2f7-5c9178284db5	29	27
Versate del latte per la gatta.	Pour some milk for the cat.	70747e5b-910d-5f55-8453-fa2f134b08da	31	27
Versi del latte per la gatta.	Pour some milk for the cat.	46b0e5ee-1f6d-5721-b76b-96b0b1f3475a	29	27
Tom ha versato del latte per il gatto.	Tom poured milk for the cat.	6b1e2cb6-38d9-58dd-87c2-e5c85a6576ae	38	28
Tom versò del latte per il gatto.	Tom poured milk for the cat.	595bd358-eb48-55dd-92cd-604c6008b46d	33	28
Tom ha versato del latte per la gatta.	Tom poured milk for the cat.	8b976d82-7691-5016-a736-579ee05fc80f	38	28
Tom versò del latte per la gatta.	Tom poured milk for the cat.	b6b9e086-2638-5b7a-bffb-836493daf6d8	33	28
Un bicchiere di latte aiuterebbe.	A glass of milk would help.	384dc81f-67ac-510f-a42d-4e7cc03c07d7	33	27
Ha aggiunto del latte al suo caffè.	She added milk to her coffee.	d4685f2a-9350-5698-94ad-41fb64ef6d2c	35	29
Aggiunse del latte al suo caffè.	She added milk to her coffee.	ed14dc6a-b02d-5f22-928c-c436d05ff8c4	32	29
Bevi il latte ogni giorno?	Do you drink milk every day?	a84d4320-c463-530c-9d70-35a97a30de51	26	28
Tu bevi il latte ogni giorno?	Do you drink milk every day?	260c6818-dae7-59e3-bffe-8f5c85058235	29	28
Beve il latte ogni giorno?	Do you drink milk every day?	f50f7d8a-d857-546d-87ba-0f53e89fffee	26	28
Lei beve il latte ogni giorno?	Do you drink milk every day?	51de18a2-730a-5602-b244-7b37bd66ff0a	30	28
Bevete il latte ogni giorno?	Do you drink milk every day?	6f3c91ff-7a8d-5b2e-b38d-e8db4cac07cb	28	28
Voi bevete il latte ogni giorno?	Do you drink milk every day?	2a0a0513-4bd9-54e7-8556-444a224069a2	32	28
Mennad beve molto latte.	Mennad drinks a lot of milk.	ccc1c188-6a8c-5c7c-96ea-a155e96a1efa	24	28
Sami e Layla sono fratelli di latte.	Sami and Layla are milk siblings.	a67ca56c-0130-582c-9d6d-3343360f89b6	36	33
Tom non ha ancora comprato il latte.	Tom hasn't bought milk yet.	003521cb-844b-5c18-bb2a-d761295139be	36	27
Sami è il fratello di latte di Fadil.	Sami is Fadil's milk brother.	32e5c4fb-cc2c-500c-9a92-09fb649ff45d	37	29
Layla è la madre di latte di Sami.	Layla is Sami's milk mother.	fcc22b8b-80b3-51a0-a7bd-f218c2921757	34	28
Sami è il figlio di latte di Layla.	Sami is Layla's milk son.	6994425b-53a3-5477-b8d3-8ef0d9f9d6de	35	25
Mary non ha bevuto il suo latte.	Mary didn't drink her milk.	cac19e77-8170-5678-9dec-240db1c702c6	32	27
Mary non bevve il suo latte.	Mary didn't drink her milk.	8e690693-fd54-5f56-ad51-2f56d716e329	28	27
Mary non bevette il suo latte.	Mary didn't drink her milk.	e9041785-8146-5856-8c77-cbf2b028a217	30	27
A mia madre piace la zuppa di latte.	My mother likes the milk soup.	ea63ae4b-7b1e-561a-940a-88d1d194585b	36	30
Abbiamo un'abbondanza di latte.	We have an abundance of milk.	396bc81a-bbf0-53b8-9888-ff55a674c143	31	29
Non c'è molto latte rimasto.	There's not much milk left.	5d60d3ec-ab03-53ac-a88c-2525ae016e0d	28	27
Oh, ho dimenticato di comprare il latte.	Oh, I forgot to buy milk.	fc7b187c-c979-560f-a99a-e3cbfe734d96	40	25
Oh, ho scordato di comprare il latte.	Oh, I forgot to buy milk.	307e65c1-88cb-5d7a-a52b-22d3373cfaf4	37	25
Vorresti un altro po' di latte?	Would you like some more milk?	41737dfe-eec2-5d48-9807-e9df951c8f92	31	30
Vorreste un altro po' di latte?	Would you like some more milk?	2ced77b4-499d-5d83-bb68-e765ef533af4	31	30
Vorrebbe un altro po' di latte?	Would you like some more milk?	b4e97f65-b2ff-5eef-8938-b8f27ae51eb7	31	30
Hai bevuto tutto il latte?	Did you drink all the milk?	2a8a56db-a7bb-558b-80a4-0eeb1f2ddbba	26	27
Ha bevuto tutto il latte?	Did you drink all the milk?	e6de8e68-5891-5468-ade6-fe2f5dbf2bf5	25	27
Avete bevuto tutto il latte?	Did you drink all the milk?	4799500c-7609-523f-ba02-d0a2292992a9	28	27
Mary ha dato del latte al suo gatto.	Mary gave her cat some milk.	02b673b5-7f0c-597c-97b9-bf83a208093e	36	28
Mary diede del latte al suo gatto.	Mary gave her cat some milk.	43ebd358-9c7a-51c7-8cc5-751cd1af2599	34	28
Mary ha dato del latte alla sua gatta.	Mary gave her cat some milk.	45f040ff-4c52-57b2-b458-4f3e6481ca27	38	28
Mary diede del latte alla sua gatta.	Mary gave her cat some milk.	b95f19da-e33f-5db0-83e2-2657d7f43ffa	36	28
Come si munge una capra?	How do you milk a goat?	cac9d507-583f-54d0-bee1-b296d6be64b9	24	23
Come mungi una capra?	How do you milk a goat?	48683b9a-978f-5b97-ac95-da6fdaf0d1ee	21	23
Come munge una capra?	How do you milk a goat?	9e7049ef-908e-56ce-83c7-e038ab1816df	21	23
Come mungete una capra?	How do you milk a goat?	e277737a-bce2-5978-8e5e-a8b865ea918d	23	23
Ho quasi dimenticato di comprare il latte.	I almost forgot to buy milk.	b6215f03-2a31-56e5-ab44-b3b96fde3678	42	28
Ho quasi scordato di comprare il latte.	I almost forgot to buy milk.	ea99cc96-bebc-57f1-973e-cac255d4d10d	39	28
Tom ha messo del latte nel suo caffè.	Tom put milk in his coffee.	3dee2c45-a17a-5f12-bb2c-57ef16bebdf3	37	27
Tom mise del latte nel suo caffè.	Tom put milk in his coffee.	4bea04d7-5796-538b-a6ad-d5c692c2f304	33	27
Maria beve sempre del latte a colazione.	Maria always drinks milk at breakfast.	72de86a5-694c-5112-99c4-e6d8d8a19dca	40	38
Hai del latte in polvere?	Do you have any powdered milk?	7788a61b-2430-54fe-82d8-e7814223c79b	25	30
Ha del latte in polvere?	Do you have any powdered milk?	fe3de6af-29f4-5992-be18-1980b866fdf5	24	30
Avete del latte in polvere?	Do you have any powdered milk?	a8bfe607-9df8-54b2-afc9-6a987539b29e	27	30
Ho dato a Thomas latte e biscotti.	I gave Thomas milk and cookies.	057fac6b-7d39-5976-88fc-5c2bf2b33874	34	31
Diedi a Thomas latte e biscotti.	I gave Thomas milk and cookies.	9dbbf900-f194-5563-85e2-0a9acf785a21	32	31
Mary beve solo latte senza lattosio.	Mary only drinks lactose-free milk.	cda165f8-eeaf-516d-bc89-8c2b866a9a11	36	35
Mary beve soltanto latte senza lattosio.	Mary only drinks lactose-free milk.	9ceb88dd-2f9a-58ec-90fb-65731b05ba91	40	35
Mary beve solamente latte senza lattosio.	Mary only drinks lactose-free milk.	fd2ac761-563c-57cd-8f90-785e452be5e1	41	35
Hai del latte al cioccolato?	Do you have any chocolate milk?	69b837e7-6686-5ce5-a1b3-e1c94ac2c3b2	28	31
Ha del latte al cioccolato?	Do you have any chocolate milk?	ffb66b7e-0b89-58b6-8569-35a0cf24bef1	27	31
Avete del latte al cioccolato?	Do you have any chocolate milk?	5cbae7d9-e005-5cd5-b5b1-830a3f2b7909	30	31
Il mio amico non usa il latte.	My friend doesn't use milk.	38dbb456-b72e-5bd1-a7b2-7959e6ed4feb	30	27
Il mio amico non utilizza il latte.	My friend doesn't use milk.	4593edda-be9f-5252-835b-62f19288c634	35	27
La mia amica non usa il latte.	My friend doesn't use milk.	ec3ff875-6acb-5fa0-a775-f67f95d5e5d5	30	27
La mia amica non utilizza il latte.	My friend doesn't use milk.	a369de75-da8f-5aa2-9d6c-8e69f3ce01a3	35	27
Preferiresti il latte o il caffè?	Would you prefer milk or coffee?	f4f8964c-6980-5545-a3b3-759a33e4b757	33	32
Tu preferiresti il latte o il caffè?	Would you prefer milk or coffee?	ab71103d-db3c-5719-8c42-1fbe7aee3c48	36	32
Preferireste il latte o il caffè?	Would you prefer milk or coffee?	54de5f34-564d-572c-b980-1760f48ee216	33	32
Voi preferireste il latte o il caffè?	Would you prefer milk or coffee?	37de2186-c386-5244-b344-5724ebf4f413	37	32
Preferirebbe il latte o il caffè?	Would you prefer milk or coffee?	a87203cf-1f49-5678-be61-37ef6ef5e339	33	32
Lei preferirebbe il latte o il caffè?	Would you prefer milk or coffee?	0c1cf03c-5b70-50d9-9791-dec2f5eeee05	37	32
Non ho dato a Mary quello che voleva.	I didn't give Mary what she wanted.	b4c93031-81d8-5671-aa28-a284d8639373	37	35
Non diedi a Mary quello che voleva.	I didn't give Mary what she wanted.	7bb932ca-b6a6-57f6-8eba-5e9ffa8f4b52	35	35
Non ho dato a Mary ciò che voleva.	I didn't give Mary what she wanted.	21c6400a-1f57-59a4-9205-132a697804e5	34	35
Non diedi a Mary ciò che voleva.	I didn't give Mary what she wanted.	1a68180b-ad2d-5d59-9ffb-85bbb817181b	32	35
Mary sarà a Boston per tutta la settimana, vero?	Mary will be in Boston all week, won't she?	e4e15768-2ad6-5b43-b817-34750eee2ea8	48	43
Mary è una grande codarda, vero?	Mary is a big coward, isn't she?	aa3221f8-e2b4-54b9-8c21-2f2ea42bf41e	32	32
Mary va in prigione, vero?	Mary is going to prison, isn't she?	e5be78cb-621c-5a0b-a970-3315f489b94b	26	35
Mary è brava a rugby, vero?	Mary is good at rugby, isn't she?	e1fdd6cc-aecd-57f5-bb88-912373d81e88	27	33
Giochiamo a rugby.	We play rugby.	b664943d-56de-5124-8fc8-111ddcfb7809	18	14
Noi giochiamo a rugby.	We play rugby.	fc409e8c-0521-5877-bb70-38d893578cd3	22	14
Mi piace il rugby.	I like rugby.	e97a3418-1c41-5f83-800d-25e0e01cff99	18	13
A me piace il rugby.	I like rugby.	66884cc9-b74c-5435-af3f-35b3fbe45784	20	13
Gioco a rugby.	I play rugby.	2d51cd5f-907c-5dad-a856-b30eed35398f	14	13
Io gioco a rugby.	I play rugby.	9bcace90-ad42-542e-bd75-b1456e88bf0b	17	13
A Tom piace il rugby?	Does Tom like rugby?	6d01739e-e56f-5d18-be6d-6717d9f4981e	21	20
Tom amava giocare a rugby.	Tom loved playing rugby.	a2aee592-07ea-5d93-9238-113255c6b35a	26	24
I ragazzi stanno giocando a rugby.	The boys are playing rugby.	903eaaed-8bc8-53b1-a72f-2d44c5917ab6	34	27
Una palla da rugby è ovale.	A rugby ball is oval.	05753ddb-00fd-5253-8b11-428956203383	27	21
Tom è un rugbista.	Tom is a rugby player.	80df7575-039f-5d19-9540-297347ab8c57	18	22
Non gioco a rugby.	I don't play rugby.	0e2172d2-47a5-54a4-bd4e-ee6d168bbcb0	18	19
Io non gioco a rugby.	I don't play rugby.	70c1b02f-94bc-5c78-8871-c48860fff492	21	19
I passaggi in avanti sono illegali nel rugby.	Forward passes are illegal in rugby.	4a8af886-1b40-52a6-8b52-811b39759945	45	36
Tom non è bravo a rugby.	Tom isn't good at rugby.	e49623ff-c916-5b58-9e25-8ad4c6e4ca07	24	24
Non ho giocato a rugby ieri.	I didn't play rugby yesterday.	d30beede-0a69-50bb-a37d-6db9b312e299	28	30
Tom si è rotto il braccio giocando a rugby.	Tom broke his arm playing rugby.	a1941ba5-c1b9-5891-aa02-815008346163	43	32
Tom si ruppe il braccio giocando a rugby.	Tom broke his arm playing rugby.	9664d629-b5e7-5f9f-b2ac-9e69a53fe087	41	32
Tom si è ferito mentre giocava a rugby.	Tom injured himself while playing rugby.	8863f1c8-6fa4-5cc1-b022-31db04db27db	39	40
Tom si ferì mentre giocava a rugby.	Tom injured himself while playing rugby.	6c0f38c0-4b41-5543-921b-4829a4d337ec	35	40
Come si dice rugby in inglese?	How do you say rugby in English?	cac66959-da74-526f-abe0-70a4680ddca3	30	32
Tom non è bravo a rugby, vero?	Tom isn't good at rugby, is he?	7ad3f8fc-2853-5146-a95a-44ea8ad883f0	30	31
Tom non sembra un rugbista.	Tom doesn't look like a rugby player.	41f0691b-6547-5743-9098-1a78ad0216c9	27	37
Gioco a rugby per un'ora al giorno.	I play rugby for an hour a day.	d1e3c9a1-670c-5547-90b3-ba4eb4967956	35	31
Io gioco a rugby per un'ora al giorno.	I play rugby for an hour a day.	d038f2ba-d3ff-5f00-b01a-e3954933d235	38	31
Mary mi ha detto di essere esausta.	Mary told me that she's exhausted.	89fa9a6e-3cd5-5258-9d8b-173810028f3d	35	34
Tom si è ferito giocando a rugby.	Tom got hurt playing rugby.	c06fca66-a217-5760-993a-95abd351ab4b	33	27
Tom si ferì giocando a rugby.	Tom got hurt playing rugby.	251a564c-4576-5b2a-a0a4-16ed02d4cda6	29	27
Tom si è fatto male giocando a rugby.	Tom got hurt playing rugby.	3b4f64d2-e62d-5bf4-ad5e-cf6694c045c1	37	27
Tom si fece male giocando a rugby.	Tom got hurt playing rugby.	f86f791f-de78-5903-81ba-696ed8d861e7	34	27
Il rugby è uno sport duro.	Rugby is a rough game.	15538562-20d8-579f-8329-97f3f31dd983	26	22
Mi sono fatto male giocando a rugby.	I hurt myself playing rugby.	a7ddd6cd-947c-5acc-a7bb-63a66cbaea50	36	28
Mi sono fatta male giocando a rugby.	I hurt myself playing rugby.	a1790e74-efca-532d-bc3d-f615dc3406b7	36	28
Mi feci male giocando a rugby.	I hurt myself playing rugby.	3f6227b8-b26c-51bb-9084-1c5a928068bd	30	28
Mi sono ferito giocando a rugby.	I hurt myself playing rugby.	12c1e8b1-184a-5405-87b3-6a92eceff87f	32	28
Mi sono ferita giocando a rugby.	I hurt myself playing rugby.	e55cfc13-0260-5792-a031-859ba658c5a2	32	28
Mi ferii giocando a rugby.	I hurt myself playing rugby.	78d8bb7c-7cb3-582f-8bff-a0c30bc1f8a9	26	28
Tom era un rugbista.	Tom used to be a rugby player.	d7082d1d-e457-51e7-a8be-474cff5970b8	20	30
Per quanti anni hai giocato a rugby?	How many years have you played rugby?	33d12987-ca0d-5d98-8edd-335d10e441ee	36	37
Per quanti anni ha giocato a rugby?	How many years have you played rugby?	45c2a6d0-f451-59ef-807c-1b93663f6276	35	37
Per quanti anni avete giocato a rugby?	How many years have you played rugby?	081a6f8d-6063-5aab-90af-d624157bb6aa	38	37
Calcio o rugby? A quale giochi?	Soccer or rugby? Which one do you play?	3c75a5ac-deeb-5f57-bd31-a377a1e63870	31	39
Calcio o rugby? A quale gioca?	Soccer or rugby? Which one do you play?	5dc0e0cb-f1a2-5454-a99c-896a8af350a3	30	39
Calcio o rugby? A quale giocate?	Soccer or rugby? Which one do you play?	70652a67-487c-53da-88a5-307a594ea247	32	39
Mary è probabile che lo faccia da sola.	Mary is likely to do that by herself.	778bfaaa-9ec4-58d3-9a4b-5c98bfbc4d01	39	37
Mary ha detto che avrebbe probabilmente vinto.	Mary said she'd probably win.	37a3990a-5fdb-5209-b99a-31331d2323b5	46	29
Mary disse che avrebbe probabilmente vinto.	Mary said she'd probably win.	e9a37e03-5612-5714-b599-4d1591faa495	43	29
Mary è piuttosto ubriaca, vero?	Mary is quite drunk, isn't she?	e84f7755-de1c-50d9-bff6-43a191c52758	31	31
Mary non andrà, vero?	Mary won't go, will she?	f0887b18-3b7e-5456-bf55-2501bd65b6fd	21	24
Mary è probabile che sia sola, vero?	Mary is likely to be alone, isn't she?	5f2ef6ca-26a1-5891-864b-82d8fcd05189	36	38
Tom è un pallavolista discretamente bravo.	Tom is a fairly good volleyball player.	c633ad4f-30eb-5639-9766-199dc6189b3c	42	39
Mangio dei cetrioli.	I eat cucumber.	8229826e-0a2b-5c59-941d-7b643d37b008	20	15
Io mangio dei cetrioli.	I eat cucumber.	f632e916-8b0f-5a9b-8724-aaf325ab463a	23	15
Il cetriolo era delizioso.	The cucumber was delicious.	3438d96b-9350-53c6-95b9-9323eb2dba59	26	27
Tom vuole un sandwich ai cetrioli.	Tom wants a cucumber sandwich.	8a229912-118b-575c-af3c-f2611de7f359	34	30
Questo cetriolo è molto lungo.	This cucumber is very long.	093a58f2-7aa4-5a0c-9f55-4fddf062fa7c	30	27
Questo film è davvero ottimo.	This movie is really great.	4c420c29-5979-5930-b1ca-d91a7ca26a78	29	27
Questo film è veramente ottimo.	This movie is really great.	9069633b-616e-57d3-b5a8-40e20d2bda8c	31	27
Mi sono preparato della pasta a mezzogiorno.	I made myself some pasta at noon.	8c42e1ba-b655-53a6-8855-be8458ba6101	44	33
Mi sono preparata della pasta a mezzogiorno.	I made myself some pasta at noon.	f0b05930-120e-515f-8757-885586ce1f8c	44	33
Mi preparai della pasta a mezzogiorno.	I made myself some pasta at noon.	aceb4786-fcc6-5648-98c1-c7a44065d174	38	33
Voglio del sidro.	I want cider.	c82ba5ac-4baf-51f1-bb54-c2e7338894a6	17	13
Io voglio del sidro.	I want cider.	01152b90-907e-5978-ba81-1dbad72207fc	20	13
Questo è un sidro.	This is a cider.	bebe0037-240e-5fc4-bae6-dde011711d41	18	16
Quel sidro è incredibile.	That cider is incredible.	9fd7dccf-961f-58fb-b877-c540afc12de2	25	25
Vorresti del sidro?	Would you like some cider?	54217bf6-0f6a-566d-b4be-22d30ddbb059	19	26
Vorreste del sidro?	Would you like some cider?	ec6b2862-ccf2-5709-9197-7f914aa8db16	19	26
Vorrebbe del sidro?	Would you like some cider?	2e851968-679f-50ea-bde8-cc1fbd59c92f	19	26
Mangio pasta rossa e bevo sidro di mele.	I eat red pasta and I drink apple cider.	0ba246f2-c487-55bb-b4fd-e2cc25210ea5	40	40
Questo sidro ha un sapore davvero buono.	This cider tastes really good.	fe6194fe-8d21-5876-b606-1d232217400d	40	30
Questo sidro ha un sapore veramente buono.	This cider tastes really good.	a5344249-0663-56a2-9f70-8b85aff50938	42	30
Le mele Damelot producono un ottimo sidro.	Damelot apples make very good cider.	05676d6f-a359-5247-b796-4164447a900f	42	36
Le mele Damelot producono un sidro molto buono.	Damelot apples make very good cider.	b6dc2559-c64b-5348-b53e-c54c94e3cde8	47	36
È una zia?	Is she an aunt?	29c71a07-a1eb-5c95-8091-ff46a38bf8f0	10	15
Mary è tua zia.	Mary is your aunt.	82bf316a-cdb6-5dd5-baac-d22115452402	15	18
Mary è sua zia.	Mary is your aunt.	5508aeca-4204-5268-861d-14a1943a9381	15	18
Mary è vostra zia.	Mary is your aunt.	de841344-a089-5283-9f5e-ca8f1255ff4a	18	18
È tua zia?	Is she your aunt?	022153ae-8b6a-50f8-9e5d-d34c0596a9b0	10	17
È sua zia?	Is she your aunt?	ac03d12c-28c8-5317-8f80-21dba1cdc1b2	10	17
È vostra zia?	Is she your aunt?	40e806d6-4d86-52f5-ba4a-20bbea4d933f	13	17
Mia zia ci ha visitati.	My aunt visited us.	d88b8f66-316a-50ac-9a22-f3f4c771ef90	23	19
Mia zia ci ha visitate.	My aunt visited us.	d089f1cd-f7f7-5a29-9975-f699b71ad471	23	19
Mia zia ci visitò.	My aunt visited us.	75241077-a24b-55fb-8b48-a4cb6fe1fb53	18	19
Saadia è mia zia.	Saadia is my aunt.	8cb7ff48-02bd-5b50-8753-94bfdfbfe0a2	17	18
Tom visita sua zia.	Tom visits his aunt.	54b902fe-17a2-5201-8618-74e13e0534a8	19	20
Mary è mia zia.	Mary is my aunt.	4e3a060c-7193-5341-9f55-6e1351357445	15	16
Conosco mia zia.	I know my aunt.	35a8f7b3-ab7b-5761-9d41-8ddb82da8d9f	16	15
Mi piace mia zia.	I like my aunt.	8b902e76-63bd-5ad6-a699-3d851563cd0e	17	15
A me piace mia zia.	I like my aunt.	c3ee8796-810e-58d4-bd6b-a9cb8ead1f09	19	15
Dov'è tua zia?	Where's your aunt?	bcb6289a-bb4a-5bb4-a250-a9541639a35c	14	18
Dov'è sua zia?	Where's your aunt?	526c21de-b8e3-5826-b216-f63b89af58db	14	18
Dov'è vostra zia?	Where's your aunt?	91217450-442a-5db2-b086-633883b0af26	17	18
Amo mia zia.	I love my aunt.	14eca807-657d-5f7a-9dfd-2709e04a1b9d	12	15
Io amo mia zia.	I love my aunt.	a05d8624-f3f8-5e21-9498-92045fb5e519	15	15
Chi è tua zia?	Who's your aunt?	aa8d8001-6fad-54d5-b4ef-174cd4404d36	14	16
Chi è sua zia?	Who's your aunt?	fea63ea3-6227-5d7c-a349-005ed01fe5ce	14	16
Chi è vostra zia?	Who's your aunt?	4893a397-1bec-51b0-92ac-9e65787657fc	17	16
È come sua zia.	He's like his aunt.	60688b3a-5ab5-586f-b7a9-375438c5646c	15	19
Sono zia Wang.	I am Aunt Wang.	4cb0811e-04cd-5ace-a50e-a64c034ee33a	14	15
Io sono zia Wang.	I am Aunt Wang.	a4b2659d-5bc7-52af-b0a4-36abbac8c644	17	15
Questa è la mia zia materna.	This is my maternal aunt.	26360557-e2dc-5e19-b326-8414f4fca654	28	25
Yanni ha chiesto a sua zia.	Yanni asked his aunt.	f59e944c-564c-5c14-98b7-469a7474cc94	27	21
Yanni chiese a sua zia.	Yanni asked his aunt.	7152e824-1361-55f5-9a6c-e67e5a8994bb	23	21
Mia zia è una giornalista.	My aunt is a journalist.	ec7d21cf-f032-54b6-8bea-ca76f7449de3	26	24
Mary ha detto a Tom che era gelosa.	Mary told Tom that she was jealous.	6c1b168c-96d6-5fb8-a461-a5466da2506d	35	35
Mary disse a Tom che era gelosa.	Mary told Tom that she was jealous.	916ab5ff-8ad4-585d-aa42-5b004edfa6df	32	35
Mary si era tinta i capelli di nero.	Mary had her hair dyed black.	4433380f-a665-5eaa-a3d1-50f8a0ec4af8	36	29
Mary non è una ballerina molto brava, vero?	Mary isn't a very good dancer, is she?	ea486cb8-250b-5fb1-b1a6-7bfe5c6fd959	43	38
Mary dice che sta cercando Tom.	Mary says she's looking for Tom.	bee2e380-e443-5dd4-97bc-52e31d9caae0	31	32
Mary temeva che potrebbe essere licenziata.	Mary was afraid she might be fired.	9e3cff6b-4ce6-5c13-b4ec-b42caaebe2fd	43	35
Mary aveva paura che potrebbe essere licenziata.	Mary was afraid she might be fired.	d07a2b5a-8ade-5f29-a7a9-852506c10feb	48	35
Si prende cura di sua zia.	She takes after her aunt.	5510d299-877a-5b81-a7f8-9ce502d2912a	26	25
Tom sta visitando sua zia.	Tom is visiting his aunt.	42958682-026d-5d15-b7e8-23b22a958110	26	25
È la zia di Tom.	That's Tom's aunt.	f945a70c-3517-5901-8abf-e6e36f17adc0	16	18
Ha visitato sua zia ieri.	She visited her aunt yesterday.	c1aea0bc-eb38-50b7-9fc4-d3caa6707d6b	25	31
Questa è mia zia Skura.	This is my aunt Skura.	2ff9e798-14b0-5dd7-8bc9-2642e5a81a60	23	22
Sua zia non viene.	His aunt is not coming.	3320cb60-860e-5add-b67c-0dd65e108ffa	18	23
La zia di Sami era severa.	Sami's aunt was strict.	c89a7400-b2b7-5493-b2db-807e8baffb97	26	23
Sami viveva con sua zia.	Sami lived with his aunt.	c530ce85-10bb-56ae-a432-0ffc1511b127	24	25
Sami abitava con sua zia.	Sami lived with his aunt.	066992c4-c292-53fa-bdc3-6253d6aa9fd3	25	25
Tom visita spesso sua zia.	Tom often visits his aunt.	7063f2b1-80d2-50ac-a2ac-396711bf9a5a	26	26
Quale donna è tua zia?	Which woman is your aunt?	a72a18ca-978d-5c90-8e70-dfa9d6fd7bb7	22	25
Quale donna è sua zia?	Which woman is your aunt?	5b7ebdfb-5d74-5b30-a60d-4d68834470cc	22	25
Quale donna è vostra zia?	Which woman is your aunt?	6d08b9e7-b6ea-5aed-aec9-c12827028dad	25	25
Mary vive con sua zia.	Mary lives with her aunt.	efe6b676-6060-5b21-b55f-d8dd9b022196	22	25
Mary abita con sua zia.	Mary lives with her aunt.	bd2b183b-db7e-5981-9b3f-81d58ca43858	23	25
Mary non era nella sua stanza?	Wasn't Mary in her room?	81542dbb-4a48-525a-a4ee-48ae83053d67	30	24
Mia zia è già qui.	My aunt is already here.	c49e4c6b-59e0-5ae0-9a3f-0492bb90c716	18	24
Mia zia è già qua.	My aunt is already here.	fe731a89-0cfe-5469-983c-f64fe5ac7548	18	24
Sono la zia di Tom.	I'm Tom's aunt.	2aade433-2db0-5e16-9b82-88dcd9650715	19	15
Io sono la zia di Tom.	I'm Tom's aunt.	093b4cd6-d88f-55a2-b9d6-27df40ab199c	22	15
Mia zia ama la musica creola.	My aunt loves Creole music.	4102b19b-dc1e-525c-ba4e-599d27f8bac4	29	27
Hai visto mia zia?	Did you see my aunt?	fb03c95f-d9dd-5d46-b3ee-ac483f576c32	18	20
Ha visto mia zia?	Did you see my aunt?	670d0c2c-7e4c-5872-8969-2ce71733f252	17	20
Avete visto mia zia?	Did you see my aunt?	9c6dbee8-c805-5f16-b94d-2def775a80c4	20	20
Sta parlando con sua zia.	He's talking to his aunt.	bd4ba373-d50f-50ca-8f80-0fa6c53cbc1c	25	25
Zia Mary sta suonando il violino.	Aunt Mary is playing the violin.	aa043713-04f9-5d32-ac17-1f56c45a5b62	33	32
Sami è il figlio di mia zia.	Sami is my aunt's son.	5c561a8a-57e0-5170-9975-cfd9837d5882	28	22
Mi piace molto mia zia.	I like my aunt a lot.	bfcf4515-5aa3-5a0a-ae89-a0fa188575fa	23	21
A me piace molto mia zia.	I like my aunt a lot.	355264c3-0b26-56a7-9250-ff17400c0856	25	21
La zia di Sami ha un fratellastro.	Sami's aunt has a stepbrother.	9b19a6b4-ff4b-5235-b63b-19b1478602b8	34	30
Tom ha visitato sua zia e suo zio.	Tom visited his aunt and uncle.	8bbf434d-6dbf-5026-943b-65e55a6d13a4	34	31
Tom visitò sua zia e suo zio.	Tom visited his aunt and uncle.	feb2d29f-681d-5d34-94cb-7794aa699ff4	29	31
Tom ha una zia chiamata Mary.	Tom has an aunt named Mary.	587833a9-28b1-5df5-94bd-dd613b7d5918	29	27
Tom ha una zia che si chiama Mary.	Tom has an aunt named Mary.	483bc53a-6f37-54f4-afc8-d0b7b4e7d1df	34	27
La zia di Sami era davvero religiosa.	Sami's aunt was really religious.	8b814129-944f-5430-9380-f3ec10dc4351	37	33
La zia di Sami era veramente religiosa.	Sami's aunt was really religious.	a8a9fa00-cdbf-5156-8fa9-faa5c39eade6	39	33
Sami era con sua zia Layla.	Sami was with his aunt Layla.	ddad87cc-7571-5f7b-b218-8286e475013b	27	29
Layla stava parlando con sua zia.	Layla was talking to her aunt.	613a14d6-b302-5906-98c8-6b8494474427	33	30
Mia zia è morta di cancro ai polmoni.	My aunt died of lung cancer.	902f0ff2-df16-51f3-9ebd-db6318bf2bae	37	28
Mia zia morì di cancro ai polmoni.	My aunt died of lung cancer.	959cb1fd-018d-5097-a52a-9fe22a4da926	34	28
Ha dormito a casa di sua zia.	He slept at his aunt's.	dbd0839a-af57-5455-b497-68f58516923e	29	23
Dormì a casa di sua zia.	He slept at his aunt's.	e5d54d35-f2bd-50b3-8c29-40d86f5597db	24	23
Mia zia mi ha dato un album.	My aunt gave me an album.	5262d280-5052-54a6-bba5-528049098e85	28	25
Mia zia mi diede un album.	My aunt gave me an album.	26ab2f87-6133-5cdc-918b-f6382d35c984	26	25
Mia zia mi ha dato una macchina fotografica.	My aunt gave me a camera.	b304d834-d346-5553-8d9b-a27c23034269	44	25
Mia zia mi diede una macchina fotografica.	My aunt gave me a camera.	83d32ddd-d4d9-54c9-9185-587dd174ebe7	42	25
Mia zia è la madre di mia sorella.	My aunt is my mother's sister.	bbbc8f42-3e97-541d-a34d-5e2cddc9ce9a	34	30
Mia zia mi ha dato un album fotografico.	My aunt gave me a photo album.	2eab71f4-31d0-5190-afdc-38a10b03a6c4	40	30
Mia zia mi diede un album fotografico.	My aunt gave me a photo album.	6bfacf32-2f3e-59e0-922e-98e532378de3	38	30
La zia di Tom è più ricca della mia.	Tom's aunt is richer than mine.	4c2ff7be-c905-5538-b84b-d49c3c60c9a5	36	31
La moglie di mio zio è mia zia.	My uncle's wife is my aunt.	bac9e582-6892-5111-a7a1-92127902344e	31	27
Sua zia è tutta sola a Londra.	His aunt is all alone in London.	7be115aa-e39f-58ea-9b1e-85099ce0fd8f	30	32
Sua zia è completamente sola a Londra.	His aunt is all alone in London.	53e6801d-4cd0-5282-8c58-c79a9f46bf77	38	32
Dormirò a casa di mia zia.	I will sleep at my aunt's.	83ffa39c-4032-50c6-b2f9-c4017fab260c	26	26
Zia Yoko è troppo debole per lavorare.	Aunt Yoko is too weak to work.	cb06f602-c236-5e95-b5a9-427d9178be81	38	30
La zia Yoko è troppo debole per lavorare.	Aunt Yoko is too weak to work.	fb15ce94-7846-57ac-be11-1fbd74b10ca3	41	30
La zia di Tom è la sorella di sua madre.	Tom's aunt is his mother's sister.	c856c37a-2b1c-579b-83e6-cf3bf95dbac2	40	34
Ziri è andato a vivere con la zia di Rima.	Ziri went to live with Rima's aunt.	f40db143-dfa9-5b23-8e12-56a96b66094c	42	35
Ziri andò a vivere con la zia di Rima.	Ziri went to live with Rima's aunt.	e45555f7-693c-59a6-9b17-384ced5e5700	38	35
Ziri aveva una zia che viveva in città.	Ziri had an aunt that lived in town.	a7c75600-214a-5529-b2a4-8e4e1f9818e2	39	36
Voglio visitare mia zia questa settimana.	I want to visit my aunt this week.	5440cc53-172e-5a60-b208-d38165523701	41	34
Tom è andato a Boston per vedere sua zia.	Tom went to Boston to see his aunt.	17a5b0b5-125e-5960-9537-3606b812a1ef	41	35
Tom andò a Boston per vedere sua zia.	Tom went to Boston to see his aunt.	d575671c-3286-5c35-8dbb-8441823a002c	37	35
Mio padre mi ha dato il nome di sua zia.	My father gave me his aunt's name.	84f12766-1e38-5797-ae0b-db8a5311986c	40	34
Mio padre mi diede il nome di sua zia.	My father gave me his aunt's name.	fb1146c0-bed8-5972-96eb-c2f58f4aebaa	38	34
Sono ancora a casa di mia zia.	I'm still at my aunt's house.	e62405ca-e734-59f9-9a1b-ca798a9a60d9	30	29
Ho una zia e uno zio in Australia.	I have an aunt and uncle in Australia.	3f2596ef-2b8a-5b4c-888b-bac03f12e490	34	38
Tom ha una zia il cui nome è Mary.	Tom has an aunt whose name is Mary.	9b27a3b9-ccb4-53f0-89f1-00973defe6df	34	35
Ho degli zii in Australia.	I have an aunt and uncle in Australia.	05d2b9dc-7912-5079-979e-2a633a5cabeb	26	38
Mary non è nel suo ufficio.	Mary isn't in her office.	0539d023-0420-5bff-8e81-d690d52a37a1	27	25
Mary è rimasta single per tutta la sua vita.	Mary remained single her whole life.	2d1c6ad7-8786-5132-a2ab-b2a83ca127ca	44	36
Mary rimase single per tutta la sua vita.	Mary remained single her whole life.	d5a91c7f-0faa-5489-bf43-9124bd3bd237	41	36
Mary lo farà se può.	Mary will do that if she can.	3d4776e4-53a3-53af-9159-f40ec2aa36e8	20	29
Mary lo farà se riesce.	Mary will do that if she can.	a08ee954-98ed-5ca0-ab36-ba8647c7b7a5	23	29
Mary non ha ancora realizzato il suo errore.	Mary hasn't realized her mistake yet.	37990d14-fb7a-5883-be29-9a1e90fbacb2	44	37
Sami era al tavolo.	Sami was at the table.	e910b068-7978-5b4c-af15-7eb2155da18c	19	22
Ho una zia che vive a Boston.	I have an aunt who lives in Boston.	cb85bf30-1c9a-582a-b827-78b9c9b91e87	29	35
Ho una zia che vive a Kyoto.	I have an aunt who lives in Kyoto.	d562e33f-cdb9-5d32-a2c4-bd13b32ae18b	28	34
Ho una zia che vive in Australia.	I have an aunt who lives in Australia.	315e31d9-741f-5b1e-8599-b1bc3f4ed24c	33	38
Ho indirizzato la lettera a mia zia.	I addressed the letter to my aunt.	55b81317-b8ad-5c87-8a9e-c983f68e62e8	36	34
Indirizzai la lettera a mia zia.	I addressed the letter to my aunt.	f8238345-0459-591c-aaeb-daded2c346eb	32	34
Mia zia mi ha fatto una nuova gonna.	My aunt made me a new skirt.	4ceee569-d517-55ac-9fc3-f6239cb57d11	36	28
Mia zia mi fece una nuova gonna.	My aunt made me a new skirt.	3f617757-10c0-5f31-8745-d278dea08111	32	28
Ha passato la notte a casa di sua zia.	He spent the night at his aunt's.	d683005a-d587-5a79-9807-6ccd4bf1f369	38	33
Passò la notte a casa di sua zia.	He spent the night at his aunt's.	47375a3d-1190-5aab-a347-0abcc4eff2d1	33	33
Ha trascorso la notte a casa di sua zia.	He spent the night at his aunt's.	74ab9527-52c4-502c-9d6d-75ea9edf4111	40	33
Trascorse la notte a casa di sua zia.	He spent the night at his aunt's.	b1829776-3b0c-52b2-bcb6-026d8900cd76	37	33
Tom vive con sua zia e suo zio.	Tom lives with his aunt and uncle.	6dc0a3aa-e92c-5e73-9d8a-e1f962e57565	31	34
Sami è l'ex marito di tua zia.	Sami is your aunt's ex-husband.	1e6a9c21-23c1-5530-a4d0-062d7a1c73fc	30	31
Sami è l'ex marito di sua zia.	Sami is your aunt's ex-husband.	dbe01925-5134-504d-b4f4-1a97e05c5be3	30	31
Sami è l'ex marito di vostra zia.	Sami is your aunt's ex-husband.	f214f221-1174-5b40-a71b-596e2b1b2d96	33	31
Quella sua zia visitava spesso l'America.	That aunt of his often visited America.	9d982ee0-a2e0-51e5-82e8-7e85fcddd181	41	39
Questa è un'edizione limitata firmata dall'autore.	This is a limited edition signed by the author.	05528471-2717-51f5-bdd6-4dfefe893dd6	50	47
Mary credeva a tutto quello che le dicevo.	Mary believed everything I told her.	b2683b50-2d8b-564e-8446-452b4fed75a7	42	36
Mary sta andando alla grande, vero?	Mary is doing great, isn't she?	7b51ef0c-3f16-517b-9fd7-e07c46f0efd6	35	31
Mary è ancora nel suo ufficio?	Is Mary still in her office?	64f689c1-21b0-5cb0-a5fb-650ea5ac02c0	30	28
Mary è indietro con i suoi pagamenti.	Mary is behind in her payments.	429f5ffd-65d2-514b-a143-11fd1cd36ee5	37	31
Mary viene qui questo pomeriggio, vero?	Mary is coming here this afternoon, isn't she?	1e16cb0e-68dc-562d-9c53-a299ac49e896	39	46
Mary viene qua questo pomeriggio, vero?	Mary is coming here this afternoon, isn't she?	3dfdf15d-8291-56f0-a830-ab41c4184196	39	46
Lo chiederò a Mary la prossima volta che la vedo.	I'll ask Mary the next time I see her.	d81cdf41-1ccc-5d13-b85d-930e4acab839	49	38
La chiederò a Mary la prossima volta che la vedo.	I'll ask Mary the next time I see her.	3eed53f0-1bdf-5dd6-8fd9-fc2bd70fec9a	49	38
Mary ha detto che voleva studiare il francese.	Mary said she wanted to study French.	fe0c10ba-f2f1-5405-971c-e57fcd600c77	46	37
Mary disse che voleva studiare il francese.	Mary said she wanted to study French.	c754c3ef-2d41-5d23-9434-577d0c45944f	43	37
Mary sopravviverà, vero?	Mary is going to survive, isn't she?	d41927b2-391b-5109-b4bd-9948e8085b4f	24	36
Mary ha detto che sarebbe stata impegnata?	Did Mary say she'd be busy?	8fe2226e-0cf3-58de-94ed-415129b8f6cf	42	27
Mary spera che vincerà.	Mary hopes she'll win.	c91e5571-ca0f-5eab-a1ea-ac194957a225	23	22
Mary ha fatto bene la sua parte.	Mary did her part well.	e0db3244-8e94-5a86-9d4c-ab8d2ad6af29	32	23
Mary fece bene la sua parte.	Mary did her part well.	f90584ca-3117-5328-b260-51dbd75a0edb	28	23
Mary ha detto che ha provato a baciare Tom.	Mary said she tried to kiss Tom.	3ed63b8d-c525-5ace-9447-3f0e3927592b	43	32
Mary disse che provò a baciare Tom.	Mary said she tried to kiss Tom.	e142894b-febf-5446-8250-77768d281644	35	32
Bacia tua madre.	Kiss your mother.	cd11d8f2-7b77-5147-ba7e-6a75b10cd1dd	16	17
Baci sua madre.	Kiss your mother.	ad50755f-4a65-5d28-ab4a-f162bce863f6	15	17
Baciate vostra madre.	Kiss your mother.	45d8d0f9-2327-5cf3-a5bd-2dc0fed443e8	21	17
Ama tua madre.	Love your mother.	da107def-6978-5b52-bff3-98adeabc351a	14	17
Ami sua madre.	Love your mother.	dc048cda-c379-5668-952f-e1a638ed021a	14	17
Amate vostra madre.	Love your mother.	40ab23d1-9ffa-55a1-923e-ecaeb3077537	19	17
Trova tua madre.	Find your mother.	2824d4df-6a86-5d4f-8fef-be854bd38b03	16	17
Trovi sua madre.	Find your mother.	cd1335b3-cd9a-56e4-9f0a-334a96eb4154	16	17
Trovate vostra madre.	Find your mother.	8172c22c-9cc6-5732-b605-df8b4385c836	21	17
Chiedi a tua madre.	Ask your mother.	dfb204b7-3a2e-5e7b-80d7-44e40d19bb26	19	16
Chieda a sua madre.	Ask your mother.	2f6b8208-6b20-5af5-bac1-e8eaa26eae70	19	16
Chiedete a vostra madre.	Ask your mother.	f4972a33-69d1-55d3-9fbf-b5a944d9f1e0	24	16
Mia madre è venuta.	My mother came.	0e2f7b81-5896-51df-9d0b-8b673aa56dcc	19	15
Mia madre venne.	My mother came.	d8265313-56f2-54e8-aa9d-9fbe82c57f61	16	15
Mia madre è arrivata.	My mother came.	bdfa2a25-58c4-57ac-918a-5a42a1da5265	21	15
Mia madre arrivò.	My mother came.	95ab5d79-d7bb-50cf-8d20-552eb8d85d4f	17	15
Chiama tua madre.	Call your mother.	1d5935cd-8019-5cf7-93d7-25bc14538486	17	17
Chiami sua madre.	Call your mother.	f62c9c72-3529-5616-81d8-69165999c3f0	17	17
Chiamate vostra madre.	Call your mother.	24b40cde-053b-532a-a9fb-4fadd2d6ad89	22	17
Grazie, madre.	Thank you, Mother.	cb44dab8-0fad-5834-94bb-84af08b23016	14	18
Madre sta aspettando.	Mother is waiting.	99f58be2-7fd5-56ca-88cf-f146b9aee24d	21	18
Ha una madre.	She has a mother.	2cc1161d-aa3b-5caf-98cf-f98b105c00f9	13	17
Lei ha una madre.	She has a mother.	35c83d5d-b27e-51bb-a3b7-332d5dac8c70	17	17
Mia madre è qui.	My mother is here.	df9444f6-33ab-5efa-a716-ff9dba03e0d0	16	18
Mia madre è qua.	My mother is here.	0bb4f7f6-9215-5988-9538-1a0a466b9ea0	16	18
Ha chiamato sua madre.	He called his mother.	bdbc8d5d-e63d-5989-bc69-39a8917e10b9	22	21
Chiamò sua madre.	He called his mother.	df7772ec-d4f6-50d1-aebd-b61f1e23d1e4	17	21
Mia madre odia la TV.	My mother hates TV.	e0393543-2d64-5880-8b0e-56b6f955d945	21	19
Mia madre odia la televisione.	My mother hates television.	1588393a-a39e-5002-a120-0afe40906856	30	27
Sua madre l'ha visto.	His mother saw him.	975940bc-3673-5b11-83e1-4ce0bb8b94b4	21	19
Sua madre lo vide.	His mother saw him.	be7e0f97-ddea-55f5-b98f-1b992adb315b	18	19
Ha bisogno di una madre.	She needs a mother.	2e26ae02-a0e7-5cf5-8594-d41891566133	24	19
Lei ha bisogno di una madre.	She needs a mother.	07cee111-0c1b-5eeb-b418-84044d6bc235	28	19
È nostra madre.	She's our mother.	d84b34a6-b059-5129-b87a-a777c6f28724	15	17
Mia madre è russa.	My mother is Russian.	2a5f752c-6216-5cc3-ab72-894ab4991fb7	18	21
Sua madre è russa.	His mother is Russian.	f625f692-94ef-5ece-ab98-a9b5b148f91d	18	22
Madre, dove sei?	Mother, where are you?	745f588c-6792-5170-a709-f6f2e12d46df	16	22
Ho contattato mia madre.	I contacted my mother.	d806b053-7c38-58cd-9e5d-a17b7503c130	24	22
Contattai mia madre.	I contacted my mother.	3b5c3062-53bb-584b-9376-78ec025049f7	20	22
Ho telefonato a mia madre.	I phoned my mother.	539a899a-990e-53d1-988e-197d5b51277d	26	19
Telefonai a mia madre.	I phoned my mother.	4d120bd2-e699-55a0-b180-25e70c26addd	22	19
Tom ha bisogno di una madre.	Tom needs a mother.	2a7317b7-38c4-510b-b6d8-2cba47a9ba01	28	19
A Tom serve una madre.	Tom needs a mother.	db5edf39-9676-5ad4-8791-74475fc7c1bc	22	19
Ha visitato sua madre.	He visited his mother.	d85ace39-37a8-5cd1-9b39-6e2bc8bf990c	22	22
Visitò sua madre.	He visited his mother.	4ab739c6-844f-5cf6-bb7e-158465e53667	17	22
Vai a visitare tua madre.	Go visit your mother.	2384f940-f05c-5e7a-a47b-45e6db9c5ca1	25	21
Vada a visitare sua madre.	Go visit your mother.	2abed8a4-680f-54de-bfcd-c301903f4af8	26	21
Andate a visitare vostra madre.	Go visit your mother.	5e73dd80-88dd-5e0a-ad56-4c3527948628	31	21
Madre non lo sa.	Mother doesn't know.	5392c0cd-dbb1-5235-9144-602c7b741be7	16	20
Ziri ha abbracciato sua madre.	Ziri hugged his mother.	609b7412-b42b-58d5-988d-6cf0ffac56cb	30	23
Ziri abbracciò sua madre.	Ziri hugged his mother.	96f6b00e-0bab-539a-965d-10d5e20f85f1	25	23
Ziri l'ha detto a sua madre.	Ziri told his mother.	d5a5d435-efba-516b-b34a-b91af27fa1b0	28	21
Ziri lo disse a sua madre.	Ziri told his mother.	f3645d0e-469c-553b-8cf3-11f15b39f916	26	21
Yanni ama sua madre.	Yanni loves his mother.	8808af0d-72ac-59da-bf82-c574a07e491a	20	23
Sei mia madre?	Are you my mother?	afb5e84e-b64f-512d-9e88-162900ec62bf	14	18
È mia madre?	Are you my mother?	211a20af-2c2c-50b0-9237-8b4ab46a95a2	12	18
Amiamo nostra madre.	We love our mother.	4e1125a4-6688-562d-97e3-8be451ee84bf	20	19
Yanni ha ringraziato sua madre.	Yanni thanked his mother.	efdd6e38-7115-5f63-aea9-4dce7c0d9a8f	31	25
Yanni ringraziò sua madre.	Yanni thanked his mother.	fb99f743-0887-57a0-88a8-203a6bfb6615	26	25
Yanni ha aiutato sua madre.	Yanni helped his mother.	080f2d3c-8209-5cff-b456-b556423158fb	27	24
Yanni aiutò sua madre.	Yanni helped his mother.	245eef46-0206-5241-b1b0-d242d81ea64d	22	24
Mia madre cucina spesso.	My mother often cooks.	2dada333-80f4-5fa6-b951-4880956dae7f	24	22
Mia madre sta dormendo.	My mother is sleeping.	51222a99-bfd7-5e32-9871-d6a2348e2686	23	22
Mia madre è furiosa.	My mother is furious.	3621951f-0463-5832-b487-8314be6c113d	20	21
Mia madre sta bene.	My mother is fine.	2cfd8ee9-f0bb-58a4-810b-b5e6e3ceb892	19	18
Alzira è mia madre.	Alzira is my mother.	d0bfe224-b58e-5ee7-a8c5-bb553f26c258	19	20
Lui ha una madre.	He has a mother.	0eea8806-6cba-5799-8ecb-c1e216037c7d	17	16
Tua madre è russa.	Your mother is Russian.	415850d6-fa3b-5b73-905f-33a0d0813b3b	18	23
Vostra madre è russa.	Your mother is Russian.	092f5bb1-9dae-56b6-9b08-1a7cc3e76ee9	21	23
Benvenuta a casa, madre.	Welcome home, Mother.	77429e71-2716-5434-91ed-814656f09276	24	21
Amavo tua madre.	I loved your mother.	2c6896f2-c6d2-5f6a-ab38-36ae7c1472f9	16	20
Amavo sua madre.	I loved your mother.	552cb8ce-d9ff-54cd-84a9-c98d380e0286	16	20
Amavo vostra madre.	I loved your mother.	7dfd63ef-c225-5dbc-a721-89cb2c371838	19	20
Tom ha bisogno di sua madre.	Tom needs his mother.	d353283f-3dbc-5a82-a022-82b7e9d3f87d	28	21
A Tom serve sua madre.	Tom needs his mother.	cc6f1e9d-431f-5ece-aa86-4d6c1385610a	22	21
Madre sta preparando il pranzo.	Mother is making lunch.	2599b980-cbff-5b11-aba9-113d1aa0d11d	31	23
Tua madre lavora?	Does your mother work?	8897356d-00a2-5660-a477-08f00735f685	17	22
Sua madre lavora?	Does your mother work?	228d960c-6fc3-5dbc-92eb-9a13f93a8f26	17	22
Vostra madre lavora?	Does your mother work?	90e26efb-1180-52f1-950a-880789c19b38	20	22
Tua madre è malata.	Your mother is sick.	d2efac0a-561d-5aa2-9c44-b052be551341	19	20
Sua madre è malata.	Your mother is sick.	7afb6656-cbac-5bd0-b2ac-01fb8a16f63d	19	20
Sei una madre?	Are you a mother?	035d7051-3f55-5565-a187-cb60fb267e11	14	17
È una madre?	Are you a mother?	dcc53c7c-0159-5e5c-9a39-3f28d0bfa669	12	17
Mia madre ha ragione.	My mother is right.	8c9fa5b0-5bc9-570b-9442-88f05e324bd3	21	19
Boldi ha scioccato sua madre.	Boldi shocked his mother.	8c6ead2a-6f4f-5b60-a1d2-e881f6b27fe6	29	25
Boldi scioccò sua madre.	Boldi shocked his mother.	9869b60a-8ffa-5e3c-bdf0-452907bb611b	24	25
Mia madre aveva ragione.	My mother was right.	51125074-fe59-53a0-9dc7-bc7a03e4dfad	24	20
Ziri ha una madre.	Ziri has a mother.	a2d1d0b8-612d-5624-b5ff-0542107113e1	18	18
Daniel ha abbracciato sua madre.	Daniel hugged his mother.	dcbcb2d0-864d-59b3-a178-bbf2681a1437	32	25
Daniel abbracciò sua madre.	Daniel hugged his mother.	870676e3-fb3b-53bb-a4cc-5ad9d63311d4	27	25
A mia madre piace cucinare.	My mother likes cooking.	b3577652-1200-5c5f-a696-31f091487693	27	24
Mia madre ama il calcio.	My mother loves football.	fff30eb2-e31c-5e5b-a80d-0a7fe8da447e	24	25
Mia madre ama il football.	My mother loves football.	098b9892-f157-5f58-ad24-74ee2a9492cd	26	25
Sua madre ha lasciato l'Algeria.	His mother left Algeria.	4042f5ec-e98e-5ab9-a768-b38a38ec203a	32	24
Sua madre lasciò l'Algeria.	His mother left Algeria.	30dd5a93-868e-5e65-a5b1-dfffffc01f28	27	24
Mia madre è algerina.	My mother is Algerian.	4534d99d-f89c-578d-9ead-cc4574fe5f29	21	22
La madre di Ton è morta.	Tom's mother died.	b4429628-a7ba-5938-bdef-951e146f0fdc	24	18
La madre di Tom morì.	Tom's mother died.	e726435e-ae86-5f5c-af2d-a989c68f6657	21	18
Mia madre è morta.	My mother is dead.	8a5304cc-6290-53a3-87aa-7da30009f4a1	18	18
Conosco mia madre.	I know my mother.	0f69b024-37ff-5c0a-9491-612e5cbf68ff	18	17
Questa è tua madre?	Is this your mother?	1b11cd8d-eae9-5cb6-be20-c9d675c4d999	19	20
Questa è sua madre?	Is this your mother?	90eeacad-0c6f-53c3-a37c-a6d1cc246791	19	20
Questa è vostra madre?	Is this your mother?	03674178-47ef-580b-aaf4-c41b86db4809	22	20
Sua madre era musulmana.	His mother was Muslim.	45c6b3ae-1aeb-5721-adba-301876b2cbe0	24	22
Visitiamo nostra madre.	We visit our mother.	fb53e555-c60f-5a25-b747-9faa740c335b	23	20
Noi visitiamo nostra madre.	We visit our mother.	e200ebb2-df71-52d3-aea4-b197760b8395	27	20
Sono tua madre.	I am your mother.	db0f4158-ff80-5eb5-b9ae-16de2cfb01e9	15	17
Sono sua madre.	I am your mother.	9d3cd581-992c-57ed-ae0e-8c9aa32474e8	15	17
Sono vostra madre.	I am your mother.	9ccafa75-5e2a-5eb5-9952-6bed27708054	18	17
Mia madre era algerina.	My mother was Algerian.	d312454b-d8ee-529e-b8c2-3b94050cc29d	23	23
Mennad non ha una madre.	Mennad has no mother.	1449a9bd-bc32-5f43-9f73-62231a2dbc48	24	21
Mennad ha aiutato sua madre.	Mennad helped his mother.	3b76b443-b4e6-575f-bc75-f91214d925ff	28	25
Mennad aiutò sua madre.	Mennad helped his mother.	3158c29b-3765-57c1-b12d-32bb051b4660	23	25
Mennad ha chiamato sua madre.	Mennad called his mother.	264f8d54-76bc-56de-8873-4cd97e625869	29	25
Mennad chiamò sua madre.	Mennad called his mother.	33569a02-45bd-5697-be71-f4a8b0d26810	24	25
Tua madre fuma?	Does your mother smoke?	40c04ccf-7c9c-5d84-a6e2-01a1d1a7f583	15	23
Sua madre fuma?	Does your mother smoke?	bc918a99-3500-5494-ae1c-23448214fc6d	15	23
Vostra madre fuma?	Does your mother smoke?	126c1449-5e2c-5297-923b-b2cbea3eb87b	18	23
La loro madre è russa.	Their mother is Russian.	a7e900a4-2825-5b74-b138-0dcc94f40155	22	24
Mia madre è canadese.	My mother is Canadian.	1e618fca-27f4-5e5a-83b6-682255d54eff	21	22
A Tom manca sua madre.	Tom misses his mother.	ab32bb8b-90ac-50f9-a458-d7f98b0d0ba9	22	22
Layla è tua madre.	Layla is your mother.	cfe2e52a-1be0-5df7-9f18-974a63b4f70d	18	21
Layla è sua madre.	Layla is your mother.	ba3c1944-be40-5f01-95b4-226e3c35e933	18	21
Layla è vostra madre.	Layla is your mother.	e2c17cb8-75cc-5f8b-81f1-91a246d99e82	21	21
Sami aveva una madre.	Sami had a mother.	6e6ba522-a4bd-5e68-809b-7687e866b0c5	21	18
Layla era mia madre.	Layla was my mother.	dd017a14-86c7-59f2-b02c-9e4622411ed9	20	20
Sua madre scrive delle lettere.	His mother writes letters.	88d36a4a-03e6-5058-8fcb-9af46cf4fbda	31	26
Mia madre vuole dei nipoti.	My mother wants grandchildren.	f0614655-15f9-55fd-9f2f-6ebd463442cf	27	30
Hai sentito tua madre.	You heard your mother.	68a1cd31-a225-52ab-a73d-8ff0f0328fe0	22	22
Ha sentito sua madre.	You heard your mother.	1cf43266-ed41-5ace-8c87-dc20a0e8d3bc	21	22
Avete sentito vostra madre.	You heard your mother.	c73d4929-46bb-55aa-a0d4-a25bc36bfca3	27	22
Mia madre fa delle torte.	My mother makes cakes.	2f50edd3-324c-556c-adca-97c67f457022	25	22
La madre era esausta.	The mother was exhausted.	6c0e0cb3-debe-59b3-8343-c367467e303a	21	25
Chi aiuta tua madre?	Who helps your mother?	9b9bfdad-d3f5-580c-864e-f37cf5a979be	20	22
Chi aiuta sua madre?	Who helps your mother?	80c154af-4954-5623-a2a1-db2d866c043e	20	22
Chi aiuta vostra madre?	Who helps your mother?	12c90034-e1e6-5cb1-b8b9-1dcf223f50f0	23	22
Devi amare tua madre!	You must love your mother!	daee8004-612a-5d94-be40-8dd81ac772ae	21	26
Deve amare sua madre!	You must love your mother!	3cf1896c-19a0-5cf8-805d-bcaa4d03af63	21	26
Dovete amare vostra madre!	You must love your mother!	f34d6a43-8df0-5c9c-9155-4095b5a45b9e	26	26
Lo slovacco è la mia madrelingua.	Slovak is my mother tongue.	318b09a2-3676-5c69-a71a-0f611efffe8c	33	27
La mia madrelingua è il francese.	My mother tongue is French.	3c6a9f5f-4209-5509-9124-f0dc74e1bf29	33	27
Vivo con mia madre.	I live with my mother.	1beb123c-ddc6-5bf9-a40c-ab47441559e5	19	22
Io vivo con mia madre.	I live with my mother.	23d7c1b1-d4a2-5720-b0fe-e317a8a4bcef	22	22
Abito con mia madre.	I live with my mother.	f624021a-eb7c-5694-985e-2fbebf79c51d	20	22
Io abito con mia madre.	I live with my mother.	1961cfb7-5736-5f01-99b1-e185f737298b	23	22
Sì, sono sua madre.	Yes, I am his mother.	837faf30-cff8-50de-b270-55ea7867c4d2	19	21
Sì, io sono sua madre.	Yes, I am his mother.	9c2bcf39-b111-5b66-b0e8-eb98511a8bb5	22	21
Ho già una madre.	I already have a mother.	c457fe3d-3bb6-5948-8317-b915761a8fc1	17	24
Mia sorella è mia madre.	My sister is my mother.	db0e39e2-0a2d-5e50-9c07-0c32fddde135	24	23
Mia madre è mia nonna.	My mother is my grandmother.	3227ef80-8d5b-5772-8ee4-1f007ffea85c	22	28
È venuta con sua madre.	She came with her mother.	0ead1c06-cd63-564a-8d60-51cf487a6600	23	25
Venne con sua madre.	She came with her mother.	e3511975-bfb6-55d5-a595-009da8b04c4f	20	25
Conoscevi mia madre?	Did you know my mother?	2a811b55-6a2e-59a1-a04e-818254f51f44	20	23
Conosceva mia madre?	Did you know my mother?	49e5afd2-7ca1-5404-b17f-60e71dbf5073	20	23
Conoscevate mia madre?	Did you know my mother?	b0f76b2e-8582-5da1-850f-7cd6d0c7e60c	22	23
Conoscevo la madre di Tom.	I knew Tom's mother.	6f2d97a8-b18f-520d-8b7e-238aa0129eb2	26	20
Tom ha conosciuto tua madre?	Has Tom met your mother?	769ecb6d-afc5-5c89-8198-74dbb8d04d79	28	24
Tom ha conosciuto sua madre?	Has Tom met your mother?	34e26b46-8b2d-51b7-8df3-aa5eb3043343	28	24
Tom ha conosciuto vostra madre?	Has Tom met your mother?	cc7c7240-d72d-53fe-b625-4a41544f25cf	31	24
Tom ha incontrato tua madre?	Has Tom met your mother?	bb8360a3-6589-57c6-b8c1-9b2516b4f604	28	24
Tom ha incontrato sua madre?	Has Tom met your mother?	c391d00e-0116-5ef8-b4cd-ad5e4c3cdf83	28	24
Tom ha incontrato vostra madre?	Has Tom met your mother?	818b7b9e-95c7-5112-adca-b1b32a8a50c9	31	24
Sua madre era molto superstiziosa.	Her mother was very superstitious.	0840cf5c-dfd7-5632-9921-5162d25f9b7a	34	34
Signore, questa è mia madre.	Sir, this is my mother.	b8b14d9c-da9c-544e-b1ac-7f3f39f7789e	28	23
Tuo padre adora tua madre.	Your father adores your mother.	e959a9b0-fdc1-5dc3-813e-9a6a9cb6d06e	26	31
Suo padre adora sua madre.	Your father adores your mother.	0d934bda-180e-596d-b905-6898cfc4bbd8	26	31
Vostro padre adora vostra madre.	Your father adores your mother.	c307a30e-d317-5798-a445-efc56b79492a	32	31
La madre guarda i suoi figli.	The mother watches her children.	38166428-0f53-59a5-a5bd-c29cd5ca0b75	29	32
La madre guarda le sue figlie.	The mother watches her children.	6ba253f0-7b99-5c38-bc85-06e5cc3fc29a	30	32
Mia madre viene dall'Irlanda.	My mother is from Ireland.	00850faf-635b-5d9b-ac58-808c950537c5	29	26
Tua madre lavora qui?	Does your mother work here?	04a0df09-8aa4-5796-8e29-07d3017928a9	21	27
Tua madre lavora qua?	Does your mother work here?	e332ae77-d371-5793-81b1-c22c64f1ba60	21	27
Sua madre lavora qui?	Does your mother work here?	49277b93-ef59-50c9-b417-174cea9db689	21	27
Sua madre lavora qua?	Does your mother work here?	1d8c6bd4-a405-5ed6-a34a-7f1a4312121d	21	27
Vostra madre lavora qui?	Does your mother work here?	ee2c6c27-0490-58ad-a472-76d8c2c4bc85	24	27
Vostra madre lavora qua?	Does your mother work here?	d41d11e9-a6ab-5ad9-9bfe-f6cfffeeef90	24	27
Tua madre ha fatto questo?	Did your mother do this?	927e362c-5be4-529e-be70-0c3ff3198536	26	24
Sua madre ha fatto questo?	Did your mother do this?	ac8dd1d0-eaa5-504b-8612-6cd10d7adee3	26	24
Vostra madre ha fatto questo?	Did your mother do this?	45870ab4-9da0-53b2-8d1b-b5467dee5c62	29	24
Tua madre ha fatto quello?	Did your mother do that?	97da8e56-2877-55e9-b525-117bfc689632	26	24
Sua madre ha fatto quello?	Did your mother do that?	f70308c9-7856-5686-999e-3c325ec12a92	26	24
Vostra madre ha fatto quello?	Did your mother do that?	423fb7df-9ad1-5e05-8782-e23c0a147955	29	24
La madre del sindaco è morta.	The mayor's mother died.	2a3ad096-d946-545f-973c-5af9ffe9ad9e	29	24
La madre del sindaco morì.	The mayor's mother died.	14f467cd-5891-54b6-8a20-b497a1200893	26	24
Sei la mia vera madre?	Are you my real mother?	f85d2ead-606a-56cf-8b49-aa69ea4e3b99	22	23
È la mia vera madre?	Are you my real mother?	a5c7ffa6-3ca0-582c-a4d8-f16273421e3e	20	23
Sono tua madre, Luke.	I'm your mother, Luke.	bceaa80b-aaa6-56a3-948f-91f232f2ee5d	21	22
Mio padre è un avvocato.	My dad is a lawyer.	2b5b66d7-8eb5-598f-8785-870ae0a3d325	24	19
Andiamo a scuola.	We go to school.	8f7c110d-68df-52e9-aac4-ffcfd7848160	17	16
Noi andiamo a scuola.	We go to school.	7532c41a-4044-5bed-8f4c-47dde3c46bb7	21	16
Ha saltato la scuola ieri.	He missed school yesterday.	eb2b6ce7-d012-5686-aed5-4fc0cc7a2942	26	27
L'abbiamo imparato a scuola.	We learned it at school.	bc3410ce-a2d9-5b48-85a7-f881abf51ef1	28	24
Lo abbiamo imparato a scuola.	We learned it at school.	2d24b611-124c-58dd-87d7-3d912f63d4da	29	24
L'abbiamo imparata a scuola.	We learned it at school.	efd861f0-6418-5947-85e6-f5ad086d49d9	28	24
La abbiamo imparata a scuola.	We learned it at school.	d6453d92-2917-5e04-a33e-ab180c24ad70	29	24
Lo imparammo a scuola.	We learned it at school.	285ad064-4fdc-5bc5-8184-9ae91a77b7b5	22	24
La imparammo a scuola.	We learned it at school.	ade56311-73d1-54ff-9318-a2fd44725bf8	22	24
Stiamo andando a scuola.	We're going to school.	de7f6e92-d4ea-5ce4-a951-8aea28dbe876	24	22
Stiamo andando a scuola a piedi.	We're walking to school.	99fa4918-9b85-51c9-81ea-df76aa742926	32	24
Questa ragazza va a scuola.	This girl goes to school.	ac91dcea-502d-5fab-81e5-1d628f5cd9b3	27	25
È entrato in una scuola prestigiosa.	He entered a prestigious school.	f12e20f9-d4ac-5ad7-af29-5ab10e90e46d	36	32
Entrò in una scuola prestigiosa.	He entered a prestigious school.	429f23bc-4cee-5356-9d79-ef885f894524	32	32
Ha infranto il record della scuola.	He broke the school record.	705cc249-10b1-57a8-bb97-5890f10e74bb	35	27
Infranse il record della scuola.	He broke the school record.	3c8b221b-69f1-532d-b83a-2ee2f223cf62	32	27
Non hai imparato niente a scuola.	You learned nothing at school.	444f1de3-e60c-533f-a262-f942dcbd3d55	33	30
Non hai imparato nulla a scuola.	You learned nothing at school.	463753ea-f86c-5c8e-a0f6-9399685ffcc6	32	30
Non avete imparato niente a scuola.	You learned nothing at school.	1d5a1876-b6c0-551e-9864-528211ea96c1	35	30
Non avete imparato nulla a scuola.	You learned nothing at school.	6ff38714-4b0b-5a75-955b-83c35a6f67f7	34	30
Siamo amici delle superiori.	We are high school friends.	2d0e6560-404f-5580-8412-2df9c30c898c	28	27
Siamo amiche delle superiori.	We are high school friends.	32c2b409-3828-5cbb-8782-cd3c49894478	29	27
Capisco perché Tom è così popolare.	I understand why Tom is so popular.	a9db1d6f-bfa2-54e5-a0be-6fa93a3fa483	35	35
Comprendo perché Tom è così popolare.	I understand why Tom is so popular.	02a8d4fd-3a5e-5397-af7a-693dbc7468fb	37	35
Il matrimonio forzato è una forma di schiavitù.	Forced marriage is a form of slavery.	ccb81a0b-64af-5f83-8461-3b37dd82586b	47	37
Pensavo fossi assetato.	I thought you'd be thirsty.	da99b93b-87bd-5a2e-a61e-c04014b3520f	23	27
Pensavo fossi assetata.	I thought you'd be thirsty.	889fe250-78e0-569a-8790-c670b8f22ef6	23	27
Pensavo avessi sete.	I thought you'd be thirsty.	fb82382e-866c-524d-a68e-3dde91a52c58	20	27
Lo farà se lo paghi.	He'll do that if you pay him.	b97521b2-1a0c-51e4-960b-f15ee1946843	20	29
Ti prego dimmi che non sei sposato.	Please tell me you're not married.	aba4ba46-7005-5958-98e7-fac652566686	35	34
Ti prego dimmi che non sei sposata.	Please tell me you're not married.	88699f59-0aa4-5e6f-b541-cf26c11f93fa	35	34
Non penso che Tom possa aiutarci con questo.	I don't think that Tom can help us with this.	53d6dec7-a863-53c8-b957-7ec1ed04d84a	44	45
Gabriel ha spento la sua radio.	Gabriel turned off his radio.	d385ed33-9355-5521-9b95-5f15286296a5	31	29
Gabriel spense la sua radio.	Gabriel turned off his radio.	042c044d-0485-543c-a7a3-a62ebeec3809	28	29
Yanni ha abbassato la radio.	Yanni turned the radio down.	0458c055-41b9-5a2a-8957-6b1f8dd11d36	28	28
Yanni abbassò la radio.	Yanni turned the radio down.	7506837a-04dd-591c-8cbf-0f06505206c8	23	28
Yanni ha spento la radio.	Yanni turned the radio off.	a8c134a4-b0e3-5e8c-b1c7-969741ec5cf6	25	27
Yanni spense la radio.	Yanni turned the radio off.	e4bafb62-9ae8-5859-bf9f-2056e5b40d7b	22	27
Accendi la radio, per favore.	Turn the radio on, please.	07312ed0-ada4-569c-ba00-399454ca2cee	29	26
Accendi la radio, per piacere.	Turn the radio on, please.	494b0f99-1068-5d86-b3f5-fafdfb83c53a	30	26
Accenda la radio, per favore.	Turn the radio on, please.	7ba81d0f-f921-5cd3-91e9-68822d016918	29	26
Accenda la radio, per piacere.	Turn the radio on, please.	bd0d36d9-f7ac-57a9-a195-7d3b31364043	30	26
Accendete la radio, per favore.	Turn the radio on, please.	54d32a8a-1f5f-52bc-a756-e4e5e0000ee1	31	26
Accendete la radio, per piacere.	Turn the radio on, please.	397e6527-4133-5809-80b6-8a571acb910c	32	26
Ascolto la radio francese.	I listen to French radio.	0c13e703-cfa6-5177-93de-d2209747f4b1	26	25
Io ascolto la radio francese.	I listen to French radio.	248df5d3-a1d5-56a6-9a7d-b7c89af94ea6	29	25
Ascoltiamo solo la radio cabila.	We only listen to Kabyle radio.	0a995ccb-614d-57da-a971-c17e822778dc	32	31
Noi ascoltiamo solo la radio cabila.	We only listen to Kabyle radio.	8e20b33f-89b6-5318-afc0-505fa9222400	36	31
Ascoltiamo soltanto la radio cabila.	We only listen to Kabyle radio.	2a12f209-6c91-5898-be8d-4a0edfc86c32	36	31
Noi ascoltiamo soltanto la radio cabila.	We only listen to Kabyle radio.	52a4141a-b31b-5e38-9492-890db84d6c65	40	31
Ascoltiamo solamente la radio cabila.	We only listen to Kabyle radio.	28c896e1-61c1-581a-843e-1337daf61bf3	37	31
Noi ascoltiamo solamente la radio cabila.	We only listen to Kabyle radio.	c0b0186f-2593-5068-a698-5f8f06615632	41	31
Ti dispiace spegnere la radio?	You mind turning off the radio?	5dc12fd8-ae72-580b-91e9-676979046804	30	31
Vi dispiace spegnere la radio?	You mind turning off the radio?	9d8b731e-e08d-5015-ad60-4b9a773e6bd5	30	31
Le dispiace spegnere la radio?	You mind turning off the radio?	6b67a570-5149-5826-9b17-4e2ad46466bc	30	31
Ziri è dal vivo alla radio.	Ziri is live on the radio.	d380d234-0bc3-52fe-8a5d-05dbd5935cdd	27	26
Amo ascoltare la radio.	I love listening to the radio.	49ee0488-a899-5463-824d-393a254bce40	23	30
Io amo ascoltare la radio.	I love listening to the radio.	4d590156-b3e8-5bab-a9c4-1e1f39828efc	26	30
Lavora in una stazione radiofonica.	He works in a radio station.	0e97afe3-adb5-52e3-bc19-d771fd02a607	35	28
Lavorava per la stazione radiofonica.	She worked for the radio station.	5bc0f43b-3057-56cd-bb6e-61c0ff391be4	37	33
Non ho una radio.	I don't have a radio.	180b34a1-80de-55a5-bcef-dbc9ff108d7e	17	21
Io non ho una radio.	I don't have a radio.	a2414d5d-a4ea-557f-bea1-738a73a83d05	20	21
La radio trasmette le canzoni più recenti.	The radio plays the latest songs.	07c36950-313c-50f1-896e-880e3b8b9027	42	33
La radio è sul tavolo.	The radio is on the table.	028e94ef-7ebb-5350-8cff-9c3fcd33b60f	22	26
Potresti accendere la radio?	Could you turn on the radio?	0ffc5bcd-fd56-59ca-b5cf-83f14aaf808f	28	28
Potreste accendere la radio?	Could you turn on the radio?	a45848d2-5719-5625-8a89-1fabd6183256	28	28
Potrebbe accendere la radio?	Could you turn on the radio?	b9114238-a182-5a96-ab51-098c93093002	28	28
Ho sentito qualcosa alla radio.	I heard something on the radio.	f795d3f4-2805-5e3c-b773-d3a9d090b048	31	31
Sentii qualcosa alla radio.	I heard something on the radio.	dbfe3f25-05a7-52c3-a9af-5b3c54a47e19	27	31
Tutti meritano la propria privacy.	Everyone deserves their privacy.	e983b6ca-eafe-5761-b4c1-b1ea62a28605	34	32
Rispetta i confini; contano.	Respect boundaries; they matter.	27513922-b3ef-5a6f-8993-b252f98e3536	28	32
La curiosità può portare a dei malintesi.	Curiosity can lead to misunderstandings.	252035e7-6c91-5eb2-b4be-bd878f99a1b2	41	40
I pettegolezzi non finiscono mai bene.	Gossiping never ends well.	f7e23db1-3c6d-5e74-89ab-1dc3f199be49	38	26
Offri aiuto solo quando ti viene chiesto.	Offer help only when asked.	c1874c7f-c2e4-5578-8952-20d50b993d29	41	27
I giudizi possono danneggiare le relazioni.	Judgment can harm relationships.	5f12f055-7e46-5bcb-a890-2a07bba64f1a	43	32
Sappi quando fare un passo indietro.	Know when to step back.	a2c88b2d-4475-5085-81ed-d38bc377f12f	36	23
La tua opinione non è sempre necessaria.	Your opinion isn't always needed.	6f3ca856-13a1-586b-b9b7-5dbbe5635022	40	33
La discrezione è un segno di maturità.	Discretion is a mark of maturity.	bb2f9d0e-04ba-568d-b1b8-8f82d6828a90	38	33
Ascolta di più; parla di meno.	Listen more; talk less.	2ff444e2-0acc-5ca6-a8a7-a595978969c9	30	23
Ha detto che lo trova piacevole.	He said he finds it pleasurable.	52627cd1-8555-5a82-8627-7cadd6aac2c5	32	32
Ama esplorare sensazioni diverse.	He loves exploring different sensations.	76baa218-0c02-50ca-bc61-90eefb1be69b	33	40
Si è aperto sui suoi desideri.	He opened up about his desires.	04e23203-a599-533e-8f65-bd8902bdb9ad	30	31
Trova gioia nella nostra vicinanza.	He finds joy in our closeness.	707a4b24-27a9-57d0-916f-bab732dce973	35	30
Esprimeva il suo affetto in maniera insolita.	He expressed his affection in an unusual manner.	fbc12b23-0b11-5696-9ad6-0ce564e45dae	45	48
Mi ha detto che il nostro legame è speciale.	He told me our connection is special.	ff44dcb7-e188-5061-83c0-030d693ec54d	44	37
Parla spesso della nostra intesa.	He talks about our chemistry often.	3fe082d3-7dc5-518e-9474-7188e2850550	33	35
Mary non fece quello che le chiesi di fare.	Mary didn't do what I asked her to do.	af94c6ce-bb5e-5fad-9478-08cca5c309e5	43	38
Mary inizialmente ha detto che non era nervosa.	Mary initially said she wasn't nervous.	0bd14c42-0ff2-5ac9-92dd-f5c2d435534d	47	39
Mary inizialmente disse che non era nervosa.	Mary initially said she wasn't nervous.	b10a2500-a245-5ea5-855e-1d7acadf8bf8	44	39
Mary è molto come sua sorella.	Mary is a lot like her sister.	a09100b7-0101-53a0-a14b-a98041104e2a	30	30
Mary non verrà, vero?	Mary won't come, will she?	c589f260-5f9c-576a-9406-5552d28ed27b	21	26
Mary dice che si sente molto meglio oggi.	Mary says she feels a lot better today.	8b215026-1312-5588-a4d8-7c1b47a4d066	41	39
Ho detto a Mary che lo avrei fatto per lei.	I told Mary I'd do that for her.	f15b72e2-cc76-5c41-bcbb-9c1eeec0d67a	43	32
Dissi a Mary che lo avrei fatto per lei.	I told Mary I'd do that for her.	71458643-e2d7-5be9-a035-33c9d6327ce9	40	32
Mary ha detto che voleva visitare Tom a Boston.	Mary said she wanted to visit Tom in Boston.	d9288ca2-00cc-5a38-bc24-a54a35793806	47	44
Mary disse che voleva visitare Tom a Boston.	Mary said she wanted to visit Tom in Boston.	a52029ca-c90f-5191-bd52-a72138aedcb9	44	44
Mary ha detto che pensava che Tom avesse ragione.	Mary said she thought Tom was right.	3a8c7c94-3015-51e7-82e1-1297d7fef892	49	36
Mary disse che pensava che Tom avesse ragione.	Mary said she thought Tom was right.	113beb75-53f0-52e5-9e75-6094fd5c2112	46	36
Tom odia il calcio.	Tom hates soccer.	94068a60-f781-5b13-bcb5-7520859985f4	19	17
Ha mollato il calcio.	He quit soccer.	d27eda6a-22d3-5797-b911-c13c68cc763c	21	15
Mollò il calcio.	He quit soccer.	43646cee-0848-5ebb-8ff9-61f7dcc1d3fb	16	15
Odia il calcio.	He hates soccer.	0893cf91-da80-52ec-9b01-458840f27a11	15	16
Lui odia il calcio.	He hates soccer.	4d010902-fbb3-57f2-b4fe-667cad1aec52	19	16
Stava giocando a calcio.	He was playing soccer.	390d8b76-0e65-5984-8ee9-58892109cb36	24	22
Giocavamo ancora a calcio.	We still played soccer.	750e0fce-e6d7-5a01-9561-9790fa58018f	26	23
L'ho trovato che giocava a calcio.	I found him playing soccer.	d3b9594f-c328-5baf-a7af-0bada473a0cc	34	27
Lo trovai che giocava a calcio.	I found him playing soccer.	3c871618-53a7-5934-8bc8-ca88ea4ad16b	31	27
È bravo a calcio.	He's good at soccer.	bc03fbb1-9bf0-5a42-8ffb-80c048541fc2	17	20
Ci siamo uniti alla squadra di calcio.	We joined the soccer team.	93273c88-a8be-58d1-8650-f8409d4df246	38	26
Ci siamo unite alla squadra di calcio.	We joined the soccer team.	b0783e7e-e2bd-5c03-a26d-6d55ee30a956	38	26
Ci unimmo alla squadra di calcio.	We joined the soccer team.	9d976777-3f0c-55ef-826a-6a5a3b3329eb	33	26
Non sa giocare a calcio.	He can't play soccer.	112b8ede-b2eb-5dab-ade1-81d4c3d5967a	24	21
Non può giocare a calcio.	He can't play soccer.	9b06889d-940c-5f26-83d2-e9b63b1f8f85	25	21
Non riesce a giocare a calcio.	He can't play soccer.	ea2eee60-fa5d-5367-8a24-292b7be9ab67	30	21
Ziri è venuto a giocare a calcio.	Ziri came to play soccer.	56b9e629-6cb5-531e-8286-09888299d967	33	25
Ziri venne a giocare a calcio.	Ziri came to play soccer.	7df9bd9d-80e8-584f-be34-a525d38b41d9	30	25
Ci alleniamo a calcio ogni sabato.	We practice soccer every Saturday.	e22e7d5c-9ed6-52bd-94ae-9c6b38617ace	34	34
Un campo da calcio è rettangolare.	A soccer field is rectangular.	06ad2b15-066d-528a-9d82-46983ba8ef6c	34	30
Ziri ha perso la sua palla da calcio.	Ziri lost his soccer ball.	356dfb3c-025d-5e0c-b543-0831e22f4dc0	37	26
Ziri perse la sua palla da calcio.	Ziri lost his soccer ball.	d94c5cef-6ba8-558d-8187-ec5c276ea183	34	26
La Tasmania è un'isola.	Tasmania is an island.	4d886cf2-1916-597b-8247-ea97b1f8d697	23	22
Ziri è un calciatore.	Ziri is a soccer player.	9e5bb956-97b8-556c-ae1d-903c1c297bcb	21	24
Ziri è diventato un calciatore.	Ziri became a soccer player.	e8763ab8-c925-5a70-82c8-38ca8451d55c	31	28
Ziri diventò un calciatore.	Ziri became a soccer player.	3b7b3fa5-c14a-5d7a-9f7d-f408a2aa88a7	27	28
Ziri divenne un calciatore.	Ziri became a soccer player.	1f6492ea-a799-52a2-8ef3-f492f709eef7	27	28
Yanni è un calciatore.	Yanni is a soccer player.	c0a58525-ea1c-51d5-a5bb-af1cf3d07809	22	25
A loro piace molto il calcio.	They like soccer a lot.	901d1ae1-39eb-5e11-b440-6e7834383a54	29	23
Hai dormito con la bocca aperta.	You slept with your mouth open.	fb09fee9-ae68-5297-9e1d-87dbc749ab00	32	31
Ha dormito con la bocca aperta.	You slept with your mouth open.	7919e795-578a-57f6-b6e7-f40f16e645c8	31	31
Yanni ha trovato la salvezza nel calcio.	Yanni found salvation in soccer.	bde7d7b0-9d88-59cb-8340-0792f818b7e6	40	32
Yanni trovò la salvezza nel calcio.	Yanni found salvation in soccer.	6ec41ded-ed71-5113-8fd0-e92007c783c7	35	32
È diventato un calciatore.	He became a soccer player.	d3dd26dd-daf5-5faf-9035-87a4e9a86cd6	26	26
Diventò un calciatore.	He became a soccer player.	82c1ca44-50a5-57e5-8f96-e478c9ade43d	22	26
Divenne un calciatore.	He became a soccer player.	352167a6-3b5c-5948-9c33-a822f9dc7cbe	22	26
È nella squadra di calcio.	He's on the soccer team.	b9c57d8c-6e8b-505c-ba63-a413ad028f6d	26	24
È in una squadra di calcio.	He's on a soccer team.	6e515602-ebd9-5760-a544-5ef1825d3f38	27	22
Tom è fuori a giocare a calcio.	Tom is outside playing soccer.	e5a4fbbe-0274-57a3-93ce-5627a35c145b	31	30
Yanni era fuori, a giocare a calcio.	Yanni was outside, playing soccer.	a67f75a0-5afd-5d64-ac7f-527dd841e191	36	34
Stanno giocando a calcio da qualche parte.	They are playing soccer somewhere.	ec9e29fb-0c9c-588f-8641-0496ddad58bf	42	34
Sono diventati calciatori professionisti.	They became professional soccer players.	544910c4-1cd4-5741-9b2a-dd2ca8d9cdec	41	40
Sono diventate calciatrici professioniste.	They became professional soccer players.	e89408cc-b91b-5464-9fbc-669a7aaaf95f	42	40
Diventarono calciatori professionisti.	They became professional soccer players.	eacf4ccf-1b4d-5bee-acaa-7dddcde3bb47	38	40
Divennero calciatori professionisti.	They became professional soccer players.	552e5a3d-d23b-5c9d-b7ea-6cd1063c8b53	36	40
Diventarono calciatrici professioniste.	They became professional soccer players.	2e2631b0-301a-545f-95ee-4316dcb261a7	39	40
Divennero calciatrici professioniste.	They became professional soccer players.	99379d7a-c1a3-5496-b76d-14c26ba0cd51	37	40
Non gli piace neanche il calcio.	He doesn't even like soccer.	be474ca2-209e-5bc6-864a-d37c675c5a4a	32	28
Non gli piace nemmeno il calcio.	He doesn't even like soccer.	04e602a6-43ea-5f46-871d-fe592015f469	32	28
Non gli piace neppure il calcio.	He doesn't even like soccer.	dc6a64a8-0ca4-5cd4-8335-73667f078552	32	28
A lui non piace neanche il calcio.	He doesn't even like soccer.	8ce180b5-1199-5cb4-baa4-4de12d649ecc	34	28
A lui non piace neppure il calcio.	He doesn't even like soccer.	320b1d49-f232-536b-af0d-4936707db90d	34	28
A lui non piace nemmeno il calcio.	He doesn't even like soccer.	f5c98c72-6eaf-5efb-9623-1c41bb800ecd	34	28
Giocava a calcio nel parco.	He played soccer at the park.	d2a811fd-a08a-5faa-89d2-81da91357c24	27	29
Gioca a calcio nel cortile.	He plays soccer in the yard.	6a517571-1ee5-5286-baaf-d778ee72e504	27	28
Stavo guardando la partita di calcio.	I was watching the soccer game.	3565831c-87e8-5528-8a02-5df574587b66	37	31
Le azioni contano più delle parole.	Actions speak louder than words.	c9da9dfd-866f-5446-887a-c40be9d2637a	35	32
Giocavamo a calcio nel campo.	We played soccer in the field.	f9b8d6cf-122b-531f-b4c1-64a33f8c2278	29	30
Abbiamo giocato a calcio nel campo.	We played soccer in the field.	fe0cacec-77fd-556d-a488-60da145c27c4	35	30
Giocammo a calcio nel campo.	We played soccer in the field.	03871ed9-9d82-52a7-9377-bc91e56aa233	28	30
Sei andato all'allenamento di calcio?	Did you go to soccer practice?	d46165dc-9cfa-510b-a879-65314a07c2c8	37	30
Sei andata all'allenamento di calcio?	Did you go to soccer practice?	3a56377a-297f-5342-b618-2f7d9686a0b8	37	30
È andato all'allenamento di calcio?	Did you go to soccer practice?	a555a6f8-807b-5d9e-b0d4-dd222c686a02	35	30
È andata all'allenamento di calcio?	Did you go to soccer practice?	fcdc7037-626e-5f47-9093-82b9fe1ab45a	35	30
Siete andati all'allenamento di calcio?	Did you go to soccer practice?	6c2bedbb-1ded-567e-badf-6cb22aaf814b	39	30
Siete andate all'allenamento di calcio?	Did you go to soccer practice?	75c0ca87-e8ad-52c9-a983-e1c28c9e7014	39	30
I ragazzi stanno giocando a calcio ora.	The boys are playing soccer now.	3aef8693-6c50-51bb-9e41-69d310fe8403	39	32
I ragazzi stanno giocando a calcio adesso.	The boys are playing soccer now.	074477af-d9cb-5f78-87b3-0a698a523dae	42	32
Anche a lui piace il calcio.	He likes soccer, too.	423669a3-7fcd-5388-b7e9-5bbe26136b7b	28	21
Sa giocare a calcio.	He can play soccer.	3c455f05-9f8c-59b6-9a13-1f29f6c9ec8a	20	19
Può giocare a calcio.	He can play soccer.	70164278-f06b-5572-9783-3e1118413242	21	19
Riesce a giocare a calcio.	He can play soccer.	bdc167a5-c5bc-5412-85eb-ccfbccf25e63	26	19
Mennad si è concentrato sul calcio.	Mennad focused on soccer.	4d41b89e-92fb-5d4b-9925-f37cfe5b6900	35	25
Mennad si concentrò sul calcio.	Mennad focused on soccer.	bca98002-5853-5d79-b36a-dedf2382b1e5	31	25
Non sono interessato al calcio.	I'm not interested in soccer.	1f3c0b16-7acf-5c4e-a29d-b4c4d5916cf7	31	29
Non sono interessata al calcio.	I'm not interested in soccer.	b51d4b42-cc57-5eef-a24e-961a9d911594	31	29
Giocherò a calcio.	I'm going to play soccer.	5bf9ef3a-1f98-5b44-a0bb-22763652fb6c	18	25
Lukas era ad una partita di calcio.	Lukas was at a soccer game.	46ef88c4-8480-5aab-ac7c-6a2d99f3a49e	35	27
Michael era nella squadra di calcio.	Michael was on the soccer team.	07baa241-3999-540d-b47a-4bedfbdbeda6	36	31
Ziri sa molto sul calcio.	Ziri knows a lot about soccer.	79fe4999-f93e-5ad4-9125-503e56856408	25	30
L'allenamento di calcio è alle quattro.	Soccer practice is at 4:00.	0ca0cc8f-ad55-5dca-b4ef-86426dd00c96	39	27
Giocano sempre a calcio dopo la scuola.	They always play soccer after school.	0cd9dcee-60e1-52c2-86fd-aec2bbd5c7a0	39	37
Guardare il calcio in TV è divertente.	Watching soccer on TV is fun.	0e199509-6454-5022-9f10-30e13786a35e	38	29
Ziri è nella squadra di calcio.	Ziri is on the soccer team.	b4f155ed-e0b0-5552-a9ce-07718778401a	31	27
Ho il calcio nel sangue.	I have soccer in my blood.	da344e80-8673-500f-9759-b2888cfad04a	24	26
Perché non ti piace il calcio?	Why don't you like soccer?	5706b274-b39a-5676-9c78-475c41227012	30	26
Perché non vi piace il calcio?	Why don't you like soccer?	f2398f5b-3e02-5cf1-9da2-fe6236fea378	30	26
Perché non le piace il calcio?	Why don't you like soccer?	0f00fb08-0c7e-5661-bff8-8a53152b05bf	30	26
Perché non giochiamo a calcio?	Why don't we play soccer?	000d37cf-88c1-518e-8512-d2a1c682afd7	30	25
Mi piace parlare di calcio.	I like to talk about soccer.	64a2f7fb-a933-5303-b2ba-408c47ce628e	27	28
A me piace parlare di calcio.	I like to talk about soccer.	c0c561df-fdeb-50af-830d-aee39784f448	29	28
Una partita di calcio dura 90 minuti.	A soccer match lasts 90 minutes.	997aed31-b51c-5691-8a16-7788db1ec798	37	32
Una partita di calcio dura novanta minuti.	A soccer match lasts 90 minutes.	0003ceba-a57a-5667-bdfa-07fb9eaea582	42	32
Tom è un bravo calciatore.	Tom is a good soccer player.	2cc4862a-fc77-57ee-9d43-a4edfd36b3ad	26	28
Non ho mai voluto giocare a calcio.	I never wanted to play soccer.	9c7d6ca1-517d-5951-b913-7d9c60c0927f	35	30
Tom è nella squadra di calcio.	Tom is on the soccer team.	c2f1a87f-7990-59fa-9efa-af1f072ba664	30	26
Sono molto interessato al calcio.	I am very interested in soccer.	9dca1a61-ac05-5db9-bd70-36630b94a8e4	33	31
Io sono molto interessato al calcio.	I am very interested in soccer.	70e10040-be71-56a8-b280-84d2b5962840	36	31
Sono molto interessata al calcio.	I am very interested in soccer.	ca323102-947d-59d0-a22a-4334ac8f59ba	33	31
Io sono molto interessata al calcio.	I am very interested in soccer.	60db4564-51d1-50a1-ba15-c260e118070a	36	31
Tom è discretamente bravo a calcio.	Tom is pretty good at soccer.	ab0065c9-2711-5e85-a6be-926d859ec904	35	29
Giochi a calcio, vero?	You play soccer, don't you?	621ec83b-f17a-55cb-a013-bd93d2828089	22	27
Tu giochi a calcio, vero?	You play soccer, don't you?	43a98df6-4e46-5347-b136-c3e50e787fe8	25	27
Gioca a calcio, vero?	You play soccer, don't you?	06c3616a-1b1c-5179-9df2-13161bf5a9c0	21	27
Lei gioca a calcio, vero?	You play soccer, don't you?	a88465a4-6f09-5056-b4d2-312a949bf32a	25	27
Giocate a calcio, vero?	You play soccer, don't you?	dbecc788-4f77-5638-aa45-23fee992edba	23	27
Voi giocate a calcio, vero?	You play soccer, don't you?	770eab34-753b-523b-99c4-19ea7efa2212	27	27
Tom sta indossando la sua uniforme da calcio.	Tom is wearing his soccer uniform.	990fa958-47f9-5615-a06f-1558404059e7	45	34
C'è una partita di calcio domani.	There's a soccer match tomorrow.	c38ec8a0-b808-5b8e-a016-234ce1a05d14	33	32
Tom non è bravo a calcio.	Tom isn't good at soccer.	3240de42-d830-5e51-8759-774dfaff6739	25	25
È in grado di giocare a calcio.	He is able to play soccer.	e2c4b90e-0bff-52d3-a3b8-f73f50f6416d	31	26
Suo padre è un calciatore.	His father is a soccer player.	6809d21a-c2e6-57f0-bb68-da24ffecd159	26	30
Giocheranno a calcio domani.	They'll be playing soccer tomorrow.	3722ae7d-5706-5dff-8de5-85338d40189a	28	35
A loro non piaceva il calcio.	They didn't use to like soccer.	f246aa3b-f22c-5df2-acff-2ba1755c5edb	29	31
Ziri non può giocare a calcio in prigione.	Ziri can't play soccer in prison.	2840e954-c53a-51f9-9ed9-cbf25de7bbb8	42	33
Sei un bravo calciatore.	You're a good soccer player.	d781bb90-fdb6-5830-8887-dc72c08658d0	24	28
Sei una brava calciatrice.	You're a good soccer player.	61bec02d-f76e-53d5-bc9f-5cfee7f72806	26	28
Quanto tempo hai giocato a calcio?	How long have you played soccer?	34f75a97-7de4-59b1-9fd0-e072592e5e31	34	32
Quanto tempo ha giocato a calcio?	How long have you played soccer?	97e36408-5028-5936-803e-3d89b219bdd8	33	32
Quanto tempo avete giocato a calcio?	How long have you played soccer?	7e4cf838-31c9-5db3-977f-7a3e128f535a	36	32
A Tom non piace giocare a calcio.	Tom doesn't like to play soccer.	0d957cde-2665-59a9-a31a-913a2272f344	33	32
Preferisco giocare a calcio in spiaggia.	I prefer playing soccer on the beach.	3e43632e-d01f-5ba2-9e36-829ef0a05aa3	40	37
Voglio imparare a giocare a calcio.	I want to learn to play soccer.	b285f101-fe21-55fc-ab97-da66248af1b8	35	31
Il calcio è un gioco divertente a cui giocare.	Soccer is a fun game to play.	e9309127-2951-5f7e-b7ae-4c2c2ba21dca	46	29
Sto giocando a calcio con mio fratello.	I'm playing soccer with my brother.	7663dd6e-1e18-5012-97ce-fedc893d01d1	39	35
Suo padre è un allenatore di calcio rispettato.	His father is a respected soccer coach.	d7c88fa2-6172-5853-ad5a-0fdffea9be1f	47	39
Calysta ama giocare a calcio tutto il giorno.	Calysta loves to play soccer all day.	72b99762-801e-5ca2-8279-4756ed34c063	45	37
Gli piace giocare a calcio con i suoi amici.	He likes playing soccer with his friends.	84471569-27b1-54c3-bd88-ef9f2195d6c6	44	41
A lui piace giocare a calcio con i suoi amici.	He likes playing soccer with his friends.	0afc9f87-688d-52b6-8b9e-3987e865288f	46	41
Conosci le regole del calcio?	Do you know the rules of soccer?	af8758f7-18e9-5e39-9db8-0f95281a4f13	29	32
Conosce le regole del calcio?	Do you know the rules of soccer?	3fcbb1d2-454b-504b-b5b0-eeb3914c22f5	29	32
Conoscete le regole del calcio?	Do you know the rules of soccer?	1d85a4f6-f96b-5565-997d-2d26f74474d1	31	32
Ti piace il calcio? No, lo odio!	Do you like soccer? No, I hate it!	9524acf0-cc1d-5ab5-9bef-f54735dc84ce	32	34
Tom comprò una palla da calcio per suo figlio.	Tom bought a soccer ball for his son.	cba2f247-7d0a-509d-9ab1-8e35714d52c9	46	37
Tom non è bravo a calcio, vero?	Tom isn't good at soccer, is he?	5aff179a-fc01-59d9-8b98-83fc0039f3ef	31	32
Il calcio è lo sport nazionale dell'Olanda.	Soccer is the national sport of the Netherlands.	74efa780-3d3a-593d-ab54-7514444210c8	43	48
So che Tom è un bravo calciatore.	I know Tom is a good soccer player.	42853101-923e-559d-b37f-de54615e0441	33	35
Alla ragazza non piace giocare a calcio.	The girl doesn't like to play soccer.	68d83240-eeae-50c6-9a6a-0986fff852a6	40	37
Sembra non avere interesse per il calcio.	She seems to have no interest in soccer.	ebac1fc3-0047-5861-bfd8-b34c6459cc7f	41	40
L'amore è un verbo.	Love is a verb.	2d9b0a2e-3d3f-57b3-9a44-dd721b441334	19	15
Non è la mia taglia.	It's not my size.	2e886ef8-3af8-53de-a025-516cbd64b5a3	20	17
Spero che arriverai presto a Roma.	I hope that you will arrive in Rome soon.	8027a38d-39e6-5cda-9639-a299e1f15a18	34	41
Spero che arriverà presto a Roma.	I hope that you will arrive in Rome soon.	2f155fb2-49e5-5ed3-ba1b-251a4454ff7a	33	41
Spero che arriverete presto a Roma.	I hope that you will arrive in Rome soon.	8822092b-e791-5355-b5a3-b356cd4c4187	35	41
Io e Tom siamo andati a pescare ieri.	Tom and I went fishing yesterday.	d9e893c2-07ae-58ff-bbfb-356265afb403	37	33
Tom e Mary mi stanno nascondendo qualcosa.	Tom and Mary are hiding something from me.	4e564b4d-4174-516e-9d43-af26a5f5e94d	42	42
Aveva un buon sapore per me.	It tasted good to me.	ab6ddda5-d32e-540a-8f84-b11f18e6cf39	28	21
Ogni parola non detta rimane sospesa nell'aria.	Each unspoken word hangs heavy in the air.	91322fb1-2262-51b4-9aed-7b97e9ddbd08	47	42
Mi chiedo se tu provi lo stesso vuoto.	I wonder if you feel the same emptiness.	54f04f3d-a05f-551c-8a30-0ff3083fef44	38	40
Cerco le parole giuste ma non trovo nulla.	I search for the right words but find nothing.	87c4e91e-c4f6-53f4-a82d-38c09c5c1d37	42	46
Sono troppo occupata per andare.	I am too busy to go.	020fa9b4-073b-5d18-9772-89cf4ea24d80	32	20
Sono troppo impegnato per andare.	I am too busy to go.	c57a6857-f8fd-5450-8fc0-1ee28ab22266	33	20
Sono troppo impegnata per andare.	I am too busy to go.	e54a506b-9bd4-5ea9-aaa5-49215ceec4ff	33	20
L'aria è densa di sentimenti inespressi.	The air is thick with unexpressed feelings.	e1e0f14d-9f53-5d2d-9f63-ce450eb0e1dc	40	43
Mi manca il suono della tua voce accanto a me.	I miss the sound of your voice beside me.	1fd6f538-2206-5ace-bd5b-3d2e455ccaf7	46	41
Mary sembrava essere in salute.	Mary looked like she was healthy.	e6943b85-dc78-5b6a-9f8e-31d2db90e1b4	31	33
Questo silenzio sembra un abisso tra noi.	This silence feels like a chasm between us.	a1542e9d-c86b-526d-b7be-b3e135e9c521	41	43
La tensione cresce ad ogni momento che passa.	The tension grows with each passing moment.	ca7605fb-3594-511a-a065-34adfd010478	45	43
Bramo la sintonia ma temo il rifiuto.	I crave connection but fear rejection.	23b3bc18-ef31-53b0-908c-dd3879a8415b	37	38
Sappiamo entrambi che qualcosa deve cambiare.	We both know something needs to change.	69ec023d-69ce-5279-8deb-f13b3c7ae530	45	39
È come se ci fossimo persi in mondi separati.	It's as if we're lost in separate worlds.	fe7472b1-1b9e-512a-9ae6-6369613632e3	45	41
Il peso delle nostre parole non dette è pesante.	The weight of our unspoken words is heavy.	513f17b5-1721-5902-8bbe-b2715a3a03d3	48	42
In silenzio, i nostri cuori sembrano allontanarsi.	In silence, our hearts seem to drift apart.	0e1325b8-d3e1-582e-bbd4-43cfe84b5b2b	50	43
Mary dichiara che non si ricorda niente.	Mary claims she doesn't remember anything.	447c5070-26c8-51f6-bf2e-ae71cb444e09	40	42
Mary dichiara che non si ricorda nulla.	Mary claims she doesn't remember anything.	c76d66ad-ad6c-5663-a112-0d46ade91d9b	39	42
Mary dichiara di non ricordarsi niente.	Mary claims she doesn't remember anything.	eac3529a-cbaa-5b59-a2f6-7bb685be0b09	39	42
Mary dichiara di non ricordarsi nulla.	Mary claims she doesn't remember anything.	2a0e9ee9-2bc8-557e-ab12-8280f6fe7833	38	42
Mary ha detto che non era brava in francese.	Mary said she wasn't good at French.	10af7212-0c2d-51c7-9745-fe458ca2d3a9	44	36
Mary disse che non era brava in francese.	Mary said she wasn't good at French.	7cb37e71-3d62-5a26-97d1-3a525feb8fa7	41	36
Voglio chiedere a Mary cosa farà.	I want to ask Mary what she'll do.	27dcd25d-928f-5b8a-abfe-400ce415c582	33	34
Voglio chiedere a Mary che cosa farà.	I want to ask Mary what she'll do.	af70c5cd-a9eb-5912-ac57-d3d7637525be	37	34
Voglio chiedere a Mary che farà.	I want to ask Mary what she'll do.	c557de6d-7fac-5e97-bbb2-92e66e7dc893	32	34
Kalman è un adulto ora.	Kalman is an adult now.	fda6a85f-87c4-5702-8de2-db1f4e2d9a18	23	23
Kalman è un adulto adesso.	Kalman is an adult now.	8700e235-da92-5932-8a8f-bfeb84e84364	26	23
Mary dice che non ha paura di niente.	Mary says she isn't afraid of anything.	f15df0c8-fcd1-5597-8b34-e36b1d6f564d	37	39
Mary dice che non ha paura di nulla.	Mary says she isn't afraid of anything.	7920055a-15fa-57ec-a387-13df00e14684	36	39
La porta si apre.	The door opens.	b93dd272-ced3-552a-893c-6a517aa2f89e	17	15
Apri una porta.	Open a door.	b8854e51-3c12-5825-ab7b-f67eae9a0bf5	15	12
Apra una porta.	Open a door.	11abdb7c-1752-52e7-9529-4623ecd73980	15	12
Aprite una porta.	Open a door.	30d5dd01-7992-5ea7-a78e-10491ec5a608	17	12
Mary aveva trent'anni quando è morta.	Mary was thirty when she died.	302fabed-8d9f-5f1b-83dd-c49761645e8e	37	30
Mary aveva trent'anni quando morì.	Mary was thirty when she died.	6e8d983b-a083-571e-855f-8fe642a76e14	34	30
Preparati per l'esame.	Prepare for the exam.	ad2876db-e4f8-55a2-9b32-1db50ade1652	22	21
Si prepari per l'esame.	Prepare for the exam.	f243347c-9ebc-5e5d-8266-bcd49ef88608	23	21
Preparatevi per l'esame.	Prepare for the exam.	4646d622-ffbb-5ee2-a5d3-9aa627d32103	24	21
Quand'è il tuo esame?	When is your exam?	2f9df92c-38ae-5f29-b80e-75d230acec9e	21	18
Quand'è il suo esame?	When is your exam?	e36817be-187a-57fe-8bfd-9614701685c6	21	18
Quand'è il vostro esame?	When is your exam?	c5c4d270-cfdf-551f-ab4c-70adbfe9cdd9	24	18
Quando è il tuo esame?	When is your exam?	956e6f33-814e-516f-86e4-0b10af5f90d1	22	18
Quando è il suo esame?	When is your exam?	6035e5d0-557d-51d5-8821-5f03e31a8fbf	22	18
Quando è il vostro esame?	When is your exam?	2f2204e4-b95c-5266-8b8a-91bcbc58ebcd	25	18
Martino ha fallito il suo esame.	Martino failed his exam.	4ef1f020-0c04-5e50-bcaf-51dd4af35ed1	32	24
Martino fallì il suo esame.	Martino failed his exam.	7aa357bf-5fa4-5c09-9a6b-95f66e71537c	27	24
Abbiamo superato l'esame.	We passed the exam.	97a6ccd8-7956-5848-a098-643f3e45d6ff	25	19
Superammo l'esame.	We passed the exam.	f71ab6d9-dc76-50db-818c-3b464426c5e9	18	19
Bill ha superato l'esame.	Bill passed the exam.	d3876f03-e535-5f5d-8bd2-54e3f56b79c9	25	21
Bill superò l'esame.	Bill passed the exam.	116fda13-772d-5e27-8520-d4dd07f29eba	20	21
Supererà l'esame.	He'll pass the exam.	fc039602-1ad7-5b3e-97d1-40df7b548f3d	17	20
Ho fallito il mio esame di chimica.	I failed my chemistry exam.	402b0a20-c2a9-5ce9-a794-dd5a7fba8483	35	27
Fallii il mio esame di chimica.	I failed my chemistry exam.	3b579c0f-184b-5f64-81ce-c16964b974a7	31	27
Hanno fallito l'esame finale.	They failed the final exam.	8e5ceba5-15d7-555e-a75c-48032ae79ec8	29	27
Fallirono l'esame finale.	They failed the final exam.	b115c780-76e0-5925-8d56-0ea82e9c28b1	25	27
Ho superato l'esame di matematica.	I passed the math exam.	8d7773d2-7b6f-5935-8f3e-309a1afee214	34	23
Superai l'esame di matematica.	I passed the math exam.	9343156a-e7b4-5f28-bbd8-ef7432413e12	30	23
Ho superato l'esame di biologia.	I passed the biology exam.	87812be2-f2f0-55ca-8a6c-b0f498a00d68	32	26
Superai l'esame di biologia.	I passed the biology exam.	2cdbcb8c-9dcd-53e8-b54a-fad157abfc66	28	26
Ho superato l'esame di fisica.	I passed the physics exam.	9187ab84-ded6-5de1-8e5b-3416e5f710b5	30	26
Superai l'esame di fisica.	I passed the physics exam.	7079b436-d5f4-5aee-8d22-141121d54167	26	26
Ho superato l'esame di chimica.	I passed the chemistry exam.	644275ec-7436-5003-b919-c051d6e6a37a	31	28
Superai l'esame di chimica.	I passed the chemistry exam.	f0468c4d-5b3d-59b1-bda7-a70a78aa627d	27	28
Ha un esame importante.	She has an important exam.	40b120cc-d311-55a1-9c38-dabb7f0e5b36	23	26
Lei ha un esame importante.	She has an important exam.	fde84b71-d808-56f4-8ace-ee897c578610	27	26
Ha fallito l'esame finale.	He failed the final exam.	185c2530-ab28-50cc-9237-0b93a4b9bf3c	26	25
Fallì l'esame finale.	He failed the final exam.	d3a7b5b4-987e-5c24-9540-769064b6c982	21	25
Quell'esame era molto facile.	That exam was very easy.	5731deba-5917-51c9-83e1-9cb141f1d42c	29	24
Quell'esame è stato molto facile.	That exam was very easy.	1477cc5f-2e7a-58e7-890c-c3d4354c23cd	33	24
Quell'esame fu molto facile.	That exam was very easy.	9494b464-7be2-5ce0-8cf6-70edfa6613ee	28	24
Ha superato l'ultimo esame.	He passed the last exam.	d2b1164e-416a-5541-9afc-14a9ad89c219	27	24
Superò l'ultimo esame.	He passed the last exam.	ca817902-43d3-5b53-87fb-845bad34007f	22	24
Hai rifatto l'esame?	Did you retake the exam?	8284de7a-073c-532e-9ca0-fe481968762d	20	24
Ha rifatto l'esame?	Did you retake the exam?	45351a26-3ada-5460-83b6-3181b6008cf3	19	24
Avete rifatto l'esame?	Did you retake the exam?	a6e50af9-d227-5b5a-8a58-6233e3f8463f	22	24
Hai superato il tuo esame?	Did you pass your exam?	4e60cba1-2253-5272-8008-b376e4e8919a	26	23
Ha superato il suo esame?	Did you pass your exam?	1b94d3da-be04-5250-8122-82e5b877dafc	25	23
Avete superato il vostro esame?	Did you pass your exam?	c5c5a4a2-2fd8-5a39-a4ba-9c3faa412188	31	23
Hai un esame oggi.	You have an exam today.	3c545702-ac1f-5871-ac33-33184ec3c229	18	23
Ha un esame oggi.	You have an exam today.	e056b536-bcfe-52d7-90a5-ba4b8b8359c8	17	23
Avete un esame oggi.	You have an exam today.	84fd29d0-37b6-5956-a85d-8594bc2b0546	20	23
Ho superato il primo esame.	I passed the first exam.	092ceff7-5622-5121-bb3d-c184ef4cef70	27	24
Superai il primo esame.	I passed the first exam.	64a3a4a7-bd2f-5816-bba3-0210b14b4d6d	23	24
Pochi studenti hanno superato l'esame.	Few students passed the exam.	eb7933e5-b23a-5765-9845-cb3e1cc0a9d4	38	29
Pochi studenti superarono l'esame.	Few students passed the exam.	f107a20a-98ab-579a-9f15-4b4161279930	34	29
Non molti studenti hanno superato l'esame.	Not many students passed the exam.	cd5b29c7-62a7-5130-9406-7945dec31510	42	34
Non molti studenti superarono l'esame.	Not many students passed the exam.	149bc693-53bd-5c3a-ad4c-bd321ecad5da	38	34
A che ora è l'esame?	What time is the exam?	772d0911-e897-5e88-8158-1f2044a33778	20	22
Tom ha superato l'esame di francese.	Tom passed the French exam.	297601f4-fd28-5fb6-86f3-f3a2e5b05181	36	27
Tom superò l'esame di francese.	Tom passed the French exam.	f0eaa467-a1d1-5dd7-b93f-626c3dea0515	31	27
L'esame era davvero brutale.	The exam was really brutal.	c7d52f28-50ea-57c7-8464-9f1260c94897	28	27
L'esame era veramente brutale.	The exam was really brutal.	3bd64365-3d13-57d1-8caf-7d8728dff9e9	30	27
È un esame difficile.	It's a difficult exam.	dcd799b7-02ee-5dba-b257-349a6e2c7b08	21	22
Ha superato il suo esame di berbero.	He passed his Berber exam.	f49cd94f-a2c2-54f4-a3d6-0a67f5b986c7	36	26
Superò il suo esame di berbero.	He passed his Berber exam.	d3244819-0109-5a61-937d-01ea11940a4d	31	26
Ha superato l'esame di berbero.	He passed the Berber exam.	92dfdb16-42d2-55c5-8755-33071103fd71	31	26
Superò l'esame di berbero.	He passed the Berber exam.	5537ca2b-b807-5f4b-96c4-2fba8d7190f7	26	26
Ieri ho avuto un esame.	Yesterday I had an exam.	1e183c45-f6d7-5711-9476-555e5274e5d9	23	24
Tom si è lamentato dell'esame.	Tom complained about the exam.	5a094b37-223f-5f99-9652-fbba748b1d3a	30	30
Tom si lamentò dell'esame.	Tom complained about the exam.	2c53fe2c-7d59-512b-91a4-3b58b757925f	26	30
Tom ha superato l'esame?	Did Tom pass the exam?	88a3443f-d925-5737-816e-f33d57e743c5	24	22
Tom superò l'esame?	Did Tom pass the exam?	b962a8f6-5d45-5102-95c1-95fa3b09a34b	19	22
Mary ha superato il suo esame di francese.	Mary passed her French exam.	0703f122-2682-5a79-bcf8-38692eadf712	42	28
Mary superò il suo esame di francese.	Mary passed her French exam.	14e049a0-bcbc-555f-975e-5c4784b4160b	37	28
Com'è stato il tuo esame di biologia?	How was your biology exam?	63598bc6-0fa8-5c85-b9dd-0465efd65701	37	26
Com'è stato il suo esame di biologia?	How was your biology exam?	9c7025f5-5e5c-5a67-a142-c2e8c2cf466e	37	26
Com'è stato il vostro esame di biologia?	How was your biology exam?	3576471b-48b8-5652-903e-1204c7c6390b	40	26
Potrei non superare l'esame.	I might not pass the exam.	f8f35623-83b9-5179-b8c8-9437cc9f7441	28	26
È un esame davvero difficile.	It's a really difficult exam.	a2e0b762-1c1a-5c40-9c5f-62a832a07d73	29	29
È un esame veramente difficile.	It's a really difficult exam.	44e09654-68a6-52cb-8782-cea40e6270b7	31	29
L'esame era in due parti.	The exam was in two parts.	8dc1f34d-99c6-53a8-940c-16e7dfa39b3f	25	26
Abbiamo un esame di inglese domani.	We have an English exam tomorrow.	9a972dbf-a3b1-58a9-982e-42e095f23f2f	35	33
Com'è andato l'esame di matematica?	How did the maths exam go?	dccac7af-ffa3-5252-b9e2-70243b69a882	35	26
Che tipo di esame era?	What type of exam was it?	655bac07-cab7-5cf6-a028-c795ec303714	22	25
Mi serve per un esame.	I need it for an exam.	1b611217-de97-5594-9a2e-eb62769043d4	22	22
Il libro è migliore.	The book is better.	9300a676-118c-5ae2-9478-4021297ce414	20	19
Il libro è fantastico.	The book is amazing.	96e02e31-3d8c-5a92-bcb8-4292297faaf9	22	20
Unisciti al nostro club di lettura.	Join our book club.	7ac2235e-7281-5612-8020-f180bf6c1bc7	35	19
Si unisca al nostro club di lettura.	Join our book club.	42919d0d-55ef-52f1-aad2-8dafef13c128	36	19
Unitevi al nostro gruppo di lettura.	Join our book club.	665fd748-1059-5f00-9d33-b508b93e5e5a	36	19
Unitevi al nostro club di lettura.	Join our book club.	15554a4b-1d9b-5158-a2f4-586021b46246	34	19
Unisciti al nostro gruppo di lettura.	Join our book club.	341a1aeb-5881-52b8-a043-429bc73838f8	37	19
Si unisca al nostro gruppo di lettura.	Join our book club.	bbd73020-8873-58f2-ba5a-e8fafb03f8b3	38	19
Stai scrivendo un libro?	Are you writing a book?	44d9d550-1c10-5245-bc83-94ca6c9ea8e0	24	23
Sta scrivendo un libro?	Are you writing a book?	1264de7a-b839-5fd4-8bf1-93cdd1bfe7b3	23	23
State scrivendo un libro?	Are you writing a book?	d7d976dc-39c2-5cef-b1c5-6e00fd574395	25	23
Ho ordinato un libro online.	I ordered a book online.	012c2082-5b5b-5984-9e85-55046d05e8ad	28	24
Ordinai un libro online.	I ordered a book online.	b3dcc570-9744-5996-bc9b-60fa666c7204	24	24
Lanciagli il libro.	Throw the book at him.	25c99d50-ebe3-53ff-9e73-11c10c47b7c2	19	22
Gli lanci il libro.	Throw the book at him.	ce78bb79-8faf-5794-b45b-3dbd5655f9bb	19	22
Lanciategli il libro.	Throw the book at him.	0fba19b7-2593-5bd1-b7bf-22ff63f64157	21	22
Il primo libro era migliore.	The first book was better.	784fea0b-5764-55f5-aa98-ecc99b777a95	28	26
Questo libro è molto prezioso.	This book is very valuable.	5d53b1a7-4354-552f-a4f3-9bf7ae9e2429	30	27
Questo libro racconta le stelle.	This book relates the stars.	fcca1efc-625e-5e85-8243-85f120345fee	32	28
Questo è un libro pratico.	This is a practical book.	69d15615-c050-57e7-a38e-057d8630a40e	26	25
Questo libro ha delle belle illustrazioni.	This book has beautiful illustrations.	f4d6e3bf-ad6d-5b56-8ae5-4bc6e3efcae2	42	38
Questo libro è un pezzo d'antiquariato.	This book is an antique.	20405700-65b6-535b-b549-681da9dfe2a6	39	24
Cerchi un libro.	You look for a book.	33d3e75a-1ffc-53e6-af0c-0f692b77088c	16	20
Tu cerchi un libro.	You look for a book.	9231d63d-f002-5b50-ab17-62fe670d859b	19	20
Cerca un libro.	You look for a book.	fcac2f0f-7ee6-5d35-84eb-00c6e2b08d67	15	20
Lei cerca un libro.	You look for a book.	39d394bc-6a1c-535a-a12d-0051583b51f3	19	20
Cercate un libro.	You look for a book.	8955c735-9c61-5a8e-995a-564170f50517	17	20
Voi cercate un libro.	You look for a book.	53967c33-9ba9-5dda-961d-71ae5d88ba10	21	20
Leggo anche quel libro.	I also read that book.	a431a95b-ffcd-5f97-bc5c-8e2ab87222d2	23	22
Ho letto anche quel libro.	I also read that book.	d4a4c6f6-b38b-5a73-a75f-8bb349ca5215	26	22
Lessi anche quel libro.	I also read that book.	935840b0-2fab-5cd6-aa6f-17002e9af56a	23	22
Gabor ha passato un libro a Olivia.	Gabor handed Olivia a book.	e0787ef0-05cc-54e6-842a-546a7ce53884	35	27
Gabor passò un libro a Olivia.	Gabor handed Olivia a book.	9455f12f-08c6-5b18-ac43-88c287c7f201	30	27
Che libricino minuscolo!	What a tiny little book!	9aeefbeb-caf9-5129-91e4-abc9b1f9d08c	24	24
Il libro copre diversi argomenti.	The book covers several topics.	969aa42f-092a-5059-9f04-ef5b5831fad2	33	31
Tom ha dato a Mary il libro.	Tom gave Mary the book.	2229b575-6493-57ab-b652-9e1b164c92e9	28	23
Tom diede a Mary il libro.	Tom gave Mary the book.	55e3f414-fcad-5b6a-a95f-bf7f91593ea5	26	23
Cosa dice il libro?	What does the book say?	f68a696f-8b20-5be8-925e-27c962e28064	19	23
Che cosa dice il libro?	What does the book say?	af3d4094-d63b-5c30-9234-3cafc6cabc8a	23	23
Che dice il libro?	What does the book say?	999fa74c-8ea5-54e1-b2df-56691e3aa8a8	18	23
Traduci questo libro in francese.	Translate this book into French.	b63008c5-1a2c-5ea0-b62c-9675b4b7f78e	33	32
Traduca questo libro in francese.	Translate this book into French.	30a46422-0235-5f33-be62-865cba8e2a68	33	32
Traducete questo libro in francese.	Translate this book into French.	5d490f88-08e0-5ff7-98a0-d33507b7935f	35	32
Ogni persona è un libro.	Every person is a book.	39233f61-e511-5f6c-8f9e-4baf9cf26620	24	23
Ziri ha un gruppo di lettura.	Ziri has a book club.	93907144-ad35-5530-89a0-2944c7a7440b	29	21
Ziri ha un club di lettura.	Ziri has a book club.	889f6c5e-7cbd-52be-8593-257244e4a19d	27	21
Ziri ha il suo gruppo di lettura.	Ziri has his book club.	305d0842-c0e1-5d72-abae-e58f1d6bc006	33	23
Ziri ha il suo club di lettura.	Ziri has his book club.	55414d6d-3768-505f-b7db-3ef58ab62674	31	23
Il libro ha qualche illustrazione.	The book has some illustrations.	e0beee76-aa31-5e64-b6a0-2bf5eef2ad3c	34	32
Yanni ha scritto un libro di cuclna.	Yanni wrote a cook book.	0431abe4-88be-5913-98d6-0965e963c4bb	36	24
Yanni scrisse un libro di cuclna.	Yanni wrote a cook book.	ee29e5ef-9928-5868-b476-67639c574d5e	33	24
Le ho dato il libro.	I gave her the book.	d8c413ca-004b-56cc-9f37-b37d94f65861	20	20
Le diedi il libro.	I gave her the book.	d2c1e876-a4f0-551d-86bb-af28d51aee93	18	20
Questo libro è sull'Algeria.	This book is about Algeria.	710c0bc3-b84d-5be3-a116-ef9f0fd5c8cb	28	27
Chi ha visto il mio libro?	Who's seen my book?	d7947a6e-1bad-58ba-990f-416121eb4dfc	26	19
Quel libro è stato letto.	That book has been read.	15cd14dc-2329-50f1-8fe9-57eeade03690	25	24
Ridammi il mio libro, per favore!	Give my book back, please!	96c1988a-8ae9-51f1-9da7-772d64226024	33	26
Ridammi il mio libro, per piacere!	Give my book back, please!	7471cfc0-ccc0-5026-b6a9-76831b49813c	34	26
Mi ridia il mio libro, per favore!	Give my book back, please!	1e06b54e-2cfa-5a0b-aefe-336e266ddc55	34	26
Mi ridia il mio libro, per piacere!	Give my book back, please!	4d8daf5d-0bb0-5a72-ae65-c2ef75583e0d	35	26
Ridatemi il mio libro, per favore!	Give my book back, please!	d19fff97-f286-5b83-882a-6da2606ce244	34	26
Ridatemi il mio libro, per piacere!	Give my book back, please!	94234421-1f9d-5a47-acd2-4c760154548a	35	26
Quel libro è di Tom.	That book is Tom's.	37e419f0-a9f2-54b1-a667-57662874ecc9	20	19
È il libro di Tom?	Is that Tom's book?	716f5bd9-6c8a-5136-9ed3-d55a5345c442	18	19
Quello è il libro di Tom?	Is that Tom's book?	8ee6c0a0-1eb0-5145-b92e-844494d17fbd	25	19
Yanni sta leggendo questo libro.	Yanni is reading this book.	d1bdb7dc-4d64-5c7b-80ad-85cb53735d91	32	27
Prendi il libro e leggi!	Take the book and read!	5f89162e-6344-5dd8-8e5a-b27d69ca5a93	24	23
Prenda il libro e legga!	Take the book and read!	7cd55052-86ce-5196-8b08-fe26840394ad	24	23
Prendete il libro e leggete!	Take the book and read!	8223eeef-6a90-5622-9d4c-051c20e1a492	28	23
Hai prenotato un tavolo?	Did you book a table?	03708654-c89d-562d-87b6-d3cc7a12beab	24	21
Ha prenotato un tavolo?	Did you book a table?	f807c63f-5b62-5415-986e-f16cfd42f8c1	23	21
Avete prenotato un tavolo?	Did you book a table?	83534edf-123f-5ca9-98cf-a1e75e132b55	26	21
Ho dato a Tom il libro.	I gave Tom the book.	6e8650e0-a543-5f99-95ab-e4d5e8645746	23	20
Diedi a Tom il libro.	I gave Tom the book.	c580bfb5-822f-522d-ac06-99771f0d1efb	21	20
Il libro sta vendendo bene.	The book is selling well.	8ff6fece-a275-59c9-bd35-ff006d3e9e60	27	25
Ho letto questo libro ieri.	I read this book yesterday.	ae0bb44e-5702-55a5-922b-a51afa90f0d4	27	27
Il libro pesa un chilo.	The book weighs one kilo.	25498c0e-5c64-59e3-a09b-ebd7799b22a4	23	25
Ogni libro ha il suo destino.	Every book has its destiny.	64ac2003-5a2d-5b21-a58b-eef914933157	29	27
Questo è un libro strano.	This is an odd book.	03e62709-a808-50ea-9f4b-8b61576e7447	25	20
Stai leggendo quel libro?	Are you reading that book?	1a85bc3d-3fab-5eba-9858-70fad28899d8	25	26
Sta leggendo quel libro?	Are you reading that book?	4caf3fb1-ad7c-5cdb-a283-82b9095f4177	24	26
State leggendo quel libro?	Are you reading that book?	ef79beba-0a9a-5320-98a3-e039f2f6c07b	26	26
Tom ci ha dato un libro.	Tom gave us a book.	670d8bed-6f79-592f-96d4-4731ff9283a2	24	19
Tom ci diede un libro.	Tom gave us a book.	ce40d04d-4d76-5c96-9cbf-ff82c6c71e73	22	19
Tom ha letto quel libro.	Tom has read that book.	ed2858ea-3d45-5572-bd74-dc3191233eaf	24	23
Leggo un libro francese.	I read a French book.	0486932d-6f82-52f6-a452-c4e114e9fe35	24	21
Ho letto un libro francese.	I read a French book.	7bfae738-7cbc-5324-bfc0-affba3cbf540	27	21
Lessi un libro francese.	I read a French book.	68de490a-8b8f-5d3c-899f-e3127c73877b	24	21
Tom ha preso il libro di Mary.	Tom took Mary's book.	7d3ce707-c490-5544-8104-acb193701ebf	30	21
Tom prese il libro di Mary.	Tom took Mary's book.	08e2658b-8d8e-5156-9bb1-fb51df9b095d	27	21
Hai comprato il libro?	Have you bought the book?	ede89849-fc19-523f-93a0-43036fbe5ba6	22	25
Ha comprato il libro?	Have you bought the book?	465da1cb-eb61-5fe0-8d2c-d35bbe149b4b	21	25
Avete comprato il libro?	Have you bought the book?	e46d76d6-2391-568b-a9ba-f8d1a4a66c86	24	25
Hai perso il tuo libro?	Did you lose your book?	e4602212-f416-5400-a9f4-3094ad1cb1bf	23	23
Ha perso il suo libro?	Did you lose your book?	1f8b152c-d33d-563d-8d6c-e84e46f2fa41	22	23
Avete perso il vostro libro?	Did you lose your book?	4f03015c-bc6a-5ba9-9d5b-be7decb7b9d9	28	23
Dov'è il mio quaderno degli esercizi?	Where is my exercise book?	a20358b4-8d49-517a-bdc9-d29b45d13f56	37	26
Lui ha il libro?	Has he got the book?	a25a64a8-274e-5d42-82a9-e8a4ad9606af	16	20
Mennad si è concentrato sul suo libro.	Mennad focused on his book.	c8b5b736-ae25-5509-a7fd-7bc788f97ffa	38	27
Mennad si concentrò sul suo libro.	Mennad focused on his book.	a4e45127-cd54-538f-827f-8df774c09f3b	34	27
Le mancava il libro.	She lacked the book.	a3e74669-7f2d-5c8a-bb5a-3f47a0e60bf7	20	20
A lei mancava il libro.	She lacked the book.	d05d5f6d-c5c3-593a-b8ae-bd487fb11028	23	20
Questo libro è discretamente buono.	This book is pretty good.	59138aa8-2f62-54d6-a8c8-9b50f22c54a8	35	25
Il secondo libro è mio.	The second book is mine.	a4f5eaa6-0a14-5935-b279-41b3272d0922	23	24
Quale libro sta leggendo?	Which book is she reading?	16c2330b-9767-5c6e-a171-95278d00e4a8	25	26
Che tipo di libro sta leggendo?	What kind of book is she reading?	c8126fa1-1bcc-59b6-a295-1dfae9c4b8eb	31	33
Gabriel ha ripreso il libro.	Gabriel took the book back.	89b965ac-c4d5-505a-8650-40988db96dc6	28	27
Gabriel riprese il libro.	Gabriel took the book back.	e7a66eec-01f8-5805-b8a3-87e1384fbb4e	25	27
Tom ha bisogno di questo libro.	Tom needs this book.	0b284e7b-24c9-592a-bd18-42234316e5e2	31	20
A Tom serve questo libro.	Tom needs this book.	ba676895-3ffa-54b0-a876-9dfdb06904f5	25	20
Il libro era stregato.	The book was bewitched.	31dd6b18-d092-5c0a-9201-bd7452335341	22	23
Questo libro costa 23,50.	This book costs 23.50.	1abd6639-fae7-5feb-aba8-78553e1c669e	25	22
Quel libro era davvero buono.	That book was really good.	4b8620cb-e982-5ebb-b7f4-4f4b4486df87	29	26
Quel libro era veramente buono.	That book was really good.	9d70e56e-0f46-5476-842a-876b714dd3af	31	26
Tom mi ha mandato un libro.	Tom sent me a book.	eb8df72d-4af1-5009-8080-584bf9055824	27	19
Tom mi mandò un libro.	Tom sent me a book.	da106934-2f40-5779-9d8b-77b9a6503d6f	22	19
Ecco il mio nuovo libro.	Here is my new book.	2483f5b3-f229-5aea-a331-859bf711e09e	24	20
Questo libro ha tredici capitoli.	This book has 13 chapters.	01e9a2e3-2d0e-54c1-91c8-aab76c68cab2	33	26
È il loro libro preferito.	That's their favourite book.	05f3ef1c-718f-5dd2-afa6-5dbd2b5f15c1	26	28
È il suo libro preferito.	That's her favourite book.	c10a1022-3be0-5b5b-b70e-7dd637e42f8a	25	26
Mi ha mandato un libro.	He sent me a book.	ccf00350-fbad-5363-a5f3-3bb7e5847f3e	23	18
Mi mandò un libro.	He sent me a book.	c809f587-db7c-5f93-b871-c260cd2eabd1	18	18
Mennad sta scrivendo un libro.	Mennad is writing a book.	804d56c9-4dd3-563b-8024-9e298feab292	30	25
Mennad ha preso il libro di Baya.	Mennad took Baya's book.	658265b3-caf6-5c65-9846-be715490f863	33	24
Mennad prese il libro di Baya.	Mennad took Baya's book.	0b073ef0-1ccd-5255-9087-050a3a83ad6b	30	24
Mennad ha iniziato a leggere quel libro.	Mennad started reading that book.	2c6ea1e1-a1e4-56cd-adbf-d9a2fd72e058	40	33
Mennad ha cominciato a leggere quel libro.	Mennad started reading that book.	d0850316-d10c-5315-880b-1fed3013f263	42	33
Mennad iniziò a leggere quel libro.	Mennad started reading that book.	ed8c4eb5-9034-546e-b08d-054a186ea581	35	33
Mennad cominciò a leggere quel libro.	Mennad started reading that book.	9973c941-eddf-5848-ba9d-ec634c5364d7	37	33
Mennad è un libro aperto.	Mennad is an open book.	9ded74e3-021b-5503-8e35-9d22c9aecb70	25	23
È un libro francese.	It's a French book.	ab457b2c-8ef9-5d70-9725-03c44a28d403	20	19
Questo libro è piuttosto difficile.	This book is quite difficult.	e2dce190-c349-5072-873e-b69fb504f133	35	29
Ha ordinato il libro?	Have you ordered the book?	2899cd90-1c7e-594d-8417-eef21c4c7351	21	26
Avete ordinato il libro?	Have you ordered the book?	e4b10784-cb1b-559c-b8c0-66c7a7d024a4	24	26
Tom è un critico letterario.	Tom is a book critic.	767792b9-6291-5066-b6e5-29874e3e458b	28	21
Il libro è laggiù.	The book is over there.	3074b82a-8adb-577d-a259-844f378d1ddc	18	23
Che libro dovrei leggere?	What book should I read?	1ceebe2c-7224-5e13-9403-2e247297f72d	25	24
Tom ha chiuso rapidamente il libro.	Tom quickly closed the book.	1bf7e8a6-deeb-5ffc-b04d-76ab4ebff399	35	28
Tom chiuse rapidamente il libro.	Tom quickly closed the book.	1fdf70da-52e7-5ae5-852a-c1812e5b1d02	32	28
È un libro adorabile.	That is a lovely book.	b7b1adfc-d82a-59f4-a3ce-9745fbc53339	21	22
Quel libro è molto interessante.	That book is very interesting.	394f4a8f-a03d-5ba1-89f8-44ffb6136c3d	32	30
Ieri ho letto un libro.	Yesterday, I read a book.	d5867336-8bc9-5631-b7c8-032e4fbc77a6	23	25
Questo libro è stato una delusione.	This book was a disappointment.	acf8b3fd-7f7d-5e99-aecd-ff1c72d7deb8	35	31
Questo libro fu una delusione.	This book was a disappointment.	ed30729c-6d27-5e62-98b0-8d612640b1c2	30	31
Dovresti comprare questo libro.	You should buy this book.	ff2e606c-9b92-5094-9ff4-861a5fdd5aee	31	25
Dovreste comprare questo libro.	You should buy this book.	1fa11f48-1d50-52db-9776-84557ed23d37	31	25
Dovrebbe comprare questo libro.	You should buy this book.	3db0b368-6755-5546-a987-93e86788fb98	31	25
Di che parla quel libro?	What's that book about?	3764c9ea-f130-567f-b701-b10afb768c15	24	23
Tom ha scritto un altro libro.	Tom has written another book.	a70e5304-0873-593d-ac15-bbcf4d07731f	30	29
Tom ha prestato un libro a Mary.	Tom lent Mary a book.	3a709908-015e-5641-b3d5-73c6f73ca366	32	21
Tom prestò un libro a Mary.	Tom lent Mary a book.	53569cf7-32af-5779-8cc9-86b9c6ae96a6	27	21
Qualcuno ha letto quel libro?	Has anyone read that book?	e4806982-5f52-5660-932b-a13ac76e364f	29	26
Posso vedere quel libro.	I can see that book.	ce13bc23-357d-5265-a2e3-769fb06a86fb	24	20
Riesco a vedere quel libro.	I can see that book.	4ebbdc54-ea69-58b4-a153-a7c8f9a48b29	27	20
Scriverò un libro.	I'll write a book.	402085bc-66ca-533d-b49b-87eea0a7e870	18	18
Per favore, dammi un libro.	Please give me a book.	ba29cafd-9035-581a-8e72-4da94f2ee518	27	22
Per piacere, dammi un libro.	Please give me a book.	5e7c98df-879f-5dec-8ea1-4b916eb3c58c	28	22
Per favore, mi dia un libro.	Please give me a book.	3235c7f0-6605-5769-aeb8-b13fa6947fb9	28	22
Per piacere, mi dia un libro.	Please give me a book.	a053c5ab-2b22-57b7-974a-0fcb63d5662c	29	22
Per favore, datemi un libro.	Please give me a book.	0a10668d-4e5f-596a-bf8c-9636636b0bb9	28	22
Per piacere, datemi un libro.	Please give me a book.	51d89637-b51b-5e3c-a393-b82c58a3f6ee	29	22
Sta pulendo il libro.	She's cleaning the book.	6f0ba44b-98f3-5b68-9cef-0ae98a4fcc08	21	24
Questo era un buon libro.	This was a good book.	1ddb5817-3c68-53bb-a5ed-eed13b01df3e	25	21
Il libro costa cinque dollari.	The book costs five dollars.	962db630-9b08-5fb9-a870-01c0fed1c9e5	30	28
Padre mi ha comprato il libro.	Father bought me the book.	12519a9b-8e5d-5590-85df-55d639e40ffa	30	26
Padre mi comprò il libro.	Father bought me the book.	1c098d9c-fc55-5187-bf57-58929d693127	25	26
Il libro appartiene alla ragazza.	The book belongs to the girl.	3b50570f-5c9f-52c1-8541-af4b4a1057dc	33	29
Tom mi ha lanciato un libro.	Tom threw a book at me.	b7c29908-7d5d-58cc-8c28-6670069060f7	28	23
Tom mi lanciò un libro.	Tom threw a book at me.	943889b3-287d-5af0-8288-ddd3467ee00d	23	23
Hai letto un libro interessante?	Have you read an interesting book?	7121d69a-fb86-5114-b134-fe41bbf9633e	32	34
Ha letto un libro interessante?	Have you read an interesting book?	1bed5117-786d-5501-a039-253ea7459e6d	31	34
Avete letto un libro interessante?	Have you read an interesting book?	d0f73afb-2c73-5f96-afe5-6f0f90da24c1	34	34
Questo è il libro del mio amico.	This is my friend's book.	cf8141a1-178f-5895-a331-2d1b4ea9d604	32	25
Questo è il libro della mia amica.	This is my friend's book.	73856a10-1d08-5892-989c-6c3c16d66bdd	34	25
Questo libro appartiene al mio amico.	This book belongs to my friend.	a5d9d504-2d1b-5487-9a2a-1d23eeaf6d86	37	31
Questo libro appartiene alla mia amica.	This book belongs to my friend.	e4a81f3e-e5da-5852-971d-3e209aabce6b	39	31
Stasera leggo un libro.	Tonight I am reading a book.	f9cc47c5-0d60-57f3-a9c3-af23f342da1a	23	28
Questa sera leggo un libro.	Tonight I am reading a book.	5602b2e3-1a0a-5451-a8e6-18ec9cd535d2	27	28
Stanotte leggo un libro.	Tonight I am reading a book.	e43b9e1e-8d3f-5eb0-855a-dd64851e5a23	24	28
Questa notte leggo un libro.	Tonight I am reading a book.	b849ef9d-be32-5b97-93d0-40316a4ff034	28	28
Quale libro dovrei comprargi?	Which book should I buy him?	4ac76f8a-eb2f-5d70-90f1-89de6e33d67f	29	28
Chi sta pagando per questo libro?	Who's paying for this book?	0e6a8587-8a04-507d-97bf-df5be2f59d34	33	27
Deve prendere in prestito quel libro.	He needs to borrow that book.	aad77164-a442-567d-91ca-a4bd15da8f54	37	29
Ha bisogno di prendere in prestito quel libro.	He needs to borrow that book.	c6c4f259-1c01-58f6-a48d-224d577d2913	46	29
Ha continuato a cercare il libro.	He kept looking for the book.	c65c76d1-c057-5144-84a4-ea929c1c3e9b	33	29
Continuò a cercare il libro.	He kept looking for the book.	a3417dab-7282-5382-b894-8a8669fda76a	28	29
Sto cercando un libro.	I'm looking for a book.	609e5947-d08a-5ecf-a0ec-4fbb417d2ebf	22	23
Ho letto il libro due volte.	I've read the book twice.	0e001ec3-889a-5652-9bb0-462736b9b7e7	28	25
Stava solo leggendo un libro.	He was just reading a book.	c52fe754-455c-59a6-900b-46f00050ca26	29	27
Stava soltanto leggendo un libro.	He was just reading a book.	494b3e16-c851-59cf-a1e9-e38268b7e026	33	27
Stava solamente leggendo un libro.	He was just reading a book.	5eefbda8-25ec-5be2-9962-87b2f81fbc4b	34	27
Mia madre mi ha comprato un libro.	My mother bought me a book.	124fea1d-5baa-5e2b-92ba-ca0a8129cf23	34	27
Mia madre mi comprò un libro.	My mother bought me a book.	1d4f8549-d612-5c31-aed3-70cd9ec2bd8d	29	27
Devo leggere quel libro.	I have to read that book.	eecf7496-efa8-523e-b605-fbca003e6360	24	25
Devo leggere il libro.	I have to read the book.	9ccfc974-f9a7-5e29-bf53-29f8db55fe79	22	24
Devo leggere questo libro.	I have to read this book.	df23ae52-7caf-55f4-8bf0-9652b944cd93	26	25
Qualcuno sta cercando un libro.	Someone is looking for a book.	d67c6aae-00aa-5840-a7a3-792c9785a030	31	30
Il libro è ancora in stampa.	The book is still in print.	0fc09097-a8c4-531c-ab85-36085ab1224b	28	27
Vuole leggere il libro.	He wants to read the book.	01c76f58-9f8a-5d35-ab0a-0a0252fb8f79	23	26
La sua reazione è impossibile da prevedere.	Her reaction is impossible to predict.	d1f26bb5-38b3-5c72-a014-640ab199c9ff	43	38
Sono ancora così giovani.	They're still so young.	c1aa0e0d-2ef5-5523-9a94-91f4da1eaa03	25	23
Non ho letto il libro.	I haven't read the book.	7c6f0ea8-3488-58ce-a2e7-1aa9bfb860c5	22	24
Non pensi che mi merito una scusa?	Don't you think I deserve an apology?	acc46a30-df0f-54aa-b807-d5d95d7a5a66	34	37
Non pensa che mi merito una scusa?	Don't you think I deserve an apology?	f7525883-2396-587d-b5aa-db9a24efd12e	34	37
Non pensate che mi merito una scusa?	Don't you think I deserve an apology?	6ae6445e-e77e-5404-bfef-9d7e3ef46eec	36	37
E se non venissero?	What if they don't come?	4cbebcea-a010-534a-880c-dde3d64959e5	19	24
Ha sfruttato la sua vulnerabilità.	He exploited her vulnerability.	430b6935-dd0b-55bc-8a47-604f5069e29d	34	31
Quando mangeremo?	When are we going to eat?	ef6d472f-c088-5e34-b285-15c8eff5baa0	17	25
Il suo silenzio nascondeva una dolorosa verità.	Her silence hid a painful truth.	edca8710-c681-510c-890f-fb72a1a533f1	47	32
Ha cercato l'aiuto di un amico.	She sought help from a friend.	6d770aa6-56de-59db-becb-ecbb1bb7465c	31	30
La fiducia tra loro è andata in frantumi.	Trust was shattered between them.	72cafc7c-e2af-5a6b-af1d-52e5e0e493df	41	33
Guarire da un abuso richiede tempo.	Healing from abuse takes time.	c595db7d-0bc3-59ee-a876-da21264f5f1b	35	30
Ha trovato il coraggio di parlare apertamente.	She found courage to speak out.	766e8603-1c9f-51a6-843f-a9b3ff016b45	46	31
Denunciare l'abuso è stato difficile.	Reporting the abuse was difficult.	f3312ba4-17db-510b-8b7f-07b99aff745d	37	34
Ha affrontato le conseguenze delle sue azioni.	He faced consequences for his actions.	4571cae9-c1bf-5714-95f9-a438c2679efa	46	38
È andata in terapia per affrontare il trauma.	She sought therapy to cope with trauma.	2b97daa7-25ff-5f59-a5e7-6dc0950206b5	45	39
Lo stigma che circonda l'abuso è nocivo.	The stigma surrounding abuse is harmful.	722fdb10-e707-53ed-b8e7-a53b91f8a4fa	40	40
La giustizia era un obiettivo importante per lei.	Justice was an important goal for her.	41f1fb3f-d182-5704-b026-efd5928f64a9	49	38
Scrivo, dunque sono.	I write, therefore I am.	0541773e-fae5-52f6-a317-32f2fbd7a27d	20	24
Non ho mai fumato un tutta la mia vita.	I've never smoked in my whole life.	5b0ce941-2409-5254-953f-eedf0697ab21	39	35
Sperimentare il piacere è il mio punto focale.	Experiencing pleasure is my key focus.	31f4419e-aa46-5c66-a94b-4f74de1c912f	46	38
Felicità e piacere sono i miei principi guida.	Happiness and pleasure are my guiding principles.	c4754082-90fa-5c3e-b527-17233c8b1f11	46	49
I beni materiali non equivalgono alla felicità.	Material possessions don't equate to happiness.	305978da-0088-528d-9531-97487e6177c1	47	47
Mary era sovrappeso quando era adolescente.	Mary was overweight when she was a teenager.	8c51dce1-410e-5ccb-80f3-42fa65cf28c0	43	44
Mary ammette che lo fa.	Mary admits she does that.	b9caecf3-c653-5b68-9421-60ba70c56c87	23	26
Mary ammette di farlo.	Mary admits she does that.	ae3a9af9-dc57-56f2-bd65-4b7e7152bedf	22	26
Mary ha detto che non l'ha fatto.	Mary said she didn't do that.	a51b498e-a9f0-5ca9-9aa2-a87987bd13ef	33	29
Mary disse che non lo fece.	Mary said she didn't do that.	a5ce4456-8da2-574e-a05a-c347f60ef018	27	29
Di' a Mary che deve andarsene.	Tell Mary she has to leave.	d033065e-0683-5c61-8157-ca2f6e148d39	30	27
Dica a Mary che deve andarsene.	Tell Mary she has to leave.	3b7cca9f-09dd-5855-be13-861e9b8794c6	31	27
Dite a Mary che deve andarsene.	Tell Mary she has to leave.	e07bb098-ea96-57ba-89fb-a5cde1aaf229	31	27
Di' a Mary che se ne deve andare.	Tell Mary she has to leave.	8349f71b-1baf-5be3-ae85-ac8b79ce0aec	33	27
Dite a Mary che se ne deve andare.	Tell Mary she has to leave.	4c99cbcc-87bd-5903-975d-a29347025070	34	27
Dica a Mary che se ne deve andare.	Tell Mary she has to leave.	96eeac1f-2544-5ed1-8579-e40a51b30c04	34	27
Mary è ancora una prigioniera, vero?	Mary is still a prisoner, isn't she?	ffa29b9f-bc17-51c6-8959-ae1d080f844d	36	36
Mary era seduta in mezzo ai suoi genitori.	Mary was sitting between her parents.	d0c3aded-db8c-5eed-9fb1-e733286677fb	42	37
Mary ha detto che voleva andare in pensione.	Mary said she wanted to retire.	24bb0caa-8849-5d79-b1dd-371e1ebb2d6e	44	31
Mary disse che voleva andare in pensione.	Mary said she wanted to retire.	940976f7-db56-5e9f-b143-62c77f2578bb	41	31
Mary è testarda, vero?	Mary is stubborn, isn't she?	6d8c44c6-2683-507e-a198-e49de0adf9b2	22	28
Mary è estroversa, vero?	Mary is extroverted, isn't she?	b9622a95-3b2d-5428-ae29-10cc21c0c222	24	31
Se avessi una figlia, non la chiamerei Mary.	If I had a daughter, I wouldn't name her Mary.	fead2759-edb6-5db4-b760-43f3c0b5335f	44	46
Mary sta per farlo, vero?	Mary is about to do that, isn't she?	3ea66099-3cd3-5249-b53f-20e82caca493	25	36
Mary lo sta per fare, vero?	Mary is about to do that, isn't she?	0e504759-dfb0-5d49-aa62-f9b92b0f56c1	27	36
Mary è venuta a Boston da insegnante.	Mary came to Boston as a teacher.	1848a7b0-33f0-53c4-ac60-6699d6b4ae3c	37	33
Mary venne a Boston da insegnante.	Mary came to Boston as a teacher.	acec1a14-aa40-5800-9a58-4a6b2cae294e	34	33
Si sono diretti a scuola.	They headed to school.	56df7df1-1a4c-56a8-afea-3c00742d60ae	25	22
Si sono dirette a scuola.	They headed to school.	e57bea23-4287-5662-9174-8f1ecc066bae	25	22
Si diressero a scuola.	They headed to school.	b6c6c308-483d-5b51-9be1-807e04b42ee3	22	22
Hanno iniziato a saltare la scuola.	They started skipping school.	20f8d8da-7cfe-5929-bc70-0d2b5fbe1df7	35	29
Hanno cominciato a saltare la scuola.	They started skipping school.	86503bd6-b1be-5297-9010-f7fc60f61056	37	29
Iniziarono a saltare la scuola.	They started skipping school.	93dfca7c-d2fc-5c79-b0ed-d9a167b5b0f2	31	29
Cominciarono a saltare la scuola.	They started skipping school.	f5c88600-a0bb-5ca7-82ea-dde201fbabc7	33	29
Salta la lezione.	Skip class.	10f083be-5048-5bd3-870f-0fae098c5dac	17	11
Salti la lezione.	Skip class.	31ad9bc6-20c6-5c1d-a9fe-34d0e813832d	17	11
Saltate la lezione.	Skip class.	67cd5b33-e90d-54ee-b0a5-bbf94e01806e	19	11
Aveva lezione.	He had class.	12df1335-73fb-570b-a9cb-c8e245a211f0	14	13
La lezione era finita.	Class was over.	e9b08afb-3871-5a3a-9ad4-9072d2194345	22	15
Questa lezione è difficile.	This lesson is difficult.	ea101a3f-9363-52a1-9a8b-ffd87443715b	27	25
Ho spiegato la lezione.	I explained the lesson.	042ba23c-1ef5-5e74-adac-e2461510f644	23	23
Spiegai la lezione.	I explained the lesson.	fda7cfae-9cda-5968-a024-61e38dfe242c	19	23
Ha imparato quella lezione.	He learnt that lesson.	8d0557c1-357b-5dd8-8e4e-8499f8e50843	27	22
Imparò quella lezione.	He learnt that lesson.	5cd1a871-7a3d-5e0e-940c-2cc9614150fc	22	22
Ha continuato la lezione.	He continued the lesson.	1e3f6035-0ebe-5e95-8161-8b5cbd189ee9	25	24
Continuò la lezione.	He continued the lesson.	08427e09-4e60-5de0-9956-042762a713e4	20	24
Sami ha imparato la lezione.	Sami learned the lesson.	07cade77-25e4-56b3-9835-4fa4eabedcb6	28	24
Sami imparò la lezione.	Sami learned the lesson.	3b569c3d-9248-52e5-adf1-74a41d95e10a	23	24
La lezione tre è difficile.	Lesson Three is difficult.	493d5f0b-8f5d-563b-be55-72c4e75dd061	27	26
La lezione è di classe.	The lesson is classy.	8c2f15d7-fda5-5835-8a20-96802794fc62	23	21
Abbiamo imparato la nostra lezione.	We learned our lesson.	8506f695-8190-5f34-bc73-1d31ef0f7c1e	35	22
Imparammo la nostra lezione.	We learned our lesson.	f3decbf1-9b2a-5097-bc61-9df45dbaa5fc	28	22
La vita gli ha dato una lezione.	Life gave him a lesson.	cd62735e-b244-51ce-b197-59bd5bf0c302	32	23
La vita gli diede una lezione.	Life gave him a lesson.	cd29412a-1dec-56b2-a53d-8e67c85cbd87	30	23
La vita le ha dato una lezione.	Life gave her a lesson.	3c380c16-dd57-5f8d-831b-02324ebe542f	31	23
La vita le diede una lezione.	Life gave her a lesson.	4b48d8d3-eb79-50bb-a3fe-e52d67dd52f5	29	23
La vita ti ha dato una lezione.	Life gave you a lesson.	da0d1a16-9207-5626-bd70-f2fff8654188	31	23
La vita ti diede una lezione.	Life gave you a lesson.	07da12ab-ccc4-54ef-a50b-637488bf4a55	29	23
La vita vi ha dato una lezione.	Life gave you a lesson.	fd58a4a2-3ddc-5012-81b7-33d4ecc97a75	31	23
La vita vi diede una lezione.	Life gave you a lesson.	5ed5d4ad-21a5-5006-8ec8-84aa4e466945	29	23
La vita ci ha dato una lezione.	Life gave us a lesson.	aab50f9b-cb7b-5255-9af1-67f3edb57493	31	22
La vita ci diede una lezione.	Life gave us a lesson.	393fc1dc-234c-5354-b32e-f729c36d03e4	29	22
La vita ha dato loro una lezione.	Life gave them a lesson.	955850ac-b5ea-5f7b-a414-486307a306a6	33	24
La vita diede loro una lezione.	Life gave them a lesson.	9c333f42-f45d-5f24-89b1-91b0ec6d2026	31	24
Ho imparato una lezione oggi.	I learned a lesson today.	adf57430-7680-5e72-b222-2595417c4353	29	25
Tom ha imparato la sua lezione.	Tom has learned his lesson.	67baa0a1-f174-513a-8ede-2eccfc64a225	31	27
È la prima lezione.	It is the first lesson.	d6676c1e-b73a-5099-a2d1-da80c32c089b	19	23
Tom non impara mai la sua lezione.	Tom never learns his lesson.	fe8e5dc1-d7d5-5e6a-a986-0e593fa4cead	34	28
Quando finirà questa lezione?	When will this lesson end?	4740f458-d715-5c0e-bc7f-20430c2dbb06	29	26
Quando finisce questa lezione?	When does this lesson end?	0885abb0-8e47-57d1-a464-e966d21ece62	30	26
È la nostra prima lezione.	It's our first lesson.	fc86010e-adc9-580f-b62e-14551cfbde30	26	22
Ho studiato per la mia lezione.	I studied for my lesson.	593efde8-23ed-5fd4-9a35-2d0b206942a2	31	24
Studiai per la mia lezione.	I studied for my lesson.	7d2efebf-7cbe-50e2-b94c-1053bd815510	27	24
Maria ha dato una lezione a Tom.	Maria gave Tom a lesson.	298a7cfb-2330-5c42-96b8-87b2e2e9b4e6	32	24
Maria diede una lezione a Tom.	Maria gave Tom a lesson.	1980e9f6-1be9-5a51-a94f-b0f0e4b9dd3d	30	24
Ho imparato una lezione.	I've learned a lesson.	27cec3ea-a4b9-590a-be4d-02fcf5b522e4	24	22
Tom ha imparato una lezione di vita.	Tom learned a life lesson.	a12c0c63-e355-5d47-84f2-169968788f75	36	26
Tom imparò una lezione di vita.	Tom learned a life lesson.	ed79df05-eb12-548d-8ad9-cac04f73fe93	31	26
È stata una lezione utile.	That was a useful lesson.	f90ee32d-bdd7-54ac-bea2-f639c21984f7	26	25
Fu una lezione utile.	That was a useful lesson.	2b5f0c74-a4c8-5936-a3b1-4080b6f05f1a	21	25
Era una lezione utile.	That was a useful lesson.	d721009f-ab5d-5154-b2bd-0d88f83f2f73	22	25
Sami ha imparato una lezione preziosa.	Sami learned a valuable lesson.	af4e21bb-a4bc-5b6c-b297-c2ca5ca9ed1f	38	31
Sami imparò una lezione preziosa.	Sami learned a valuable lesson.	17567164-e4fd-58fd-a74d-9473c2bd3f10	33	31
Sami ha imparato la sua lezione.	Sami has learned his lesson.	8a35272e-18c2-5092-8387-fd166ff979d0	32	28
Ho una lezione di pianoforte oggi.	I have a piano lesson today.	54ec6d61-1735-5d53-8e75-e3bda28c5b12	34	28
Ogni fallimento ci insegna una lezione.	Each failure teaches us a lesson.	158af06c-220b-52df-b7be-fb3699379406	39	33
Era una lezione per lui.	It was a lesson for him.	907f3463-51f5-583f-9471-93830ce7193f	24	24
Ritorniamo alla Lezione 3.	Let's return to Lesson 3.	ec3baef4-805b-56c2-ac56-36d6b2e03d70	26	25
Devi imparare la tua lezione.	You have to learn your lesson.	c2926921-e3aa-54fe-a61f-c3d7ad4b4e9a	29	30
Deve imparare la sua lezione.	You have to learn your lesson.	3e6d95cb-1eb1-52b3-9e44-13d281ff6b50	29	30
Dovete imparare la vostra lezione.	You have to learn your lesson.	d5dab2c7-a710-5c41-bacc-a7701f7a3d7d	34	30
Yanni ha imparato dalla lezione di Skura.	Yanni learned from Skura's lesson.	7bd347d4-f1d5-597a-9037-9361e363e3f4	41	34
Yanni imparò dalla lezione di Skura.	Yanni learned from Skura's lesson.	f7c73f0e-7b8a-5b75-881d-f40fd6110564	36	34
Ti insegnerò una lezione.	I'll teach you a lesson.	40150bd5-de10-542e-899d-34114242fbc9	25	24
Vi insegnerò una lezione.	I'll teach you a lesson.	99f0b34c-3484-5bfb-a464-2e22ee087283	25	24
Le insegnerò una lezione.	I'll teach you a lesson.	95681a88-1197-5b57-b360-bc52c10d7c09	25	24
Tom non imparò la sua lezione.	Tom didn't learn his lesson.	413320c0-e8ac-543f-a18a-f6c4bb1063df	30	28
Metti giù la tua matita.	Put your pencil down.	f661c8c7-5050-5d30-9730-249190e2489f	24	21
Metta giù la sua matita.	Put your pencil down.	88b223a5-3d50-5b24-ab25-3e2c1908938b	24	21
Mettete giù la vostra matita.	Put your pencil down.	551c538a-bf7a-5969-868f-3c88f6d61f8c	29	21
Compri una matita per lui.	You buy a pencil for him.	660d383a-9c96-5fab-83b3-fa95d7185299	26	25
Compra una matita per lui.	You buy a pencil for him.	7aff72ce-1e41-51b6-b38e-589b5a8124f4	26	25
Comprate una matita per lui.	You buy a pencil for him.	c433b7bc-eac1-5e87-b082-89e6691bd361	28	25
Donald ha lanciato la sua matita contro Jessica.	Donald threw his pencil at Jessica.	3c165e29-8a9b-5c97-8aed-c1f8069387e0	48	35
Donald lanciò la sua matita contro Jessica.	Donald threw his pencil at Jessica.	9bbbf0e9-5e9d-513e-acd2-c82d2834d59c	43	35
Fai spesso dei disegni a matita?	Do you often do pencil drawings?	94207f5b-aa81-58a3-89c3-8ee609b29619	32	32
Fa spesso dei disegni a matita?	Do you often do pencil drawings?	11f90fd0-7224-5e55-af0f-b86e07cd6b31	31	32
Fate spesso dei disegni a matita?	Do you often do pencil drawings?	2c8e88c2-c74d-5581-b6a4-5cfe2ece4487	33	32
Scrivi il tuo nome con la matita.	Write your name with the pencil.	1cd8459d-6eee-5d3c-8d2b-9bca0561edfb	33	32
Scriva il suo nome con la matita.	Write your name with the pencil.	6303c55d-d8a6-54fc-9853-38504a04c23e	33	32
Scrivete il vostro nome con la matita.	Write your name with the pencil.	c1674b2e-f97a-5e75-a392-5d6c572f6c39	38	32
Dov'era questa penna?	Where was this pen?	aca80be6-b59d-5d52-8498-34a58c214912	21	19
Dov'era questa biro?	Where was this pen?	13b5486b-14be-5244-b85b-1c72f7ad52ec	20	19
È la mia biro?	Is that my pen?	2ef32600-8fea-54ab-8b17-de880d349b84	14	15
È la mia penna?	Is that my pen?	6c8369bc-9763-5a1b-823f-00c89fa18955	15	15
Vendimi questa biro.	Sell me this pen.	06bfa94c-fb72-56b2-a909-34d8c01c487c	20	17
Vendimi questa penna.	Sell me this pen.	3cdb6e5c-4f29-5cf8-9bb7-2bb4442fef62	21	17
Mi venda questa biro.	Sell me this pen.	7e9d165f-507c-52b7-8732-a1796b3108d8	21	17
Mi venda questa penna.	Sell me this pen.	b18468d1-6f9a-50bb-ba06-dc4127279da1	22	17
Vendetemi questa biro.	Sell me this pen.	d93b4d35-d5a8-5df3-9cf0-97b4c4792dfc	22	17
Vendetemi questa penna.	Sell me this pen.	358086d5-3a54-5e8e-a7e4-9f7287c8c4cf	23	17
Potrei avere la biro?	Could I have the pen?	ddf29ca3-1db8-5118-ae24-79c66882e752	21	21
Potrei avere la penna?	Could I have the pen?	26fa4b6a-0219-51d2-b30c-2a4b19fd16f5	22	21
Questa biro non è nera.	This pen isn't black.	9ed08ddf-abd7-50d4-a640-0c0a39543040	23	21
Questa penna non è nera.	This pen isn't black.	4a8899bb-28e4-5860-926d-3df0f7560d51	24	21
La biro ha l'inchiostro nero.	The pen has black ink.	91d353b7-f1fe-599c-a0bc-0e9a3c4e4dee	29	22
La penna ha l'inchiostro nero.	The pen has black ink.	984e0cf1-ef60-55ba-a19c-628fc08de676	30	22
La mia biro è questa.	My pen is this one.	b7ec25e8-9894-5b71-89a7-b2400c04dc13	21	19
La mia penna è questa.	My pen is this one.	64ed38a0-21af-512f-809b-3cbc0f09ad1b	22	19
Ha fallito l'esame di matematica.	He failed the math exam.	31abf8b1-9203-53f7-b774-3f5bb7a5e493	33	24
Fallì l'esame di matematica.	He failed the math exam.	341bb2a6-d7b7-588e-96c2-61d4b8b170a5	28	24
Hanno tutti superato l'esame.	They all passed the exam.	9049ab94-67b4-521e-ad8a-3c7fe94374c8	29	25
Hanno tutte superato l'esame.	They all passed the exam.	97c4d50e-e182-5747-b53d-354aa214c293	29	25
Superarono tutti l'esame.	They all passed the exam.	71d70a32-4f2d-5f4f-b88f-2925b952eaf2	25	25
Superarono tutte l'esame.	They all passed the exam.	3d6554c6-1b6d-5e64-a31a-515a1bd594e1	25	25
Superò un esame di inglese.	She passed an English exam.	21d98b4d-391e-55df-b839-a581e62b366e	27	27
Ha avuto un esame orale.	He had an oral exam.	2757fa2a-4e8d-5595-95fa-b9fbb1735eae	24	20
Ebbe un esame orale.	He had an oral exam.	fc79f859-056d-5ca2-a16c-964df6f9e588	20	20
Mi sto preparando per un esame.	I'm preparing for an exam.	8e2f62c2-9ea1-5780-a782-7a9814dafb0f	31	26
Spera di superare l'esame.	He hopes to pass the exam.	0e034786-d34d-51c7-aa24-2ecc73482f7f	26	26
Com'è stato il tuo esame? Così così.	How was your exam? So-so.	f76658d7-90a3-5080-9931-ed43513b6c5b	36	25
Tom spera di superare l'esame.	Tom hopes to pass the exam.	3cb3d038-4b94-5498-8bb9-aded12c36a93	30	27
Penso che il mio esame sia andato bene.	I think my exam went well.	641ba225-79a1-5696-94e3-fee61afcd0e4	39	26
Hai studiato per l'esame?	Did you study for the exam?	33001d42-2fd4-55af-bab5-f54e3c525124	25	27
Ha studiato per l'esame?	Did you study for the exam?	819d990b-2b1f-52a3-a8b5-5a36ca96f72c	24	27
Avete studiato per l'esame?	Did you study for the exam?	6d8e8ffa-9d67-5be9-a97a-713d9adaa2ef	27	27
Quando sarà l'esame finale?	When will the final exam be?	b02223d5-75e5-590a-a710-4c50411f7fbd	27	28
Si stava preparando per un esame.	He was preparing for an exam.	6da1e81e-695a-53bc-b5cd-cdc80cf0c139	33	29
So che ha superato l'esame.	I know she passed the exam.	70941ce3-d425-538c-b6c5-0a92326fb5db	27	27
Tom probabilmente supererà l'esame.	Tom will probably pass the exam.	cf55859e-ff53-5fc5-bd75-e2be6b39b818	35	32
Spera di superare il suo esame.	He hopes to pass his exam.	c2bb8cbe-95b5-5084-aee4-6dd7823ded52	31	26
Hai mai fallito un esame?	Have you ever failed an exam?	f81d22c9-a2fc-5cf8-bc38-c6f5a43d4171	25	29
Ha mai fallito un esame?	Have you ever failed an exam?	797610cd-868d-5a2b-b086-ceac5ea45c60	24	29
Avete mai fallito un esame?	Have you ever failed an exam?	a5e99e57-63ef-578b-9e58-9f4f5397206d	27	29
L'esame termina fra mezz'ora.	The exam ends in half an hour.	b0d5d7d0-9c1a-5f4c-8c9e-493b4a563ce9	29	30
Si sta preparando per l'esame.	He's getting ready for the exam.	b22748c9-0a80-5b59-9bc8-65e3a3c3bbba	30	32
Ziri ha studiato il libro per il suo esame.	Ziri studied the book for his exam.	c7d01648-453a-586c-b9db-74a130d730a2	43	35
Ziri studiò il libro per il suo esame.	Ziri studied the book for his exam.	d7d9ab58-35e8-5056-a636-0ae8adb95df0	38	35
In quanti eravamo?	How many of us were there?	63d72a87-b61d-5c86-b8f7-a66d9fe80ed0	18	26
Mary ha detto che ti stava cercando.	Mary said she was looking for you.	4bfebf61-5156-5e58-acec-413d9ec9d109	36	34
Mary ha detto che vi stava cercando.	Mary said she was looking for you.	ec1c04c6-64bc-5bf8-963c-b1f9c92c4232	36	34
Mary ha detto che la stava cercando.	Mary said she was looking for you.	4bdf38c8-a0d9-5370-918c-ba059ca6bcde	36	34
Mary disse che ti stava cercando.	Mary said she was looking for you.	e41a2198-ca3c-5960-ab5e-6516b2a647a1	33	34
Mary disse che vi stava cercando.	Mary said she was looking for you.	cf872ccd-11ce-5668-8547-f0e42aa641ae	33	34
Mary disse che la stava cercando.	Mary said she was looking for you.	3ead6ade-097a-51f4-987f-6e009fb50517	33	34
L'esame avrà luogo venerdì.	The exam will take place on Friday.	a0b6ca82-e6b4-50d5-848c-638c654f4d05	27	35
Ho comprato della sabbia.	I bought sand.	3e8c2ffb-a47c-50c1-981e-d8ecc940bb56	25	14
Comprai della sabbia.	I bought sand.	56ff1a88-42b0-57be-a3e0-9bfcd4ad847a	21	14
Mangia della sabbia.	Eat sand.	5ecdb000-e3cc-58a1-a084-817494296e60	20	9
Mangi della sabbia.	Eat sand.	1a1eb1b4-5899-5bb7-a2dc-6c987d4d8898	19	9
Mangiate della sabbia.	Eat sand.	e6f497fc-454b-5150-9835-80740dc4ef0b	22	9
Tom ha trovato un dollaro di sabbia.	Tom found a sand dollar.	20e1a833-fa9c-5a96-a775-12d126e30480	36	24
Tom trovò un dollaro di sabbia.	Tom found a sand dollar.	162243d8-aced-5f86-ac7f-1c8cd5af4989	31	24
La sabbia è davvero calda.	The sand is really hot.	d08c0ffd-b6c5-5c78-85fe-b41527da399e	26	23
La sabbia è veramente calda.	The sand is really hot.	55dcc6eb-fe5b-5c5a-add5-e9ee1f43ddf5	28	23
Ijdi significa sabbia in berbero.	Ijdi means sand in Berber.	1048cd33-2c8d-50c5-a221-20985bfaa7d9	33	26
Ijdi vuol dire sabbia in berbero.	Ijdi means sand in Berber.	3a90f8af-05ae-541e-9fc3-08f21494b8af	33	26
Ijdi vuole dire sabbia in berbero.	Ijdi means sand in Berber.	4ff7397b-4453-58ad-b2e6-b93224275280	34	26
Ad Anakin non piace la sabbia.	Anakin doesn't like sand.	6b9dd582-a964-530c-9dd9-6bb80c36c212	30	25
Stavano giocando nella sabbia.	They were playing in the sand.	90a433fb-5287-5f86-8401-ca87245ee81d	30	30
Stavano suonando nella sabbia.	They were playing in the sand.	71aafa3b-c45a-5d7b-bca1-394444e9f08d	30	30
Sami ha lanciato della sabbia contro Layla.	Sami threw sand at Layla.	b2a4162b-0b9a-5f1e-827b-9c83ebf0c49a	43	25
Sami lanciò della sabbia contro Layla.	Sami threw sand at Layla.	485fefe3-68b2-5935-8cd6-0888b0dc5ee9	38	25
Tom sedeva sulla sabbia.	Tom sat on the sand.	2cd3a227-110a-573a-9b23-60ded6ccf156	24	20
Preferisce le spiagge di sabbia bianca.	She prefers white-sand beaches.	70c92f11-c4c4-5adb-94ca-beb2094ffc43	39	31
Questo è un secchio di sabbia.	This is a bucket of sand.	6580f8b3-6734-5684-a876-cb0f6eef60cb	30	25
C'è della sabbia nelle mie scarpe.	There's sand in my shoes.	805ca818-36bb-50dd-bf6f-e30ef820e52c	34	25
Il camion era bloccato nella sabbia.	The lorry was stuck in sand.	f80758c2-d252-5b4e-a6fe-96e865388137	36	28
Ziri stava rotolando nella sabbia.	Ziri was rolling on the sand.	c451c992-d6d0-506a-a5d5-e797438a3647	34	29
Ho della sabbia nella scarpa.	I have sand in my shoe.	966eedeb-0619-522b-8b12-0d20186074ca	29	23
Riempi il secchio di sabbia.	Fill the bucket up with sand.	ea4657ef-f926-5899-a35a-ad67f6a26dce	28	29
Riempia il secchio di sabbia.	Fill the bucket up with sand.	77e01fe0-35f2-567f-9c5b-3a76a9078190	29	29
Riempite il secchio di sabbia.	Fill the bucket up with sand.	cdc7ae3d-2d3b-51a9-9745-f8b67a6ba601	30	29
Metti della sabbia nel secchio.	Put some sand in the bucket.	c98fd608-dd0a-59d9-b4f8-0d722af07fab	31	28
Metta della sabbia nel secchio.	Put some sand in the bucket.	4846aa1d-9d9b-5394-a7b9-6099b717a700	31	28
Mettete della sabbia nel secchio.	Put some sand in the bucket.	b6692690-f825-5dbd-9336-a8f3692ab415	33	28
Hanno riempito i loro secchi di sabbia.	They filled their buckets with sand.	c92ff386-fab7-51fe-a6d2-7f0cb79f076b	39	36
Riempirono i loro secchi di sabbia.	They filled their buckets with sand.	1deb8c68-037a-5c5a-8de6-4d67c7738502	35	36
Ho della sabbia nei capelli.	I have sand in my hair.	42ab9de6-c4b7-5907-abeb-434d7d7933f9	28	23
C'è della sabbia nel letto.	There's sand in the bed.	4b15fd6d-aa66-5a69-8d4d-3229a24a7b48	27	24
Tom ha riempito il suo secchio di sabbia.	Tom filled his bucket with sand.	7482ab22-3941-58a2-97f7-d36f0eef912e	41	32
Tom riempì il suo secchio di sabbia.	Tom filled his bucket with sand.	f3dd3a3e-505b-533b-8240-04a08baad71f	36	32
Felix ha costruito dei castelli di sabbia.	Felix built sand castles.	81772700-a71c-50e0-b7d0-2d51519e6b5b	42	25
Felix costruì dei castelli di sabbia.	Felix built sand castles.	19cd3710-09c6-5e67-be2f-bbfbca35f2f0	37	25
Il fuoco trasforma la sabbia in vetro.	Fire turns sand into glass.	5133b469-7994-5661-9bd5-40436161f0bf	38	27
Il barattolo era pieno di sabbia.	The jar was filled with sand.	ae15e884-1ef4-5686-a6b2-92b314522cd1	33	29
Nel deserto, la sabbia è economica.	In the desert, sand is cheap.	10b2fffe-2b5e-55f0-ab72-1da2b1f4edd7	35	29
Rotolava nudo nella sabbia.	He rolled naked in the sand.	424a8748-54e0-5c7f-90c2-5871b123f9e9	27	28
La bocca di Sami era piena di sabbia.	Sami's mouth was stuffed with sand.	97ff03ee-908d-5a69-9503-e98f5da8e1fa	37	35
Ho una collezione di dollari di sabbia.	I have a collection of sand dollars.	e94d7c24-3a69-525a-b55e-32e023405b39	39	36
Mi piacciono le feste in spiaggia.	I like beach parties.	1fc8f9ab-ff35-52c6-9d55-9f287104ae74	34	21
A me piacciono le feste in spiaggia.	I like beach parties.	4e23af42-1be4-532e-80c3-1819700c1315	36	21
Questa spiaggia è bella.	This beach is beautiful.	ee9c7331-4682-55ba-a016-e256483f88c0	24	24
A Tom piaceva la spiaggia.	Tom liked the beach.	9bc6e260-93b9-5f37-adeb-f7574f3130f8	26	20
A James piaceva la spiaggia.	James liked the beach.	13ddb383-a249-5080-b1a7-1cfdcaf1a135	28	22
Tom ha pulito la spiaggia.	Tom cleaned the beach.	ec40b23c-c7a5-5e60-8079-16f63909abeb	26	22
Tom pulì la spiaggia.	Tom cleaned the beach.	7521d760-42ba-5619-a237-c3ed9860c854	21	22
A Tom piace la spiaggia.	Tom likes the beach.	2480e867-2170-5fb6-8d42-93579c44df3d	24	20
Tom ama la spiaggia.	Tom loves the beach.	f00a2325-eff0-5377-965a-c874ad79eaee	20	20
Yanni ama la spiaggia.	Yanni loves the beach.	6e8fa285-4ab0-5f9a-a6e6-b5a581449656	22	22
Mi piace questa spiaggia.	I like this beach.	04337a93-7e13-5a31-b127-ddad5829d332	25	18
A me piace questa spiaggia.	I like this beach.	d6a49ebe-e2b8-5085-a59c-fec8edb3ed12	27	18
Yanni ama quella spiaggia.	Yanni loves that beach.	fd427857-37d9-5111-9903-3ea7f811f5c4	26	23
Mennad odiava quella spiaggia.	Mennad hated that beach.	50ddcefc-28fc-5c5e-9f67-2d2b15a8951e	30	24
Sami ama la spiaggia.	Sami loves the beach.	88819d75-8fc2-5a0f-96a3-ccaebe317c94	21	21
La spiaggia era affollata.	The beach was crowded.	ec474c60-66eb-5069-85ea-e1cc8396f540	26	22
Amo le feste in spiaggia.	I love beach parties.	a76e37be-85e5-5cae-8d2a-0bd109c1079d	25	21
Io amo le feste in spiaggia.	I love beach parties.	6039319e-d31d-5d67-8d38-698a67741dcd	28	21
Non ha mai trovato una spiaggia.	He never found a beach.	1598ef5e-2f66-57ce-8dce-e05870d04c9e	32	23
Non trovò mai una spiaggia.	He never found a beach.	01584ee3-cd15-581e-b618-6db1c1a46094	27	23
Eravamo in spiaggia.	We were on the beach.	ba77539f-8cb6-5b8c-91c8-16729cca7145	20	21
Ti è piaciuta la spiaggia?	Did you like the beach?	23bf4b0e-eef8-54fb-8412-7e88f3927a71	26	23
Vi è piaciuta la spiaggia?	Did you like the beach?	b1e9f5ce-7b7a-5afd-8bce-0f22e93955b8	26	23
Le è piaciuta la spiaggia?	Did you like the beach?	eb79176f-2c30-5c32-a85e-d01cfc6a7b0b	26	23
Quanto dista la spiaggia?	How far is the beach?	1f80ecfa-8a87-509d-b07f-3017f13fcaf1	25	21
Gabor ha trovato la spiaggia vuota.	Gabor found the beach empty.	f85a62dd-5bfa-52c4-b7eb-8e3ca0eb7e18	35	28
Gabor trovò la spiaggia vuota.	Gabor found the beach empty.	834ca50c-7dbf-54f7-a1a6-139a590edfa8	30	28
Oleg era vicino alla spiaggia.	Oleg was near the beach.	053c5535-7902-519d-8f24-ff5016f7ea20	30	24
Miroslav era in spiaggia.	Miroslav was at the beach.	95cdf156-3198-5ad6-95e2-a303da95c8cd	25	26
Ziri ha esplorato la spiaggia.	Ziri explored the beach.	af9aa581-c124-5709-95d5-1bd1ca299bf4	30	24
Ziri esplorò la spiaggia.	Ziri explored the beach.	92e14008-c53d-5b31-b2d4-de0936431181	25	24
Ziri esplorava la spiaggia.	Ziri explored the beach.	3ac150c9-d28e-52ff-8e5a-13d6751722c5	27	24
È atterrato su una spiaggia.	He landed on a beach.	6ab08a4a-0c40-52ea-bc76-34e43c7baeb1	28	21
Atterrò su una spiaggia.	He landed on a beach.	fbf32f97-1131-527c-9338-86736ee771d7	24	21
È atterrato sulla spiaggia.	He landed on the beach.	520084f9-ae64-5018-bed0-011079555009	27	23
Atterrò sulla spiaggia.	He landed on the beach.	5b3a3fe5-6e50-5ffd-b81b-2d355ebd068c	23	23
Leonid è ritornato dalla spiaggia.	Leonid returned from the beach.	353f293f-4d8e-5e01-ba0e-71d24758d2f1	34	31
Leonid ritornò dalla spiaggia.	Leonid returned from the beach.	3c8bbe4c-d7f9-54c2-9869-a4d9f303ed8d	30	31
Oleg è ritornato dalla spiaggia.	Oleg returned from the beach.	5bf9968b-779d-5319-beb2-f4ee1fa37810	32	29
Oleg ritornò dalla spiaggia.	Oleg returned from the beach.	2c4466e0-a0b9-5c1f-9aaf-1737adfabf9c	28	29
Dov'è la tua spiaggia preferita?	Where is your favourite beach?	e8c23708-f015-577b-babb-d071a8fc9fd0	32	30
Dov'è la sua spiaggia preferita?	Where is your favourite beach?	100c803c-8317-5d12-b9af-7790f97ad4a7	32	30
Dov'è la vostra spiaggia preferita?	Where is your favourite beach?	114f7d0a-dce5-55fd-af57-2b763d3e6d0c	35	30
La spiaggia aveva delle guardie di sicurezza.	The beach had security guards.	6e86c12f-3773-52c2-aeee-6943160e11f5	45	30
La spiaggia era quasi vuota.	The beach was almost empty.	8d018ec4-94aa-50e3-b316-db63cc8868ea	28	27
Yanni era alla spiaggia.	Yanni was at the beach.	0573e5a7-9db2-529e-8b23-f2eeb55b2339	24	23
Yanni è alla spiaggia.	Yanni is on the beach.	6e103f4f-1028-5302-898c-104f066d1e5c	22	22
Bill vive vicino alla spiaggia.	Bill lives near the beach.	8ee3f048-016e-59c7-b4fc-68b8e2b8a93b	31	26
Bill abita vicino alla spiaggia.	Bill lives near the beach.	355e1d33-b731-542e-861a-f4daa93e377e	32	26
Sono alla spiaggia.	They're at the beach.	cc6d5cd6-6b4f-5aa1-8d2d-b45fdd6f8bbe	19	21
Questa è una bella spiaggia.	This is a beautiful beach.	9b538bb1-9662-5f64-a48d-92e8215675ea	28	26
Ho una casa sulla spiaggia.	I have a beach house.	4f8d0dbb-40c4-5ab6-af0d-cd45a6df4c04	27	21
Amo davvero questa spiaggia.	I really love this beach.	970000aa-47e4-5a26-8f23-f66a724d1423	28	25
Io amo davvero questa spiaggia.	I really love this beach.	491b1237-8d29-5f27-a5c3-383a80f5f647	31	25
Amo veramente questa spiaggia.	I really love this beach.	7f78a59e-884a-5dd7-abd0-ea0acfa79025	30	25
Io amo veramente questa spiaggia.	I really love this beach.	a7b5fb5f-bd81-529c-9336-418ef7ee371f	33	25
Tom era in spiaggia.	Tom was on the beach.	948c337d-732d-5b9b-9ea2-9c59d884841f	20	21
Studia in spiaggia.	He studies on the beach.	15bf0e23-70c8-543c-ba3e-eb72787e3787	19	24
Lui studia in spaggia.	He studies on the beach.	4eff55db-6fe5-5f9b-8da9-8568418899ed	22	24
Noi andiamo in spiaggia.	We go to the beach.	a4be1798-2aca-5989-a872-e1d256384d91	24	19
Hanno chiuso la spiaggia.	They have closed the beach.	4d78ef7d-1c6a-5cb4-8532-60e08bd50014	25	27
Tutti sono in spiaggia.	Everyone's on the beach.	fd211d74-2016-5ad5-b2f4-371c5ef168fa	23	24
Sono tutti in spiaggia.	Everyone's on the beach.	facb3dec-a5bd-5a22-8345-3796727926e7	23	24
Sami era in spiaggia.	Sami was at the beach.	b1a0334f-b9a5-5a4b-a5af-4a4ecb5deb52	21	22
Era in spiaggia.	He was on the beach.	193171f5-cf2b-5031-bf22-2785139c383c	16	20
Dov'è la spiaggia più vicina?	Where's the nearest beach?	f54893ee-fc55-5cba-8df3-d2d2ddaeb80b	29	26
Sono in spiaggia.	I am at the beach.	1e0c9738-086e-5166-b63f-c3cbbd7e508e	17	18
Tom ha dormito in spiaggia.	Tom slept on the beach.	1d47cd07-2b77-5a72-99a5-b34a12d9b92a	27	23
Tom dormì in spiaggia.	Tom slept on the beach.	9711d804-1808-5567-8ad9-e47c869cfaf7	22	23
La spiaggia era discretamente vuota.	The beach was fairly empty.	16659e92-4fb4-5b0a-8698-ecd91cbe0aa7	36	27
Tom vive vicino alla spiaggia.	Tom lives near the beach.	e7df9ad9-d80a-5247-b837-906b65115f41	30	25
Tom abita vicino alla spiaggia.	Tom lives near the beach.	ee30f143-1a10-566c-be89-79374b16d80f	31	25
Cos'è successo in spiaggia?	What happened at the beach?	51c6bfad-6f7c-56d6-94aa-d52c6d663389	27	27
Che cos'è successo in spiaggia?	What happened at the beach?	93a813a7-de64-5057-9702-d2f95e23fc8a	31	27
Questa è una spiaggia pubblica.	This is a public beach.	5e8e6858-1706-5281-b3fc-5be0819e4837	31	23
Stanno pulendo la spiaggia.	They're cleaning the beach.	6f1d6265-eee2-530f-b2eb-868fd29c85b1	27	27
Tom si è addormentato in spiaggia.	Tom fell asleep on the beach.	b1348942-03b1-5fc1-84b2-f41c15c4a960	34	29
Tom si addormentò in spiaggia.	Tom fell asleep on the beach.	eb56709d-4d00-5566-b3e6-18c4bbb5b9ae	30	29
William raccoglieva della spazzatura in spiaggia.	William collected trash on the beach.	94c5b613-c9ae-505d-a30d-225cde828d22	49	37
A Robert non piace la spiaggia.	Robert doesn't like the beach.	e9d26980-6307-5149-ad5e-4302f88f79e5	31	30
Robert si è svegliato in spiaggia.	Robert woke up on the beach.	37388f73-4ae0-5a11-b023-d6cdb8e4aa56	34	28
Robert si svegliò in spiaggia.	Robert woke up on the beach.	42903fba-115d-582b-93d2-7169d34eb0d1	30	28
Tom si è divertito in spiaggia.	Tom had fun at the beach.	b88c5ad4-a65b-56b7-9908-b71d24ac7a14	31	25
Tom si divertì in spiaggia.	Tom had fun at the beach.	985a0633-b12a-561a-ba1a-7bb8f8c8011e	27	25
A Tom piaceva essere in spiaggia.	Tom enjoyed being at the beach.	2b0ceed4-9aea-505d-a744-b6e667eb0920	33	31
Voglio andare in spiaggia.	I wanna go to the beach.	ebcb70f6-d950-5249-87c2-24c9232dbe36	26	24
La spiaggia non sarebbe affollata.	The beach wouldn't be crowded.	695506c9-565f-59e1-9291-91725b0f504e	34	30
Hanno portato Rima in spiaggia.	They took Rima to the beach.	b0799bd2-6470-58f5-aec0-7ca8db036a94	31	28
Portarono Rima in spiaggia.	They took Rima to the beach.	83bb3b3e-7a70-5c62-b722-b97c631051ff	27	28
Abbiamo portato Rima in spiaggia.	We took Rima to the beach.	b7bf0b4b-2bda-5405-b1d8-ef81f09d3c4a	33	26
Portammo Rima in spiaggia.	We took Rima to the beach.	7daef575-dd6c-5e74-b3bf-888789c33ef7	26	26
Skura ha portato Rima in spiaggia.	Skura took Rima to the beach.	0d9c5c5d-a925-5590-b80b-4331bda1c2db	34	29
Skura portò Rima in spiaggia.	Skura took Rima to the beach.	9bd173f2-2915-5606-a275-16c36aeb5498	29	29
Ha portato Rima in spiaggia.	She took Rima to the beach.	fc67a523-0ed4-5414-8aa0-f2b7f7cf4245	28	27
Portò Rima in spiaggia.	She took Rima to the beach.	1413868a-4c74-5646-96f8-cc2eea515909	23	27
Ho portato Rima in spiaggia.	I took Rima to the beach.	a9a4b760-1835-5901-b1c2-4f099d3fea08	28	25
Portai Rima in spiaggia.	I took Rima to the beach.	615a545f-22ff-50ef-a33d-3f02df73e5c7	24	25
Eravamo seduti su quella spiaggia.	We were sitting on that beach.	79da7845-677e-5462-b0ef-a16d86a2c928	34	30
Eravamo sedute su quella spiaggia.	We were sitting on that beach.	5978959e-0219-54b0-97ee-42a0024f4f49	34	30
Erano seduti su quella spiaggia.	They were sitting on that beach.	6fcc4e93-b07c-5abc-a164-5e2ddb18ab9b	32	32
Erano sedutiesu quella spiaggia.	They were sitting on that beach.	ff6c03a3-6871-5c91-ba69-0465ff236cd6	32	32
Rima era seduta su quella spiaggia.	Rima was sitting on that beach.	9ecdc367-b88e-5bab-b0af-12b996880005	35	31
Era seduta su quella spiaggia.	She was sitting on that beach.	1c907db2-5ea2-566d-8ff4-ae7cfb7bd4c7	30	30
Era seduto su quella spiaggia.	He was sitting on that beach.	38198ea2-889a-5617-b1d1-d141d89e81d0	30	29
Ero seduto su quella spiaggia.	I was sitting on that beach.	17a2a7f6-01e1-5ef6-ad46-9022e5d0fa74	30	28
Ero seduta su quella spiaggia.	I was sitting on that beach.	42c41719-1114-52ed-a4f6-27f4750ff276	30	28
Stavo ballando in spiaggia.	I was dancing on the beach.	7422156a-24c6-510b-b05b-d4ff6299322f	27	27
Stavo danzando in spiaggia.	I was dancing on the beach.	92288a8f-9c14-579e-bd9c-2451e7346825	27	27
Stava ballando in spiaggia.	He was dancing on the beach.	7436dc95-e242-532b-ad49-f3d8105c9ce4	27	28
Stava danzando in spiaggia.	He was dancing on the beach.	1fd2b782-5faf-55a6-8027-e12b933cc273	27	28
Stavamo ballando in spiaggia.	We were dancing on the beach.	bf0662af-6e95-58fb-8b9f-77b9aee62648	29	29
Stavamo danzando in spiaggia.	We were dancing on the beach.	1e6b9065-a7fa-59ed-a3aa-5e3a3892ccc4	29	29
Stavano ballando in spiaggia.	They were dancing on the beach.	cef3aa30-c80e-59ec-9c77-346ba97b7e01	29	31
Stavano danzando il spiaggia.	They were dancing on the beach.	7f12586a-83a7-5356-b59c-18aa1db8d4b8	29	31
Ziri è andato ad una festa in spiaggia.	Ziri went to a beach party.	9687553d-9575-5f96-a740-d561873f2950	39	27
Ziri andò ad una festa in spiaggia.	Ziri went to a beach party.	502c8464-6817-52c2-9b84-53b221b8e34c	35	27
Tom non è in spiaggia.	Tom isn't on the beach.	edf79d97-7017-5155-b65e-f03ada743ee5	22	23
Tom non era in spiaggia.	Tom wasn't on the beach.	9864a06f-0da9-5a39-a388-c0eb03aa9409	24	24
Mi sono addormentato in spiaggia.	I fell asleep on the beach.	de2768fc-069a-56ad-a813-67e7d093ae99	33	27
Mi sono addormentata in spiaggia.	I fell asleep on the beach.	4deb6162-f44e-5d3c-975f-669db00a45fa	33	27
Mi addormentai in spiaggia.	I fell asleep on the beach.	cc67ba21-b853-5be2-8058-3d23baa874a6	27	27
Anche Tom è in spiaggia.	Tom is at the beach, too.	5aecf409-e445-54b5-80e8-624e21bf24c2	24	25
Casa mia è vicina alla spiaggia.	My house is near the beach.	dee87917-0955-5f20-8475-7088fb9c713a	32	27
Ha portato Skura in spiaggia.	He took Skura to the beach.	7f6f007b-144c-522c-b8a3-240070a9abba	29	27
Portò Skura in spiaggia.	He took Skura to the beach.	3e14175a-2c74-56ff-9f9d-f0e571e4f645	24	27
Ho visto Tom in spiaggia.	I saw Tom on the beach.	3b9fa566-ab66-59c5-b45c-0abba92cdffe	25	23
Vidi Tom in spiaggia.	I saw Tom on the beach.	bdeea9ab-b9cb-5681-a1da-036810a2e340	21	23
Sami ha portato Layla in spiaggia.	Sami took Layla to the beach.	04c25f5d-1d24-57b7-b7e3-198483d399cc	34	29
Sami portò Layla in spiaggia.	Sami took Layla to the beach.	99409674-fc78-595c-957c-12a0fe01491c	29	29
Guidiamo fino alla spiaggia.	Let's drive to the beach.	89640c64-ada5-54e5-8783-8f0e846857c0	28	25
Sami stava ballando in spiaggia.	Sami was dancing on the beach.	e8e1bcd8-5bc5-53db-9028-362220a42bc4	32	30
Sami stava danzando in spiaggia.	Sami was dancing on the beach.	6ba1b276-50ed-57cb-832b-371c8ec2692d	32	30
Stiamo andando in spiaggia.	We are going to the beach.	11df3601-f781-5bac-a00f-00aeada4d9f9	27	26
Tom sta andando in spiaggia.	Tom is going to the beach.	9f9e86a0-5e80-5bdb-9665-c32907df3482	28	26
Non gli piace la spiaggia.	He does not enjoy the beach.	10aacf70-5ca4-568f-8bdd-05a08a9d5045	26	28
A lui non piace la spiaggia.	He does not enjoy the beach.	3a0e929d-61c1-57b3-a5a6-f790b6ae310e	28	28
Amo camminare in spiaggia.	I love walking on the beach.	0653320a-4444-52d9-b981-5797c16f0c3f	26	28
Io amo camminare in spiaggia.	I love walking on the beach.	b3c99e73-c773-5e25-896b-2361676336ff	29	28
Amo passeggiare in spiaggia.	I love walking on the beach.	8b3eca77-a4cd-51d6-891e-55403fba9c47	28	28
Io amo passeggiare in spiaggia.	I love walking on the beach.	860e2ae6-9c86-51aa-be43-8a2b82626a07	31	28
Mi piace andare in spiaggia.	I like going to the beach.	4549ad01-a15f-5b36-a76a-48217c0c7be7	28	26
A me piace andare in spiaggia.	I like going to the beach.	accd8433-4e3f-5ab5-b186-e29d434c036f	30	26
Tom dovrebbe essere in spiaggia.	Tom should be at the beach.	846267d1-14ae-51fb-942f-382a799f47f8	32	27
Amavo andare in spiaggia.	I loved going to the beach.	34775598-5447-5c15-9114-1c862e3d61e6	25	27
Abbiamo visto Tom in spiaggia.	We saw Tom on the beach.	2180c151-8525-5225-9a79-973e068b149f	30	24
Vedemmo Tom in spiaggia.	We saw Tom on the beach.	1dd02677-f0fa-58cf-9215-966e1b22254e	24	24
Di solito andiamo in spiaggia.	We usually go to the beach.	f84a38a1-98e7-57d5-9afd-44c19cd5ec93	30	27
Solitamente andiamo in spiaggia.	We usually go to the beach.	a957189b-3b8d-5510-aefa-73225e4b1d11	32	27
Sono andato in spiaggia ieri.	I went to the beach yesterday.	e91022eb-8ffe-51b0-aaff-9c64bf25345b	29	30
Sono andata in spiaggia ieri.	I went to the beach yesterday.	e9aca30c-3088-5ca7-86a7-e38618f67418	29	30
Vado sempre in spiaggia.	I always go to the beach.	e3a982a8-4cec-5aa8-8947-42960e79b2ff	24	25
Io vado sempre in spiaggia.	I always go to the beach.	52cd37f4-b331-5933-84f3-5f496f28fa2d	27	25
Non mi piace la spiaggia.	I don't like the beach.	bc908c11-3507-5187-9311-ba651d9bb497	25	23
A me non piace la spiaggia.	I don't like the beach.	4a910da6-b37e-5440-9337-c5a6fad4f864	27	23
Mary aveva il tavolo per sé.	Mary had the table to herself.	76f1ff51-eddd-5653-bf4b-a30fe6fb6a7e	28	30
Questa spiaggia non è sicura di notte.	This beach isn't safe at night.	9e5581b2-483a-5d10-9c34-a04f79e0b182	38	31
In estate le persone vanno in spiaggia.	In summer, people go to the beach.	c247e3ba-f237-59c6-8a86-fc53ebc1adf3	39	34
In estate la gente va in spiaggia.	In summer, people go to the beach.	e138125c-99bb-59a3-b6ae-b2dee8478f86	34	34
Non tutti possono andare in spiaggia.	Not everybody can go to the beach.	908bb641-da28-5fba-a59d-91db0fb50303	37	34
Non tutti riescono ad andare in spiaggia.	Not everybody can go to the beach.	1e7a9951-e9ef-5b96-a0c7-84852fc24109	41	34
Tom ha una casa in spiaggia.	Tom has a house on the beach.	019516b1-e771-58b8-b223-50ce10d1125a	28	29
Com'è stata la tua giornata in spiaggia?	How was your day at the beach?	17c71d8c-38de-5ae2-b081-7591f0eb5723	40	30
Com'è stata la sua giornata in spiaggia?	How was your day at the beach?	4c726009-6a5a-5e45-a602-b783b7d524b8	40	30
Com'è stata la vostra giornata in spiaggia?	How was your day at the beach?	2a2fb0e5-89ba-5ad1-a83c-be653bc74727	43	30
Tom ha portato la sua chitarra in spiaggia.	Tom took his guitar to the beach.	91c656fc-c5e2-50b3-a329-b7bf395e779f	43	33
Tom portò la sua chitarra in spiaggia.	Tom took his guitar to the beach.	718462ec-1e7b-536c-aa77-d8ddb9453741	38	33
Ti piace andare in spiaggia?	Do you enjoy going to the beach?	c41cc4e2-3244-5c6e-9c62-1e142e5d4084	28	32
Vi piace andare in spiaggia?	Do you enjoy going to the beach?	3bf7dab7-6cc6-56c4-b592-88158749dafa	28	32
Le piace andare in spiaggia?	Do you enjoy going to the beach?	b09b5f52-0f22-51ab-b05e-36f138a2c760	28	32
Addestra Ziri.	Train Ziri.	53e5ff08-5b71-5272-8749-be098d713443	14	11
Addestrate Ziri.	Train Ziri.	f379696d-42ba-5862-a47d-5f35959050ab	16	11
Addestri Ziri.	Train Ziri.	98ea7df6-2f50-5156-ac09-23fc7c5834cf	14	11
Addestro cavalli.	I train horses.	47cff7b9-7513-5057-825b-6f31ee145f44	17	15
Il treno è esploso.	The train exploded.	52e2806d-44ab-59b2-83ca-513f236902cf	19	19
Il treno esplose.	The train exploded.	8506d00f-87ab-5115-8048-426225199919	17	19
Il treno si è fermato.	The train stopped.	19f23c48-01d5-5739-9e3a-1b102445c5e0	22	18
Mary dice che lo rifarà.	Mary says she'll do that again.	1e30296a-8663-5cb3-b77e-3d0fdf0cf99e	24	31
Ci alleniamo ogni giorno.	We train every day.	3033a4bb-ead5-538b-bf09-9cab1775bc2d	25	19
Noi ci alleniamo ogni giorno.	We train every day.	e3f0c880-da82-591f-9f96-a0d8695d6349	29	19
Allena Ziri.	Train Ziri.	822ae2eb-2a84-5870-983f-161f3d6ffede	12	11
Alleni Ziri.	Train Ziri.	79c77332-43f8-5a23-9607-3e2cc3dd13e9	12	11
Allenate Ziri.	Train Ziri.	13167abf-5733-500d-b89c-e27d3de03880	14	11
Hai perso il treno.	You missed the train.	50349a8c-9b7a-537a-ba24-0e7392e72db3	19	21
Le porte del treno si sono chiuse.	The train doors closed.	d2e54703-2712-5907-94dd-29b52a839ec0	34	23
Le porte del treno si chiusero.	The train doors closed.	adb2bfbf-bed7-5e60-abff-b69ebbab9ebc	31	23
Mi alleno con Tom.	I train with Tom.	da9e7a1a-0152-5e9d-97fd-3c10111dcb11	18	17
Io mi alleno con Tom.	I train with Tom.	e0966134-2782-5392-8058-e6ca2c26cf79	21	17
Karl ha fermato il treno.	Karl stopped the train.	f4019980-babe-5097-9d39-7377363b04bf	25	23
Karl fermò il treno.	Karl stopped the train.	9f768296-cf78-5567-8f2e-696637fc6770	20	23
Non perdere mai un treno.	Never miss a train.	364a1173-d59b-5927-83dd-9c56a7df4dbf	25	19
Non perdete mai un treno.	Never miss a train.	e894e6ad-042e-5661-bde1-48ad82b62ebb	25	19
Non perda mai un treno.	Never miss a train.	3d4bffa4-9eba-5760-8a1f-ada6812042ee	23	19
Mi piacciono i viaggi in treno.	I like train trips.	dc246a15-0a29-5e5e-847a-058aba75bf09	31	19
A me piacciono i viaggi in treno.	I like train trips.	0b9eba81-ab87-5e4f-a51f-1eed2fc734c0	33	19
Ziri ha continuato in treno.	Ziri continued to train.	77d90ca4-53a7-5ce9-b768-ab2b36c70978	28	24
Ziri continuò in treno.	Ziri continued to train.	f3444fb7-90e5-5869-bc1f-455310a682f3	23	24
È il tuo treno.	That's your train.	c42b18c0-f765-57d2-8b47-4c9d6ce6d643	15	18
È il suo treno.	That's your train.	aa7f3353-6bcd-5679-995b-e5c4219b9ef8	15	18
È il vostro treno.	That's your train.	b29389a7-d653-5d74-abba-a49b3202c870	18	18
Ziri ha perso il treno.	Ziri missed the train.	115baae5-c7e7-5ce9-9379-9d04bb3b4f7e	23	22
Ziri perse il treno.	Ziri missed the train.	5cba5601-56d1-5886-97dd-978674f306ed	20	22
Ziri ha fermato il treno.	Ziri stopped the train.	b4aaab35-7ec1-5fb3-9e1b-18e19eeab42e	25	23
Ziri fermò il treno.	Ziri stopped the train.	692eaf63-88bb-5e90-bbd2-90337cf4e6f0	20	23
Il mio treno è in ritardo.	My train is late.	57b64fac-75cd-5940-aa97-1384b4772377	26	17
Il treno è in ritardo?	Is the train delayed?	04d742a7-ccd3-5101-9671-b90246635d7a	22	21
Siamo venuti in treno.	We came by train.	afa7be0b-b5b8-5290-8290-dae7b4833d4a	22	17
Siamo venute in treno.	We came by train.	7f3ef512-fb9a-5aad-895a-fb22f7289b43	22	17
Ecco che arriva il tuo treno.	Here comes your train.	3e751ff5-d9dd-5be0-9ebf-b5370d59c03a	29	22
Ecco che arriva il suo treno.	Here comes your train.	b74a99a1-4265-5cdf-92db-3fa6295be15d	29	22
Ecco che arriva il vostro treno.	Here comes your train.	6423ce53-c007-5b4f-bf55-ac881711c780	32	22
Questo è il nostro treno?	Is this our train?	0bb1525e-f911-54d5-b903-1432ca189a43	25	18
Il treno è quasi deragliato.	The train almost derailed.	b5a2930e-e3fc-5ae4-96c1-630d96922078	28	26
Il treno sta aspettando.	The train is waiting.	61e942eb-6d1d-585a-b723-4e1be965a8c2	24	21
Prende il treno.	He takes the train.	5d436d9c-caa1-5729-b36d-edf16fb3e2d0	16	19
Lui prende il treno.	He takes the train.	a8ec57d4-7dc7-515a-80f4-29fd0f753f2a	20	19
Ho perso il treno!	I missed the train!	a5fc7afd-3025-5f89-a7b4-0fd43b7a6950	18	19
Il treno era affollato?	Was the train crowded?	ad05bc61-086d-5b9b-83af-605fd3deaddc	23	22
Tom è venuto in treno.	Tom came by train.	5dfff544-c364-541a-ab7a-49018ee5f215	22	18
Tom venne in treno.	Tom came by train.	1fc0eca0-5345-5ab6-a57d-df8ab1f95123	19	18
Tom ha perso il suo treno.	Tom missed his train.	4da6905e-d2f9-5ce3-96bf-e87e47ca0cee	26	21
Tom perse il suo treno.	Tom missed his train.	13ff4fbf-ced5-54b7-adca-7c82f6034c8d	23	21
Sono andato in treno.	I went by train.	455cfae5-35ff-54a5-b80a-7bfc0b28d4dd	21	16
Sono andata in treno.	I went by train.	7a21732e-d2b9-54f2-a268-23ae5d2285dd	21	16
Andai in treno.	I went by train.	48da9735-867f-5bd2-9a67-c937ff3830c3	15	16
Sami ha perso un altro treno.	Sami missed another train.	461b5f6c-fb9e-5aae-91cc-7f414f804dc0	29	26
Sami perse un altro treno.	Sami missed another train.	f78d0255-a813-500d-891c-5d954a6b4e90	26	26
Sono venuto in treno.	I came by train.	5fef0106-4073-5aa8-ba42-97bbcb3eef74	21	16
Sono venuta in treno.	I came by train.	48c45a06-924a-53c8-bfef-35299d14eaba	21	16
Venni in treno.	I came by train.	79acc39a-e7c4-5a88-a6bc-0907bae8fa05	15	16
È venuto in treno.	He came by train.	e3ccaaaf-86b2-5fa8-88ce-9e30a9825ccc	18	17
Venne in treno.	He came by train.	a13f7e13-fe6c-5de4-8589-d3b985f77512	15	17
Il treno era in ritardo.	The train was delayed.	64c4c367-1288-5622-bc64-e7597a8a4bd6	24	22
Quel treno è veloce?	Is that train fast?	b2a1f2e8-21f9-5c8a-85d2-d02dc3e4b1e5	20	19
Il nostro treno è già partito.	Our train already left.	fb3643fe-d298-5b10-b104-4176ad79db92	30	23
Tom è salito sul treno.	Tom boarded the train.	6249ed50-7241-5c48-818f-3fcb9c2732f5	23	22
Tom salì sul treno.	Tom boarded the train.	bf1cf819-7168-591a-9e61-5ec18921a08d	19	22
Ho perso il treno.	I missed the train.	4b680a0d-b882-5c4e-9c6a-f254ffde95e1	18	19
Persi il treno.	I missed the train.	ca18807c-705c-5d26-b672-5bf08865f98a	15	19
Io addestro cavalli.	I train horses.	facb8334-5235-5d64-ac87-cd9fad797a52	20	15
Il treno è arrivato in ritardo.	The train arrived late.	aca156ad-6bc1-591a-8f5b-8f34d21381f7	31	23
Il treno arrivò in ritardo.	The train arrived late.	b00a91bf-5342-54a2-bc75-b1df2225a7ea	27	23
Ziri è salito sul treno.	Ziri boarded the train.	10e6fbba-48ec-56db-9dc2-45b12f46b441	24	23
Ziri salì sul treno.	Ziri boarded the train.	fdc68fdf-a376-5a0a-a2be-3d03f5236794	20	23
Questo è il tuo treno.	This is your train.	0847286d-d944-5bff-b458-7735f8accc38	22	19
Questo è il suo treno.	This is your train.	16991a2c-f88a-52a9-ab7c-7e314c07cd42	22	19
Questo è il vostro treno.	This is your train.	e61c9756-fb36-5a3b-9c2f-5644b938dab4	25	19
Dove posso allenarmi?	When can I train?	6481265a-c3d9-5591-9445-456b1663b339	21	17
Dove mi posso allenare?	When can I train?	3dfeaee6-91d8-5eae-9e2a-b962be714a7b	23	17
Questo treno è comodo.	This train is comfortable.	c639d062-d2bd-55a2-852d-a01287e90ed4	22	26
Hai viaggiato in treno.	You traveled by train.	c6e59be8-6c54-5954-b7bc-1b482ff6428c	23	22
Ha viaggiato in treno.	You traveled by train.	4d8d3bcd-9ddc-5628-9c85-45da9bc5df88	22	22
Avete viaggiato in treno.	You traveled by train.	89dd4ec3-5a78-5e31-937b-1ef08946375f	25	22
Il treno ha preso velocità.	The train gained speed.	831a2d3f-cfbd-5a41-8813-3a6c0af632da	27	23
Il treno prese velocità.	The train gained speed.	936bd7eb-80af-5c8e-b0a1-63721d71586c	24	23
Le porte del treno sono chiuse.	The train doors are closed.	2ecfd25f-89fb-55cd-a27f-68352e8f1df0	31	27
Sento il treno arrivare.	I hear the train arriving.	12fb2d4d-d30c-5764-a014-144667bfd8fd	24	26
Sento il treno avvicinarsi.	I hear the train approaching.	0fb905ad-efb5-5e63-8f2b-87f7442b4488	27	29
Consiglio di andare in treno.	I recommend going by train.	77a85733-a80f-5240-94b4-501f215e61ee	29	27
Non alleno nessuno.	I don't train anyone.	132cbbc9-a48c-535a-9909-06b29d77cf17	19	21
Quale treno ha preso Tom?	Which train did Tom take?	034d45b2-e987-5c68-b438-9dcc506001c3	25	25
Le porte del treno sono aperte.	The train doors are open.	7078fe00-af90-53b1-9918-d7afbf8422b9	31	25
Questo è successo su un treno.	This happened on a train.	c6acd530-62f6-5528-aef9-59c75bea17ca	30	25
Questo è capitato su un treno.	This happened on a train.	a51572a0-a709-5a7e-829f-7500a7373cf0	30	25
Questo treno è completamente vuoto.	This train is completely empty.	93f55466-40a7-57b3-b897-0a2e75ba6f99	35	31
Tom viaggia spesso in treno.	Tom often travels by train.	d3a8d5c7-1455-5ae6-831c-febe05a127bc	28	27
Il treno di Diego era vuoto.	Diego's train was empty.	681facac-10e4-5966-ae1c-54b7138ecd69	28	24
Gustavo ha preso un treno merci.	Gustavo took a freight train.	cb1bd457-105c-552e-999f-e86549ed8ff3	32	29
Gustavo prese un treno merci.	Gustavo took a freight train.	13f7f7d7-c2b0-5fc9-8740-959ff9f68a83	29	29
Edmundo è sceso dal treno.	Edmundo got off the train.	6660280e-002d-53a5-8b7e-5a0506b469b6	26	26
Edmundo scese dal treno.	Edmundo got off the train.	b2f208df-eae7-5498-a5f2-cab086df8e87	24	26
Edmundo è salito sul treno.	Edmundo got on the train.	cfc0f9b5-5654-5ab2-beb5-f62dbd66594f	27	25
Edmundo salì sul treno.	Edmundo got on the train.	94de7900-c644-519d-b67e-4fa0ac4d67c5	23	25
Quel treno è spesso in ritardo.	That train is often late.	ffe6e97f-cf39-508e-82a4-77029f6ed9a3	31	25
Ziri è sceso dal treno.	Ziri got off the train.	3dba34a7-a323-5b6a-bb6d-f01015acb06d	23	23
Ziri scese dal treno.	Ziri got off the train.	3a878bec-bf14-54da-84fe-f436529599ff	21	23
Questo non è il nostro treno.	This isn't our train.	71a9cf0e-8793-5532-b5b4-c741df71500e	29	21
Perderemo il treno.	We'll miss the train.	6454d2bb-810b-50b9-9e6b-d8bd83f83973	19	21
Tom ha appena perso il suo treno.	Tom just missed his train.	61ec9ea0-7439-5e49-b6eb-b99417d55a34	33	26
Sto viaggiando in treno.	I am traveling by train.	3e25f7cc-8819-527e-a17d-8c7bade3d960	24	24
A Tom piace viaggiare in treno.	Tom likes traveling by train.	c438eeec-b45e-5820-ab36-0c720b0539b9	31	29
Il treno è appena arrivato.	The train has just arrived.	df60c5d2-369f-5a83-8bd7-0ff30dbedfa2	27	27
Ziri è salito su un treno merci.	Ziri boarded a freight train.	d4c1ebf4-3338-5fd9-97d3-3d53c1bf0ec8	32	29
Ziri salì su un treno merci.	Ziri boarded a freight train.	2b497ec0-e73b-50ec-ace6-543c2cd56aeb	28	29
La stazione dei treni era deserta.	The train station was deserted.	c1719ebf-e70b-5bb4-9940-e76a0f45a92a	34	31
La stazione ferroviaria era deserta.	The train station was deserted.	ca3110e7-6366-5bcc-a5a7-6df7c2b0ab93	36	31
Sono sul treno.	I'm on the train.	07e62dda-4fe5-55cb-b604-fd12f604704d	15	17
Tom era su quel treno.	Tom was on that train.	6d2b0534-cf0d-5aa4-b0e6-4da1d852e4b4	22	22
Questo treno ha sette carrozze.	This train has seven cars.	f43483b8-7a01-52ab-b3c4-384d2540fb5d	31	26
Il treno non aspetterà.	The train won't wait.	61190aa9-e064-5c59-9901-aa124a6f467a	23	21
Due amanti hanno perso il loro treno.	Two lovers missed their train.	7cc999ac-f7d1-5d1c-becb-ae7ce5d9dd9d	37	30
Due amanti persero il loro treno.	Two lovers missed their train.	5f1eea2e-84cb-5f4e-8378-60d9b8fa60b7	33	30
Il nostro treno è insolitamente pieno.	Our train is unusually full.	314da4e2-06e3-561b-af4a-29304801c740	38	28
È la stazione ferroviaria?	Is that the train station?	12ab3894-a2d9-51b2-a20c-6e886f057c47	26	26
Quella è la stazione ferroviaria?	Is that the train station?	1a579722-587c-5c03-b425-7a54d1ed5095	33	26
È la stazione dei treni?	Is that the train station?	4b12b53e-eb72-5d74-b1ad-f0079edd4044	24	26
Quella è la stazione dei treni?	Is that the train station?	4c3ec26f-7fd0-56fd-97d8-a408287d1eb3	31	26
Sento un treno arrivare.	I hear a train coming.	993ef40b-d61a-5496-ad5c-b1a9e7cb7726	24	22
Perderai quel treno.	You'll miss that train.	e8bd2eb8-c63c-58ca-92b9-04b3a9727c32	20	23
Perderà quel treno.	You'll miss that train.	16008f72-37b8-5334-92fc-e53ad8795fc9	19	23
Perderete quel treno.	You'll miss that train.	748af871-3f69-51b7-9714-2b569af3faca	21	23
Era l'ultimo treno.	That was the last train.	09b76e77-7bc8-504b-a38f-4c4f7b438868	19	24
Quello era l'ultimo treno.	That was the last train.	7b977d43-4490-50f2-b22a-04f695bfa2c6	26	24
Dovremmo andare in treno.	We should go by train.	226072d5-7880-5921-8f91-fd6bee5e96e3	25	22
Perché il treno si è fermato?	Why has the train stopped?	5ca87bcb-c514-57b7-95f8-b899eecaf9ac	29	26
Questo treno si muove molto lentamente.	This train moves very slowly.	579b629e-bf5b-554a-9d0c-bb3198eeacc3	39	29
Quando arriverà il treno?	When will the train arrive?	a51ac783-0cfe-557a-a8b0-4801155d4e63	25	27
È l'ultimo treno.	It's the last train.	40eeb191-1203-5cef-a875-96d634429e02	17	20
Io e Tom ci alleniamo assieme.	Tom and I train together.	a284915a-1b0d-5627-91f1-71db636aaa4f	30	25
Quando parte il treno?	When does the train depart?	ac669b3e-4862-552a-8806-3232eb11df43	22	27
Verrò in treno.	I'll come by train.	c08f3a4a-de3e-5009-b336-413f46e0b1ff	15	19
Tom è rimasto sul treno.	Tom remained on the train.	bcacdc04-597d-57c4-bdc0-16dbebdbedc4	24	26
Tom rimase sul treno.	Tom remained on the train.	9295e19b-57fe-5ffe-9daf-d2a3527a7956	21	26
Tom è restato sul treno.	Tom remained on the train.	221ed8fa-7f8c-5dbf-81b6-bad7070e475c	24	26
Tom restò sul treno.	Tom remained on the train.	5609c921-519e-588b-9f73-4516655d7d00	20	26
Sono andato lì in treno.	I went there by train.	7d73250f-4d56-5712-992e-5b86b1fcf69c	24	22
Sono andato là in treno.	I went there by train.	3e13748e-4d89-56d9-92e5-869106b539e3	24	22
Sono andata lì in treno.	I went there by train.	6113fc58-25df-5004-90d2-ac0ced98d936	24	22
Sono andata là in treno.	I went there by train.	970fa01e-50cc-5553-a104-eb49adfd2c84	24	22
Andai lì in treno.	I went there by train.	46940cec-14d3-5123-8521-45d063dfa5cb	18	22
Andai là in treno.	I went there by train.	481ba33d-f8af-56f5-b626-9ae6faa2fedd	18	22
Tom non prende mai il treno.	Tom never takes the train.	49076e5a-5227-5ff6-bc89-f538a277bafb	28	26
Scendi immediatamente dal treno.	Get off the train immediately.	d86c21ac-099c-5e49-abd8-9a7704538fdc	32	30
Scenda immediatamente dal treno.	Get off the train immediately.	a09e69c7-60fd-5ce9-8b84-e9bf77029889	32	30
Scendete immediatamente dal treno.	Get off the train immediately.	12ed8b13-b995-52f5-b6e3-892feec98ba1	34	30
Posso andare in treno.	I can go by train.	25e18df9-dabe-58a5-b40d-bd9c7fa25b0a	22	18
Non prende mai il treno.	He never takes the train.	fdd62645-4779-5e74-a621-cfbd4e64e7ae	24	25
Tom non torna in Australia.	Tom isn't going back to Australia.	828d5452-9f78-535c-bfb3-5ba130d9be31	27	34
La stazione dei treni è abbandonata.	The train station is abandoned.	e158ca32-28df-5c6d-96a7-cb8213bb97be	36	31
La stazione ferroviaria è abbandonata.	The train station is abandoned.	1343e633-1270-53a2-8406-0763b7b1ec8d	38	31
I biglietti del treno sono costosi?	Are the train tickets expensive?	3d1523a5-36b6-57c1-aa91-b5209be0f7c2	35	32
Ha perso l'ultimo treno.	He missed the last train.	dece60f3-0194-587e-85c8-e2158c22a848	24	25
Perse l'ultimo treno.	He missed the last train.	628a2938-9a8d-5a59-9028-4d19d7d1a619	21	25
Ho perso il mio solito treno.	I missed my usual train.	70023bc1-e662-5d3e-97d4-d952319e3691	29	24
Persi il mio solito treno.	I missed my usual train.	ad268c3b-7994-51c2-bf5b-ffb458b47b2a	26	24
Spiacente. Il treno era in ritardo.	Sorry. The train was late.	e6ad7ab1-9164-5eac-a209-76b48c151bd1	35	26
Spiacenti. Il treno era in ritardo.	Sorry. The train was late.	e2d1e83a-7405-59a8-b8b7-0a037f9f8836	35	26
Questo treno non arriva mai in orario.	This train never comes on time.	ef73686b-b27d-5a8e-af60-1a6b13536144	38	31
Sta aspettando il treno.	He is waiting for the train.	13f93e1f-d312-54b6-b5d7-eca921291c2f	24	28
Ho preso un treno fino a Kyoto.	I took a train to Kyoto.	14047c8d-ed21-5087-9695-71069cda6383	31	24
Presi un treno fino a Kyoto.	I took a train to Kyoto.	1a92e2db-ac9e-5d75-b4b8-5cdeeb018e2c	28	24
Hanno preso il treno fino a Tokyo.	They took the train to Tokyo.	b5b31fd8-48d4-584b-a902-c03976a5af30	34	29
Presero il treno fino a Tokyo.	They took the train to Tokyo.	887addfe-24ef-5b6a-b099-505fa6d232f5	30	29
Il treno era carico d'oro.	The train was loaded with gold.	d0b85ff7-7856-5c0a-9507-4a90d0ba909e	26	31
Ho preso il treno delle due e mezza.	I took the 2.30 train.	48530d7e-e297-5553-8964-ac535d140efe	36	22
Presi il treno delle due e mezza.	I took the 2.30 train.	7175518d-c16d-57fa-bb6c-d3b73fb2239c	33	22
Il treno era in ritardo di un'ora.	The train was an hour late.	1beceea9-cc9f-59fd-a432-1841ba39ac6b	34	27
Chiedi quando è il prossimo treno.	Ask when the next train is.	e743b59f-cf85-5f4d-96fc-7c9a97f2dd3b	34	27
Chieda quando è il prossimo treno.	Ask when the next train is.	26011619-f524-5a8b-9adb-63a7f88dcc71	34	27
Chiedete quando è il prossimo treno.	Ask when the next train is.	6dfb67a1-89a5-5b7e-82bd-ec5ba6443b6a	36	27
Pianifico di andare in treno.	I plan to go by train.	8d77bced-65a8-5cd8-a2fd-509a46ad0d72	29	22
Un treno ne può nascondere un altro.	A train can hide another one.	bba39f4d-4f22-5c5d-8ec6-8f739d4d10e7	36	29
Un treno può nasconderne un altro.	A train can hide another one.	ac34e403-1b12-51ca-b8e0-bff1c9cd8d6a	34	29
Hai dormito in treno?	Did you sleep on the train?	d99ceebc-33e1-5e9a-b9ba-dcae0f71997e	21	27
Ha dormito in treno?	Did you sleep on the train?	f52e08b2-79c6-5e43-8109-1e8e567d6693	20	27
Avete dormito in treno?	Did you sleep on the train?	a7132552-c098-5669-b7fc-6dfe5e820f03	23	27
Il nostro treno parte fra 30 minuti.	Our train leaves in 30 minutes.	ab5d0009-0d52-5f0e-8ac4-1e7062665119	36	31
Avresti dovuto prendere il treno.	You should've taken the train.	b18d98f3-efac-5b5d-a16a-f130d38e041a	33	30
Avreste dovuto prendere il treno.	You should've taken the train.	d52c59d4-3bba-536c-b5e0-acc98dd09293	33	30
Avrebbe dovuto prendere il treno.	You should've taken the train.	b31585bf-9f85-57d8-b6b4-66f8f2547555	33	30
Questo treno si sta muovendo molto lentamente.	This train is moving very slowly.	1d367034-73e8-56db-a5c4-ab5f81444562	46	33
Viaggiare in treno è sempre rilassante.	Traveling by train is always relaxing.	a404521a-3bcc-51bb-a37c-31d249902c41	39	38
Questo treno non ferma qui.	This train doesn't stop here.	ed7553b3-b521-5d08-9eab-97341ecd8f1e	27	29
Questo treno non ferma qua.	This train doesn't stop here.	6d936de0-2955-5484-8c1f-72d594a0f259	27	29
Questo treno non si ferma qua.	This train doesn't stop here.	fba339d2-77c1-55a1-a68a-a11cf92dde68	30	29
Fumare in treno è proibito.	Smoking on the train is prohibited.	5d24754b-905d-5c3c-8e4a-176e1febd665	27	35
L'ha fatto su un treno.	He did that on a train.	68ded439-5c12-5c04-8d22-169aae9e9a6a	23	23
Lo fece su un treno.	He did that on a train.	73432290-50d6-522f-9731-b02fe8b37e43	20	23
Il treno di Matthew era quasi vuoto.	Matthew's train was almost empty.	3eed283b-a765-5394-91eb-adeb55d6090d	36	33
Il treno non era troppo affollato.	The train wasn't too crowded.	48492d2c-9f85-5bab-921e-70cf4d44abb4	34	29
Deve aver perso il suo treno.	She must have missed her train.	7526b350-7075-556d-baf0-e6f29084cb2b	29	31
Deve avere perso il suo treno.	She must have missed her train.	80213b4b-4bc0-5060-a1a7-827008306af3	30	31
Questo treno ha solo tre carrozze.	This train only has three coaches.	24a745c2-20ca-532f-a1d4-2839706a90fe	34	34
Questo treno ha soltanto tre carrozze.	This train only has three coaches.	c1099ea2-e150-5e41-bcea-c9c8e30fa5ec	38	34
Questo treno ha solamente tre carrozze.	This train only has three coaches.	2664fdd3-d1c2-52cb-ba79-696e963f0024	39	34
Il mio treno è fra un'ora.	My train's in an hour.	8dcddfbd-9cdd-5333-b028-6be3ddbe6b35	26	22
Potrebbe aver perso il treno.	He might've missed the train.	fe1045d7-1756-51be-ac1e-5cbcc64b2717	29	29
Ho appena preso l'ultimo treno.	I just caught the last train.	e8e3891c-869b-562c-8ac0-7991e79d257d	31	29
Starò sul treno.	I'll stay on the train.	d37b9322-2486-5281-a142-975272e67e6f	16	23
Resterò sul treno.	I'll stay on the train.	58e31a05-3f28-5333-a915-6dcd6dd5641e	18	23
Rimarrò sul treno.	I'll stay on the train.	27456b9c-7fd5-504e-9382-a13f4ccb6cc7	18	23
Ora sono sul treno.	I'm now on the train.	a68e061d-8272-5f3d-bb34-5c3d5ca7091c	19	21
Adesso sono sul treno.	I'm now on the train.	af4dec40-e527-5039-98d7-3132498df2c1	22	21
Il treno ha lasciato la stazione.	The train has left the station.	6f9b9cd7-17ca-5f8b-a676-17add6383ce1	33	31
Il nostro treno ha lasciato la stazione.	Our train has left the station.	359ebcb3-525e-589c-83b9-1f49b26053fa	40	31
Dove posso comprare dei biglietti del treno?	Where can I buy train tickets?	079f43a8-caa2-5ee7-b181-91a3f9e19bab	44	30
Potrebbe avere perso il treno.	She might've missed the train.	569c9587-4145-55f8-bbb7-e2fb70e71bbb	30	30
Tom potrebbe aver perso il suo treno?	Could Tom have missed his train?	5d53b669-f372-501d-9ee7-c331dcf98537	37	32
Tom potrebbe avere perso il suo treno?	Could Tom have missed his train?	69155b68-d943-5eb7-b2e0-1ab3af288501	38	32
Suggerirei di andare in treno.	I'd suggest going by train.	47a008ef-3d4a-5fbb-9802-0090fb9d524e	30	27
Non ho preso il treno.	I didn't get the train.	bb7f2a48-8912-54cd-984a-c26c97a97261	22	23
Non presi il treno.	I didn't get the train.	59c9dd0c-687b-5479-b622-2fb8d74ea86a	19	23
Il treno parte alle due e mezza.	The train leaves at 2:30.	6b0593ed-5a27-5de4-8d8e-29a5c201fb3f	32	25
Ziri perderà il suo treno.	Ziri is gonna miss his train.	d4905bbf-df25-590a-b887-59a95a333109	26	29
Questo è il treno per Boston.	This is the train for Boston.	a577f11f-b0ac-5d7b-b603-de25457040fe	29	29
Il treno è fra un'ora.	The train is in an hour.	fa6e8d5f-9fdc-5027-b7b7-a7b01ed79a12	22	24
Il tuo treno è fra un'ora.	Your train is in an hour.	e7e02688-4472-5cb7-8d52-66fb6f55509b	26	25
Il suo treno è fra un'ora.	Your train is in an hour.	6a3f652c-415c-5ff2-8607-41de0098aa54	26	25
Il vostro treno è fra un'ora.	Your train is in an hour.	434f0649-ce61-52d7-8d90-d450e45ebfcd	29	25
Il nostro treno è fra un'ora.	Our train is in an hour.	d1b49422-a2cf-5315-92cd-c554cf8121d8	29	24
Andiamo a scuola in treno.	We go to school by train.	6481814d-a36e-55d5-8859-b91b030ce076	26	25
Noi andiamo a scuola in treno.	We go to school by train.	99c19ee6-fec5-5347-a12c-25dfd8aa9083	30	25
Tom mi allenerà.	Tom is going to train me.	54a4f9e0-0f14-517c-b5db-c7d2df2a4cb5	16	25
Yanni ha preso il treno per Algeri.	Yanni took the train to Algiers.	fa61f11e-27af-5aff-a924-4d32280fd175	35	32
Yanni prese il treno per Algeri.	Yanni took the train to Algiers.	d1d7d90a-3b14-5772-a7c2-db76627b2109	32	32
Quel treno non ferma qui.	That train doesn't stop here.	ca50484f-7d66-50a5-aeb4-2a67889f8dd9	25	29
Quel treno non ferma qua.	That train doesn't stop here.	c7a9941b-d57e-5862-a682-ece77dfb8fdb	25	29
Sono alla stazione dei treni.	They're at the train station.	f2fd3cf5-92c9-5b27-b44f-240d22190e6c	29	29
Sono alla stazione feroviaria.	They're at the train station.	b3b8daf3-81f6-5cf2-97a1-747ffffdd21a	30	29
Andremo lì in treno.	We'll go there by train.	d7ab40c9-e6e0-574d-94ff-3dba16cee904	20	24
Andremo là in treno.	We'll go there by train.	f22a1bf3-ec1d-5e81-bb4a-d9eaec4c2455	20	24
Non le piace il treno.	She doesn't like the train.	4a6d9281-4c82-51b2-8972-af1c7488d97c	22	27
A lei non piace il treno.	She doesn't like the train.	abec133a-1aa2-545c-8060-aa474e4785c4	25	27
Non gli piace il treno.	He doesn't like the train.	1a0ed870-f667-5496-848c-de9929397846	23	26
A lui non piace il treno.	He doesn't like the train.	f7fcab16-f675-572c-9717-9cb8a749305b	25	26
A loro non piace il treno.	They don't like the train.	0b355fa7-5de6-5297-a01b-df47eed5472a	26	26
Giovedì scorso ho perso il mio treno.	Last Thursday I missed my train.	e6680f94-c103-5ce4-b955-aaff01160db2	37	32
Questo treno sta andando a Budapest.	This train is going to Budapest.	2b4479cf-00d3-52ae-8fe6-2ba124fdf0c3	36	32
È uscito dal treno.	He got out of the train.	3036aa55-2c6d-5353-a953-17b794dc3209	19	24
Uscì dal treno.	He got out of the train.	e9376a35-bd7d-5672-8d3a-1b11a1ad73e5	15	24
La stazione dei treni era discretamente vuota.	The train station was pretty empty.	ae054669-469d-520d-9345-5a7b8bb6da69	46	35
La stazione ferroviaria era discretamente vuota.	The train station was pretty empty.	aeed67b9-1385-540e-83fd-08147c3b29ec	48	35
Sono appena sceso dal treno.	I just got off the train.	47c05ddf-a3e4-586e-bdfe-8515552e3e31	28	25
Sono appena scesa dal treno.	I just got off the train.	b8aa4174-d7fb-5342-a946-451a4d4df2d6	28	25
Quel treno ha lasciato la stazione.	That train has left the station.	db780c93-0846-5dfa-80b0-4a76e61b36fb	35	32
Il suo treno è partito cinque minuti fa.	His train left five minutes ago.	1b58ed79-b18c-5bd7-a6ad-2424d219f39a	40	32
Se possibile, viaggiamo in treno.	If possible, we travel by train.	79a64915-5054-5dd1-bddb-1c68d5cefb5d	33	32
Preferiamo viaggiare in treno.	We prefer to travel by train.	7c27209e-c8c1-56a7-9dc2-4f0c8972bda0	30	29
Noi preferiamo viaggiare in treno.	We prefer to travel by train.	f888af79-8dfb-5c6f-ba0b-ae78abc338fd	34	29
Ho preso un treno per Algeri.	I took a train to Algiers.	9e8af1fd-2d64-51dc-91c8-136d29f85457	29	26
Presi un treno per Algeri.	I took a train to Algiers.	a1d48ada-6d7e-5af6-bf3f-e1ab10559ddd	26	26
Il treno contiene sette vagoni merci.	The train contains seven freight cars.	0ce55153-33c4-5bb6-8350-64d0981ead6a	37	38
Ti suggerisco di andare in treno.	I suggest you go by train.	eb682b02-bd05-5e6b-b271-42066746e9e8	33	26
Vi suggerisco di andare in treno.	I suggest you go by train.	8c8126fc-40e9-5803-9d68-995c5ad6f60f	33	26
Le suggerisco di andare in treno.	I suggest you go by train.	386593fb-b9d5-546f-a5ac-cb3bd6476523	33	26
Aspettare un treno è noioso.	Waiting for a train is boring.	8c29937a-3cae-5bae-95d7-5c7e1838da41	28	30
Volevo andare in treno.	I wanted to go by train.	50302bc7-d13b-524f-989d-8e11abae932f	23	24
Ha viaggiato ad Algeri in treno.	He traveled by train to Algiers.	5430ab19-fbbd-570d-969b-f408f1294f03	32	32
Viaggiò in treno ad Algeri.	He traveled by train to Algiers.	239711a9-7444-5db9-b71f-87d4b84328ba	27	32
Tom è andato al museo sui treni.	Tom went to the train museum.	9f4c2586-bf15-571c-b5c5-4002f287b86f	32	29
Tom andò al museo sui treni.	Tom went to the train museum.	f91a58cd-3159-5f22-9cd9-252ade9de7ae	28	29
Come ti alleni per questo?	How do you train for this?	232ec9d7-0612-50ec-90e4-17d934502efa	26	26
Come si allena per questo?	How do you train for this?	25e3d052-c2e4-55d3-8f96-386bcda8c203	26	26
Come vi allenate per questo?	How do you train for this?	9ebfdeb9-f775-533b-9ea1-c01395b08d11	28	26
Perché il treno non sta partendo?	Why isn't the train leaving?	e1d726b0-5181-5aea-8e2a-08b8ed99659c	33	28
Il tuo treno parte dal binario 3.	Your train leaves from Platform 3.	c3498c1e-906d-56ab-b81a-785b98936df9	33	34
Il suo treno parte dal binario 3.	Your train leaves from Platform 3.	da39dde6-08a6-5e59-9299-7cfe23d09427	33	34
Il vostro treno parte dal binario 3.	Your train leaves from Platform 3.	bb50471d-42c5-50f9-a9e3-4eebb806bb60	36	34
Questo biglietto del treno non è rimborsabile.	This train ticket is non-refundable.	5bdd47b8-75de-5586-9917-b3a3bec0e2f6	46	36
Tom prende il treno ogni giorno.	Tom takes the train every day.	2798e8d5-9883-56e7-aa40-e57a617f7062	32	30
Tom è già salito sul treno.	Tom has already boarded the train.	daed4bf7-4f3e-5c98-aa8d-cd5e35796472	27	34
Mary può aver perso il suo treno.	Mary may have missed her train.	c753786a-ef89-51cf-94a5-4870d8595b93	33	31
Mary può avere perso il suo treno.	Mary may have missed her train.	750988d7-34ee-55ce-90c8-946869f9da0a	34	31
Sami voleva che Layla allenasse Farid.	Sami wanted Layla to train Farid.	f2a891e6-6d69-572b-adcc-2bf0aae6e384	38	33
Questo è il treno per Boston?	Is this the train for Boston?	8201c146-8192-5c1e-ad49-cdaff4ec8419	29	29
Il treno stava andando troppo veloce?	Was the train going too fast?	ab86f5b9-fb27-5c42-8360-a418aa6fe92c	37	29
Come ti alleni per quello?	How do you train for that?	bdc55640-4d59-5b08-80f5-8cb9788add64	26	26
Come si allena per quello?	How do you train for that?	3f158daf-53e8-5e34-a47b-69859c4a92dc	26	26
Come vi allenate per quello?	How do you train for that?	b352997f-319d-5918-8ba8-3419824c9bc7	28	26
Tom è stato colpito da un treno.	Tom was hit by a train.	fc231fa7-791f-51e3-a33a-1fe8c9e59807	32	23
Tom fu colpito da un treno.	Tom was hit by a train.	5d20ab09-d7fa-5320-887a-06de5964d1fa	27	23
Tom voleva andare in treno.	Tom wanted to go by train.	3dbcbe0a-5600-58c9-b6bf-492ea790ccee	27	26
Voglio andare in treno.	I want to go by train.	2ee7504b-40f2-5e0f-9926-db58a04fc414	23	22
Lavoro alla stazione ferroviaria.	I work at the train station.	6ba14081-e7b9-5462-997d-e9b12f9a2ceb	33	28
Lavoro alla stazione dei treni.	I work at the train station.	3b1a342d-436d-578f-b31c-eb4a9cc5ccdb	31	28
Su quale treno sarai?	Which train will you be on?	ccd457d1-c86a-5465-9b0e-c98f8e441171	21	27
Su quale treno sarà?	Which train will you be on?	d5e4822c-b35c-5239-bcb3-93f252f08181	20	27
Su quale treno sarete?	Which train will you be on?	d664ddca-c2ba-5920-b69d-4ba7b74b16b2	22	27
Penso che Tom abbia perso il treno.	I think Tom missed the train.	284e1101-af23-5f26-a788-5f44c1fbcd09	35	29
Il nostro treno era in ritardo di tre ore.	Our train was three hours late.	eaab6645-16c6-53b3-ae96-2af0c7651040	42	31
Non prendi il treno?	Aren't you taking the train?	daf76410-2e81-5cb2-b8c6-93681c3a65ad	20	28
Non prende il treno?	Aren't you taking the train?	f968a893-8472-5c40-ab56-85d9542c1647	20	28
Non prendete il treno?	Aren't you taking the train?	52bc4c72-d8bf-5f14-a9d6-51f498657da1	22	28
Il treno parte da Roma alle otto.	The train leaves Rome at eight.	671e8152-4ae2-5d37-a814-eb399fd31199	33	31
Il treno non si ferma qui.	The train doesn't stop here.	48e05c28-46f6-5cd0-815c-b55523f344dc	26	28
Il treno non si ferma qua.	The train doesn't stop here.	3a102aa0-3a41-5f4f-81c0-b990308fe6ed	26	28
Ho un treno da prendere.	I have a train to catch.	feddbec4-5363-5b26-ab23-4a4d1664c4d6	24	24
Quanto è in ritardo l'ultimo treno?	How late is the last train?	bfb4a2c2-0bc3-58b6-a2d7-7b4403448233	35	27
Quel treno si ferma ad ogni stazione.	That train stops at every station.	c16a8012-f661-5abf-9b01-4f1e571172d7	37	34
Sono andato a scuola in treno.	I went to school by train.	c7aabc51-0ee3-5cf7-b2e4-96bdf5e353da	30	26
Sono andata a scuola in treno.	I went to school by train.	bdd60af4-17a0-5e6e-8619-01aaf320eb7f	30	26
Andai a scuola in treno.	I went to school by train.	ed2e476c-59ff-5a87-b293-b6d1dff8db39	24	26
Mary dice che non ha pianto.	Mary says that she didn't cry.	015e28a1-840d-553b-a8b7-58924e61084c	28	30
Mary dice di non avere pianto.	Mary says that she didn't cry.	d7dea531-65ce-5243-98c4-d29ff902c40e	30	30
Mary ha detto che era divertita.	Mary said that she was amused.	24fd4642-73da-5d58-b859-0513a0238b82	32	30
Mary disse che era divertita.	Mary said that she was amused.	dbdccf36-f2e8-5098-b96a-3b093cd1092e	29	30
Mary sa cosa vuole dire.	Mary knows what she wants to say.	04776692-9e2f-59a4-b885-332bba9255e0	24	33
Mary sa che cosa vuole dire.	Mary knows what she wants to say.	4f1dd3f0-b65a-510f-a5ed-0944b9b92ed0	28	33
Mary ha preso quello che voleva.	Mary took what she wanted.	642433ce-bc9e-57ed-bf03-4bf4b9c0b1ad	32	26
Mary ha preso ciò che voleva.	Mary took what she wanted.	867a4ab6-143d-5644-bfc2-0c45faf08222	29	26
Mary prese quello che voleva.	Mary took what she wanted.	365db06b-afcd-54c7-b872-21504ae233db	29	26
Mary prese ciò che voleva.	Mary took what she wanted.	3b1f80de-595c-58e7-b4f8-1ae5e4458983	26	26
Mary è molto prepotente, vero?	Mary is very bossy, isn't she?	a2577110-b8e2-531c-905f-fd39cab70cae	30	30
Mary mi sta aspettando, vero?	Mary is waiting for me, isn't she?	5ed3813c-d031-5cee-9054-73b2e227ef9c	29	34
Tom ha comprato anche un dizionario.	Tom also bought a dictionary.	d7388008-0f86-5dac-9dd1-245b94b6bdd4	36	29
Tom comprò anche un dizionario.	Tom also bought a dictionary.	bd44da2b-0e79-55cc-aa68-bedd39f4ad89	31	29
Anche Tom ha portato un dizionario.	Tom brought a dictionary, too.	a5d258ce-0d86-596e-8905-c908726e7c74	35	30
Anche Tom portò un dizionario.	Tom brought a dictionary, too.	c418fa1e-632b-5796-b0f7-fce78a36cdf3	30	30
Posso guardare il tuo dizionario?	Can I look at your dictionary?	b408ca2e-bf27-53c2-af1f-6834b0a6337f	33	30
Posso guardare il suo dizionario?	Can I look at your dictionary?	54ce5c19-2b2c-5f8f-847c-e3cdeb7d6aab	33	30
Posso guardare il vostro dizionario?	Can I look at your dictionary?	ab3e9d33-603e-5696-af52-0971f52e49d9	36	30
Hai visto il mio dizionario di italiano?	Have you seen my Italian dictionary?	a795989b-0b05-5f8d-bf1b-32786f33cbb8	40	36
Ha visto il mio dizionario di italiano?	Have you seen my Italian dictionary?	37e3abed-9b34-5d2a-95c4-b868614f5e54	39	36
Avete visto il mio dizionario di italiano?	Have you seen my Italian dictionary?	559d0d44-990c-5b81-921b-bfc444effea2	42	36
Voglio questo dizionario giapponese-cinese.	I want this Japanese-Chinese dictionary.	9a37f3dc-54a3-5519-a2d4-1f607cce77ce	43	40
Mennad ha un dizionario arabo-inglese.	Mennad has an Arabic-English dictionary.	3e4c0355-4edd-5253-814c-83a489b37816	38	40
Tom ha comprato un dizionario cinese-giapponese.	Tom bought a Chinese-Japanese dictionary.	946385be-964a-513c-8313-ab16100939d0	48	41
Tom comprò un dizionario cinese-giapponese.	Tom bought a Chinese-Japanese dictionary.	10383b9e-412c-5f5b-a07a-dd097ad9a14c	43	41
Tom ha comprato un dizionario giapponese-cinese.	Tom bought a Japanese-Chinese dictionary.	7462467d-b0ac-558a-924d-b58d51b5653d	48	41
Tom comprò un dizionario giapponese-cinese.	Tom bought a Japanese-Chinese dictionary.	7f8c25d1-c991-529d-a661-da0cc22a6ea3	43	41
Stavo cercando il mio dizionario berbero.	I was looking for my Berber dictionary.	292e09c0-45fa-5f1b-b6f4-08ccfc922009	41	39
Questo dizionario è migliore di quello.	This dictionary is better than that one.	0f272fa5-53a1-5700-aefb-095ebe854926	39	40
Non uso più questo dizionario.	I don't use this dictionary anymore.	2ee54f28-7fef-594b-9f5c-62589913f3fa	30	36
Non utilizzo più questo dizionario.	I don't use this dictionary anymore.	369b5afe-c6b5-516d-acc5-204e4a9c531f	35	36
Questo è il dizionario migliore che vendiamo.	This is the best dictionary we sell.	ad47379e-aeff-5db1-9850-ef9a13c2d03c	45	36
Perché hai comprato quel dizionario costoso?	Why did you buy that expensive dictionary?	e9992fca-dca3-57c1-8794-b835872492c3	44	42
Perché ha comprato quel dizionario costoso?	Why did you buy that expensive dictionary?	b088d231-f3f3-5c90-83d3-01b67567255c	43	42
Perché avete comprato quel dizionario costoso?	Why did you buy that expensive dictionary?	52fe5472-b115-57bb-8fa9-c96acd6bd585	46	42
Tom ha ridato il dizionario a Mary.	Tom gave the dictionary back to Mary.	67c7ef00-fb0b-5031-909e-b3d84916be39	35	37
Tom ridiede il dizionario a Mary.	Tom gave the dictionary back to Mary.	db5f2429-c657-59ca-b452-3d7e2111f87f	33	37
Di chi è il dizionario sul tavolo?	Whose dictionary is it on the table?	21ad4a5c-11be-5cd3-adaf-95a73395c19d	34	36
Dov'era il mio laptop?	Where was my laptop?	dc197009-22dc-5c1d-bf61-d8cb11193b74	22	20
Dov'era il mio portatile?	Where was my laptop?	1079dbe1-1c1f-5549-87c4-349648d2db8f	25	20
Ha chiesto un laptop.	She asked for a laptop.	3107ba62-445b-5ae5-bcc1-5ff03681b53e	21	23
Chiese un laptop.	She asked for a laptop.	0b6ca9c3-1a23-52ec-8e20-bda914d6e777	17	23
Ha chiesto un portatile.	She asked for a laptop.	001d5788-d2c1-5d2d-985e-6af2c5e524c1	24	23
Chiese un portatile.	She asked for a laptop.	63dbe25f-eb52-585c-8cbc-8f4a42cda040	20	23
Hai un laptop?	Do you have a laptop?	4134e400-c3f7-54fe-855c-93241bd57d50	14	21
Ha un laptop?	Do you have a laptop?	ec8aae26-ba7a-5b8b-afdd-ce534660dcc3	13	21
Avete un laptop?	Do you have a laptop?	92fd6fa2-5210-5d74-a123-7d9fae4c4d6c	16	21
Hai un portatile?	Do you have a laptop?	f711371b-1326-5ef0-8a23-60adf3f82e21	17	21
Ha un portatile?	Do you have a laptop?	b5547e54-b073-5307-928c-1470e13821d1	16	21
Avete un portatile?	Do you have a laptop?	bb61d6b5-6800-5150-85c4-6d0d0607ac89	19	21
Jayjay ha dato questo laptop a Jessica.	Jayjay gave Jessica this laptop.	f4c315f9-18f0-5756-b652-65246bd87458	39	32
Jayjay diede questo laptop a Jessica.	Jayjay gave Jessica this laptop.	b5ff1c7a-bd1e-5cd5-8599-b3e37dfa2ab6	37	32
Jayjay ha dato questo portatile a Jessica.	Jayjay gave Jessica this laptop.	32a2a8fe-5cae-5954-8b38-edf9e655d49d	42	32
Jayjay diede questo portatile a Jessica.	Jayjay gave Jessica this laptop.	6bfffb13-60cc-5a68-a0f7-7f6e2b1b7d5f	40	32
Ho voglia di pizza.	I feel like pizza.	2faf314c-c031-5ea9-b5f3-dbaa054482fc	19	18
Nascondi l'oliva.	Hide the olive.	595ee80c-5dd6-57c9-990c-fe2bf74f53e1	17	15
Nasconda l'oliva.	Hide the olive.	a63a4834-7907-5206-a247-25a8ba457e99	17	15
Nascondete l'oliva.	Hide the olive.	edf881f4-e10f-507b-b7fc-8f6fb66a6135	19	15
Aggiungi dell'olio d'oliva.	Add olive oil.	0d3e3288-8cc2-57fe-b8d7-cfd63300562e	27	14
Aggiunga dell'olio d'oliva.	Add olive oil.	2621ab2d-22c5-5adc-9308-8bd13fd8bde1	27	14
Aggiungete dell'olio d'oliva.	Add olive oil.	a4e0c0a0-0782-515d-b075-4f92fd1bab1c	29	14
Aggiungi un'oliva.	Add an olive.	612419b9-5213-5493-b689-7e24ed193f47	18	13
Aggiunga un'oliva.	Add an olive.	324edc23-2849-5ca6-8f3a-182bb181b14d	18	13
Aggiungete un'oliva.	Add an olive.	b03e9a70-c90d-5c62-a3d1-36f11c87d3c0	20	13
È un'oliva.	It's an olive.	e462728a-35b8-59fe-8796-67afc230466a	11	14
Questa è un'oliva.	This is an olive.	fdc36d3e-6535-58d5-bc9c-72166fb1ea51	18	17
Dammi dell'olio d'oliva.	Give me olive oil.	d4db9764-8e3a-5cc2-87cc-2041f4b9ed69	24	18
Mi dia dell'olio d'oliva.	Give me olive oil.	8fc9a776-ba84-565e-adf1-5cc8513e5883	25	18
Datemi dell'olio d'oliva.	Give me olive oil.	b216bd9c-6b67-5aea-b1c9-a1fc163b9b88	25	18
È olio d'oliva.	That's olive oil.	b19851fd-ff48-5c56-b63a-5280bad3fe0b	15	17
Passa l'olio d'oliva.	Pass the olive oil.	c098ba82-53a3-52c5-a7e3-d9084ed96b08	21	19
Passi l'olio d'oliva.	Pass the olive oil.	9fb27fba-53a1-5179-ab70-f6de3454c9ff	21	19
Passate l'olio d'oliva.	Pass the olive oil.	3517a0ff-a4b4-51c1-8e97-2509973ba1c6	23	19
Questo è olio d'oliva.	This is olive oil.	36eddb55-e44f-5f1f-9c59-5e3609c5de81	22	18
Beve dell'olio d'oliva.	She drinks olive oil.	10d6c33c-5943-5913-9cf3-47f04fc7295b	23	21
Ama l'olio d'oliva.	He loves olive oil.	154fdee7-d5b9-5046-8387-d7531f1dd509	19	19
L'olio d'oliva è deperibile.	Olive oil is perishable.	32c0a6b4-0c40-516a-b36c-f9cb44ed66ce	28	24
A Tom piace l'olio d'oliva.	Tom likes olive oil.	5f49e9d8-be3b-5cf4-bbca-04729134c57a	27	20
Mi piace l'olio d'oliva.	I like olive oil.	203c3170-a0fe-5564-9a1f-61093ba75384	24	17
A me piace l'olio d'oliva.	I like olive oil.	031fed46-65b0-5d53-9b27-580b86fd9d04	26	17
Vuoi un'oliva?	Do you want an olive?	e1861b27-fc7f-56db-9adf-b2fb571e50b7	14	21
Vuole un'oliva?	Do you want an olive?	5250b829-7803-5c5c-a5eb-5a0bac72d2d2	15	21
Volete un'oliva?	Do you want an olive?	fe74fe22-a7b6-554e-9b3c-7a820ceb7596	16	21
Vorresti un'oliva?	Would you like an olive?	8d64fb89-5bba-5c8e-b218-a75b58f28bf1	18	24
Vorreste un'oliva?	Would you like an olive?	7e2c9dbd-4137-5c25-9e34-96c78f7c6996	18	24
Vorrebbe un'oliva?	Would you like an olive?	435fcbc5-4702-5893-ae46-0f4331ae41c0	18	24
L'olio d'oliva è troppo costoso.	Olive oil is too expensive.	14e61a16-4c82-591a-a0fd-12f0011b6ea6	32	27
Hai dell'olio di oliva?	Do you have any olive oil?	0d1056e7-cc51-5116-b362-385d37c4416b	23	26
Ha dell'olio di oliva?	Do you have any olive oil?	5e628525-8bf3-5dab-b5e8-b547e7508385	22	26
Avete dell'olio di oliva?	Do you have any olive oil?	b9bf0993-7dc6-5ae2-9f5f-f7f36e383ba9	25	26
Tom ha sminuzzato l'aglio.	Tom minced the garlic.	9b4758a8-bb36-5b7f-811e-20f5ac4bd755	26	22
Tom sminuzzò l'aglio.	Tom minced the garlic.	fef78008-6723-5734-b990-3523b2c54b55	21	22
Mangerai dell'aglio.	You're going to eat garlic.	4a396f4d-5e4d-527b-a28d-272730228f61	20	27
Mangerà dell'aglio.	You're going to eat garlic.	43001fe7-e6f1-5fb0-be04-9367c303dba7	19	27
Mangerete dell'aglio.	You're going to eat garlic.	5f63f8b3-0275-5c94-add4-1c740c4c55c0	21	27
Perché non hai piantato dell'aglio?	Why didn't you plant garlic?	77b71b2e-75f3-54ea-905b-8b987e0b10d7	35	28
Perché non ha piantato dell'aglio?	Why didn't you plant garlic?	527afa77-1821-5da5-ac51-b01209c2fdd5	34	28
Perché non avete piantato dell'aglio?	Why didn't you plant garlic?	8cf26977-acd6-5aa1-b71a-7784799f85a8	37	28
Boldi ha detto che odiava l'aglio.	Boldi said that he hated garlic.	ba52f239-a26e-5aaf-b67e-7fc50908f55c	34	32
Boldi disse che odiava l'aglio.	Boldi said that he hated garlic.	a0ae09ae-b8b6-5865-9117-9c66343b14be	31	32
Penso di avere usato troppo aglio.	I think I used too much garlic.	6990e52a-e35d-5394-b825-28655318274a	34	31
Penso di avere utilizzato troppo aglio.	I think I used too much garlic.	e3d47166-62bd-5db0-a599-0e9e963622b7	39	31
Mi piace la cipolla.	I like onion.	151ebbee-37ee-50c1-add3-7f83490bb34a	20	13
A me piace la cipolla.	I like onion.	1ea2968b-c428-5351-b418-21d15d9c47a4	22	13
Sbuccia la cipolla.	Peel the onion.	ce47f2f7-1dbd-5280-bbb8-1adb13f1141d	19	15
Sbucci la cipolla.	Peel the onion.	9216da9c-6976-5ffa-9389-e7417e605e4b	18	15
Sbucciate la cipolla.	Peel the onion.	9a3e7337-a387-5677-8e2a-7c43054d4266	21	15
Tom odia la cipolla cruda.	Tom hates raw onion.	4b5002a3-6b61-5f8f-a96b-7a20e0a294a0	26	20
Tom ha tagliato la cipolla a dadini.	Tom diced the onion.	9eeee9b5-c0bf-54b1-b693-c2c56f85db04	36	20
Tom tagliò la cipolla a dadini.	Tom diced the onion.	a69ce1c1-efea-56e7-a9e6-44e2b8d20b59	31	20
Questi anelli di cipolla sono deliziosi.	These onion rings are delicious.	55cf86d7-4f8c-520f-8f3a-87472df403ca	40	32
Sto mangiando una cipolla.	I'm eating an onion.	97a241f1-8b06-56e1-b92e-032e8c592692	26	20
Poi ha aggiunto due fette di cipolla.	Then he added two slices of onion.	ef04f813-e790-5a67-88cf-9ae6f4760b62	37	34
Poi aggiunse due fette di cipolla.	Then he added two slices of onion.	898b6932-80f2-5387-bb29-c98a1c058863	34	34
Devo tagliare la cipolla?	Shall I cut the onion?	31cec066-1911-54e4-a8c9-23974510d0e2	25	22
Tutti dovrebbero evacuare immediatamente Teheran!	Everyone should immediately evacuate Tehran!	1d75de41-d087-5a59-a89c-631b1b7ba0f1	49	44
Non voglio la zuppa di cipolle.	I don't want onion soup.	89b344f1-bee6-5811-8d0c-48cd416e0b0a	31	24
La cipolla ha un odore e un sapore forti.	Onion has a strong smell and flavor.	29c56273-4b40-5b03-bbb1-161e0a940496	41	36
La cipolla rossa è una divinità minore.	The red onion is a minor deity.	bf7e672c-4d62-5cf6-88ed-933e9afefa1a	39	31
Dmitri mise dello zucchero nella cipolla scavata.	Dmitri put sugar into the carved out onion.	9e3eae4d-3875-58e3-9fe8-d62c8787c5cd	49	43
Le formiche amano lo zucchero.	Ants love sugar.	5b28f7be-9cec-5901-aeee-f6299cdcfbd2	30	16
Voglio dello zucchero.	I want sugar.	3cd74aec-6f82-589f-81c2-0b74697ff396	22	13
Io voglio dello zucchero.	I want sugar.	fa600bee-3e53-51fd-aded-d1e98ac75a24	25	13
La canna da zucchero è dolce.	Sugar cane is sweet.	d0f37754-9260-5b95-ab27-bef568190b6e	29	20
Ha bisogno di zucchero.	He needs some sugar.	55043e76-3aa7-5ad9-97f3-869b69cd234d	23	20
Gli serve dello zucchero.	He needs some sugar.	343af0d0-92b7-5b91-ab8d-6b4ac65e078d	25	20
Hai aggiunto dello zucchero?	Have you added sugar?	82f38e20-2d42-5196-b2e0-51b7dcb7ff4f	28	21
Ha aggiunto dello zucchero?	Have you added sugar?	52688df4-bb9d-5d0f-8edc-06837e308109	27	21
Avete aggiunto dello zucchero?	Have you added sugar?	bdf55974-6b63-51f6-8be3-d5feab0aa2c6	30	21
Lo zucchero mi fa stare male.	Sugar makes me sick.	61ac0eef-181f-52bd-86da-00628ea6132a	29	20
Dov'è lo zucchero?	Where is the sugar?	006c859b-ea25-5230-90f2-0d2eb3882c36	18	19
Ho bisogno di più zucchero.	I need more sugar.	907b9f77-447a-57f3-aea1-47f5a1ed4d30	27	18
Mi serve più zucchero.	I need more sugar.	23dc730d-900f-5d4c-b290-f9ff6f6ca1bc	22	18
Dammi dello zucchero.	Give me some sugar.	fe61e8ba-46f7-5eb0-81d9-0861261f7c50	21	19
Mi dia dello zucchero.	Give me some sugar.	dd7f77ce-72ec-5182-b2fb-5b6e113d01c4	22	19
Datemi dello zucchero.	Give me some sugar.	29d30c3f-498d-58c8-b307-a310e055358a	22	19
Tassa lo zucchero. Problema risolto.	Tax sugar. Problem solved.	854316cd-2acf-5ec7-b3b0-81da8a84ec43	36	26
Tassate lo zucchero. Problema risolto.	Tax sugar. Problem solved.	422a2c31-ed75-5905-bbee-0f5ce2624921	38	26
Tassi lo zucchero. Problema risolto.	Tax sugar. Problem solved.	a830b741-ad0b-53df-832c-c114f23c0fef	36	26
Lo zucchero era in offerta oggi.	Sugar was on sale today.	5143521a-e666-5d1f-974a-10da54db6f9c	32	24
Il cibo e lo zucchero attirano le formiche.	Food and sugar attract ants.	06a11f21-2e39-5bd8-8cd8-aaf927d6976c	43	28
Hamisi non usa lo zucchero.	Hamisi doesn't use sugar.	35a60325-4ac2-5abb-99f5-ef00b0d4393b	27	25
Hamisi non utilizza lo zucchero.	Hamisi doesn't use sugar.	e98fde0f-739c-5a91-b39a-2cf88cbe9859	32	25
Hamisi non vuole lo zucchero.	Hamisi doesn't want sugar.	6e8a023f-b917-5d53-b431-893101d146fc	29	26
Sono senza zucchero.	I'm out of sugar.	25ce472d-aab6-54c6-80ef-84813f5a9b50	20	17
Si sono comprati dello zucchero.	They bought themselves some sugar.	c05a0a55-df5e-50e8-b843-8803c424c6e9	32	34
Si sono comprate dello zucchero.	They bought themselves some sugar.	e5829a93-3702-5ac2-a661-9985625f0dec	32	34
Si comprarono dello zucchero.	They bought themselves some sugar.	1d5c9e83-f1c2-5f47-b380-6499f1402742	29	34
C'è dello zucchero in quella scatola.	There is sugar in that box.	1a79e71f-e17a-591f-a12a-a833a9b469f1	37	27
Bevo il mio caffè con lo zucchero.	I drink my coffee with sugar.	9eb17bdc-4f8e-514c-baa9-5cef9bd5e4d6	34	29
Ha aggiunto dello zucchero al suo caffè.	She added sugar to her coffee.	5b67a14f-6fcd-536b-8cc9-a6b3cc118e27	40	30
Aggiungono dello zucchero al caffè.	They always add sugar to coffee.	ce5f6946-331b-514c-a056-0b429323cda9	35	32
Ho aggiunto dello zucchero al mio caffè.	I added sugar to my coffee.	32433b06-aa6e-5a28-bb30-d5ee43650df5	40	27
Aggiunsi dello zucchero al mio caffè.	I added sugar to my coffee.	2f235633-4333-5a0d-af58-3d0ab55ba9a4	37	27
Preferisco il miele allo zucchero.	I like honey better than sugar.	1a9981b2-2df2-5f46-9388-0fcb93374903	34	31
Io preferisco il miele allo zucchero.	I like honey better than sugar.	c8cc832e-a294-5b0b-96b8-441fe687f5d9	37	31
Mi piace il miele più dello zucchero.	I like honey more than sugar.	8df4ccc3-3a89-5088-9e07-797ef1a373ca	37	29
A me piace il miele più dello zucchero.	I like honey more than sugar.	6dfa9cb1-9c20-5274-9dfd-445cea5fe0f2	39	29
Di solito bevo il tè senza zucchero.	I usually drink tea without sugar.	b37df3f8-4c3f-5aa0-8fac-5834eca27487	36	34
Solitamente bevo il tè senza zucchero.	I usually drink tea without sugar.	afe29143-b400-56b1-bd98-b77856bd18f6	38	34
Quanto è salutare lo zucchero?	How much sugar is healthy?	fccf93a8-e4db-5ed1-8b95-10e53b4551e3	30	26
Sciogli lo zucchero nell'acqua calda.	Dissolve sugar in hot water.	a3ca760b-c55a-526e-b4d8-3ee8241c31bd	37	28
Sciolga lo zucchero nell'acqua calda.	Dissolve sugar in hot water.	ae5190ba-bf02-5abd-aa48-f6e1b6d16920	37	28
Sciogliete lo zucchero nell'acqua calda.	Dissolve sugar in hot water.	eaa55097-d9c3-568b-9eb1-d684bbed2ed4	40	28
È abbastanza zucchero per oggi.	That's enough sugar for today.	7f4d4dbe-6123-54c2-8e43-bdf156145b66	31	30
Ziri voleva il suo cappuccino senza zucchero.	Ziri wanted his cappuccino without sugar.	fd62293f-e4f7-53a6-8ed5-751a51704bd7	45	41
Mi passeresti lo zucchero?	Could you pass me the sugar?	bbcc8d15-b979-5faf-b06a-ccae35bbc193	26	28
Mi passereste lo zucchero?	Could you pass me the sugar?	37aa2657-73ea-52b9-b6a1-18877a6fe256	26	28
Mi passerebbe lo zucchero?	Could you pass me the sugar?	9092d276-c038-5ca2-aefd-99d82c5d7611	26	28
Quanto zucchero importa l'Algeria?	How much sugar does Algeria import?	5371c371-b5ed-54cb-8fe7-399daeb8d1cc	34	35
Quanto zucchero consuma l'Algeria?	How much sugar does Algeria consume?	dee5aef8-f8db-593e-989b-ba4703786c45	34	36
Quanto zucchero produce l'Algeria?	How much sugar does Algeria produce?	ba243769-5c84-57cc-8607-3c0735539a16	34	36
Ho finito lo zucchero.	I've run out of sugar.	0f0c0e5a-16bb-5b0a-aed5-d656612af262	22	22
Abbiamo aggiunto dello zucchero al nostro caffè.	We added sugar to our coffee.	be9f5ea7-3ddd-5751-9b4d-ae909be9377f	48	29
Aggiungemmo dello zucchero al nostro caffè.	We added sugar to our coffee.	ce4b07b2-3b09-5f51-bc27-d978db83e03b	43	29
Non ha abbastanza zucchero.	He doesn't have enough sugar.	1bb5e74d-9b86-508c-9864-ff3b2b89a369	27	29
Mi piace lo zucchero nel mio tè.	I like sugar in my tea.	e1a2d49e-ca70-5db5-928f-900f6d2e54b0	32	23
A me piace lo zucchero nel mio tè.	I like sugar in my tea.	e2543690-ddce-5217-9244-0ea8a23e17cf	34	23
Di' a Tom di comprare dello zucchero.	Tell Tom to buy some sugar.	870309de-2123-5987-a248-bba9f50abc60	37	27
Dica a Tom di comprare dello zucchero.	Tell Tom to buy some sugar.	c090f5b9-4dae-5ee5-9853-e646170d3cdd	38	27
Dite a Tom di comprare dello zucchero.	Tell Tom to buy some sugar.	91e7e469-b3f4-5778-bab2-3b0cce7a4f16	38	27
Non mi è permesso consumare zucchero.	I am not allowed to consume sugar.	312cf513-68c4-5fb7-8816-5adab8b7b9cf	37	34
A me non è permesso consumare zucchero.	I am not allowed to consume sugar.	243fddf8-144c-5657-a08d-e039b392672f	39	34
Mi passeresti lo zucchero, per favore?	Would you pass me the sugar, please?	ff22aea5-d149-590a-bb4b-8ac8279a00d4	38	36
Mi passeresti lo zucchero, per piacere?	Would you pass me the sugar, please?	b5979a6f-52bb-5d19-9852-d76aa58e7da1	39	36
Mi passereste lo zucchero, per favore?	Would you pass me the sugar, please?	5073052c-0715-5eea-ab16-992b6e967175	38	36
Mi passereste lo zucchero, per piacere?	Would you pass me the sugar, please?	f3770e9c-90fa-5df2-8000-dfbe2c4e778e	39	36
Mi passerebbe lo zucchero, per favore?	Would you pass me the sugar, please?	0019e0e4-9b24-5b5c-bae2-11f16d1d35ba	38	36
Mi passerebbe lo zucchero, per piacere?	Would you pass me the sugar, please?	65aa7c50-6113-5cf0-9985-4714009a93fc	39	36
Preferisco il tè senza latte o zucchero.	I prefer tea without milk or sugar.	7dab9c80-73cc-5f4a-a81f-4abc52baf6d3	40	35
Quanto altro zucchero abbiamo?	How much more sugar do we have?	894b172e-6541-5ba0-8e8f-778077288642	30	31
Ziri ha aggiunto l'acqua e lo zucchero.	Ziri added the water and the sugar.	be445e1e-9d8d-589d-8640-60eb4607f495	39	35
Ziri aggiunse l'acqua e lo zucchero.	Ziri added the water and the sugar.	2a6adbe9-be52-5f0f-a52c-c97f5659364c	36	35
Non aggiungo mai lo zucchero al mio caffè.	I never add sugar to my coffee.	5d62f64b-a96e-590f-9aa0-41b2443143f6	42	31
Non le piace il caffè con lo zucchero.	She does not like coffee with sugar.	bd6a2830-deb6-5075-b0b9-60dfbcbd9d15	38	36
A lei non piace il caffè con lo zucchero.	She does not like coffee with sugar.	4a91213f-ca9f-511d-848e-fc1e70cd6b81	41	36
Non ho aggiunto dello zucchero.	I didn't add sugar.	f6380d67-9a20-54d9-b24b-3161dab44a63	31	19
Non aggiunsi dello zucchero.	I didn't add sugar.	042be75d-1546-5b45-a20e-9de0cba36797	28	19
Il miele è migliore dello zucchero.	Honey is better than sugar.	75f30671-e307-5ca3-b3d2-2178d96cdfcc	35	27
Siamo senza zucchero?	Are we out of sugar?	de115ccb-0215-5dcf-a275-59f4b2c53335	21	20
Mamma, dov'è lo zucchero?	Mum, where's the sugar?	d11d4dea-7d33-5e1f-9b9e-7bafe73a1d7a	25	23
Mary l'ha fatto per se stessa, non per me.	Mary did that for herself, not for me.	55b5f4d1-0428-52ec-aa74-c7950d0501b9	42	38
Mary lo fece per se stessa, non per me.	Mary did that for herself, not for me.	115fd1aa-23ec-5cd0-8977-7c319ce7bbc3	39	38
Mary si è tinta i capelli di castano.	Mary dyed her hair brown.	8592a9c6-f277-5322-a329-614ad1571177	37	25
Mary si tinse i capelli di castano.	Mary dyed her hair brown.	238f7bc9-ea87-5fb9-b7ca-640351e2a85a	35	25
Mary non poteva fare quello che voleva.	Mary couldn't do what she wanted.	0c69cdcf-15e1-5af0-8e0d-6db1246cd980	39	33
Mary non riusciva a fare quello che voleva.	Mary couldn't do what she wanted.	57365b79-c2c1-5493-8a0c-10977245f214	43	33
Mary ha detto che non era terrorizzata.	Mary said that she wasn't terrified.	4e6ab155-67d3-59ad-bc0f-06bd0b67ce73	39	36
Mary disse che non era terrorizzata.	Mary said that she wasn't terrified.	77604b39-369c-5904-9a78-f883f033f442	36	36
Belle scarpe!	Nice shoes!	7208e174-d016-5c3d-ada8-2cb995a3f9fc	13	11
Quelle scarpe puzzano.	Those shoes smell.	2c4fb1f3-ed8d-5e4f-8e5b-a7915f9b4144	22	18
Voglio delle scarpe.	I want shoes.	759da192-51bf-5a06-94bc-30e270d0c253	20	13
Hanno comprato delle scarpe.	They bought shoes.	7900054e-0a1f-5c7a-b118-1a7e49384b41	28	18
Comprarono delle scarpe.	They bought shoes.	750570ac-651a-530b-990b-a255af0dcc26	24	18
Abbiamo comprato delle scarpe.	We bought shoes.	31e510b5-77ec-5ac7-a67a-14f5137944da	30	16
Comprammo delle scarpe.	We bought shoes.	46df4b49-874c-5267-a86d-0ff3320b9ab2	23	16
Rima ha comprato delle scarpe.	Rima bought shoes.	d267d0af-c2c3-504d-95b1-c4016cebcf61	30	18
Rima comprò delle scarpe.	Rima bought shoes.	cd51ff1f-0137-5a27-8ca8-9e4430d89c16	25	18
Ha comprato delle scarpe.	She bought shoes.	441e877b-75bf-560b-83dd-fff25ad8f583	25	17
Comprò delle scarpe.	She bought shoes.	17581b93-d928-5234-8117-ed3d4d967283	20	17
Ho comprato delle scarpe.	I bought shoes.	780f7b73-4fca-5c75-9040-83af43f9b193	25	15
Comprai delle scarpe.	I bought shoes.	dd1e7371-8fc7-5663-8a1b-04836abe918f	21	15
Ziri ha comprato delle scarpe.	Ziri bought shoes.	62e6b4d6-7cc8-5d12-b66b-9ac3b590986e	30	18
Ziri comprò delle scarpe.	Ziri bought shoes.	71268f57-9594-5cd4-9143-1ca22c5c1e7a	25	18
Tom ha mangiato le mie scarpe.	Tom ate my shoes.	66b0f3c5-fe30-5b8c-9d1f-91fee03c3c61	30	17
Tom mangiò le mie scarpe.	Tom ate my shoes.	5e17f1df-f43e-510f-8b00-8b1de19b2c25	25	17
Hanno comprato queste scarpe.	They bought these shoes.	3c4aa4c6-784a-5994-88d2-8c677669ca69	29	24
Comprarono queste scarpe.	They bought these shoes.	b170e2be-3711-5999-a1bc-12f7d216314a	25	24
Ha pulito le scarpe.	He cleaned the shoes.	5099a868-2ebb-580f-bbb6-e18ebd1b16b2	20	21
Pulì le scarpe.	He cleaned the shoes.	873eb9b9-8291-5df3-bd69-f03c8e153918	15	21
Mi sono messo le scarpe.	I put on shoes.	2a3561c8-5357-5032-9943-99e554fb9628	24	15
Mi sono messa le scarpe.	I put on shoes.	18c3ff05-bc34-5a11-8b5c-cb1699cdc623	24	15
Mi misi le scarpe.	I put on shoes.	8837b18b-4d79-508c-893a-375a65ae42ab	18	15
Indossa delle scarpe verdi.	She wears green shoes.	f5b2a744-6724-5a13-b9dc-1bf97be924f4	27	22
Stanno vendendo scarpe.	They're selling shoes.	95bd2c9b-758f-508a-9f16-e86a8c2b4718	23	22
Stanno vendendo delle scarpe.	They're selling shoes.	8de780d5-6bb0-55ba-bb72-550aa1dcb4df	29	22
Scarpe slacciate? Entropia!	Shoes untied? Entropy!	cd060d73-37eb-5de0-a956-405d3c405d95	27	22
Indossavamo delle scarpe strette.	We wore tight shoes.	cd6fffcc-871d-57d0-954e-8142f4fddf02	33	20
Queste scarpe sono scomode.	These shoes are uncomfortable.	5842e16c-0b2e-55df-9a6c-2a7a207ffcc6	27	30
Le tue scarpe sono scomode?	Are your shoes comfortable?	0d110cb6-a811-5a90-9e54-12a49326c758	27	27
Le sue scarpe sono scomode?	Are your shoes comfortable?	5f7cd701-37ae-5132-ba59-ec20b31e2113	27	27
Le vostre scarpe sono scomode?	Are your shoes comfortable?	c55596e5-4b7e-54b2-be44-b977af34cd16	30	27
Ha comprato delle scarpe nuove.	He bought new shoes.	d6b074b3-8858-50a1-9e18-4da1acd003a0	31	20
Comprò delle scarpe nuove.	He bought new shoes.	0b294ef3-3435-5c1d-9431-815cddd43b79	26	20
Indossava delle scarpe nere.	She wore black shoes.	a8b0bdd3-5327-5dbb-97b8-cc7fcc399fc8	28	21
Indossa delle belle scarpe.	She wears nice shoes.	1f53a015-42d8-54a5-8775-c96c3134ce71	27	21
Indossa delle scarpe buone.	He wears good shoes.	2561e7c9-77d7-56b1-87cb-4e8f477105f8	27	20
Sta indossando delle belle scarpe.	She's wearing nice shoes.	55432c99-7603-523e-bcb2-afc04c872014	34	25
Sta indossando delle scarpe buone.	He's wearing good shoes.	cfb4a9d0-ee45-5afe-b6f7-82583c231566	34	24
Non ha scarpe.	He has no shoes.	00252137-8d53-5d62-bb41-545e19c9816b	14	16
Ero senza scarpe.	I was without shoes.	b79ab820-3abd-5772-be68-d9e2c9e57763	17	20
Dammi le mie scarpe.	Give me my shoes.	9f8c1913-ec9e-5ed8-9f85-420815f44bda	20	17
Mi dia le mie scarpe.	Give me my shoes.	e8db615b-fdac-546e-bc03-33f551cd2344	21	17
Datemi le mie scarpe.	Give me my shoes.	0d0033fe-4d70-5d35-b3ac-ce39ca91a69e	21	17
Ha trovato le sue scarpe.	He found his shoes.	7621fac9-17ff-526f-9dcf-6ab66d9ccccf	25	19
Trovò le sue scarpe.	He found his shoes.	41ce01a3-bf8d-5268-b0a2-466706401ff8	20	19
Amo le tue scarpe.	I love your shoes.	e4a91ab7-0260-57fd-bb6e-da114e375ccd	18	18
Amo le sue scarpe.	I love your shoes.	7156d463-5103-5f57-aeb5-80268f4461ce	18	18
Amo le vostre scarpe.	I love your shoes.	f6a16fab-cd82-5b01-9c1d-556ae671f7f2	21	18
Abbiamo bisogno di scarpe nuove.	We need new shoes.	93ccb770-a0f6-5d28-930a-76d93ea69e5c	32	18
Ci servono delle scarpe nuove.	We need new shoes.	24a7d39e-4421-5a45-bc62-f304988bc6d3	30	18
Le mie scarpe sono bagnate.	My shoes are wet.	35bae671-66c7-54aa-8ae0-4fd84ede8921	27	17
Sto indossando delle scarpe.	I'm wearing shoes.	64331778-a39e-5da9-80e6-3a1dee1924d0	28	18
Queste scarpe andranno bene?	Will these shoes do?	4ec48fe1-92e4-56ac-abc2-594b1cf83604	28	20
Sami ha dato delle scarpe a Layla.	Sami gave Layla shoes.	a09d6de9-17d1-5d3c-a04f-f6a1f8471fc3	34	22
Sami diede delle scarpe a Layla.	Sami gave Layla shoes.	44bd4158-c211-5bd7-a66f-7fd9ecc0e234	32	22
Quante scarpe ci sono?	How many shoes are there?	0feda4d0-c2c9-5fde-8e62-d7c10d319028	22	25
Anche io voglio delle scarpe, però...	I want shoes too but...	bbc1cc70-a7f3-52c3-ac03-ba1327232b32	37	23
Può permettersi queste scarpe.	He can afford these shoes.	a741f697-78ba-5cc6-8aa2-a8272462ca68	30	26
Si può permettere queste scarpe.	He can afford these shoes.	acb53f49-a692-5ed8-adfa-65733f19b94b	32	26
Tom era seduto nel fango.	Tom sat in the mud.	13ef6d27-3e40-5416-9935-6dc14d34a892	25	19
Perché ai maiali piace il fango?	Why do pigs like mud?	7113bd4f-178e-5938-b391-e20d832f72c6	32	21
Vladimir odora di fango sporco.	Vladimir smells like dirty mud.	fd9c436e-3f6a-58b0-9f30-80ee6e9d667a	31	31
Il fango era così profondo.	The mud was this deep.	5d41f1d5-991a-5c79-bc07-74eb57a8424c	27	22
Ziri era coperto di fango.	Ziri was covered in mud.	163193c0-8d04-59f7-b3c0-36cb5593c2b3	26	24
Tom è coperto di fango.	Tom is covered with mud.	cfa47257-fbca-594b-ac0e-2b0053be6e00	23	24
Tom era coperto di fango.	Tom was covered in mud.	641b2df7-e48d-5d9d-81da-e431b2b27f3c	25	23
Mennad è coperto di fango.	Mennad is covered with mud.	a92dcac1-d806-594a-b346-f347b3f1b727	26	27
Sono caduto nel fango.	I fell into the mud.	d2f62cc8-3324-58b3-9604-ad749b3f25d2	22	20
Sono caduta nel fango.	I fell into the mud.	4c584b69-7cfe-523e-99fb-3eb522f8dc18	22	20
Caddi nel fango.	I fell into the mud.	6bfe4644-351c-5ec0-8776-38a2c607bab5	16	20
Erano bloccati nel fango.	They were stuck in the mud.	778abc07-9ac7-5efe-b3df-1e4668c12739	25	27
Erano bloccate nel fango.	They were stuck in the mud.	4a52cc62-1b36-577c-96cf-ea3caa66b44e	25	27
Stava camminando nel fango.	She was walking in the mud.	3ebb7a79-b33f-575d-b597-49d2e9af4fb9	27	27
Ziri ha spinto Rima nel fango.	Ziri pushed Rima into the mud.	0a6fd729-25b2-5356-9d89-fed31a0ba18f	30	30
Ziri spinse Rima nel fango.	Ziri pushed Rima into the mud.	5a4ad6f9-b94f-5b9e-931c-93c02d2b5036	27	30
Il camion è affondato nel fango.	The truck sank in the mud.	4eda494f-2a1b-5c59-a0e3-db0d15457dda	32	26
Il camion affondò nel fango.	The truck sank in the mud.	505aaf41-4c1e-5477-8c1d-d64ec34dd20a	28	26
Il tuo cane è coperto di fango.	Your dog is covered in mud.	cdd6e82f-76c8-5687-852c-95bcc2296325	31	27
Il suo cane è coperto di fango.	Your dog is covered in mud.	d7f7c282-f653-5871-91c8-d923dc2ee99f	31	27
Il vostro cane è coperto di fango.	Your dog is covered in mud.	7e6b36f4-5b30-5754-83e9-b3c9bab2e9eb	34	27
Tom si è bloccato nel fango.	Tom got stuck in the mud.	1a5b86d2-1459-5bfa-a0b3-2d32d1919b0e	28	25
Tom si bloccò nel fango.	Tom got stuck in the mud.	7ccea052-8632-54f0-913f-6a5fd5f3d4c2	24	25
I ragazzi giocavano nel fango.	The boys played in the mud.	07eb583a-3601-5437-ac0a-fbf96935ebdf	30	27
I ragazzi suonavano nel fango.	The boys played in the mud.	182a7819-7626-5125-8b07-ca791e323153	30	27
Tom è venuto a casa coperto di fango.	Tom came home covered with mud.	ec3b6e68-26ae-5140-a247-8ec9ff8e354d	37	31
Tom venne a casa coperto di fango.	Tom came home covered with mud.	36544b76-17e8-5eef-9123-61e391204b26	34	31
Tom è tornato coperto di fango.	Tom came back covered in mud.	ef5ca1d8-a8e0-53f2-b986-bce75c13c884	31	29
Tom tornò coperto di fango.	Tom came back covered in mud.	cf4800bf-13e4-58b6-b789-dbd3f654b9b5	27	29
Ha pulito il fango dal trattore.	He cleaned the mud off the tractor.	b662ab07-264d-5de3-991a-bab6f06b859a	32	35
Pulì il fango dal trattore.	He cleaned the mud off the tractor.	e5cad04c-0944-577f-8698-d1053d0bf884	27	35
Ziri era intrappolato in una pozzanghera di fango.	Ziri was trapped in a mud puddle.	3bae61bf-f982-5846-bb81-c97c5648a946	50	33
Le mani di Tom erano coperte di fango.	Tom's hands were covered in mud.	bb5c8f0c-c8de-52c6-8f40-3b8ffb310470	38	32
Alberto era sdraiato sulla spiaggia.	Alberto lied on the sand.	42e502a4-5348-51e3-a0d6-91cb62fa6fd1	36	25
Abbiamo bisogno di cemento e sabbia.	We need cement and sand.	49870de2-1366-56b0-a87a-367b0b555810	36	24
Ci servono cemento e sabbia.	We need cement and sand.	f27630ad-9cbd-5de8-91c7-1030651b46ef	28	24
Ha fatto una scultura di sabbia.	He made a sand sculpture.	5ceaa4b7-2a0d-5f3a-802b-b992be8f2c60	32	25
Fece una scultura di sabbia.	He made a sand sculpture.	a146bbc2-ba4c-5e9a-8e66-917b0c874420	28	25
Camminare sulla sabbia è difficile.	Walking in the sand is difficult.	98ebce36-166a-5bec-ac2d-c6d69d45a670	35	33
È difficile camminare sulla sabbia.	It is difficult to walk in the sand.	3755d16e-6819-5fae-9a49-e76c726e5bc8	35	36
Sdraiamoci sulla sabbia.	Let's lie on the sand.	5198f331-bf3b-52ab-83c1-3d1fdea5dfc3	24	22
Per favore, riempi il secchio di sabbia.	Please fill the bucket up with sand.	a375f4d0-3692-59cd-8901-2f368e674deb	40	36
Per piacere, riempi il secchio di sabbia.	Please fill the bucket up with sand.	8e44a5fe-166a-57bf-86bf-428d8a0579af	41	36
Per favore, riempite il secchio di sabbia.	Please fill the bucket up with sand.	a7dbaa50-d88d-5fec-9c01-ac8f090f1644	42	36
Per piacere, riempite il secchio di sabbia.	Please fill the bucket up with sand.	56d28225-45af-55b2-bb0a-6fd845d823af	43	36
Per favore, riempia il secchio di sabbia.	Please fill the bucket up with sand.	ce55dcab-9c0b-538d-8a4a-1da6f05300e7	41	36
Per piacere, riempia il secchio di sabbia.	Please fill the bucket up with sand.	bf31559f-c5b8-577a-aebd-dc057203f40d	42	36
Tom si è lavato via la sabbia dai piedi.	Tom washed the sand off his feet.	e39793e3-a161-5d95-9eb7-c0fc56ddbdf4	40	33
Tom si lavò via la sabbia dai piedi.	Tom washed the sand off his feet.	2b36bdbe-dfef-5239-b060-8c94b81a4502	36	33
I bambini amano scavare nella sabbia.	Children love to dig in the sand.	8cfc1539-94c7-5ca0-b6bb-1e5d4904617f	37	33
Gabor ha scritto la parola SOS sulla sabbia.	Gabor wrote the word SOS on the sand.	64b22666-dc5f-5263-af79-9e3823cea1eb	44	37
Gabor scrisse la parola SOS sulla sabbia.	Gabor wrote the word SOS on the sand.	0958d282-1848-5492-aca5-e589273ee438	41	37
Gabor ha scritto un nuovo messaggio sulla sabbia.	Gabor wrote a new message on the sand.	bb5dcfee-6bff-566c-af47-855927724b15	49	38
Gabor scrisse un nuovo messaggio sulla sabbia.	Gabor wrote a new message on the sand.	c3e95c0b-c974-5c8d-a132-798ab85ba517	46	38
SOS! SOS! SOS!	SOS! SOS! SOS!	81a1affe-0cef-59f5-8085-5499c4cd97af	14	14
Karl ha ricevuto un SOS da Rima.	Karl received an SOS from Rima.	debaef34-985d-5443-9187-7aa31eae30f2	32	31
Karl ricevette un SOS da Rima.	Karl received an SOS from Rima.	da9a0b57-213a-5c7d-b3fe-617d6f0cf8a5	30	31
Sta inviando un SOS.	She is sending out an SOS.	3e75e499-b57a-5fe4-a280-ee9c077a56f5	20	26
Sta mandando un SOS.	She is sending out an SOS.	01ef4d84-8129-5cd3-960e-796be87b4f26	20	26
Igor scavò nella sabbia e trovò dell'acqua.	Igor dug in the sand and found water.	47bd2d61-26c8-5364-9c50-b74c11d92c53	43	37
C'è ancora sabbia dappertutto sulla strada.	There's still sand all over the road.	a265f025-ce84-5d2f-9b02-156f84e21a4a	43	37
C'è ancora della sabbia dappertutto sulla strada.	There's still sand all over the road.	8cf16080-fcf6-5598-98d9-68cecd22d55f	49	37
Ha steso l'asciugamano sulla sabbia.	She spread out her towel on the sand.	43378887-9309-5beb-8282-9a496770a980	36	37
Stese l'asciugamano sulla sabbia.	She spread out her towel on the sand.	176f1d50-45ab-5606-873c-16e20df9956f	33	37
Cercarono di soffocare le fiamme con la sabbia.	They tried to smother the flames with sand.	2e0c57b8-5a37-50af-98dd-22bc7720daa6	47	43
Hanno provato a soffocare le fiamme con la sabbia.	They tried to smother the flames with sand.	53b78b4b-9c6b-5c08-aaab-f105bd3667ed	50	43
Provarono a soffocare le fiamme con la sabbia.	They tried to smother the flames with sand.	3c860eda-9a88-5b6a-8661-1906755ac423	46	43
La sabbia della spiaggia è molto calda.	The sand on the beach is very hot.	357e13af-c489-5213-8426-9048bb483960	39	34
Si stavano lavando via la sabbia dai piedi.	They were washing the sand off their feet.	308e1f61-e1b0-524d-b781-9552ad8f8721	43	42
Tom e Mary hanno riempito i loro secchi di sabbia.	Tom and Mary filled their buckets with sand.	e091f3ec-0308-5fa4-a1b3-e905678d9a0c	50	44
Tom e Mary riempiono i loro secchi di sabbia.	Tom and Mary filled their buckets with sand.	686f68f6-9992-537e-8c7e-d808a5431981	45	44
Mary ha steso l'asciugamano sulla sabbia.	Mary spread the towel out on the sand.	e9856e42-42f0-53e3-bdfe-1fd90e4b4985	41	38
Mary stese l'asciugamano sulla sabbia.	Mary spread the towel out on the sand.	b9b599b2-89fd-5770-b688-a7662ca12fc0	38	38
Tom ha steso l'asciugamano sulla sabbia.	Tom spread the towel out on the sand.	16fcc85a-bebf-5501-be18-ad79a7a50bad	40	37
Tom stese l'asciugamano sulla sabbia.	Tom spread the towel out on the sand.	4d500f87-f152-5e57-8329-36a1a62b94cf	37	37
Queste ostriche sono piene di sabbia e fango.	These oysters are full of sand and mud.	08289c1b-2500-54af-b86f-877994d4ec07	45	39
E cos'ha disegnato sulla sabbia?	And what did she draw in the sand?	c11f01e4-7641-5dd7-af81-7ba6c0abedf3	32	34
E che cos'ha disegnato sulla sabbia?	And what did she draw in the sand?	7c46249c-d893-5e0b-b498-f42a4119408c	36	34
E che ha disegnato sulla sabbia?	And what did she draw in the sand?	d9dd0512-94b3-5c13-a9e7-44ea225cbe71	32	34
Il camion di Dan si è bloccato nella sabbia.	Dan's truck got stuck in the sand.	d42ec877-2f3a-51cd-9b65-d408d652e19e	44	34
Il camion di Dan si bloccò nella sabbia.	Dan's truck got stuck in the sand.	a0f329d0-fedc-5f69-86ed-7f8cb065ba46	40	34
Tom ha trovato una cassa sepolta nella sabbia.	Tom found a chest buried in the sand.	0c8669dc-a3b8-5dc5-85a9-9c5d569ff7db	46	37
Tom trovò una cassa sepolta nella sabbia.	Tom found a chest buried in the sand.	cd42c844-1918-535b-9823-91d7934e3766	41	37
Stendi l'asciugamano sulla sabbia.	Spread the towel on the sand.	9fd182c2-6200-545a-8455-2d4211bfa1b0	34	29
Stenda l'asciugamano sulla sabbia.	Spread the towel on the sand.	93b46ece-a7fe-5fc2-a315-fec476cf693c	34	29
Stendete l'asciugamano sulla sabbia.	Spread the towel on the sand.	c4ec2d17-1b23-566e-9c9b-a1b8ac296606	36	29
Ho ordinato un hamburger.	I ordered a hamburger.	35ee6f0f-e749-57d9-b848-ec95326fe6f8	25	22
Ordinai un hamburger.	I ordered a hamburger.	e716710f-1c1d-50ff-9071-dc4291afe8b2	21	22
Sto mangiando un hamburger.	I am eating a hamburger.	cbecbed6-cdd7-5cef-978a-fd4b5265b749	27	24
Hai ordinato un hamburger?	Did you order a hamburger?	02c75df8-2000-515a-9e5d-5b6dfe3cfc02	26	26
Ha ordinato un hamburger?	Did you order a hamburger?	281b2dd5-ad6a-50d4-bd50-ee712e8febf3	25	26
Avete ordinato un hamburger?	Did you order a hamburger?	5c08207c-f9c8-54e9-95f9-1ed65d5ef50a	28	26
Vorresti un hamburger?	Would you like a hamburger?	51b07a98-60a4-534e-af8f-a158e2c2852b	22	27
Vorreste un hamburger?	Would you like a hamburger?	65eaf2ad-d0c0-531f-9563-44ac25a0ae9c	22	27
Vorrebbe un hamburger?	Would you like a hamburger?	e1b14cf4-aa45-5027-beea-23ac52f89476	22	27
Hai detto che volevi un hamburger?	Did you say you wanted a hamburger?	e56f4059-e656-5bf5-81cf-9b7db3e10ded	34	35
Ha detto che voleva un hamburger?	Did you say you wanted a hamburger?	ee992828-32e9-5265-bb8e-af01cfcda5c5	33	35
Avete detto che volevate un hamburger?	Did you say you wanted a hamburger?	a0e2d96c-9c08-588d-b69b-d98e4c001ee2	38	35
Preferiresti mangiare una pizza o un hamburger?	Would you rather eat pizza or a hamburger?	89457492-9854-5892-b72d-5278b087eaed	47	42
Preferireste mangiare una pizza o un hamburger?	Would you rather eat pizza or a hamburger?	7421d40c-14bb-5ec9-bbcd-78acadb2a70c	47	42
Preferirebbe mangiare una pizza o un hamburger?	Would you rather eat pizza or a hamburger?	f86a1684-1eea-548b-b801-7fbe7b4b5572	47	42
Hai ordinato una bistecca?	Did you order steak?	64421e93-3733-53c7-9566-794d578a9a8b	26	20
Ha ordinato una bistecca?	Did you order steak?	f85147f4-7b26-5992-ab0d-c9e1948e7ad4	25	20
Avete ordinato una bistecca?	Did you order steak?	f9aa5deb-ac86-5a6c-88a8-425b32d5850a	28	20
Come ti piace la tua bistecca?	How do you like your steak?	77074445-adad-5a43-9197-ee9b969a393a	30	27
Come le piace la sua bistecca?	How do you like your steak?	1f8bfc96-88cb-5083-8d1e-435cbe1bcf1f	30	27
Come vi piace la vostra bistecca?	How do you like your steak?	b2f9428b-64ed-58e6-9ebf-9de740400702	33	27
Dobbiamo aspettare un tavolo.	We must wait for a table.	1ed14f77-78fd-5f9b-9325-2d6bff6c6454	29	25
Mio padre si aspetta che io sposi Tom.	My father expects me to marry Tom.	c85fdaec-fc42-52a5-9f36-92f26e9e4978	38	34
Perché hai parcheggiato qui?	Why did you park here?	1c5c5874-99b4-51a3-a82e-33b649d21394	28	22
Perché hai parcheggiato qua?	Why did you park here?	9597af90-e8dc-5d48-936c-9a4a8671bc72	28	22
Perché ha parcheggiato qui?	Why did you park here?	cb807163-a44c-5bfa-ada0-8a4022dc3983	27	22
Perché ha parcheggiato qua?	Why did you park here?	d6e5bb43-cfa5-59ce-81a6-595514fad9b1	27	22
Perché avete parcheggiato qui?	Why did you park here?	7e729a60-e198-57b7-bbf2-08e363cc9241	30	22
Perché avete parcheggiato qua?	Why did you park here?	63cc4984-e3f9-5fd7-ad1b-989feed3e291	30	22
Mary sa dove può trovarmi.	Mary knows where she can find me.	2dec1a2e-d660-5c3b-85a1-3bf63d332c37	26	33
Mary sa dove mi può trovare.	Mary knows where she can find me.	9ec759ac-9803-5b8d-9135-72988379e5fd	28	33
Mary ha un sacco di amici ad aiutarla.	Mary has plenty of friends to help her.	3147a886-969b-5ac9-b246-4630a33c4de8	38	39
Mary ha un sacco di amiche ad aiutarla.	Mary has plenty of friends to help her.	0daedb00-815e-5517-9269-a44842d21bec	39	39
Mary ha detto che voleva studiare all'estero.	Mary said she wanted to study abroad.	3fc610ea-43d8-5fb9-9226-f8e33f04cf56	45	37
Mary disse che voleva studiare all'estero.	Mary said she wanted to study abroad.	a898e665-f2af-560d-9e48-4b1664fe22fa	42	37
Mi piace questo parco.	I like this park.	b7ed5366-989e-5d4b-83dc-c619aa6b0534	22	17
A me piace questo parco.	I like this park.	1a9fc0f0-6785-5535-b786-2f8512145fa6	24	17
È un parco.	It's a park.	b9beea0d-be55-51ef-ad02-b2799687beb8	11	12
Janos è entrato nel parco.	Janos entered the park.	aad62e3f-628b-5205-b247-4a7acbf1bb11	26	23
Janos entrò nel parco.	Janos entered the park.	0f993348-871e-5b6c-a5b4-f1035a42da45	22	23
Sono entrato nel parco.	I entered the park.	fd47136e-69b7-5e0f-9fc3-b41bf039efc6	23	19
Sono entrata nel parco.	I entered the park.	20e1a03d-8d62-5758-94cb-3a9c2af902e6	23	19
Entrai nel parco.	I entered the park.	343bc5ff-4c66-583e-b291-76aeaadd3b40	17	19
È uscito dal parco.	He exited the park.	5ea7ae9b-47fb-5e7c-a5b9-af90b97be491	19	19
Uscì dal parco.	He exited the park.	e0210053-0df9-53c9-b6a1-66b710415203	15	19
Adriano è uscito dal parco.	Adriano exited the park.	30a58edb-66cb-5c9f-ac5e-5be43ea42928	27	24
Adriano uscì dal parco.	Adriano exited the park.	498b5fa4-41c9-56cb-b9d4-7cebce75f3ee	23	24
Stefan è entrato nel parco.	Stefan entered the park.	3b4af7dc-771b-5b1e-86d2-9b22d8f3796f	27	24
Stefan entrò nel parco.	Stefan entered the park.	ba75055a-598e-587a-ab92-71202315e54a	23	24
Il parco non chiude mai.	The park never closes.	e9f14a13-4f10-5ab4-b8aa-3ee8fdb96048	24	22
Ziri amava quel parco.	Ziri loved that park.	0f7c076c-b11a-5188-bea5-c1a4d3a9f685	22	21
Parcheggia dove vuoi.	Park where you want.	67ae6dff-476c-51ef-a4d6-8caceef8d8a9	21	20
Parcheggi dove vuole.	Park where you want.	0eeaf7bd-094e-5d3d-998f-3d84b5bed084	21	20
Parcheggiate dove volete.	Park where you want.	0d586120-990d-50ea-beee-dd65664dafd1	25	20
Vai in un parco.	Go to a park.	ffee9cdf-ebfe-5908-acfc-2097e1b33273	16	13
Vada in un parco.	Go to a park.	5dfd7133-99d7-5e2b-8688-76b4bd2e0d5b	17	13
Andate in un parco.	Go to a park.	1e2d38c7-431a-5ff9-a873-52e448499560	19	13
Yanni ha trovato il parco.	Yanni found the park.	e39fe888-8cbe-5cff-980e-d5735156621a	26	21
Yanni trovò il parco.	Yanni found the park.	73b05189-5134-52e4-bd89-bbf3f89130a7	21	21
Yanni non ha parcheggiato.	Yanni didn't park.	7fd7f20f-141e-59a2-b8ca-dd788c7a2898	26	18
Yanni non parcheggiò.	Yanni didn't park.	9aa83a4f-f417-5506-a8e6-a09108fde2f4	21	18
Era al parco.	He was at the park.	ecd90adf-605e-56ce-952f-5ca6254f986d	13	19
Siamo andati nel parco.	We went into the park.	60b7240d-f7ca-59b7-9d0a-75bfa313f645	23	22
Siamo andate nel parco.	We went into the park.	1028710e-02a4-55f6-ac14-4511337ec3f5	23	22
Andammo nel parco.	We went into the park.	80f4ca91-58dd-5476-abcf-f4da0f2cd8ab	18	22
È andata al parco.	She went to the park.	34743fcc-9849-534a-8135-905903d5a326	18	21
Andò al parco.	She went to the park.	42863675-5601-5ca3-87b5-c23fb27b2e26	14	21
È andato al parco.	He went to the park.	8d101e5d-4145-5584-be45-013603f78a4b	18	20
Sono andati al parco.	They went to the park.	e650720b-c3f0-572d-8950-22e3508eee67	21	22
Sono andate al parco.	They went to the park.	ece6e2a9-e645-5c14-bca6-b958e44cfee9	21	22
Andarono al parco.	They went to the park.	c19df3a1-9857-5a2e-8bf3-107e70452960	18	22
È al parco.	She's at the park.	4f5af72d-2c3f-59b3-a16b-3455f779981e	11	18
Portami al parco.	Take me to the park.	13282395-0f22-5be9-93ff-61d61ca9da14	17	20
Mi porti al parco.	Take me to the park.	15244886-8f04-5bc3-819a-851043abf40d	18	20
Portatemi al parco.	Take me to the park.	2e34c095-35a1-5ca6-bb70-d4e6de3d4806	19	20
Yuri si è nascosto nel parco.	Yuri hid in the park.	5a7f4ff8-07fa-56ef-97d6-46b4dcb8ea86	29	21
Yuri si nascose nel parco.	Yuri hid in the park.	b4c7060d-a1a4-5f86-acf9-c07ffedbabc1	26	21
Gabriel era in un parco.	Gabriel was in a park.	2898deaf-cc9d-5800-9399-d48b6c9679c9	24	22
Adriano era un dipendente del parco.	Adriano was a park employee.	16cdd617-2a82-56e3-91a2-f56d1de5b1dc	36	28
Ziri ha visitato un parco nazionale.	Ziri visited a national park.	d456ddb4-619c-5a79-a366-b65524d0c1ae	36	29
Ziri visitò un parco nazionale.	Ziri visited a national park.	7d6534a3-6598-52bf-aa62-cc60a52ebfb0	31	29
Il parco è molto romantico.	The park is very romantic.	69cf5fe9-a054-5005-913d-a17d3d42ef04	27	26
Tom studia nel parco.	Tom studies in the park.	df2fb634-6a52-53e2-80c3-989b6f981295	21	24
Andiamo al parco.	We go to the park.	9c60157e-c117-5feb-a6b7-89e56ef1d962	17	18
Va al parco.	She goes to the park.	ee1a7777-608d-5af7-ba2c-c2b4ec8debba	12	21
Lei va al parco.	She goes to the park.	e9925cf2-10c0-542c-a472-c75929aeafed	16	21
Studia nel parco.	He studies in the park.	0277a650-5fbc-5d6e-848f-e4c1e9f8af97	17	23
Lui studia nel parco.	He studies in the park.	692eb62b-fcc8-57f1-8ec0-28485d856aec	21	23
Aspetterà al parco.	He'll wait at the park.	23eb18b8-35fb-5209-a3f1-a62634913bf1	19	23
La libreria è vicina al parco.	The bookshop is near the park.	f930e350-431a-501a-a672-56d7b17cf352	30	30
Non era al parco.	She wasn't at the park.	01724da6-e35e-5694-baa9-081980c51945	17	23
È sempre al parco.	She's always at the park.	b5332fd3-fc97-51c2-b3a1-10f8165fa34a	18	25
Era seduto al parco.	He was sitting at the park.	5481c8b8-1805-5d94-a0ba-4c68af488415	20	27
Quando chiude il parcheggio?	When does the car park close?	6753cc32-80f6-5ecd-a6c7-fdbf9b7580bb	28	29
Ci sono dei bambini nel parco.	There are children in the park.	4fdb0c17-eea9-5574-8668-3ff4b55f7a97	30	31
Mi piace camminare nel parco.	I enjoy walking in the park.	ce29c449-7fcf-59fe-94c4-0b3a5ecaff26	29	28
A me piace camminare nel parco.	I enjoy walking in the park.	da91587e-2fba-5167-89d1-df71c04fec55	31	28
Mi piace passeggiare nel parco.	I enjoy walking in the park.	5e58040c-33f8-5c92-ad81-d54d92e65172	31	28
A me piace passeggiare nel parco.	I enjoy walking in the park.	9292cd42-6829-59b1-a5eb-c5a6e57f40fc	33	28
Stai andando al parco?	Are you going to the park?	6ff2ea0f-aa89-560c-b554-8c8e71682da8	22	26
Sta andando al parco?	Are you going to the park?	081d4fcf-e1ef-5072-a8f6-782a78baf196	21	26
State andando al parco?	Are you going to the park?	2f78e374-66cc-5b31-a679-f879d9f971f6	23	26
Sto attraversando il parco.	I'm going through the park.	7a0117cc-01c3-539d-93b6-9144840be72c	27	27
Tom sta aspettando nel parco.	Tom is waiting in the park.	6579c42f-8c23-5f39-865a-f7a582cdbe57	29	27
Ho trovato Tom nel parco.	I found Tom in the park.	60783c9b-b280-59f5-a3a8-b76e1113938c	25	24
Trovai Tom nel parco.	I found Tom in the park.	699752ea-3b5b-518e-8f78-9443c5cfd25b	21	24
Ci sono degli orsi in questo parco?	Are there bears in this park?	6d2991db-9984-5f3a-ac4a-6232a93f50dd	35	29
Faccio yoga nel parco.	I do yoga in the park.	fd925ef7-208f-5368-95ef-836049114877	22	22
Facciamo yoga.	We do yoga.	3fa1a127-3718-5fb2-a8fe-1645459120f5	14	11
Mary ama lo yoga.	Mary loves yoga.	492cd146-0e9c-5a24-aab7-1f0b980c4c5b	17	16
Tom fa yoga.	Tom does yoga.	99e0eb0f-4727-5124-894e-ec827f021c1a	12	14
Tom insegnava yoga.	Tom taught yoga.	096aea45-1e68-5e70-9551-15823a6e6135	19	16
Lo yoga riduce lo stress.	Yoga reduces stress.	61d8e93f-70a6-503c-81dd-58c64b17a0fa	25	20
Yanni odia lo yoga.	Yanni hates yoga.	6301cb37-03af-51e1-ad1f-be1e0db039a5	19	17
Siamo insegnanti di yoga.	We're yoga teachers.	19f6e6ab-4900-5b51-b500-27500d45e9e7	25	20
Tom fa yoga?	Does Tom do yoga?	ffb26b2e-a92a-57d4-a9bb-435b15d52156	12	17
Sono un insegnante di yoga.	I'm a yoga teacher.	2694a678-3fe4-5dc4-89ba-3cd67a7884ac	27	19
Sono un'insegnante di yoga.	I'm a yoga teacher.	5ae84925-b0af-5824-aa5c-52f641c0afbd	27	19
Faccio yoga ogni mattina.	I do yoga every morning.	28f539f2-c5e4-5079-923e-5e90cc135b92	25	24
Sami aveva uno studio di yoga.	Sami had a yoga studio.	97165484-fbc8-580b-9a6b-c5ebfbae13a5	30	23
Medito e faccio yoga.	I meditate and do yoga.	0c5f52ac-2de3-5e68-a80f-26dc12510e92	21	23
Lo zucchero ti fa bene?	Is sugar good for you?	99ce4d90-1da0-5155-8abf-6a1dc279ef93	23	22
Lo zucchero vi fa bene?	Is sugar good for you?	0b031733-1188-5e85-b58d-2d9a5992ebaf	23	22
Lo zucchero le fa bene?	Is sugar good for you?	8a31c4f0-881c-5a7e-8d1e-8a3e1d2a198d	23	22
Lo zucchero ti fa male?	Is sugar bad for you?	61a19d6e-3718-5d81-ae97-1af3a6140fc4	23	21
Lo zucchero vi fa male?	Is sugar bad for you?	6a6221dd-fb27-5d54-9941-fdf820a309c8	23	21
Lo zucchero le fa male?	Is sugar bad for you?	89f31d0c-877e-5c6c-99e0-1464d02aa45d	23	21
Lo zucchero non ti fa male?	Isn't sugar bad for you?	184f1cff-d4e1-5000-96c3-7b39e7b22236	27	24
Lo zucchero non vi fa male?	Isn't sugar bad for you?	bb9af8be-599c-5437-a684-7a26ee2893ac	27	24
Lo zucchero non le fa male?	Isn't sugar bad for you?	02a805f2-2bb4-5ac8-a44a-64eab9fa0f09	27	24
Si produce la canna da zucchero in Algeria?	Is sugar cane produced in Algeria?	b211442b-a03b-5e84-b216-b95430f0d504	43	34
Ho bisogno di comprare dello zucchero.	I need to buy some sugar.	8de91deb-a264-5833-944f-780e7eed460d	38	25
Lo zucchero non ti fa bene.	Sugar isn't good for you.	4a20170b-e741-552b-bd29-639c16333dff	27	25
Lo zucchero non vi fa bene.	Sugar isn't good for you.	62c352f0-71ef-58f6-a7b1-ed6e4a4338d8	27	25
Lo zucchero non le fa bene.	Sugar isn't good for you.	10dfc1cb-34e4-55ae-9d6e-1ce69ac93921	27	25
Stai bevendo caffè senza zucchero?	Are you drinking coffee with sugar?	4f1eadce-37b9-518b-bfae-20dbf3ebe156	34	35
Sta bevendo caffè senza zucchero?	Are you drinking coffee with sugar?	48e89a34-31fd-5c09-8d13-3f9506131094	33	35
State bevendo caffè senza zucchero?	Are you drinking coffee with sugar?	5fc7c0c8-2ef5-5c08-80d7-d19c31d71f35	35	35
Hai messo troppo zucchero.	You put in too much sugar.	213046a1-3a76-5be1-9158-490c2eafe393	26	26
Ha messo troppo zucchero.	You put in too much sugar.	8630b870-c7a0-5c7b-86ad-aa15fd6c7712	25	26
Avete messo troppo zucchero.	You put in too much sugar.	930f2ac9-25b9-59a7-8b2a-187b87948c69	28	26
Mettiamo dello zucchero nel nostro tè.	We put sugar in our tea.	b599ef32-1b5b-5f7c-97a7-50e2966930df	38	24
Abbiamo messo dello zucchero nel nostro tè.	We put sugar in our tea.	76cfae4b-706f-5a6c-b422-ef3c4e9c0764	43	24
Quanto zucchero usi?	How much sugar do you use?	f15e5e67-dd25-57f5-96f8-1ce474ed5c51	20	26
Quanto zucchero usa?	How much sugar do you use?	3c3becbc-7a78-5afb-8746-408d8fb13cc6	20	26
Quanto zucchero usate?	How much sugar do you use?	70366f89-c01e-5e76-a72e-bde235e7823b	22	26
Quanto zucchero utilizzi?	How much sugar do you use?	88634c38-4c31-5c58-909a-bcbfb8b00957	25	26
Quanto zucchero utilizza?	How much sugar do you use?	70c26635-3dee-54b7-9b35-c8b5014b7fb6	25	26
Quanto zucchero utilizzate?	How much sugar do you use?	e922ad34-f8c7-54d5-99a2-68faaab20b52	27	26
A Tom piace bere il caffè senza zucchero.	Tom likes to drink coffee with sugar.	e9e76e85-e338-5ff4-afd3-1b6c2545093b	41	37
Ho aggiunto dello zucchero nel mio caffè.	I added some sugar to my coffee.	00dae03a-46b1-5b7c-ad53-3da198d47370	41	32
Aggiunsi dello zucchero nel mio caffè.	I added some sugar to my coffee.	d0d3fd05-8e17-55d6-84b5-8980ec46f6d7	38	32
A Ziri serve un pochino di zucchero.	Ziri needs a little bit of sugar.	c9dd6592-48c0-5701-8e54-655ad7b1ae38	36	33
Ziri ha bisogno di un pochino di zucchero.	Ziri needs a little bit of sugar.	f92609b0-88c2-58d4-8830-420434a781b2	42	33
Tom non mette mai dello zucchero nel suo caffè.	Tom never puts sugar in his coffee.	35ab3fb2-36db-593a-839b-27564370d0f2	47	35
Preferisco il tè con rum e zucchero.	I prefer tea with rum and sugar.	c943cf54-20f2-5595-aa5a-15ee2a181c55	36	32
C'è dello zucchero sul tavolo.	There is some sugar on the table.	c783ab51-c6f5-5ff3-bc61-4d8b725c7262	30	33
Non metto mai dello zucchero nel mio tè.	I never put sugar in my tea.	15d44012-cf51-507a-bf30-9f4ebd32b621	40	28
Mettono raramente dello zucchero nel loro caffè.	They seldom put sugar in their coffee.	977ffc10-68a7-51fc-bb90-fef5a03a6c45	48	38
Metto raramente dello zucchero nel mio caffè.	I seldom put sugar in my coffee.	f446ab56-8a38-5b35-81b4-d4799e0a7a4a	45	32
Non mi serve così tanto zucchero.	I don't need that much sugar.	4ee6095a-3b9e-51ac-ba19-c0f7a16a9378	33	29
Non ho bisogno di così tanto zucchero.	I don't need that much sugar.	f7b1b818-3d5b-529e-b5c3-c2b51f862041	38	29
Il caffè è accettabile.	The coffee is acceptable.	a0da121d-8596-50e1-949e-62dbe5329c3f	23	25
Mi piace il liquore al caffè.	I like coffee liqueur.	f6019e7b-9901-5c1c-aa49-ac6aee06e569	29	22
A me piace il liquore al caffè.	I like coffee liqueur.	2d548c84-29c7-5957-a4e6-30c612fd14fc	31	22
Amo un caffè forte.	I love a strong coffee.	f1c154c8-18e2-5352-9d89-126539e44562	19	23
Ziri beve caffè ogni mattina.	Ziri drinks coffee every morning.	b3b696d9-b5d1-5c96-8a98-842068f3da43	29	33
Ziri e il caffè sono inseparabili.	Ziri and coffee are inseparable.	77a4f743-a398-54d7-b7a7-ed97957a7d48	34	32
Ziri preferiva il tè al caffè.	Ziri preferred tea over coffee.	06b23dcd-9c1e-5bbf-8af0-ce6a170b05d5	30	31
Odora di caffè forte.	It smells of strong coffee.	b98e3af4-34e6-5e84-a7f6-c173144cbf48	21	27
Il caffè è pronto, amore.	The coffee's ready, love.	43f72bb4-3c08-5b57-88a1-5edadcebfb22	25	25
Gli italiani non bevono caffè.	Italians don't drink coffee.	0201f2df-a4dc-5da1-8910-d4691b7d19dc	30	28
Non addolcire il mio caffè.	Don't sweeten my coffee.	0ee6e155-5bb2-569f-a6d9-66f63e939338	27	24
Non addolcite il mio caffè.	Don't sweeten my coffee.	fd327b34-8eea-5465-982d-8c42895891ee	27	24
Non addolcisca il mio caffè.	Don't sweeten my coffee.	19552536-3ee8-5365-99f5-0f9378302499	28	24
Ti è piaciuto il tuo caffè?	Did you enjoy your coffee?	8dac04f5-55f2-597c-9863-4d62afb52d3e	27	26
Le è piaciuto il suo caffè?	Did you enjoy your coffee?	4fe85d65-887e-5931-9e50-5d5a365cb854	27	26
Vi è piaciuto il vostro caffè?	Did you enjoy your coffee?	bdeea7f3-a51f-51ad-9a4f-b5f7f87608e5	30	26
Prendiamo un caffè!	Let's get a coffee!	24b96348-3ecf-549b-9510-9e3d47eca67a	19	19
Questo caffè è discretamente buono.	This coffee is pretty good.	2f0afa2a-9634-52cb-a45a-3caf6da781b5	35	27
Grazie, ma preferisco il caffè.	Thanks, but I prefer coffee.	a73ed8a4-fe85-571b-9f6c-8219e44e3974	31	28
Grazie, però preferisco il caffè.	Thanks, but I prefer coffee.	d6e8e468-a7e9-5236-a313-d5d6a8e9c185	33	28
Potresti prendere un caffè.	You could get a coffee.	624266dd-98a2-5882-b5e2-60ed73080fa9	27	23
Potreste prendere un caffè.	You could get a coffee.	e50177d0-935c-57bb-8e8e-a70edaeb0f72	27	23
Potrebbe prendere un caffè.	You could get a coffee.	72cf922a-20f1-51ea-bab2-ade142127ea9	27	23
Il caffè l'ha riscaldata.	The coffee warmed her up.	fb71ffc0-849d-5d4c-a3cd-674da782e5bb	25	25
Il caffè la riscaldò.	The coffee warmed her up.	e811a68a-ce33-57ce-a6f7-7115602e20ee	21	25
Cominciamo con il caffè.	Let's start with coffee.	bdebd868-76d0-5458-8b6b-96fce7c7487e	24	24
Iniziamo con il caffè.	Let's start with coffee.	278664db-86b2-564e-b5ba-d6336704e9d5	22	24
Voglio solo un po' di caffè.	I just want some coffee.	28f09da4-cbbe-573f-8ebe-fe68897e673f	28	24
Voglio soltanto un po' di caffè.	I just want some coffee.	c4278955-ffa7-58e4-ae50-40c07e396fb9	32	24
Voglio solamente un po' di caffè.	I just want some coffee.	d43bda59-d27a-5609-a67b-b85a19dafea3	33	24
Dove sono i chicchi di caffè?	Where are the coffee beans?	c3ce7717-1117-5d02-85f3-111d60a42868	29	27
Importano caffè dal Brasile.	They import coffee from Brazil.	0d3efce4-ea6d-51e3-8c82-4d95d9a0cb1f	28	31
C'è altro caffè?	Is there any more coffee?	24932d01-4cc8-5e13-8a15-2684d6bbbf44	16	25
Ho invitato Tom per un caffè.	I invited Tom for coffee.	432120a2-f0ab-53f5-a833-0db2a733f3a8	29	25
Invitai Tom per un caffè.	I invited Tom for coffee.	65ccc406-7068-54dc-a8c0-92717f3d8d5a	25	25
C'è dell'altro caffè?	Is there some more coffee?	909e26bf-d3b0-5dee-a6e0-f443dea30ecf	21	26
Bevi una tazza di caffè.	Drink a cup of coffee.	403486eb-e7e0-50fa-9fec-6d8d377cdec6	24	22
Beva una tazza di caffè.	Drink a cup of coffee.	f9bb48e4-9345-5873-ac76-3dca530b48a2	24	22
Bevete una tazza di caffè.	Drink a cup of coffee.	9fe2a180-07e1-5422-ac95-35fa1584a990	26	22
Il caffè è ancora caldo?	Is the coffee still hot?	6c2c6910-5c14-5153-9e3b-77ee45949fc4	24	24
Tom beve caffè ogni mattina.	Tom drinks coffee every morning.	bf23dd78-8a75-5baf-a47f-d43680585d4e	28	32
Tom preferisce il caffè senza caffeina.	Tom prefers coffee without caffeine.	e1c2bf2b-b23e-55a2-b875-4dfbc6116981	39	36
Cosa vuoi? Caffè.	What do you want? Coffee.	a30e6587-3a50-5d50-b5c2-6d534e4b0890	17	25
Che cosa vuoi? Caffè.	What do you want? Coffee.	b9a072e5-fcf6-5d0d-933e-1bbb58668490	21	25
Cosa vuole? Caffè.	What do you want? Coffee.	4b9b9771-882f-5e23-a6b9-4f5a28d02638	18	25
Che cosa vuole? Caffè.	What do you want? Coffee.	fabca556-eb16-5e15-ab5b-9163e5075032	22	25
Cosa volete? Caffè.	What do you want? Coffee.	0b73cd6a-6031-5334-84ee-2b85b30300fa	19	25
Che cosa volete? Caffè.	What do you want? Coffee.	f650805e-030c-5c7a-a437-ff5b8591c24d	23	25
Stavo sorseggiando il mio caffè.	I was sipping my coffee.	b14a0311-e899-56f3-8a8a-0af0f6e3b8e3	32	24
Vendi del caffè qui?	Do you sell coffee here?	1ace5cc5-c307-5a92-8518-49a934ad4dcb	20	24
Vendi del caffè qua?	Do you sell coffee here?	8872435d-d901-5803-a74b-c26204d555dd	20	24
Vende del caffè qui?	Do you sell coffee here?	87ec73dd-5564-5f2a-bfa1-62e3da25d087	20	24
Vende del caffè qua?	Do you sell coffee here?	e76bc042-0e1d-5545-92ac-3b2d0f51ae8c	20	24
Vendete del caffè qui?	Do you sell coffee here?	b46ea893-fed7-5967-b264-053354bbfc7c	22	24
Vendete del caffè qua?	Do you sell coffee here?	e2063949-98b9-5bcb-83db-42a29e90334f	22	24
Tom non sta preparando del caffè.	Tom isn't making coffee.	fb39dc6d-65bb-54ea-ba6f-83a3111c019c	33	24
Il caffè è finito.	The coffee has run out.	a488f229-1dd8-59a2-bed8-9b8eb1cdfd98	18	23
Bevo caffè ogni giorno.	I drink coffee every day.	3fa78504-eb0b-5cc9-ba2d-d352598f378a	23	25
Ho bevuto del caffè stamattina.	I drank coffee this morning.	1f613907-4c1e-51d7-94aa-71eeea9ee307	31	28
Ho bevuto del caffè questa mattina.	I drank coffee this morning.	62508c8e-2e11-5623-b838-bf6e3cd0d26f	35	28
Preferiamo il tè al caffè.	We prefer tea to coffee.	dbb0f03d-a96e-5712-8ece-7cb425d7e1cd	26	24
Noi preferiamo il tè al caffè.	We prefer tea to coffee.	8b8baf1e-4f3b-560b-bfc0-7d5eced29a9d	30	24
Il caffè e il tè sono pronti.	Coffee and tea are ready.	7a33a7da-0882-5cab-a9be-7e164cc5fd5e	29	25
Sto bevendo del caffè amaro.	I'm drinking bitter coffee.	6944c815-b751-5559-8c49-9cdd4f0fbcf5	28	27
Il caffè di Tom è buono.	Tom's coffee is good.	c5e0f368-ce06-5289-aed9-353b83ead6b1	24	21
Mary è dipendente dal caffè.	Mary is addicted to coffee.	16e635e3-ce80-5df6-a351-6da6b146ab7b	28	27
Tom è dipendente dal caffè.	Tom is addicted to coffee.	e82e1a21-f2a9-5787-ba62-7cceaa0235a1	27	26
Il tavolino è impolverato.	The coffee table is dusty.	6462db09-d0ed-5cf0-940e-b96262ac53ca	26	26
Quanto costa il caffè?	How much for the coffee?	2a433864-f6ac-53ce-afe4-d0b441a50a39	22	24
Quanto viene il caffè?	How much for the coffee?	d4198838-719e-5376-8ab4-bd18407bdf9e	22	24
Ha bevuto il suo caffè mattutino.	He drank his morning coffee.	5689892c-38a8-51f2-b2c2-dc71fb242c2d	33	28
Bevve il suo caffè mattutino.	He drank his morning coffee.	f93409ae-43b7-5f78-8555-c1b100662e53	29	28
Bevette il suo caffè mattutino.	He drank his morning coffee.	d40be9da-f3ef-5331-a0cf-6bd2a0897262	31	28
A Mennad piace il caffè di Baya.	Mennad likes Baya's coffee.	bab60968-4b87-55cc-84c7-2479c76b43e6	32	27
Il caffè di Mennad è buono.	Mennad's coffee is nice.	1dca510d-fcf3-57e0-8d3a-2e2b03f4877c	27	24
Il caffè di Baya è buono.	Baya's coffee is nice.	2db48a27-3d6a-536b-bf14-e243cbdab7c7	25	22
Questo caffè è troppo forte.	This coffee is too strong.	c1fbd8ff-744b-546c-b4ee-299e0960e9bc	28	26
Bevo raramente il caffè istantaneo.	I rarely drink instant coffee.	962c4a6e-29b5-5ba2-9ac9-f081cfd89728	35	30
Io bevo raramente il caffè istantaneo.	I rarely drink instant coffee.	cc0c38a9-874d-589f-b12f-3ed28657ba9a	38	30
Hanno quasi rovesciato il loro caffè.	They almost spilled their coffee.	8dc5716f-31d5-51bc-b90a-b7c39bfd9cfa	37	33
Ci hanno offerto del caffè.	They offered us some coffee.	0b52b39f-28e7-515e-849c-e85370b337d2	27	28
Ci offrirono del caffè.	They offered us some coffee.	d013d5bb-a7cb-5878-a2c8-f5512142541d	23	28
Perché il caffè è così costoso?	Why is coffee so expensive?	f901eec6-54f2-5980-95fd-3f848ca80e0c	31	27
A Tom piace il suo caffè forte.	Tom likes his coffee strong.	89c902cf-93b0-56ea-bc46-4193e87b0646	31	28
Vorrebbe del caffè, signore?	Would you like coffee, sir?	70a90c20-1565-5d70-af99-18fa57c9a856	28	27
Sami ha ordinato un caffè costoso.	Sami ordered an expensive coffee.	c0a95756-a185-5944-a6b4-cbea68480e10	34	33
Sami ordinò un caffè costoso.	Sami ordered an expensive coffee.	3e7e3dfc-e7ee-5059-9c29-986acb581f1c	29	33
Sami beve caffè ogni giorno.	Sami drinks coffee every day.	ac8d0df4-1cb6-5cce-bb53-e562ac974997	28	29
Ho quasi rovesciato il mio caffè.	I almost spilled my coffee.	8e34d99f-d924-5eed-8090-5aad89ecb999	33	27
Quel caffè ha un odore così buono.	That coffee smells so good.	ff2ccdf4-b814-507a-87a7-19e25d88665f	34	27
Tom si è rovesciato addosso del caffè.	Tom spilled coffee on himself.	606c7b5d-86fa-558e-af4f-65cbcf49d731	38	30
Tom si rovesciò addosso del caffè.	Tom spilled coffee on himself.	8c28ee77-00ad-5b24-ad24-f54d694f33f6	34	30
Il caffè e il tè mi stimolano.	Coffee and tea stimulate me.	0e3300c5-f68f-5a24-9e79-12e5377cf713	30	28
Tom non ha bevuto caffè.	Tom didn't drink coffee.	d489f586-580e-5e6e-80c6-37f97168535d	24	24
Tom non bevve caffè.	Tom didn't drink coffee.	a03f92b0-3133-5775-9cb7-1264a3ac26cb	20	24
Tom non bevette caffè.	Tom didn't drink coffee.	02f5a0b3-5336-5240-8334-7dab6e6799f0	22	24
Bevo caffè ogni mattina.	I drink coffee every morning.	6ff56bc3-4db4-5914-b565-ecafe3dc78b0	24	29
Io bevo caffè ogni mattina.	I drink coffee every morning.	2bdd1f54-fd82-5525-9569-dee27843fac1	27	29
Hai bevuto del caffè ieri?	Did you drink coffee yesterday?	c385a637-74bc-5c21-87a1-525837337b51	26	31
Ha bevuto del caffè ieri?	Did you drink coffee yesterday?	c0ecc584-a6c6-580a-b1d8-78dd2be5c72f	25	31
Avete bevuto del caffè ieri?	Did you drink coffee yesterday?	0fa1c0fa-bdb0-58c0-bf73-9b6071ea4390	28	31
Tom ci ha preparato del caffè.	Tom made coffee for us.	c0fa626a-b0b0-5e2b-9bf4-36b0d9aa7e48	30	23
Tom ci preparò del caffè.	Tom made coffee for us.	90b483a0-79b0-5dcd-8d09-f260e98a1b01	25	23
Tom ha preparato del caffè per noi.	Tom made coffee for us.	3e172abe-6230-5d11-9b32-1bd0bc170985	35	23
Tom preparò del caffè per noi.	Tom made coffee for us.	bbd17a50-a8aa-5ada-bf8f-2bd6814588af	30	23
Non ho bevuto caffè.	I didn't drink coffee.	05f21901-bd7e-5374-85eb-0d8726c94489	20	22
Non bevetti caffè.	I didn't drink coffee.	32a886aa-cb7e-5f1c-b124-1953ed33a513	18	22
Il signor Smith sta bevendo del caffè.	Mr. Smith is drinking coffee.	871c5424-3882-5afc-85dc-586092ed3402	38	29
Preferisci il tè al caffè.	You prefer tea to coffee.	f12420a1-dc14-5383-a3d2-fce569ba2504	26	25
Preferite il tè al caffè.	You prefer tea to coffee.	1ce42b38-635e-5c24-972a-3e5a400994d4	25	25
Preferiscono il tè al caffè.	They prefer tea to coffee.	7079d9b8-fbdb-5fd6-a830-8e222983bde0	28	26
Tom ha appena finito il suo caffè.	Tom just finished his coffee.	465e8bdd-943f-506e-aba2-e24b59c5a798	34	29
Hai bisogno di un caffè.	You need a coffee.	4071b0d9-404f-573a-a753-12e7ebda2ced	24	18
Ha bisogno di un caffè.	You need a coffee.	03d1f78a-0b06-533e-a7a7-22f972be19ce	23	18
Avete bisogno di un caffè.	You need a coffee.	b55f5150-d734-5c3a-b222-9cbce2a93635	26	18
Tom ha bevuto del caffè istantaneo.	Tom drank instant coffee.	1d29718b-28dc-52cc-aa33-e70e3c4121aa	35	25
Tom bevette del caffè istantaneo.	Tom drank instant coffee.	86f1be67-9dea-5a15-8298-674c33552a7c	33	25
Mennad ha preparato del caffè.	Mennad made some coffee.	34dba973-338a-514b-937f-4d292f10d34a	30	24
Mennad preparò del caffè.	Mennad made some coffee.	e7db12fd-6956-5462-9dc2-32e83f40a81a	25	24
Mennad ha preparato questo caffè.	Mennad made this coffee.	9eb4e9af-6ee4-53ef-989d-7946a59527f7	33	24
Mennad preparò questo caffè.	Mennad made this coffee.	e3909a4c-199a-51d2-a760-a814de4b3cd2	28	24
Posso offrirti del caffè?	May I offer you coffee?	9ccc39a4-ff6f-585c-b6d4-39349dc090d7	25	23
Posso offrirvi del caffè?	May I offer you coffee?	044165ea-b871-5b3c-8b12-90f98cf3ba8e	25	23
Posso offrirle del caffè?	May I offer you coffee?	f23b363f-1d9d-511f-a6e2-aee5bfc0e6a3	25	23
Ti posso offrire del caffè?	May I offer you coffee?	3ec62e41-7cf4-5abf-9744-59ce0613dc32	27	23
Vi posso offrire del caffè?	May I offer you coffee?	7061d258-47df-5af5-9913-ee68c025188f	27	23
Le posso offrire del caffè?	May I offer you coffee?	1c33e115-eae3-5f9d-a97c-60f8bfcd2719	27	23
Tobias prepara rapidamente del caffè.	Tobias quickly makes some coffee.	6adff137-7d6f-5a6e-96f0-e51b103adc29	37	33
Odora fortemente di caffè.	It smells strongly of coffee.	edef9465-aab9-5c88-a2e1-eb71ac905360	26	29
Hai rovesciato il tuo caffè?	Did you spill your coffee?	533e0487-fdc8-5e76-a682-8762158a7fb3	28	26
Ha rovesciato il suo caffè?	Did you spill your coffee?	ffd6fdda-4524-50bd-9c85-ba3cd105e46e	27	26
Avete rovesciato il vostro caffè?	Did you spill your coffee?	78ca971e-f7ef-52b5-b497-5ef756ece7b0	33	26
Posso avere il tuo caffè?	Can I have your coffee?	94e79616-cc0b-5940-99b5-3c6cc53727da	25	23
Posso avere il suo caffè?	Can I have your coffee?	b23dd84f-cb01-5800-bfb4-26ec71d25dbd	25	23
Posso avere il vostro caffè?	Can I have your coffee?	ed57c2fa-f67b-50fe-a958-fde0bba5f437	28	23
Ho appena rovesciato il mio caffè.	I just spilled my coffee.	13392cff-302f-58dd-856c-088494a2a5fd	34	25
Il caffè non sta aiutando.	The coffee isn't helping.	ae835467-8743-57dc-b307-c805959447c4	26	25
Bevo il mio caffè amaro.	I drink my coffee bitter.	7d1f366b-3cf2-5ecf-9c7d-75ef7a0835f4	24	25
Abbiamo bevuto del caffè dopo cena.	We drank coffee after dinner.	a205f144-1628-58cf-be25-15a4f470a409	35	29
Bevemmo del caffè dopo cena.	We drank coffee after dinner.	ebafa1ed-6cea-5666-b48e-84eb6cd69a57	28	29
Il mio caffè è troppo caldo.	My coffee is too hot.	b6adecff-7e4f-5059-9eb3-c182d5c81db4	28	21
Gli piace bere il caffè.	He likes to drink coffee.	f7bd2ef7-2962-5d11-8d4a-55284fab6091	24	25
A lui piace bere il caffè.	He likes to drink coffee.	265f75cb-88f1-5c8e-9a2c-0542cb812b80	26	25
Ziri può ordinare un caffè.	Ziri can order a coffee.	2be681e4-ce71-5c89-ae3a-2e0779e5674e	27	24
Dove sono i cucchiai da caffè?	Where are the coffee spoons?	37674de0-ee81-5314-a741-fc4d1cccf29d	30	28
Ecco il tuo caffè, Yanni.	Here's your coffee, Yanni.	06db16a3-9773-57f0-aa00-33260cea2ef9	25	26
Tom ha bevuto il caffè di Mary.	Tom drank Mary's coffee.	baa6a094-74c8-58b7-a31c-4007afcf6f33	31	24
Tom bevve il caffè di Mary.	Tom drank Mary's coffee.	88a3f9ac-5f71-55d7-988b-53aaae1ab8a3	27	24
Tom bevette il caffè di Mary.	Tom drank Mary's coffee.	3dd3f1a7-646f-53a0-a9d5-ab1909ef44d9	29	24
Bevo troppo caffè.	I drink too much coffee.	0ac9f1cf-b376-5c3e-97a5-e727df9b5d9c	18	24
Io bevo troppo caffè.	I drink too much coffee.	870d1407-d06d-5a6b-9c0f-8b584144a721	21	24
Yanni beve caffè ogni mattina.	Yanni drinks coffee every morning.	e05e312e-3aa7-5243-ad25-610ddf6ed033	30	34
Volevo del caffè, non del tè.	I wanted coffee, not tea.	839c8571-4e33-56bd-acef-ec1b3f3a270d	29	25
Posso prendere altro caffè?	May I take more coffee?	bdde0ea7-5352-50eb-aa0b-f9d3cb46e490	27	23
Hai ancora del caffè?	Do you still have coffee?	bfe3313a-7b2a-5b78-8c21-fbb15d38796c	21	25
Ha ancora del caffè?	Do you still have coffee?	7ca3c3f9-d2a6-5afd-bb05-c8baae1fb6eb	20	25
Avete ancora del caffè?	Do you still have coffee?	5c5c6966-61cb-56f9-8abe-7db6a1489131	23	25
Il caffè è troppo amaro.	The coffee is too bitter.	cd80b06b-c0cc-542a-84f3-764dda2147f9	24	25
Prepariamo del caffè.	Let's make some coffee.	497b057c-2f8e-5887-84c8-0f5f5d1ff5f2	21	23
Il caffè ha un sapore diverso oggi.	The coffee tastes different today.	6e342806-e595-596b-aeb9-32e28e930ab2	35	34
Sto bevendo il mio caffè.	I'm drinking my coffee.	c788839a-cd40-535f-b6df-83a142b3e19e	25	23
Sami ha fatto una pausa caffè.	Sami took a coffee break.	e15ad8d5-1939-5d60-945e-435a17d03b2b	30	25
Sami fece una pausa caffè.	Sami took a coffee break.	9ecf759c-b5ea-5c99-bfc1-b2de347bd553	26	25
I detective stanno bevendo caffè.	The detectives are drinking coffee.	91247a55-c6ff-5124-9f8f-a14fb4925dbe	33	35
Il caffè è sufficientemente forte?	Is the coffee strong enough?	9c3d8a9b-5cf6-58b3-93ce-aeffc3e41dc6	34	28
Il caffè ha un sapore strano oggi.	The coffee tastes funny today.	ef7b7fe7-ad21-58ba-8660-74912af72012	34	30
Non le piaceva il caffè.	She didn't like coffee.	2fb12c1e-e45d-546f-8ef9-80a8388871e1	24	23
A lei non piaceva il caffè.	She didn't like coffee.	a338c820-8635-5faa-ad5d-7f8617da0370	27	23
Il caffè è debole oggi.	The coffee is weak today.	f291ccd8-97cc-5311-a0a3-67aeeeb99934	23	25
L'uomo sta bevendo del caffè.	The man is drinking coffee.	0bfaf3ee-d933-54bf-8f33-4dd53f0be18d	29	27
Questo caffè ha il sapore dell'acqua dei piatti.	This coffee tastes like dishwater.	73fcfd16-a800-5568-986c-7b7bcf58cfab	48	34
Dovrei preparare il caffè?	Should I prepare the coffee?	4b4cfd23-08bd-5f85-928f-c14192c9a8e6	26	28
Bevono caffè a casa.	They drink coffee at home.	4e7fa178-47f5-5eda-a9da-1a4110511528	20	26
Cosa c'è nel caffè?	What's in the coffee?	9bd60243-3f65-505b-b5b0-5f54849d10ef	19	21
Che cosa c'è nel caffè?	What's in the coffee?	94fe0ab5-2ba2-526b-a921-e94e69203018	23	21
Tom ha offerto a Mary altro caffè.	Tom offered Mary more coffee.	32f10731-9e83-5511-953d-6f25cb8334e2	34	29
Tom offrì a Mary altro caffè.	Tom offered Mary more coffee.	b7cc1532-0016-55f4-8c6b-ee24e0009e28	29	29
Bevo solo caffè decaffeinato.	I only drink decaffeinated coffee.	190476ed-0f0d-5404-af3e-9749d1adefd5	29	34
Bevo soltanto caffè decaffeinato.	I only drink decaffeinated coffee.	308a6253-ef99-5901-87ea-0d3284911330	33	34
Bevo solamente caffè decaffeinato.	I only drink decaffeinated coffee.	8a949879-69e0-5d9d-9c49-de41a73df6e2	34	34
Qualcuno vorrebbe altro caffè?	Would anybody like more coffee?	47769a48-5cc2-5f4f-8989-8212c7cd32e1	30	31
Bevono caffè dopo pranzo.	They drink coffee after lunch.	24423ecb-aaeb-55e7-b368-fbc5f001843e	25	30
La donna annusa il caffè.	The woman smells the coffee.	3355b713-a136-5072-bc91-560354b11dd3	25	28
L'uomo prova il caffè.	The man tries the coffee.	27c88da2-17be-5e3e-b323-4e3416f6cdcd	22	25
Preferisco il tè.	I prefer tea.	e563c9df-cc03-5a88-a5f1-5fb998b23097	17	13
Servi del tè.	Serve tea.	a3c69224-b4cc-56b6-9595-3cd91c3cc66a	13	10
Servite del tè.	Serve tea.	37377818-0805-5fbe-9bc3-70ab5aa9a5cc	15	10
Serva del tè.	Serve tea.	c288a065-1e4e-5359-8f2d-f3ee20258aba	13	10
Abbiamo bevuto del tè.	We drank tea.	f6a508d8-7708-50f3-9511-14ec460d7557	22	13
Bevi il tuo tè.	Drink your tea.	60e6edc7-6477-5306-81da-a33000bac694	15	15
Beva il suo tè.	Drink your tea.	5e17fc3a-3745-5c5c-bb6b-d4c30a4df1b7	15	15
Bevete il vostro tè.	Drink your tea.	648e447b-3ad2-56a5-8a4e-a3de5b354442	20	15
Bevi il tè.	Drink the tea.	5a166277-cc32-5983-a62d-ccdd2874510d	11	14
Beva il tè.	Drink the tea.	7378f1e0-4e96-5630-8dd7-43b2a0daa0af	11	14
Bevete il tè.	Drink the tea.	568c07fa-f62f-5012-bbb3-979d5aeaed23	13	14
Hai rovesciato lo zucchero?	Did you spill the sugar?	6e81d2be-d598-56a0-a18c-b936fc987110	27	24
Ha rovesciato lo zucchero?	Did you spill the sugar?	5b9a81e9-1e7c-5883-a8e9-6be50d1128fc	26	24
Avete rovesciato lo zucchero?	Did you spill the sugar?	67fe22d8-1344-5599-a3fc-eabf88b98bd7	29	24
Tom ha bevuto del tè.	Tom drank tea.	e2d73034-2a5f-5456-8d83-1457f4a090a7	21	14
Tom bevette del tè.	Tom drank tea.	706b8741-0849-5a65-a8fc-61ba5ffa9a8d	19	14
Tom bevve del tè.	Tom drank tea.	10741d95-58a4-56f1-88df-af3a737c4ea5	17	14
Ziri ha bevuto del tè.	Ziri drank tea.	0dc1a811-3ddf-550e-b5d7-85da51133e96	22	15
Ziri bevette del tè.	Ziri drank tea.	c123437e-16d6-521d-809a-200a2d656a1c	20	15
Ziri bevve del tè.	Ziri drank tea.	def8c26d-ef1c-5868-bd7c-e8de19228893	18	15
È tè.	That's tea.	457b7525-ec4d-58c6-b6fc-34d580de398b	5	11
Questo è tè.	This is tea.	8afbea91-cb19-5758-be9e-c14db237b24c	12	12
Il tè aiuta la digestione.	Tea helps digestion.	7c927610-3a0c-5a44-87bc-33014667eaef	26	20
Tom ha ordinato del tè.	Tom ordered tea.	a94952d5-f1f7-5365-8fc5-27cfc0b72529	23	16
Tom ordinò del tè.	Tom ordered tea.	df70ccef-c414-59d3-aacd-2436731646e8	18	16
Tutti hanno bevuto del tè.	Ali drank tea.	885ef4e9-3f30-599f-a478-a3ec396b888b	26	14
Tutti bevettero del tè.	Ali drank tea.	2d06c203-c6e1-5cc2-ac7b-408b9941ba51	23	14
Hanno tutti bevuto del tè.	Ali drank tea.	14a52b1f-ecd5-5914-8122-2a2c3ce00c85	26	14
Bevettero tuti del tè.	Ali drank tea.	087b5a3b-fcfa-53fb-bc16-c9ae1146025a	22	14
Il tè è caldo?	Is the tea warm?	2bcdfeee-fcb4-582f-91ac-d0bc779a42d5	14	16
Questo tè è ottimo.	This tea is great.	487a5c24-e2ab-56ca-ad3c-1c903a1e7e7c	19	18
Il tè è freddo?	Is the tea cold?	18de48b6-5571-5377-ae32-53f7e604f439	15	16
Hai del tè?	Do you have tea?	191e1601-8fa9-5e6a-b69f-c1ab784e9c47	11	16
Ha del tè?	Do you have tea?	2d68fc2a-5ed5-5517-b9be-4cabfdfd9bb4	10	16
Avete del tè?	Do you have tea?	839c49eb-64bf-5fce-867d-ddd603c01d96	13	16
Preferirei il tè.	I'd prefer tea.	30fc72eb-3186-5c79-963f-f5446365fe73	17	15
Preferirei del tè.	I'd prefer tea.	fd51403a-d64b-5223-bf32-05e8bf944e1e	18	15
Stanno bevendo nel tè.	They're drinking tea.	86942ca4-f976-53d9-9e82-32db382fa9fc	22	21
Il tuo tè era freddo.	Your tea was cold.	fe4c304b-8e65-59f2-aa5d-180e137bf9f4	21	18
Il suo tè era freddo.	Your tea was cold.	b004db1f-66dd-5b0c-b692-9a4396aadb04	21	18
Il vostro tè era freddo.	Your tea was cold.	0396a2ae-02ff-546a-9343-b44c89c206d2	24	18
Bevemmo del tè.	We drank some tea.	b76b9fb6-7f59-5c48-a8f7-bbf2c73eba7c	15	18
Vorresti del tè?	Would you like tea?	872aa3ee-24ca-50f7-8068-8fdf05806306	16	19
Vorreste del tè?	Would you like tea?	a54c4c5b-d5c6-5291-aeb7-da7d24f7b943	16	19
Vorrebbe del tè?	Would you like tea?	305e7423-3ddd-5a18-8c2b-a1f0266c59a2	16	19
Tom beve spesso del tè.	Tom often drinks tea.	2f1ac325-37d3-5bc5-8f15-ae9f30243b2f	23	21
È l'ora del tè.	It is tea time.	a7d24ce4-db93-562b-abc4-2b7886ac002e	15	15
Ziri stava bevendo del tè.	Ziri was drinking tea.	fabee23a-82ab-5b52-aa94-c9075d799624	26	22
Il tè è freddo.	The tea's cold.	ecf035e6-2d87-54a6-86b3-f8e945754e89	15	15
Quel tè è freddo.	That tea is cold.	abc13546-2943-518d-80a0-0dc809994aaf	17	17
Ho portato del tè.	I brought some tea.	288e66d4-f731-50de-8ecc-32a8ea3dd820	18	19
Portai del tè.	I brought some tea.	4e3f1014-a7c3-594b-8c74-ab981dd43c5a	14	19
Tom ha bevuto del tè?	Did Tom drink tea?	1383a047-82c0-5d16-8b9b-8a2aa794a084	21	18
Tom ci ha servito del tè.	Tom served us tea.	c9301d86-73ec-53c8-8ec3-cf6111f4c56f	25	18
Tom ci servì del tè.	Tom served us tea.	3c8f9c79-cb8e-50aa-97d7-e6cb89d500b7	20	18
Anne ha versato il tè.	Anne poured the tea.	364a99c7-491a-5e13-a437-78b834b956ea	22	20
Anne versò il tè.	Anne poured the tea.	88008a88-7365-51c8-8ab4-ef5db7638440	17	20
Ha servito il tè.	She served the tea.	a69eb2a5-c404-5ef2-be24-8203447948ca	17	19
Servì il tè.	She served the tea.	4b6b888b-c33b-5c68-b458-ff8dc173149e	12	19
Stiamo bevendo del tè.	We are drinking tea.	6e77a493-eeee-50b6-992c-a00b94e4a54f	22	20
Tom stava bevendo del tè.	Tom was drinking tea.	af898f12-29c1-56ef-908b-06c5568046a2	25	21
Prendiamo del tè!	Let's get tea!	64baa45d-102e-5bc2-9f9e-ac388af9ac8e	17	14
Tom stava preparando del tè.	Tom was making tea.	6cf87dc8-b16d-56d5-9102-6b7014d48e20	28	19
Tom mi ha offerto del tè.	Tom offered me tea.	8431aa43-0201-50c0-83c0-5c41be0a90af	25	19
Tom mi offrì del tè.	Tom offered me tea.	4afed372-741a-585b-a3f2-0b800922dfa1	20	19
Tom non beve mai il tè.	Tom never drinks tea.	36904a97-955b-58bc-b8bb-6fff92ea8a13	23	21
Non bevo mai il tè.	I never drink tea.	b5a5b2c0-fdf1-586d-a10d-375bf1254033	19	18
Preparaci del tè.	Make us some tea.	00488e57-3819-5133-9813-fb971865aec9	17	17
Ci prepari del tè.	Make us some tea.	c81b04a9-6984-5b3d-bde7-01d74eece6c7	18	17
Preparateci del tè.	Make us some tea.	f1438642-b6ab-586d-a2a2-d21e2edee46b	19	17
Tom ha rovesciato del tè.	Tom spilled some tea.	d6b8aa5e-2a2d-5142-b937-01237b7a77f9	25	21
Tom rovesciò del tè.	Tom spilled some tea.	5add2d50-a0d1-59c8-bf4a-343a7ad4b6ff	20	21
Tom rovesciò il suo tè.	Tom spilled his tea.	4c67e6fa-23eb-5ee4-a5bc-26440c4afc31	23	20
Tom ha rovesciato il suo tè.	Tom spilled his tea.	b270ca9f-b42d-5f3c-8392-275acb43ee57	28	20
Sami stava rovesciando del tè.	Sami was spilling tea.	03c11231-09d6-5938-a316-7cea7a1f5938	30	22
Sami stava bevendo del tè.	Sami was drinking tea.	29143272-de97-5010-8dd5-8f30f13a938e	26	22
Sami sta bevendo del tè.	Sami is drinking tea.	660980be-d605-5539-89f0-5f5e5d9d44f2	24	21
Com'è il tè?	How is the tea?	c9d3fa97-34c6-5c03-a4d0-903edc6806f6	12	15
Mi piace il tuo tè.	I like your tea.	bf46560b-7603-5727-935d-c9e09b550c8b	19	16
Mi piace il suo tè.	I like your tea.	e685edb3-f608-5e54-8310-3ffd76cbbbe8	19	16
Mi piace il vostro tè.	I like your tea.	fd2b44b3-1ebb-59ef-930d-81ed42e11b03	22	16
Il tè è servito.	The tea is served.	34634f35-3334-5fef-abdc-ff35ee34b357	16	18
Sto bevendo del tè.	I'm drinking tea.	c8d3345c-b27d-5b8c-9e71-0307df5eaf33	19	17
Grazie per il tè.	Thanks for the tea.	c4fc8380-86d5-58b5-981b-0eb8e72cb650	17	19
Bevono il tè?	Do they drink tea?	da54f190-a272-599d-8bb3-684d1ba2ff94	13	18
Mary beve il tè?	Does Mary drink tea?	c3166e01-a404-5366-8b2d-cfa05f561bad	16	20
Sa di tè.	It tastes like tea.	ca1bdbca-40e4-5823-98d7-2d78b649a93d	9	19
Sembra tè.	That looks like tea.	b0df2a78-a19b-543b-b7c4-462c888992dc	10	20
Tom sta bevendo del tè.	Tom is drinking tea.	7e7dcdc8-4e7c-5aa0-a900-3c84fcb94f05	23	20
Che ne dici di un po' di tè?	How about some tea?	279256c8-e269-5461-a353-a36bde36b5bd	28	19
Che ne dice di un po' di tè?	How about some tea?	e7bf8384-26ab-5af1-91bd-7d7f68e68bc5	28	19
Che ne dite di un po' di tè?	How about some tea?	5699b952-9043-5869-b207-23f70f8dcbbb	28	19
Dovrei bere del tè.	I should drink tea.	0c96840c-af5d-5f71-bea0-947090904a27	19	19
Di chi è questo tè?	Whose tea is this?	9ba6163c-402b-56b8-ab38-7cc8e561eeec	19	18
La mia bevanda preferita è il tè.	My favorite beverage is tea.	362fac98-aad4-5c92-a94c-231746e57a56	33	28
A molte donne piace bere il tè.	Many women like drinking tea.	32d8b391-e561-562a-83d1-238f575af8d2	31	29
Abbiamo soltanto del tè.	We've only got tea.	f2095895-28c2-55f9-adaf-55a25c4feed2	24	19
Abbiamo solamente del tè.	We've only got tea.	0bd3e496-475d-5937-a4b4-206a439330a4	25	19
Hai portato il tè?	Did you bring the tea?	ab0c2f19-dda5-54b5-9dda-286df12cbcd1	18	22
Ha portato il tè?	Did you bring the tea?	5724df3d-4a82-5db9-93f8-28df05c74ba8	17	22
Avete portato il tè?	Did you bring the tea?	ff91f15d-e7e6-568e-a480-324a5b059e21	20	22
Hai portato del tè?	Did you bring some tea?	25f25b79-848d-59c3-b433-55227d535a3a	19	23
Avete portato del tè?	Did you bring some tea?	4a04da40-0949-5002-9129-98db88794ec5	21	23
Ha portato del tè?	Did you bring some tea?	184f0bec-1f0b-528f-863a-54059728ac40	18	23
Mi piace bere il tè.	I like to drink tea.	6b480994-492f-505f-9028-7f206edfa5e1	20	20
A me piace bere il tè.	I like to drink tea.	402edc9f-6f33-51f0-a832-ca6b18962140	22	20
Bevo tè ogni giorno.	I drink tea every day.	8c7a8c1d-5f0e-514f-ae66-0d4663a5e70f	20	22
Puoi comprare del vino qui.	You can buy wine here.	7488e31f-f44d-55d1-a33c-dc8aca81a9b4	27	22
Puoi comprare del vino qua.	You can buy wine here.	be991ff3-f8e0-54e5-8982-8c094f22a584	27	22
Può comprare del vino qui.	You can buy wine here.	db717e61-4326-58b7-b6ed-60ec299e1763	26	22
Può comprare del vino qua.	You can buy wine here.	8d83deb3-8d96-5a35-97db-cb3c8759914d	26	22
Potete comprare del vino qui.	You can buy wine here.	3f0eb78f-c203-5320-a2f6-34993aa756bd	29	22
Potete comprare del vino qua.	You can buy wine here.	8f180d77-77ea-552f-9790-819b77865d9b	29	22
Il vino della casa è discretamente buono.	The house wine is pretty good.	d4e49944-2266-52cd-85f5-a96921ad97c3	41	30
Tom e Mary hanno ordinato entrambi del vino.	Tom and Mary both ordered wine.	d4b93d8e-5d36-5f32-82b2-dc9820bda5e4	44	31
Tom e Mary ordinarono entrambi del vino.	Tom and Mary both ordered wine.	3d3e284f-0f0a-54d3-aadf-2ab7540c044b	40	31
Dove hai comprato questo vino?	Where did you buy this wine?	8a47e709-78a8-54ea-93a1-ab26f3c6b494	30	28
Dove ha comprato questo vino?	Where did you buy this wine?	6ecaa970-ced2-5f73-9922-4797b644c0e2	29	28
Dove avete comprato questo vino?	Where did you buy this wine?	5b564e8b-ae8a-589d-af9b-59f805f6b2b7	32	28
Apri questa bottiglia di vino prima.	Open this bottle of wine first.	d9e39c35-a382-56ea-a170-b68a7410032d	36	31
Apra questa bottiglia di vino prima.	Open this bottle of wine first.	b0c584ca-b1ad-5402-9a69-9ec429eb965b	36	31
Aprite questa bottiglia di vino prima.	Open this bottle of wine first.	4ee1a8f2-069b-5045-accc-2006cc52082f	38	31
Carlos ha ordinato una bottiglia di vino.	Carlos ordered a bottle of wine.	93441415-8ca7-5bd8-a0a8-2fc36dfd1d7b	41	32
Carlos ordinò una bottiglia di vino.	Carlos ordered a bottle of wine.	3b4ad64c-773c-5f60-870b-79c6c2af5ecf	36	32
Abbiamo bevuto tutto il vino.	We've drunk all the wine.	5968a595-e504-5214-899a-4cd459b4a75f	29	25
Comprerò un vino rosso.	I will buy a red wine.	120dd1df-e2a4-51ed-85b9-360a62e8e093	23	22
Questa birra ha un sapore piuttosto amaro.	This beer tastes quite bitter.	4fdc0522-0514-5197-87aa-c6ef3d4ada6d	42	30
Prendi una cassa di birra.	Get a case of beer.	78785506-cc76-5239-b512-4fd082410617	26	19
Prenda una cassa di birra.	Get a case of beer.	9834b94b-26b9-567e-8750-937c2f5e9434	26	19
Prendete una cassa di birra.	Get a case of beer.	534b149b-a2ab-5f34-aeaf-3db18b9eedff	28	19
Non c'è birra alle Hawaii.	There's no beer in Hawaii.	e99cf456-0f6f-57a6-a149-29376a310801	26	26
Ho bevuto quantità eccessive di birra.	I drank excessive amounts of beer.	9eec1a90-21cf-52f5-9f91-676656aa229b	38	34
Hai mai provato la birra giapponese?	Have you ever tried Japanese beer?	4e6eb991-c9ce-5f06-82e0-885f49b5d527	36	34
Ha mai provato la birra giapponese?	Have you ever tried Japanese beer?	2dd85125-59df-548c-b298-18c56275f5be	35	34
Avete mai provato la birra giapponese?	Have you ever tried Japanese beer?	6aae7688-d291-53db-9514-6c01df02ff3b	38	34
Annaffia i fiori!	Water the flowers!	fdbe8d30-1d37-5d30-8456-3bf35cc3b444	17	18
Annaffi i fiori!	Water the flowers!	3fd844f0-0f7c-552b-a646-0f4753db4f84	16	18
Annaffiate i fiori!	Water the flowers!	f397ed02-4426-55c7-9f07-fdb80304dbce	19	18
Gli uomini hanno l'acqua.	The men have water.	44e344e2-9eee-5877-9663-64ba9d6cac91	25	19
Non è acqua.	That's not water.	3b39302c-220a-52a6-b6b6-0b739b9d16dd	12	17
Questa non è acqua.	This isn't water.	e6035e95-d21c-5640-b704-dd9834095ac6	19	17
Cammino sull'acqua.	I walk on water.	1821f5a9-7a77-596a-b4c2-96681a3c172b	19	16
Io cammino sull'acqua.	I walk on water.	cc603b32-98b3-536e-ab0e-fe2ded9c985a	22	16
Ci serve più acqua.	We need more water.	4c5f68e0-0fcf-5c3c-ac18-6d361cab65cd	19	19
Abbiamo bisogno di più acqua.	We need more water.	106d74eb-b986-5d4b-b516-5470c3b9018c	29	19
Mary dice che ha bisogno di più tempo.	Mary says she needs more time.	79f6cdb4-5f98-56d8-ae3f-5e1b51eb97a6	38	30
Mary dice che le serve più tempo.	Mary says she needs more time.	7338ce37-06ed-5bd3-b881-ab623ec0b61f	33	30
Mary ha detto di essere ottimista.	Mary said that she's optimistic.	ea625c30-4d9a-5219-aabb-35ce4e616b4e	34	32
Gesù camminava sull'acqua.	Jesus walked on water.	56d3559d-602c-5248-9d4c-1c2f8675ee83	26	22
L'acqua è ottima!	The water is great!	a9adf254-d2a3-5022-8437-b776b97acf02	17	19
Gesù è stato crocifisso.	Jesus was crucified.	db5039e0-9303-563c-b459-acbb3cfd0dd2	24	20
Gesù fu crocifisso.	Jesus was crucified.	a12ed154-f335-5b99-a3bf-3835e3bb7e45	19	20
Gesù mi ama.	Jesus loves me.	e084c5f8-1d03-519f-9ca7-b03aa05ec576	12	15
Amo Gesù.	I love Jesus.	0cc2607a-e412-582f-bb43-82c876af91f1	9	13
Io amo Gesù.	I love Jesus.	6d494fed-f26d-5583-8219-d9d9b38e70b5	12	13
Gesù è buono.	Jesus is good.	2ada84bd-6ff3-55de-ae10-b247ba0d067f	13	14
Non ha lezione adesso?	Don't you have class now?	bdd5365a-8667-5e7b-8444-90e182a3790d	22	25
Non hai lezione ora?	Don't you have class now?	e9db53a3-d2e1-5a2a-a540-6e3dfd09a0ee	20	25
Non ha lezione ora?	Don't you have class now?	d394dd1c-d788-5d2a-b9e1-2c7f1b339e42	19	25
Non avete lezione ora?	Don't you have class now?	bff2272c-5baf-5fef-b3b9-509007f91263	22	25
Dio!	God!	e3e6d246-bf83-5156-856a-ab3dfdf60a09	4	4
Ama Dio.	Love God.	5c7ff6c2-2af9-5f26-bf70-9d99d9776f49	8	9
Ami Dio.	Love God.	93fd46b9-b3ca-5d89-b062-06bd5d9f3efa	8	9
Amate Dio.	Love God.	2e47157d-37e3-58a4-b2b8-ee08d698af4d	10	9
Per Dio!	By God!	bcd3ea65-cdd0-55de-94bd-3dc92b76d827	8	7
Che Dio ci salvi!	God save us!	83049478-50ee-5f12-8b2b-2c6321a1d613	17	12
Che Dio ti salvi!	God save you!	19b317b2-fbca-587c-a283-fb5469befd1e	17	13
Che Dio vi salvi!	God save you!	dcb440fa-adda-5ceb-b5c2-1007df052872	17	13
Che Dio la salvi!	God save you!	865bef1d-185d-5e05-bb7c-724965b2be7e	17	13
Dio è amore.	God is love.	69c93750-2786-5753-8f40-a7cf7df4afcd	12	12
Ziri ama Dio.	Ziri loves God.	3e49a98b-b234-57ed-91f9-511de33a0920	13	15
Ridi ogni giorno?	Do you laugh every day?	0d218482-33e4-57bb-aec3-007aa0571056	17	23
Tu ridi ogni giorno?	Do you laugh every day?	e5e3656e-cbd8-5a21-91b2-448fb617cd83	20	23
Ride ogni giorno?	Do you laugh every day?	2b0aeea7-7ed2-5a01-9e11-c3796975271f	17	23
Lei ride ogni giorno?	Do you laugh every day?	1c664dcd-0314-5067-8bf6-3ca5646f48f5	21	23
Ridete ogni giorno?	Do you laugh every day?	f8b6f317-4f47-54f2-a88a-a68b6d331982	19	23
Voi ridete ogni giorno?	Do you laugh every day?	7189ccf6-c498-5dfc-b93b-567ed5c9b9ed	23	23
So come è finita.	I know how it ended.	89927b15-1d7b-5081-9a68-7ba4025783cb	17	20
Chiedi a Dio il perché!	Ask God why!	3d99e166-2dca-5b11-9d06-a8bf4bdb38f2	23	12
Chieda a Dio il perché!	Ask God why!	c4890865-c5fb-57de-a534-0757ac07f322	23	12
Chiedete a Dio il perché!	Ask God why!	2bb3ed8a-b2b3-529f-950c-af8ad6e5ac26	25	12
Che Dio ci aiuti!	God help us!	822904d2-8f5b-59b7-9b58-c89f95faf53d	17	12
Mary non sapeva perché Tom la odiava.	Mary didn't know why Tom hated her.	99ccda22-24b0-5208-b0cf-7a9d9a5fa36a	37	35
Mary dice che ha finito di scrivere il rapporto.	Mary says she finished writing the report.	168d69d3-52f1-523c-beb0-c0c843f95d5d	48	42
Mary non sapeva che doveva aiutare Tom.	Mary didn't know she had to help Tom.	1e171bf0-5aea-5f0f-b85b-5576d670ebe5	39	37
La conoscenza è la chiave per la libertà?	Is knowledge the key to freedom?	8dada413-ab45-5ce9-abe1-4c8b2f77eff5	41	32
La perseveranza è la chiave per il successo?	Is perseverance the key to success?	da8d18e8-52ec-5d73-8fe2-54971b178e2f	44	35
Qualcuno ha la chiave qui?	Does someone have the key here?	68ec7e9b-2030-5c4e-b19a-5a0d6ca5de62	26	31
Qualcuno ha la chiave qua?	Does someone have the key here?	086125a0-5e82-5603-98c8-c7f6035e9593	26	31
Matthew aveva una chiave con sé.	Matthew had a key on him.	bf832e61-409b-5fd6-9f9b-5c0fb3979674	32	25
Guarda il mio video.	Watch my video.	cca38497-e389-5442-bbb9-86326d0d556c	20	15
Guardate il mio video.	Watch my video.	5e0e2d58-71d7-5eb4-a5a9-7057cc761556	22	15
Guardi il mio video.	Watch my video.	e9f59a29-9ff1-5ada-8059-a93db539bc75	20	15
Riproduci il video.	Play the video.	0eb16b77-45ac-5428-adf3-fd94461b0e33	19	15
Riproduca il video.	Play the video.	99aabbed-d627-5cdd-bb7a-715622f62e68	19	15
Riproducete il video.	Play the video.	bb8e829a-8b2a-5fcc-9824-2edb694ff7c2	21	15
Controlla questo video.	Check this video.	ce834790-1a70-5dad-91b5-8678d00dd7b4	23	17
Controllate questo video.	Check this video.	b8ac928c-5251-5790-934b-db3bc3d07cbc	25	17
Controlli questo video.	Check this video.	335fd983-da16-582b-af44-b3b2e9bd5962	23	17
Ho visto un altro video.	I saw another video.	b0f2e758-c6a4-5716-8351-c17bdc0154fa	24	20
Vidi un altro video.	I saw another video.	fd3e2fa7-e414-5dad-998c-f9407f545327	20	20
Ha guardato il video.	He watched the video.	beae4d2a-230d-52ec-b2e7-74b591902815	21	21
Guardò il video.	He watched the video.	10e7ef84-6a77-59a5-8533-af8f2ee438ad	16	21
Ha fatto un altro video.	She did another video.	75b2c6cc-223a-5568-a3db-e414dd3ea866	24	22
Fece un altro video.	She did another video.	f02f36f0-b672-5a4c-af2e-427542cc49fd	20	22
Ha riprodotto il video.	He played the video.	0e846256-4831-5273-93d6-27f9f481fab0	23	20
Riprodusse il video.	He played the video.	e50fed76-f992-5dfc-8afd-df051f922219	20	20
Ziri ha modificato il video.	Ziri edited the video.	428beb5c-41ed-5a7b-bd8f-258da3d3e762	28	22
Ziri modificò il video.	Ziri edited the video.	4341daf1-8c27-578d-bade-3be16551883a	23	22
Ziri ha registrato un video.	Ziri recorded a video.	6be5a2c4-7aaf-574d-9c4e-4d46748a9e78	28	22
Ziri registrò un video.	Ziri recorded a video.	fc6c95be-b2dc-5f78-88c0-b1353c0371d7	23	22
Ho condiviso il ibro.	I shared the video.	a9ba997a-e97a-50c0-b5ba-46d4ba023086	21	19
Condivisi il libro.	I shared the video.	553d4e05-bca7-5dc2-9cf1-0bcb7eadb43f	19	19
Il video è in pausa.	The video is paused.	9d6a9c6a-18bb-513e-b24b-cf7570b24d69	20	20
Le è piaciuto il video.	She liked the video.	09993d91-f01e-53af-97c3-8f23c7655c71	23	20
Le piacque il video.	She liked the video.	393b7cd8-d996-5170-a227-a3006236df92	20	20
Ho studiato il video.	I studied the video.	ece0296e-0e24-52dd-90d2-0040b8e205a5	21	20
Studiai il video.	I studied the video.	5fbeeef4-1d99-5f11-803e-3f0993980db3	17	20
Hanno studiato il video.	They studied the video.	d0652de7-8f7d-5802-8524-dd2135e66ac4	24	23
Studiarono il video.	They studied the video.	0c5bd25e-0fe4-57e4-849c-edaeacfc7674	20	23
Ha pubblicato il video.	She posted the video.	9630136a-de92-55bb-93dc-83ad9e1b0489	23	21
Pubblicò il video.	She posted the video.	a1a0a6e2-297e-5bd0-8fd6-fd7975269ce4	18	21
Ho pubblicato il video.	I posted the video.	a77aeae4-5366-516d-bcc3-2ee7cd1d06d6	23	19
Pubblicai il video.	I posted the video.	779c9e4b-cf2c-5a43-9d7e-0f08fc1b26e5	19	19
Ci è piaciuto il video.	We liked the video.	89a3bc91-89b2-5392-bf3f-6de429bfcc36	23	19
Ci piacque il video.	We liked the video.	3852c4ee-e061-5d98-a0e8-90a78cea88cc	20	19
Ha visto il video.	She saw the video.	a4ef60ba-dc01-56cf-80cd-5fb5570eb370	18	18
Vide il video.	She saw the video.	9712f94a-7a7c-5561-b7bb-151df693947d	14	18
Gli è piaciuto il video.	He liked the video.	7e694338-b07c-5b93-8cad-982fc8be1c17	24	19
Gli piacque il video.	He liked the video.	36121599-33e9-507d-8a09-756c323e89c6	21	19
Hanno pubblicato il video.	They posted the video.	f8c4a16e-1b0e-54a4-881a-6dde34ffbecc	26	22
Pubblicarono il video.	They posted the video.	9b8bf1cf-f979-5791-9d22-c12b84f110da	22	22
Abbiamo visto il video.	We saw the video.	dabb8c12-c635-5c00-819a-86267cd2a1ad	23	17
Vedemmo il video.	We saw the video.	5be0cf91-008d-53cc-a5cc-de828f0958e2	17	17
A loro è piaciuto il video.	They enjoyed the video.	b58e9933-5b4b-526b-8d9f-9dd4d1573d3e	27	23
A loro piacque il video.	They enjoyed the video.	d0117a55-da5a-5228-8a0e-b34f834bec28	24	23
Gunter ha messo in pausa il video.	Gunter paused the video.	062d32af-44c4-5f39-9629-4c17ee596f59	34	24
Gunter mise in pausa il video.	Gunter paused the video.	8427ee78-70f2-59c2-90e1-df702788f3eb	30	24
Questo video è sponsorizzato.	This video is sponsored.	bbb43995-45d7-5769-828f-08d9af5223ad	29	24
Mi è piaciuto il video.	I enjoyed the video.	c91af6c8-9b3d-5322-8db9-bf57de19ea82	23	20
Mi piacque il video.	I enjoyed the video.	1f569b87-5a65-580a-b2d8-3b4f546414d4	20	20
A Ziri è piaciuto il video.	Ziri enjoyed the video.	45ccb7a9-b439-5feb-861c-a53210f43ae4	27	23
A Ziri piacque il video.	Ziri enjoyed the video.	55d03c2b-8ad9-5fdf-98a9-62161e48dfdc	24	23
Vai a guardare il video.	Go watch the video.	10061a12-833d-5ec9-b1ca-eaa1a7572829	24	19
Vada a guardare il video.	Go watch the video.	24bfd027-ee7b-56f9-9447-d654c8a8a7a8	25	19
Andate a guardare il video.	Go watch the video.	9c4a02b7-16f0-5545-9dee-65d87898465a	27	19
Ziri ha messo in pausa il video.	Ziri paused the video.	3ffc71e4-42d4-562c-a353-e642eca02e06	32	22
Ziri mise in pausa il video.	Ziri paused the video.	f2ccaa63-3f5a-5d6a-9455-463aec0a3946	28	22
Il video è stato cancellato.	The video was deleted.	4a5b41a9-dd9a-5fdb-afaf-211ed42b662e	28	22
Il video fu cancellato.	The video was deleted.	7f08c8a1-9a93-508f-9f4b-4c609e18a75f	23	22
Ziri ha studiato il video.	Ziri studied the video.	49e849df-4ae8-5ca5-998f-a788fdfed92f	26	23
Ziri studiò il video.	Ziri studied the video.	1706d081-29a0-59be-a790-7a7eb9ade6fa	21	23
Ziri ha analizzato il video.	Ziri analyzed the video.	99a87d0f-3dbe-5a7f-8412-2cc326831cd5	28	24
Ziri analizzò il video.	Ziri analyzed the video.	e450bd34-4de3-5e70-ad67-3b7a6cdb5394	23	24
Ziri ha trovato il video.	Ziri found the video.	7d61afbf-c1a6-5964-8d90-e6b70640f554	25	21
Ziri trovò il video.	Ziri found the video.	c25cb545-d743-5237-aa0b-bd8678313af6	20	21
Ziri ha cancellato il video.	Ziri deleted the video.	5ab93b0c-65bc-58e3-95e1-977cb3d913a2	28	23
Ziri cancellò il video.	Ziri deleted the video.	3ba8c7ff-0699-5df4-ad0b-660184dc31aa	23	23
Ziri ha guardato il video.	Ziri watched a video.	5221d8c6-cfb2-5e62-a83e-0b52c02b3a13	26	21
Ziri guardò il video.	Ziri watched a video.	062aee8c-95a6-5236-bfed-b024ec0a4f41	21	21
L'IA non esiste.	AI doesn't exist.	6513f946-4d69-51dc-91fa-e25448fae840	16	17
Tom amava il basket.	Tom loved basketball.	7d49b548-b0bd-5a03-936f-ef5e9f61f5c9	20	21
Tom amava la pallacanestro.	Tom loved basketball.	695f38a1-0912-5c7a-bce5-645d6bb534cf	27	21
Michelle gioca a basket.	Michelle plays basketball.	5519bf45-770f-5f7c-b4fb-81561d728025	24	26
Michelle gioca a pallacanestro.	Michelle plays basketball.	83cb6913-f72e-5943-966b-5657f0424208	31	26
Gioca bene a basket.	He plays basketball well.	a3c3c49a-6f7a-57ce-bbcd-5fd9e450ac23	20	25
Gioca bene a pallacanestro.	He plays basketball well.	5695a065-92c8-5ea9-b079-9ade01e6d3b0	27	25
Stanno giocando a basket.	They're playing basketball.	48323e04-0e81-5f66-ab2d-ad5b311ac850	25	27
Stanno giocando a pallacanestro.	They're playing basketball.	866d02d4-c101-5f18-a190-d5ddce9adbf6	32	27
Tom amava giocare a basket.	Tom loved playing basketball.	d7a6a75f-9aa4-5698-a55b-e804330805af	27	29
Tom amava giocare a pallacanestro.	Tom loved playing basketball.	f8af8c6f-c470-5642-8956-378c29e64585	34	29
Dove giochi a basket?	Where do you play basketball?	46ae0037-9134-56e9-9474-2b0017e8c654	21	29
Dove giochi a pallacanestro?	Where do you play basketball?	c3d380fe-9cbb-5652-98e8-796342b54565	28	29
Dove gioca a basket?	Where do you play basketball?	c3d72736-9f8d-5c8e-b335-716553c4f1fd	20	29
Dove gioca a pallacanestro?	Where do you play basketball?	99cc7023-3c47-5e56-babb-3a95b6726b20	27	29
Dove giocate a basket?	Where do you play basketball?	26887d8c-bb43-587b-bea5-95eae3d24062	22	29
Dove giocate a pallacanestro?	Where do you play basketball?	c13b6136-44ec-5329-b168-66ca186a8f07	29	29
Questa non è una palla da basket.	This isn't a basketball.	dd35691d-235b-534b-92fd-50ff11bafbf2	33	24
Questa non è una palla da pallacanestro.	This isn't a basketball.	3a98221c-d20b-50d4-9e71-fd981cab165f	40	24
Tom era bravo a basket?	Was Tom good at basketball?	fa4e19c3-b16a-5bd5-90a8-5739ea2fdc3f	23	27
Tom era bravo a pallacanestro?	Was Tom good at basketball?	01f8cf2c-aa7a-5199-9f77-796eff997729	30	27
Tom era un cestista.	Tom was a basketball player.	07cbc7ed-7e89-5a2f-a6d1-5011cb23797c	20	28
Tom vuole giocare a basket.	Tom wants to play basketball.	7e5f67dc-c61f-585e-827f-1dd32da2a0a6	27	29
Tom vuole giocare a pallacanestro.	Tom wants to play basketball.	17446cea-6b84-58fd-9cbf-381bab6ce32d	34	29
Ziri è un cestista.	Ziri is a basketball player.	d26cf2cb-eac5-5d38-9e31-6303cd9a11f4	19	28
Ziri è un allenatore di pallacanestro.	Ziri is a basketball coach.	fff80461-6c1b-5c24-97b7-a5b21d801e3f	38	27
Ziri è un allenatore di baslet.	Ziri is a basketball coach.	db86b9da-8f17-5ff2-80de-207068c70bf3	31	27
Yanni è un cestista.	Yanni is a basketball player.	32d41e8c-ecdf-5156-8131-4076ed44095e	20	29
Gioco nella squadra di basket.	I play in the basketball team.	8515aa8c-b815-5419-8679-9151d688fada	30	30
Gioco nella squadra di pallacanestro.	I play in the basketball team.	82794d04-0c53-557c-81a4-5cc0c11aa854	37	30
Yanni è nella squadra di basket.	Yanni is on the basketball team.	16e6cfac-ade7-56e5-90a7-0a1527678eb4	32	32
Yanni è nella squadra di pallacanestro.	Yanni is on the basketball team.	6c8e9784-ea90-5deb-99f4-04e1a5929ff8	39	32
Perché non giochiamo a basket?	Why don't we play basketball?	733e3962-443e-5258-8131-4cbc6e72e63c	30	29
Perché non giochiamo a pallacanestro?	Why don't we play basketball?	d955bf4b-742b-5721-865a-7e9ee6cddbb9	37	29
Con chi giochi a basket?	Who do you play basketball with?	41b1f8f1-2aa9-5b66-8cee-0b55017530ba	24	32
Con chi giochi a pallacanestro?	Who do you play basketball with?	b3d7b900-7673-5567-962e-de2db4afd06d	31	32
Con chi gioca a basket?	Who do you play basketball with?	a46b5739-19b6-5c1f-9c66-787a60c06eda	23	32
Con chi gioca a pallacanestro?	Who do you play basketball with?	4e1ed101-6052-5232-b51e-ed5a52ae7d74	30	32
Con chi giocate a basket?	Who do you play basketball with?	24d3c5ca-e517-5b32-8d58-b1fcecaf7dd3	25	32
Con chi giocate a pallacanestro?	Who do you play basketball with?	a4caab80-e54b-5bc0-8f2b-f57d71888eec	32	32
Tom voleva parlare di basket.	Tom wanted to talk about basketball.	55e6ed3e-18a1-536a-8c28-803278610e77	29	36
Tom voleva parlare di pallacanestro.	Tom wanted to talk about basketball.	50066dc6-5260-5ba4-bce9-587c44dac534	36	36
Tom è un cestista capace.	Tom is an able basketball player.	00b3f8b4-e524-54e7-b7c3-649faffa4c43	25	33
È un cestista capace.	He is an able basketball player.	6547a7c8-1e42-504b-8c68-71e577f696f6	21	32
Suo padre è un cestista.	His father is a basketball player.	6082f77b-91f8-532e-80aa-9037526f46fc	24	34
Sami era nella squadra di basket.	Sami was on the basketball team.	6adc9e5c-1b84-58bc-94db-80ab8590bfa0	33	32
Sami era nella squadra di pallacanestro.	Sami was on the basketball team.	c680dbfb-07b4-53e7-87de-987bd8aa7824	40	32
Sami e Layla stanno giocando a basket.	Sami and Layla are playing basketball.	5ca7f0d6-6443-50bc-b467-eefe5b08847d	38	38
Sami e Layla stanno giocando a pallacanestro.	Sami and Layla are playing basketball.	ca51d11b-d562-562b-b323-d59ae8b978b5	45	38
Non mi piace giocare a pallacanestro.	I don't like playing basketball.	417c17a4-389a-5067-9b9e-610ae97d9f7d	37	32
Non mi piace giocare a basket.	I don't like playing basketball.	3e66cc7d-3e2c-593c-98aa-f999c084c416	30	32
A me non piace giocare a pallacanestro.	I don't like playing basketball.	10bd58e6-4956-5ac8-98aa-e419f8129a93	39	32
A me non piace giocare a basket.	I don't like playing basketball.	1cf300d4-cfcf-5419-837f-4c196cc23171	32	32
Non sono bravo a basket.	I'm not good at basketball.	a65d9b85-52cf-5219-960c-615c385bccc6	24	27
Non sono brava a basket.	I'm not good at basketball.	1c3dbb43-c4ab-5de6-af9d-d8042cde22a1	24	27
Perché non andiamo a giocare a basket?	Why don't we go play basketball?	241a0cee-56c4-54b0-b490-12440d5d99d5	38	32
Perché non andiamo a giocare a pallacanestro?	Why don't we go play basketball?	3c102027-eebc-5d35-8a62-b1f003f59d3e	45	32
Perché non parliamo di basket?	Why don't we talk about basketball?	ea77fa74-2a24-5263-b248-480f73eeb115	30	35
Perché non parliamo di pallacanestro?	Why don't we talk about basketball?	5c58c4ef-d973-524c-915d-67e57371417a	37	35
Yanni e Skura non giocano a basket.	Yanni and Skura don't play basketball.	ff3dad99-611e-51ad-8749-a77a7e5f3dab	35	38
Yanni e Skura non giocano a pallacanestro.	Yanni and Skura don't play basketball.	4fd7a707-e06a-5375-82c8-aad7287b15dc	42	38
Skura e Mira non giocano a basket.	Skura and Mira don't play basketball.	ac5f02ca-cf4f-5145-bd9a-3e2b6cdd2f40	34	37
Skura e Mira non giocano a pallacanestro.	Skura and Mira don't play basketball.	04daccc6-26cf-5de4-a442-32ce76a237aa	41	37
So che non ti piace il basket.	I know you don't like basketball.	205ce3e9-3764-5bbe-97e7-d83830b5435b	30	33
So che non vi piace il basket.	I know you don't like basketball.	6b7fbaa4-8de9-5c46-832f-9acbf7813903	30	33
So che non le piace il basket.	I know you don't like basketball.	8ea77b33-a7b0-5c26-941a-027f6bc8e69c	30	33
So che non ti piace la pallacanestro.	I know you don't like basketball.	5dd1e347-ad71-50f8-a985-d23f179b5035	37	33
So che non vi piace la pallacanestro.	I know you don't like basketball.	cb14722c-199d-5c94-8800-1987e1aa9051	37	33
So che non le piace la pallacanestro.	I know you don't like basketball.	82f83cd0-46c1-5c0d-9a3c-30e831bf39ef	37	33
Perché Tom non gioca più a basket?	Why doesn't Tom play basketball anymore?	c444cbbe-9eaa-5364-8bf4-cbf3c999413f	34	40
Perché Tom non gioca più a pallacanestro?	Why doesn't Tom play basketball anymore?	f98ecbbe-d69e-5e4f-aa6a-3194c82dc24e	41	40
So che Tom è un cestista.	I know Tom is a basketball player.	d83812fb-5572-52c4-9df5-ecd8c9fd7e34	25	34
Tom parla continuamente di basket.	Tom talks about basketball all the time.	e451f710-7f55-58c2-a133-6135040a48d2	34	40
Tom parla continuamente di pallacanestro.	Tom talks about basketball all the time.	e90e5454-c0b7-5b2e-83d7-cfc2280349aa	41	40
Tom è ancora nella squadra di basket.	Tom is still on the basketball team.	2865b7a3-217e-5568-9609-b3d802cb40de	37	36
Tom è ancora nella squadra di pallacanestro.	Tom is still on the basketball team.	49828d30-048a-532c-8f76-9142c5cd0beb	44	36
Perché ti piace il basket così tanto?	Why do you like basketball so much?	e818159d-489d-5fe1-8db1-16937e59e4e2	37	35
Perché vi piace il basket così tanto?	Why do you like basketball so much?	ac5597f0-20a9-5442-8773-3a83c86b8a17	37	35
Perché le piace il basket così tanto?	Why do you like basketball so much?	7167d45d-a436-5419-abd7-b46379bfe084	37	35
Perché ti piace così tanto il basket?	Why do you like basketball so much?	eaa6ddaf-0d6e-5d71-aa16-1032a7d736dd	37	35
Perché vi piace così tanto il basket?	Why do you like basketball so much?	c1272f25-911e-5be0-b018-f6c2acea712d	37	35
Perché le piace così tanto il basket?	Why do you like basketball so much?	c88c8840-8e3b-5875-9f37-28a68d2b2043	37	35
Perché ti piace la pallacanestro così tanto?	Why do you like basketball so much?	fa4c35bb-bd0e-56b8-9db2-8084da75e4e6	44	35
Perché vi piace la pallacanestro così tanto?	Why do you like basketball so much?	c32c85e7-0aba-5f9c-9d41-bc432a6743dc	44	35
Perché le piace la pallacanestro così tanto?	Why do you like basketball so much?	598dca77-093d-51a0-b278-c3fa3fd26c1f	44	35
Perché ti piace così tanto la pallacanestro?	Why do you like basketball so much?	0f638648-7edf-5b49-80cd-b52e480bc6cf	44	35
Perché vi piace così tanto la pallacanestro?	Why do you like basketball so much?	0ab144be-d2dd-5063-b8eb-c67eb040e792	44	35
Perché le piace così tanto la pallacanestro?	Why do you like basketball so much?	17cc3486-fd06-512d-bbe7-ca7493ac0b8b	44	35
Tom non ha giocato a basket con noi.	Tom didn't play basketball with us.	ce4f5b6e-fb80-5b32-b811-3abe24659b0a	36	35
Tom non ha giocato a pallacanestro con noi.	Tom didn't play basketball with us.	9407decc-f64b-5d52-8938-53a4d8f7e46a	43	35
Tom ha giocato molto a basket.	Tom has played a lot of basketball.	28947a4c-ccda-5cf9-ac1c-2f76164efb3c	30	35
Tom ha giocato molto a pallacanestro.	Tom has played a lot of basketball.	41c86263-89c4-55e6-942e-db78d3724e0a	37	35
Tom è il capitano della squadra di basket.	Tom is the captain of basketball team.	56aec4a7-748b-56b9-9f35-0455292a14ee	42	38
Tom è il capitano della squadra di pallacanestro.	Tom is the captain of basketball team.	33588029-ae1c-5f47-91f4-63bfdec50e36	49	38
Tom era il capitano della squadra di basket.	Tom was the captain of basketball team.	619436be-4239-5221-9862-1d5b28402c10	44	39
Che cosa farebbe Tom?	What would Tom do?	b801d4d8-3f84-537b-a709-6a497f0e0413	21	18
Il capitalismo è distopico.	Capitalism is dystopian.	91b5b44d-8525-50ba-a0ea-d47b0ab1b6d7	27	24
Il capitalismo vincerà.	Capitalism will win.	2e6e4626-ec0e-536f-9859-6130f807239b	23	20
Distruggi il capitalismo.	Smash capitalism.	9cd1dc2c-2e21-519f-9a37-8b54f303cf77	25	17
Distrugga il capitalismo.	Smash capitalism.	4ac12eec-79da-5e1c-b4c5-b05d613f7c34	25	17
Distruggete il capitalismo.	Smash capitalism.	77927ef4-9185-5553-a06a-e8dc0e00a786	27	17
Abbasso il capitalismo!	Down with capitalism!	2d696b05-7db4-5bc9-b569-c60afd3eb1e6	23	21
Il capitalismo rovina tutto.	Capitalism ruins everything.	7b4ca4a8-c6b2-5e7d-8a71-5e28f7404419	28	28
Il capitalismo è povertà.	Capitalism is poverty.	2c361a52-8050-5825-a278-c21d5b27b9ac	25	22
Il capitalismo è una truffa.	Capitalism is a scam.	16e1c121-53a5-517c-bee7-9f131915b45f	28	21
Quel carico è mio.	That cargo is mine.	97ac1332-a86d-5e52-a2af-0e2c1c53d968	18	19
Aiutami a scaricare questo carico.	Help me unload this cargo.	0e1a09c1-17e6-50f4-af78-aeffdcd2f8fe	34	26
Aiutatemi a scaricare questo carico.	Help me unload this cargo.	6593e391-ca4b-5dd4-910b-2ee111eb6dec	36	26
Mi aiuti a scaricare questo carico.	Help me unload this cargo.	585698db-6ec2-5eb9-b576-e2ef5a1738fa	35	26
È una nave cargo.	It's a cargo ship.	4a986156-e77a-5f66-8508-6fdcc62f45be	17	18
Il capitalismo è un culto del cargo.	Capitalism is a cargo cult.	c2a4d6d5-bbe5-56dc-ab1e-b2751ca31fec	36	27
Si è nascosto in un cassone per il carico.	He hid in a cargo bin.	7d9796be-3cc1-5f5b-81a7-d603aa8754d2	42	22
Si nascose in un cassone per il carico.	He hid in a cargo bin.	885ab51e-df13-5154-b301-339abdde5366	39	22
Gabriel è andato alla stiva.	Gabriel went to the cargo bay.	b6883768-7845-5448-8934-8a9927bc956c	28	30
Gabriel andò alla stiva.	Gabriel went to the cargo bay.	0dd2d2c4-c13c-5404-98a8-9fb9ec5f50e9	24	30
Il carico della nave è stato caricato.	The ship's cargo was unloaded.	292c6a54-049b-5b74-9e6c-a7af796adb46	38	30
Il carico della nave fu caricato.	The ship's cargo was unloaded.	83691618-d5b3-5d8d-ab50-6b36b593b534	33	30
Il carico della nave è stato scaricato.	The ship's cargo has been unloaded.	816d6d9a-ec24-5454-a7ab-bf3ba5f0d2d3	39	35
Non c'era troppo carico da scaricare.	There wasn't too much cargo to unload.	4c825778-4f2c-5f54-b518-5b0a141e6f81	37	38
Mary è una batterista, vero?	Mary is a drummer, isn't she?	f9f7cbfb-ee2a-5ed8-97f1-9306e9e94b64	28	29
Mary ha ragione, vero?	Mary is right, isn't she?	43206ead-1cad-591a-b233-b5bd676bc25b	22	25
Mary deve avere dimenticato la sua chiave.	Mary must've forgotten her key.	07181c74-5f7d-520f-9027-f1c2711130b0	42	31
Il tuo cane è piccolo?	Is your dog small?	8e39e80d-7933-5eaa-bdcc-e58b6a05dda6	22	18
Il suo cane è piccolo?	Is your dog small?	901756c0-72a0-5756-aa01-f81b50bcaaee	22	18
Il vostro cane è piccolo?	Is your dog small?	15b94594-4a0c-5363-83c8-14b682bc9acb	25	18
Il cane li terrorizza.	The dog terrifies them.	f2462e56-4f72-5be2-bbb3-8067c058a297	22	23
Il cane le terrorizza.	The dog terrifies them.	8cd3da18-d12b-557d-ab90-c84da4e605f5	22	23
Avevamo un cane.	We had a dog.	899c92c7-f229-5eae-a2da-389c8d66cc10	16	13
Avevo un cane.	I had a dog.	63e4b118-d66c-57c7-b2fd-7c985e906632	14	12
Ha seguito il cane.	He followed the dog.	db51b55f-c869-5968-8aa3-a2cf36d56d84	19	20
Seguì il cane.	He followed the dog.	0671cb92-dd17-51cd-beb9-2ec0835ebfb0	14	20
Il mio cane odia i fuochi d'artificio.	My dog hates fireworks.	8a61fa1d-2c99-58ae-b8bc-ca3cb8aeedb8	38	23
A chi piace il cane?	Who likes the dog?	30147c77-2b0f-5e67-99de-0d4100116b7d	20	18
Dà da mangiare al cane.	He feeds the dog.	1dfb0cc7-cea0-546b-83ad-31a5c7b91373	23	17
Il cane è brutto!	The dog is ugly!	a95359a7-a934-5a2b-bd7c-b4836ae365ac	17	16
Quel cane è enorme.	That dog is huge.	06f0c922-2e20-5453-853a-db51263de6ee	19	17
Prenditi un cane.	Get yourself a dog.	d5707601-dcfb-519d-8bd8-02057b03b6a6	17	19
Si prenda un cane.	Get yourself a dog.	56b6fe6f-5658-5ad5-85de-a67a32e360ee	18	19
Quel cane è gigante.	That dog is gigantic.	9ecea8e0-8f09-5e83-900e-4c9086545652	20	21
Chi dà da mangiare al cane?	Who feeds the dog?	44671431-dfc0-57c2-bce4-35d024ef32e8	27	18
Un cane l'ha morsa.	A dog bit her.	f8092485-bbc8-55eb-8426-c8396f4d7d32	19	14
Un cane la morse.	A dog bit her.	edc0abcd-e781-50f2-afd0-10f04b66f135	17	14
Laviamo il mio cane.	We wash my dog.	cd98935d-fdfe-594d-a100-e6baf580f35c	20	15
Lavo il mio cane.	I wash my dog.	b1907bc1-06b7-55c7-adf5-1f73292088a0	17	14
Lavi il mio cane.	You wash my dog.	1c375d55-31ec-595a-b282-53cbdfd72150	17	16
Lavate il mio cane.	You wash my dog.	94875622-04af-5fff-907a-d500bfc4a51e	19	16
Tom ha un altro cane.	Tom has another dog.	7cba377e-639f-5c37-830d-326fc4f6c15d	21	20
Il cane era vigile.	The dog was vigilant.	d57b0100-12db-5b8c-a3dd-a1c802d0c2fc	19	21
Questo è il loro cane.	This is their dog.	e523392e-717b-521e-be9f-fbeee9149214	22	18
Cookie è un cane.	Cookie is a dog.	f16717de-f9bd-55ed-9710-160961385ddf	17	16
Biscotto è un cane.	Cookie is a dog.	30beb973-5d42-5132-9761-09b2ccb0c134	19	16
Questo cane è brutto.	This dog is ugly.	eff9f1a2-7314-53dc-861a-cb7650b7e300	21	17
Tom ha il tuo cane.	Tom has your dog.	fca39b21-93d6-50c1-a269-af56026e6b32	19	17
Tom ha il suo cane.	Tom has your dog.	cf716de1-09b9-5e96-873e-e304e13f05ba	19	17
Tom ha il vostro cane.	Tom has your dog.	ff3af099-a150-5876-b0bf-229c25abb4b6	22	17
Ho bisogno di un cane.	I need a dog.	3652c391-5941-56d0-929e-c86a3091f167	22	13
Mi serve un cane.	I need a dog.	9f183412-e628-5638-8e21-a490d58d4d2b	17	13
Santiago ha seppellito il suo cane.	Santiago buried his dog.	7a2727db-c917-5fae-b70b-58b17b58fb6c	35	24
Santiago seppellì il suo cane.	Santiago buried his dog.	83497894-3fa5-5788-af28-d385460c3772	30	24
Il gatto sembra malato.	The cat looks sick.	3bafd78c-b04a-55b4-9706-251cadbc2ff2	23	19
La gatta sembra malata.	The cat looks sick.	cfc2dc61-f55e-59fe-b7f2-b8a22e336132	23	19
Al gatto piaceva.	The cat liked it.	fd0808cb-ed8a-5008-af29-1bd7b892c243	17	17
Alla gatta piaceva.	The cat liked it.	6bf44007-2dff-57c7-a3e6-b082e44ba4eb	19	17
Ho bisogno di un gatto.	I need a cat.	4127eb71-fb89-5b4b-be23-a1110ed62ef1	23	13
Mi serve un gatto.	I need a cat.	611ed479-1a72-579d-92ec-e9cfad35280d	18	13
Ho bisogno di una gatta.	I need a cat.	2e67fbff-8fe9-57dd-9458-cf2e67a8f07e	24	13
Mi serve una gatta.	I need a cat.	1b7185e6-cb93-5f4a-a0cb-6c81c5099248	19	13
Ci manca il nostro gatto.	We miss our cat.	071beb4c-efe0-5535-aab4-36f9eca82f70	25	16
Ci manca la nostra gatta.	We miss our cat.	1dac9724-e1b0-501a-b22e-6db5890db853	25	16
Il gatto è apprezzato.	The cat is liked.	f4bfe209-ac06-5542-bbac-1fd7d9ef3066	22	17
La gatta è apprezzata.	The cat is liked.	e73a5c1a-e16b-5e5f-81d3-12487b2ad88e	22	17
Il mio gatto è davvero divertente.	My cat is really funny.	992fc9aa-358c-592c-91b5-e0e09fca35c9	34	23
La mia gatta è davvero divertente.	My cat is really funny.	81154f02-e367-5749-88aa-471b29484821	34	23
Il mio gatto è veramente divertente.	My cat is really funny.	f954eb52-50d6-5f65-8f56-128bc1f963ed	36	23
La mia gatta è veramente divertente.	My cat is really funny.	3c2f22a6-671d-51b8-8447-ddec9edbc0b4	36	23
Era solo un gatto.	It was just a cat.	1da78402-bf32-582f-b8f7-4f5e42d356ed	18	18
Era soltanto un gatto.	It was just a cat.	977d2fc7-5d99-5949-a7e0-a4ae1f3ed5f9	22	18
Era solamente un gatto.	It was just a cat.	09a5879a-0cdf-5bbc-89c4-d179734be958	23	18
Era solo una gatta.	It was just a cat.	969a57aa-6044-5ede-870f-a38ddfc3f322	19	18
Era solamente una gatta.	It was just a cat.	4327ae55-dca4-5200-905e-6a273056f51e	24	18
Era soltanto una gatta.	It was just a cat.	537c60dd-e58c-5b9f-9418-e41203544f6b	23	18
Cookie è il mio gatto preferito.	Cookie is my favorite cat.	1953a6b3-e8ee-516d-a1dc-1bf5b4b8c1bb	32	26
Biscotto è il mio gatto preferito.	Cookie is my favorite cat.	c13c818e-e954-54a1-9cfa-9b42847ee790	34	26
Hai visto la mia gatta?	Have you seen my cat?	ffd90e19-bdaa-5181-a98f-5fc93a4ad10e	23	21
Ha visto la mia gatta?	Have you seen my cat?	725a35e1-7407-5bf6-b0c2-b6ebd5acd64a	22	21
Avete visto la mia gatta?	Have you seen my cat?	875c4b37-5ee6-56d2-a2f9-0f61db7b504e	25	21
Hai visto un gatto?	Did you see a cat?	22d9ce73-73f3-5176-8e20-ed9a5015b5f8	19	18
Ha visto un gatto?	Did you see a cat?	6cd9c126-5b1d-595b-bf78-c20772dc52e2	18	18
Avete visto un gatto?	Did you see a cat?	7630ae6f-04b5-5a5d-b8ea-4f5bc769a6f7	21	18
Hai visto una gatta?	Did you see a cat?	0eaf64c2-9fab-5fae-ad64-998583759512	20	18
Ha visto una gatta?	Did you see a cat?	d2b5bfbc-4536-5b68-bf32-00b72e51e794	19	18
Avete visto una gatta?	Did you see a cat?	da925410-3c42-5b70-b9ad-ff89eeb5e5ff	22	18
Cookie è un buon gatto.	Cookie's a good cat.	0fd0322d-26d2-589b-877d-9bb41c7ba2d9	23	20
Biscotto è un buon gatto.	Cookie's a good cat.	2d27e159-3aee-5560-9bc6-7896be4a1cb2	25	20
Cookie era un buon gatto.	Cookie was a good cat.	bad19e69-fabb-5ae3-ac4d-fc585d35a074	25	22
Biscotto era un buon gatto.	Cookie was a good cat.	e010fb83-73be-5228-bf5c-ffe6f3fc627c	27	22
Il gatto insegue un topo.	The cat chases a mouse.	f1c0bef5-76f7-5332-a744-58063f2c242b	25	23
La gatta insegue un topo.	The cat chases a mouse.	414b25f3-8707-552d-a420-04044ce776e8	25	23
Tom ha dato un gatto a Mary.	Tom gave Mary a cat.	ec6bfd40-0faa-568c-acbc-43ca0ac3215b	28	20
Tom diede un gatto a Mary.	Tom gave Mary a cat.	7038bc6d-6d7d-597b-9da9-d4ede0d7c0b7	26	20
Tom ha dato una gatta a Mary.	Tom gave Mary a cat.	781bf15c-1451-525f-84b5-590a28aa480d	29	20
Tom diede una gatta a Mary.	Tom gave Mary a cat.	067a380e-501e-54b0-9ab6-a784adff98c6	27	20
Il mio gatto si chiama Felix.	My cat is called Felix.	33efc18a-76f8-500c-93fe-bc9214a6c4e3	29	23
Il tuo gatto è troppo grasso.	Your cat is too fat.	297b739d-c590-5505-a9e4-feb1a25a4e3f	29	20
Il suo gatto è troppo grasso.	Your cat is too fat.	3466fcd2-0303-5cb6-9d85-71e11a815502	29	20
Il vostro gatto è troppo grasso.	Your cat is too fat.	a2cd7be6-9394-5ecb-9555-4529a1de13e0	32	20
La tua gatta è troppo grassa.	Your cat is too fat.	fa93b77b-35d3-58fc-abfa-5e33fea3007c	29	20
La sua gatta è troppo grassa.	Your cat is too fat.	9e03f1a4-4848-520e-b7f0-25db468bdee6	29	20
La vostra gatta è troppo grassa.	Your cat is too fat.	c7af9093-e917-51d5-8da3-477ff760fcd2	32	20
Cookie è il gatto più divertente.	Cookie is the funniest cat.	a62af3d8-0e52-552e-8b9f-ec3b20c931fb	33	27
Biscotto è il gatto più divertente.	Cookie is the funniest cat.	987e17aa-aad3-5de0-9a31-8329862d44af	35	27
Il mio gatto mi ama?	Does my cat love me?	3f4f34cd-edb7-5971-9422-4958d447e8b0	20	20
La mia gatta mi ama?	Does my cat love me?	651b83c7-734e-5369-a812-bc3130229736	20	20
Il mio topo ha mangiato un gatto.	My mouse ate a cat.	7923f063-5594-53be-a06c-e34fa0eca493	33	19
Il mio topo mangiò un gatto.	My mouse ate a cat.	c55bdc1d-52b8-566d-8f35-b9d9fd216222	28	19
Il mio topo ha mangiato una gatta.	My mouse ate a cat.	be3ef9fc-7753-5ae9-9774-7170bd82fd80	34	19
Il mio topo mangiò una gatta.	My mouse ate a cat.	0505ef98-a758-5c1e-9ffd-563f73371c32	29	19
Il gatto di Tom è in salute.	Tom's cat is healthy.	cfed6c9d-e88f-56f0-9a1d-3984f81dfed8	28	21
La gatta di Tom è in salute.	Tom's cat is healthy.	e8610e5b-c91e-59d9-ab9a-07d94ceeb126	28	21
È un bel gatto.	That's a cute cat.	c7efd86d-bf49-5335-8c00-97238f7cfce0	15	18
Il gatto di Tom è vecchio.	Tom's cat is old.	c096656f-b2d3-5664-8638-58825adb5cf9	26	17
La gatta di Tom è vecchia.	Tom's cat is old.	8c13f878-33b4-5f61-9157-1b1b1842ab20	26	17
Ziri giocava con il suo gatto.	Ziri played with his cat.	ba7d9037-1e5f-57b0-8558-b6c57b019e19	30	25
Ziri suonava con il suo gatto.	Ziri played with his cat.	47e67e72-8d58-50e0-8047-5834ac69ea27	30	25
Ziri giocava con la sua gatta.	Ziri played with his cat.	384e433a-dc31-5c02-9b14-ea972a87fd7c	30	25
Ziri suonava con la sua gatta.	Ziri played with his cat.	5dbfc3a2-5da2-5953-8e54-469bb6b05cc3	30	25
Il gatto di Ziri lo ama.	Ziri's cat loves that.	38da8956-4169-58c5-99e8-8cc3c08099f8	24	22
La gatta di Ziri lo ama.	Ziri's cat loves that.	3d17ff65-14ff-5056-bdb9-09b039c18d68	24	22
Il gatto di Ziri ama l'attenzione.	Ziri's cat loves attention.	27387822-6034-5055-99b0-818c78895a91	34	27
La gatta di Ziri ama l'attenzione.	Ziri's cat loves attention.	134fce58-6e0d-5bd8-b0cc-f4a62e7bacd2	34	27
Il gatto di Ziri è aggressivo.	Ziri's cat is aggressive.	e1504f6e-7002-5f22-a866-eda6b708d287	30	25
La gatta di Ziri è aggressiva.	Ziri's cat is aggressive.	52aa0e40-9e36-5e19-aeb3-e32ad61eeceb	30	25
Il gatto di Ziri è bello.	Ziri's cat is beautiful.	c871cefa-cca9-55c7-b790-956b64a0ae7e	25	24
La gatta di Ziri è bella.	Ziri's cat is beautiful.	182b7fa7-3a60-5ce8-9217-a0b61ba498d1	25	24
Il gatto di Ziri è vecchio.	Ziri's cat is old.	d4e8c975-6ea5-559d-adff-319b032f3b6d	27	18
La gatta di Ziri è vecchia.	Ziri's cat is old.	15132d7c-4d27-538b-88f9-e635de8e64d4	27	18
Il gatto di Ziri era ferito.	Ziri's cat was wounded.	1095c7ab-0563-5085-9221-357340d12fa7	28	23
La gatta di Ziri era ferita.	Ziri's cat was wounded.	482af81b-b4d5-5527-abe0-88be00335a93	28	23
Il gatto di Tom è nero.	Tom's cat is black.	91f5656e-6af3-5774-80a8-08dfdd7992c0	23	19
La gatta di Tom è nera.	Tom's cat is black.	c2324c15-66ee-5658-8eef-c94049d96009	23	19
Felix non è un gatto.	Felix isn't a cat.	9ebb07a8-cffc-5aa8-90ce-92850b28626a	21	18
Il mio gatto ama leccare le persone.	My cat loves licking people.	1687b023-291c-58a0-9fe7-d025fcbb3ae3	36	28
La mia gatta ama leccare le persone.	My cat loves licking people.	99d976cf-2708-59e4-b312-9a790b77a29f	36	28
Il mio gatto ama leccare la gente.	My cat loves licking people.	b2d29b3e-ff7d-5318-af93-9f190d8e035c	34	28
La mia gatta ama leccare la gente.	My cat loves licking people.	4bc5fbbb-7591-5ac1-b282-59af2f5c9331	34	28
Tom non è un gatto.	Tom isn't a cat.	dade0186-9b20-5cfb-8772-d35c7870ad6e	19	16
Tom ha visto un gatto nero.	Tom saw a black cat.	7a38308c-7155-59e0-904c-760144c5bf32	27	20
Tom vide un gatto nero.	Tom saw a black cat.	fced9652-a409-5d6b-b9b3-6c77f519c051	23	20
Tom ha dato da mangiare al gatto di Mary.	Tom fed Mary's cat.	2cf6ce50-5471-5b67-a46a-ecd07028b18a	41	19
Tom diede da mangiare al gatto di Mary.	Tom fed Mary's cat.	6b044462-26d1-5709-84a8-ea091db261df	39	19
Tom ha dato da mangiare alla gatta di Mary.	Tom fed Mary's cat.	b8918bd0-37c1-5404-92b2-6d9338e55933	43	19
Tom diede da mangiare alla gatta di Mary.	Tom fed Mary's cat.	8ddf5e21-1269-540d-ae88-ed0f1f75e0d6	41	19
Dov'è il gatto nero?	Where's the black cat?	522cfc77-3d05-53c6-9719-35fee1ac9cc6	20	22
Dov'è la gatta nera?	Where's the black cat?	b7d20278-2579-5377-8ec7-516bdeb1d2ce	20	22
Il gatto guarda il pesce.	The cat watches the fish.	0f821d80-9daf-5399-aeea-506b933986e1	25	25
La gatta guarda il pesce.	The cat watches the fish.	f2b89a09-7720-58a4-94d6-05f1bb5c8fe8	25	25
Il gatto è molto dolce.	The cat is very sweet.	f30a32d1-cc57-5b7e-b0ad-b689f0e0fef7	23	22
La gatta è molto dolce.	The cat is very sweet.	08e70818-ce8a-53dc-8b2b-00b1b0399deb	23	22
Non è il mio gatto.	It's not my cat.	e7e32ff5-a228-581b-a5dd-a864c471764f	19	16
Non è la mia gatta.	It's not my cat.	4e4a0bf1-03cf-5e88-a400-7368de79bd55	19	16
Yanni parlava con il suo gatto.	Yanni talked to his cat.	0c2bb8a8-df23-5b52-8f80-8f57b9af547c	31	24
Yanni parlava con la sua gatta.	Yanni talked to his cat.	b820eaae-3405-52fb-a0bf-45029e0cab0f	31	24
Riesci a vedere il gatto?	Can you see the cat?	3325f3af-1cf2-59f4-a528-33e2540f2505	25	20
Riesci a vedere la gatta?	Can you see the cat?	d1191fea-a919-5f38-bf4c-c0475ec12929	25	20
Riesce a vedere il gatto?	Can you see the cat?	cb82304c-22be-54de-9082-7c55702469c1	25	20
Riesce a vedere la gatta?	Can you see the cat?	027a8843-c51e-540e-a1c4-26c88bbdd9ec	25	20
Riuscite a vedere il gatto?	Can you see the cat?	095c1a12-c11a-5e80-83c2-d4a2b6629960	27	20
Riuscite a vedere la gatta?	Can you see the cat?	99062152-6d24-5b82-94be-4ea20d29e951	27	20
Il gatto di Yanni è arrabbiato.	Yanni's cat is angry.	54402625-bcc1-5cd3-9972-8c21981b764a	31	21
La gatta di Yanni è arrabbiata.	Yanni's cat is angry.	026fa864-a0c1-564b-a003-76bf23e150ee	31	21
Il gatto di Tom è carino.	Tom's cat is cute.	7ced1834-212c-5bbf-8a91-a753ff58618d	25	18
La gatta di Tom è carina.	Tom's cat is cute.	e7f97efe-2ddd-52cc-99e5-4a7605f27d0f	25	18
Yanni odiava il gatto di Skura.	Yanni hated Skura's cat.	3303be30-d627-59eb-be93-ea15101e6f7a	31	24
Yanni odiava la gatta di Skura.	Yanni hated Skura's cat.	8903c8f8-ae50-5429-ae4b-33f67a51eeb2	31	24
Non svegliare il gatto.	Don't wake the cat.	0508baee-679e-5dc4-bd41-d9be87d7de7b	23	19
Non svegliate il gatto.	Don't wake the cat.	d59f6733-7b77-53b3-ad76-28a8c7859ee4	23	19
Non svegli il gatto.	Don't wake the cat.	0ba042fd-b96a-5fc0-9cfb-346d89189c79	20	19
Non svegliare la gatta.	Don't wake the cat.	2e30b4d8-e30e-536a-8ea4-16c6cc9d8fd0	23	19
Non svegliate la gatta.	Don't wake the cat.	e505a40d-c2c5-53ac-b182-48a9c0a1870a	23	19
Non svegli la gatta.	Don't wake the cat.	a9daa7b2-542a-5774-8150-4e4e57463b32	20	19
Esther è diventata una gatta.	Esther has become a cat.	4b307240-7392-5683-8424-ba0e7bac0fa6	29	24
Sì, il gatto è peloso.	Yes, the cat is furry.	7ae78594-52c2-58bc-948b-ffe5111d2c85	22	22
Sì, la gatta è pelosa.	Yes, the cat is furry.	febc1868-54b9-522a-85ff-b9396a52b02f	22	22
I musulmani non mangiano i gatti.	Muslims don't eat cat.	2de3bf8e-a597-5a42-89c6-b5497360d631	33	22
Sì, il gatto è grande.	Yes, the cat is big.	ac75be4d-01ea-585e-93a6-229086e20193	22	20
Il gatto di Mennad sta bene.	Mennad's cat is fine.	9a62c779-7297-52b9-8cae-6cef6b111135	28	21
La gatta di Mennad sta bene.	Mennad's cat is fine.	8324bb22-a20f-554a-a353-c05ff1145612	28	21
Il gatto di Tom è adorabile.	Tom's cat is adorable.	a9e9e8e6-5b5a-5095-890a-604a6ac2b814	28	22
La gatta di Tom è adorabile.	Tom's cat is adorable.	33b0a092-19bf-5bf1-8a96-2cc3b5021c10	28	22
Il gatto di Tom è malato.	Tom's cat is sick.	91258a0d-4502-5680-88da-b059ee68cc63	25	18
La gatta di Tom è malata.	Tom's cat is sick.	367c58cf-4358-52f3-9cd5-751e4676ad7d	25	18
Sami aveva un gatto nero.	Sami had a black cat.	2a6278e2-f036-5e8d-8aa5-a0a3249e69a6	25	21
Sami aveva una gatta nera.	Sami had a black cat.	ea318e25-275f-5173-a516-cafb713a6119	26	21
Tom non è il tuo gatto?	Isn't Tom your cat?	d8323e36-fab4-5f2f-b7d9-0455a7153571	23	19
Tom non è il suo gatto?	Isn't Tom your cat?	8df5919e-98fa-5979-90a6-e9d8d42ba52a	23	19
Tom non è il vostro gatto?	Isn't Tom your cat?	28283451-d955-55c7-b046-133ef967c834	26	19
Il gatto di Sami era nero.	Sami's cat was black.	c02618f8-e9a4-519b-86d0-2266170fc5cb	26	21
La gatta di Sami era nera.	Sami's cat was black.	1a145fec-6c7b-53a2-895f-cc384cd4e39c	26	21
Il mio gatto miagola molto.	My cat mews a lot.	90a64074-4432-57bb-90b6-dc8684953937	27	18
La mia gatta miagola molto.	My cat mews a lot.	435699ae-725a-5336-9eef-0f690c1aec36	27	18
Sami ha un gatto grigio.	Sami has a grey cat.	d4659018-dec8-516e-b5f9-3f039ffa386e	24	20
Sami ha una gatta grigia.	Sami has a grey cat.	84e555f3-2571-592f-922f-7e0f3d159bed	25	20
Sami stava chiamando il suo gatto.	Sami was calling his cat.	001b79ad-0d27-5a0d-8e7a-2e3d746e2a82	34	25
Sami stava chiamando la sua gatta.	Sami was calling his cat.	df8b1812-9f38-5cfd-9bf5-04ab2ec770cf	34	25
Mi piace il gatto di Tom.	I like Tom's cat.	f1ecfb17-5292-5c17-8954-2e1e11f0bb00	25	17
A me piace il gatto di Tom.	I like Tom's cat.	31f14442-2c8c-570c-8955-b213308fac0e	27	17
Mi piace la gatta di Tom.	I like Tom's cat.	bd5d1cd6-36de-5dfe-8ddf-a7c3cb71baf6	25	17
A me piace la gatta di Tom.	I like Tom's cat.	1a81fd86-37b7-57ca-84b8-2c7a3751cf36	27	17
Il gatto è in calore.	The cat's in heat.	4efb868b-885f-5f88-b16c-83f3c417141b	21	18
La gatta è in calore.	The cat's in heat.	6e04f3d4-3523-5759-ae11-09acb23c43e4	21	18
Ad un gatto piace dormire.	A cat likes to sleep.	5580d7e7-0ec8-53f5-9472-487365e1163f	26	21
Il mio gatto dorme tutto il giorno.	My cat sleeps all day.	103ff840-eee6-557b-9641-8feea3fdc7dc	35	22
La mia gatta dorme tutto il giorno.	My cat sleeps all day.	89643fe0-38cd-5593-8938-29b13c525aca	35	22
Qualcuno ha visto il nostro gatto?	Has anybody seen our cat?	b9c60ae9-2cc0-561c-a937-99af26b51fe9	34	25
Qualcuno ha visto la nostra gatta?	Has anybody seen our cat?	f986aa69-2b84-5b57-b7d1-f8bb979a0616	34	25
Vorresti un altro gatto?	Would you like another cat?	1589200d-f1b2-507d-92bd-4de3cac4435b	24	27
Vorreste un altro gatto?	Would you like another cat?	fa28b6a8-a45b-5081-95ed-a147d89be1b8	24	27
Vorrebbe un altro gatto?	Would you like another cat?	9149dfc3-3745-548a-81f9-3e0832ed3268	24	27
Vorresti un'altra gatta?	Would you like another cat?	ff00dea9-9279-5411-a5d0-d2728984bba5	24	27
Vorrebbe un'altra gatta?	Would you like another cat?	79a9a0d8-f916-5a12-8966-d69be12cce2b	24	27
Vorreste un'altra gatta?	Would you like another cat?	bfa3160d-915a-51a9-94fd-5f987edc8a82	24	27
Tom è un amante dei gatti.	Tom is a cat lover.	92936635-119e-57d7-b3ee-10e187394f11	26	19
Tom ha chiamato la sua gatta Mary.	Tom named his cat Mary.	cd93d7b3-f392-5ef3-bab7-76164a089593	34	23
Tom chiamò la sua gatta Mary.	Tom named his cat Mary.	bc7ccb7b-0244-5129-b11b-28bf42b804e1	29	23
Quel gatto è così carino!	That cat is so cute!	011eb2ea-5775-503a-bf1a-c0ca1419b5f5	25	20
Quella gatta è così carina!	That cat is so cute!	39b70af9-4ee5-551e-9313-ef728257f0e9	27	20
Il tuo gatto è così adorabile.	Your cat is so adorable.	c320f59c-13f9-5919-b2c1-7f50dcf5022e	30	24
Il suo gatto è così adorabile.	Your cat is so adorable.	fcdab316-19d6-5d66-abaf-47151ad1504a	30	24
Il vostro gatto è così adorabile.	Your cat is so adorable.	be8cfdd5-ffde-5995-8c1b-0a4aabba33f7	33	24
La tua gatta è così adorabile.	Your cat is so adorable.	075e2751-8065-5b19-a5bd-3e5c91db9385	30	24
La sua gatta è così adorabile.	Your cat is so adorable.	6ce76952-09de-5f55-bca1-a8044e4c9f03	30	24
La vostra gatta è così adorabile.	Your cat is so adorable.	ba3dceb9-866f-5f40-810b-9f8d3429e592	33	24
Il mio gatto è così adorabile.	My cat is so adorable.	b9473818-3543-509c-8cce-8adefd7fa480	30	22
La mia gatta è così adorabile.	My cat is so adorable.	49743f95-2609-5885-82e8-290d2981f71e	30	22
Mary mi ha chiesto perché non mi piaceva.	Mary asked me why I didn't like her.	a6041521-ad02-5e1d-a4a6-dbc82dce535d	41	36
Mary mi chiese perché non mi piaceva.	Mary asked me why I didn't like her.	3cfb8a7e-57b4-5653-ae15-e35081c42cb9	37	36
La Lituania è un buon paese.	Lithuania is a good country.	f6be6c40-2017-59e8-9c6c-dae7a901934a	28	28
Quella è perfezione!	That is perfection!	e9614906-2e6e-5ee9-bdf0-f204393a457a	20	19
È perfezione!	That is perfection!	0005d242-21c9-5a12-a610-47fb938c2b22	13	19
La ripetizione porta alla perfezione.	Repetition leads to perfection.	2851485e-e4d1-5350-83c3-5e86c2292590	37	31
È grigliato alla perfezione.	It's grilled to perfection.	4d02010f-20b0-5f92-b62d-da4575281c1b	28	27
È grigliata alla perfezione.	It's grilled to perfection.	b92c4fb1-bf99-5ba7-a8b9-06661ffea121	28	27
Gli uccelli sono la perfezione della natura.	Birds are nature's perfection.	eaa298fa-24f1-5ee3-8833-915512b8a721	44	30
Mary è ossessionata dalla perfezione.	Mary is obsessed with perfection.	7f765170-2088-5fc8-8fd7-95e41e105c21	37	33
L'uccello canta.	The bird sings.	64a9a85c-2d37-5539-8164-4ef2d7c11940	16	15
Questo uccello è ferito.	This bird is injured.	0894c782-7cc2-55e4-81c3-95d3cbe5fd4c	24	21
Questo uccello può volare?	Can this bird fly?	ac5a49c5-1bd0-56d4-b9e8-8c13bf339356	26	18
Questo uccello riesce a volare?	Can this bird fly?	80aebb17-623c-51d4-8864-f25bd6e7dccf	31	18
L'uccello è ferito.	The bird is injured.	24a9c3f7-478f-5635-b415-2322b6b42966	19	20
L'uccello è assetato.	The bird is thirsty.	a798cdb5-dc10-5a67-ace0-80079765466e	21	20
Sono un uccello.	I'm a bird.	ad2140c7-d65a-5cd7-8489-6235847ace77	16	11
Ziri ha catturato un uccello.	Ziri captured a bird.	007e957b-a844-5738-aa07-9cfba693cf1a	29	21
Ziri catturò un uccello.	Ziri captured a bird.	cef1d913-bd70-57bf-a383-000a5b35e129	24	21
L'uccello è bello.	The bird is beautiful.	798a83f9-ea47-5323-b544-698bbc9a4dbf	18	22
Tom ha ferito l'uccello.	Tom hurt the bird.	8a1f9ee8-3319-52c3-be55-a31e2382e5ca	24	18
Tom ferì l'uccello.	Tom hurt the bird.	5382fb19-9441-5945-924a-f5d753fc8347	19	18
Ziri ha ferito l'uccello.	Ziri hurt the bird.	0527b59d-6cc4-54aa-ac0f-751e7e862158	25	19
Ziri ferì l'uccello.	Ziri hurt the bird.	958a389a-4dd7-5dfe-b606-ffcb088d0598	20	19
Il bell'uccello canta.	The beautiful bird sings.	194c0abc-dde7-5b87-8352-18c2e93592cf	22	25
Boris ha visto l'uccello.	Boris saw the bird.	47923ffd-d22c-5a59-b77b-79140a0fb7ca	25	19
Boris vide l'uccello.	Boris saw the bird.	b9b6e348-5fcd-5728-962a-7fdc2cbc000b	21	19
Ho chiesto a Mary cosa stava mangiando.	I asked Mary what she was eating.	4ff29b3c-33ad-52cb-888f-dc60d9757f42	39	33
Chiesi a Mary cosa stava mangiando.	I asked Mary what she was eating.	984a9e0f-6585-52f3-abcb-671ef22ab697	35	33
In quale dizionario hai guardato?	Which dictionary did you look in?	c42de816-9b3e-5a3d-a806-29a2bf6599e6	33	33
In quale dizionario ha guardato?	Which dictionary did you look in?	c067bffa-83c9-56eb-8e18-cec609162bea	32	33
In quale dizionario avete guardato?	Which dictionary did you look in?	52766516-3621-5249-9be8-d9d8065a22bc	35	33
Yanni ha buttato via il libro.	Yanni threw the book away.	d47bc373-f4c1-5180-a658-f541f0509f3a	30	26
Yanni buttò via il libro.	Yanni threw the book away.	6568a613-caa1-5981-a9ec-eba5d43a3dc8	25	26
Quel libro è laggiù.	That book's over there.	e342e7a3-a36e-5e8b-a392-f851a2841e8b	20	23
Il libro di Tom è stato pubblicato.	Tom's book got published.	a14a1dbe-30b2-5108-916a-0bff8d412c65	35	25
Il libro di Tom fu pubblicato.	Tom's book got published.	b66dd708-2c0c-5ce4-8a91-1e1dba702c13	30	25
Il libro costa quattro monete.	The book costs four coins.	58540b81-ecb8-56ba-93c3-9af2bc1cb1ff	30	26
Tom ha buttato via il libro.	Tom threw the book away.	110bc0c2-0996-5699-8b31-4de413629db8	28	24
Tom buttò via il libro.	Tom threw the book away.	daca3215-bec8-5fb8-a525-395fe1a12f49	23	24
Il libro può essere perso.	The book may be lost.	df7212d2-f470-5424-a8a6-9ad50ce6dd7a	26	21
Tom ha raccolto il libro.	Tom picked up the book.	967c5baa-bd7f-505d-a679-688a1f1a64a9	25	23
Tom raccolse il libro.	Tom picked up the book.	541dcb27-ca25-512c-8580-108328ac7565	22	23
Hai visto il mio libro?	Have you seen my book?	04a0fe0c-774d-5641-bb0d-255ae241d176	23	22
Ha visto il mio libro?	Have you seen my book?	059fb370-d045-5a08-822f-9a73b803c983	22	22
Avete visto il mio libro?	Have you seen my book?	ef2c4380-d346-52f5-a4d9-53cda3f884be	25	22
Sami ha ancora quel libro.	Sami still has that book.	257a4563-e883-5d09-947e-c3d49ba771b4	26	25
Apparecchia la tavola.	Lay the table.	9c210523-16f4-59f3-b890-f9381db85c9d	22	14
Apparecchi la tavola.	Lay the table.	d518d73c-1e62-5135-a639-cd8525bdafc9	21	14
Apparecchiate la tavola.	Lay the table.	dfcc44ea-a5fa-5f93-9918-f6bea30c6525	24	14
Sparecchia la tavola.	Clear the table.	c502bf7e-7586-50fd-94b7-5417e1f6a9c5	21	16
Sparecchi la tavola.	Clear the table.	958dc558-0d06-582f-b040-c3ecd35c4e3c	20	16
Sparecchiate la tavola.	Clear the table.	f287e215-9cc7-5722-8a67-333477b9010f	23	16
Ecco un tavolo.	Here is a table.	dbbfa083-fb3b-5d86-9ea1-2637014c8519	15	16
Il tavolo è pieno.	The table is full.	7a5970af-e8c2-5334-a2f5-31bae1d33db7	18	18
Il tavolo è rotto.	The table is broken.	b714adc6-bf7c-5590-893e-76da0b1f6745	18	20
Il tavolo era rotondo.	The table was round.	5bfa2a2d-aeec-5b28-9c17-cdff1e7c9141	22	20
Abbiamo usato quel tavolo.	We used that table.	23587a93-5204-53c3-b9ba-b048ee9684ef	26	19
Abbiamo utilizzato quel tavolo.	We used that table.	d9786f3a-6584-5329-b6ab-8e73c32e0b56	31	19
Usammo quel tavolo.	We used that table.	c1d1202b-7bd6-5900-aea8-0d5023acbc4a	19	19
Utilizzammo quel tavolo.	We used that table.	c3d62aa8-d1a8-51b3-b23c-4506b8f72722	24	19
Il tavolo è grande.	The table is large.	18364557-a17e-5641-9227-7bbeb0468281	19	19
Il tavolo è largo.	The table is wide.	8fefa1f3-e7a9-51a1-941f-8d0be2857ebf	18	18
Questo è il tuo tavolo.	This is your table.	7b3b40e5-7995-5488-88c3-4f2c47b52309	23	19
Questo è il suo tavolo.	This is your table.	a9921628-dc6a-50a2-bd34-7badf7f9640d	23	19
Questo è il vostro tavolo.	This is your table.	78f91c63-76a2-54aa-ae15-c1aec85d98f9	26	19
Questo tavolo è rotondo.	This table is round.	054a430b-32c2-5f9e-b327-96e55d097911	24	20
Tom ha bisogno di un tavolo.	Tom needs a table.	6462c1da-7c47-5ea4-acde-042e7cfdd3ad	28	18
A Tom serve un tavolo.	Tom needs a table.	2bdd917c-1338-5c3e-8187-66cde0422814	22	18
Dov'è il tavolo?	Where is the table?	73a7763f-a04f-5a4a-ae4f-fb8741509d98	16	19
Questo tavolo è rettangolare.	This table is rectangular.	5ac19c7e-99b0-5cc4-bade-381e35ba736b	29	26
Il tavolo è pulito.	The table is clean.	61761384-94e0-5b63-90ab-42abf95a1513	19	19
Il tavolo è sporco.	The table is dirty.	8d9fde96-f5fb-544e-81ac-b72f4f6df6a2	19	19
Ho bisogno di un tavolo.	I need a table.	db94bbb1-5dad-5094-8415-833d861a9f09	24	15
Mi serve un tavolo.	I need a table.	ee1bd342-6bee-521b-8e42-0686252b1d9c	19	15
Tienimi la borsa.	Hold my bag.	65f828a2-cc43-5199-8a8c-f6775ef69fa6	17	12
Mi tenga la borsa.	Hold my bag.	ae9a8cae-5aec-5b01-9286-4492e01f8356	18	12
Tenetemi la borsa.	Hold my bag.	b426597f-ce54-5614-8b8d-05c9de9be2fb	18	12
Tom ha aperto una borsa.	Tom opened a bag.	65716682-0bc6-5ab7-ba2f-137b0f0a9694	24	17
Tom aprì una borsa.	Tom opened a bag.	ed0372de-3c33-5631-859b-2989216ec3b5	19	17
Questa borsa è vuota.	This bag is empty.	b0c117f5-331b-5a80-b273-0c0434507be9	21	18
Questa borsa è costata 6 sterline.	This bag cost £6.	d7d0b7cd-d40b-59a2-b902-4bb9ad27a30d	34	17
Questa borsa costò 6 sterline.	This bag cost £6.	82e96ed7-ea94-595d-800a-d62e0b46ccb3	30	17
Questa borsa è costata 6£.	This bag cost £6.	2c13d783-7a5f-5b8a-949e-29f66e0b9c5a	26	17
Questa borsa costò 6£.	This bag cost £6.	ec88e517-d0d6-5861-8fcc-3ea9e06e24a2	22	17
Questa borsa è più leggera.	This bag is lighter.	6f5b509d-ad1a-5ece-b015-a5f5fe74015b	27	20
Chi ha preso la mia borsa?	Who took my bag?	583a1361-8473-5372-b221-ec269dcb3c81	26	16
Questa borsa è tua?	Is this bag yours?	c29f1d00-55ad-5145-ad11-c1b53102f094	19	18
Questa borsa è sua?	Is this bag yours?	48b9689b-cebf-5953-9c74-a1fc304bd2ac	19	18
Questa borsa è vostra?	Is this bag yours?	0c153da8-e8d8-5be3-9d94-180e79cee560	22	18
Hanno aperto la borsa.	They opened the bag.	b5db163f-319e-5fe0-bf2a-acaf8a7d9645	22	20
Aprirono la borsa.	They opened the bag.	b63121fa-0229-5e3b-a1c2-05e657d49208	18	20
Skura ha aperto la borsa.	Skura opened the bag.	04de57e2-3597-5849-bfc8-a7bf43219e5e	25	21
Skura aprì la borsa.	Skura opened the bag.	2453de96-6f6a-576e-8d0b-36694e356fbd	20	21
Ha aperto la borsa.	She opened the bag.	ac988393-3419-5201-99d1-d782659ad0b7	19	19
Aprì la borsa.	She opened the bag.	31045e9c-cc4b-5e1b-b92f-a355bdb3702a	14	19
Ha la sua borsa.	He has her bag.	29aadf52-24da-5bb9-82e1-2c4b73012a8b	16	15
Voglio la mia borsa.	I want my bag.	293e89c9-905e-565b-bde1-27c9e44ac8e9	20	14
Hai nascosto la mia borsa.	You hid my bag.	c245ade8-e59e-502c-b887-6e9b1cc84912	26	15
Ha nascosto la mia borsa.	You hid my bag.	9cf30260-d48f-52fc-88fe-e841bcf58e8b	25	15
Avete nascosto la mia borsa.	You hid my bag.	bb46b020-87c6-5323-a661-39bf66cb5dd9	28	15
La borsa ha un odore orribile.	The bag smells horrible.	9b16d325-6dfc-5598-8a92-4d63474fd135	30	24
Tom ha controllato la sua borsa.	Tom checked his bag.	4a4e9a1f-b439-52af-9a74-24d744b62e7a	32	20
Tom controllò la sua borsa.	Tom checked his bag.	d8fb5993-ca4a-53fe-9bf9-0ec1dea6794a	27	20
Hanno rubato la mia borsa.	They stole my bag.	67e7ec9c-6410-58e5-a1da-4d981db0476d	26	18
Rubarono la mia borsa.	They stole my bag.	56959818-9282-5f4d-aabe-982887528710	22	18
Sami ha controllato la sua borsa.	Sami checked his bag.	ec48009e-bb15-543c-b8de-1a9f6db3807d	33	21
Sami controllò la sua borsa.	Sami checked his bag.	0893d3d1-0d38-5350-94ce-b20f423cf0e7	28	21
Questa borsa è pesante.	This bag's heavy.	f9e07a5c-0432-5ceb-8622-ed2d292ddbff	23	17
Questa è la tua borsa?	Is this your bag?	f6f0da5e-e44b-5d33-8db2-2bf5ad972170	22	17
Questa è la sua borsa?	Is this your bag?	cf8dc3a3-9eec-5d48-898e-4b5c0b1d86d8	22	17
Questa è la vostra borsa?	Is this your bag?	d565b6b9-ffb2-58ea-a905-d4e64a4d3a24	25	17
Hai dimenticato la tua borsa.	You forgot your bag.	9313954d-22a3-5bab-a4ea-11acaa9d74d4	29	20
Hai scordato la tua borsa.	You forgot your bag.	d287f815-80c7-56e9-b842-5430128babde	26	20
Ha dimenticato la sua borsa.	You forgot your bag.	f9427355-273f-5f76-84b7-c7e82be94cdf	28	20
Ha scordato la sua borsa.	You forgot your bag.	4fef6aec-6e4c-5a43-9a34-4d4be810275d	25	20
Avete scordato la vostra borsa.	You forgot your bag.	1ef2c606-cf74-524e-bf8c-bc559427dfc8	31	20
Avete dimenticato la vostra borsa.	You forgot your bag.	5ea2e36f-4283-5bf5-b147-c0939b07fc6d	34	20
Ho aperto la borsa.	I opened the bag.	6f4858a5-b45e-5f9b-b905-d6a68895bb55	19	17
Aprii la borsa.	I opened the bag.	3568c7f2-919b-53e9-8ec6-89b93e1c7a69	15	17
Chi ha trovato la mia borsa?	Who found my bag?	90511177-2d26-5abc-96c6-77d7d4a6be82	28	17
C'è la sua borsa.	There's his bag.	eafbdf69-3135-5757-9e7d-72af2a5fb190	17	16
Metti giù quella borsa.	Put that bag down.	e63d24e5-11b8-5a5b-8a32-4192480e99b6	23	18
Metta giù quella borsa.	Put that bag down.	2f3debd0-6666-55ee-ad7d-30ab301da237	23	18
Mettete giù quella borsa.	Put that bag down.	488a0cf4-9f15-5efa-bb45-decc3002644a	25	18
La borsa è vuota.	The bag is empty.	7869f27f-e642-5a0c-8cc6-33ac47df0c85	17	17
Questa è una borsa.	This is a bag.	53463fc6-768f-5276-b5ce-6ea2eb66e315	19	14
Questa è la nostra borsa.	This is our bag.	87d1863f-bec9-5057-9dc1-f28e3fa04209	25	16
Dov'è la tua borsa?	Where's your bag?	83af8a3b-5eee-5cbc-aa0f-a737883b983f	19	17
Dov'è la sua borsa?	Where's your bag?	e419e43a-0f28-5715-a9eb-5f2ead8746ab	19	17
Dov'è la vostra borsa?	Where's your bag?	70de190c-dbe8-5405-b954-ce0a94811dd7	22	17
Ho acquistato una borsa.	I purchased one bag.	67f071f5-cf6c-5bc2-b0e3-1408fd2087f9	24	20
Acquistai una borsa.	I purchased one bag.	e5f1ec67-2226-5c07-9c03-10509b607113	20	20
La tua borsa sembra pesante.	Your bag looks heavy.	c5292b2f-0a65-5121-8aac-41710d6b5cfe	28	21
La sua borsa sembra pesante.	Your bag looks heavy.	f9451869-8599-50ea-9669-ebc0da7813a3	28	21
La vostra borsa sembra pesante.	Your bag looks heavy.	ce0eae0f-fd72-567e-94d2-078dbb5b5a7d	31	21
Mostrami un'altra borsa.	Show me another bag.	886d08c5-0a61-5cd5-a605-a5bebc4fc515	24	20
Mostratemi un'altra borsa.	Show me another bag.	cea49f88-9762-528c-aa1f-6ec4a317c141	26	20
Mi mostri un'altra borsa.	Show me another bag.	9a4e8ab6-0d2f-5b5b-b386-1e456f4bc016	25	20
C'è la tua borsa.	There is your bag.	fb8f7158-afd4-59ae-baba-a81d5ffd1e85	17	18
C'è la vostra borsa.	There is your bag.	669e97d9-e7f8-5255-9284-0cd5f80929c3	20	18
La borsa di Mary è piena.	Mary's bag is full.	906f33fd-92e2-57ee-bfff-f07c41b6228f	25	19
Hanno preso la borsa sbagliata.	They took the wrong bag.	aa82686a-7843-5ef6-8094-c457305aa9c0	31	24
Presero la borsa sbagliata.	They took the wrong bag.	e7edc104-fef3-53c5-9f16-ea6470a16e10	27	24
Questa borsa grande è pesante.	This big bag is heavy.	5c399b23-4b25-5de2-afa8-9856c4d091ae	30	22
Ha guardato dentro la borsa.	He looked inside the bag.	c9eba6eb-8a7c-5e2e-b4dd-ff7683dd2678	28	25
Guardò dentro la borsa.	He looked inside the bag.	a9e1ecf6-8cac-53fd-b3ff-12ef34ac6509	23	25
Stava prendendo a pugni la borsa.	She was punching the bag.	3c369074-8515-5b31-8830-425e047908d9	33	25
Hai svuotato la tua borsa?	Have you emptied your bag?	41efade0-88d3-5e73-8e5f-a407796df557	26	26
Ha svuotato la sua borsa?	Have you emptied your bag?	869c1e72-933f-5463-9927-7118b4d76e52	25	26
Avete svuotato la vostra borsa?	Have you emptied your bag?	bec4f111-b25f-58b9-9d5d-6fff43fc54f0	31	26
Dov'è il mio sacco a pelo?	Where is my sleeping bag?	6912afe4-09f4-59b8-bd65-985f9f338452	26	25
Ho una borsa di carta.	I have a paper bag.	c96dbf78-9b8f-59f7-a204-a8dbc8b30fa6	22	19
Questo è il mio sacco a pelo.	This is my sleeping bag.	4cc5a22b-559f-5a51-88a2-d6a323700bf1	29	24
Mi serve una borsa di plastica.	I need a plastic bag.	450d1000-3c3b-5b0c-8a52-4f0385dcb5fc	31	21
Ho bisogno di una borsa di plastica.	I need a plastic bag.	7582121e-c290-5084-a532-0509bc228751	36	21
Leonid ha preso la borsa di Rima.	Leonid took Rima's bag.	241b8edd-379a-5a24-9313-acfd41570892	33	23
Leonid prese la borsa di Rima.	Leonid took Rima's bag.	950d5a45-a89a-50c9-be9c-df1f93d1d0bf	30	23
Fyodor ha controllato la borsa di Anna.	Fyodor checked Anna's bag.	0d7c6984-2c4b-53e0-a4da-8e55828e1fdd	39	26
Fyodor controllò la borsa di Anna.	Fyodor checked Anna's bag.	ab9675b4-d74c-5b11-abce-4847332771cf	34	26
Fyodor ha aperto il suo sacco a pelo.	Fyodor opened his sleeping bag.	1a63e607-b697-5cbd-844f-c7839f192d20	37	31
Fyodor aprì il suo sacco a pelo.	Fyodor opened his sleeping bag.	650543cd-b15f-5077-b008-824f4836e390	32	31
Ha detto a tutti che era nervoso.	He told everybody he was nervous.	30b8969e-d85a-5756-87b4-958c2a1eece0	33	33
Disse a tutti che era nervoso.	He told everybody he was nervous.	f6085e86-4154-5686-892f-fa0e8b3ac4ff	30	33
Ziri ha dato la borsa a Rima.	Ziri gave Rima the bag.	c97da9a8-852f-58fb-8149-cf5fe1f38b72	29	23
Ziri diede la borsa a Rima.	Ziri gave Rima the bag.	791bbb2e-887c-55f1-bbe6-f92d4ba08ced	27	23
Il tavolo è lungo.	The table is long.	74d95a38-984d-5e00-b1ab-b10902dbd127	18	18
Ha usato questo tavolo.	He used this table.	e7521eec-c345-566b-b70d-3d18edc24ce2	23	19
Ha utilizzato questo tavolo.	He used this table.	e947fdde-0516-522a-8316-1c3590a57273	28	19
Usò questo tavolo.	He used this table.	56ea24d6-0660-56d5-83b6-f3f38c6af509	18	19
Utilizzò questo tavolo.	He used this table.	46315ba5-91f1-5599-9dcb-2827bf1c8a42	23	19
Mennad ha sollevato il tavolo.	Mennad lifted the table.	9d772fd6-0b05-5d89-8e4d-753ab7968f94	30	24
Mennad sollevò il tavolo.	Mennad lifted the table.	4ae85910-7b5b-53c1-972f-32e6389481cd	25	24
Tom ha comprato un tavolo.	Tom bought a table.	775e5918-f785-5da2-ba9d-8017965367b8	26	19
Tom comprò un tavolo.	Tom bought a table.	6191d9db-5df9-5884-9310-a3376d7db354	21	19
Maria ha usato questo tavolo.	Maria used this table.	84d5d068-885e-5fad-aaa4-c4ab5547805b	29	22
Maria ha utilizzato questo tavolo.	Maria used this table.	33541fa2-9a00-5b1f-9f90-dcc8b4e25913	34	22
Maria usò questo tavolo.	Maria used this table.	cc034c55-c7e3-5ad2-a9ae-ef10f62f8ed3	24	22
Maria utilizzò questo tavolo.	Maria used this table.	b22bc1c1-a83e-57b3-8800-f4f2512b554c	29	22
È il mio tavolo.	It is my table.	3008fe6a-ee7d-5ed3-810d-d37355501497	16	15
Questo è il mio tavolo.	This is my table.	c52cc295-c28a-5450-b336-79250c853771	23	17
Vedo il mio tavolo.	I see my table.	aa841619-aafb-5167-856a-3da8bf8026e0	19	15
Questo tavolo è molto pesante.	This table is very heavy.	a5b9825d-6167-594d-a664-bf1a2f488956	30	25
Stava leccando il tavolo.	She was licking the table.	8f303930-5000-544c-8b6e-c13d35bee345	25	26
Mary si è nascosta sotto al tavolo.	Mary hid under the table.	76bb6a92-9362-573e-a99a-8ef0b2f0a85b	35	25
Mary si nascose sotto al tavolo.	Mary hid under the table.	597e65f8-cafd-58e0-b264-e3ae3642d63b	32	25
Chi è sotto al tavolo?	Who is under the table?	7b60669e-bd63-5e9d-9b50-aedc92762644	22	23
Chiama tutti al tavolo.	Call everyone to the table.	f988dfdb-d3c5-5ab7-8b4f-be3a7e44f86d	23	27
Chiamate tutti al tavolo.	Call everyone to the table.	02f9a26e-0fac-5e8b-8e6a-adace3cf6412	25	27
Chiami tutti al tavolo.	Call everyone to the table.	a99b03a3-fefe-5fd6-82cf-932066bf227e	23	27
La cena è sul tavolo.	Dinner's on the table.	0b67b355-1cde-5fe5-9d5a-4b0c2e0b7963	21	22
Troviamo un tavolo.	Let's find a table.	44005dd6-d50c-5160-9bac-4718ea9d90d4	19	19
Antonio è andato al tavolo.	Antonio went to the table.	71d2eced-c464-57b2-a4ed-d7beff963df1	27	26
Antonio andò al tavolo.	Antonio went to the table.	81550de6-9c01-50f1-a705-ab22063edf4a	23	26
Sto pulendo il tavolo.	I'm cleaning the table.	95d7b35b-8ed1-52de-880a-38d204d48fc9	22	23
John ha sollevato il tavolo pesante.	John lifted the heavy table.	aa9fee19-a0f6-53ff-a0b0-e82f415d0ff8	36	28
John sollevò il tavolo pesante.	John lifted the heavy table.	bde63133-fab9-52c4-a053-f3eda02be118	31	28
Il tavolo di Yanni è pulito.	Yanni's table is clean.	1005b41b-5bcb-5db8-afd1-f8646daeac8d	28	23
Il tavolo non è pulito.	The table isn't clean.	aaddf94e-9eec-5a2e-a4df-e8d955fd0854	23	22
Tom è ritornato al tavolo.	Tom returned to the table.	9b06fefa-88e8-5379-a401-f283b3a0cea8	26	26
Tom ritornò al tavolo.	Tom returned to the table.	4d28606b-fb09-5996-ab23-af669c5fa94f	22	26
Mi sono dimenticato di accendere la lavatrice.	I forgot to turn on the washing machine.	51b03b81-1802-5d30-b07f-d8c9df007a7f	46	40
Mi sono dimenticata di accendere la lavatrice	I forgot to turn on the washing machine.	03c0f93a-06bb-5e24-913e-dc1f8c1bccdd	45	40
So che Tom ha una ragazza.	I know that Tom has a girlfriend.	1ab85599-b559-51c9-a710-1a2ec49bd4af	26	33
Devi allacciare le cinture durante il decollo.	You must fasten your seat belts during take-off.	887c60d3-e9d8-5b63-b5d7-ea6277d65fb7	46	48
Dovete allacciare le cinture durante il decollo.	You must fasten your seat belts during take-off.	aabb9ec3-1fec-5325-ad73-87acb268195a	48	48
C'è ancora la neve per terra.	There's still snow on the ground.	ac169bb0-1d65-5ff6-9918-84e9079fff9a	29	33
Ha preso il tavolo di Skura.	He took Skura's table.	1fed72d5-766e-5da4-a5b4-cff4feadee9e	28	22
Prese il tavolo di Skura.	He took Skura's table.	6df09a64-2d25-5025-aa12-76d369082dc4	25	22
Il tavolo di Mennad era pesante.	Mennad's table was heavy.	8d9842f3-7f19-5c9d-884c-2fee0403edb0	32	25
Mennad ha riparato il tavolo rotto.	Mennad fixed the broken table.	2b54d858-a50c-5ba5-9eef-64868304aff8	35	30
Mennad riparò il tavolo rotto.	Mennad fixed the broken table.	eef89655-6baf-5df6-8dd3-ec0ca195ff50	30	30
Sami era su quel tavolo.	Sami was on that table.	7b5edb82-d9ee-51ae-9563-590ae01545cf	24	23
Ecco un tavolo vuoto.	Here's an empty table.	b02d2a0b-cdec-508e-80c2-eff1015f40c7	21	22
Il tavolo di Mennad è immacolato.	Mennad's table is immaculate.	1aab3f3d-c27e-50f3-8137-bbdce683baf9	33	29
Tutto è sotto al tavolo.	Everything is under the table.	188a93fe-b4da-5397-96ea-6f597409f544	24	30
È tutto sotto al tavolo.	Everything is under the table.	e44b8add-d541-5842-b015-ac47f6ff1041	24	30
Il tavolo piccolo è grigio.	The small table is gray.	5e2663f2-1031-5e32-9414-60d15369414f	27	24
Mary ha detto che non era molto impressionata.	Mary said that she wasn't very impressed.	bdcee08d-d4ab-5ff8-b128-7b305bc8a733	46	41
Mary disse che non era molto impressionata.	Mary said that she wasn't very impressed.	9df1ce60-346f-5b68-bb62-156f8b6e4ddc	43	41
L'albero è vecchio.	The tree is old.	02eefb55-f70d-5b25-8b63-1910e88f0dc4	19	16
Quest'albero è imponente.	This tree is imposing.	d9b2f4c4-fb66-5a22-8014-02139411508f	25	22
Questo albero è imponente.	This tree is imposing.	dbf6db5e-df51-585a-baee-365a9a352f64	26	22
Vedi l'albero.	You see the tree.	4aad32b5-b5c2-5402-9867-54144559ff2b	14	17
Tu vedi l'albero.	You see the tree.	3cc19b39-73ea-5353-a2a7-c4d397634c27	17	17
Vede l'albero.	You see the tree.	1ecff298-f811-5804-ad95-83c7bc981439	14	17
Lei vede l'albero.	You see the tree.	56418b30-9085-5041-ae7e-1b661c7f2d30	18	17
Vedete l'albero.	You see the tree.	7683cc4d-b712-5079-912e-7877008be37e	16	17
Voi vedete l'albero.	You see the tree.	57d9d83c-24e9-5551-b849-aa6616c78fb5	20	17
L'albero è piccolo.	The tree is small.	382c2c18-0ed9-517a-8e77-188e9819bf6f	19	18
Tom ha piantato quell'albero.	Tom planted that tree.	9994dcf1-62df-51b4-903f-e958b142ae16	29	22
Tom piantò quell'albero.	Tom planted that tree.	3283eb8e-dda6-518d-9d28-f4d4071cfd91	24	22
L'uomo ha piantato un albero.	The man planted a tree	4073ccba-3e02-5171-b10c-b386630fc3af	29	22
L'uomo piantò un albero.	The man planted a tree	7151cc9a-1c33-5629-892f-06e7d6267f1a	24	22
Le donne sono pazze.	Women are crazy.	2ce5d27b-23bc-50e1-bec1-7ef83e6d0018	20	16
È un albero.	It's a tree.	34705b28-c1a8-55c2-864d-1bb10b99259b	12	12
Tutto dovrebbero piantare un albero.	Everyone should plant a tree.	4015e081-6ee3-54d5-8312-769aee605052	36	29
Hai piantato quell'albero?	Did you plant that tree?	bf7d74cc-f2ca-5fc1-aee7-35415bcf0313	26	24
Ha piantato quell'albero?	Did you plant that tree?	0be86d4c-87de-58b4-b720-e16d72cf081f	25	24
Avete piantato quell'albero?	Did you plant that tree?	d1e856ce-a361-5bcf-8ff6-2c9dd1da7783	28	24
È dietro l'albero.	It's behind the tree.	35d06433-6332-50ab-85e7-a76628bc98a7	18	21
Hai piantato quest'albero?	Did you plant this tree?	23226b50-614f-5783-bca1-214b97d36772	26	24
Ha piantato quest'albero?	Did you plant this tree?	a02ce8e3-aa5f-5b91-b18e-decd4049b4e9	25	24
Avete piantato quest'albero?	Did you plant this tree?	ebb2e644-abe6-5b23-b716-86d4da142077	28	24
Cos'è successo a quell'albero?	What happened to that tree?	8837407f-c98d-5f26-8275-6f416873d12c	30	27
È un albero vero?	Is that a real tree?	6d89b2a0-7551-5275-af03-cfc0a0252776	17	20
È un albero piccolo.	That's a small tree.	00c2ee96-53be-54d1-9ca7-d04ad01cd21c	20	20
Hanno delle pecore.	They have sheep.	04d35ff9-083e-5af4-81c3-e475f5aa1a52	19	16
Abbiamo delle pecore.	We have sheep.	84dbfffd-8f94-50d2-8e7d-f219d23dfcfd	21	14
Ziri ha delle pecore.	Ziri has sheep.	5f3e6330-6526-569d-96e0-9a69f30e173a	21	15
Tom è una pecora.	Tom is a sheep.	951a553b-5906-5ad7-852e-12de80696944	17	15
Ho visto delle pecore.	I saw some sheep.	ab79f435-317d-5e18-b708-191b586050e5	22	17
Vidi delle pecore.	I saw some sheep.	178a5dca-0170-5159-9fb9-ac327fb5c670	18	17
Quella pecora è sua.	That sheep is hers.	4a6f7b18-c6eb-55cf-b5e6-233733bb0622	20	19
Ziri ha comprato una pecora.	Ziri bought a sheep.	3af140f5-7dd5-5c8c-a418-c91edc10df2e	28	20
Ziri comprò una pecora.	Ziri bought a sheep.	fee0db95-6d33-52fe-9702-311eccffb49c	23	20
Le pecore sono animali sociali.	Sheep are social animals.	302d70b1-7150-5150-b7e9-7a004b6d92c1	31	25
Cosa mangiano le pecore?	What do sheep eat?	95fc782b-addb-5812-9dda-e34be0eeb81c	24	18
Che cosa mangiano le pecore?	What do sheep eat?	93cc8679-971d-5c4f-b009-949adbbca6ee	28	18
Ziri ha una pecora.	Ziri has a sheep.	c86a13eb-c9b8-5f55-beb8-a305b7b00f20	19	17
Tom ha comprato delle pecore.	Tom bought some sheep.	ad0c131d-0612-5fda-b90a-a93d4078b8fd	29	22
Tom comprò delle pecore.	Tom bought some sheep.	135d1204-3142-5260-bb63-87777f64b7d5	24	22
Ha comprato una pecora.	He bought a sheep.	68a173d8-541b-55fb-9834-babc59314c38	23	18
Comprò una pecora.	He bought a sheep.	b39e77d6-2483-5016-ab23-3aba5bb512cb	18	18
Tom ha comprato tre pecore.	Tom bought three sheep.	2dfa8887-ea53-56cb-b791-90433c41e893	27	23
Tom comprò tre pecore.	Tom bought three sheep.	e9bac03c-75ad-5e85-a465-43f6f4fd42dc	22	23
Hanno sacrificato una pecora.	They sacrificed a sheep.	7686de74-db4b-5a58-9370-969f08668bd0	29	24
Sacrificarono una pecora.	They sacrificed a sheep.	75e2f06c-283f-5c97-bc87-edecacc0c75c	25	24
Qui non ci sono pecore.	Here, there are no sheep.	591c32b7-5db4-5009-8848-fc1037bb0521	23	25
Qua non ci sono pecore.	Here, there are no sheep.	75ab08a5-f4e9-5267-b844-4cba3b0f8de3	23	25
Quella pecora non ha la coda.	That sheep has no tail.	0402f599-168b-5eb5-b202-37610f9a8caf	29	23
Tom era qua?	Was Tom here?	538a4225-3c40-51a1-b422-9d573a15ad7f	12	13
Mary ha ammesso che era stata disonesta.	Mary admitted that she'd been dishonest.	b030b1f7-bfa8-5452-828f-ae152988f9c1	40	40
Mary ammise che era stata disonesta.	Mary admitted that she'd been dishonest.	60a28fb8-8699-532d-a904-5c8a7eedd165	36	40
Skura e Nuja hanno mangiato bene.	Skura and Nuja ate well.	7ce5df84-da31-597e-befd-3c3b20921749	33	24
Skura e Nuja mangiarono bene.	Skura and Nuja ate well.	0c39f7e0-1976-5f98-8528-f5aee8fe00c0	29	24
Mi passa spesso per la mente.	She crosses my mind often.	604a5dfb-2fd6-5549-bc68-3f02a335f79f	29	26
Mary ha deciso che non sarebbe andata con Tom.	Mary decided she wouldn't go with Tom.	a121b3de-5c73-538d-ac8d-762b35019c1b	46	38
Mary decise che non sarebbe andata con Tom.	Mary decided she wouldn't go with Tom.	e3cb02e0-e580-54f3-8745-c774301a0def	43	38
Mary ha detto che non sapeva nuotare.	Mary said she didn't know how to swim.	39997d4e-f54b-54d4-96c5-0bb08a0b2ac6	37	38
Mary disse che non sapeva nuotare.	Mary said she didn't know how to swim.	985bbad1-84ae-5503-acaf-17a0bdd32829	34	38
Mary è abile, vero?	Mary is skilled, isn't she?	b3372974-de99-593b-b133-e2cfd651f639	19	27
Mary non aveva molto da dire, vero?	Mary didn't have a lot to say, did she?	8e3acc7d-ae35-5fac-ac91-79ec21bd9596	35	39
Mary è troppo ubriaca per guidare, vero?	Mary is too drunk to drive, isn't she?	698b6ce4-df80-580e-8956-d5087f84ddda	40	38
Mary ha detto che aveva paura dei serpenti.	Mary said she was afraid of snakes.	522b8ca8-6a78-547a-826f-c5cef04802ee	43	35
Mary disse che aveva paura dei serpenti.	Mary said she was afraid of snakes.	86266216-5677-592b-85a8-6052020c5c6b	40	35
Mary non mi permetterà di aiutarla.	Mary won't let me help her.	5bc100b7-4266-5eb0-9683-52c1d81b19ce	35	27
Stai guardando la pecora?	Are you watching the sheep?	fc55c084-3b8c-594a-850c-7c6d734c932b	25	27
Sta guardando la pecora?	Are you watching the sheep?	60579d9e-d970-596c-a393-abf890ec2622	24	27
State guardando la pecora?	Are you watching the sheep?	2f8a48e5-1b4c-5e77-b48b-e665f5419dc8	26	27
Volevamo della vodka.	We wanted vodka.	836a5df0-5297-5373-a669-a5d0f4c25fa8	21	16
Voglio della vodka.	I want vodka.	42154cc6-b4e7-54cd-835a-9a58397426d4	19	13
Beviamo vodka.	Let's drink vodka.	0f9546c5-1952-5b8d-a579-f147da1182f3	14	18
Beviamo della vodka.	Let's drink vodka.	b54b9e3e-b4ec-5df8-b8b9-ce4e889c06a3	20	18
Ha messo la vodka nel microonde.	He put the vodka in the microwave.	e8fefef2-b4f4-54a6-835b-81eb78a83d7b	32	34
Mise la vodka nel microonde.	He put the vodka in the microwave.	d26e926c-f2fb-5a7c-a71f-c18170d5e6e1	28	34
Ha bevuto tutta la bottiglia di vodka.	He drank the whole bottle of vodka.	25b6d63a-23bf-530e-b10a-3a385095be79	38	35
Bevette tutta la bottiglia di vodka.	He drank the whole bottle of vodka.	761bbe94-a1b5-5003-aa94-e3ae0c9e8b7c	36	35
Bevve tutta la bottiglia di vodka.	He drank the whole bottle of vodka.	a322be92-c27c-5c8a-9405-bdc0e92e16d0	34	35
Voglio del rum.	I want rum.	776de11c-476b-544e-aa65-a9f1c854a542	15	11
A Tom piace il rum.	Tom likes rum.	8bb9793f-40c8-5775-9d59-e77689d705b6	19	14
Tom ha bevuto del rum.	Tom drank rum.	becf76f9-c808-593b-ab28-a2c11230be91	22	14
Tom bevette del rum.	Tom drank rum.	970a4507-6590-52e6-9f6f-52b636dfc07b	20	14
Tom bevve del rum.	Tom drank rum.	8f7dca4e-6447-5001-806c-d7b8b4299341	18	14
A Mennad piace il rum.	Mennad likes rum.	008a4254-4f5a-59cb-96d3-c7682719c849	22	17
Sami ha bevuto del rum.	Sami drank rum.	da83207c-6041-5190-9620-5ee326b46b3c	23	15
Sami bevette del rum.	Sami drank rum.	2a09a2b9-0ca1-5fd3-a6fd-ce1dee70ebcc	21	15
Sami bevve del rum.	Sami drank rum.	5a752781-0b2b-5244-a03a-4f63da2aa6b5	19	15
Ho del rum.	I have some rum.	db386879-4912-566c-a4d1-0fb054719ed4	11	16
Vorrei del rum.	I'd like some rum.	d944e4a0-d810-585d-b743-3bb3dcaa915e	15	18
Non bevo rum.	I don't drink rum.	a540ba2b-06da-5282-8b34-ea8d0b58e67f	13	18
Non mi piace il rum.	I don't like rum.	e874a96c-b383-5d8f-880d-79a2522da908	20	17
A me non piace il rum.	I don't like rum.	53a4f191-6916-5923-ad81-7c0349b217d0	22	17
A Tom non piace il rum.	Tom doesn't like rum.	dc80da4e-6561-59f0-b780-20768f322a49	23	21
Tom non beve rum.	Tom doesn't drink rum.	13d09f8f-5857-5c22-b14a-67a34aaf692a	17	22
Tom ha del gin.	Tom has gin.	a946bdce-04a5-576a-9fd9-541cf63fb307	15	12
Un orso ha attaccato Tom.	A bear attacked Tom.	22a79de0-514a-513d-a308-e0d3c1006a1a	25	20
Un orso attaccò Tom.	A bear attacked Tom.	fbffcfd6-f372-53bd-a84e-349b78237649	20	20
Questo è un orso?	Is this a bear?	68df3fb6-0a88-59b6-92f6-f35edc54e328	17	15
È un orso?	Is it a bear?	e129d1d3-591f-5920-99b5-d28cba0a35db	10	13
Sami ha sparato all'orso.	Sami shot the bear.	4daed9fe-6aa8-5986-928c-0044fe24ef98	25	19
Sami sparò all'orso.	Sami shot the bear.	e297371f-ff38-5b92-b27e-e307e5119b41	20	19
Porto buone notizie.	I bear good news.	01f8fe4a-a52b-539d-859e-2c0ec0f5c189	20	17
Felix è sopravvissuto all'attacco di un orso.	Felix survived a bear attack.	0fe3b5c6-b10e-56f0-9fe5-dacd0147b07e	45	29
Felix sopravvisse all'attacco.	Felix survived a bear attack.	68532e09-0978-51c9-b302-929d19992f7c	30	29
Tom ha un orsacchiotto di peluche.	Tom has a teddy bear.	6850e247-bdb9-5932-82a6-5223fcf42f10	34	21
Dov'è il suo orsacchiotto?	Where is his teddy bear?	04be2cd0-4ecc-5364-b15d-1699806f22cb	26	24
Dov'è il suo orsacchiotto di peluche?	Where is his teddy bear?	5f39bb3b-a2d7-5162-9c69-18e726706069	37	24
Ho visto un orso ieri.	I saw a bear yesterday.	310a4992-5a52-5e5d-9ab3-5de9d47b0969	22	23
Tom non riesce a sopportarlo.	Tom can't bear it.	92bc7807-3397-54ba-a094-c62f30d90794	29	18
Tom non riesce a sopportarla.	Tom can't bear it.	dbec8ae2-c254-5b24-b66b-b60f24e9ae2c	29	18
Non riuscivo a sopportarlo.	I couldn't bear it.	d7a9118f-762b-5633-aa32-49a1cbcd7259	27	19
Non riuscivo a sopportarla.	I couldn't bear it.	07df12a6-bd6b-55ad-93e7-231a4cb9cea6	27	19
Sua moglie non sopporta i bambini.	His wife doesn't bear children.	7079074e-3afe-5ffb-9744-39e6e44556bf	34	31
È un orso quello laggiù?	Is that a bear over there?	82b26914-75a1-576f-8d48-344a7eb5b272	24	26
Che tipo di orso è quello?	What kind of bear is that?	0b12839e-95cb-514c-919b-7436addec914	26	26
Ho visto un orso polare ieri.	I saw a polar bear yesterday.	cb18e077-3c2c-5d88-8c12-5d5432926861	29	29
Stavano sperimentando sull'orso.	They were experimenting on the bear.	09531205-9b8b-5a31-80df-7db16c1fe310	32	36
Sii come un'aquila.	Be like an eagle.	97fc8612-6bfa-516b-bc43-bc5f40907bf1	19	17
Sia come un'aquila.	Be like an eagle.	220fa357-0f04-5e18-93d2-35b4ad971a80	19	17
Siate come un'aquila.	Be like an eagle.	5efcd27d-fb1b-5db8-ad7b-b51fc99b6575	21	17
È un'aquila!	It's an eagle!	744cdd7d-e430-5440-afdb-19242f96e005	12	14
Quell'aquila è bella.	That eagle is beautiful.	8c240cb2-3ec4-538c-8581-e92ef4ac705a	21	24
Non è un'aquila.	He's no eagle.	4e076d3f-2410-5f4e-bccf-fe4bacf2ddbe	16	14
L'aquila è un uccello.	The eagle is a bird.	2a1d180a-15d1-5c79-a941-627745b320b0	22	20
Hai visto l'aquila?	Have you seen the eagle?	5beda4bf-a4f5-557f-8e5f-d41e1cebdc13	19	24
Ha visto l'aquila?	Have you seen the eagle?	0690044f-1fba-5b94-946f-ca62bd01e7b7	18	24
Avete visto l'aquila?	Have you seen the eagle?	fbaa6e8c-a93f-511d-8c97-5bf83d071571	21	24
È un'aquila, vero!	It's an eagle, wow!	a56fbc74-459c-53f0-acd1-2918ac3056ad	18	19
Questa non è un'aquila.	This isn't an eagle.	4cdf62ba-05a5-5ec3-9441-8f50e7d8b22d	23	20
L'Aquila è atterrata.	The Eagle has landed.	a196b37c-9545-50a9-a96e-ebd37aad18e6	21	21
Ho visto un'aquila.	I have seen an eagle.	f303a388-a49a-5aab-8b20-eab0433c6f42	19	21
Hai visto un'aquila?	Have you seen an eagle?	55b56f87-9550-5850-aa1f-c5f271af6163	20	23
Ha visto un'aquila?	Have you seen an eagle?	a8b1f57a-32ae-5d5e-b7e0-d08e0d1a1b54	19	23
Avete visto un'aquila?	Have you seen an eagle?	af998447-f5f0-5a9f-8103-ccbe6a87d5d3	22	23
L'aquila è un uccello carnivoro.	The eagle is a carnivorous bird.	8098b123-151b-5212-bc15-3f32d0c2eeb9	32	32
Le aquile di quell'aquila sono rotte.	This eagle's wings are broken.	41e58ef3-e96a-5d0e-a7b9-2c0b0c57ce82	37	30
L'aquila aveva un'ala rotta.	The eagle had a broken wing.	5291cf65-1eb3-590f-9c46-de58742fcf40	28	28
Il pappagallo di Sami volava come un'aquila.	Sami's parrot flew like an eagle.	b48cbe04-1eb4-5d58-b756-3e28314a873d	44	33
L'aquila è un uccello rapace.	The eagle is a bird of prey.	349ad3ca-2a18-5a04-a992-57bd8a201664	29	28
L'aquila è il re dei venti.	The eagle is the king of the winds.	84288b52-842a-53a2-a713-b9ea1cc28fae	27	35
L'aquila è il re dell'aria.	The eagle is the king of the air.	a9780b62-2d8e-526d-97dd-d6452073f839	27	33
L'aquila è il re dei cieli.	The eagle is the king of the skies.	bf3b48b3-cfe1-548d-a6d1-04df421360be	27	35
Tom ha un tatuaggio di un'aquila sul petto.	Tom has a tattoo of an eagle on his chest.	09a4f9e3-53fc-520d-9897-d5c17c662152	43	42
C'è un coniglio.	There's a rabbit.	e4264578-0514-5f23-853c-716beb14471d	16	17
Ti piace il coniglio?	Do you like rabbit?	7559c361-4722-5587-b6a7-071c648cafb1	21	19
Vi piace il coniglio?	Do you like rabbit?	887e080d-acaa-5534-8017-3513a9cfdeba	21	19
Le piace il coniglio?	Do you like rabbit?	3a2203e3-e9dc-51e7-bd99-c3cdd44f865a	21	19
Hanno cresciuto un bel coniglio.	They raised a beautiful rabbit.	78c0d729-e40f-5cb6-a195-cbb276644d89	32	31
Crebbero un bel coniglio.	They raised a beautiful rabbit.	dbf4a3a2-d11d-5e37-b8e6-ce7e568d26a0	25	31
Il coniglio mangia il cavolo.	The rabbit eats the cabbage.	468f3457-f5b2-5516-97d0-289603351c59	29	28
Yanni parlava con il suo coniglio.	Yanni talked to his rabbit.	37636b9d-19d5-511f-94f9-3b7fff0edf7a	34	27
Il coniglio non è un leone.	The rabbit isn't a lion.	b628059e-c8d4-5c40-b1f8-0bc5a3a4d105	27	24
Hai mai scuoiato un coniglio?	Have you ever skinned a rabbit?	a162a7e5-707c-5e46-a3cd-6cd9953bb6c0	29	31
Ha mai scuoiato un coniglio?	Have you ever skinned a rabbit?	eb2a325d-cb76-5f4d-a2c8-b55cfa08233e	28	31
Avete mai scuoiato un coniglio?	Have you ever skinned a rabbit?	59b7d2ef-47ef-5259-ade6-7e583f278ea8	31	31
Quella nuvola sembra un coniglio.	That cloud looks like a rabbit.	225201dc-ffd6-503a-8ebd-a1471e12dd86	33	31
È timida come un coniglio.	She is timid like a rabbit.	6995691b-6583-5f4a-a77c-49951844926b	26	27
Sta dormendo come un coniglio.	He's sleeping like a rabbit.	6a6101cc-3f68-50a6-b133-cbdbff735762	30	28
Ziri è allergico al pelo dei conigli.	Ziri is allergic to rabbit fur.	dabced7d-af02-57bb-9b30-1ea62850823e	37	31
Tom ha un piede di coniglio.	Tom has a rabbit's foot.	8783cdf0-db77-5f81-a85e-cc0df38c0aec	28	24
Al tuo servizio, mio coniglietto.	At your service, my little rabbit.	87a9a326-66d6-56bd-a964-87da43009988	33	34
Avevo un coniglio e un cane.	I had a rabbit and a dog.	346d7033-b484-5e72-a869-9f595ee25142	28	25
Mi chiedo se sia un coniglio.	I wonder if it's a rabbit.	1370e212-b9ab-576c-af86-f97490079f99	29	26
Ha un gatto e un coniglio.	He has a cat and a rabbit.	456f551f-ca66-5da5-adc1-20d1ef5958e5	26	26
Sembra un coniglio.	It doesn't look like a rabbit.	ebff427e-fbf2-58b2-9c58-263c8045dbd9	19	30
Hanno visto un coniglio nel loro cortile.	They saw a rabbit in their backyard.	d2ef7df6-a6ed-5e6b-9a73-af635afe4475	41	36
Videro un coniglio nel loro cortile.	They saw a rabbit in their backyard.	c4eeb267-1e1f-5462-8dfc-1a9b8f8159f3	36	36
Ha visto un coniglio nel suo cortile.	He saw a rabbit in his backyard.	f041a040-c525-5208-924e-25cf7446d6e1	37	32
Vide un coniglio nel suo cortile.	He saw a rabbit in his backyard.	cd119318-51c3-5823-8d58-095d12cada0f	33	32
Mary ha visto un coniglio nel suo cortile.	Mary saw a rabbit in her backyard.	4655114f-248b-54ff-9130-760c050edd6d	42	34
Mary vide un coniglio nel suo cortile.	Mary saw a rabbit in her backyard.	d82edc8e-6258-5441-bafa-cad569807c28	38	34
Tom ha visto un coniglio nel suo cortile.	Tom saw a rabbit in his backyard.	b715419b-f7e6-5958-ad6f-03f93005ae72	41	33
Tom vide un coniglio nel suo cortile.	Tom saw a rabbit in his backyard.	d7a33cdd-5a18-59be-b28e-3a4f69821e86	37	33
Oh, Diana, guarda, c'è un coniglio.	Oh, Diana, look, there's a rabbit.	3d511796-9756-51d9-adb7-9b828af1d25d	35	34
Ho visto un coniglio nella foresta.	I saw a rabbit in the forest.	7b567b0d-eaba-567e-a68f-ef44eeeb2659	35	29
Vidi un coniglio nella foresta.	I saw a rabbit in the forest.	e004c4fe-10ba-5559-b7c7-b1f4835e819c	31	29
È timido come un coniglio.	He's as timid as a rabbit.	df7cd736-1c33-5276-b76f-b1c39eceec15	26	26
Chi salta più lontano, una rana o un coniglio?	Who hops further, a frog or a rabbit?	66d3d91a-c587-5714-85f3-fb16a2b82df1	46	37
Ziri ha trovato un coniglio morto sulla veranda.	Ziri found a dead rabbit on the porch.	70d9fe78-1be4-5d6c-84d1-054ff4608906	48	38
Ziri trovò un coniglio morto sulla veranda.	Ziri found a dead rabbit on the porch.	9f6dbbe8-efbf-55f3-813e-f8d72d3310d3	43	38
Non sa come preparare il coniglio.	She doesn't know how to prepare rabbit.	f04361b2-8ca9-5f7c-a145-75e64c0c99ff	34	39
Lei non sa come preparare il coniglio.	She doesn't know how to prepare rabbit.	82564ac9-1479-5046-8cd0-9a0c02c3879c	38	39
Nella neve, il coniglio bianco era invisibile.	In the snow, the white rabbit was invisible.	96bb98ee-4651-5299-84fc-cd9e16c2dbcc	46	44
È l'eroe che ha trovato il suo coniglio.	He's the hero who found her rabbit.	51b589cc-e602-5f17-9b39-78cc42abcd0f	40	35
Il coniglio è noto per le sue orecchie lunghe.	The rabbit is known for its long ears.	8b8e98c6-595f-52c6-a67d-24d566512391	46	38
Le rose sono bianche.	Roses are white.	75e6735f-1f02-5089-a6c6-f67e2a3869da	21	16
Le urine sono generalmente bianche.	Urinals are generally white.	94d4eeab-16b2-5eb4-a9d7-721fedfda724	35	28
Tutto è bianco fuori.	Everything's white outside.	ea59b11a-f601-5919-86bb-7f594be13447	21	27
Le montagne tutte bianche.	The mountains are all white.	088f52bc-ddc5-5187-9984-f81a8304b0c1	26	28
Ha pitturato la stanza di bianco.	She painted the room white.	e3c23b6c-34e6-5881-b43e-b1604718612e	33	27
Pitturò la stanza di bianco.	She painted the room white.	1ac86e0e-52a0-5139-a46b-f7e47f28c29d	28	27
Ho pitturato la mia casa di bianco.	I painted my house white.	d8f88af9-4af8-50b5-ad78-9ce945881239	35	25
Pitturai la mia casa di bianco.	I painted my house white.	57c338e3-8a2d-5b55-a6f9-8e33b52b7681	31	25
Ho pitturato la casa di bianco.	I painted the house white.	f2d64ea3-cf52-57e1-9529-e757c20ed039	31	26
Pitturai la casa di bianco.	I painted the house white.	12238ada-e2cc-5723-9ca6-ad104abc6b33	27	26
Le mattonelle del bagno sono bianche.	The bathroom tiles are white.	d19eb309-60aa-5151-bfbd-1590c6df7f32	37	29
È una bugia bianca.	It's a white lie.	f64a2180-0b3a-5eb1-abea-a7558c8f7634	19	17
Era bianco come il gesso.	He was white as chalk.	9b850360-da25-5a57-a20e-ce6b1d259250	25	22
Questo cavallo non è bianco.	This horse isn't white.	105a4d48-a73d-50f3-8c9d-db132431571e	28	23
Tom indossava un vestito bianco.	Tom wore a white dress.	5682b90a-637a-5413-80fd-4236df9a6f9a	32	23
Gli asciugamani bianchi sono macchiati.	The white towels are stained.	d54c430c-f850-5d04-bccf-ad2d0053e821	39	29
Tom ha un cavallo bianco.	Tom has a white horse.	bd763939-aeb1-5221-96a4-a558aec632a1	25	22
Prendi il mio cavallo.	Take my horse.	83520473-9eba-536a-9330-22421dde3c7c	22	14
Prenda il mio cavallo.	Take my horse.	dbe9de64-6202-5287-ba82-3682f4d9cd33	22	14
Prendete il mio cavallo.	Take my horse.	6aa682e6-a160-5cad-8b36-a27ea7438c2b	24	14
Sella il mio cavallo.	Saddle my horse.	4548b637-9bea-59fe-b463-f78f56e234b4	21	16
Sellate il mio cavallo.	Saddle my horse.	5937b9c4-856c-5338-bd0f-e2e61f728bc8	23	16
Selli il mio cavallo.	Saddle my horse.	a34c3325-dd64-50c8-8f74-1955bc26c27e	21	16
Dov'è il tuo cavallo?	Where is your horse?	812a2768-b8f0-5c21-bd98-3e583564343b	21	20
Dov'è il suo cavallo?	Where is your horse?	816abf34-ced3-54a6-b15f-e43e5ab363f0	21	20
Dov'è il vostro cavallo?	Where is your horse?	24437056-2dcb-5772-9e82-35b659a82ed3	24	20
Il mio cavallo è affamato.	My horse is hungry.	9e4ba4dd-ceb4-5a51-8fe7-0bba20e56866	26	19
Il mio cavallo ha fame.	My horse is hungry.	0b6b6cf4-56b2-5633-8326-e673763aac9f	23	19
Mostrami il cavallo.	Show me the horse.	3d0f1360-e7f0-5d93-b512-335250ddabf3	20	18
Mi mostri il cavallo.	Show me the horse.	fd7454c2-c91e-56e8-bc8d-8d80edf36433	21	18
Mostratemi il cavallo.	Show me the horse.	65102ec2-89ff-5076-aebd-a8b911797034	22	18
Di chi è il cavallo?	Whose is the horse?	92630611-cf52-57f2-8c8d-54dd5823986c	20	19
Ho sentito un cavallo.	I heard a horse.	2783fd1b-8cd9-5ebf-855c-c9731ec0be7d	22	16
Sentii un cavallo.	I heard a horse.	f055211e-3b0a-5f8d-a371-4c129a940009	18	16
Ziri ha visto il cavallo.	Ziri saw the horse.	272945ca-c6e2-5d9d-b565-3202922d06a8	25	19
Ziri vide il cavallo.	Ziri saw the horse.	ecb9077f-0bae-5e2a-b36e-0d6d588b01fd	21	19
Le tigri amano l'acqua.	Tigers love water.	b0e609df-b611-57c9-b205-11e40b5dd571	23	18
Ziri aveva un cavallo.	Ziri had a horse.	0147b028-ea0a-5275-bce4-90ac22e1e8e1	22	17
Sento un cavallo.	I hear a horse.	b62317f9-af21-5127-ab64-6d8934056393	17	15
Il cavallo aveva paura.	The horse was afraid.	ca8ecd9c-4bbf-59bc-a2c4-c73759365858	23	21
Di chi è quel cavallo?	Whose horse is that?	71b4c5e2-a1cc-5cb6-b087-6902875f350e	22	20
Tom ha rubato un cavallo.	Tom stole a horse.	9c168d44-13fc-5e02-a7e2-e7cb72d67c9b	25	18
Tom rubò un cavallo.	Tom stole a horse.	e9bc7a6e-369a-55ba-a2f2-26cac5762048	20	18
Mi piacciono le salsicce di cavallo.	I like horse sausages.	af9fe1e2-bd79-5bd1-9190-c600a684ad8a	36	22
A me piacciono le salsicce di cavallo.	I like horse sausages.	068261bc-f0fd-5ff9-8bdb-be6f2da9f94b	38	22
È il tuo cavallo.	That's your horse.	a5a8a2c9-241e-5b17-9b5e-6e7568505dd0	17	18
È il vostro cavallo.	That's your horse.	0ede5121-ff01-5d91-afe5-5e5c7493ca5e	20	18
Il cavallo di Tom è morto.	Tom's horse died.	a38de854-b62d-5e84-92c8-d45a627b6fb1	26	17
Il cavallo di Tom morì.	Tom's horse died.	62cd447a-f611-5437-852f-f4cf10c7c7e6	23	17
Voglio un cavallo.	I want a horse.	a57e9482-bb6c-5c77-a2d3-5a2483f4e96f	18	15
Io voglio un cavallo.	I want a horse.	f0dbf385-6a57-5e48-be9a-f228cda32554	21	15
Il tuo cavallo mi ha morso.	Your horse bit me.	88a9e1d2-4f87-5318-8a68-b6e36553708a	27	18
Il tuo cavallo mi ha morsa.	Your horse bit me.	6ba6a741-0389-5f9f-a593-e61dbd93630d	27	18
Il suo cavallo mi ha morso.	Your horse bit me.	b64f01db-f0ef-5fcf-b15e-5c20f2ab99de	27	18
Il suo cavallo mi ha morsa.	Your horse bit me.	fbde88fa-7df1-5970-878e-bda3d660f4a2	27	18
Il vostro cavallo mi ha morso.	Your horse bit me.	8c8bf088-acd8-58c9-805f-f25d012d66cc	30	18
Il vostro cavallo mi ha morsa.	Your horse bit me.	72ebd88b-e399-54c3-80ce-9ed233b1d5b1	30	18
Il tuo cavallo mi morse.	Your horse bit me.	41629687-6f06-56fc-a135-f7a0b3138578	24	18
Il suo cavallo mi morse.	Your horse bit me.	e050505c-56a9-56c9-a922-a197cdde5b20	24	18
Il vostro cavallo mi morse.	Your horse bit me.	6be3feec-6fea-562b-b944-5b8cfbb8c0c9	27	18
Un cavallo ha morso Tom.	A horse bit Tom.	0ca32e47-c004-56cc-b9b1-1792a28a8f5e	24	16
Un cavallo morse Tom.	A horse bit Tom.	6a200ef7-b31b-5fec-a5c4-fb73d573c4d5	21	16
Questo cavallo è tuo?	Is this horse yours?	3b6aba92-0c51-5a2f-b135-27c55c50957e	21	20
Questo cavallo è suo?	Is this horse yours?	ef78e1df-f269-552f-aa00-df5ed66c2562	21	20
Il cavallo sembrava stanco.	The horse seemed tired.	c50d0bf3-7412-5a61-abb6-875772b6fcca	27	23
Il cavallo è stanco.	The horse is tired.	bb507287-89d8-5a1d-9340-50202f35bb76	20	19
Spazzola il cavallo.	He brushes the horse.	2853d426-aedd-5ded-b343-6d877c69b05d	20	21
Lui spazzola il cavallo.	He brushes the horse.	86c591f3-ea57-5643-a5a3-56cd941f464a	24	21
Monta il cavallo, per favore.	Mount the horse, please.	3e7e2476-405f-5d96-8670-b476a831e0fe	29	24
Monta il cavallo, per piacere.	Mount the horse, please.	0a833357-596f-5a2f-8d6b-c3f80289f31e	30	24
Montate il cavallo, per favore.	Mount the horse, please.	95738951-726e-5500-94dc-aaa7588d1386	31	24
Montate il cavallo, per piacere.	Mount the horse, please.	079cd206-6b46-5319-9b3a-3619d7e59590	32	24
Monti il cavallo, per favore.	Mount the horse, please.	e861306d-36fd-5e03-9e4a-269b95955c7b	29	24
Monti il cavallo, per piacere.	Mount the horse, please.	2c5302f0-9958-5d3f-a13a-71410ea14d13	30	24
Ho montato il mio cavallo.	I mounted my horse.	895e6155-e5b1-54de-8319-74e9b115e5ac	26	19
Montai il mio cavallo.	I mounted my horse.	20c3a659-9243-5c95-ae58-ef54fcd9f125	22	19
Il tuo cavallo è nero?	Is your horse black?	ac74f55c-51a5-5b51-a7d4-2f1b02971313	22	20
Il suo cavallo è nero?	Is your horse black?	4ce98245-196f-5b95-8323-827af463fb45	22	20
Il vostro cavallo è nero?	Is your horse black?	113d183b-cd5a-5785-89a0-202b58d4f135	25	20
Al mio cavallo piacciono le mele.	My horse likes apples.	13602c8e-9210-5437-bfda-45d4a65c6169	33	22
Mary ha montato il suo cavallo.	Mary mounted her horse.	0e73478f-219c-5e1b-b46a-ae7bf2c1f63c	31	23
Mary montò il suo cavallo.	Mary mounted her horse.	6e52095f-de54-51bc-80a0-26623e9db526	26	23
Ho comprato un cavallo.	I bought a horse.	951f6be5-9c79-578f-9579-6e86d9e57b30	23	17
Comprai un cavallo.	I bought a horse.	35850feb-2940-5b98-90c6-03d10f66fea8	19	17
Hai un cavallo.	You have a horse.	53935e3c-6060-506a-8a6e-183d64bca94e	15	17
Avete un cavallo.	You have a horse.	ab85f115-9b47-59a9-9d14-d99ca84aa074	17	17
Questo cavallo è molto costoso.	This horse is very expensive.	5f0cab39-3b93-50d8-a7bd-9ef5dd0517db	31	29
Possiedo un cavallo.	I own a horse.	1db972a2-4ac8-54db-8b55-555c7c5f762e	20	14
Ho sparato al cavallo.	I shot the horse.	326899b8-b38b-5b83-ae2f-47064de7c201	22	17
Sparai al cavallo.	I shot the horse.	0e7f34fc-5393-5be9-8f62-0ebe0a48d523	18	17
Hai un cavallo?	Have you got a horse?	87375048-dfbd-5366-8987-6a0efb0de92e	15	21
Ha un cavallo?	Have you got a horse?	0cf3f8b6-d4b7-5eff-aea2-4bf43dcd0c1f	14	21
Avete un cavallo?	Have you got a horse?	aead6f4d-a7e7-5f44-9e54-b25fa122f72f	17	21
Corre come un cavallo.	He runs like a horse.	50bac228-c804-5ba8-a7f0-295906122fda	22	21
Chi ti ha dato quel cavallo?	Who gave you that horse?	c4700722-124b-5fa8-a848-02bca6d54bf6	28	24
Chi vi ha dato quel cavallo?	Who gave you that horse?	d7c57070-1b5c-5ebc-8304-9d48f428b5de	28	24
Chi le ha dato quel cavallo?	Who gave you that horse?	603c84c3-9d83-511a-8efd-904e429c9f36	28	24
Il bel cavallo sta correndo.	The beautiful horse is running.	9d49cf6a-8e40-58cd-b2ec-c4287f8feff2	28	31
Il suo cavallo è così adorabile.	His horse is so adorable.	0b77ad19-6b13-51e2-a579-2d5d077b328f	32	25
Prenditi cura del mio cavallo.	Take care of my horse.	0201bd4d-ed2e-5e20-9cb2-fa9ff4113cc8	30	22
Si prenda cura del mio cavallo.	Take care of my horse.	1dd8fcdc-fb40-52a2-9e01-38630a17cacd	31	22
Prendetevi cura del mio cavallo.	Take care of my horse.	3620c15b-3b83-5fc7-b4cd-297de9454990	32	22
Questo cavallo appartiene a noi.	This horse belongs to us.	971a2aa4-a8a6-55bb-a9b3-02a677c469c8	32	25
Montare un cavallo è facile.	Mounting a horse is easy.	9f083ab6-5816-526f-84e4-13431c023c89	28	25
Le ha dato un cavallo.	He gave her a horse.	4dafce9a-5580-545e-992a-9184677618e7	22	20
Le diede un cavallo.	He gave her a horse.	646ff515-6a2c-50de-a166-6778bf4fd514	20	20
Gli ha dato un cavallo.	He gave him a horse.	a00235ca-1116-5752-b2d2-a4b335c0eae8	23	20
Gli diede un cavallo.	He gave him a horse.	cf45e780-554c-5c64-a488-70176d9bd2c8	21	20
Tobias è caduto dal suo cavallo.	Tobias fell off his horse.	7a100c9b-3506-55a4-aea7-707bb6c91b79	32	26
Tobias cadde dal suo cavallo.	Tobias fell off his horse.	ff73ef00-f46a-5d78-8151-2717cab9acdb	29	26
Quel cavallo appartiene a Tom.	That horse belongs to Tom.	3e048de9-619e-5f91-bf1b-27896d5d801f	30	26
Un cavallo è così utile.	A horse is so useful.	e28979d1-fc51-5bcb-917e-c330fa4989b1	24	21
Questo potrebbe essere un cavallo.	This could be a horse.	d77aab67-236b-5710-b317-571f9feb1e27	34	22
Tom è un amante dei cavalli.	Tom is a horse lover.	ce688285-a255-5ab4-b1d1-58de091ddfef	28	21
Mangia come un cavallo.	He eats like a horse.	56348e97-1e02-522d-972a-d656f78dca88	23	21
Lui mangia come un cavallo.	He eats like a horse.	4efc351d-6b91-55d0-ad21-b3d61815e916	27	21
Tom potrebbe mangiare un cavallo.	Tom could eat a horse.	a97e1417-aca0-5dc7-820b-ccea4f059158	33	22
Tom ha comprato un nuovo cavallo.	Tom bought a new horse.	c62cad10-ca7d-5ea7-8367-f12e7f72d4ee	33	23
Tom comprò un nuovo cavallo.	Tom bought a new horse.	457eb5e1-a5f1-59bd-ab13-f28beee9ade9	28	23
Tom è caduto dal cavallo.	Tom fell from the horse.	21514714-5d7a-5941-8901-46f7a31e70fc	25	24
Tom cadde dal cavallo.	Tom fell from the horse.	c5eafbcc-7ef6-5095-9b27-7826bb6233d7	22	24
Tom ha mangiato come un cavallo.	Tom ate like a horse.	ec393858-309a-58d8-aab1-bbe8782110c9	32	21
Tom mangiò come un cvallo.	Tom ate like a horse.	8c6a8dc1-3536-547a-9ee7-ee9e0a1b7895	26	21
Comprerò un cavallo.	I'll buy a horse.	c63e395b-aaf8-5b6f-9d5a-d3eca5230d2b	20	17
Ha mangiato come un cavallo.	He ate like a horse.	e4338ec1-b4b4-5b00-9106-e643f456ed35	28	20
Mangiò come un cavallo.	He ate like a horse.	f56ab117-b55e-5852-a75b-18ab136a6bd9	23	20
Sono sceso dal mio cavallo.	I got off my horse.	86adb640-752e-5ddf-b658-1e7a923d0c7d	27	19
Scesi dal mio cavallo.	I got off my horse.	bd0810a7-a76f-5af0-baf9-c7bc338ccb49	22	19
Sono scesa dal mio cavallo.	I got off my horse.	846253e9-c471-5bd7-bef7-ffd8b14c2b7e	27	19
Vedi il cavallo?	Do you see the horse?	1cd84175-b20d-5536-90b8-0373b41013ca	16	21
Vede il cavallo?	Do you see the horse?	0e83d8d2-3cc0-57b1-8f0a-8068a66706ee	16	21
Vedete il cavallo?	Do you see the horse?	c7c7e094-435a-5508-87c7-54a9f97b0a16	18	21
È un cavallo grigio.	It's a gray horse.	da7eaf2b-5146-5df2-928c-dd46368bb54e	20	18
Sono caduto dal mio cavallo.	I fell off my horse.	788a9be4-c315-5666-ac79-7c20d2cd41c2	28	20
Sono caduta dal mio cavallo.	I fell off my horse.	fecfa795-2483-57cf-b719-26344e579b29	28	20
Caddi dal mio cavallo.	I fell off my horse.	f775b600-b56b-57f3-aafa-e520bfedb2bb	22	20
Tom ha un cavallo?	Does Tom have a horse?	3514b205-d514-5149-b6ac-32878783addc	18	22
Ieri ho comprato un cavallo.	Yesterday I bought a horse.	27c16f91-b771-5f24-b333-656eeb8bb54c	28	27
Tom sta spazzolando il suo cavallo.	Tom is brushing his horse.	deb84538-5a66-5628-81b2-a318f8dd5c1d	35	26
Sami ha un cavallo nero.	Sami has a black horse.	81917ca4-2b4b-5f87-8263-d50fdf11e18b	24	23
Ha un cavallo marrone.	He has a brown horse.	d053aaf9-7465-55c3-b1d6-e2e27df86548	22	21
Sami è caduto dal cavallo.	Sami fell of the horse.	ff7afab1-abc3-559b-970e-c2899e0f2f6f	26	23
Sami cadde dal cavallo.	Sami fell of the horse.	75068a59-aa65-58d1-ae2c-7fad82609acf	23	23
Vuoi un bel cavallo?	You want a beautiful horse?	e7af491d-b970-5a1a-b9ef-6fb164d32fed	20	27
Vuole un bel cavallo?	You want a beautiful horse?	9d8003a3-ab27-5142-9e12-db30a2da8463	21	27
Volete un bel cavallo?	You want a beautiful horse?	f8d26cdc-a4ae-5576-a231-1f7940ed0571	22	27
Sami è un amante dei cavalli.	Sami is a horse lover.	2c166073-42c1-5a99-ad45-f9b7641fbcbd	29	22
Vuoi un bel cavallo.	You want a beautiful horse.	45f1f9f8-1acb-5330-b8f6-a7d2bd849539	20	27
Vuole un bel cavallo.	You want a beautiful horse.	982fbf52-c7be-5f1a-85e6-d10e665f5ef5	21	27
Volete un bel cavallo.	You want a beautiful horse.	49e83d57-feb2-5e06-97d0-fdfe219691fe	22	27
Sami è caduto dal suo cavallo.	Sami fell off his horse.	6a60de59-1e2a-57f3-bf68-7d4a2db7010b	30	24
Sami cadde dal suo cavallo.	Sami fell off his horse.	d4e39ab4-6567-52cd-96a1-3665994388d8	27	24
Jackson è caduto dal suo cavallo.	Jackson fell from his horse.	2cccbe8c-21f6-59a2-b9e3-6eea05b4f91a	33	28
Jackson cadde dal suo cavallo.	Jackson fell from his horse.	8e73b4c1-fd9d-51ce-8835-9a3bed4084fa	30	28
È caduto dal cavallo.	He fell off the horse.	1ea1f1cc-a56d-542b-a873-55217bee7ae5	21	22
Cadde dal cavallo.	He fell off the horse.	c078037c-a2e0-57bb-9bcc-9bdc128252a7	18	22
Il nostro cavallo vincerà.	Our horse is going to win.	b2a0a96c-a065-54c2-8cbc-454f7fecf876	26	26
È andata a comprare un cavello.	She went to buy a horse.	859de086-4659-55da-bc37-ff97aa74bc0c	31	24
Andò a comprare un cavallo.	She went to buy a horse.	b6ef9b02-1006-5c6f-9411-7e6224477811	27	24
Mi dispiace per quel cavallo.	I feel sorry for that horse.	a633776c-0da7-558a-812f-851dc5ca41a5	29	28
Il cavallo era in buona salute.	The horse was in good health.	f4f7070d-d848-5a23-978e-461c5d9ed7b6	31	29
Mio padre mi ha comprato un cavallo.	My father bought me a horse.	d9d5efca-5c47-5401-bd10-ac1d7155c5c6	36	28
Mio padre mi comprò un cavallo.	My father bought me a horse.	ced0d347-9a3a-5b7c-9d66-500bcebbbb96	31	28
Perché Tom ha venduto il suo cavallo?	Why did Tom sell his horse?	c0fa3c8f-0b86-5672-836b-48c081b253c9	37	27
Tom aveva un cavallo.	Tom used to have a horse.	de9ead6a-37f6-5b36-969e-3b04205afd1f	21	25
Ziri è stato morso da un cavallo.	Ziri was bitten by a horse.	b0d7115d-41d1-57ff-a3a8-aad567a270ab	33	27
Ziri fu morso da un cavallo.	Ziri was bitten by a horse.	850a289e-53fa-5e1b-a409-6779b043fe9b	28	27
Ziri è stato calciato da un cavallo.	Ziri was kicked by a horse.	82057551-f3ab-5889-b54c-b13f6027c94e	36	27
Ziri fu calciato da un cvallo.	Ziri was kicked by a horse.	3b489dad-95ae-5692-a391-b858c25a0098	30	27
Tom non è un addestratore di cavalli.	Tom isn't a horse trainer.	3960aeb8-eaeb-5056-8869-8bc538480552	37	26
Tom ha ammesso di avere rubato il cavallo.	Tom admitted to stealing the horse.	d0217fbd-c813-5898-95d4-2d4d8da6eb7c	42	35
Tom ammise di avere rubato il cavallo.	Tom admitted to stealing the horse.	b4c7a91c-352e-5c03-8b59-2aa01f134d91	38	35
Sapevo che avevi un cavallo.	I knew you had a horse.	1f862757-bbf8-5e45-98c0-de7e43858bc9	28	23
Sapevo che aveva un cavallo.	I knew you had a horse.	abcb3d42-e75a-5ba1-b197-93640ce1b05a	28	23
Sapevo che avevate un cavallo.	I knew you had a horse.	24f92b1d-3dc7-5686-a6ea-ae8382b8b8be	30	23
Stava mangiando come un cavallo.	He was eating like a horse.	4459fce9-3d71-59ff-93b7-56bdd16cd4e4	32	27
Perché hai comprato questo cavallo?	Why did you buy this horse?	b3109509-ee23-55f8-9b8b-c3572da42162	35	27
Perché ha comprato questo cavallo?	Why did you buy this horse?	3b8138da-5b98-5dfe-ab5a-775194d1ac5f	34	27
Perché avete comprato questo cavallo?	Why did you buy this horse?	35ce5ab2-e493-5a2e-834a-637859d61f5d	37	27
Questo cane sembra un cavallo.	This dog looks like a horse.	f8184e69-d610-516e-8e0e-883a4dcc7bae	30	28
L'animale preferito di Tom è il cavallo.	Tom's favorite animal is horse.	8f41737a-1819-56f1-8475-49ba3d4eb725	40	31
Questo è un cavallo molto costoso.	This is a very expensive horse.	55f36c3e-c354-5c37-95f4-ba9fe57de5a2	34	31
Tom ha comprato un cavallo molto costoso.	Tom bought a very expensive horse.	d04a8cb0-57e0-5e43-83a2-7b3a9bf5b3ba	41	34
Tom comprò un cavallo molto costoso.	Tom bought a very expensive horse.	ee15bd35-7ffc-5612-b3b8-c7b9d27d0fcc	36	34
Tom è stato morso da un cavallo.	Tom was bitten by a horse.	c3778f01-e1fd-5885-aace-e58c85a5ef8c	32	26
Tom fu morso da un cvallo.	Tom was bitten by a horse.	fb661468-4bf4-5cff-a430-a9f300b0f80f	26	26
Perché un cavallo mi sta seguendo?	Why is a horse following me?	f533e60b-812f-593f-b266-2542b7019f40	34	28
Tom e Mary hanno un cavallo.	Tom and Mary have a horse.	92667835-01bd-58b8-baaa-494edd37f5bc	28	26
Il cavallo è nella foresta.	The horse is in the forest.	ee721d30-a428-50b0-8afd-619dc6965c66	27	27
Non ho mai cavalcato un cavallo.	I've never ridden a horse.	6a7ca2b2-200f-5684-a890-28982fddb102	32	26
Tom non riusciva a controllare il cavallo.	Tom couldn't control the horse.	b13de097-9345-5096-95be-45430dbaa188	42	31
È come una corsa di cavalli.	It's like a horse race.	d01afb9e-c6f0-518d-9668-75a6a6147aa5	28	23
Tom è stato calciato da un cavallo.	Tom got kicked by a horse.	cad0112b-0232-5099-9e9c-7b330e40fdd3	35	26
Tom fu calciato da un cvallo.	Tom got kicked by a horse.	a10040ae-9f79-56e0-8ec0-62652b63ff45	29	26
Non voglio un cavallo.	I don't want a horse.	e385a7aa-b590-59ba-9d9e-144a6110a2b3	22	21
Io non voglio un cavallo.	I don't want a horse.	5312e562-0790-5216-8388-c51222703dfd	25	21
I Greci hanno costruito un cavallo di legno.	The Greeks built a wooden horse.	7d2a66b9-84b4-5ea9-8a0f-a97fe02b1cd1	44	32
I Greci costruirono un cavallo di legno.	The Greeks built a wooden horse.	73950a2c-36ed-5015-a8f8-4dac5b0b34ac	40	32
Il principe vuole un cavallo bianco.	The prince wants a white horse.	61abbe8b-29a8-5820-b515-7c01454c924b	36	31
Quella persona può vedere il nostro cavallo?	Can that person see our horse?	f785f286-4858-58dd-9255-267e800b9ade	44	30
Il suo cavallo non la rispetta.	Her horse doesn't respect her.	176e3401-5331-5779-bd58-b6abfb06c53d	31	30
La pelle dell'elefante è grigia.	The elephant's skin is grey.	19fac40a-2e77-5b84-8fb9-586c14b36e52	32	28
Non riusciva a controllare il cavallo.	He couldn't control the horse.	e03fb6e9-01c8-5798-837c-7551cacc380f	38	30
Come si chiama il tuo cavallo?	What's the name of your horse?	5c3a5c78-d9ac-5d0b-8bef-9cf1445c11b7	30	30
Come si chiama il suo cavallo?	What's the name of your horse?	c5dd018f-15ae-59c8-97f6-e9ad8c568525	30	30
Come si chiama il vostro cavallo?	What's the name of your horse?	931f04b4-31ff-5360-bae8-9a366febbae9	33	30
Al suo cavallo non piacciono i rumori forti.	His horse doesn't like loud noises.	564fe673-08c2-5dbd-9777-c8ec6bd8bf89	44	35
Vorrei comprare un cavallo.	I'd like to buy a horse.	137ca9ea-5f93-53e5-a080-c1ef61d964ec	27	24
Il cavallo di Ziri non è molto lontano.	Ziri's horse is not very far.	33488e20-3f2c-5ada-bffc-d7a151887062	39	29
È il tuo cavallo, vero?	That's your horse, isn't it?	fc342d05-ee9a-54a4-9205-6e1e5a95d186	23	28
È il suo cavallo, vero?	That's your horse, isn't it?	1a339c17-4a0a-58a8-ad0e-8f3003086bff	23	28
È il vostro cavallo, vero?	That's your horse, isn't it?	a96a4dc0-bb42-5bc0-811a-6a5762afa07d	26	28
Sarà il mio cavallo.	That's going to be my horse.	729028f5-e2da-5621-a022-76c873024d45	20	28
Ho guardato Tom scendere dal suo cavallo.	I watched Tom get on his horse.	f16fa27f-18e4-519b-b67c-2af7b1951f9b	41	31
Guardai Tom scendere dal suo cavallo.	I watched Tom get on his horse.	c30204ad-acdb-51a6-aa7e-d1d866f40199	37	31
Tom è stato morso dal suo cavallo.	Tom has been bitten by his horse.	892b0555-a2c3-5e73-a032-3909031424f8	34	33
Tom è forte come un cavallo.	Tom is as strong as a horse.	b1baa958-f976-5ee2-856b-7d5c9c8f4906	28	28
È un cavallo di un altro colore.	That's a horse of another colour.	95df4095-5a35-51e8-bfc7-09eac1dbac28	32	33
Cavallo, leone, cane, capra: questi sono animali.	Horse, lion, dog, goat: these are animals.	abd0c7c4-b954-54e3-ab43-afb1fde65278	49	42
Sono in salute come un cavallo.	I'm as healthy as a horse.	c24c5dad-8344-5f52-84cf-bf956a6c2b52	31	26
Ho una cavalla. Ha sempre fame.	I have a horse. She's always hungry.	1c4a6392-30fd-5721-aae8-0b5f43a3882c	31	36
Ho un cavallo. Ha sempre fame.	I have a horse. He's always hungry.	836d6c79-bde3-5d86-9b37-f0ff917d1f72	30	35
Non è facile cavalcare un cavallo.	It's not easy to ride a horse.	3a6a50a6-43b4-5123-8c4b-26572d688468	34	30
Il bel cavallo corre.	The beautiful horse runs.	6a8c5df9-27ad-52d4-9442-11f3fdabf372	21	25
Il nostro cavallo sta perdendo.	Our horse is losing.	fa410ec4-b671-5fdd-a594-4caf8a23a172	31	20
Quel cavallo sa parlare.	That horse can speak.	d6e440d5-0e71-5a98-90c5-058083ec3fd4	24	21
Quel cavallo riesce a parlare.	That horse can speak.	7ce73a0c-fa30-5e50-a62b-4fec3f7d70c1	30	21
Quel cavallo può parlare.	That horse can speak.	fd17fc98-80c1-5e08-a9c2-0a25d26f5e35	25	21
Tom ha dato da mangiare al cavallo.	Tom fed the horse.	3b7f8f40-6c86-5475-b3ae-660f80f39f94	35	18
Tom diede da mangiare al cavallo.	Tom fed the horse.	6418fd3f-d795-5f71-8abd-a2fd9e6a2da9	33	18
Dov'è il cavallo?	Where is the horse?	8e9996d9-182e-5d14-8f1d-b8b1f874209b	17	19
Tom ha comprato un cavallo.	Tom bought a horse.	1ff93272-5dae-5759-9cd9-aab8ba928deb	27	19
Tom comprò un cavallo.	Tom bought a horse.	d0e77484-2a3a-5bc3-be8a-27eb776034df	22	19
Dov'è il mio cavallo?	Where's my horse?	8e926ae7-6e6a-59db-b8c2-7e0c9e6df620	21	17
Chi ha rubato il mio cavallo?	Who stole my horse?	2825fc42-9250-546c-9ea4-20b4e6c2b110	29	19
Chi rubò il mio cavallo?	Who stole my horse?	31b631e2-4de4-51cf-b595-570b3e47d48f	24	19
Ha dato da mangiare al cavallo.	He fed the horse.	771a3d14-881a-58c8-9a6c-24845df991f8	31	17
Diede da mangiare al cavallo.	He fed the horse.	6ad5d0c6-2a20-572e-ba85-c2e7ef54668b	29	17
Il cavallo ha sete.	The horse is thirsty.	2869e533-eaf2-5c75-9e4c-9800d8465151	19	21
Il cavallo è assetato.	The horse is thirsty.	156bbb03-4534-502d-9cf7-fdf7286ac639	22	21
Karl è andato ad una tavola calda.	Karl went to a diner.	a692599f-05dc-531f-bdde-94f4639e8722	34	21
Karl andò ad una tavola calda.	Karl went to a diner.	39120041-150e-5abe-9097-8982f9d77fea	30	21
Mi ha permesso di andare.	She allowed me to go.	a721a219-f830-57fc-8a13-a386c1090aaf	25	21
Mi permise di andare.	She allowed me to go.	c8070293-ada8-5f4e-8b2d-694d67358c95	21	21
Mi dia il suo indirizzo.	Give me your address.	7453f9a0-dfea-5945-9530-30eee0f09dca	24	21
Metti la scatola qui.	Put the box here.	f39f0cdb-b117-58bc-953c-49e1359d0b0d	21	17
Metti la scatola qua.	Put the box here.	2b01d531-9c43-5a71-97cb-007eceb5946b	21	17
Metta la scatola qui.	Put the box here.	bec1d472-157d-58c2-82e5-89c59d969bc5	21	17
Metta la scatola qua.	Put the box here.	b49ccac8-ac79-53a2-ad84-0fe5183c3834	21	17
Mettete la scatola qui.	Put the box here.	03890294-cdf2-5d4f-b3ef-e28e78046c2c	23	17
Mettete la scatola qua.	Put the box here.	18964ba8-f99e-53e5-b336-d4526f49c41c	23	17
Prendi questa scatola.	Take this box.	b81d0f62-1c04-593e-b2cd-76d7e2862e9a	22	14
Prenda questa scatola.	Take this box.	0b404f0b-d110-5d4b-9261-0bccda1f8c90	22	14
Prendete questa scatola.	Take this box.	5e5a322a-5c30-5135-8077-fbc7fbf395d7	24	14
Lanciaci quella scatola.	Throw us that box.	fba1eb5c-5e43-57a5-8e21-e8c5efec1fcc	24	18
Lanciateci quella scatola.	Throw us that box.	a6f6f7c2-4ec6-597d-8ab2-7ecc2d5a8e8e	26	18
Ci lanci quella scatola.	Throw us that box.	7704d226-e853-5ea9-b723-b91774e0dd41	24	18
Lanciami quella scatola.	Throw me that box.	80db9682-b354-51e7-a300-26855a6d3710	24	18
Lanciatemi quella scatola.	Throw me that box.	e2270cdd-5fc1-5301-8596-62d861d4eb82	26	18
Mi lanci quella scatola.	Throw me that box.	c195268d-1e46-599d-874d-5348eabf6c11	24	18
Dai la scatola a Tom.	Give Tom the box.	be6307c9-7022-5516-a7f4-86fcdcbfd3db	21	17
Dia la scatola a Tom.	Give Tom the box.	629610e0-8b57-5116-bab5-87d81c5ed76d	21	17
Date la scatola a Tom.	Give Tom the box.	d5965fbf-b513-5b75-b7f9-a0be204d8731	22	17
Dammi la scatola.	Give me the box.	0898eca3-2c1c-5a71-90f8-f8b840cb8734	17	16
Mi dia la scatola.	Give me the box.	edfa5c77-710f-5380-9b13-f3a7088ff21a	18	16
Datemi la scatola.	Give me the box.	455e8e1f-c879-59ec-9e36-c01c618a9a25	18	16
Aprì la scatola.	He opened the box.	60fcadee-2ec1-5d0b-8dcf-72fc28bc883b	16	18
Ho bisogno di una scatola.	I need a box.	913a7e24-3d4e-58f3-82b3-4363e7c89e3c	26	13
Mi serve una scatola.	I need a box.	cd97fef0-dd6d-57c6-83eb-e7b5e4c1956e	21	13
Ivan si è accorto della scatola.	Ivan noticed the box.	d1c33569-cdaf-538e-9588-a8b959766e0f	32	21
Ivan si accorse della scatola.	Ivan noticed the box.	2a74a1c6-e30b-5f63-83af-a6e6bbcc3975	30	21
Ziri ha aperto la scatola.	Ziri opened the box.	16d20f50-efca-5c2c-9530-a06424d869e6	26	20
Ziri aprì la scatola.	Ziri opened the box.	40894fe4-95ad-54d8-9b66-228e8e286910	21	20
Dov'è la scatola?	Where's the box?	7b867a68-eee1-5536-b026-a0d666147b14	17	16
La scatola è qui.	The box is here.	3a0e9eb9-97b2-5427-9e11-4628854dc760	17	16
La scatola è qua.	The box is here.	0a2232fe-b44c-5445-8ee1-a0c5d8bc7be3	17	16
Questa è una scatola.	This is a box.	17592bdf-a1a2-5067-b59e-f2f75092556a	21	14
Questa scatola è enorme.	This box is huge.	7c07dfe2-025b-516b-b50d-9cdea5e09e82	24	17
Questa scatola è vuota.	This box is empty.	78d9c18c-eb65-5c0e-bc8e-18767cfd4f8b	23	18
Una scatola è sufficiente.	One box is enough.	8bc9c1b8-ae8e-5abf-81c9-656d2b7a58e9	26	18
La scatola è piccola.	The box is small.	2c4e47c4-018e-59dd-b38c-ce6e8b262eb2	21	17
Vedo una scatola.	I see a box.	026f665a-7a1b-5a48-afda-6be9e04732a9	17	12
C'è una scatola.	There is a box.	5bc313b9-d772-5122-9f45-c64017f302c0	16	15
Ho aperto quella scatola.	I opened that box.	469cd9b9-28a4-5f12-b3b8-5677f0341f8b	25	18
Aprii quella scatola.	I opened that box.	96959db6-bf51-58e9-a21b-93729d581f99	21	18
La scatola è leggera.	The box is light.	68513119-3a29-5dee-9f3a-8646360d63fe	21	17
La scatola è rotta.	The box is broken.	fb1ea85d-4986-5312-8041-70fe8bb9ee10	19	18
Ha schiacciato la scatola.	He crushed the box.	aad0cb86-8c4e-522a-bd14-e232fbfcd813	26	19
Schiacciò la scatola.	He crushed the box.	8d447834-ff12-5029-9649-70cee5e44ccd	21	19
Prendi la mia scatola degli attrezzi.	Get my tool box.	58601740-e46e-5483-bdf7-3a82899c2944	37	16
Prenda la mia scatola degli attrezzi.	Get my tool box.	9370bdd4-0d2e-5123-9fc9-59a4ea4e08cf	37	16
Prendete la mia scatola degli attrezzi.	Get my tool box.	4e034374-c589-5363-975d-0565d2724497	39	16
Fai una scatola.	You make a box.	3f2bfe65-11f7-5343-9849-535e2ac2406f	16	15
Fa una scatola.	You make a box.	5e958aec-5f7a-5f93-b926-d22ce30e1c16	15	15
Fate una scatola.	You make a box.	ad5a13ca-9a1a-5041-926e-20f1345a2bf9	17	15
La scatola contiene cinque mele.	The box contains five apples.	4e1f7278-18f5-5db2-9f4a-6c2658ec26d7	32	29
La scatola grande si sta muovendo.	The big box is moving.	418693d1-c2c6-5667-a7d0-8cab3b33284c	34	22
Antonio ha aperto la scatola di metallo.	Antonio opened the metal box.	8f8278fe-060a-529d-95f3-ae6a677ac8df	40	29
Antonio aprì la scatola di metallo.	Antonio opened the metal box.	8e1255eb-c24d-5ad3-9792-5806e40cdfc5	35	29
Martino ha guardato dietro la scatola.	Martino looked behind the box.	222faa66-1275-5480-ac27-0a402ca19924	38	30
Martino guardò dietro la scatola.	Martino looked behind the box.	538445f7-cd6f-5379-b499-3b150b509368	33	30
La scatola era pitturata di blu.	The box was painted blue.	86f6a327-02e3-56df-a8c9-5a175830770a	32	25
La scatola era dipinta di blu.	The box was painted blue.	796dab00-8ee0-5a0a-ab28-89bb8a1861dd	30	25
Cosa c'è sulla scatola?	What's on the box?	1f5234fe-0b1e-5095-a471-9ee2b04f0657	23	18
Che cosa c'è sulla scatola?	What's on the box?	df4b109a-d07a-59f7-9c93-a5e6a4965132	27	18
Non spostare quella scatola.	Don't move that box.	227e7987-fba3-5a26-b994-d809cc516c0d	28	20
Non spostate quella scatola.	Don't move that box.	c87b4ccd-5abb-5751-922c-7797ada5b96c	28	20
Non sposti quella scatola.	Don't move that box.	617ac4dc-0031-530c-894a-926ed70bb0bd	26	20
Chi ha messo la scatola lì?	Who put the box there?	a4e8b27e-d644-523b-8a29-36b684e20237	27	22
Chi ha messo la scatola là?	Who put the box there?	09805912-0b9a-52c9-b75c-6163c81163b2	27	22
Ziri ha passato una scatola a Rima.	Ziri handed Rima a box.	f4c072eb-e9b0-5f68-a7bc-47fee70e15a3	35	23
Ziri passò una lettera a Rima.	Ziri handed Rima a box.	0201acfe-393a-5efa-98f1-b7f19a76e189	30	23
Ziri ha ripreso la scatola.	Ziri took the box back.	3a2c373d-2f3e-5001-836d-8eda065ae49f	27	23
Ziri riprese la scatola.	Ziri took the box back.	eb9e77ab-bf7d-56f8-9086-8c632649e6f8	24	23
Mary sembra essere pronta per lavorare.	Mary looks like she's ready to work.	653538c3-02de-5f8d-8a83-5ee85cf18a26	39	36
È avorio.	It's ivory.	3ba3aaa5-4b34-5bcc-9f4d-b105e2938966	9	11
Il traffico di avorio è illegale.	Traffic in ivory is illegal.	946164cb-2f4d-5e74-b21c-95cea40d8199	33	28
Le zanne degli elefanti sono fatte di avorio.	Elephant tusks are made of ivory.	0ff54b13-17ce-5a2c-a04d-447b176923ce	45	33
Questo asciugamano è di colore avorio.	This towel has an ivory color.	5aa2038e-9767-5b48-91ac-e0c184bb196f	38	30
La capitale della Costa d'Avorio è Yamoussoukro.	The Capital of Ivory Coast is Yamoussoukro.	a44b3ac4-69b2-52d3-bab7-1cbe496ab87e	48	43
Odia il ghiaccio.	He hates ice.	26ed5601-29dd-5d64-89a9-382acaceeaed	17	13
Lui odia il ghiaccio.	He hates ice.	cdfff581-ca81-5de6-b7ce-5da187113323	21	13
Il ghiaccio è fresco.	Ice is cool.	620770f7-a23a-598c-9744-9fb7e38417a5	21	12
Il ghiaccio è freddo.	Ice is cool.	1411e8d7-a96a-55b8-a9ff-63b13a4c7054	21	12
Tom voleva del gelato.	Tom wanted ice cream.	a73e1226-3485-59d1-aa64-c26593af9d59	22	21
È principalmente ghiaccio.	It's mostly ice.	04101317-4ce4-5177-9cd8-ef79bdce75db	26	16
Vuole del gelato.	He wants ice cream.	fd8d88c6-a6b2-50f1-9ed7-a9c59b199103	17	19
Voleva del gelato.	He wanted ice cream.	c4e15acb-a7de-5ff7-a037-c8de026b956c	18	20
Ci piace il gelato.	We like ice cream.	3f1e75ed-f131-5d0a-a216-3e0515c2507d	19	18
A noi piace il gelato.	We like ice cream.	18268f5b-ea3b-56f7-8402-b5a7aaef8093	22	18
Ho comprato del gelato.	I bought ice cream.	2b2bd9a9-c837-5257-bafb-9426ff438f5b	23	19
Comprai del gelato.	I bought ice cream.	70d02e1e-8583-51c0-bdd9-791a2b1c3998	19	19
Damiano ha rubato del gelato.	Damiano stole ice cream.	e03b5fd2-bb93-5ca5-ad3c-fb0ea21fa970	29	24
Damiano rubò del gelato.	Damiano stole ice cream.	f8757af1-9821-5b15-8a36-1833565b5b79	24	24
Dove sono questi gatti?	Where are these cats?	e40ddb02-1160-5fc7-8650-54ecb75ecb05	23	21
La musica rende felici i gatti.	Music makes cats happy.	7fcad1ee-2fa5-56d5-9785-417cb78347f4	31	23
I gatti sono animali puliti.	Cats are clean animals.	adbef1b2-d647-5732-a162-f2d1d2b24a0e	28	23
Ziri ama i gatti siamesi.	Ziri loves Siamese cats.	31478fe9-eaa3-5772-ad40-d3806f749b94	25	24
I gatti hanno degli istinti potenti.	Cats have powerful instincts.	9450daf4-6477-597e-a411-5fd00df1b689	36	29
Va pazzo per i gatti.	He's crazy about cats.	69c0edb9-5be7-55f1-be9d-70f537589bf0	21	22
Ziri ha comprato del gelato.	Ziri bought ice cream.	1f0c1fc7-4707-55d8-a5b1-ae13c6078697	28	22
Ziri comprò del gelato.	Ziri bought ice cream.	7bccbd84-0aa3-5a00-b3f2-2e0035810833	23	22
Yanni ha mangiato del gelato.	Yanni ate ice cream.	1af72db1-779d-532e-a760-1218a9adc540	29	20
Yanni mangiò del gelato.	Yanni ate ice cream.	f099a1f1-edd0-5896-86df-50b0c3eb5734	24	20
Tom ha mangiato del gelato.	Tom ate ice cream.	f4b4b12c-b30b-581e-97c3-a26d9ff2e6f5	27	18
Tom mangiò del gelato.	Tom ate ice cream.	b0f1cac8-6dae-5126-bdaf-085d5f6da551	22	18
C'è del ghiaccio dappertutto.	There's ice everywhere.	bc561049-a8f6-5b17-916c-a3ffaa191c42	29	23
Tom vuole del gelato.	Tom wants ice cream.	9b6f7909-cc22-5539-ad67-33f745650da7	21	20
Vedo il ghiaccio.	I see the ice.	0cc8adcd-96b8-5f91-8219-67134c9e3882	17	14
Ai bambini piace il gelato.	Children like ice cream.	d1a27e96-96c7-5d57-9791-cd8535c84445	27	24
Sami voleva del gelato.	Sami wanted ice cream.	a6ff0bbc-0514-5d8d-a8a2-c7b577036f24	23	22
Mi piace l'hockey su ghiaccio.	I like ice hockey.	974418ff-68c8-5d04-bcaa-1734abe22a48	30	18
A me piace l'hockey su ghiaccio.	I like ice hockey.	0edcc6c5-e2bf-5917-9d09-8b4c4228ce71	32	18
Vai a comprare del ghiaccio.	Go buy some ice.	47b6264e-29f7-5850-99a0-4915f3e53368	28	16
Vada a comprare del ghiaccio.	Go buy some ice.	9c57b798-8a27-5503-94d7-f450be239aec	29	16
Andate a comprare del ghiaccio.	Go buy some ice.	11a6f4d4-844b-5bac-962b-7e1866c853ac	31	16
Chi vuole del gelato?	Who wants ice cream?	533f827b-244f-590f-bcc4-3ceca1759395	21	20
Il camion dei gelati!	The ice cream truck!	1da440b6-90b7-507b-9155-f4f6a9f697d5	21	20
Perché il ghiaccio galleggia?	Why does ice float?	a2c893db-cbc0-58dd-994f-d5c218aef910	29	19
Il ghiaccio è molto freddo.	Ice is very cold.	17e566ac-7f89-5a23-b7b4-5a6517772bf3	27	17
Aggiungi molto ghiaccio.	Add lots of ice.	16add7bd-f819-51c3-99f8-99c60e62857c	24	16
Aggiunga molto ghiaccio.	Add lots of ice.	233ab0cf-2232-504b-84c2-a35d0d9151ee	24	16
Aggiungete molto ghiaccio.	Add lots of ice.	0b66feb2-7406-5e8f-be69-7e96f4bce000	26	16
Preferisco il gelato alla vaniglia.	I prefer vanilla ice cream.	8617fd94-70cd-569b-9642-958a788738c5	35	27
Io preferisco il gelato alla vaniglia.	I prefer vanilla ice cream.	a91681b3-9fc2-5a60-9782-31d613bbfd55	38	27
Il ghiaccio è più duro dell'acqua.	Ice is harder than water.	7dbd698a-dab0-532f-9be4-64c97d1146f8	34	25
Hai preso del gelato?	Did you get ice cream?	6c8577c9-c00d-5c11-bb70-6910e14f6109	21	22
Ha preso del gelato?	Did you get ice cream?	89033b08-64f6-5de0-9152-92f87c92112c	20	22
Avete preso del gelato.	Did you get ice cream?	72702713-cfd4-55c3-8b08-dffc31663eea	23	22
Le tue mani sono fredde come il ghiaccio.	Your hands are ice-cold.	92262548-726a-510a-a77b-d141814f1a66	41	24
Le sue mani sono fredde come il ghiaccio.	Your hands are ice-cold.	0bd72b39-0245-51ca-97aa-a34cabb4e7b8	41	24
Le vostre mani sono fredde come il ghiaccio.	Your hands are ice-cold.	02ba962d-70f6-5706-9f00-6323f6aa1406	44	24
Il ghiaccio era molto spesso.	The ice was very thick.	66331afb-067d-5a5c-8364-46d616d11e96	29	23
Urano è un gigante di ghiaccio.	Uranus is an ice giant.	7c3e7cc9-10a2-5924-8fa1-7b5c70f9648b	31	23
Tom vuole altro gelato.	Tom wants more ice cream.	4f96c361-a46e-59d9-ad41-c457f8bf09b2	23	25
Sta mangiando del gelato.	She's eating ice cream.	46ab1fc4-be4f-5776-857a-2cd6ab99adee	25	23
Mangi un gelato.	You eat an ice cream.	fca2a5f3-a940-5de2-af14-edb7499aa086	16	21
Tu mangi un gelato.	You eat an ice cream.	01c681c8-935a-5c28-98ee-de301c226afd	19	21
Mangia un gelato.	You eat an ice cream.	68924389-eaae-5b2b-8774-7a0de2a57b9a	17	21
Lei mangia un gelato.	You eat an ice cream.	c0f85499-aa53-5f06-b565-d15185dd39ac	21	21
Mangiate un gelato.	You eat an ice cream.	55bac8de-9320-5881-9e16-3ee26790259c	19	21
Voi mangiate un gelato.	You eat an ice cream.	bf85e539-7c61-50d1-ae9b-26fcf614cff7	23	21
Era fatto di ghiaccio.	It was made of ice.	8c69ad39-92bf-5fa6-b008-d1ceca391e0c	22	19
Era fatta di ghiaccio.	It was made of ice.	c4ff469a-4a3e-577c-a629-b896611697ef	22	19
È freddo come il ghiaccio!	It's cold as ice!	262ede6a-a7da-5053-bd1d-0ace8aee391e	26	17
È fredda come il ghiaccio!	It's cold as ice!	bcbdbb93-a6a5-554d-9104-90aa1456b38a	26	17
Ha comprato un gelato.	He bought an ice cream.	ebafa32c-fb63-5c04-9503-0407b532d89e	22	23
Comprò un gelato.	He bought an ice cream.	bdc10aa0-d7a9-5a13-adac-b84f9248c233	17	23
Stanno mangiando del gelato.	They are eating ice cream.	0a64d406-d739-5438-822f-6a3c61d38c19	28	26
Yanni ha ordinato del gelato.	Yanni ordered some ice cream.	394c1493-233c-5e78-9d03-38ba07441cd8	29	29
Yanni ordinò del gelato.	Yanni ordered some ice cream.	4bb725a6-fefb-5bc1-ab56-d42117acf0c1	24	29
Siamo senza ghiaccio.	We're out of ice.	9a9ee13f-b5c1-5206-b662-a2e836a9b53c	21	17
Qualcuno vuole del gelato?	Does anyone want ice cream?	1e8fbc90-aecb-52b0-9092-11b14f39b490	26	27
Yanni è scivolato sul ghiaccio.	Yanni slipped on the ice.	0d6dae63-0b98-502c-a460-8ef80c4835d6	31	25
Yanni scivolò sul ghiaccio.	Yanni slipped on the ice.	0311b03a-ad41-519c-b0d4-87ee4351cc0e	27	25
Guidare sul ghiaccio è pericoloso.	Driving on ice is dangerous.	0c432ecb-0b72-5631-b28b-105292e5a80d	34	28
Vedi il ghiaccio?	Do you see the ice?	c4c3c09c-054a-5b30-9b54-d856a712cfe0	17	19
Vede il ghiaccio?	Do you see the ice?	1bfc951b-61b4-5aa8-8b21-e8e91dd49911	17	19
Vedete il ghiaccio?	Do you see the ice?	cac9b2d1-04da-5252-9791-5f2a4d7a6330	19	19
Mary sta mangiando del gelato.	Mary is eating ice cream.	ef5d3cb8-2432-5e6f-bf23-6b9277a49a2d	30	25
Le piace il gelato alla vaniglia.	She likes vanilla ice cream.	e2e1e789-d540-511a-8155-3530a3d9994b	33	28
A lei piace il gelato alla vaniglia.	She likes vanilla ice cream.	a7147cac-3447-5019-8948-07b6c0d0a908	36	28
A chi piace il gelato alla vaniglia?	Who likes vanilla ice cream?	ef41963b-17fc-5010-b11e-6b7d6128da05	36	28
Sto mangiando del gelato.	I'm eating ice cream.	a2d0f336-1a82-5afd-b438-2a7c07f2b836	25	21
Anche io ho mangiato del gelato.	I ate ice cream too.	cc1724ac-a0cc-50fd-a1f0-9602fcc4024f	32	20
Anche io mangiai del gelato.	I ate ice cream too.	1a5d4bfe-3887-5a6a-9c43-b3a46baf02ce	28	20
Sami stava mangiando del gelato.	Sami was eating ice cream.	5be3b1c7-07e6-528c-84c0-0d822e906f6d	32	26
Il gelato di Sami si è sciolto.	Sami's ice cream melted.	9894ae72-859a-57db-a15c-7fcfdc32d8cb	31	24
Il gelato di Sami si sciolse.	Sami's ice cream melted.	397eff1b-aa1b-53a6-83a1-407e7de98a0b	29	24
Sami ama il gelato alla vaniglia.	Sami loves vanilla ice cream.	c9f26244-b8c9-5977-afbe-311195fdcd5f	33	29
A Sami piace il gelato al cioccolato.	Sami likes chocolate ice cream.	eb5b57cf-a1d2-5c06-8a16-068b11bef993	37	31
Sono scivolato sul ghiaccio.	I slipped on the ice.	a8ee7bfc-9cdd-5aeb-8f0a-b457a164a803	28	21
Sono scivolata sul ghiaccio.	I slipped on the ice.	db7f1271-c978-51a4-b6bb-e43d7ba09065	28	21
Scivolai sul ghiaccio.	I slipped on the ice.	ab77cdba-75f3-5601-a7dc-55559a3d4806	22	21
Il gelato era delizioso.	The ice cream was delicious.	9d151ce3-ee53-5020-aa11-4afae3997884	24	28
La macchina per il ghiaccio è rotta.	The ice machine is broken.	975d0fd4-d11d-5ec1-a705-35147ef31405	36	26
Il sale fa sciogliere più velocemente il ghiaccio.	Salt makes ice melt faster.	deba51f9-ad1f-501c-8bae-670c663c2f31	50	27
Amo il gelato al pistacchio.	I love pistachio ice cream.	c3ff284b-9a83-55a4-b425-7633d8ea0c59	28	27
Io amo il gelato al pistacchio.	I love pistachio ice cream.	ac53e44f-57dd-51d2-a310-16aad0a7111e	31	27
Tom sta mangiando del ghiaccio.	Tom is eating ice cream.	307dab32-4c7f-5ee5-903e-33ffdc206744	31	24
I bambini amano il gelato.	Kids love ice cream.	c663e490-ec16-5ffd-9ce7-8a41e54503fa	26	20
È gelato.	It's ice cream.	edb841d8-fc07-59c7-aa94-8bc912884db2	9	15
Tom ha comprato del gelato.	Tom bought ice cream.	34362e04-9bc2-5634-a459-b9ae5be6cf52	27	21
Tom comprò del gelato.	Tom bought ice cream.	eaf93873-fa50-505e-9860-46e30ea90b03	22	21
Ziri vuole del gelato.	Ziri wants ice cream.	59608c68-9334-5038-b5fc-88f2f15dc938	22	21
Ziri voleva del gelato.	Ziri wanted ice cream.	6c95840f-b03b-5911-aace-8453f71b5471	23	22
Ziri odia il gelato.	Ziri hates ice cream.	91cfb0c1-7fba-5ed1-8927-60034aeaab9a	20	21
Ziri ha mangiato del gelato.	Ziri ate ice cream.	c26c0fd1-b2c9-58e8-98b1-7c227f45915e	28	19
Ziri mangiò del gelato.	Ziri ate ice cream.	fa38603b-7bfb-5c2c-a9b6-bce0f238c5de	23	19
Tom ha fatto del gelato.	Tom made ice cream.	97aaebc3-4d09-56db-912d-f0855ab383a7	24	19
Tom fece del gelato.	Tom made ice cream.	b74a94b9-a6b7-58a9-95c9-4af8ef299e30	20	19
Sami amava il gelato.	Sami loved ice cream.	d5535afa-dc95-5d0f-9e2c-7898fb507ad5	21	21
A tutti piace il gelato.	Everybody likes ice cream.	9f532ea4-6e6c-5669-b7bb-5d2ba2379add	24	26
Vuole altro gelato.	She wants more ice cream.	ccaba50f-3cac-5022-ab68-b32a57d65718	19	25
Ha provato il gelato.	He tried the ice cream.	7b8a0bbf-06f8-52ec-9510-174e9e7d8da4	21	23
Provò il gelato.	He tried the ice cream.	39859313-48e9-5346-9ee5-1536dd530356	16	23
Il gelato si stava sciogliendo.	The ice cream was melting.	33a0a22f-cd6a-5df3-b01a-99252e11854d	31	26
Mi piace il gelato caldo.	I like warm ice cream.	695b62b1-ecff-597c-9a49-7efb7ad8ce0a	25	22
A me piace il gelato caldo.	I like warm ice cream.	4904f7d6-c492-5fa4-8774-5056f9cbefab	27	22
Ziri ha portato del gelato.	Ziri brought some ice cream.	8fd0ae4d-abef-5119-9e08-e9ea8906725e	27	28
Ziri portò del gelato.	Ziri brought some ice cream.	e5072fbb-952d-5952-981f-289ef0f58dbb	22	28
Yanni si merita del gelato.	Yanni deserves some ice cream.	994a3c48-e7bf-5430-bd93-889571f88038	27	30
Yanni ha comprato del gelato.	Yanni bought some ice cream.	248bd2f1-385d-5d30-a97e-20d8e6fdd708	29	28
Yanni comprò del gelato.	Yanni bought some ice cream.	06b5a62b-4e24-5b01-aa7b-c8c7d57ed014	24	28
Un gelato alle fragole, per favore.	A strawberry ice cream, please.	a206ebb3-69eb-5455-8844-e7ba899b5fee	35	31
Un gelato alle fragole, per piacere.	A strawberry ice cream, please.	3bd5ca5a-ba53-5f4c-bab7-27b807db4023	36	31
Un gelato al mango, per favore.	A mango ice cream, please.	b74ac1f3-0f06-55c9-aeaa-835f22d00eb4	31	26
Un gelato al mango, per piacere.	A mango ice cream, please.	2799a221-1f26-5c3e-b2ac-8b8aa577338a	32	26
Il gelato è buono?	Is the ice cream nice?	fe644397-f3f7-510f-b346-cccef18b85cf	18	22
Amo il gelato alla menta.	I love mint ice cream.	e2773fb9-89a6-51a9-be1a-388280e8cba3	25	22
Io amo il gelato alla menta.	I love mint ice cream.	e12d6c11-abed-563e-9412-aef00718785d	28	22
Personalmente preferisco il gelato al cioccolato.	I personally prefer chocolate ice cream.	a5020589-33d1-516a-90e3-42361a4b1b14	49	40
Il gelato al cioccolato è il mio preferito.	Chocolate ice cream is my favorite.	57062728-7f80-5dc6-8d5e-c115ac87b984	43	35
Ziri sta mangiando del gelato algerino.	Ziri is eating Algerian ice cream.	eddaf060-1c65-598d-b302-5729085926d2	39	34
Tom è andato a prendere del gelato.	Tom went to get ice cream.	186c3df3-0c52-5dfa-b26a-41cfd5510ec4	35	26
Tom andò prendere del gelato.	Tom went to get ice cream.	8594a2bd-38ee-5546-b9a6-bd0ae13e3a7e	29	26
Si è comprata un gelato.	She bought herself an ice cream.	5ae7066e-2415-5bf0-a965-d883aebad19a	24	32
Si comprò un gelato.	She bought herself an ice cream.	2783a88c-ddf6-5104-bab9-9a83ed69e180	20	32
La macchina per il gelato è rotta.	The ice cream machine is broken.	b3cc5a08-3baf-5042-9d40-7584f5c2dd90	34	32
Ti piace il gelato al cioccolato?	Do you like chocolate ice cream?	f7e6f6f8-51bc-568e-9eee-ada316999728	33	32
Vi piace il gelato al cioccolato?	Do you like chocolate ice cream?	5df75620-4fb6-58bd-b58a-7b631a8f8b44	33	32
Le piace il gelato al cioccolato?	Do you like chocolate ice cream?	88e19c91-75c3-502c-b318-ac3edbc09f71	33	32
A te piace il gelato al cioccolato?	Do you like chocolate ice cream?	babe7617-3856-5061-a325-5d319925f37a	35	32
A voi piace il gelato al cioccolato?	Do you like chocolate ice cream?	f133b441-038a-5d21-89d0-9c4af0acacc5	36	32
A lei piace il gelato al cioccolato?	Do you like chocolate ice cream?	5eca43f3-0a70-594c-ad6c-def01e9778a5	36	32
Tom non mangia il gelato.	Tom doesn't eat ice cream.	50569773-3088-50f1-a281-d88b874d0596	25	26
Tom mangia molto gelato.	Tom eats lots of ice cream.	3eca222f-83f6-5774-b096-4cd0eeb3a458	24	27
Sua sorella l'ha invitato a pranzo.	His sister invited him to lunch.	df84449b-128e-5f66-b69a-368d9d687e98	35	32
Sua sorella lo invitò a pranzo.	His sister invited him to lunch.	67e3e7c2-35ff-5b04-b4c1-2212411ea00e	31	32
Ho fatto questa piscina per Tom.	I made this swimming pool for Tom.	015b7dd7-18c7-5c39-b2d2-c3d28dd43889	32	34
Feci questa piscina per Tom.	I made this swimming pool for Tom.	52b64d0f-8826-5d4c-86cc-7799c7615696	28	34
Donald ha portato Jessica alla festa.	Donald brought Jessica to the party.	369412d8-4c04-5d01-91e9-42601ce412af	37	36
Donald portò Jessica alla festa.	Donald brought Jessica to the party.	069b1b20-08aa-5af5-9342-0d91e258ac83	32	36
È triste, ma vero.	It's sad, but true.	7c6116c7-fd96-54b4-8214-cc8ad1e9a7b7	18	19
È triste, ma vera.	It's sad, but true.	7897999b-799c-5ccf-9660-7ebbbaccf878	18	19
Il calcio è per i pazzi.	Football is for crazy people.	67ad0016-fac2-5823-aa99-62cc3ff6c901	24	29
Ecco l'estate.	Here is summer.	40332f83-855e-5eb1-80db-2f015ede5167	14	15
L'estate era bella.	Summer was beautiful.	1fe0fbeb-de30-5734-b15e-d0c81b4a6804	19	21
L'estate è stata bella.	Summer was beautiful.	1ace5e2c-3643-5ac8-87d7-4c9cb3580e65	23	21
L'estate fu bella.	Summer was beautiful.	60794915-66e9-5b54-b7b0-99f898bb3819	18	21
Era estate.	It was summer.	929dd0b6-7ec2-5dd5-9865-f5687db8da12	11	14
È estate.	It's summer.	1d647937-a6c8-5e35-a94c-cf0f7e765cf6	9	12
Felice solstizio d'estate!	Happy Summer Solstice!	a127972b-8efb-5d3b-b431-9ccfd8045f2d	26	22
Le vacanze estive sono lunghe.	Summer vacation is long.	86621fa7-7e32-5331-ac03-4f3bf2eb5bbb	30	24
L'estate non è lontana.	Summer is not far.	6d4c94d9-4425-549a-a692-fd5e3a99649c	23	18
Dopo la primavera arriva l'estate.	After spring comes summer.	9e8d0084-54f5-5f11-9782-7a7346f83996	34	26
Dopo la primavera viene l'estate.	After spring comes summer.	dbe361a2-ca1c-51d6-9396-a3d8833bc532	33	26
Quando inizia l'estate?	When does summer begin?	afb53af1-f0b5-5c43-b0d0-cd804986828d	23	23
Quando comincia l'estate?	When does summer begin?	4f2f337d-f934-57ec-ab58-cba12e457a02	25	23
È già estate.	It's already summer.	49362d7f-c18e-54ba-9b27-56797eb286bc	13	20
Quest'estate è stata secca.	This summer was dry.	3afa70a1-e143-5e7c-86b5-846ca314032d	27	20
Questa estate è stata secca.	This summer was dry.	e731e0df-0edf-50d9-8409-9f97715ce7a4	28	20
A Tom non piace l'estate.	Tom dislikes summer time.	c0be65e4-2e39-5b0e-a06b-00052db35dd4	25	25
L'estate è passata rapidamente.	The summer passed rapidly.	4af86924-38dd-5996-8b6c-55b30ec89fc7	31	26
L'estate passò rapidamente.	The summer passed rapidly.	f4d154a9-4581-5548-8f2e-8a4a01b37c34	27	26
Le vacanze estive sono presto.	Summer vacation is soon.	99f199a3-f37f-523b-bfb1-52fa6fc87d10	30	24
Amo la pioggia estiva.	I love summer rain.	ae4582db-96ef-586d-8353-e4ed87ae94d4	22	19
Io amo la pioggia estiva.	I love summer rain.	54ca803c-91e2-57a4-8a96-74e718d6eb70	25	19
L'estate è appena iniziata.	Summer has just begun.	fe9d4c94-e5b2-528e-807b-895a75b00d2d	27	22
L'estate è appena cominciata.	Summer has just begun.	6f1d2c9c-5b07-508f-80bc-eb580f4d7481	29	22
Va in campeggio ogni estate.	She goes camping every summer.	8cc89b54-0137-5f04-8e14-0fb1a070f15b	28	30
Siamo andati in campeggio la scorsa estate.	We went camping last summer.	223bfe01-bd7f-57ca-bff9-693adfdb2e18	43	28
Siamo andate in campeggio la scorsa estate.	We went camping last summer.	0b8a70e6-cc8d-5394-8aa7-92b4507676e2	43	28
Tornano ogni estate.	They come back every summer.	7dfda74c-0fec-5ae6-846f-05b8627cb03d	20	28
Tom visita Boston ogni estate.	Tom visits Boston every summer.	e2de31e8-0db0-54f4-85f7-5dd853586d49	30	31
Daniel era al campo estivo.	Daniel was at summer camp.	47b2defe-dfd1-50b2-ae03-5425fdb3f264	27	26
Ora l'inverno è come l'estate.	Now winter is like summer.	72c7b22f-ea4d-5205-8455-3cb1f54dd561	30	26
Adesso l'inverno è come l'estate.	Now winter is like summer.	f8a3c2f9-4839-52b7-b6fd-3f32c86510df	33	26
L'estate è una stagione calda.	Summer is a hot season.	757eaab8-0640-55b6-824f-cb36e35537d6	30	23
Non se ne accorge neanche.	He doesn't even notice.	930688f0-7270-5cea-9cd3-14b5b2947a40	26	23
Non se ne accorge neppure.	He doesn't even notice.	210da4e7-39bd-533e-a1ab-6f161cd6cda7	26	23
Non se ne accorge nemmeno.	He doesn't even notice.	951b7b67-0d71-582c-8b7e-04f7aa8eaf29	26	23
Palestina libera!	Free Palestine!	d587e3e0-0568-5f65-a30f-75090662a025	17	15
Il nostro pappagallo sa abbaiare.	Our parrot can bark.	fcf8f613-3c34-5a77-9352-83e73cb78c6b	33	20
Il nostro pappagallo può abbaiare.	Our parrot can bark.	15b997a5-01c7-516f-92c8-40eeb08a4805	34	20
Il nostro pappagallo riesce ad abbaiare.	Our parrot can bark.	88728241-12c8-5875-b029-199ec2908dcc	40	20
Il nostro pappagallo parla in spagnolo.	Our parrot speaks Spanish.	2f1928a8-c72e-5487-9121-65d06e0c8d6e	39	26
Ziri ha comprato un pappagallo.	Ziri bought a parrot.	63db53a4-c0bc-5872-9ada-cf653bc0da79	31	21
Ziri comprò un pappagallo.	Ziri bought a parrot.	4d7e5526-83db-5898-804c-168ad400d453	26	21
Ziri ha un pappagallo.	Ziri has a parrot.	52efc2a1-6ed9-5a71-91cf-305ab1813e21	22	18
È un pappagallo?	Is that a parrot?	895d586d-8790-5da5-9524-ff4ab312eb3b	16	17
Quello è un pappagallo?	Is that a parrot?	f9d67cdf-49da-5d33-a3b7-ac8985e923d7	23	17
John si è ricordato del suo pappagallo.	John remembered his parrot.	877bef41-c6de-52a5-b23d-8c743f07fd72	39	27
John si ricordò del suo pappagallo.	John remembered his parrot.	192b74c9-877a-50e7-b93b-41ff3052270d	35	27
Tom ha comprato un pappagallo.	Tom bought a parrot.	2f0ca2e4-c873-5b9b-913f-01f249d02597	30	20
Tom comprò un pappagallo.	Tom bought a parrot.	61403a83-5e05-5f33-8e33-7690a283241f	25	20
Il pappagallo di Sami morde.	Sami's parrot bites.	0ee1a5b6-29ed-5695-8cd0-a18a1f6defde	28	20
Comprami un pappagallo.	Buy me a parrot.	9f1536d0-fe9e-5dcd-97ac-74d8adfc69ec	23	16
Mi compri un pappagallo.	Buy me a parrot.	94a0308e-e122-58a4-bcc4-653116971791	24	16
Compratemi un pappagallo.	Buy me a parrot.	f82e2274-4574-5ce9-bbc9-1fb23e96ac2a	25	16
Hai comprato un pappagallo.	You bought a parrot.	15329cea-7b4d-58e1-b64c-b81d871abc88	27	20
Ha comprato un pappagallo.	You bought a parrot.	ce8420b6-2839-5836-8667-ae67c2a6c9fe	26	20
Avete comprato un pappagallo.	You bought a parrot.	176a6ad6-0e66-5a71-bc1f-014d3fd9fdd9	29	20
Parli come un pappagallo.	You talk like a parrot.	bb742e30-1107-5836-b142-233d512c6dbb	25	23
Parla come un pappagallo.	You talk like a parrot.	d08ee0d2-5722-5110-8891-c2d39425ccc6	25	23
Parlate come un pappagallo.	You talk like a parrot.	843153f3-a43c-5dad-9167-cb6df5537722	27	23
ChatGPT è un pappagallo americano.	ChatGPT is an American parrot.	31cad99d-7675-5692-b069-de67b7c8cb31	34	30
Qualcosa stava irritando il pappagallo.	Something was irritating the parrot.	9becd666-069e-5b73-afff-9400473fcf8b	39	36
Tobias ha chiamato il pappagallo Isabella.	Tobias named the parrot Isabella.	5b3e1912-597c-5bdc-b707-8fa46c538a90	42	33
Tom chiamò il pappagallo Isabella.	Tobias named the parrot Isabella.	95c8855f-cd25-54df-93af-62f980f3670a	34	33
Il pappagallo di Ziri stava cantando.	Ziri's parrot was singing.	cc94fc37-ce68-5d0d-93e9-d44dbaf5cbc4	37	26
È un pappagallo morto.	It's a dead parrot.	2a40a26e-dbd5-5b43-bb18-da0de87feb9d	22	19
Yanni ha parlato con il suo pappagallo.	Yanni talked to his parrot.	533df28e-7506-5b81-a282-a80692dc4be0	39	27
Yanni parlò con il suo pappagallo.	Yanni talked to his parrot.	46475c17-dab4-551e-8d74-4e584a667305	34	27
Il pappagallo di Yanni mangia i fichi.	Yanni's parrot eats figs.	ad74e873-a604-57bc-9696-9d0ea9fa2cd0	38	25
Sami ha insegnato l'alfabeto al suo pappagallo.	Sami taught his parrot the alphabet.	5cf534d1-e088-595d-9fcb-bf8e1d11828c	47	36
Sami insegnò l'alfabeto al suo pappagallo.	Sami taught his parrot the alphabet.	dd4110ce-3e2b-549b-b1db-7c21a3c18736	42	36
Ho un gatto e un pappagallo.	I have a cat and a parrot.	270a1555-a4a8-5d69-98c1-9c0512fa242d	28	26
Ho una gatta e un pappagallo.	I have a cat and a parrot.	76756a5c-a668-506a-90ac-2c5a3d09d009	29	26
Io ho un gatto e un pappagallo.	I have a cat and a parrot.	1fb1a7d5-5688-58d8-8237-94c3e70e34b9	31	26
Io ho una gatta e un pappagallo.	I have a cat and a parrot.	e775212a-58b0-59b0-851b-aec4428f247e	32	26
Il pappagallo di mia zia dice parolacce.	My aunt's parrot says dirty words.	c2498e0a-6d9e-5e16-b05f-f556a47a17c6	40	34
Il pappagallo di Sami non conosceva Layla.	Sami's parrot didn't know Layla.	af3c3cc9-46b5-5fe6-accf-84e935b4b019	42	32
Il pappagallo di Sami è il suo migliore amico.	Sami's parrot is his best friend.	073aed3f-e0cd-5f91-8c94-6fd911d84389	46	33
Sami si è preso cura del pappagallo di Layla.	Sami took care of Layla's parrot.	6ebe8bb6-a9d6-5b41-8e7c-0d970db49a43	45	33
Sami si prese cura del pappagallo di Layla.	Sami took care of Layla's parrot.	9ae26614-3ddb-5d1a-9609-4c42751c2480	43	33
Il pappagallo di Sami ha imparato a parlare.	Sami's parrot learned how to talk.	ef27494e-47ed-59a0-aaeb-d2df0a090424	44	34
Il pappagallo di Sami imparò a parlare.	Sami's parrot learned how to talk.	c363060d-9077-51d1-b31b-c0a98abbaddf	39	34
Tom ha un pappagallo che parla in francese.	Tom has a parrot that speaks French.	3b5f1af4-c71e-517b-8378-caffface7fa6	43	36
Il pappagallo di Sami non aveva una coda.	Sami's parrot didn't have a tail.	93117832-1270-5c79-9b61-622a18de9307	41	33
Il pappagallo di Sami non aveva paura di niente.	Sami's parrot wasn't scared of anything.	23ab5995-6fee-562a-8f79-53d3ca2c0c86	48	40
Il pappagallo di Sami non aveva paura di nulla.	Sami's parrot wasn't scared of anything.	952a013f-3206-5caf-8e0b-701f3d459e86	47	40
Sei un maiale!	You're a pig!	1469e561-5cf5-54ec-a310-24161c5a7c86	14	13
È un maiale!	You're a pig!	15040863-60af-5ebb-b5d2-da8a770ea6b6	12	13
Incontra il mio maiale robotico.	Meet my robotic pig.	b746c7fa-4ecd-5f84-b4fe-d1ada2751490	32	20
Incontrate il mio maiale robotico.	Meet my robotic pig.	cff06238-50cc-5dec-a4c7-a50042d242c1	34	20
Incontri il mio maiale robotico.	Meet my robotic pig.	34616c06-50c4-556f-ae52-3be10a5e0616	32	20
Conosci il mio maiale robotico.	Meet my robotic pig.	8fc9f275-77c1-58ec-b2f5-f2ed6a02c2b2	31	20
Conosca il mio maiale robotico.	Meet my robotic pig.	5b73c6d4-c99c-5e75-baf9-dcc2b9316370	31	20
Conoscete il mio maiale robotico.	Meet my robotic pig.	bb1f2d04-becf-585d-87b5-39686518ec8a	33	20
Damiano può tenere il maiale.	Damiano can keep the pig.	7c3fab8e-8e4c-55a9-8b98-27f6d82ac907	29	25
Yanni ha parlato con il suo maiale.	Yanni talked to his pig.	381c4e25-8e61-5db1-8d0d-b47b9f683106	35	24
Yanni parlò con il suo maiale.	Yanni talked to his pig.	e4ec8be0-9c79-5969-a3bb-c09da62e42bf	30	24
Sei un maiale disgustoso.	You're a disgusting pig.	20c25d17-82cf-561d-952e-fd44efc6e8ff	25	24
È un maiale disgustoso.	You're a disgusting pig.	1e69d481-0a08-567c-bbf2-b9268b3ec005	23	24
Stai sudando come un maiale.	You're sweating like a pig.	9fdbd190-d74f-533e-9b7b-7241e87b404c	28	27
Sta sudando come un maiale.	You're sweating like a pig.	55b1f54b-13cf-5652-beda-1263fce91bac	27	27
State sudando come un maiale.	You're sweating like a pig.	03ecc544-7eff-50b1-bf80-4a9cd2bcb642	29	27
È un maiale quel Tom.	He's a pig, that Tom.	57d989dd-8418-58f5-b5eb-d636a9d6333f	21	21
Sami ha guardato, ma non ha visto Layla.	Sami looked but he didn't see Layla.	3cf11cdd-ffab-5919-a04f-1a6691ce89f4	40	36
Sami ha guardato, però non ha visto Layla.	Sami looked but he didn't see Layla.	2e4b5e32-1e2a-5df1-8e07-15fc9b67f9c1	42	36
Sami guardò, ma non vide Layla.	Sami looked but he didn't see Layla.	b2050520-1d1f-5509-a6a6-5e66f7d5932c	31	36
Sami guardò, però non vide Layla.	Sami looked but he didn't see Layla.	79b6d074-b2fd-530d-bfec-a4d09aed65a8	33	36
Il suo fiato sa di formaggio di capra.	His breath smells like goat cheese.	06cc9f63-d6a8-5ac6-8cf1-ed36ff734018	38	35
Il suo fiato odora di formaggio di capra.	His breath smells like goat cheese.	1e836fda-b274-5338-9693-cd6a1cd0434e	41	35
Tom ha minacciato di picchiarmi.	Tom threatened to beat me up.	5d32de40-dca4-5f58-b5ce-4e2860b20806	32	29
Tom minacciò di picchiarmi.	Tom threatened to beat me up.	415a8d51-0d87-5fd9-bb5c-d059bdda3709	27	29
Non essere un tale maiale.	Don't be such a pig.	ce86962b-f812-5ce2-800e-76d4d0998600	26	20
Non sia un tale maiale.	Don't be such a pig.	a36babd4-3bc3-5f34-8d38-bd3316216f5e	23	20
Tom è un tale maiale disgustoso.	Tom is such a disgusting pig.	11bca598-f638-55c8-b92e-277075997922	32	29
Tom è sempre stato un maiale.	Tom has always been a pig.	ceb885de-b183-5d93-8b05-04a5b6a1b229	29	26
Tom sta sudando come un maiale.	Tom is sweating like a pig.	28e91472-7a5d-5ed0-8e33-ded23ff1373c	31	27
Non toccarmi, maiale!	Don't touch me, you pig!	6bc7af67-0237-5f89-bc46-82dc50048d51	21	24
Non mi tocchi, maiale!	Don't touch me, you pig!	4a50cf56-b95f-55dd-99f3-29f7ec92eb80	22	24
Non mi toccare, maiale!	Don't touch me, you pig!	f5b6e9c5-09e4-50c8-bcd1-7beaa418c5f1	23	24
Perché non scrivi a Tom?	Why don't you write Tom?	bd3ad828-9c08-5307-811e-cc5a3ad2d17f	24	24
Perché non scrive a Tom?	Why don't you write Tom?	189d779f-52de-51eb-9179-ce5ad5e1ad85	24	24
Perché non scrivete a Tom?	Why don't you write Tom?	22f6c0f9-965e-52b9-bae5-bfb14bbe66d9	26	24
Ti piace il tè dolce?	Do you like sweet tea?	e6e32fb1-c728-5db4-9c26-b84f76c8a086	21	22
Vi piace il tè dolce?	Do you like sweet tea?	686b3f3d-f963-5dde-af6d-0c0c83b79bcc	21	22
Le piace il tè dolce?	Do you like sweet tea?	165c9e0c-85f2-5a6a-b5be-749847bdbebf	21	22
A te piace il tè dolce?	Do you like sweet tea?	c1648619-9a4d-515f-aa21-1f2288fc6585	23	22
A voi piace il tè dolce?	Do you like sweet tea?	153f6df0-125a-5a13-a859-1831e1b3e87f	24	22
A lei piace il tè dolce?	Do you like sweet tea?	426e3477-3c2f-53d8-bf82-bd3ba45068a7	24	22
Che libro dovrei comprargli?	What book should I buy him?	8f911bc6-1d60-5231-a053-fac0427ee7c4	28	27
Tom è grasso come un maiale.	Tom is as fat as a pig.	236da931-3bac-53bd-a9f7-973775a5cdc3	28	23
Il mio maiale non ha una coda.	My pig doesn't have a tail.	de159e51-8b08-5797-afff-659dd55386a7	30	27
Stai dicendo che sono un maiale?	Are you saying I'm a pig?	f04a8b8f-b9aa-59a2-9324-780aa850f29d	32	25
Sta dicendo che sono un maiale?	Are you saying I'm a pig?	379602ef-cd58-5839-9717-61f7b1e9f5ac	31	25
State dicendo che sono un maiale?	Are you saying I'm a pig?	6d5c59f0-333d-5807-a904-cf2092412d63	33	25
Gunter stava già sudando come un maiale.	Gunter was already sweating like a pig.	b2e85c41-0751-531d-a864-0d73b65a3e70	40	39
Oggi ho visto un maiale grande.	Today I have seen a big pig.	0706e21d-d841-5e81-a5e9-090ee88349f2	31	28
Cosa stai facendo con il maiale?	What are you doing with the pig?	44890044-bd17-5b2d-99ec-fdac54523190	32	32
Cosa sta facendo con il maiale?	What are you doing with the pig?	b91eca62-e70c-588f-affe-36cd287d5216	31	32
Cosa state facendo con il maiale?	What are you doing with the pig?	5de45633-d0db-5410-b9fd-2a51d5eb8d13	33	32
Cosa stai facendo col maiale?	What are you doing with the pig?	45c91547-4ccf-53c5-aa3d-38267a9de6e4	29	32
Cosa sta facendo col maiale?	What are you doing with the pig?	8c964ed9-703f-5473-a797-084c5e334167	28	32
Cosa state facendo col maiale?	What are you doing with the pig?	23976e7a-9bd3-5041-8402-58c0d654e05f	30	32
Non mangiare il maiale. È veleno.	Do not eat pig. It's poison.	ebe616b4-0dc0-5086-af20-8196e986270a	33	28
Non mangiate il maiale. È veleno.	Do not eat pig. It's poison.	4f67559c-91af-5d9a-97cd-a7a14b29bc52	33	28
Non mangi il maiale. È veleno.	Do not eat pig. It's poison.	6ac7ea2c-0134-5fb9-825b-8ae54780f3d5	30	28
Il 2019 è l'anno del maiale.	2019 is the Year of the Pig.	63394142-ff15-5b7b-8c4d-4678590745e4	28	28
Pensi che io sia un porcellino d'India?	Do you think I'm a guinea pig?	4c27b4fd-84da-5d95-a9ce-ebbf379393f1	39	30
Pensa che io sia un porcellino d'India?	Do you think I'm a guinea pig?	a5c94db6-7ecf-50c0-88d0-fb1af887096e	39	30
Pensate che io sia un porcellino d'India?	Do you think I'm a guinea pig?	3ef7f595-f0b8-5bd7-8a30-51e9cee4e631	41	30
Sono musulmano e non mangio il maiale.	I am Muslim and I don't eat pig.	299d21e4-0037-5d00-838e-f6f6a69b28ed	38	32
Io sono musulmano e non mangio il maiale.	I am Muslim and I don't eat pig.	3679fb08-cee0-5658-9023-bd1d5c538dbd	41	32
Sono musulmana e non mangio il maiale.	I am Muslim and I don't eat pig.	8bb570bc-0d45-50de-b41f-077394adcd97	38	32
Io sono musulmana e non mangio il maiale.	I am Muslim and I don't eat pig.	9be5d7dc-81b9-51a6-bb4d-7ca3d9fffc24	41	32
Mi è stato detto che sono un maiale.	I've been told that I'm a pig.	11e6b9fb-bcf6-543f-ad95-30cfcfe1b5a5	36	30
Non è un maiale; non è una scimmia.	It's not a pig; it's a monkey.	7afeee9f-b414-5d91-bc5c-60d0f48f39b7	35	30
Abbiamo una mucca.	We have a cow.	32f6a3cf-f04e-5543-86e6-1e05a1fdddf0	18	14
Hai una mucca?	Do you have a cow?	a84c4672-c52a-5c81-af16-38ce8f25b0ec	14	18
Ha una mucca?	Do you have a cow?	4951c095-90ee-5b4b-8c89-28511bba6413	13	18
Avete una mucca?	Do you have a cow?	52e6c625-d983-5e60-b1cf-0dea5f20dd32	16	18
La mucca è un ruminante?	Is the cow a ruminant?	a72b051c-7b97-53e3-a3f6-58bcf6f4b99a	24	22
John stava guardando la tua mucca.	John was looking at your cow.	b6c014e6-1b95-53ab-b155-70e15c23e24d	34	29
John stava guardando la sua mucca.	John was looking at your cow.	cbb0d51a-5247-544c-bf29-13f9f899a4f0	34	29
John stava guardando la vostra mucca.	John was looking at your cow.	fc95e35c-8e2f-5184-a3e3-f286955c82fe	37	29
John guarderà la mia mucca.	John will look at my cow.	f3d68cb7-8e1c-5348-9d9b-24c455114e1d	27	25
Il vitello impara dalla mucca.	The calf learns from the cow.	2410ddb5-aa74-5302-9e9d-dbee971af8d9	30	29
Vladimir stava masticando come una mucca.	Vladimir was chewing like a cow.	e4c6c603-1dd8-547c-99c6-eff8e1437807	41	32
Vladimir è forte come una mucca.	Vladimir is strong as a cow.	c04607c0-13d8-5edf-ad31-93e7c27ac87b	32	28
Sto guardando quella mucca.	I'm looking at that cow.	af6888ec-03aa-58f7-9583-0b376ab0d4ef	27	24
La mucca è nel fiume.	The cow is in the river.	3b555467-1cfc-5923-967c-a5cfb6f2289d	21	24
Perché stai baciando quella mucca grassa?	Why are you kissing that fat cow?	d415f804-b2d2-5cd5-8a67-3c0a832809b5	41	33
Perché sta baciando quella mucca grassa?	Why are you kissing that fat cow?	c2dd4b8a-1611-51db-b605-2b9ad790bdef	40	33
Perché state baciando quella mucca grassa?	Why are you kissing that fat cow?	4858b37d-1fec-5172-a2f1-c035bdc2dcd8	42	33
Tom sa come mungere una mucca.	Tom knows how to milk a cow.	007e328d-f99c-51c5-9f8a-41a8b7501cbe	30	28
Sa come mungere una mucca.	He knows how to milk a cow.	ae59dc24-58b0-5f27-a474-adaa15083b5d	26	27
La mia mucca ha dei vermi nell'ano.	My cow has worms in its anus.	82916a49-36e3-5c40-a7fe-c23fdd8dba13	35	29
La mia mucca ha dei vermi nel suo ano.	My cow has worms in its anus.	8ee43588-8970-5a62-860f-9e8cd34dfef9	38	29
Dove la vide?	Where did she see her?	0b4d83e1-d946-5782-a935-a8e58b86f88c	13	22
Ha scambiato la sua mucca per due cavalli.	He exchanged his cow for two horses.	6712090c-d76a-5532-b7f9-947a7f375edd	42	36
Scambiò la sua mucca per due cavalli.	He exchanged his cow for two horses.	9ff48eb8-6c36-5de1-b170-b6530b72da15	37	36
Stiamo avendo un problema con una mucca.	We're having a problem with a cow.	528eda43-6427-5f1a-9ae7-7dd295f9f3a5	40	34
Jack ha scambiato la mucca per i semi.	Jack exchanged the cow for the seeds.	cd258b34-24a8-519d-8443-6a0d3b7389fd	38	37
Jack scambiò la mucca per i semi.	Jack exchanged the cow for the seeds.	bd546b22-531a-53fe-a389-9154c198e22f	33	37
Sai come mungere una mucca?	Do you know how to milk a cow?	72b46ff5-ab64-591e-92fe-bb29ccd0efa2	27	30
Sa come mungere una mucca?	Do you know how to milk a cow?	b71a3193-03d8-5860-b9ad-5025eaa2f558	26	30
Sapete come mungere una mucca?	Do you know how to milk a cow?	e04ff47d-d542-5a73-9340-9900c158bcb2	30	30
Dice di non avere mai munto una mucca.	He says he's never milked a cow.	b8901bb5-ac39-5a6a-8de0-5f4f2b082cf4	38	32
Mary dice che non ha mai munto una mucca.	Mary says she's never milked a cow.	98de3f33-6c0d-5d91-b24f-8ef07554322b	41	35
Mary dice di non avere mai munto una mucca.	Mary says she's never milked a cow.	cbe78b61-9a77-59ee-a7ca-82f8b3fb9efd	43	35
Il bue è il maschio della mucca.	The ox is the male of the cow.	55a5067f-23b9-5cb7-a1f7-fae421cca915	32	30
Tom dice che non ha mai munto una mucca.	Tom says he's never milked a cow.	d57ee5ae-7364-5b75-bd78-cfce9bee5b97	40	33
Tom dice di non avere mai munto una mucca.	Tom says he's never milked a cow.	c01a4f23-1d45-5563-8882-ea2de8d1fd58	42	33
Sono quello che munge la mucca.	I'm the one who milks the cow.	0db5cb94-b804-5f37-b361-05739cc03ecb	31	30
Sono quella che munge la mucca.	I'm the one who milks the cow.	9fcfbc5e-57ff-5311-86bb-c5800765f646	31	30
Sono colui che munge la mucca.	I'm the one who milks the cow.	20f5ecaf-f306-59aa-a6a8-a2320ef3b2fe	30	30
Sono colei che munge la mucca.	I'm the one who milks the cow.	13ff5a58-79e2-5bb0-afbf-a47aea676f0e	30	30
Tom è quello che munge la mucca.	Tom is the one who milks the cow.	5360e730-48a0-5858-a171-b40da3f5ab34	32	33
Tom è colui che munge la mucca.	Tom is the one who milks the cow.	06b749c2-e305-5756-b572-8bbdabf25724	31	33
Non voglio lasciare la mia porta aperta.	I don't want to leave my door open.	01f6006e-556b-51c5-ae49-73196c1b8928	40	35
Non ti piaccio molto, vero?	You don't like me very much, do you?	4a685cd4-073b-5eb8-818f-057249478c70	27	36
Io non ti piaccio molto, vero?	You don't like me very much, do you?	87a6f0e7-a913-5d87-8c01-a1e215970f60	30	36
Non vi piaccio molto, vero?	You don't like me very much, do you?	c776f2ac-684b-54f6-8a1d-536188a7ae68	27	36
Io non vi piaccio molto, vero?	You don't like me very much, do you?	558845c0-0196-5ece-8fee-7500e8547200	30	36
Non le piaccio molto, vero?	You don't like me very much, do you?	00b9d69b-cd4b-51f2-bcc9-33cacdf94262	27	36
Io non le piaccio molto, vero?	You don't like me very much, do you?	0efc22f8-7688-500a-9513-b115cf4b5592	30	36
È una moneta.	It's a coin.	cc796eb4-5395-5ce8-9427-3b585b3a6348	13	12
Questa è una moneta.	This is a coin.	585df1fa-6569-5efd-9c9d-d52901ade8e9	20	15
Mostra la moneta a Tom.	Show Tom the coin.	345c51c9-0d09-5c95-bc9a-46542cb443f1	23	18
Mostrate la moneta a Tom.	Show Tom the coin.	9540d0af-0e66-544b-8691-b428c41b4008	25	18
Mostri la moneta a Tom.	Show Tom the coin.	e47015ea-eae0-55ac-bc1d-e4a78c884d3f	23	18
Sami ha ingoiato la monet.a	Sami swallowed the coin.	4f7b4364-5e63-51eb-ba2f-64d430be7dca	27	24
Sami ingoiò la moneta.	Sami swallowed the coin.	30f94b9a-df09-59c0-80ad-a031a597e6cf	22	24
Quella moneta è falsa.	That coin is counterfeit.	3070126a-f51f-5de7-90b8-2eadc2b236a5	22	25
È una moneta d'oro.	That's a gold coin.	fcd37922-b4a1-55e7-a5a1-eb6d995917b7	19	19
Questa è una moneta canadese.	This is a Canadian coin.	9f576e30-7975-51b7-ba0f-8b87ae67526e	29	24
Ken è un collezionista di monete.	Ken is a coin collector.	f0d51a82-9252-508f-a71d-38c79a5634c0	33	24
Tom ha una collezione di monete.	Tom has a coin collection.	5ce16d7c-e62e-56b9-ae9f-7ff39206afca	32	26
Mennad ha una collezione di monete.	Mennad has a coin collection.	19bf135b-39f1-5ab2-9cc8-a05eef492c95	35	29
Sami ha ingoiato accidentalmente la moneta.	Sami accidentally swallowed the coin.	c4bf355c-032d-5cf0-b4b1-2f53ae68f37f	43	37
Sami ingoiò accidentalmente la moneta.	Sami accidentally swallowed the coin.	9b9dad0c-c473-511f-b2c5-6e840fd8ab8f	38	37
Tom ha raccolto una moneta.	Tom picked up a coin.	98ac4787-a150-52f3-a673-e8beb25e9e74	27	21
Tom raccolse una moneta.	Tom picked up a coin.	9c1e05ba-8229-5452-906f-95823a95bbf7	24	21
Ho raccolto una moneta.	I picked up a coin.	7bc3e94f-3b4b-548d-ad85-c53dc7ef3148	23	19
Raccolsi una moneta.	I picked up a coin.	6e036b4d-49c2-5947-9212-1dc6844f0280	20	19
Tom ha trovato una moneta romana.	Tom found a Roman coin.	347b2d25-0807-5528-87d8-f05358ec4132	33	23
Tom trovò una moneta romana.	Tom found a Roman coin.	0630ec39-8759-5536-891f-d79f35324a73	28	23
Questa è una moneta d'argento.	This is a silver coin.	3167ef13-02da-5786-bd7f-e40166ee27ec	30	22
Lanciamo una moneta.	Let's flip a coin.	c139b6e7-9b27-5a6a-92ad-d4457afca5b3	20	18
Hai una moneta?	Do you have a coin?	a2e05a34-acc9-59e0-946e-3e59058b49ea	15	19
Ha una moneta?	Do you have a coin?	5032ae31-4fe1-588a-99b9-d71890e026ce	14	19
Avete una moneta?	Do you have a coin?	e0a4c5c7-9c52-5e19-ac55-3c08f14d1858	17	19
Ecco una moneta d'oro.	Here's a gold coin.	793b28c8-1afa-596b-ad4e-986fae9cde20	22	19
C'è una moneta d'oro.	There is a gold coin.	d95ccc82-3d04-5ea0-a33d-35f439c5c99b	21	21
Hai perso il lancio della moneta?	Did you lose the coin toss?	02f2e12b-a249-52d7-b5df-94a5854822a9	33	27
Ha perso il lancio della moneta?	Did you lose the coin toss?	7413daa8-bc22-5779-9302-ba714ca3759c	32	27
Avete perso il lancio della moneta?	Did you lose the coin toss?	764f2422-ead2-59cc-871c-3c9e65c15da4	35	27
Abbiamo lanciato una moneta per decidere.	We tossed a coin to decide.	4ccc366e-41c3-5ba7-8d2c-064b878a4c21	41	27
Lanciammo una moneta per decidere.	We tossed a coin to decide.	87aa3f61-317d-501b-bdad-bda0e739cd05	34	27
Ho una vasta collezione di monete.	I have a large coin collection.	89ae6619-c46f-5fc8-ae4b-cd9115db05d6	34	31
Questa vecchia moneta è rara.	This old coin is very rare.	74237d54-b80b-5f15-aac9-f01eeda9991a	29	27
La moneta è fatta d'oro.	The coin is made of gold.	752fa35b-a70d-5ddf-ac17-94a3855c3fde	24	25
Quanto vale questa moneta?	How much is this coin worth?	4387435a-2a42-50e7-aace-5f2f654084fa	26	28
Tom ha dato una vecchia moneta a Mary.	Tom gave Mary an old coin.	4f7a420f-86a7-5d65-b0bd-844dc1a4d1ca	38	26
Tom diede una vecchia moneta a Mary.	Tom gave Mary an old coin.	ac8dab6b-71bb-57e4-9b92-2fc20e4d5335	36	26
Ha lanciato la moneta nella fontana.	He tossed the coin into the fountain.	a62fe68d-24aa-54b1-ac31-e9d065708fef	36	37
Lanciò la moneta nella fontana.	He tossed the coin into the fountain.	533b7925-ca2d-5a6d-a81f-f89661e484e7	31	37
Damiano ha nascosto la moneta nella sua bocca.	Damiano hid the coin inside his mouth.	b45513ac-af26-5b4c-9efa-6cf546da29b3	46	38
Damiano nascose la moneta nella sua bocca.	Damiano hid the coin inside his mouth.	5b149a73-fe4a-5da5-8ba5-0835d9099491	42	38
Damiano si è nascosto la moneta in bocca.	Damiano hid the coin inside his mouth.	9e8b4cd4-003b-56ca-99c9-f73d851fb255	41	38
Damiano si nascose la moneta in bocca.	Damiano hid the coin inside his mouth.	d98468ab-e9f7-5e2b-8522-b334dc66662c	38	38
Colleziono monete straniere.	I collect foreign coins.	d277acaf-beb2-564f-a49d-08bab6719c77	28	24
Io colleziono monete straniere.	I collect foreign coins.	e3d1f126-508d-5385-9c18-edbf6deac672	31	24
Tom ha contato le monete.	Tom counted the coins.	8a5afb07-3c45-5716-acbe-dae1a493b3af	25	22
Tom contò le monete.	Tom counted the coins.	b8c6362a-3300-5b89-a600-d19017332311	20	22
Collezioni monete?	Do you collect coins?	e7a1dd4f-f814-50f1-af41-e21a9e306fb0	18	21
Colleziona monete?	Do you collect coins?	47d568a7-834a-52e6-b554-147fb9426c48	18	21
Collezionate monete?	Do you collect coins?	deaaa3ba-7a8d-5b81-9247-5528df6f7dda	20	21
Collezionava vecchie monete.	He collected old coins.	e5dbb859-b961-50b2-abe4-225b4f6b1aa1	28	23
Tom colleziona vecchie monete.	Tom collects old coins.	b4f4e467-61f4-58bc-8c2f-56e8bab7940b	30	23
Mary ha contato le monete d'oro.	Mary counted the gold coins.	c7c44912-ba05-57ff-818e-cc33e16257b4	32	28
Mary contò le monete d'oro.	Mary counted the gold coins.	65029e2c-ea95-5fbf-9f4c-906d40eb31c3	27	28
Tom ha raccolto le monete.	Tom picked the coins up.	276cc867-3c06-5a18-b5f1-fd5e3f953a0f	26	24
Tom raccolse le monete.	Tom picked the coins up.	8d959689-a31a-510e-a950-3d0c7b70f343	23	24
Ha messo via le monete.	She put the coins away.	911e96c3-a49a-582f-8433-a695e0153df5	23	23
Mise via le monete.	She put the coins away.	7fab84f9-3a14-5221-88ac-1babf1e2d91d	19	23
Ho messo via le monete.	I put the coins away.	df05b29e-e7e0-5077-acdc-1db0b65aa6eb	23	21
Misi via le monete.	I put the coins away.	95c02a99-35e3-540c-b289-809b7e7d4d1f	19	21
Hanno messo via le monete.	They put the coins away.	fac5a89e-6f70-55d5-8517-e358e1d0fd68	26	24
Misero via le monete.	They put the coins away.	5d03b4c9-0f0c-5d45-ada9-e4a7e15f9b8a	21	24
Abbiamo messo via le monete.	We put the coins away.	dd1feb1d-1b8b-588f-9f38-5486a55d3dab	28	22
Mettemmo via le monete.	We put the coins away.	ba09a94e-fb85-5092-90f8-71a4cebcd832	23	22
Mary ha detto che non voleva studiare il francese.	Mary said she didn't want to study French.	45fa81fe-4c46-594c-b8bc-8603ddacda7d	50	42
Mary ha detto che non voleva studiare francese.	Mary said she didn't want to study French.	b4960e83-ecff-5ded-a984-589efe2dc6c8	47	42
Mary disse che non voleva studiare il francese.	Mary said she didn't want to study French.	16121e89-2810-5ac0-9e2d-c4234457c315	47	42
Mary disse che non voleva studiare francese.	Mary said she didn't want to study French.	8d57dbd8-1710-5152-a7c0-8d9846992065	44	42
Posso avere un bicchiere di succo di mela?	Can I have a glass of apple juice?	2179fb92-7b7a-523f-8aa8-e9c902b1183c	42	34
Provo a mangiare una mela al giorno.	I try to eat an apple a day.	0b6641b2-a9d2-57ed-ac09-522b9b88fb5e	36	28
Cerco di mangiare una mela al giorno.	I try to eat an apple a day.	1915e03a-cea0-5e4f-bbac-70d422005dd9	37	28
Stai mangiando la tua mela.	You're eating your apple.	0a580b97-1811-5e9c-9726-22e32ebd5e0a	27	25
Sta mangiando la sua mela.	You're eating your apple.	5c2dc60b-df1d-5bc7-b909-56c1b7ee32f8	26	25
State mangiando la vostra mela.	You're eating your apple.	1ca46d93-23fa-55aa-ac33-9d6c2fdb8876	31	25
A ogni bambino piace una mela.	Every child likes an apple.	0f5e2257-ff67-5df7-a546-fef3e02f4698	30	27
Sto bevendo del succo di mela.	I'm drinking apple juice.	fb37afba-3f5c-50a1-aa8a-91b95950a6dd	30	25
Tornike ha mangiato una mela rossa.	Tornike ate a red apple.	7c135a46-4fbb-553c-bf10-886704576172	35	24
Tornike mangiò una mela rossa.	Tornike ate a red apple.	0c7faeb4-3374-536d-bdb3-ed5df93389fe	30	24
Non mangiare quella mela.	Don't eat that apple.	4d1c4f25-4ddb-523f-84ba-69ab7f393ef8	25	21
Non mangiate quella mela.	Don't eat that apple.	940638b5-fa1e-5ef3-aaa9-61618c343690	25	21
Non mangi quella mela.	Don't eat that apple.	e16927f0-8a95-5aac-b4db-a1f30e062e9e	22	21
Chi ha preso quelle mele?	Who has taken those apples?	3eb0a25b-609e-5c2d-adca-845e769bae84	25	27
Questa mela è per te.	This apple is for you.	7ef36173-577c-5f10-857d-efa9fca9b81e	21	22
Questa mela è per voi.	This apple is for you.	fc50b41e-1daf-55f0-8ec6-37095348f0c2	22	22
Questa mela è per lei.	This apple is for you.	740c21b7-8ecd-5d93-b4b8-5da231c4108b	22	22
La mela è per te.	The apple is for you.	9ca978f2-f178-5d06-a8d4-0eee6dcebc28	17	21
La mela è per voi.	The apple is for you.	6040cd0a-de07-5490-972f-858dfb812269	18	21
La mela è per lei.	The apple is for you.	7e35775e-3f76-5c91-be48-3661794cf8f7	18	21
Posso mangiare quella mela?	Can I eat that apple?	c73ec4f1-1645-564b-9035-62a04af4a2c5	27	21
Questa mela è molto deliziosa.	This apple is very delicious.	7bf7faab-2701-5860-ab9f-ba73947181fa	30	29
Abbiamo dato la mela a Sarah.	We gave Sarah the apple.	bbbddea3-e3b4-5ac4-ac0e-8675e68d53e4	29	24
Ho dato la mela a Sarah.	I gave Sarah the apple.	75db550c-c4fb-5302-ae40-e7862892569f	24	23
Diedi la mela a Sarah.	I gave Sarah the apple.	a258cf68-cf55-5315-8493-50b9416900bb	22	23
Demmo la mela a Sarah.	We gave Sarah the apple.	7c18f8ba-092b-522b-a257-e7ef3c1af0c2	22	24
È la mela di Sarah.	It's Sarah's apple.	c0c27265-02da-5e2e-94e0-d0b3c03eba37	19	19
Chi mangerà la mela?	Who will eat the apple?	ab22d6ed-504f-5186-a557-6f977afcadef	20	23
Hanno mangiato la mela?	Did they eat the apple?	13486ba4-48c1-5637-8f09-5ce3e58d4a2b	23	23
Mangiarono la mela?	Did they eat the apple?	0195363e-4535-5221-ae1f-a28992845e2e	19	23
Tom stava mangiando una mela.	Tom was eating an apple.	4be45176-9127-534b-b3e7-97178ec36866	29	24
Tom mi ha lanciato la mela.	Tom threw me the apple.	11c6878f-cfed-5887-8edc-588dd19caf29	27	23
Mangia una mela rossa.	She eats a red apple.	08d3ada5-a4f5-5b44-8703-6e2711b9783d	22	21
Abbiamo dato la mela a Tom.	We gave Tom the apple.	9275c9e6-b513-5e61-b9d7-c56e3ae5d466	27	22
Demmo la mela a Tom.	We gave Tom the apple.	678a238c-39b1-5e20-9ffa-4cfd716328c1	20	22
Laverai la mela.	You will wash the apple.	0251f1b7-919f-5b50-bc27-879c795b58dc	16	24
Laverà la mela.	You will wash the apple.	d30ecfcc-e6d0-5589-b2d5-190628759b00	15	24
Laverete la mela.	You will wash the apple.	5e79272a-a20e-5943-bd7f-8b4a924e2457	17	24
Ha la tredicesima mela.	She has the thirteenth apple.	fe7aac03-ad66-583a-a953-19d3a49da62c	23	29
Mi ha offerto una mela.	She offered me an apple.	5d0ba983-3f27-5316-ab0b-ed5c37cec958	23	24
Mi offrì una mela.	She offered me an apple.	205d3701-2fdf-5e25-b747-bf0fd028f53b	18	24
Tom ha ordinato un succo di mele.	Tom ordered an apple juice.	8250e352-0825-5940-b1d5-62691a2accaa	33	27
Tom ordinò un succo di mele.	Tom ordered an apple juice.	f2ffcc88-447e-5bc0-be79-d2b1d566620c	28	27
Stai lavando la mia mela.	You are washing my apple.	67d5a668-0bad-5f3a-b9e3-180ed6be0a01	25	25
Sta lavando la mia mela.	You are washing my apple.	7d7776c0-32cf-5221-98b8-e1308a71a510	24	25
State lavando la mia mela.	You are washing my apple.	1baf292e-8099-57ce-959a-5a71a9a11217	26	25
Tom ha mangiato tutta la mela.	Tom ate the whole apple.	a7dfcd66-3293-5064-a71e-f96f9c895c82	30	24
Tom mangiò tutta la mela.	Tom ate the whole apple.	937b8559-1a74-5ee3-a15a-1545b70e3852	25	24
Laverò la tua mela.	I'll wash your apple.	ff8edb63-8973-50d1-a543-884796a1ec93	19	21
Laverò la sua mela.	I'll wash your apple.	574c1b15-2c50-58b1-a561-6cb4f1d4d770	19	21
Laverò la vostra mela.	I'll wash your apple.	b054ff41-517a-5a82-a71f-1307db8c6195	22	21
Di che colore è la mela?	What colour is the apple?	82a9a024-34fa-5667-bb6b-a452af94ae57	24	25
Vive dentro una mela.	It lives inside an apple.	b63f0c71-dfca-542d-aa52-526e2f94ff98	21	25
Devi prendere la mela.	You must take the apple.	4207ff65-aa06-50dd-a3c5-b2124ba0c48a	22	24
Deve prendere la mela.	You must take the apple.	3dba2f57-a737-54bb-af94-d9960173bdb4	22	24
Dovete prendere la mela.	You must take the apple.	717fa4a2-500e-5125-94de-5693d3738e61	24	24
È la mela di Jack.	It is Jack's apple.	1317251f-5efe-5172-a389-2582ca462ae5	18	19
È il diamante di Jack.	It is Jack's diamond.	ea361b46-1600-5c4d-b378-8b188e45e9a8	22	21
È soltanto la tua immaginazione.	It is just your imagination.	ff1da3f0-3cc6-5b1f-a00f-93e928b05fa4	32	28
È soltanto la sua immaginazione.	It is just your imagination.	48b611da-4fd1-58d8-86ae-ae093f4c36d6	32	28
È soltanto la vostra immaginazione.	It is just your imagination.	ac1d5d4b-830a-55d9-aa06-06329bf4babb	35	28
È solamente la tua immaginazione.	It is just your imagination.	17d51894-f830-59b3-baad-f91221df621e	33	28
È solamente la sua immaginazione.	It is just your imagination.	3c656eed-15f6-53b3-bf33-d94ca956082b	33	28
È solamente la vostra immaginazione.	It is just your imagination.	da0de3fb-5f7e-56e2-8118-bae8cdee070f	36	28
Questo succo di mele è puro.	This apple juice is pure.	26845c9a-3767-59c9-9b8d-0d99b26bab3d	28	25
Qual è la tua varietà di mele preferite?	What's your favourite apple variety?	e6ddbd1b-f13b-51ae-9025-9a5a158ba5b1	40	36
Qual è la sua varietà di mele preferite?	What's your favourite apple variety?	b8631a6b-d5e4-5a38-8dde-7c1eb837e7b7	40	36
Qual è la vostra varietà di mele preferite?	What's your favourite apple variety?	584d93ba-2069-5637-b663-3c3d678479c6	43	36
Pietro ha lanciato una mela a Melissa.	Pietro tossed an apple at Melissa.	07a4f8a6-db26-510c-8e45-8de1aeabd70f	38	34
Pietro lanciò una mela a Melissa.	Pietro tossed an apple at Melissa.	9cedead2-222b-5f8f-abe3-677bdbbf62f7	33	34
Ziri ha tagliato la mela in due.	Ziri cut the apple in two.	9f5270fc-7f6b-5321-b2f9-890b726491f2	32	26
Ziri tagliò la mela in due.	Ziri cut the apple in two.	b911f6d4-f353-5767-9aff-fc3f3f620973	27	26
Mi piace questa varietà di mele.	I like this variety of apple.	72942e65-0459-5817-95f9-262157be8017	32	29
A me piace questa varietà di mele.	I like this variety of apple.	850e0ca2-729c-527e-ba8c-12c04aa918a8	34	29
La mela era dura e acida.	The apple was hard and sour.	1590a7db-a36e-5e16-b2cd-f13d75a86a2e	25	28
Ecco la mela che ho trovto.	Here's the apple I found.	5d483376-5319-52f7-b119-e9071a8033e4	27	25
Scusami, sono una mela.	Excuse me, I am an apple.	97608582-dcd5-5ad7-b1db-79657c339cae	23	25
Mi scusi, sono una mela.	Excuse me, I am an apple.	a199c5e2-be2d-5f86-b5fd-3e926123533f	24	25
Scusatemi, sono una mela.	Excuse me, I am an apple.	02425c00-8234-545e-8662-c918e4cf65fb	25	25
Il mio frutto preferito è la mela.	My favourite fruit is the apple.	3a6267ec-b415-599b-bf50-1180200a5895	34	32
Una mela è caduta dall'albero.	An apple fell from the tree.	06c9f7b6-ca67-5e2d-a171-8468e800d276	30	28
Una mela cadde dall'albero.	An apple fell from the tree.	eb260aaf-d2ef-56d6-a72b-3931b66a9fa7	27	28
La mela è un frutto commestibile.	The apple is an edible fruit.	13eda36f-8be9-5923-baf5-df0f192e332d	33	29
Hanno anche una mela rossa.	They also have a red apple.	5cc29913-e924-51bf-be99-cad76b9f3daf	27	27
Una mela è un frutto commestibile.	An apple is an edible fruit.	c6d867d1-cfee-526d-8903-9ba818d1456b	34	28
Quella mela non è ancora matura.	That apple isn't ripe yet.	06d477b3-5f46-5e5a-bf2c-fc56c872c650	32	26
Tom ha visto Mary mangiare una mela.	Tom saw Mary eating an apple.	b123af92-af51-575e-8717-a5bcbd3401c9	36	29
Tom vide Mary mangiare una mela.	Tom saw Mary eating an apple.	b1a5ae38-87b0-5a60-ab99-1f9a030f697f	32	29
Yanni voleva mangiare una mela.	Yanni wanted to eat an apple.	6fe5b0be-0ee7-562e-a703-17a20658a383	31	29
Ho una mela. Solo una.	I have an apple. Just one.	aac71dd2-37ef-524c-be9b-098b3168920e	22	26
Ho una mela. Soltanto una.	I have an apple. Just one.	27ef1acc-bbed-595c-b735-3f3b5511f5d4	26	26
Ho una mela. Solamente una.	I have an apple. Just one.	731775b3-cb5f-5389-bcdb-a004c7d56843	27	26
La mela è nella borsa.	The apple is in the bag.	1f61f4c6-673f-56a5-933c-e664d267e310	22	24
Tom mangia una mela ogni giorno.	Tom eats an apple every day.	20991313-644b-5707-9a20-3099caa08c4d	32	28
Tom ha mangiato metà mela.	Tom ate half of the apple.	ea8e4fe1-6b3b-5020-af95-9f770cadf411	26	26
Tom mangiò metà mela.	Tom ate half of the apple.	4fe12a03-c5e9-5156-a9f8-0601b9b396a8	21	26
Questa mela non è così succosa.	This apple isn't that juicy.	5548cf02-2f62-5c6f-9a8e-00997cac20d5	31	28
Tom sta bevendo il succo di mele.	Tom is drinking the apple juice.	86defe1d-0eb7-5b46-8faa-2390ccbcce49	33	32
L'orso stava mangiando una mela.	The bear was eating an apple.	02effaa2-1a06-5ac8-a1e7-0ca95acdf80a	32	29
Una mela è un frutto saporito.	An apple is a tasty fruit.	b84edeb4-86bf-52ed-b5bc-434229ac1197	30	26
Tom sta mangiando una mela a Boston.	Tom's eating an apple in Boston.	d94333a4-6963-5ab9-9ad1-fb894a6ccc87	36	32
Perché una mela ha una buccia?	Why does an apple have a skin?	c917f9b0-3090-5e07-8043-5b100311be04	30	30
La mela sta iniziando ad andare a male.	The apple is starting to go bad.	9fd30eff-936a-564e-9f75-cbcd28345aa5	39	32
La mela sta cominciando ad andare a male.	The apple is starting to go bad.	3b43c713-d987-5ad4-8586-0f53c4792f80	41	32
Qual è il tuo tipo preferito di mela?	What's your favourite kind of apple?	802f5c23-f4e8-56c4-bac9-8e5dbc6f7da9	37	36
Qual è il suo tipo preferito di mela?	What's your favourite kind of apple?	7f9f8638-b502-5e2f-89f2-280d4323756c	37	36
Qual è il vostro tipo preferito di mela?	What's your favourite kind of apple?	88106bad-e435-5b04-b65c-ca041fd9b91f	40	36
La mela e la pera sono frutta.	The apple and the pear are fruit.	43aab501-fe48-5c32-9c31-de873046f059	30	33
Questa mela ha un verme dentro.	This apple has a worm in it.	48e0c971-0c44-5265-970c-8446ebf5e0e3	31	28
Perché darei la mela a Tom?	Why would I give Tom the apple?	816372ae-8675-5673-aab6-64704020261e	27	31
La mela che ho dato a John è rossa.	The apple I gave John is red.	12539085-68be-508e-923d-bd1031cab9fb	35	29
Vuoi una mela o due?	Do you want one apple or two?	f80b2b0f-6d51-5ea4-88ba-ad5005a6c9ed	20	29
Vuole una mela o due?	Do you want one apple or two?	dc50a60b-eaee-508f-a80f-d982f06b7fbc	21	29
Volete una mela o due?	Do you want one apple or two?	9d9a43e7-c7d7-5dfd-9962-748e2ac737be	22	29
Non ho dato la mela a Sarah.	I didn't give Sarah the apple.	a08104a8-8244-5cc4-a235-143657f4e329	28	30
Non diedi la mela a Sarah.	I didn't give Sarah the apple.	e8b9c572-4e3e-5d48-ac0d-caddb388e2ca	26	30
Tom ha dato una mela al suo insegnante.	Tom gave an apple to his teacher.	35c26eab-e8f2-5c3c-bade-a5367fc33a1d	39	33
Tom diede una mela al suo insegnante.	Tom gave an apple to his teacher.	d5c50104-6a87-51cf-a372-56ba4f8d1c12	37	33
Tom ha dato una mela alla sua insegnante.	Tom gave an apple to his teacher.	0453f9c9-2aec-59b2-9b80-c3423237efe0	41	33
Tom diede una mela alla sua insegnante.	Tom gave an apple to his teacher.	8bac6a91-f1aa-5c3b-88ca-4c76a222d314	39	33
Mary ha mangiato la mela che le hai dato.	Mary ate the apple you gave her.	d6f5d310-ebc1-55e9-bec9-917159e7dcd3	41	32
Mary ha mangiato la mela che le ha dato.	Mary ate the apple you gave her.	82e88d21-caf7-5d49-ba58-18e064f95aaf	40	32
Mary ha mangiato la mela che le avete dato.	Mary ate the apple you gave her.	d1ded46a-a1ce-5d9f-93f9-7a05c66759fd	43	32
Tom ha mangiato la mela che gli ha dato Mary.	Tom ate the apple Mary gave him.	483b1227-e888-5301-b029-f9fae2bb5663	45	32
Tom mangiò la mela che gli diede Mary.	Tom ate the apple Mary gave him.	7a7b610e-a548-5bd5-80b8-bdd1e5e51db2	38	32
Mi piace questa mela, quella verde.	I like this apple, the green one.	976c62f9-5047-57c0-98f0-b6006b83de3b	35	33
A me piace questa mela, quella verde.	I like this apple, the green one.	dfffce8b-e215-5c1c-b2e5-57f955b4733a	37	33
Eva ha dato ad Adamo la mela della conoscenza.	Eve gave Adam the apple of knowledge.	8d4136ce-ccc0-59d0-bc76-c78fdebccde5	46	37
Eva diede ad Adamo la mela della conoscenza.	Eve gave Adam the apple of knowledge.	d185d20d-a733-5f95-8a3a-a8886b511402	44	37
Ha tagliato la mela in due metà.	He cut the apple into two halves.	f9b6b6bd-d806-5942-b504-eb81124db2fa	32	33
Tagliò la mela in due metà.	He cut the apple into two halves.	c696f83b-3dea-5b6d-8a7b-5f379d4a1181	27	33
Penso che Zac abbia mangiato una mela.	I think that Zac ate an apple.	3d426102-8bdd-5bfb-a862-ba50315a8363	38	30
La mela che ho trovato è verde.	The apple that I found is green.	25269fb4-532d-5be0-94de-3149111c4550	31	32
La mela non è sul tavolo.	The apple is not on the table.	90c29b8d-1b1d-5bd6-ba14-566590f150bb	25	30
Non mangia la mela rossa.	She doesn't eat the red apple.	0e5f17aa-f30c-58ac-a5bb-0383a408a083	25	30
Tom ha raccolto una mela dall'albero.	Tom picked an apple from the tree.	4e0ffa69-4aae-5ee3-a45b-29991d917000	37	34
Tom raccolse una mela dall'albero.	Tom picked an apple from the tree.	d672e229-717d-5e94-9d4c-1c34ae743f3f	34	34
Questa mela ha un sapore acido, vero?	This apple tastes sour, doesn't it?	3f3fa4e0-88b1-54c7-b1ec-6e70d7f9f828	37	35
Sono quello che ha mangiato la mela.	I'm the one who ate the apple.	b52e2ed1-c550-57e0-88a6-f37ae1cb1165	36	30
Sono quella che ha mangiato la mela.	I'm the one who ate the apple.	d5c3cab0-28b7-53c4-a7f4-6ce702b5d1ff	36	30
Sono colui che ha mangiato la mela.	I'm the one who ate the apple.	36fcdbf1-1744-5eeb-904b-4c16f236cbb9	35	30
Sono colei che ha mangiato la mela.	I'm the one who ate the apple.	bb7dd0de-f53c-5785-b519-5e9283fc12c3	35	30
Tom sta mangiando la mela che gli ho dato?	Is Tom eating the apple I gave him?	9db02269-c395-59bd-9329-19fe422eb4c0	42	35
Voglio una pera.	I want a pear.	1b98ba5d-38c5-5c2e-8acc-e3c18b6c052c	16	14
Quella pera è verde.	That pear is green.	1e863a11-ad9b-502c-aff7-e9cbfc9169ad	20	19
Questa pera è marcia.	This pear is rotten.	baeab2ee-84d1-5147-a356-326925d69b42	21	20
Questo è succo di pere.	This is pear juice.	4fe0ef0f-1287-5ee6-8c0f-08368d219068	23	19
Ho mangiato una pera.	I ate a pear.	489a7a97-4f35-5eca-a637-48c2818bf8a5	21	13
Mangiai una pera.	I ate a pear.	c40ab76f-d1b5-5010-a4b1-ae1e9b1c5817	17	13
È una pera.	It is a pear.	1808dee6-5386-5af2-9593-da92727c863a	11	13
Questa pera è verde?	Is this pear green?	e6868bcd-904a-5e08-a797-1dfddcb96499	20	19
Questa pera è verde.	This pear is green.	c46d8943-c24d-58d4-8768-f99173294502	20	19
Questa pera sa di sapone.	This pear tastes of soap.	31f8117a-b4cd-5738-9691-4bd858ee8a31	25	25
La pera è molto saporita.	The pear is very tasty.	d0f8f62f-35b2-5d86-be33-3232a1fcf298	25	23
Sto mangiando una pera.	I am eating a pear.	8a0289cd-1f7a-5bf4-9283-1d3dcf074af6	23	19
Non ho mai mangiato una pera.	I've never eaten a pear.	b064938a-a6a0-55eb-9534-3bee694fa9fa	29	24
Questa pera non è ancora matura.	This pear isn't ripe yet.	cfca428e-c67b-58e8-a7e5-c5b7f0af8370	32	25
Una mela galleggerà nell'acqua, una pera no.	An apple will float in water, a pear won't.	13604519-2904-50f9-bb5e-d419016a9be5	44	43
Vuoi una pera o una mela?	Do you want a pear or an apple?	8b62eaeb-661e-5e84-b140-bf7fbdf1e6be	25	31
Vuole una pera o una mela?	Do you want a pear or an apple?	06442e52-a38d-5a1e-9203-8b6b0678c242	26	31
Volete una pera o una mela?	Do you want a pear or an apple?	d0bfed5c-c761-516e-9d01-a213f28e91b9	27	31
Cosa pensi che stia succedendo adesso?	What do you think is going on by now?	8bf549af-dd0e-5a09-8cd1-6acae1bc99db	38	37
Questo è spam.	This is spam.	b137f331-7a2a-5db4-bef2-1a96a6a4b824	14	13
Diego odia le chiamate spam.	Diego hates spam calls.	e3b40032-b610-5150-8221-a7a14066040c	28	23
Continuo a ricevere delle e-mail spam.	I keep getting spam email.	b23be444-3371-5bcb-aef1-8e4849f2a9fb	38	26
Il filtro spam di Tom era troppo buono.	Tom's spam filter was too good.	744cf992-28a1-5d91-b597-a7145b7005ec	39	31
Ho trovato la tua e-mail nella cartella spam.	I found your email in the spam folder.	971f00bd-c8e4-58be-8bb8-6a4dd4dab597	45	38
Ho trovato la sua e-mail nella cartella spam.	I found your email in the spam folder.	3b730135-ead8-5ba1-a26f-81ca8e90d5f3	45	38
Ho trovato la vostra e-mail nella cartella spam.	I found your email in the spam folder.	a05d6306-6b40-5fe8-9e7d-806bb51096ca	48	38
Trovai la tua e-mail nella cartella spam.	I found your email in the spam folder.	a5bce3c4-85c9-571c-b9d0-8f3958b3856c	41	38
Trovai la sua e-mail nella cartella spam.	I found your email in the spam folder.	349f71fb-dae9-5798-a50b-562c24f64539	41	38
Trovai la vostra e-mail nella cartella spam.	I found your email in the spam folder.	c9488f3d-9d4f-5fe6-8cee-90441a6a72cd	44	38
Tutti sanno che la ami.	Everyone knows you love her.	03d80c13-7d24-56d9-9850-b694366f3565	23	28
Tutti sanno che la ama.	Everyone knows you love her.	376deb8b-9024-5f33-baf6-deef0386e308	23	28
Tutti sanno che la amate.	Everyone knows you love her.	5983cc02-3f37-5a06-a27e-7c2f79b8e791	25	28
Sanno tuti che la ami.	Everyone knows you love her.	45ab7aab-7c77-5cac-b923-03b4ee64222a	22	28
Sanno tuti che la ama.	Everyone knows you love her.	d1d20a8d-f401-5bdf-8696-ea658ef00411	22	28
Sanno tuti che la amate.	Everyone knows you love her.	08e80e1f-a931-59a0-b15e-e0ca48367fe9	24	28
Ami ascoltare?	Love listening?	6748f242-d819-5210-ac22-53499629a295	14	15
Ama ascoltare?	Love listening?	90837fb3-f0a2-5bf8-9b0f-112688c32235	14	15
Amate ascoltare?	Love listening?	8758cb55-dd30-5c76-a768-8f9e0f2e74b2	16	15
Dammi dell'amore.	Gimme love.	39e5d0eb-06bb-5010-bb9f-bec73c389a63	17	11
Mi dia dell'amore.	Gimme love.	1aff9f04-e409-5221-9233-f60c1215660d	18	11
Datemi dell'amore.	Gimme love.	87beca84-5fe1-510d-8dc3-f00087172319	18	11
Amalo!	Love him!	4e8fefc2-90bf-5a1b-ae75-f998ebf7e123	6	9
Lo ami!	Love him!	d5e8e434-159a-542b-b2db-65320f954a37	7	9
Amatelo!	Love him!	0bc0b346-49fc-51bb-8c95-b18f1bf713a1	8	9
Amore mio!	My love!	88bec34c-7021-58d8-b08f-359d05120573	10	8
Ama te stesso!	Love yourself!	71e18e1c-f06a-5316-b062-5d004da17d86	14	14
Ama te stessa!	Love yourself!	5f9b9459-d08d-523f-840a-a2bad8f1ebb2	14	14
Ami se stesso!	Love yourself!	e788e801-4152-5f85-aa69-5b5d5f36bdde	14	14
Ami se stessa!	Love yourself!	474f071b-52aa-5644-aff0-3cbc84be5bfc	14	14
Amati!	Love yourself!	dcbc69be-8964-50a2-865a-6518887b8283	6	14
Si ami!	Love yourself!	061da9f9-5a59-5e2a-8453-0d59bdf3bf49	7	14
Amo dicembre.	I love December.	2c3c70cb-a5e5-5899-beef-ead6c10d052d	13	16
Io amo dicembre.	I love December.	e698fef5-0eae-5447-bc5b-3e49f8da36f7	16	16
L'amore sposta le montagne.	Love moves mountains.	f1f54f60-1bd2-553a-ac40-5e8cb6ed7780	27	21
Ami la carne.	You love meat.	c8905a2a-9fe6-5b7b-be33-3d3edb04041d	13	14
Tu ami la carne.	You love meat.	b288914d-86d3-5e4d-ad9c-79e1abfabf43	16	14
Ama la carne.	You love meat.	5b755119-d283-5abe-b169-bbf8397e3048	13	14
Lei ama la carne.	You love meat.	1918e31e-c9f8-57ad-975d-8840fb4ba69f	17	14
Amate la carne.	You love meat.	f8199342-5539-543f-add9-2397947946ef	15	14
Voi amate la carne.	You love meat.	509ab564-1304-5de5-8d18-02c8510c8064	19	14
Amano i vampiri.	They love vampires.	a541d3ac-d5e1-5eb5-92dc-b287e0095081	16	19
Loro amano i vampiri.	They love vampires.	734821ca-b79e-57e8-8820-983e01de8fbe	21	19
Amano i selfie.	They love selfies.	270ef8e9-6aef-552d-a417-1409cc3be7a2	15	18
Loro amano i selfie.	They love selfies.	366bc757-116a-57fb-a21f-7d9695bb2b5e	20	18
L'amore è libero.	Love is free.	d6566b20-c2e0-575f-9111-e27dc7c0b5c7	17	13
L'amore è gratis.	Love is free.	c299963a-42eb-5c59-80eb-8e682cde1f40	17	13
L'amore è gratuito.	Love is free.	3b2e6be7-bcb0-5e75-8592-9721c3db3454	19	13
Amo i samosa.	I love samosas.	0fe9a7f4-b77e-5593-8991-33c5c0149333	13	15
Io amo i samosa.	I love samosas.	60203d13-544a-5cd4-b6c7-2769a02d49ee	16	15
Credi nell'amore.	Believe in love.	bfab421f-b2a1-5493-b5bb-7e2ac53c5279	17	16
Creda nell'amore.	Believe in love.	fec1a0e5-0cee-50b7-a916-b1628e40ccc6	17	16
Credete nell'amore.	Believe in love.	2fed9f27-1e60-5830-a623-568dd582094d	19	16
Amo le arance!	I love oranges!	107494ce-de8f-5ed2-9b13-1deae4f8973b	14	15
Io amo le arance!	I love oranges!	cc80911f-1688-59f0-90e0-5088c6c68c0d	17	15
Amo le mele!	I love apples!	0f62d3e1-807c-5cde-aae0-0770d706442e	12	14
Io amo le mele!	I love apples!	af59d173-3487-5df3-8bd4-faa28b1172a3	15	14
Amo la Pepsi.	I love Pepsi.	5cac9492-c750-5e4a-b0a8-7ad126e51580	13	13
Io amo la Pepsi.	I love Pepsi.	a5576268-d55e-5654-a46c-e3d6c04ce256	16	13
Amo i pony.	I love ponies.	590b5498-bb08-54cb-8fb9-0008da424153	11	14
Io amo i pony.	I love ponies.	2f1f3c75-b0ad-51e7-98de-f04311d4e062	14	14
I pirati amano le avventure.	Pirates love adventures.	5052e70d-3db3-5bca-b399-abc7ccab456e	28	24
Amo la liquirizia.	I love liquorice.	87c2fc6e-ffb3-54c3-beb9-d3f559ad46bf	18	17
Io amo la liquirizia.	I love liquorice.	87331d62-1186-564f-96f3-643a2ba46416	21	17
Amo i denti di leone.	I love dandelions.	954ab246-9ff4-59a1-8158-777cf05180bf	21	18
Io amo i denti di leone.	I love dandelions.	aae7dc8d-4956-565e-9bb0-feb4424ce88c	24	18
Amo le rose.	I love roses.	f05a9d7c-a714-5947-99fd-bd997743b786	12	13
Io amo le rose.	I love roses.	81aed926-c16b-5be5-a8e7-3fefad93e53a	15	13
Amo i BTS.	I love BTS.	ebaacf0b-b38a-559e-8927-5149132661eb	10	11
Io amo i BTS.	I love BTS.	2f01b0e2-cd89-5b0c-9ba1-d13e347faf3d	13	11
Quanto amore!	How much love!	34015d63-a384-564c-88e4-df93e60a398d	13	14
Amo i maiali.	I love pigs.	689ec4b5-bf99-569b-b46c-a6105dfd6c85	13	12
Io amo i maiali.	I love pigs.	153726fc-edf2-51c8-a117-a9402f736188	16	12
Amo le droghe.	I love drugs.	bd858f4e-a95b-5489-bd93-30c80c1652be	14	13
Io amo le droghe.	I love drugs.	50d190ec-1f86-566c-912b-e859fa2fed80	17	13
I bambini amano il calcio.	Children love football.	d55ec31e-ef07-5783-ace4-a46779a8cf0d	26	23
I bambini amano il football.	Children love football.	06c714ff-dbce-56fe-9647-5104e04f2e45	28	23
Amano le macchine.	They love cars.	acb78274-eb85-5ff8-93e0-fbf5b1b35267	18	15
Loro amano le macchine.	They love cars.	eaa6032c-d431-595f-9538-8ad9eb9f9840	23	15
Amano le auto.	They love cars.	cda6ce17-078d-5983-9af7-0819aefab025	14	15
Loro amano le auto.	They love cars.	715547fd-c3bf-5bd3-9f26-f2987cd69bc9	19	15
Amano le automobili.	They love cars.	d19e78c7-4691-5875-a085-7027e2e95880	20	15
Loro amano le automobili.	They love cars.	b00a8eec-a1ea-56c3-a485-2a01403b1fb3	25	15
Amo la Festa del Ringraziamento.	I love Thanksgiving.	17ea61fc-4d4d-5a7e-aa7e-00bd225101af	32	20
Io amo la Festa del Ringraziamento.	I love Thanksgiving.	b76bbcdf-afd0-5ea4-bb1f-2b71c7d7e938	35	20
I bambini amano gli animali.	Children love animals.	7fcbb13e-ae3c-5ae4-9462-c72467fe43e0	28	22
Gli orsi amano il miele.	Bears love honey.	2269619c-ebda-5e8e-9182-c189ce9164d2	24	17
Amo le orche.	I love orcas.	2a1f683f-b03f-5465-a91d-677579f74d5e	13	13
Io amo le orche.	I love orcas.	0ecc4a28-8b8c-5714-b3a1-499e5ca8cc3d	16	13
Amo le orche marine.	I love orcas.	cd24b25e-9646-5460-883f-490b807694e8	20	13
Io amo le orche marine.	I love orcas.	d8858bac-fc6d-5c1d-8c62-1c841622d24b	23	13
Amo Urano.	I love Uranus.	ecd08c40-81ee-50d4-b8e0-87177a1889af	10	14
Io amo Urano.	I love Uranus.	89f2170a-3120-54fc-b19c-50a85153dba9	13	14
Amano i fichi.	They love figs.	2b1c11c5-231a-5926-8c1e-af1169375abf	14	15
Loro amano i fichi.	They love figs.	27b9eb71-1db6-55e1-b669-d280fceb2293	19	15
Amiamo la saggezza.	We love wisdom.	7a7e0d21-1326-55cb-8db5-3b695f641431	19	15
Noi amiamo la saggezza.	We love wisdom.	d3171f6b-b47d-55a5-96f6-a4334e72f577	23	15
L'amore è agrodolce.	Love is bittersweet.	3e31c2ac-3a19-5965-9547-fb942c42ad04	20	20
Amo la Spagna.	I love Spain.	30f3b0f8-3737-5b4a-a5db-1f6c27c147f3	14	13
Io amo la Spagna.	I love Spain.	b210d2bd-cd60-5101-93f0-4e8d7b6f9668	17	13
I bambini amano i dolci.	Children love sweets.	49058106-c750-5817-be07-8212afc0b642	24	21
I canadesi amano l'hockey.	Canadians love hockey.	c6f07fdb-dfc4-54eb-8001-597e05a58155	26	22
Amo le macchine.	I love machines.	3f8dca12-d5f8-5b8d-9f86-938791d85765	16	16
Io amo le macchine.	I love machines.	29bbdc41-d3c3-5c6f-b0b9-5d7b32ea78e1	19	16
Amo le auto.	I love cars.	0eb0e315-a423-5896-80af-9b54269f87ac	12	12
Io amo le auto.	I love cars.	0837aee8-18c2-5788-b6c6-ccf7665fa024	15	12
Amo le automobili.	I love cars.	3cb92b19-3a09-51de-a135-faf4e4a4581f	18	12
Io amo le automobili.	I love cars.	8f71aa91-8140-5621-b248-2d50ae7abdeb	21	12
L'amore è dappertutto.	Love is everywhere.	9a7173db-50cb-5a36-8fae-51d98d219c5d	22	19
Gli algerini amano il kebab.	Algerians love kebabs.	9c23825a-27ff-593b-838f-d2e5b064cf83	28	22
Amano la natura.	They love nature.	ad5df0bb-40df-547a-abbd-8f90a67af4ef	16	17
Loro amano la natura.	They love nature.	f9bdafc2-601b-5727-8e89-bc6057c7c307	21	17
Amiamo la natura.	We love nature.	0f9a5963-efd6-530b-b69d-a32fbb205c48	17	15
Noi amiamo la natura.	We love nature.	48d45ff0-dafd-5839-bb21-45f34bfaf32f	21	15
Amano gli spaghetti.	They love spaghetti.	e84eb911-9def-5758-9b3a-0a16c8b4b7ab	20	20
Loro amano gli spaghetti.	They love spaghetti.	d5c5ad07-1653-5939-abad-3db3c87daf6d	25	20
Amiamo gli spaghetti.	We love spaghetti.	801b8f52-0f36-5e84-b8d6-4c9e5d02c1ca	21	18
Noi amiamo gli spaghetti.	We love spaghetti.	44052b4b-b4a4-5454-93e7-c9ea1df93484	25	18
Amo gli spaghetti.	I love spaghetti.	e2e56d16-cfae-5c4e-8cca-6b4408ae99e2	18	17
Io amo gli spaghetti.	I love spaghetti.	9e7a2a77-dfc7-5530-acdf-55107e6cbfc0	21	17
Amano l'Algeria.	They love Algeria.	980869b2-87ca-529d-b619-a5a0bb8f2c66	16	18
Loro amano l'Algeria.	They love Algeria.	87be162d-6629-53fa-b978-5988b651f97f	21	18
Amano la letteratura.	They love literature.	5deccbee-cb35-57ce-8eab-3201dde6f08e	21	21
Loro amano la letteratura.	They love literature.	e3f5fb9d-bf29-520d-81af-a64bc53e2798	26	21
Amiamo la letteratura.	We love literature.	367c4d7f-1324-5677-afd1-b0cbdc34f0c0	22	19
Noi amiamo la letteratura.	We love literature.	e48f3af6-53ac-5219-932c-859dad58eec2	26	19
Amo la letteratura.	I love literature.	a233c5f4-c09f-530a-a5f3-22971513b829	19	18
Io amo la letteratura.	I love literature.	635622cf-d6eb-57c0-bfe4-ebfbd8fbc785	22	18
Amano le arti.	They love arts.	30decc58-b0cb-5e2a-9621-fb6ed8b68104	14	15
Loro amano le arti.	They love arts.	615bd996-1f31-55b5-88dd-5f0145ba83fe	19	15
Amiamo le arti.	We love arts.	756c9238-fef2-5bf4-b17a-02c469c3080c	15	13
Noi amiamo le arti.	We love arts.	8a6ad049-a340-5e79-8381-148487e623db	19	13
Amo le arti.	I love arts.	940a24d7-ef9a-5660-8563-99dca4f9c3fc	12	12
Io amo le arti.	I love arts.	834bdcd5-9364-5223-a2a1-12bd6d0e8e60	15	12
A loro piace la letteratura.	They like literature.	41824f4e-6736-50aa-93b3-36a28cddbed3	28	21
Amano i cocktail.	They love cocktails.	9f7bc01b-b34b-54b1-bd0d-1574425fdeb5	17	20
Loro amano i cocktail.	They love cocktails.	22d5ba21-b6ad-5787-b97b-eb34a174389f	22	20
Amano gli oggetti di antiquariato.	They love antiques.	843e2c52-68aa-5875-bf1b-7df71e94caef	34	19
Loro amano gli oggetti di antiquariato.	They love antiques.	82c97b57-caf0-55d4-a72a-90fcec8efcf7	39	19
Amiamo gli oggetti di antiquariato.	We love antiques.	17d89c88-b5e6-58af-b5d1-4f127a95aa47	35	17
Noi amiamo gli oggetti di antiquariato.	We love antiques.	1bdcf3bb-904f-5c99-94c7-a8f6d0aab6d6	39	17
Amiamo i cocktail.	We love cocktails.	2eee590f-30ab-5090-8965-ea5435fe22d7	18	18
Noi amiamo i cocktail.	We love cocktails.	59dd2937-347e-5e0d-86dd-531647c1ab22	22	18
Amo i cocktail.	I love cocktails.	0c3c3c17-7ccd-5c16-bdab-654d5e997a5d	15	17
Io amo i cocktail.	I love cocktails.	a131fbf9-794b-5d8c-b19f-8dd5d2a4d884	18	17
Amano il Martini.	They love Martinis.	d1a30259-9687-56f2-b6d4-05716a017870	17	19
Loro amano il Martini.	They love Martinis.	bd30f791-0f7b-5d00-9dc7-a3955a011c4a	22	19
Amiamo il Martini.	We love Martinis.	c603e19a-d2a7-5b9e-94aa-7ba3b9ea82e4	18	17
Noi amiamo il Martini.	We love Martinis.	35951df3-2a59-5220-9ecc-5b40b08d5fbb	22	17
Amo il Martini.	I love Martinis.	513c4114-08ba-5a94-973c-13f929262e47	15	16
Io amo il Martini.	I love Martinis.	e92b95d9-2355-5a04-83db-494d79c7b51a	18	16
Amano le prugne.	They love plums.	93eb302e-ab38-52f7-a367-21a7c6e5b597	16	16
Loro amano le prugne.	They love plums.	05dd307a-a3a4-5d54-b515-6cedaff86adb	21	16
Amiamo le prugne.	We love plums.	39037c5d-1dd4-5049-8c6a-c688c9b68c8e	17	14
Noi amiamo le prugne.	We love plums.	455d3375-cc7b-5318-9f54-b91bb4637810	21	14
Amano le arance.	They love oranges.	ea7f70a6-dccb-5cbd-a832-eb8e95365d76	16	18
Loro amano le arance.	They love oranges.	bc680d72-5d61-52de-a542-481f13aa37c1	21	18
Amiamo le arance.	We love oranges.	1d4b4e33-802b-572f-b482-cab5a157ed10	17	16
Noi amiamo le arance.	We love oranges.	0046d833-8dba-5bf9-8c6e-06bad24aa8f1	21	16
Amo le arance.	I love oranges.	478060c8-9e46-5ae0-b0f0-125d6da85bb5	14	15
Io amo le arance.	I love oranges.	06392e30-e1f8-55e2-9829-7074aa5e8e9b	17	15
Amiamo pescare.	We love fishing.	700dac58-7e3b-596c-9cdf-ab1718c4579f	15	16
Noi amiamo pescare.	We love fishing.	e8628bb6-befa-5a9a-b7ce-1c382d98ea3b	19	16
Amano Silya.	They love Silya.	30b71bbf-7260-5e9f-8764-eb8bc32cbf79	12	16
Loro amano Silya.	They love Silya.	a6844840-c2d4-5bb2-a3b8-ef81d0f84099	17	16
Amiamo Silya.	We love Silya.	5cea68eb-5b4f-57d2-a758-6d4d5fdead74	13	14
Noi amiamo Silya.	We love Silya.	aa1f62c2-84cf-5cc6-a9c0-1702e2d7a9fa	17	14
Amo Silya.	I love Silya.	5b7e5846-c065-53b5-b942-0861202179df	10	13
Io amo Silya.	I love Silya.	75c73684-ead0-5964-a6c9-bafea9f579f5	13	13
Desideravano amore.	They craved love.	5c1c6c10-2c76-5e6c-9d22-57be1c14139e	19	17
Loro desideravano amore.	They craved love.	125751a7-3558-5cdb-ba08-f0e3666b127d	24	17
Desideravamo amore.	We craved love.	2e7927f9-3e22-53b1-a34e-ea9047c7ec9a	19	15
Noi desideravamo amore.	We craved love.	4c4b47a8-5199-5ac8-919d-98156f666b27	23	15
Rima desiderava amore.	Rima craved love.	b032e727-1cf9-5f21-9679-59af6358511d	22	17
Desiderava amore.	She craved love.	180c9a00-f43b-5ab5-96f0-c15de4f3d8ee	17	16
Desideravo amore.	I craved love.	21c3994e-d86b-5ee3-9a2d-923e29c0574f	17	14
Amiamo i bambini.	We love kids.	b4b109a3-aa49-5c78-ae15-7330cf820609	17	13
Noi amiamo i bambini.	We love kids.	753123b4-5ee1-51b8-8ec9-b66577d30538	21	13
Amo gli oggetti di antiquariato.	I love antiques.	5dcc6633-ab76-5230-98a6-433a9851a27d	32	16
Io amo gli oggetti di antiquariato.	I love antiques.	6ec697a5-374c-509c-934f-2dc6bde72fba	35	16
Io amo i gattini.	I love kittens.	bfc9c6a1-ff8f-5f8c-9233-04736201dce6	17	15
Amo il Texas!	I love Texas!	eacac33c-de17-58f2-964d-e6cfd647b97a	13	13
Io amo il Texas!	I love Texas!	13cb5103-5747-5a6a-af52-c41c10287d37	16	13
Amo il brodo!	I love broth!	069cd5e0-dda2-513a-adea-bc9ce11f7ef5	13	13
Io amo il brodo!	I love broth!	db1658dc-ab2c-52a3-b659-d9be87754bbf	16	13
Amo tutti.	I love everyone.	ca99afda-5071-53be-b133-5943f8f17aff	10	16
Io amo tutti.	I love everyone.	a46821e9-6c68-5278-86b5-e0693de418fb	13	16
Amiamo la zuppa.	We love soup.	6935a976-8770-5341-ab4d-b2e76f055332	16	13
Noi amiamo la zuppa.	We love soup.	574aa913-790c-5ce5-a923-9e0ee3d46ac6	20	13
Amiamo la minestra.	We love soup.	d6373d17-bf95-55ae-a585-b6621be43c08	19	13
Noi amiamo la minestra.	We love soup.	b9013437-77b8-5dbd-b6b7-754cdb7205ca	23	13
Amo le montagne russe.	I love rollercoasters.	823d940a-0a4b-56ec-9228-49612b0cf2bd	22	22
Io amo le montagne russe.	I love rollercoasters.	2bb1b173-5853-5fb8-a9ea-b161ac6cbe81	25	22
Amiamo la matematica.	We love math.	a4f92b50-6a05-5477-885e-108d0c32ff29	21	13
Noi amiamo la matematica.	We love math.	93a0434b-a433-55d6-b182-5bbba8187e98	25	13
Amiamo la neve.	We love snow.	6760e334-669f-532d-874e-9d1b16e43d69	15	13
Noi amiamo la neve.	We love snow.	f9781bb5-034e-5963-a4da-cbb6ef1feffd	19	13
Amiamo il golf.	We love golf.	b4ba3b1f-9a4e-5bfc-a080-1fe574f17c1c	15	13
Noi amiamo il golf.	We love golf.	a14246dc-3f21-5272-a4c8-adffe747c15d	19	13
Ci piace il golf.	We like golf.	8ffd2bd6-875d-54f5-ba47-25cd31364bc0	17	13
A noi piace il golf.	We like golf.	7d53ebe5-5c98-5892-a7c0-bfac2aa30083	20	13
Gli algerini amano la carne di montone.	Algerians love mutton.	6d35d3c5-37bb-59cd-933a-07a33c7de2dd	39	22
Gli algerini amano il montone.	Algerians love mutton.	0ddcd565-21cf-51d2-bcbc-d456c52e39c4	30	22
Amo i nomi.	I love names.	9876ca43-2dde-5e58-af65-4fe9f7cd6ba9	11	13
Io amo i nomi.	I love names.	f2c296e1-2e86-5e7c-abb0-cf5118d90c2d	14	13
Amo i lamponi.	I love raspberries.	dc5b1e8a-550b-50a9-aba3-7a4018a7abf2	14	19
Io amo i lamponi.	I love raspberries.	12d0d9b3-0efb-574d-bba4-b90a0d6bb646	17	19
Amo i mirtilli.	I love blueberries.	bb3ed0b2-d601-5a60-9bd2-c7c92b9f0714	15	19
Io amo i mirtilli.	I love blueberries.	e9214263-d790-5ff5-9e00-0a55c3ae8af8	18	19
Amo il tedesco.	I love German.	47daeb16-a2ba-5251-a8ff-1df10f46fe67	15	14
Io amo il tedesco.	I love German.	fa3a7d68-7d54-539a-956e-9b8e73d22da7	18	14
Abbiamo fatto l'amore.	We made love.	9cc6d0d2-dbdc-5b69-a484-d90bf463102f	22	13
Facemmo l'amore.	We made love.	1a9d19af-416d-5e81-b2d7-e8b6c8e1a909	16	13
Amano pescare.	They love fishing.	86bae35f-943b-5c5c-8e0e-e5c047185f60	14	18
Loro amano pescare.	They love fishing.	501fba23-121e-5035-a198-b4da3ea0c345	19	18
Amo la Tailandia.	I love Thailand.	1f2c66f3-53f3-52f7-a876-ff1c4c1b3342	17	16
Io amo la Tailandia.	I love Thailand.	c0e6e0d2-2f00-539f-b507-788ed605fe2d	20	16
Amo i fichi.	I love figs.	95c3217c-ac34-5993-9769-a55239fa6b79	12	12
Io amo i fichi.	I love figs.	09768626-b18e-5db2-a87e-9eb3d627faa6	15	12
Amo il Ramadan.	I love Ramadan.	34d4f3a5-b490-51d2-b58f-b9624c761e57	15	15
Io amo il Ramadan.	I love Ramadan.	e88b1e18-267f-5dd6-939d-a9c8d024e1cf	18	15
L'amore è irrazionale.	Love is irrational.	232bebb6-f8bd-5f14-bc45-a7b5a73cbf35	22	19
Le ragazze lo amano.	Girls love that.	5a9d5946-853e-50fa-8859-21b4b7f03ed7	20	16
Gli algerini amano gli animali.	Algerians love animals.	7610aa8f-9fbe-5f7d-b1e5-20f006761ec8	31	23
Le ragazze amano Salas.	Girls love Salas.	e9330794-9112-5248-8e9f-948cd5be521e	23	17
Amiamo Boston.	We love Boston.	fab7c2da-24ea-5aa1-b80c-04bfee91c502	14	15
Noi amiamo Boston.	We love Boston.	09693e80-5cfb-5707-9844-906148dd1114	18	15
Amo i compleanni.	I love birthdays.	6bb09a2b-71cb-50c4-9d29-29956c1f4adc	17	17
Io amo i compleanni.	I love birthdays.	f7e1c62f-ed4b-58f9-9011-9964188261c9	20	17
Amiamo il papà.	We love Dad.	65b4ccec-032a-590e-9682-2c5d33818855	15	12
Noi amiamo il papà.	We love Dad.	69f2cabd-5c69-5722-a4ff-cd4b629a21cf	19	12
Amiamo la mamma.	We love Mom.	3b893375-495c-5f03-b9c5-24d0f16ca3ba	16	12
Noi amiamo la mamma.	We love Mom.	e722b399-d067-5c17-b22b-e91989db8c39	20	12
Amo l'uva.	I love grapes.	f168d24c-5dc5-505e-983e-1ba5b0fe803d	10	14
Io amo l'uva.	I love grapes.	07fc1c3a-b492-5d0e-8365-0f4ca46fc33d	13	14
Amo l'ovomaltina.	I love ovomaltine.	17aa09b7-0100-5574-991f-e6592a57ee2a	17	18
Io amo l'ovomaltina.	I love ovomaltine.	ae5f188a-cdd8-573b-84ef-f33531d10c67	20	18
Amo Alex.	I love Alex.	ced0127a-f83f-57ed-966a-47aa7eb52c62	9	12
Io amo Alex.	I love Alex.	2853f487-fa7a-506e-9242-76336788ae47	12	12
Amo la diversità.	I love diversity.	5abfa414-b6f7-503d-83c5-f6d7207c9e2b	17	17
Io amo la diversità.	I love diversity.	8b8b5f10-5b0b-58a1-80df-22efbfa94b16	20	17
I panda amano il bambù.	Pandas love bamboo.	a645bc68-9698-5ed1-aecc-c184a6f99ec9	23	19
I cabili amano il giapponese.	Kabylians love Japanese.	461a7bcc-6d04-5088-88a7-4c9af43b525f	29	24
Ami ballare.	You love dancing.	2ea17fd4-894e-5e76-9d54-422704f68b3d	12	17
Tu ami ballare.	You love dancing.	fe0930fc-4ed2-5e81-a048-cf00aaf354ba	15	17
Ama ballare.	You love dancing.	f22c28e9-5c9c-5481-aa78-026590f9a49a	12	17
Lei ama ballare.	You love dancing.	5af9d204-bb54-5520-bc9d-a7eac37683ff	16	17
Amate ballare.	You love dancing.	9b2a17cd-c389-581e-8f99-7e567a36a449	14	17
Voi amate ballare.	You love dancing.	0dc62c6f-854d-5b76-9a11-f1e20bfc1383	18	17
Ami danzare.	You love dancing.	59d40d31-d780-5b2e-af77-d85d5c041e7f	12	17
Tu ami danzare.	You love dancing.	8a64eb6a-7daf-59b6-82dd-36d40c509159	15	17
Ama danzare.	You love dancing.	2f2d9b22-74fc-529c-bbe3-62a538e17afc	12	17
Lei ama danzare.	You love dancing.	61fd97e2-03c8-5af0-a16c-39d367351b32	16	17
Amate danzare.	You love dancing.	19ed27eb-c5b2-529f-99c4-b4b7777d3635	14	17
Voi amate danzare.	You love dancing.	9394724c-3eca-51f2-be05-41bf7cc3c8e6	18	17
Noi amiamo il calcio.	We love football.	85ab4b86-8220-500e-88c2-4c1252564249	21	17
Amo i sottaceti.	I love pickles.	a8fa7101-0cbe-5cfe-bfc3-2dec31fb6ee9	16	15
Io amo i sottaceti.	I love pickles.	a72f23f6-5f17-5c02-aa66-b31a96c18dad	19	15
Amo il cavolo!	I love cabbage!	8f22aaa7-b1e4-5f1d-b736-b2d510f6f68f	14	15
Io amo il cavolo!	I love cabbage!	c0bb191b-1169-51e1-8bf4-b9d3dab6761f	17	15
Amo l'hummus!	I love hummus!	4d2a2586-0c31-598c-aaf5-398cffdbd04d	13	14
Io amo l'hummus!	I love hummus!	8d87757e-c3fd-5084-93b4-f664dce1d2f1	16	14
Amo le cipolle!	I love onions!	3c6de1e1-2da0-5127-b0a8-e351e7e19bbb	15	14
Io amo le cipolle!	I love onions!	0e9a7402-b40b-5dfc-9218-61256e15db37	18	14
Amano il chili.	They love chili.	f1b22a5e-5f3d-556b-882a-a9768a3cc7f8	15	16
Loro amano il chili.	They love chili.	38a841d0-1015-545d-b8b0-8240e25fc430	20	16
Amiamo il chili.	We love chili.	29f744f0-79a1-58cc-8c60-f5d35eef5a3b	16	14
Noi amiamo il chili.	We love chili.	1739a3f0-0ed8-5320-aade-4ef59cb04d68	20	14
Amano leggere.	They love reading.	fe1dd3bd-c3da-5e1d-b71b-2702d364ef08	14	18
Loro amano leggere.	They love reading.	811582e1-368d-528d-9748-6c6d6941231d	19	18
Amiamo leggere.	We love reading.	d24f091e-1f70-5486-86a9-c55106df877c	15	16
Noi amiamo leggere.	We love reading.	1b6e9743-32a4-5644-8b82-8b02599b09c9	19	16
L'amore deve trionfare.	Love must triumph.	a842e483-778a-5323-aa6a-427c632631ef	23	18
L'amore è possibile.	Love is possible.	d94101b7-15cb-53d3-b8f8-f8cf620d1135	20	17
Amo il Titanic!	I love Titanic!	0e063217-8eac-5354-b298-547d461ec7fc	15	15
Amo Natasha.	I love Natasha.	acfd40dd-2469-5706-bfdf-ff89590357ad	12	15
Io amo Natasha.	I love Natasha.	d8f093ba-f0a6-5d6b-a19f-2afe11a91e2c	15	15
Amo me stesso.	I love myself.	3bf9821a-41c2-5b24-824f-c89ecf9d2c83	14	14
Io amo me stesso.	I love myself.	a2fb6e06-78bd-5ec8-82a4-e06508f9f72e	17	14
Amo me stessa.	I love myself.	c6400922-1859-5b74-a3c3-765ceb726e49	14	14
Io amo me stessa.	I love myself.	032fa6ce-cf2c-576e-8a4b-a52901dc588f	17	14
Li amiamo.	We love them.	1c94c3bc-c3f4-540a-8dfb-6721d8393fe3	10	13
Noi li amiamo.	We love them.	080e98af-d83a-5f23-9dba-3c23cb51b73b	14	13
Le amiamo.	We love them.	bdf39b0c-f509-5ba1-b840-55b29be98b39	10	13
Noi le amiamo.	We love them.	47d5fb9e-6f82-59da-98f6-bd8de1b57246	14	13
Amo il basco.	I love Basque.	18392a7f-3911-527c-ba8c-a388089ffef4	13	14
Io amo il basco.	I love Basque.	d6aa25bb-b3dd-55df-90cc-3a158a8714c9	16	14
L'amore è un'azione.	Love is an action.	d868c0a1-dad3-5a8a-82e7-50eed6d0186b	20	18
Amo le idee pratiche.	I love practical ideas.	e710cd3b-f79f-5ce2-a05e-b4a5a3a62267	21	23
Io amo le idee pratiche.	I love practical ideas.	43a1c532-0a54-5e2b-992b-a840ab4c96b2	24	23
Amo mangiare il formaggio.	I love eating cheese.	6322732c-6467-5639-a528-516e4f6522a5	26	21
Io amo mangiare il formaggio.	I love eating cheese.	bce595d1-3b30-557a-ab99-cf574b1f9831	29	21
Gli americani amano il cibo messicano.	Americans love Mexican food.	6dc1968f-4819-5793-bb5f-0f065c491857	38	28
Ti amo, Rima.	I love you, Rima.	aab10a17-aadb-5b30-80dc-0715f98f4fdc	13	17
Amo la cioccolata calda.	I love hot chocolate.	92c8be8e-5fc9-510a-ad6e-5b6b5a404232	24	21
Io amo la cioccolata calda.	I love hot chocolate.	82cfc026-0a4d-5a5e-ba90-12be5ee3eeb3	27	21
Amo il Buddha.	I love the Buddha.	5e67f428-632a-5a25-b1da-f04af8791b4a	14	18
Io amo il Buddha.	I love the Buddha.	8c0cdbbe-4927-5870-a983-ec28a320ef60	17	18
Anche io li amo.	I love them too.	671ec390-1a10-5fbc-b6cd-b9736241278a	16	16
Anche io le amo.	I love them too.	d901ee34-6550-5d62-b4d7-29b1f2e31cee	16	16
Sono tornato, amore!	I'm back, love!	d543d3aa-c78d-5836-b074-2276706df1f9	20	15
Sono tornata, amore!	I'm back, love!	d1088928-59b3-5863-8f20-23cc74f7c13c	20	15
L'amore è un ritmo.	Love is a rhythm.	a6ad4b69-3a52-59b5-876a-334547bcb898	19	17
Amiamo quello spettacolo.	We love that show.	8e9aab0a-f13a-5663-92f5-fc57e5779454	25	18
Noi amiamo quello spettacolo.	We love that show.	caa6e85d-6975-5c57-8c18-2e75cd957716	29	18
Odiavano ufficialmente l'amore.	They officially hated love.	171b8205-f310-5691-bc39-716b74e9c5b6	31	27
Loro odiavano ufficialmente l'amore.	They officially hated love.	5167e066-6253-52e2-9133-ea8bc5f0d7c8	36	27
Amo la torta al cioccolato!	I love chocolate cake!	70d4c7a8-9d63-5dae-86e3-fd357ab5f6dc	27	22
Io amo la torta al cioccolato!	I love chocolate cake!	73cf0287-6efc-55e4-84e8-2067bee04d7b	30	22
Anche io ti amo!	I love you too!	1c6f335b-77e1-5169-b325-46d1831f9cd4	16	15
Anche io vi amo!	I love you too!	2590f07e-a862-5a53-b847-60f7b8e96544	16	15
Anche io la amo!	I love you too!	0ff8766d-846c-5c31-9e3d-7dc760cf5672	16	15
Si è innamorata.	She fell in love.	ad3d776e-0c14-5f2f-83be-18b218890310	16	17
L'amore può durare per sempre?	Can love last forever?	6a3aa5de-9662-5c37-90d1-c9bc11a15b1e	30	22
L'amore è un crimine?	Is love a crime?	f03bffab-fb29-576b-a11d-0b3d2649fc55	21	16
L'amore è un reato?	Is love a crime?	60ede673-05ca-5865-8d2e-0a3757ed4f50	19	16
L'amore è come la primavera.	Love is like spring.	14a9076e-01fe-502d-9775-e464f71aefa3	28	20
Ami lo sport?	Do you love sport?	48b21253-9cd5-5b49-ae84-86b7c59e7cfa	13	18
Tu ami lo sport?	Do you love sport?	8d14f71a-fa05-5f6d-99af-91d942819fc4	16	18
Ama lo sport?	Do you love sport?	87e61586-1215-5708-946f-df0c8de949e5	13	18
Lei ama lo sport?	Do you love sport?	ea346528-a2fd-57ab-a7b6-e8278380eebf	17	18
Amate lo sport?	Do you love sport?	438338ad-e6cc-51fc-973c-01c5a5b145d5	15	18
Voi amate lo sport?	Do you love sport?	e2e5255e-17d2-5595-99ba-dfc18ec14971	19	18
Ti amo immensamente.	I love you immensely.	735163e2-2b97-5201-85a7-77bbfcca2a57	20	21
Vi amo immensamente.	I love you immensely.	ef1faab1-4c23-5c08-a8cb-7764a65a4493	20	21
La amo immensamente.	I love you immensely.	80079317-89c9-54da-ba66-c17064eca258	20	21
Amo l'estate norvegese.	I love Norwegian summer.	b3d7b1f8-4293-5406-b002-eaf7498d043a	23	24
Io amo l'estate norvegese.	I love Norwegian summer.	5e9011d0-05e2-579c-8d60-901626fdaf11	26	24
Amo il villaggio.	I love the village.	bf379353-fb55-5582-a7ea-d7c4c2973ede	17	19
Io amo il villaggio.	I love the village.	f634ee04-263f-5272-8f23-8f5d4fa4f288	20	19
Il nostro amore è speciale.	Our love is special.	f5977fc7-4bab-5215-bbef-8a4d72576fd3	27	20
Amore - cos'è?	Love - what is that?	0a842cdb-96c7-574b-9b1a-ee3aa386cddf	14	20
Amore - che cos'è?	Love - what is that?	9a726e5c-adc1-513f-870d-64af5299e185	18	20
Non lo è, amore.	It's not, love.	8f358297-a7dc-5714-90f4-dbcd850a9440	16	15
L'amore esalta.	Love elates.	be22eeb9-8350-5605-b822-c617cc634e7f	15	12
L'amore conforta.	Love comforts.	839d2441-987b-56ff-95fd-fcbf95c80c52	17	14
L'amore consola.	Love comforts.	4bd4a1fd-2396-54b7-a66b-48a2f737330a	16	14
L'amore rivitalizza.	Love revitalizes.	5e4d1fc6-b2f8-5ba5-bfa5-17f50de24ef7	20	17
L'amore rigenera.	Love replenishes.	01bf8721-883c-54a7-a735-ac088f6f5428	17	17
L'amore è sofferenza.	Love is suffering.	b6ddd798-2d3a-5dae-8bf3-1414e57f9574	21	18
L'amore sta soffrendo.	Love is suffering.	763439d1-a977-5c44-b72e-a7889794edc2	22	18
E l'amore?	What about love?	044f1c7e-8899-557d-9bc5-906746c4f33c	10	16
Amo il rafano.	I love horseradish.	d439c178-3ca5-54c2-8277-a0501eaa1217	14	19
Io amo il rafano.	I love horseradish.	60ed06dd-5689-5d52-b770-4077bc7a0b45	17	19
Amo le lingue artificiali!	I love conlangs!	5ad4e33a-3c99-5046-9778-ea67ab51a668	26	16
Io amo le lingue artificiali!	I love conlangs!	35937736-2e02-5bd1-8ec6-eb3daac2fefe	29	16
Niente sorpassa l'amore.	Nothing surpasses love.	bbab15b0-5cbc-5035-b7a4-c9234116bc7b	24	23
Nulla sorpassa l'amore.	Nothing surpasses love.	1ba80eaf-c203-5292-8846-20f432cb2dc0	23	23
Amo volare.	I love flying.	13a44fea-5bdb-5140-8956-f0f16710974f	11	14
Io amo volare.	I love flying.	2a273896-1f84-5768-a608-faf5f60541e7	14	14
Amo i wurstel.	I love wieners.	b13298fb-d527-5b88-a69d-1d07098a2974	14	15
Io amo i wurstel.	I love wieners.	73164322-6aeb-5e8d-bc30-28297d6ec877	17	15
Oh, amore mio.	Oh, my love.	0286dd0a-93cd-5ce0-84db-a15643016a10	14	12
Oh, mio amore.	Oh, my love.	a65d0696-2d40-5526-a805-7860ff7df1e3	14	12
Amo il nynorsk.	I love Nynorsk.	72f94f76-4b55-5260-9137-da899316a5ea	15	15
Io amo il nynorsk.	I love Nynorsk.	56ad8a26-9e40-5955-b34b-4f98bc121a8a	18	15
Amo andare sui pattini a rotelle.	I love rollerblading.	da4296ee-6bab-573a-8721-4dc5b2d36344	33	21
Io amo andare sui pattini a rotelle.	I love rollerblading.	4de59919-8822-5bf9-8c49-74c24f0ff885	36	21
L'amore sta gridando.	Love's screaming.	78ae1fc7-d6c5-54b5-8a27-5342c9dc64c4	21	17
L'amore sta urlando.	Love's screaming.	bee80d72-03e0-50f4-83b7-b01e43b949f3	20	17
I poliziotti amano le ciambelle.	Cops love doughnuts.	84e1b437-902d-5818-8d42-d8f2e65264dc	32	20
Amano andare in campeggio.	They love camping.	e4acc95e-3d86-54b2-bd95-0747f6127919	26	18
Loro amano andare in campeggio.	They love camping.	33493c6b-e100-5a6a-a282-3413671cdb91	31	18
Amiamo andare in campeggio.	We love camping.	b915abfe-06e5-59b1-8153-fc20bae1e5a9	27	16
Noi amiamo andare in campeggio.	We love camping.	651bf098-6d59-5129-ac97-2aba6eef42bc	31	16
Amo i gamberetti.	I love shrimps.	5f2958b8-5282-524a-837d-512ba303aa8b	17	15
Io amo i gamberetti.	I love shrimps.	a5d2b335-febd-56a1-9570-958c261e28b7	20	15
Ama i tuoi genitori.	Love your parents.	e79f50bd-0452-52df-b344-cf9924f9a8b3	20	18
Ami i suoi genitori.	Love your parents.	6efa0bb1-8abc-5ae6-9be2-5ca63e16cde3	20	18
Amate i vostri genitori.	Love your parents.	a20e3d19-9ade-5887-9302-d176a420f4d6	24	18
Amo il sabato.	I love Saturdays.	b56dbd0f-2892-5bee-891d-061c5a0f1121	14	17
Io amo il sabato.	I love Saturdays.	1ceb27ac-f23b-5f53-9fd2-3612a31bf219	17	17
Amo i frutti di mare.	I love seafood.	b9216012-a678-56be-b492-0a9de1678edb	21	15
Io amo i frutti di mare.	I love seafood.	77557c29-b42e-5960-a326-6938a72e2c3d	24	15
Amo le ciambelle.	I love doughnuts.	eab5cbb9-e247-55c0-93c4-39766100adc3	17	17
Io amo le ciambelle.	I love doughnuts.	8adf89cb-5651-587f-8d2b-c092ac5dbf3f	20	17
L'amore è tornato.	Love is back.	43ee45e8-200d-52a7-b2d9-6f70bc0c2ffc	18	13
Amo la paella.	I love paella.	c48aaa19-d145-5823-8feb-2219fe86f7a9	14	14
Io amo la paella.	I love paella.	edd68dd2-5cec-5ebb-8a93-f45e1c217077	17	14
Amo i cuccioli.	I love puppies.	2608f755-4dfb-5928-bb4a-d7cff6595c22	15	15
Io amo i cuccioli.	I love puppies.	d614f0bc-f7d0-5d17-96ab-dfb0cdd9dd75	18	15
Amo le zuppe.	I love soups.	d686ac1c-b610-56bb-8d56-f6f201ecf65c	13	13
Io amo le zuppe.	I love soups.	88dcbdf0-b5a6-5b81-9612-c45cacaa3e50	16	13
Amo le minestre.	I love soups.	53de71fb-d766-5767-823b-380c22a3807c	16	13
Io amo le minestre.	I love soups.	19920431-8f78-593b-a664-a998b5bce1b5	19	13
Amo l'erba.	I love grass.	4047867a-d8ca-58c4-b66e-ce7ef3a93dcf	11	13
Io amo l'erba.	I love grass.	bc42d752-71db-5591-982e-3bcaa8b9f37b	14	13
Amo le scimmie.	I love monkeys.	7487fe1e-e296-58ab-8689-b10f05eb2203	15	15
Io amo le scimmie.	I love monkeys.	373b72cf-e5fe-54a3-9866-678d42c9811a	18	15
L'amore è follia.	Love is insanity.	c428c459-8ec1-5a5a-b9ae-75acd47e0a1e	17	17
Gli scoiattoli amano i semi per uccelli.	Squirrels love birdseed.	8ac94a05-dda3-5f27-ae39-9275e9cdcb2e	40	24
Amo gli uccelli.	I love birds.	e642d444-9454-5b7e-9ce2-60ec9279620e	16	13
Io amo gli uccelli.	I love birds.	fa0c4ccc-7d0d-5dbb-997f-7f7ace326acf	19	13
Amo i gattini!	I love kittens!	8591ce1d-270f-5944-b7b0-149de7476bec	14	15
Io amo i gattini!	I love kittens!	993e0259-4572-5081-9b31-ee485da2b868	17	15
Amo la linguistica!	I love linguistics!	29b866d1-4fca-5eea-af1e-f6d53b65254e	19	19
Io amo la linguistica!	I love linguistics!	b0a4702d-12b9-5a87-903f-30888629fa97	22	19
Amo il turco.	I love Turkish.	1e20ff96-a345-5fcb-b468-e2c0446a0408	13	15
Io amo il turco.	I love Turkish.	aa358797-5882-5541-a694-2fcfce86fb3a	16	15
Amo il cabilo.	I love Kabyle.	5089eecf-bb7c-5bf8-8589-7b1cd75d69f8	14	14
Io amo il cabilo.	I love Kabyle.	88ce0bc6-5c30-5a91-a77f-a62895c14c32	17	14
Amo i rettili.	I love reptiles.	6740c5af-19ae-5791-89f4-4b60c32f0911	14	16
Io amo i rettili.	I love reptiles.	6ea84053-cda4-536e-98cd-b490bd7afd2a	17	16
Ho scelto te!	I have chosen you!	1551b713-9974-53b4-b929-d2ecdff77dd2	13	18
Ho scelto voi!	I have chosen you!	a22e7ea4-ae5e-580a-afa2-751dee8a8969	14	18
Ho scelto lei!	I have chosen you!	30cb3e0d-3b46-5d5c-b79a-afce1766df7e	14	18
Io e Tom non siamo andati a Boston assieme.	Tom and I didn't go to Boston together.	573ed506-7102-5724-9b74-155fbff9f894	43	39
Io e Tom non andammo a Boston assieme.	Tom and I didn't go to Boston together.	e3e41d32-60bf-5e0f-a6fb-cca44c8eecd1	38	39
Ziri voleva amore.	Ziri wanted love.	745baca4-b6b8-59a7-b6cf-bfbf58e9e72a	18	17
Amo le coccole.	I love cuddling.	a2933896-ca98-56c4-9c3a-1d5b1cfc0798	15	16
Io amo le coccole.	I love cuddling.	fb937dca-77a0-5daf-bc84-3d821afa4b85	18	16
Ziri vuole amore.	Ziri wants love.	b8547cd5-169e-51a2-9a8e-c1d00711828b	17	16
Amo i noodles.	I love noodles.	20cbdc7f-c78e-5b27-b4ea-5065000a3b02	14	15
Io amo i noodles.	I love noodles.	8a87bc1c-a2a2-5ffc-8919-dd5d7863b22f	17	15
Amo le piante.	I love plants.	89825754-ab9a-5696-b18a-8117fa1e74fa	14	14
Io amo le piante.	I love plants.	72e8893a-59fb-57b7-ba80-cc50f06563d8	17	14
Gli entomologi amano gli insetti.	Entomologists love bugs.	3ce7a48d-035b-5471-9b01-c9d241efd3a1	33	24
L'amore vince sempre.	Love always wins.	3ee0e57f-cbaa-5be9-a1af-21733d42a7ec	21	17
I finlandesi amano il tango.	Finns love tango.	8e5adf84-26aa-574a-a69c-a72b17fd88c3	28	17
Le donne amano i regali.	Women love presents.	6e317b63-5e32-5b59-9075-78e31f1913dc	24	20
Gli scoiattoli amano le ghiande.	Squirrels love acorns.	b0755acf-af18-587b-8cb3-1837fc0b7f1c	32	22
Ama i tuoi nemici.	Love your enemies.	3ebe53b1-d585-5390-ad94-febbd2ecf934	18	18
Ami i suoi nemici.	Love your enemies.	66c29dc9-1c53-5c35-bd8d-bf9df10b84bc	18	18
Amate i vostri nemici.	Love your enemies.	51f01d71-a5d9-515d-9153-14166510f566	22	18
Amo la Cina.	I love China.	efeae4e9-7d6c-52a8-afba-f6166f3167c2	12	13
Io amo la Cina.	I love China.	2d2e76b0-d722-5e6f-ac4d-2919314ad3d3	15	13
Amo l'India.	I love India.	f076f28b-e505-5ccc-987a-6fb0f48c6828	12	13
Io amo l'India.	I love India.	e820332f-de63-587e-914b-397eecd2fa6f	15	13
A me piace la Cina.	I like China.	f058c6b8-862d-5f7f-898d-eacf2161de44	19	13
Fadil desiderava amore.	Fadil craved love.	d0a254d7-5c43-515d-ab1f-1a61ada5db3c	23	18
Io amo pescare.	I love fishing.	2f8a8506-0f0d-5fdb-9f65-00085a215cf8	15	15
Amo sciare.	I love skiing.	bb9a9b38-bf6d-5e5f-bfea-b2f4e1bd51e5	11	14
Io amo sciare.	I love skiing.	ca543bd5-6840-5de4-96f8-dd041a7c60e6	14	14
L'amore ama imperfettamente.	Love loves imperfectly.	60db5394-0ad8-5470-803a-c4ee980ebc47	28	23
Amo le mandorle.	I love almonds.	48237a77-c5c0-5256-b2c2-92c3d028a164	16	15
Io amo le mandorle.	I love almonds.	6acb421f-7164-562a-8514-9f540c547064	19	15
Amo le farfalle!	I love butterflies!	bfbd5b4d-e114-57d2-837a-4981e2bba9d3	16	19
Io amo le farfalle!	I love butterflies!	4f627ad9-0084-58d5-a080-8b7137bc465a	19	19
Amo il karaoke.	I love karaoke.	2eec911a-4b26-50a7-92ef-1a7b09dce4cf	15	15
Io amo il karaoke.	I love karaoke.	737151c3-b2e5-55f9-8e98-b1cf3006682f	18	15
Amo i biscotti.	I love cookies.	72954e65-6c6c-5d49-b169-bf5b5fcc76fa	15	15
Io amo i biscotti.	I love cookies.	aca68200-7e14-5abe-94f1-572bbe197443	18	15
Ami nuotare.	You love swimming.	c4c4f6fb-31af-5c37-aaf6-17450d3543b1	12	18
Tu ami nuotare.	You love swimming.	3ad9d239-2a23-5360-b40c-8a2d2eb5d25d	15	18
Ama nuotare.	You love swimming.	683e1445-b2dc-585a-a137-b29d9bbfa7ef	12	18
Lei ama nuotare.	You love swimming.	bb5df153-4a14-5d67-85d7-c1542548959d	16	18
Amate nuotare.	You love swimming.	04a9fb98-9cb7-5de1-99ce-e94ac6a3da78	14	18
Voi amate nuotare.	You love swimming.	3fbc2a48-6302-54bc-931b-1c6a6f95481a	18	18
Amo la zuppa.	I love soup.	b722ffaa-a789-5e47-b9f2-97aca550dfcf	13	12
Io amo la zuppa.	I love soup.	aa070fff-6221-5f58-8f80-9e315100c027	16	12
Amo la minestra.	I love soup.	f999a590-a955-5172-aa8e-e5e3c1b6e85d	16	12
Io amo la minestra.	I love soup.	d1e6bba0-2091-599e-ba06-54c33602ce06	19	12
Amo i segreti.	I love secrets.	e4065e58-3fb2-5209-9fdb-0e038cd2f518	14	15
Io amo i segreti.	I love secrets.	8f631471-5ee3-5591-bba7-49eaaed0bda8	17	15
Amo la luce del sole.	I love sunlight.	8a0eea4d-80c2-5cd7-b20b-ef75b895a3d4	21	16
Io amo la luce del sole.	I love sunlight.	13519428-583a-57a6-85f1-fb12badfc9d5	24	16
Amo i wurstel vegani.	I love vegan wieners.	b9fa2eef-6a24-55bc-a15d-77e1b31b7b18	21	21
Io amo i wurstel vegani.	I love vegan wieners.	1951e688-88eb-5245-a52d-c3fd5ae71225	24	21
Ti amo sinceramente.	I love you sincerely.	caf6f694-e05f-5415-92f3-7a11f8ed5647	20	21
Vi amo sinceramente.	I love you sincerely.	6fa39466-8d07-582a-98c2-5b783b140bd9	20	21
La amo sinceramente.	I love you sincerely.	14dd7d08-dacd-5ab1-b642-55b92de4e66c	20	21
I bambini amano le storie spaventose.	Kids love scary stories.	caed8193-fa00-5d0d-892d-401d4f034a8a	37	24
Amo il jazz.	I love jazz.	9c1d5034-bb34-5e1e-a2a3-23ad0caf1a31	12	12
Io amo il jazz.	I love jazz.	c012f593-1ca6-5e59-b4a0-dc6238a7bfca	15	12
Amo gli spinaci.	I love spinach.	f8a004e1-793a-5f78-b071-953d0334779d	16	15
Io amo gli spinaci.	I love spinach.	c2c01878-5042-5403-b99d-042054beb57d	19	15
L'amore è eterno?	Is love eternal?	745392ab-2556-5e91-87cf-4c2a528b0f7d	17	16
L'amore assomiglia alla primavera.	Love resembles spring.	7a7f487e-90e4-53b1-bbea-069af1c62bfa	34	22
L'amore allevia i pesi.	Love eases burdens.	26f7f460-17b0-5e82-a952-08044adb6cdb	23	19
Baciami, amore!	Kiss me, love!	908d35f8-f353-5058-86ac-a63fec6a749c	15	14
Ziri desiderava amore.	Ziri craved love.	46f3907f-b707-598f-89a3-2136840d3f57	22	17
Amo Giove.	I love Jupiter.	88ac0db3-7e89-50e6-9793-cba3a2193773	10	15
Io amo Giove.	I love Jupiter.	fb58941b-36c9-5968-b386-555b8e93d3c6	13	15
Li ami.	You love them.	9285085b-99a7-53ba-827a-3750a97d367c	7	14
Tu li ami.	You love them.	ed037d07-2fb2-5d32-ac0f-03f6df7412bf	10	14
Lei li ama.	You love them.	38f41bb9-13c9-5f91-9150-9f55c95ac89a	11	14
Li amate.	You love them.	fb7eb3d5-4c7e-536c-b84d-47c459389fc2	9	14
Voi li amate.	You love them.	cd7a50e0-050f-588a-b044-363dc425b720	13	14
Le ami.	You love them.	187f200a-5312-50e5-8373-78d20000c352	7	14
Tu le ami.	You love them.	938a8d84-4391-5398-b6be-3d104a1fde27	10	14
Lei le ama.	You love them.	0f681977-54f4-5470-8b93-d2effa614483	11	14
Le amate.	You love them.	b1ff8b66-2f0f-54d6-87a2-9be8cf4e72c1	9	14
Voi le amate.	You love them.	f44dfeef-bb05-5975-8109-8b9794b0f14e	13	14
Mi ami.	You love me.	120c1e4a-ba0a-5d09-8ade-3b7eb3849af7	7	12
Tu mi ami.	You love me.	eb1d8e8a-7c33-546b-89f2-cbde3778e369	10	12
Mi amate.	You love me.	7309e432-a4dd-5367-8088-e3c9f1a7e75a	9	12
Voi mi amate.	You love me.	5857697e-dfc7-5cad-942d-535dc2356f8c	13	12
Li amano.	They love them.	516797bf-9de3-5b19-a676-c6543185bf88	9	15
Loro li amano.	They love them.	ec450070-6550-5443-ac25-5deb4e9f74b8	14	15
Le amano.	They love them.	4d39562c-2269-5f42-8d87-972253fa1164	9	15
Loro le amano.	They love them.	ae0b7bbe-5799-53ca-b896-86d4f7aef07a	14	15
Amo le tagliatelle.	I love tagliatelle.	74270be7-6619-5e09-903c-5b57ea01792c	19	19
Io amo le tagliatelle.	I love tagliatelle.	c3704ffb-7923-544f-995a-2a2ae8d330a3	22	19
L'amore l'ha accecato.	Love blinded him.	7e6ce660-171b-58ee-9287-bb31162558ae	22	17
L'amore lo accecò.	Love blinded him.	3fd3bb4a-6df4-56f5-858e-0ef5bf8ef2d9	18	17
Amiamo la semplicità.	We love simplicity.	05e6014f-acb1-5df0-a50e-95f42848f4e5	21	19
Noi amiamo la semplicità.	We love simplicity.	8a802db3-b80e-5148-8b55-6a0d0a6f0762	25	19
L'amore cambia tutto.	Love changes everything.	62c1a72a-a4ee-597d-887f-7b16576ee58a	21	24
Amiamo i dolci.	We love candy.	804a8a64-089e-50ab-a3e2-5e0b66386e6c	15	14
Noi amiamo i dolci.	We love candy.	c4d0c834-1b80-5e8b-9de9-55b2da63e7f3	19	14
Tom voleva amore.	Tom wanted love.	a15549b7-1661-53e6-8213-8883a6d1c593	17	16
Lo amo.	I love that.	a8d64363-503b-5764-a7a6-dae8f99a65b9	7	12
Amo questo.	I love this.	0c83e07b-c851-5030-a473-cd018f70e3e7	11	12
Io amo questo.	I love this.	ac9d8a17-9697-5d6e-9e8c-6e1ba0f119f1	14	12
Le ragazze amano Tom.	Girls love Tom.	ea5c9ab1-be5f-51bb-aaec-97ff604ccbe2	21	15
Amo le prugne.	I love plums.	aa0301a7-4383-5482-96dc-652284243e16	14	13
Io amo le prugne.	I love plums.	3c2e1b94-b625-5e50-9bb5-1ce5ce6492b0	17	13
Amo il seitan.	I love seitan.	2b27c217-02fb-5417-9d66-3067413b603c	14	14
Io amo il seitan.	I love seitan.	671381cc-e1d8-5e95-b1b5-6b258e639aad	17	14
Gli algerini amano i fichi.	Algerians love figs.	ce59f816-a669-537f-99b8-f1aebfe81153	27	20
Amo il lunedì.	I love Mondays.	3e8bfd2f-2e42-5c29-9992-87c58356c73c	14	15
Io amo il lunedì.	I love Mondays.	ea8b431f-de64-5811-8554-2358be36a788	17	15
Amo il Vietnam.	I love Vietnam.	572096b8-8029-5173-ad2f-e81ca649838b	15	15
Io amo il Vietnam.	I love Vietnam.	dc4931ce-a353-5fea-a290-46ef3f880918	18	15
Tutto per l'amore.	All for love.	c92a2c84-4168-5a67-9626-6af224af5c80	18	13
Amo i ceci.	I love chickpeas.	9efb17ec-5c8f-5ee7-a26f-aee972d83d7a	11	17
Io amo i ceci.	I love chickpeas.	efa5118a-5264-59e7-99b3-c99a6cbbcde7	14	17
La bellezza favorisce l'amore.	Beauty favors love.	707e6c24-3254-5d84-af30-80ad1966aa77	30	19
Amo i ricci.	I love hedgehogs.	7c311e98-a71f-5b95-a259-0e423f4a0fc0	12	17
Io amo i ricci.	I love hedgehogs.	ac8558dc-d151-591e-8bce-9cc87caa6126	15	17
Le ragazze la amano.	Girls love it.	c89230b0-0395-5457-9378-c9872cbbf44f	20	14
Amano cantare.	They love singing.	3a6e868b-e616-5e45-81cb-1b5470da0fb2	14	18
Loro amano cantare.	They love singing.	72dd77c6-a78a-50e3-b618-24f06a29d678	19	18
Sami desiderava amore.	Sami craved love.	0512ffe9-9c97-54fd-9774-d7d41c75890c	22	17
Mi piace l'insalata di cavolo.	I love coleslaw.	dc9e8249-4901-5426-b043-7f15d07d309c	30	16
A me piace l'insalata di cavolo.	I love coleslaw.	9c106a38-a729-5119-83d5-d4b2ba921177	32	16
Amo dibattere.	I love debating.	42f5467e-3a04-55f3-a145-fd58be371de6	14	16
Io amo dibattere.	I love debating.	0dfac219-a176-5494-9cff-548a7fa444d7	17	16
Quasiasi cosa per l'amore.	Anything for love.	335d66cd-d933-5582-8b93-a462fc93dfb1	26	18
Qualunque cosa per l'amore.	Anything for love.	1f33f8e9-e20d-5ca8-a458-f8ad63db3039	27	18
L'amore è transitorio.	Love is transient.	56cc3075-7152-5970-8da8-8250cfa0aaa8	22	18
Amo i grattacieli.	I love skyscrapers.	afd73d74-faad-5a0a-83d8-915f6fa7b0cc	18	19
Io amo i grattacieli.	I love skyscrapers.	50aab30a-bc1a-5779-8309-213e16a4a9bc	21	19
Amo gli insetti.	I love bugs.	fcb88804-3b57-546a-96a8-a78b5eab2b83	16	12
Io amo gli insetti.	I love bugs.	4ae12ff9-07e3-581e-9eff-d835716a73cd	19	12
Amo le sfide.	I love challenges.	3d486b2b-dc76-5733-992e-9ced82574312	13	18
Io amo le sfide.	I love challenges.	9f374265-392d-5c8c-b073-bcd881265955	16	18
L'amore conquista l'odio.	Love conquers hate.	dcc25385-972c-5bb0-a8bc-8b49efedeb98	25	19
Amo nuotare.	I love swimming.	b6ec56a2-8fa7-5775-b73e-128bebb08189	12	16
Io amo nuotare.	I love swimming.	fd570276-e636-5db4-9648-c8cae35a0635	15	16
Amo Harvard.	I love Harvard.	3aa6ebcc-0275-5bda-94b4-eba178cd7b64	12	15
Io amo Harvard.	I love Harvard.	62f9a532-ae19-5c78-811d-483d46ff2062	15	15
Amo esibirmi.	I love performing.	b949915a-d3c3-5bcd-8c28-06583a077735	13	18
Io amo esibirmi.	I love performing.	db7d8539-f1c1-5f24-bf27-609bdbecaa8f	16	18
Questo cuscino è molto scomodo.	This pillow is very uncomfortable.	a7e26dc6-07d0-599a-a166-d8a3e5e0c70e	31	34
Amo la tecnologia.	I love technology.	654b483e-aab2-57ac-b610-437859b982fc	18	18
Io amo la tecnologia.	I love technology.	330d8483-4e48-51b0-bd75-cf439bb58f6d	21	18
Amo il viola.	I love purple.	666e942f-24ad-598d-89da-37573ee7663c	13	14
Io amo il viola.	I love purple.	7568bdd6-4d0e-5095-b16f-2110fd307833	16	14
Amo le sorprese.	I love surprises.	4ef23d8a-3e55-52eb-aa15-e6aa2daf6cb4	16	17
Io amo le sorprese.	I love surprises.	cb900643-50de-5155-b21b-15fc76e6ae73	19	17
Io lo amo.	I love it.	0c5a1d1e-85a4-5088-87be-b0c770c2a3ab	10	10
Ti amo intensamente!	I love you intensely!	73316c69-f30c-5949-acb0-65201f04d471	20	21
Vi amo intensamente!	I love you intensely!	dd43be75-798c-5fa8-ab1a-86b750d92f4d	20	21
La amo intensamente!	I love you intensely!	58097e15-6df6-559a-884c-4998da5511a6	20	21
L'amore è la cura.	Love is the cure.	0d7274fb-27a9-5362-ac86-ec8df5447893	18	17
Amo la notizia.	I love the news.	f1e0822e-f262-5dce-bc4b-b66fd9b2a34a	15	16
Io amo la notizia.	I love the news.	b47b7273-5590-5439-9667-ae5e4814c967	18	16
Amo le notizie.	I love the news.	0935467b-d6e1-5ab0-88fb-6a6f0fc822f3	15	16
Io amo le notizie.	I love the news.	405e3874-5d58-59d8-83b1-2e3ea8cd5fed	18	16
Amo i miei capelli.	I love my hair.	0876f8d6-f2ee-534f-a7bf-37aa54cc5e41	19	15
Io amo i miei capelli.	I love my hair.	378632d0-ffa3-5482-b146-0f6350536e8d	22	15
Dai a Tom il nostro amore.	Give Tom our love.	09e733d4-e0fa-595f-a93b-9cc259de2481	26	18
Dia a Tom il nostro amore.	Give Tom our love.	ea7399f1-f094-5088-8641-edb9451ae583	26	18
Date a Tom il nostro amore.	Give Tom our love.	beb360b4-14ce-598e-a899-76216207fffe	27	18
È vero amore.	It's true love.	882ba90f-4a0c-5612-964b-03d793a100a7	13	15
Thomas era innamorato.	Thomas was in love.	c9e5cc31-6df3-5b62-bd3e-b1a1f44f283f	22	19
Anche io lo amo.	I love him, too.	c9cf5b27-b863-5c8a-801b-068546fbe85d	16	16
L'amore ha sempre ragione.	Love is always right.	d1d6feaa-fb8b-5145-bb27-18eae479b079	26	21
Gli elfi amano cantare.	Elves love to sing.	d608e1e0-981e-5d99-8c6f-c534eec3cb1f	23	19
Amo i peperoncini.	I love hot peppers.	ea5a6c0c-353b-5e27-b6f4-e55e78fb7476	18	19
Io amo i peperoncini.	I love hot peppers.	38403ef6-f7d1-5f71-ab44-12876ff91c0f	21	19
Amo quell'episodio.	I love that episode.	7dba54ea-a577-549a-a5fa-e17b36ea0f04	19	20
Io amo quell'episodio.	I love that episode.	13794b67-62e8-5c7d-a19e-abf755bbfed8	22	20
Tom amava Mary?	Did Tom love Mary?	748ebef4-bca3-5790-90d0-a931f26b9dc4	15	18
Personalmente amo Boston.	I personally love Boston.	9fea6a5d-b0d6-5461-a032-3b2a274a71f0	25	25
Amo le ali di pollo.	I love chicken wings.	3619c6e9-bbf6-5e44-8514-c2a256f72565	20	21
Io amo le ali di pollo.	I love chicken wings.	a7406970-c449-57a5-9244-de437fd0c9f1	23	21
Io amo la fantascienza.	I love sci-fi.	af6d3826-941c-5d71-9cb0-36f8d674ff34	23	14
Amo la tua coda.	I love your tail.	9ed01468-0029-561d-b4da-81163668eaf1	16	17
Amo la sua coda.	I love your tail.	9114d90d-d50a-5a02-a559-d323ffabd5be	16	17
Amo la vostra coda.	I love your tail.	590027c6-bf51-5e57-b979-044f881b359b	19	17
Amo questa scultura.	I love this sculpture.	5d059ca0-0666-5ed3-a59a-22c8ebe10ecb	20	22
Io amo questa scultura.	I love this sculpture.	7cec4ae9-62e5-56ec-9d84-22f96b9f1528	23	22
Tutti gli orsi amano il miele.	All bears love honey.	74d62142-c6fb-58b7-9504-28cc14fe142a	30	21
Madre, ti amo.	Mother, I love you.	90747d3e-4990-5b70-b1d2-17296185d10c	14	19
Amano gli anni '90.	They love the 1990s.	e2ea5e7f-c708-5fd1-8269-1d0db6d60038	19	20
Loro amano gli anni '90.	They love the 1990s.	ec7ab5a4-15cf-5eda-8ea1-0ae9a487ff24	24	20
Amo gli anni '90.	I love the 1990s.	721f3a5c-36ff-572f-8593-82cbd8a140f9	17	17
Io amo gli anni '90.	I love the 1990s.	aaf6237b-39e0-5e52-8bb0-ac8531d6ffa9	20	17
Amano l'alba.	They love the sunrise.	9fd47fdc-c67c-5c50-a6d8-bd88f774cf47	13	22
Loro amano l'alba.	They love the sunrise.	1a9517ed-3f07-580b-8c40-7541f2efd4b8	18	22
Amo l'alba.	I love the sunrise.	1b150bfc-aab1-5963-a039-e67b0131786e	11	19
Io amo l'alba.	I love the sunrise.	5c168ae3-24a6-580d-8b5f-c40872636901	14	19
Amiamo gli anni '90.	We love the 1990s.	ee65c1c6-b708-5ee8-811b-15290e1d322e	20	18
Noi amiamo gli anni '90.	We love the 1990s.	442c2bc8-22cd-5037-95c1-0de242c39e7a	24	18
Amiamo l'alba,	We love the sunrise.	6028cf98-9e9a-57df-bb75-6caca70c3b34	14	20
Dov'è il tuo amore?	Where's your love?	a77803fc-2a86-59a1-8844-921ed9eab706	19	18
Dov'è il suo amore?	Where's your love?	1458c718-0f09-5594-a875-df8b06d66b27	19	18
Dov'è il vostro amore?	Where's your love?	74455246-ffae-5c1b-82c1-7845917a9019	22	18
Amo questo film.	I love this film.	16d82b67-cab3-5eb8-952f-e275463c840d	16	17
Io amo questo film.	I love this film.	886fd523-cd9b-55bf-8fba-b959636b8e18	19	17
I nostri genitori ci amano.	Our parents love us.	d329ced5-dd30-5ee2-81da-be8bbe88c429	27	20
L'amore ha cambiato quasi tutto.	Love changed almost everything.	8929d94d-0a34-5fef-9c7f-f15ffece2c79	32	31
L'amore cambiò quasi tutto.	Love changed almost everything.	9d9b979a-9ccc-5d2c-9df3-3ac21fc66460	27	31
I miei figli amano la liquirizia.	My children love licorice.	c204ca34-ec1c-5f86-8ec9-d2102ccb398f	33	26
Le mie figlie amano la liquirizia.	My children love licorice.	92b725c3-6690-5570-afa0-60204e4b3f52	34	26
Il nostro amore è per sempre.	Our love is forever.	5b9018de-3a23-5ff1-8f1a-aba69fda7986	29	20
Amo la tua gentilezza.	I love your kindness.	71d9ee5c-cfae-56ca-9ee9-54b6dba57a28	22	21
Io amo la tua gentilezza.	I love your kindness.	fc8c65d6-3ab3-5888-bbe2-c3851e81fbdc	25	21
Amo la sua gentilezza.	I love your kindness.	e715382a-3297-51c2-b3b4-9720418aba43	22	21
Io amo la sua gentilezza.	I love your kindness.	76afdaad-4b08-55dc-9b95-6734c2bde2dc	25	21
Amo la vostra gentilezza.	I love your kindness.	c257f1fc-e0a2-58f9-a030-1c68d8a278bb	25	21
Io amo la vostra gentilezza.	I love your kindness.	3d74c96f-c83f-5dd3-a3af-b87b203b1d67	28	21
Amo le salsicce affumicate.	I love smoked sausages.	22f43b03-3cb0-5257-9c24-a3812f53445c	27	23
Io amo le salsicce affumicate.	I love smoked sausages.	3cfe4dd1-bf67-5bc9-8996-48669c25b6b6	30	23
Amo quel cantante.	I love that singer.	1d2ceab4-7217-5583-9b6e-afeb6edf13bd	18	19
Io amo quel cantante.	I love that singer.	6d5b32fe-a7c5-588d-823f-5e2e9bd73a7f	21	19
Amo quella cantante.	I love that singer.	bb5219be-6772-5ce6-8bf8-e7ca33f28885	20	19
Io amo quella cantante.	I love that singer.	1b8d6608-d2c0-51b3-90ab-7dc1874e8149	23	19
Amo gli amministratori.	I love the admins.	83f1d5f5-fc55-5fcc-ad83-f371e13e3706	23	18
Io amo gli amministratori.	I love the admins.	e1f4d4ad-df6d-52f0-9ee8-fcc02654149d	26	18
Ti amo già.	I love you already.	c2dc9b75-f438-5a83-af1b-6807fcd454be	11	19
Vi amo già.	I love you already.	197f315b-e462-5114-b470-f2c5a23568eb	11	19
La amo già.	I love you already.	4e173b63-fbb2-58e9-9569-593a59b04a30	11	19
